run_id,run_mode,split_label,split,dataset_id,system_id,corruption_family,corruption_level,seed_role,seed_count,system_run_count,prediction_rows,trace_rows,prediction_artifact_count,aggregate_hash
phase3_audit_full_v1,exploratory,audit,audit_benchmark,breast_cancer_wisconsin,single_model,feature_noise,0.0,audit,3,3,87,0,3,62408d5066939e9f90f21d16bfaf60284f9228eba758a45eec9bc9cff02e262e
phase3_audit_full_v1,exploratory,audit,audit_benchmark,breast_cancer_wisconsin,mean_ensemble,feature_noise,0.0,audit,3,3,87,0,3,ca304a01658b8146b3885a5a5388f5954e673dd5a451e35173b6d10a36ede1a4
phase3_audit_full_v1,exploratory,audit,audit_benchmark,breast_cancer_wisconsin,static_weighted_ensemble,feature_noise,0.0,audit,3,3,87,0,3,9422d25c4305a4e58d7ca2fe9f2f300f03cba18eaf100ba08c21df995fffd35e
phase3_audit_full_v1,exploratory,audit,audit_benchmark,breast_cancer_wisconsin,veto_mavs,feature_noise,0.0,audit,3,3,87,87,3,586fef66ef545762cdf84266f31bf1a132c5e506e4e84d036a32166c702d833a
phase3_audit_full_v1,exploratory,audit,audit_benchmark,breast_cancer_wisconsin,pure_mavs_gc,feature_noise,0.0,audit,3,3,87,87,3,77f62846de4ae24751cb5004aaa9b4a0668596c1fbd57efc7caf5f6798f3011e
phase3_audit_full_v1,exploratory,audit,audit_benchmark,breast_cancer_wisconsin,single_model,feature_noise,0.0,shadow,2,2,58,0,2,5ccd7f67a80dfa1d53080889a29f1b4f42e6e2d6a88474d6b9b8f25b97d6c90e
phase3_audit_full_v1,exploratory,audit,audit_benchmark,breast_cancer_wisconsin,mean_ensemble,feature_noise,0.0,shadow,2,2,58,0,2,647f6436cdb7d473214cec0c7901fa1c87f50dcf6a1d4247246b47263f2d02d1
phase3_audit_full_v1,exploratory,audit,audit_benchmark,breast_cancer_wisconsin,static_weighted_ensemble,feature_noise,0.0,shadow,2,2,58,0,2,e08169ab598bd7b72071b5733b9250954d1c44d7d75d89e349c124e49cc44621
phase3_audit_full_v1,exploratory,audit,audit_benchmark,breast_cancer_wisconsin,veto_mavs,feature_noise,0.0,shadow,2,2,58,58,2,bd541573062bf33a5ca115c2454683f81d1206256b6b904d79ca987e80518ca9
phase3_audit_full_v1,exploratory,audit,audit_benchmark,breast_cancer_wisconsin,pure_mavs_gc,feature_noise,0.0,shadow,2,2,58,58,2,ee6ff47c964835ca8d8a35e440431b4ec78bd01caa7d34a5e357ae8833cf987b
phase3_audit_full_v1,exploratory,audit,audit_benchmark,breast_cancer_wisconsin,single_model,feature_noise,0.05,audit,3,3,87,0,3,faf8eca171e11fb0073d931af3a7d3a999d0a770bc0cca8c4c52d244d3e23e40
phase3_audit_full_v1,exploratory,audit,audit_benchmark,breast_cancer_wisconsin,mean_ensemble,feature_noise,0.05,audit,3,3,87,0,3,5db3b79499bb37375697e9b18740fd706cf01645aa9653bc58ed18dd9aea1315
phase3_audit_full_v1,exploratory,audit,audit_benchmark,breast_cancer_wisconsin,static_weighted_ensemble,feature_noise,0.05,audit,3,3,87,0,3,f6c11458995574784c34b24d511379ade73efad8facf1f0537249fb298e149ce
phase3_audit_full_v1,exploratory,audit,audit_benchmark,breast_cancer_wisconsin,veto_mavs,feature_noise,0.05,audit,3,3,87,87,3,ccd42e0f33779aa283307f6565e26ea8e8b64c76f9c90827dc3a5f9af53b6de7
phase3_audit_full_v1,exploratory,audit,audit_benchmark,breast_cancer_wisconsin,pure_mavs_gc,feature_noise,0.05,audit,3,3,87,87,3,83a0a1763fc9a97eeddab99e234bd3f7ae9c2fe308433d01645c9b364fc7da8e
phase3_audit_full_v1,exploratory,audit,audit_benchmark,breast_cancer_wisconsin,single_model,feature_noise,0.05,shadow,2,2,58,0,2,dd3cebaed9444da32b7791c8f2c3f947af7fa3e343973f17ed688377f041646c
phase3_audit_full_v1,exploratory,audit,audit_benchmark,breast_cancer_wisconsin,mean_ensemble,feature_noise,0.05,shadow,2,2,58,0,2,d95d1d9183e0b01d7fb467e067e7bc9e2e6f77ad79522a5f73d611b3442d8fcd
phase3_audit_full_v1,exploratory,audit,audit_benchmark,breast_cancer_wisconsin,static_weighted_ensemble,feature_noise,0.05,shadow,2,2,58,0,2,e3770e7ec1355810530ac536f71ea73d760d9d8b03a14a6acd48025205da97a5
phase3_audit_full_v1,exploratory,audit,audit_benchmark,breast_cancer_wisconsin,veto_mavs,feature_noise,0.05,shadow,2,2,58,58,2,7bf7113340823735554ad8ba8e2a5d805cf60adcb1bf7037d772a3d418e1a03f
phase3_audit_full_v1,exploratory,audit,audit_benchmark,breast_cancer_wisconsin,pure_mavs_gc,feature_noise,0.05,shadow,2,2,58,58,2,2aa4451b97294bd051673be76160ce4fe36c68150a69f0e72c58cb51cf894e96
phase3_audit_full_v1,exploratory,audit,audit_benchmark,breast_cancer_wisconsin,single_model,feature_noise,0.1,audit,3,3,87,0,3,ebe36ca61be427bda2e744c0c74d6b33ca378202d6a9c66cc3acd94f4e99e878
phase3_audit_full_v1,exploratory,audit,audit_benchmark,breast_cancer_wisconsin,mean_ensemble,feature_noise,0.1,audit,3,3,87,0,3,c78ba6560f0291eb8ef58e9c888dad255b43981ca8c79fe2accf8a284f0374f0
phase3_audit_full_v1,exploratory,audit,audit_benchmark,breast_cancer_wisconsin,static_weighted_ensemble,feature_noise,0.1,audit,3,3,87,0,3,ba406a7922f179db36ecf432ec7f6082a4983e746f6f47ae72a1359137ab7eb6
phase3_audit_full_v1,exploratory,audit,audit_benchmark,breast_cancer_wisconsin,veto_mavs,feature_noise,0.1,audit,3,3,87,87,3,7b73fbfef3715dcd0fd83662a373b29b02597395bb6609ad27e61c83fc655389
phase3_audit_full_v1,exploratory,audit,audit_benchmark,breast_cancer_wisconsin,pure_mavs_gc,feature_noise,0.1,audit,3,3,87,87,3,ab20d8912ff7f07f0089a62e4092d5d01068c6d56dc4c4fff27de70e438c01ba
phase3_audit_full_v1,exploratory,audit,audit_benchmark,breast_cancer_wisconsin,single_model,feature_noise,0.1,shadow,2,2,58,0,2,19d920482fc2df9d921f95bfde31c0f62b1800772fa75d88309eb62c8c80ff41
phase3_audit_full_v1,exploratory,audit,audit_benchmark,breast_cancer_wisconsin,mean_ensemble,feature_noise,0.1,shadow,2,2,58,0,2,fa66ee485c88c983f06d48f40f1fc401696d23b80fd458ed71cf68ad1f8171b0
phase3_audit_full_v1,exploratory,audit,audit_benchmark,breast_cancer_wisconsin,static_weighted_ensemble,feature_noise,0.1,shadow,2,2,58,0,2,bcaf74c48fef96efe649ebf4c8d771a420c5274b732a312ec03b3527188ec93d
phase3_audit_full_v1,exploratory,audit,audit_benchmark,breast_cancer_wisconsin,veto_mavs,feature_noise,0.1,shadow,2,2,58,58,2,df8a10f09b069041fffe169d52901c029d100e7c3bec12d12a899aa7221b28e0
phase3_audit_full_v1,exploratory,audit,audit_benchmark,breast_cancer_wisconsin,pure_mavs_gc,feature_noise,0.1,shadow,2,2,58,58,2,a776dcd84f7a1169cb0600a4af0a64d6ceb1136db2e62c1fffe78a3c9b6bdf6b
phase3_audit_full_v1,exploratory,audit,audit_benchmark,breast_cancer_wisconsin,single_model,feature_noise,0.2,audit,3,3,87,0,3,39bf706fee2e2c7f28981810f227d6e6c9661ddf4d3c266cbfdb8ec009f40907
phase3_audit_full_v1,exploratory,audit,audit_benchmark,breast_cancer_wisconsin,mean_ensemble,feature_noise,0.2,audit,3,3,87,0,3,e312c3c05526f8c9623a92204bc0788a95029e2778c74edd8538049dd0822419
phase3_audit_full_v1,exploratory,audit,audit_benchmark,breast_cancer_wisconsin,static_weighted_ensemble,feature_noise,0.2,audit,3,3,87,0,3,85dbc4de48df8a22ce75bbed16ea75dff16eef8b2460bc67ee7c72c59778024f
phase3_audit_full_v1,exploratory,audit,audit_benchmark,breast_cancer_wisconsin,veto_mavs,feature_noise,0.2,audit,3,3,87,87,3,eb7f741b74d9c0737dabd65d090ec6567a0eea96184c9e076ee829dc6b71d977
phase3_audit_full_v1,exploratory,audit,audit_benchmark,breast_cancer_wisconsin,pure_mavs_gc,feature_noise,0.2,audit,3,3,87,87,3,4514fb339705e63fc91550a3fcce1cc0a6f2a8c41c0bc49df32d940e60bfb575
phase3_audit_full_v1,exploratory,audit,audit_benchmark,breast_cancer_wisconsin,single_model,feature_noise,0.2,shadow,2,2,58,0,2,8e4b4afbbd9f91cb6de6e7549e018233c65344dea68d97a1ad634a9db12e5e66
phase3_audit_full_v1,exploratory,audit,audit_benchmark,breast_cancer_wisconsin,mean_ensemble,feature_noise,0.2,shadow,2,2,58,0,2,5ce853f9ce3a70ec792eaf7aab3c32fa205eb11e23ef76ad1a23729332aed8cb
phase3_audit_full_v1,exploratory,audit,audit_benchmark,breast_cancer_wisconsin,static_weighted_ensemble,feature_noise,0.2,shadow,2,2,58,0,2,13aa675c8982055544c07271dcc95871c72a87d44f3e2e0e15076b09c6b3a148
phase3_audit_full_v1,exploratory,audit,audit_benchmark,breast_cancer_wisconsin,veto_mavs,feature_noise,0.2,shadow,2,2,58,58,2,f3f34b1624a2a8a83196b48bebf94dc41727d6b428180c654a1dbd278360843e
phase3_audit_full_v1,exploratory,audit,audit_benchmark,breast_cancer_wisconsin,pure_mavs_gc,feature_noise,0.2,shadow,2,2,58,58,2,6e8c1a6cbb2aa16891afc279af59add126856457a5e4e168b97d1f145e859247
phase3_audit_full_v1,exploratory,audit,audit_benchmark,breast_cancer_wisconsin,single_model,feature_noise,0.4,audit,3,3,87,0,3,97ebc61ca5e215980e4c1d74a74e736c690ee49cf52cf5f21df0a2e38ea00a98
phase3_audit_full_v1,exploratory,audit,audit_benchmark,breast_cancer_wisconsin,mean_ensemble,feature_noise,0.4,audit,3,3,87,0,3,dced352b5ede68942ad12c5aca4ac7a8d21d5f0c4867cee8db343cf3c8cf677a
phase3_audit_full_v1,exploratory,audit,audit_benchmark,breast_cancer_wisconsin,static_weighted_ensemble,feature_noise,0.4,audit,3,3,87,0,3,03f75fc06aa6fbed60adcf420d0f6e0e7f15adfb54c2a620e21e1440bc77ca4d
phase3_audit_full_v1,exploratory,audit,audit_benchmark,breast_cancer_wisconsin,veto_mavs,feature_noise,0.4,audit,3,3,87,87,3,73581f1e76956c8651c0df8699037aac510fdc770b4b8b6bc04e52b12b2c5cc3
phase3_audit_full_v1,exploratory,audit,audit_benchmark,breast_cancer_wisconsin,pure_mavs_gc,feature_noise,0.4,audit,3,3,87,87,3,ded1ce2b714e1b09fcb7a8cb1626e20f53773f2846a9737c6481eba866128475
phase3_audit_full_v1,exploratory,audit,audit_benchmark,breast_cancer_wisconsin,single_model,feature_noise,0.4,shadow,2,2,58,0,2,3f6c420db7863ab721459f4362ada144205ccd42eec6ff056371b66cc64a7088
phase3_audit_full_v1,exploratory,audit,audit_benchmark,breast_cancer_wisconsin,mean_ensemble,feature_noise,0.4,shadow,2,2,58,0,2,9c3efea9198e7ad4fcfffd039124ddcfc553f3fa0cea6c72a02ff6f3602ec78b
phase3_audit_full_v1,exploratory,audit,audit_benchmark,breast_cancer_wisconsin,static_weighted_ensemble,feature_noise,0.4,shadow,2,2,58,0,2,a29804c8eefc706be48f9c406cd7e0fff4103a633505c71486de588db7aec0b9
phase3_audit_full_v1,exploratory,audit,audit_benchmark,breast_cancer_wisconsin,veto_mavs,feature_noise,0.4,shadow,2,2,58,58,2,64f8c41b7bab7f6f79f9082ca902cfb71e37da6e245c9d008153c3da6d58981c
phase3_audit_full_v1,exploratory,audit,audit_benchmark,breast_cancer_wisconsin,pure_mavs_gc,feature_noise,0.4,shadow,2,2,58,58,2,a0c2117eb529100a625a99133543ffa4a9b01185ff66b22fdda612a6e63c5c09
phase3_audit_full_v1,exploratory,audit,audit_benchmark,breast_cancer_wisconsin,single_model,feature_noise,0.6,audit,3,3,87,0,3,3fe9548cdb827ffd0bb197fd04325e1e8c9b5ef096abe244fac9c9615c93fef1
phase3_audit_full_v1,exploratory,audit,audit_benchmark,breast_cancer_wisconsin,mean_ensemble,feature_noise,0.6,audit,3,3,87,0,3,a87ce1e644689e24e959da73670e40cad6a584e68638acd7daafba8fd325e0ac
phase3_audit_full_v1,exploratory,audit,audit_benchmark,breast_cancer_wisconsin,static_weighted_ensemble,feature_noise,0.6,audit,3,3,87,0,3,30ae675cdce5942b117888a8a7b6f02cd85a1cb5a8940b1833f3f5f07f9178ee
phase3_audit_full_v1,exploratory,audit,audit_benchmark,breast_cancer_wisconsin,veto_mavs,feature_noise,0.6,audit,3,3,87,87,3,3733af15e69c2b55452b7bbc709b001ba272ae327b34e2fad79d1c94b5220c57
phase3_audit_full_v1,exploratory,audit,audit_benchmark,breast_cancer_wisconsin,pure_mavs_gc,feature_noise,0.6,audit,3,3,87,87,3,66a1041e2a6e4e4dbc7f0a335c685ff9a1250baf0836f00ed317b720d7ebc491
phase3_audit_full_v1,exploratory,audit,audit_benchmark,breast_cancer_wisconsin,single_model,feature_noise,0.6,shadow,2,2,58,0,2,f5999d328cdde96b23fd4a444cc713b6bcd6b0a382fc58e8f490468e751fe413
phase3_audit_full_v1,exploratory,audit,audit_benchmark,breast_cancer_wisconsin,mean_ensemble,feature_noise,0.6,shadow,2,2,58,0,2,09afd0d075bd75c98482cf738efd1e19b86189ea9737ea44eb57cd7281dfe723
phase3_audit_full_v1,exploratory,audit,audit_benchmark,breast_cancer_wisconsin,static_weighted_ensemble,feature_noise,0.6,shadow,2,2,58,0,2,68e920539cb3a86cca7183cef1e9233a8f6a79ee2ddd76318951f422462a31ad
phase3_audit_full_v1,exploratory,audit,audit_benchmark,breast_cancer_wisconsin,veto_mavs,feature_noise,0.6,shadow,2,2,58,58,2,ca41bbc32640a3a3618bae4a51f34db2ac6068d577158c3f3de2ba55ee4cc573
phase3_audit_full_v1,exploratory,audit,audit_benchmark,breast_cancer_wisconsin,pure_mavs_gc,feature_noise,0.6,shadow,2,2,58,58,2,67007dbc43a9954a61278816b7805a189be2290c389f9d3bf2fd83e6a9bf9773
phase3_audit_full_v1,exploratory,audit,audit_benchmark,breast_cancer_wisconsin,single_model,feature_noise,0.8,audit,3,3,87,0,3,e715b556fe9f07434958fcadd9e1e4bf3c864f955f8b11deb2d346fe3559a538
phase3_audit_full_v1,exploratory,audit,audit_benchmark,breast_cancer_wisconsin,mean_ensemble,feature_noise,0.8,audit,3,3,87,0,3,42c5dc7899a1275dfbe5b7bc3a1c7d0d52de177749764ff343ca3f7da8d6e9a5
phase3_audit_full_v1,exploratory,audit,audit_benchmark,breast_cancer_wisconsin,static_weighted_ensemble,feature_noise,0.8,audit,3,3,87,0,3,d27002a74f3b319dbc7726143727c7fa18037554efb0575759b7dfe5b67478f9
phase3_audit_full_v1,exploratory,audit,audit_benchmark,breast_cancer_wisconsin,veto_mavs,feature_noise,0.8,audit,3,3,87,87,3,beb8fc980298b8acc03d80ed5c5243f0cac2f3ea8ef3bd915c18cdc278ca49c6
phase3_audit_full_v1,exploratory,audit,audit_benchmark,breast_cancer_wisconsin,pure_mavs_gc,feature_noise,0.8,audit,3,3,87,87,3,610e35c9401e8901150952bc680f7e187f716f40c56b73799630dc1acf3f7180
phase3_audit_full_v1,exploratory,audit,audit_benchmark,breast_cancer_wisconsin,single_model,feature_noise,0.8,shadow,2,2,58,0,2,1977f8cef39635fb92089834e8f15afcfe014800feb2a8e5530f64dc6f68e46c
phase3_audit_full_v1,exploratory,audit,audit_benchmark,breast_cancer_wisconsin,mean_ensemble,feature_noise,0.8,shadow,2,2,58,0,2,9a92e754f8ae7f09c3ec91c18acb73d6f39c6e22fc45375a839ed22f562680e6
phase3_audit_full_v1,exploratory,audit,audit_benchmark,breast_cancer_wisconsin,static_weighted_ensemble,feature_noise,0.8,shadow,2,2,58,0,2,0ddb3b6753369e2680848b837502bbf5d35ec46e7d537a744672f8bac1b91052
phase3_audit_full_v1,exploratory,audit,audit_benchmark,breast_cancer_wisconsin,veto_mavs,feature_noise,0.8,shadow,2,2,58,58,2,00ea571b391c25bffa53581969852181461c3f0fad5fa3c6843e652801fabb78
phase3_audit_full_v1,exploratory,audit,audit_benchmark,breast_cancer_wisconsin,pure_mavs_gc,feature_noise,0.8,shadow,2,2,58,58,2,2df2fcd5fbd40bf28cdecf779ef4cfab62a01f167fddbbd1509c58c3832c287c
phase3_audit_full_v1,exploratory,audit,audit_benchmark,breast_cancer_wisconsin,single_model,feature_noise,1.0,audit,3,3,87,0,3,d97899543b177ae6a2ac59f55370b8549d41c8c767f56770dfc89dca3ec026c8
phase3_audit_full_v1,exploratory,audit,audit_benchmark,breast_cancer_wisconsin,mean_ensemble,feature_noise,1.0,audit,3,3,87,0,3,febbf0aee7abba685bb38a1a5ffad52dddd71686b89f6acb7fd8cd96bc7d64dd
phase3_audit_full_v1,exploratory,audit,audit_benchmark,breast_cancer_wisconsin,static_weighted_ensemble,feature_noise,1.0,audit,3,3,87,0,3,c145a6acc976c576588b1942387a47cbda60fdb7716c34329fbadfa874415308
phase3_audit_full_v1,exploratory,audit,audit_benchmark,breast_cancer_wisconsin,veto_mavs,feature_noise,1.0,audit,3,3,87,87,3,1edef280129f3991e1524d073536271a75e7ef9ea53d2b45ecb2e881578e564c
phase3_audit_full_v1,exploratory,audit,audit_benchmark,breast_cancer_wisconsin,pure_mavs_gc,feature_noise,1.0,audit,3,3,87,87,3,3bdf23458021f7f615c537dd04fc4ccbf78d10976ee41abe4ca4b0bf3592a020
phase3_audit_full_v1,exploratory,audit,audit_benchmark,breast_cancer_wisconsin,single_model,feature_noise,1.0,shadow,2,2,58,0,2,84f182c41f742697d5acb075c95299d841887622bfcb936e2706ea06542b048c
phase3_audit_full_v1,exploratory,audit,audit_benchmark,breast_cancer_wisconsin,mean_ensemble,feature_noise,1.0,shadow,2,2,58,0,2,5689e35f90ce04479ce5811ad756a41eddf51807b21e2ecefdcb2a6af5b6315b
phase3_audit_full_v1,exploratory,audit,audit_benchmark,breast_cancer_wisconsin,static_weighted_ensemble,feature_noise,1.0,shadow,2,2,58,0,2,2d11116aa0878da7c801902b93d7817739a55cd5594fcacee0c45df1afb569d9
phase3_audit_full_v1,exploratory,audit,audit_benchmark,breast_cancer_wisconsin,veto_mavs,feature_noise,1.0,shadow,2,2,58,58,2,93dc3782922cdbef99e2629dd7a1a0c7862b9ed5b32417ace7c45f1fb4c9a734
phase3_audit_full_v1,exploratory,audit,audit_benchmark,breast_cancer_wisconsin,pure_mavs_gc,feature_noise,1.0,shadow,2,2,58,58,2,8de93a02d5cda76e65c4ed2d1062b513128919b38da327aca391322cea71e14c
phase3_audit_full_v1,exploratory,audit,audit_benchmark,breast_cancer_wisconsin,single_model,missing_features,0.0,audit,3,3,87,0,3,b765b122515826c7947e40f069535032acf74f78d3833bc7686054acbe81a46f
phase3_audit_full_v1,exploratory,audit,audit_benchmark,breast_cancer_wisconsin,mean_ensemble,missing_features,0.0,audit,3,3,87,0,3,b3e47f43302a3965dbe4e95074d7333df20aea5f056026c09dfe661e55289b02
phase3_audit_full_v1,exploratory,audit,audit_benchmark,breast_cancer_wisconsin,static_weighted_ensemble,missing_features,0.0,audit,3,3,87,0,3,d5acdb8ada9cc487091b660f85993a9c69b00bc6c801f627ab0f59ffb107e754
phase3_audit_full_v1,exploratory,audit,audit_benchmark,breast_cancer_wisconsin,veto_mavs,missing_features,0.0,audit,3,3,87,87,3,e984076033938393f8114204e42f61bb39e51d449487a34cc78c7dadec8d8eca
phase3_audit_full_v1,exploratory,audit,audit_benchmark,breast_cancer_wisconsin,pure_mavs_gc,missing_features,0.0,audit,3,3,87,87,3,d966eab864c31d3b81648b50588e35535d22dcfdb11a6ad93b90912cd080aa98
phase3_audit_full_v1,exploratory,audit,audit_benchmark,breast_cancer_wisconsin,single_model,missing_features,0.0,shadow,2,2,58,0,2,60bc6e01f6d8abaada1785422c97abfe2f10bb8053df60d7f46210e850ee3c71
phase3_audit_full_v1,exploratory,audit,audit_benchmark,breast_cancer_wisconsin,mean_ensemble,missing_features,0.0,shadow,2,2,58,0,2,66822d24ae1c41f7ec249e7ad81ee6aff26485798af9868f68be233898226a47
phase3_audit_full_v1,exploratory,audit,audit_benchmark,breast_cancer_wisconsin,static_weighted_ensemble,missing_features,0.0,shadow,2,2,58,0,2,9f8eb47f30f362d3708bbf8307853eea35025be6e71311b07d5647ca3b5954a2
phase3_audit_full_v1,exploratory,audit,audit_benchmark,breast_cancer_wisconsin,veto_mavs,missing_features,0.0,shadow,2,2,58,58,2,0bd93d1af1844115cec050a383c19ad780028cf4699a9317cff8bfbd4e245713
phase3_audit_full_v1,exploratory,audit,audit_benchmark,breast_cancer_wisconsin,pure_mavs_gc,missing_features,0.0,shadow,2,2,58,58,2,8e4eda6c5b72f8147ff63be2951293d355335b5eae72cad7f483e51f8fee8641
phase3_audit_full_v1,exploratory,audit,audit_benchmark,breast_cancer_wisconsin,single_model,missing_features,0.05,audit,3,3,87,0,3,0853377f9a6f27c7862b806608b227abb1d5f8b6973a17a988c4ddea3b70f529
phase3_audit_full_v1,exploratory,audit,audit_benchmark,breast_cancer_wisconsin,mean_ensemble,missing_features,0.05,audit,3,3,87,0,3,61c96c036548adc987f31afa5adb8e87e312e5f0a62f34e5f28d37c3b031ab12
phase3_audit_full_v1,exploratory,audit,audit_benchmark,breast_cancer_wisconsin,static_weighted_ensemble,missing_features,0.05,audit,3,3,87,0,3,c441e668647592db555bc60a22634450894bbee2ad2a5aecc7512673b3270ee6
phase3_audit_full_v1,exploratory,audit,audit_benchmark,breast_cancer_wisconsin,veto_mavs,missing_features,0.05,audit,3,3,87,87,3,fe32c3d39ed3a6062a09a1c7c0b9f4f71e34c4932223f84049d1bcd80cbd2f5c
phase3_audit_full_v1,exploratory,audit,audit_benchmark,breast_cancer_wisconsin,pure_mavs_gc,missing_features,0.05,audit,3,3,87,87,3,603ef0b661d30b0b682557ee4c9b345af5f75abacf8664b69572a2aaa422de18
phase3_audit_full_v1,exploratory,audit,audit_benchmark,breast_cancer_wisconsin,single_model,missing_features,0.05,shadow,2,2,58,0,2,ac4edb6bc01c0425c7d745888cffc371d8c57979bf72d35c66077b2084ca4310
phase3_audit_full_v1,exploratory,audit,audit_benchmark,breast_cancer_wisconsin,mean_ensemble,missing_features,0.05,shadow,2,2,58,0,2,bcc43aca68e5dfd1334528657a76fba834c8b59fb1701c29de88e5b473ffec7b
phase3_audit_full_v1,exploratory,audit,audit_benchmark,breast_cancer_wisconsin,static_weighted_ensemble,missing_features,0.05,shadow,2,2,58,0,2,aaa1c7647d0dcff328e3a0a7a0a6ee883b1e3135eca7b97abe744b8d7ced4048
phase3_audit_full_v1,exploratory,audit,audit_benchmark,breast_cancer_wisconsin,veto_mavs,missing_features,0.05,shadow,2,2,58,58,2,492d5b3315b1d02d58a29803ab73e49a1b8396315cd50515d72bf460c1cb5981
phase3_audit_full_v1,exploratory,audit,audit_benchmark,breast_cancer_wisconsin,pure_mavs_gc,missing_features,0.05,shadow,2,2,58,58,2,60a5a2639dc0a7c36dc3e84fade44a9cec60a1c99c2f8b69209bdb3af5f23085
phase3_audit_full_v1,exploratory,audit,audit_benchmark,breast_cancer_wisconsin,single_model,missing_features,0.1,audit,3,3,87,0,3,2ec4a92b1ca3e516ccf551374acf39e9f2fe34fb3f57190596a20a523d7ad1c9
phase3_audit_full_v1,exploratory,audit,audit_benchmark,breast_cancer_wisconsin,mean_ensemble,missing_features,0.1,audit,3,3,87,0,3,97f1de5929beed29607b8d33da98b006490ee8a1f212c1cfd7ecf8ac7fa2b290
phase3_audit_full_v1,exploratory,audit,audit_benchmark,breast_cancer_wisconsin,static_weighted_ensemble,missing_features,0.1,audit,3,3,87,0,3,9ddc23936857b2bade7f80a0ba932f9039c53438abc0041546f7827e9a849652
phase3_audit_full_v1,exploratory,audit,audit_benchmark,breast_cancer_wisconsin,veto_mavs,missing_features,0.1,audit,3,3,87,87,3,1d8683bc188ac62ac472d47d246bc5192e82eb18c76e1f61e5f012260fe1455d
phase3_audit_full_v1,exploratory,audit,audit_benchmark,breast_cancer_wisconsin,pure_mavs_gc,missing_features,0.1,audit,3,3,87,87,3,551e3b41a1a058c61dc86cf15773fac1f7fb90e8bd51999a349d3ecc50be7e5a
phase3_audit_full_v1,exploratory,audit,audit_benchmark,breast_cancer_wisconsin,single_model,missing_features,0.1,shadow,2,2,58,0,2,729d28e087a4de20b2f99aae9d58824e36bd48307d06b35b93dc58aa58dec25f
phase3_audit_full_v1,exploratory,audit,audit_benchmark,breast_cancer_wisconsin,mean_ensemble,missing_features,0.1,shadow,2,2,58,0,2,4855eaf26224324068e9b58862b18ae591edc1eb73bfae75624971711b56f656
phase3_audit_full_v1,exploratory,audit,audit_benchmark,breast_cancer_wisconsin,static_weighted_ensemble,missing_features,0.1,shadow,2,2,58,0,2,4f32342cca10d032b9d8c5303315cdd2bae1cd5658d063fc6d167dffeeabab2b
phase3_audit_full_v1,exploratory,audit,audit_benchmark,breast_cancer_wisconsin,veto_mavs,missing_features,0.1,shadow,2,2,58,58,2,447575a9515f839c73820fc82a814a3a799603b1d209730a54dad3abe8158437
phase3_audit_full_v1,exploratory,audit,audit_benchmark,breast_cancer_wisconsin,pure_mavs_gc,missing_features,0.1,shadow,2,2,58,58,2,bdef5577046fe2b1e4689462ca236350ab58c84b2239223d7eb5778e0d11631a
phase3_audit_full_v1,exploratory,audit,audit_benchmark,breast_cancer_wisconsin,single_model,missing_features,0.2,audit,3,3,87,0,3,5b44e204125b48fc05a6f67cf6f15fc60f690b57376afa65569e1e3bdbe25b50
phase3_audit_full_v1,exploratory,audit,audit_benchmark,breast_cancer_wisconsin,mean_ensemble,missing_features,0.2,audit,3,3,87,0,3,b1de0ef0b419303ce03da158aecf5d25d9390605438eafafaa265dedc73b3185
phase3_audit_full_v1,exploratory,audit,audit_benchmark,breast_cancer_wisconsin,static_weighted_ensemble,missing_features,0.2,audit,3,3,87,0,3,7e142cd571f9ab6f581a8af831b2d554c39a32016a275b149d5085af0f496506
phase3_audit_full_v1,exploratory,audit,audit_benchmark,breast_cancer_wisconsin,veto_mavs,missing_features,0.2,audit,3,3,87,87,3,d7056000cdbd98f38d67c5dd9da9ef62e7b46f90b70f1136570b7fd4ef4ecbb9
phase3_audit_full_v1,exploratory,audit,audit_benchmark,breast_cancer_wisconsin,pure_mavs_gc,missing_features,0.2,audit,3,3,87,87,3,9007a015f4beec7557c72795ebda44787ca6432907b18b71cc567679d24fa1bb
phase3_audit_full_v1,exploratory,audit,audit_benchmark,breast_cancer_wisconsin,single_model,missing_features,0.2,shadow,2,2,58,0,2,099db5c0c94db351a4a130a2f290858d5019c8605b9f4755019fefb7fa39a9e0
phase3_audit_full_v1,exploratory,audit,audit_benchmark,breast_cancer_wisconsin,mean_ensemble,missing_features,0.2,shadow,2,2,58,0,2,d5a8dc13c39af167f08ee6358b734196c74675ffcd828d523df0a186edce2be1
phase3_audit_full_v1,exploratory,audit,audit_benchmark,breast_cancer_wisconsin,static_weighted_ensemble,missing_features,0.2,shadow,2,2,58,0,2,ef09386bd37f9f8e552dda1855ebb41c894d68062a23b739f6ffe0ed153a16ec
phase3_audit_full_v1,exploratory,audit,audit_benchmark,breast_cancer_wisconsin,veto_mavs,missing_features,0.2,shadow,2,2,58,58,2,131794561cb422151cb5b3ae8abc49d8c2ba56a93ca21e7b30abb9abdf94aecf
phase3_audit_full_v1,exploratory,audit,audit_benchmark,breast_cancer_wisconsin,pure_mavs_gc,missing_features,0.2,shadow,2,2,58,58,2,048aa2590c3b9562cf227549c2a1ac3eabc9ccdd643ac079afccb8cda7ec1010
phase3_audit_full_v1,exploratory,audit,audit_benchmark,breast_cancer_wisconsin,single_model,missing_features,0.4,audit,3,3,87,0,3,f6a33d78472c52fccc0eb306e26f1f90e0c71d6d48b941f6b1f7fc262126a783
phase3_audit_full_v1,exploratory,audit,audit_benchmark,breast_cancer_wisconsin,mean_ensemble,missing_features,0.4,audit,3,3,87,0,3,364f8d0358019556ab8e4517333b41b32fe9506cb311a9e7a486dbd4c5183cf8
phase3_audit_full_v1,exploratory,audit,audit_benchmark,breast_cancer_wisconsin,static_weighted_ensemble,missing_features,0.4,audit,3,3,87,0,3,644f8b491dd08b70a778d02491efc8acb1ad1ec8375f0d9748fa6ef2654be34c
phase3_audit_full_v1,exploratory,audit,audit_benchmark,breast_cancer_wisconsin,veto_mavs,missing_features,0.4,audit,3,3,87,87,3,6351da159d6cb5646ad588c03b6f039b921d1992b0f96e0ce51a51490126425d
phase3_audit_full_v1,exploratory,audit,audit_benchmark,breast_cancer_wisconsin,pure_mavs_gc,missing_features,0.4,audit,3,3,87,87,3,d1e559ca3e2690a6bcb2af4fe65d2c095680472701e2f7797a2b3a6610074b3b
phase3_audit_full_v1,exploratory,audit,audit_benchmark,breast_cancer_wisconsin,single_model,missing_features,0.4,shadow,2,2,58,0,2,99cde27cc753d26403e088c1be5415503dde20ce795511e9e3310388410f14ab
phase3_audit_full_v1,exploratory,audit,audit_benchmark,breast_cancer_wisconsin,mean_ensemble,missing_features,0.4,shadow,2,2,58,0,2,1baca3f5f5d0849d0459765055b2d3eff45b516d92bce293b054e9c1c9f76871
phase3_audit_full_v1,exploratory,audit,audit_benchmark,breast_cancer_wisconsin,static_weighted_ensemble,missing_features,0.4,shadow,2,2,58,0,2,b627d18e4cefba0a7423c9c1a692be8ef4c3bdc4abdb09902a8191431ddb7907
phase3_audit_full_v1,exploratory,audit,audit_benchmark,breast_cancer_wisconsin,veto_mavs,missing_features,0.4,shadow,2,2,58,58,2,a2c3cc0bf98603113ba3ed5149dbf0c1394a72bd980ebea542a6510a5e23d0c4
phase3_audit_full_v1,exploratory,audit,audit_benchmark,breast_cancer_wisconsin,pure_mavs_gc,missing_features,0.4,shadow,2,2,58,58,2,b5352d5e94739a7a7e2bcb819c1ac0d207c5ad1cf13c5d3e8483cb338f1e2981
phase3_audit_full_v1,exploratory,audit,audit_benchmark,breast_cancer_wisconsin,single_model,missing_features,0.6,audit,3,3,87,0,3,c3f47425ce980df203b4d7b94f86e04b0959afd8fd0815448847c29c4268a9e9
phase3_audit_full_v1,exploratory,audit,audit_benchmark,breast_cancer_wisconsin,mean_ensemble,missing_features,0.6,audit,3,3,87,0,3,5a8986fe97d25a3283782f259a7eaabe9d55231c8ff8c9d7a408b50355b47ba2
phase3_audit_full_v1,exploratory,audit,audit_benchmark,breast_cancer_wisconsin,static_weighted_ensemble,missing_features,0.6,audit,3,3,87,0,3,27b2a02b1b292a68973f5906a53bb440dc44228a6c267171d70f6e2904e9c277
phase3_audit_full_v1,exploratory,audit,audit_benchmark,breast_cancer_wisconsin,veto_mavs,missing_features,0.6,audit,3,3,87,87,3,0b5438726b9d28f46a57aa69b189aacf6272d7ea1261adc65c603ffde2956e61
phase3_audit_full_v1,exploratory,audit,audit_benchmark,breast_cancer_wisconsin,pure_mavs_gc,missing_features,0.6,audit,3,3,87,87,3,ff2077cf2347261464151a8466807a2955c687ba72517689a35c830d639a198a
phase3_audit_full_v1,exploratory,audit,audit_benchmark,breast_cancer_wisconsin,single_model,missing_features,0.6,shadow,2,2,58,0,2,fbb5cb0f1327bb907c9b50be48a5f46a08363c300749fe381f707d8782122094
phase3_audit_full_v1,exploratory,audit,audit_benchmark,breast_cancer_wisconsin,mean_ensemble,missing_features,0.6,shadow,2,2,58,0,2,5b6c3f7ea479955d6ad17a50854f7a322a245ccc362ad6c4f3f1e773fadf5b67
phase3_audit_full_v1,exploratory,audit,audit_benchmark,breast_cancer_wisconsin,static_weighted_ensemble,missing_features,0.6,shadow,2,2,58,0,2,a69e9bd572e03730e0dc915b0bef484642dd661b489899222cee1495d0a9a6e3
phase3_audit_full_v1,exploratory,audit,audit_benchmark,breast_cancer_wisconsin,veto_mavs,missing_features,0.6,shadow,2,2,58,58,2,207f4a76d6b4d7082899c12c15376adfa35a82c5cb2b173fdf9034bc93e315b6
phase3_audit_full_v1,exploratory,audit,audit_benchmark,breast_cancer_wisconsin,pure_mavs_gc,missing_features,0.6,shadow,2,2,58,58,2,15edff5af49c54c0ee0b19caab52a0592e22e8b6c77409591918e933ac0a3a46
phase3_audit_full_v1,exploratory,audit,audit_benchmark,breast_cancer_wisconsin,single_model,missing_features,0.8,audit,3,3,87,0,3,77df78f1dfa363300aa5c58ee8933d333e588f19f1b1f44a45a633247aaf187a
phase3_audit_full_v1,exploratory,audit,audit_benchmark,breast_cancer_wisconsin,mean_ensemble,missing_features,0.8,audit,3,3,87,0,3,dbc532ebf9b6c6c14da2246934dedee6c8305e04f2c395f79710550f6de2c720
phase3_audit_full_v1,exploratory,audit,audit_benchmark,breast_cancer_wisconsin,static_weighted_ensemble,missing_features,0.8,audit,3,3,87,0,3,69d38be44a280ad79c24bf8ecb8a2d4793f37a18bc4faf09634a25d46201410e
phase3_audit_full_v1,exploratory,audit,audit_benchmark,breast_cancer_wisconsin,veto_mavs,missing_features,0.8,audit,3,3,87,87,3,69684b829fb40f6c268fac9285178e9fd6f7a4fbc157a06fe4f96cc0745ca791
phase3_audit_full_v1,exploratory,audit,audit_benchmark,breast_cancer_wisconsin,pure_mavs_gc,missing_features,0.8,audit,3,3,87,87,3,f6010857762aa9e3333653c70f2aee6f6dc6bcb47aeba256ecdf749cbd616ef1
phase3_audit_full_v1,exploratory,audit,audit_benchmark,breast_cancer_wisconsin,single_model,missing_features,0.8,shadow,2,2,58,0,2,ba90e9f7b5644101646efc806047e8e748cea3c04ad48757dfe7417531c89021
phase3_audit_full_v1,exploratory,audit,audit_benchmark,breast_cancer_wisconsin,mean_ensemble,missing_features,0.8,shadow,2,2,58,0,2,0d3ef1aee042d03b9cf281222302928fcf0d2cbc5680e1076e7bfa7801daa05e
phase3_audit_full_v1,exploratory,audit,audit_benchmark,breast_cancer_wisconsin,static_weighted_ensemble,missing_features,0.8,shadow,2,2,58,0,2,6fb91aef448397ee386b5eb7cb4cb59bd27965b738c08acec884692684fc01b3
phase3_audit_full_v1,exploratory,audit,audit_benchmark,breast_cancer_wisconsin,veto_mavs,missing_features,0.8,shadow,2,2,58,58,2,5bf5e33246a42bf4421319b926823aed2fe7dd36d4119a7077a76b3e41f127a3
phase3_audit_full_v1,exploratory,audit,audit_benchmark,breast_cancer_wisconsin,pure_mavs_gc,missing_features,0.8,shadow,2,2,58,58,2,f250bef7401062bdc6ad816684fad04a11880ccc97ded21703ae09a396556da3
phase3_audit_full_v1,exploratory,audit,audit_benchmark,breast_cancer_wisconsin,single_model,missing_features,1.0,audit,3,3,87,0,3,975bc12aaca2d820235cc8ce7647a20fff7ae5f2057b2f7cfc2c7a135fad7576
phase3_audit_full_v1,exploratory,audit,audit_benchmark,breast_cancer_wisconsin,mean_ensemble,missing_features,1.0,audit,3,3,87,0,3,bbd2af59036a31af91df7e7a995307145c3c2da15d166f1a4be02a25c93c464a
phase3_audit_full_v1,exploratory,audit,audit_benchmark,breast_cancer_wisconsin,static_weighted_ensemble,missing_features,1.0,audit,3,3,87,0,3,7d5ff67189ef396c310ed6f755fa1153f05b63eac1fb47c2fe97415e802766a5
phase3_audit_full_v1,exploratory,audit,audit_benchmark,breast_cancer_wisconsin,veto_mavs,missing_features,1.0,audit,3,3,87,87,3,d0073100bc4f486b1fe7f8b48fa74818a68c32fda6bf6f22d4b64b8e33ee1e30
phase3_audit_full_v1,exploratory,audit,audit_benchmark,breast_cancer_wisconsin,pure_mavs_gc,missing_features,1.0,audit,3,3,87,87,3,b0f4c4a86fb8a2d582dc0ab4ebc446dae936d82f54c82269bc63217b2d653d20
phase3_audit_full_v1,exploratory,audit,audit_benchmark,breast_cancer_wisconsin,single_model,missing_features,1.0,shadow,2,2,58,0,2,601172147b85be856aa96d87871938ba60c0e20b823a03bc1f3b82b723dd3ec9
phase3_audit_full_v1,exploratory,audit,audit_benchmark,breast_cancer_wisconsin,mean_ensemble,missing_features,1.0,shadow,2,2,58,0,2,33bd30e078f4b6f74dd0799cdb2a4e3a9b4c73836c22f75f76fc17ef4b06c3d3
phase3_audit_full_v1,exploratory,audit,audit_benchmark,breast_cancer_wisconsin,static_weighted_ensemble,missing_features,1.0,shadow,2,2,58,0,2,88e14a025bda582113f934b795661ae88dc67d4892d7a6f840161f7e7a798953
phase3_audit_full_v1,exploratory,audit,audit_benchmark,breast_cancer_wisconsin,veto_mavs,missing_features,1.0,shadow,2,2,58,58,2,31eaa096c74f5bca5ac94beacbbb725613d791c337306f9988813fab0a52e6df
phase3_audit_full_v1,exploratory,audit,audit_benchmark,breast_cancer_wisconsin,pure_mavs_gc,missing_features,1.0,shadow,2,2,58,58,2,b8c676ddc7d0151832e4b354245b27b87f13283dd1d6913daee7b66bde2e78f3
phase3_audit_full_v1,exploratory,audit,audit_benchmark,breast_cancer_wisconsin,single_model,random_feature_deletion,0.0,audit,3,3,87,0,3,199a41cfabab8ce01a1e6e1708aff54dd179141ab7a274bc0d367b635a8ce499
phase3_audit_full_v1,exploratory,audit,audit_benchmark,breast_cancer_wisconsin,mean_ensemble,random_feature_deletion,0.0,audit,3,3,87,0,3,b02dc6dc64fda4928313ef4bdbce2bfb4824c580f1c4f1076e0eff0364c173f5
phase3_audit_full_v1,exploratory,audit,audit_benchmark,breast_cancer_wisconsin,static_weighted_ensemble,random_feature_deletion,0.0,audit,3,3,87,0,3,b2fb08eebe202e326af5597c245ce102733c686b6dcf39514a7d25ba833a1ef9
phase3_audit_full_v1,exploratory,audit,audit_benchmark,breast_cancer_wisconsin,veto_mavs,random_feature_deletion,0.0,audit,3,3,87,87,3,f2ad321a8ba29482d0801cd7aac58ec9b3625efb82f472337fb4f2e2df8925fd
phase3_audit_full_v1,exploratory,audit,audit_benchmark,breast_cancer_wisconsin,pure_mavs_gc,random_feature_deletion,0.0,audit,3,3,87,87,3,012f1e3ad6cce2c6c41cfc2178fa32e45c4f1ed031510dc57eda14eaf1c0ad56
phase3_audit_full_v1,exploratory,audit,audit_benchmark,breast_cancer_wisconsin,single_model,random_feature_deletion,0.0,shadow,2,2,58,0,2,a7dc806dc2acb12928eb6f244219c14fca35eb3f896e5b822147324ec7f2e42e
phase3_audit_full_v1,exploratory,audit,audit_benchmark,breast_cancer_wisconsin,mean_ensemble,random_feature_deletion,0.0,shadow,2,2,58,0,2,b8c0cad7157eb897d3b75c6593df0ece3c74c26f761201b76e39632aa3955262
phase3_audit_full_v1,exploratory,audit,audit_benchmark,breast_cancer_wisconsin,static_weighted_ensemble,random_feature_deletion,0.0,shadow,2,2,58,0,2,d72301ad273d83fe773752f4605abca0e87d0f6c11fa111a122cbb4c802e65ed
phase3_audit_full_v1,exploratory,audit,audit_benchmark,breast_cancer_wisconsin,veto_mavs,random_feature_deletion,0.0,shadow,2,2,58,58,2,561e718030e174be8ad4392400e5f4f80f89bf0276e08d96cf53a4c95b88e3c1
phase3_audit_full_v1,exploratory,audit,audit_benchmark,breast_cancer_wisconsin,pure_mavs_gc,random_feature_deletion,0.0,shadow,2,2,58,58,2,3848f21d1707bbef8bc083260f47dcd551b07b473773d0c7cbc7018b122842c1
phase3_audit_full_v1,exploratory,audit,audit_benchmark,breast_cancer_wisconsin,single_model,random_feature_deletion,0.05,audit,3,3,87,0,3,956dd4631db29b0a1eb20ac0fb5eb9878d4d89d00187999405019f9b0145366d
phase3_audit_full_v1,exploratory,audit,audit_benchmark,breast_cancer_wisconsin,mean_ensemble,random_feature_deletion,0.05,audit,3,3,87,0,3,8c53ff086c838a14b83451f12be4e5f24ee3c617ebb00d9639e9925c3e3443c6
phase3_audit_full_v1,exploratory,audit,audit_benchmark,breast_cancer_wisconsin,static_weighted_ensemble,random_feature_deletion,0.05,audit,3,3,87,0,3,4799efe89c3bbc2cf9cf190e67c32ce91e6842d4ad3379f50d2db969513aafa4
phase3_audit_full_v1,exploratory,audit,audit_benchmark,breast_cancer_wisconsin,veto_mavs,random_feature_deletion,0.05,audit,3,3,87,87,3,d9adb87dfc1ccff56f0818d86b4a78616067e966e02139752b2df8285b15559e
phase3_audit_full_v1,exploratory,audit,audit_benchmark,breast_cancer_wisconsin,pure_mavs_gc,random_feature_deletion,0.05,audit,3,3,87,87,3,1bfe1bcc5af715ff8b23a0713b2fae701771b53cfa1def1b8640cb0437d7d0e2
phase3_audit_full_v1,exploratory,audit,audit_benchmark,breast_cancer_wisconsin,single_model,random_feature_deletion,0.05,shadow,2,2,58,0,2,7e1d233c496e921aa849dbe5452e4a9e0e0db8005976c80a4c88f83c830c04d7
phase3_audit_full_v1,exploratory,audit,audit_benchmark,breast_cancer_wisconsin,mean_ensemble,random_feature_deletion,0.05,shadow,2,2,58,0,2,050daa09d74e55ac2a8a11d666b30449db55b2619d306fcf3c68bcb75bdd7960
phase3_audit_full_v1,exploratory,audit,audit_benchmark,breast_cancer_wisconsin,static_weighted_ensemble,random_feature_deletion,0.05,shadow,2,2,58,0,2,eb4f6c6c33e9cc3e1d2bc6629456a73d47183db1818820920f4bcf597f1d9b19
phase3_audit_full_v1,exploratory,audit,audit_benchmark,breast_cancer_wisconsin,veto_mavs,random_feature_deletion,0.05,shadow,2,2,58,58,2,9d63014d57db73149260f5eff22f3d87cf38b377a557c9003b722f6ef64c5b0e
phase3_audit_full_v1,exploratory,audit,audit_benchmark,breast_cancer_wisconsin,pure_mavs_gc,random_feature_deletion,0.05,shadow,2,2,58,58,2,86c91791aa18ad856a4bf135fd58b00ecfffb482ca6df3e344e1991de3dc4c29
phase3_audit_full_v1,exploratory,audit,audit_benchmark,breast_cancer_wisconsin,single_model,random_feature_deletion,0.1,audit,3,3,87,0,3,a289ebd940cbc50019bc979c41ef576f2d06ceea32e66f305333518360d37e42
phase3_audit_full_v1,exploratory,audit,audit_benchmark,breast_cancer_wisconsin,mean_ensemble,random_feature_deletion,0.1,audit,3,3,87,0,3,60ac19d1617f788f47bee26e3d9e6d958b5b7b45c994f66e890e0db76d918f36
phase3_audit_full_v1,exploratory,audit,audit_benchmark,breast_cancer_wisconsin,static_weighted_ensemble,random_feature_deletion,0.1,audit,3,3,87,0,3,0cea2f00c89d67646fe4474d20d1228b2f6047ec840d2b5d9da3a06bf6c090ed
phase3_audit_full_v1,exploratory,audit,audit_benchmark,breast_cancer_wisconsin,veto_mavs,random_feature_deletion,0.1,audit,3,3,87,87,3,5f48f9249bf91ee95a0ff7ae1ca5200846b0712a8944c2a178a492c3c9a398c5
phase3_audit_full_v1,exploratory,audit,audit_benchmark,breast_cancer_wisconsin,pure_mavs_gc,random_feature_deletion,0.1,audit,3,3,87,87,3,29d72a3f7d2bae1acddae114f9b87b68d2afa70e0153b7df7ddc11a1e47207c5
phase3_audit_full_v1,exploratory,audit,audit_benchmark,breast_cancer_wisconsin,single_model,random_feature_deletion,0.1,shadow,2,2,58,0,2,1b05440147ba4c9686ce441c58e2ec3785be32ed1c032acf2052811c4f1ef8c6
phase3_audit_full_v1,exploratory,audit,audit_benchmark,breast_cancer_wisconsin,mean_ensemble,random_feature_deletion,0.1,shadow,2,2,58,0,2,2983c1b3360faad9ac60e6ae022b08d029ec1d58ca83dd9672a15d559fd7f153
phase3_audit_full_v1,exploratory,audit,audit_benchmark,breast_cancer_wisconsin,static_weighted_ensemble,random_feature_deletion,0.1,shadow,2,2,58,0,2,11026d16f249e1b47f679e6b3abce4d5d64d5e1038997b35b00d542f8e4b7482
phase3_audit_full_v1,exploratory,audit,audit_benchmark,breast_cancer_wisconsin,veto_mavs,random_feature_deletion,0.1,shadow,2,2,58,58,2,98dd303f4c67a903054a7c8b655972f36f24d2ce3c41377cb4f2c3999404a262
phase3_audit_full_v1,exploratory,audit,audit_benchmark,breast_cancer_wisconsin,pure_mavs_gc,random_feature_deletion,0.1,shadow,2,2,58,58,2,1d740db77b3736ed958568d11356ffa3f75deaf4ee96542053e1b32a6d497ab8
phase3_audit_full_v1,exploratory,audit,audit_benchmark,breast_cancer_wisconsin,single_model,random_feature_deletion,0.2,audit,3,3,87,0,3,22025e0e6e4bd029c78f09cc7989054f4071b7259b607398f61d28047e1cdb29
phase3_audit_full_v1,exploratory,audit,audit_benchmark,breast_cancer_wisconsin,mean_ensemble,random_feature_deletion,0.2,audit,3,3,87,0,3,bd291b338a3201f19b2924247a656a15df35abaa220602b42a385521d5f1fd10
phase3_audit_full_v1,exploratory,audit,audit_benchmark,breast_cancer_wisconsin,static_weighted_ensemble,random_feature_deletion,0.2,audit,3,3,87,0,3,a84f017955899902aab0fcde921f0041bd0b31cb52249f65be4b043c82bdfbba
phase3_audit_full_v1,exploratory,audit,audit_benchmark,breast_cancer_wisconsin,veto_mavs,random_feature_deletion,0.2,audit,3,3,87,87,3,dfeb7a17c46e00c4072c0290e06b948d62bf270191df08370e0e6c111e9bccbb
phase3_audit_full_v1,exploratory,audit,audit_benchmark,breast_cancer_wisconsin,pure_mavs_gc,random_feature_deletion,0.2,audit,3,3,87,87,3,0ec4fdc06c479797d4fc02275827f08729afb79c7fa94f028ed407b8ab834410
phase3_audit_full_v1,exploratory,audit,audit_benchmark,breast_cancer_wisconsin,single_model,random_feature_deletion,0.2,shadow,2,2,58,0,2,6964f05e4b43c2d450f269491862ded318ea3a6f5fea882479cc0e99be9d8c17
phase3_audit_full_v1,exploratory,audit,audit_benchmark,breast_cancer_wisconsin,mean_ensemble,random_feature_deletion,0.2,shadow,2,2,58,0,2,6219609c9400b32cadd78d3fda5ab59a8bd203d302699a683664ec62dbd8c9b0
phase3_audit_full_v1,exploratory,audit,audit_benchmark,breast_cancer_wisconsin,static_weighted_ensemble,random_feature_deletion,0.2,shadow,2,2,58,0,2,93ec2037c42bae4b022ecf237ed6c5e3716df0ed9240df0db168b178da8aef27
phase3_audit_full_v1,exploratory,audit,audit_benchmark,breast_cancer_wisconsin,veto_mavs,random_feature_deletion,0.2,shadow,2,2,58,58,2,e6ccef633b4e6836db097860044a1c0ccb21702adc8fc3dcfcb4eca5e1d4edf6
phase3_audit_full_v1,exploratory,audit,audit_benchmark,breast_cancer_wisconsin,pure_mavs_gc,random_feature_deletion,0.2,shadow,2,2,58,58,2,b20ce21544a7c08cefa89c0de94257346661cc2267e398f12b0f830f4085b7ad
phase3_audit_full_v1,exploratory,audit,audit_benchmark,breast_cancer_wisconsin,single_model,random_feature_deletion,0.4,audit,3,3,87,0,3,60864d9b9fffc3cd7c6e575a82380e4a0f5bd01d9257456028d95afcd01f93f2
phase3_audit_full_v1,exploratory,audit,audit_benchmark,breast_cancer_wisconsin,mean_ensemble,random_feature_deletion,0.4,audit,3,3,87,0,3,9004955d4ab5f0c00b0f44fe3a9736deb19d42164957484c92177c4dde9b8f26
phase3_audit_full_v1,exploratory,audit,audit_benchmark,breast_cancer_wisconsin,static_weighted_ensemble,random_feature_deletion,0.4,audit,3,3,87,0,3,27fa5e6b998e80b44e9b0465ab26b14fea9e725ee16070a3d633d2bcce6cc305
phase3_audit_full_v1,exploratory,audit,audit_benchmark,breast_cancer_wisconsin,veto_mavs,random_feature_deletion,0.4,audit,3,3,87,87,3,ae7aa9fffdb2485ee70d73a6782b236bcfc6907162aa47a2492daff29e826ff2
phase3_audit_full_v1,exploratory,audit,audit_benchmark,breast_cancer_wisconsin,pure_mavs_gc,random_feature_deletion,0.4,audit,3,3,87,87,3,a9f9282b071cea09a8c506533f8ac327e95917e074ee57088b7e72060558f6e1
phase3_audit_full_v1,exploratory,audit,audit_benchmark,breast_cancer_wisconsin,single_model,random_feature_deletion,0.4,shadow,2,2,58,0,2,688f619024501709e90e956db478c89d5275391d7316d45d054cc98b91b351b7
phase3_audit_full_v1,exploratory,audit,audit_benchmark,breast_cancer_wisconsin,mean_ensemble,random_feature_deletion,0.4,shadow,2,2,58,0,2,979cc0f308e0c106396188a656e609eb3f9186d34004914be8b3ce21750f012a
phase3_audit_full_v1,exploratory,audit,audit_benchmark,breast_cancer_wisconsin,static_weighted_ensemble,random_feature_deletion,0.4,shadow,2,2,58,0,2,fe2f2b6ac3e9e7164c9a14bb605e1c6c287b23b4c3c3c864a1022833aba521b9
phase3_audit_full_v1,exploratory,audit,audit_benchmark,breast_cancer_wisconsin,veto_mavs,random_feature_deletion,0.4,shadow,2,2,58,58,2,2874d2f6356f5aa2b34b3da7a414a7353acea96ae3142c54445c61ae114b57a3
phase3_audit_full_v1,exploratory,audit,audit_benchmark,breast_cancer_wisconsin,pure_mavs_gc,random_feature_deletion,0.4,shadow,2,2,58,58,2,4c1ed67f7d50ca968d6bfc8acb40a4dd1fd9115d040c1664ec67f069d93061e1
phase3_audit_full_v1,exploratory,audit,audit_benchmark,breast_cancer_wisconsin,single_model,random_feature_deletion,0.6,audit,3,3,87,0,3,0d0965627eaf2775dab678af9a4cfafcd4920f92fb402b7963c939e8976c6cb8
phase3_audit_full_v1,exploratory,audit,audit_benchmark,breast_cancer_wisconsin,mean_ensemble,random_feature_deletion,0.6,audit,3,3,87,0,3,134cbb4f764aad571b520742888b556f054365e2b12b0e23fe3a427e69348404
phase3_audit_full_v1,exploratory,audit,audit_benchmark,breast_cancer_wisconsin,static_weighted_ensemble,random_feature_deletion,0.6,audit,3,3,87,0,3,27686760c3839d1b1547dbf2c9afec047350f3d474d9292566cd6d712aae291d
phase3_audit_full_v1,exploratory,audit,audit_benchmark,breast_cancer_wisconsin,veto_mavs,random_feature_deletion,0.6,audit,3,3,87,87,3,217fa22abfe69df651d14799a011be0c93420d1ff5e5c8a9773f668f0ed91d00
phase3_audit_full_v1,exploratory,audit,audit_benchmark,breast_cancer_wisconsin,pure_mavs_gc,random_feature_deletion,0.6,audit,3,3,87,87,3,995a1c8f84fa57a9078a5e1b7ca7466dfe039a33d38c57b7dd0cfd217059ba7c
phase3_audit_full_v1,exploratory,audit,audit_benchmark,breast_cancer_wisconsin,single_model,random_feature_deletion,0.6,shadow,2,2,58,0,2,17263ef67d12b9ffd83bd61702ae0861afbccb56795bd85f885a490bf92b717d
phase3_audit_full_v1,exploratory,audit,audit_benchmark,breast_cancer_wisconsin,mean_ensemble,random_feature_deletion,0.6,shadow,2,2,58,0,2,c5ea3256303d7c78b508e18c9c387e4701bc4f44deca33d88b6780392f8a9d00
phase3_audit_full_v1,exploratory,audit,audit_benchmark,breast_cancer_wisconsin,static_weighted_ensemble,random_feature_deletion,0.6,shadow,2,2,58,0,2,d1c3e53a1b20c97d4604052eb3a48a71c6ef7fa3df04fb23d4ee0bbe9293855d
phase3_audit_full_v1,exploratory,audit,audit_benchmark,breast_cancer_wisconsin,veto_mavs,random_feature_deletion,0.6,shadow,2,2,58,58,2,cc453f125364d739ee602abcea7109c4a058353ab5e37ced8442dc9b39b1a3a9
phase3_audit_full_v1,exploratory,audit,audit_benchmark,breast_cancer_wisconsin,pure_mavs_gc,random_feature_deletion,0.6,shadow,2,2,58,58,2,cf21bc77ce11c5fbb49736e55efb6a9eff117d1ac8004116fa5c335179a4f479
phase3_audit_full_v1,exploratory,audit,audit_benchmark,breast_cancer_wisconsin,single_model,random_feature_deletion,0.8,audit,3,3,87,0,3,9d56582a37a670f9177ab283eb005f138cc590e54515953c41db66ef6ca30f98
phase3_audit_full_v1,exploratory,audit,audit_benchmark,breast_cancer_wisconsin,mean_ensemble,random_feature_deletion,0.8,audit,3,3,87,0,3,a34626eace017da9403cdf66d0f817b5215a7f3615a5cc4c2117b15310366054
phase3_audit_full_v1,exploratory,audit,audit_benchmark,breast_cancer_wisconsin,static_weighted_ensemble,random_feature_deletion,0.8,audit,3,3,87,0,3,1e8d25a9272113b57b1700e8f0d8044ea70416f306cd9757a1f69c19daf11d18
phase3_audit_full_v1,exploratory,audit,audit_benchmark,breast_cancer_wisconsin,veto_mavs,random_feature_deletion,0.8,audit,3,3,87,87,3,04b0d5022351916bfb7debfffcf2c687b1c9b88adf57562dafbde3f5884cc42f
phase3_audit_full_v1,exploratory,audit,audit_benchmark,breast_cancer_wisconsin,pure_mavs_gc,random_feature_deletion,0.8,audit,3,3,87,87,3,936f6e506d2c34943409262566fc87612aeb505ddba948a148aa3f16b74dad09
phase3_audit_full_v1,exploratory,audit,audit_benchmark,breast_cancer_wisconsin,single_model,random_feature_deletion,0.8,shadow,2,2,58,0,2,f571dd6c307b0c62f2cb9f590f8632dbd2a52961ecd15927f4bea54216c312fb
phase3_audit_full_v1,exploratory,audit,audit_benchmark,breast_cancer_wisconsin,mean_ensemble,random_feature_deletion,0.8,shadow,2,2,58,0,2,cde0cc98259a2fc92152ea4af2cdde557b51a0f7f6116ae6a421a67e8c6bb5b7
phase3_audit_full_v1,exploratory,audit,audit_benchmark,breast_cancer_wisconsin,static_weighted_ensemble,random_feature_deletion,0.8,shadow,2,2,58,0,2,2643f94d19ac5c7708b8b80c84749cbcd3ef8ee902524a429e7a5fc32f802aa2
phase3_audit_full_v1,exploratory,audit,audit_benchmark,breast_cancer_wisconsin,veto_mavs,random_feature_deletion,0.8,shadow,2,2,58,58,2,3b26230d1dc8b42e0e1805f6c29b0caa687af0e04d49be76d82d2ca1511f3ddb
phase3_audit_full_v1,exploratory,audit,audit_benchmark,breast_cancer_wisconsin,pure_mavs_gc,random_feature_deletion,0.8,shadow,2,2,58,58,2,e24e540256eee18b56645c07f78cb58a265ba1d7f79e72d23a81ed059aa63eeb
phase3_audit_full_v1,exploratory,audit,audit_benchmark,breast_cancer_wisconsin,single_model,random_feature_deletion,1.0,audit,3,3,87,0,3,4ad270c5d7cc8dffcf7000e8d6d010794c74a9f2c19bb02c2eeaa8b72705b23a
phase3_audit_full_v1,exploratory,audit,audit_benchmark,breast_cancer_wisconsin,mean_ensemble,random_feature_deletion,1.0,audit,3,3,87,0,3,3738ac90bd3cad61498cd7bfc2821751e241d4e1e62bb3543491a918543d9796
phase3_audit_full_v1,exploratory,audit,audit_benchmark,breast_cancer_wisconsin,static_weighted_ensemble,random_feature_deletion,1.0,audit,3,3,87,0,3,566e11983736435636ecb3170472c4054ec5952137bf9db0fb20c2af7e984b18
phase3_audit_full_v1,exploratory,audit,audit_benchmark,breast_cancer_wisconsin,veto_mavs,random_feature_deletion,1.0,audit,3,3,87,87,3,7d35968a4d682057c1493fc18e51f3f76ab48cd50843bebcde4b353f9ee76585
phase3_audit_full_v1,exploratory,audit,audit_benchmark,breast_cancer_wisconsin,pure_mavs_gc,random_feature_deletion,1.0,audit,3,3,87,87,3,194b658f37f609250bbc3f6ee72d8ad9e68831566da5475b357f8ccc244d00df
phase3_audit_full_v1,exploratory,audit,audit_benchmark,breast_cancer_wisconsin,single_model,random_feature_deletion,1.0,shadow,2,2,58,0,2,b419fbd310ca65f10544e46f6a92699cbac355d2b763e1a31da1d4ee11d715ef
phase3_audit_full_v1,exploratory,audit,audit_benchmark,breast_cancer_wisconsin,mean_ensemble,random_feature_deletion,1.0,shadow,2,2,58,0,2,dffc977fe054b9aae45c1f34dd7a088def87f721b59c195a6ceea21f78e13719
phase3_audit_full_v1,exploratory,audit,audit_benchmark,breast_cancer_wisconsin,static_weighted_ensemble,random_feature_deletion,1.0,shadow,2,2,58,0,2,a07f51f28ada29ebb9b29bcb501d4b5f55e01f98c562ff9bb5ca2d9861009134
phase3_audit_full_v1,exploratory,audit,audit_benchmark,breast_cancer_wisconsin,veto_mavs,random_feature_deletion,1.0,shadow,2,2,58,58,2,29ee620fa1af02f407cbbd9af409a6ad1736c69d3a1841637537c40056b99256
phase3_audit_full_v1,exploratory,audit,audit_benchmark,breast_cancer_wisconsin,pure_mavs_gc,random_feature_deletion,1.0,shadow,2,2,58,58,2,a1d9cfd3032a59886b92458905c4f016355692cd75abbd0cce30dd74bb16fc63
phase3_audit_full_v1,exploratory,audit,audit_benchmark,breast_cancer_wisconsin,single_model,label_noise,0.0,audit,3,3,87,0,3,c28a9c52bda97520e7a7cd25da9112b99975274ce1d02efe9b3e9b2ece3907c4
phase3_audit_full_v1,exploratory,audit,audit_benchmark,breast_cancer_wisconsin,mean_ensemble,label_noise,0.0,audit,3,3,87,0,3,3bd4a572e8eb00676b13272b1d9b13de1bd5b2aa732b958a970b6250dfa8a9eb
phase3_audit_full_v1,exploratory,audit,audit_benchmark,breast_cancer_wisconsin,static_weighted_ensemble,label_noise,0.0,audit,3,3,87,0,3,c554b7a98bbd0ee279023fd057ac0c504534e431eb66aac14a91fd0555db7eeb
phase3_audit_full_v1,exploratory,audit,audit_benchmark,breast_cancer_wisconsin,veto_mavs,label_noise,0.0,audit,3,3,87,87,3,27bbbdfccc3c9a48a5e07c40f284692023017365ec63f5d3a855e1523cc74216
phase3_audit_full_v1,exploratory,audit,audit_benchmark,breast_cancer_wisconsin,pure_mavs_gc,label_noise,0.0,audit,3,3,87,87,3,ea8ec7d996846b9238c3a8ac1c09baa16e3fb583ef17a7fb9c12145c05444599
phase3_audit_full_v1,exploratory,audit,audit_benchmark,breast_cancer_wisconsin,single_model,label_noise,0.0,shadow,2,2,58,0,2,e214c64629f78e6c3b8de84fab5d99e42a76c69197296a200c83c8dafe86a99d
phase3_audit_full_v1,exploratory,audit,audit_benchmark,breast_cancer_wisconsin,mean_ensemble,label_noise,0.0,shadow,2,2,58,0,2,116dc3b09ab538d5e64ee344a27d9b9bdd11478e42f9a5bac3c1cf8972dc1c04
phase3_audit_full_v1,exploratory,audit,audit_benchmark,breast_cancer_wisconsin,static_weighted_ensemble,label_noise,0.0,shadow,2,2,58,0,2,e1f112aa7050c8546f7fcf2aee33fb792fa1a4f45622555e4e91313ee90c0083
phase3_audit_full_v1,exploratory,audit,audit_benchmark,breast_cancer_wisconsin,veto_mavs,label_noise,0.0,shadow,2,2,58,58,2,e31344ebf7e1b3d30dfe3897cb72447652f647d8cdf8260585cd7952e03f39db
phase3_audit_full_v1,exploratory,audit,audit_benchmark,breast_cancer_wisconsin,pure_mavs_gc,label_noise,0.0,shadow,2,2,58,58,2,81d3acb8bd488896014ba4b24a889cc933be76534bd1e53c902f8add7dae63ea
phase3_audit_full_v1,exploratory,audit,audit_benchmark,breast_cancer_wisconsin,single_model,label_noise,0.05,audit,3,3,87,0,3,e9f47e51d238ccf26ee0c76da407a976ec7ebcb583fbf019f4c11335116f8918
phase3_audit_full_v1,exploratory,audit,audit_benchmark,breast_cancer_wisconsin,mean_ensemble,label_noise,0.05,audit,3,3,87,0,3,c58e2e4b56103dd3983695ac88bac665da2c6318d2662d6b332e4f836ab32bea
phase3_audit_full_v1,exploratory,audit,audit_benchmark,breast_cancer_wisconsin,static_weighted_ensemble,label_noise,0.05,audit,3,3,87,0,3,14f7f76cb98cc16af87e563a2b26ae70387c1b16b8f501f55c001e1e11f1f291
phase3_audit_full_v1,exploratory,audit,audit_benchmark,breast_cancer_wisconsin,veto_mavs,label_noise,0.05,audit,3,3,87,87,3,544d6b8e3d2159c733b4ee7dfce67638312219977969f97b7a5aa173b593260d
phase3_audit_full_v1,exploratory,audit,audit_benchmark,breast_cancer_wisconsin,pure_mavs_gc,label_noise,0.05,audit,3,3,87,87,3,27c2a1c31e82416fdaa853c6ad0d007d8eaccb72cbacb896bc7643a2e010c0a6
phase3_audit_full_v1,exploratory,audit,audit_benchmark,breast_cancer_wisconsin,single_model,label_noise,0.05,shadow,2,2,58,0,2,c5389ace5ca2933cfd5d107991d566b3ceb6f6248f37355b097ad96ef3f3f60b
phase3_audit_full_v1,exploratory,audit,audit_benchmark,breast_cancer_wisconsin,mean_ensemble,label_noise,0.05,shadow,2,2,58,0,2,a63a46838b9eff82a84867bb69b4e83d580407a5314d7ecb9135361908e10d5d
phase3_audit_full_v1,exploratory,audit,audit_benchmark,breast_cancer_wisconsin,static_weighted_ensemble,label_noise,0.05,shadow,2,2,58,0,2,449ee26ded4b47a80cbbbc4107aac58026f169aa23eeec63399f8a5b81fa054f
phase3_audit_full_v1,exploratory,audit,audit_benchmark,breast_cancer_wisconsin,veto_mavs,label_noise,0.05,shadow,2,2,58,58,2,33d470cf800323f13bdebbfa7532ef035a44f9bd33e94a8b1557c1338abc95c2
phase3_audit_full_v1,exploratory,audit,audit_benchmark,breast_cancer_wisconsin,pure_mavs_gc,label_noise,0.05,shadow,2,2,58,58,2,080741ef83b52f5f1ea61eb6d05384f2648cff2f5c2cfc3b1a30afe4d973cd03
phase3_audit_full_v1,exploratory,audit,audit_benchmark,breast_cancer_wisconsin,single_model,label_noise,0.1,audit,3,3,87,0,3,3fd238f8344ac00b7486b6f50937dec6ff481594996dc7c993de5930dda9bbb7
phase3_audit_full_v1,exploratory,audit,audit_benchmark,breast_cancer_wisconsin,mean_ensemble,label_noise,0.1,audit,3,3,87,0,3,51e81a49e48980d593a3be49704d9246228b4675239f0aa0fbcceba1bdb3299c
phase3_audit_full_v1,exploratory,audit,audit_benchmark,breast_cancer_wisconsin,static_weighted_ensemble,label_noise,0.1,audit,3,3,87,0,3,824d897b0d6b98d562db01120313839a0c35d3dd8c1537940d36fe8ae791061f
phase3_audit_full_v1,exploratory,audit,audit_benchmark,breast_cancer_wisconsin,veto_mavs,label_noise,0.1,audit,3,3,87,87,3,22c652b6c2fcb8aa3f645d8c9884337e193e47086a9c64c1d98817c01ca71e2a
phase3_audit_full_v1,exploratory,audit,audit_benchmark,breast_cancer_wisconsin,pure_mavs_gc,label_noise,0.1,audit,3,3,87,87,3,c3d82ebe305823aa9c454c5652f1f92693b97aedd17805b536f9e24c2cd55e1a
phase3_audit_full_v1,exploratory,audit,audit_benchmark,breast_cancer_wisconsin,single_model,label_noise,0.1,shadow,2,2,58,0,2,b7f45cf0ca06847e4d9582f04f35dca0fc1209aed40cfcee951eb018fcd73e41
phase3_audit_full_v1,exploratory,audit,audit_benchmark,breast_cancer_wisconsin,mean_ensemble,label_noise,0.1,shadow,2,2,58,0,2,62786c09f88101c564fb82e5348f0dde0561985fe85cd65c704186741837c7b6
phase3_audit_full_v1,exploratory,audit,audit_benchmark,breast_cancer_wisconsin,static_weighted_ensemble,label_noise,0.1,shadow,2,2,58,0,2,18137904ae783a077bba5006a9dc43fd76aeb765a734d3a3e1973bb4f328ea99
phase3_audit_full_v1,exploratory,audit,audit_benchmark,breast_cancer_wisconsin,veto_mavs,label_noise,0.1,shadow,2,2,58,58,2,0ee5c9e79399ca2ed8fd460c0e56b809ee338e99fd44a8fcddb6d13e2e90ca70
phase3_audit_full_v1,exploratory,audit,audit_benchmark,breast_cancer_wisconsin,pure_mavs_gc,label_noise,0.1,shadow,2,2,58,58,2,096fe8c3e986feefedc3b634e7bab74656675cb7bb1ee630c9fa6db6af513669
phase3_audit_full_v1,exploratory,audit,audit_benchmark,breast_cancer_wisconsin,single_model,label_noise,0.2,audit,3,3,87,0,3,4fdcd19e8e56f804b0be04d87b9ad2b1ebe6590082599528056266e0baf7e9f7
phase3_audit_full_v1,exploratory,audit,audit_benchmark,breast_cancer_wisconsin,mean_ensemble,label_noise,0.2,audit,3,3,87,0,3,b8e3db8bfa9050263e39d6fcba2f6b0a22a8f767cf0e3bbf9eec893d7ac3dc7c
phase3_audit_full_v1,exploratory,audit,audit_benchmark,breast_cancer_wisconsin,static_weighted_ensemble,label_noise,0.2,audit,3,3,87,0,3,4dd4d5487d9c718c72a556cf51373b791bd22d7cbcb618da8281dabda358e08a
phase3_audit_full_v1,exploratory,audit,audit_benchmark,breast_cancer_wisconsin,veto_mavs,label_noise,0.2,audit,3,3,87,87,3,c096fb519c10bc703704fc4d45741e22dab19f3fc71438dbb5773e309081040c
phase3_audit_full_v1,exploratory,audit,audit_benchmark,breast_cancer_wisconsin,pure_mavs_gc,label_noise,0.2,audit,3,3,87,87,3,5610f13f78027adb2db721c4d731e758e048a7f37699b2570bcc7869446841ed
phase3_audit_full_v1,exploratory,audit,audit_benchmark,breast_cancer_wisconsin,single_model,label_noise,0.2,shadow,2,2,58,0,2,c46032d1822d28154482cbd7eb5f7994d705c8a80b076f30b8898d322dc0f1bc
phase3_audit_full_v1,exploratory,audit,audit_benchmark,breast_cancer_wisconsin,mean_ensemble,label_noise,0.2,shadow,2,2,58,0,2,cea348901ef69e4eb233b9adc3bc3e36b930df334a897aeadbb5d8d4b97f6ef7
phase3_audit_full_v1,exploratory,audit,audit_benchmark,breast_cancer_wisconsin,static_weighted_ensemble,label_noise,0.2,shadow,2,2,58,0,2,1d9b293f0cf1f60505035003c6370ee6ea5c75aa6ef962ccd7bdf8644d8492ca
phase3_audit_full_v1,exploratory,audit,audit_benchmark,breast_cancer_wisconsin,veto_mavs,label_noise,0.2,shadow,2,2,58,58,2,6bff861346feac4d18098f8f4ccbc93bf6ece11de5a877d4638c09ea050b90dc
phase3_audit_full_v1,exploratory,audit,audit_benchmark,breast_cancer_wisconsin,pure_mavs_gc,label_noise,0.2,shadow,2,2,58,58,2,d39527a80bcd52189450e91acbcff65d4f7dbe6c09ebde6fe0479a4476fb7b91
phase3_audit_full_v1,exploratory,audit,audit_benchmark,breast_cancer_wisconsin,single_model,label_noise,0.4,audit,3,3,87,0,3,fc58105b008bc460865c021a1855339e8301e1a13ef670c9f3dbf0b04b670c97
phase3_audit_full_v1,exploratory,audit,audit_benchmark,breast_cancer_wisconsin,mean_ensemble,label_noise,0.4,audit,3,3,87,0,3,981b47d2742b225d8be0c5cda6fb1319042156fea70c145ada494bd05f5d0724
phase3_audit_full_v1,exploratory,audit,audit_benchmark,breast_cancer_wisconsin,static_weighted_ensemble,label_noise,0.4,audit,3,3,87,0,3,ed683fe490a0317657c41db927400c0002d058d2e1dd86bb354823ea24033047
phase3_audit_full_v1,exploratory,audit,audit_benchmark,breast_cancer_wisconsin,veto_mavs,label_noise,0.4,audit,3,3,87,87,3,a478b173e7842805a0bbc01bbd4f43a8120ea8281398bdb066f7483b112ce1d7
phase3_audit_full_v1,exploratory,audit,audit_benchmark,breast_cancer_wisconsin,pure_mavs_gc,label_noise,0.4,audit,3,3,87,87,3,c7bb8bb9bd3fc0cc9ed3909c046c12245b108497cf08b455d92eeb90208f063d
phase3_audit_full_v1,exploratory,audit,audit_benchmark,breast_cancer_wisconsin,single_model,label_noise,0.4,shadow,2,2,58,0,2,96ff6aef089ff691a7b8c8608a9ac274dbe3cd41f3a3c886c8d9b9d5524aea95
phase3_audit_full_v1,exploratory,audit,audit_benchmark,breast_cancer_wisconsin,mean_ensemble,label_noise,0.4,shadow,2,2,58,0,2,e7a14f2afd71f9e0c9c44bcc84a2423093bbf96d9ebad678f863a0fafdfa8660
phase3_audit_full_v1,exploratory,audit,audit_benchmark,breast_cancer_wisconsin,static_weighted_ensemble,label_noise,0.4,shadow,2,2,58,0,2,7e33b64e8c347c508fc8117dcbe912d533c682305e784b8299a14e3ba8592158
phase3_audit_full_v1,exploratory,audit,audit_benchmark,breast_cancer_wisconsin,veto_mavs,label_noise,0.4,shadow,2,2,58,58,2,dc0c7d3f4822d7ad247c7de250c1b54246ffc3411671b857851c906b41150a1b
phase3_audit_full_v1,exploratory,audit,audit_benchmark,breast_cancer_wisconsin,pure_mavs_gc,label_noise,0.4,shadow,2,2,58,58,2,cfc813274ec0f822010cfd90c6ab7121d5674bfc2a730465efcb30910e8f169c
phase3_audit_full_v1,exploratory,audit,audit_benchmark,breast_cancer_wisconsin,single_model,label_noise,0.6,audit,3,3,87,0,3,7a60982591c64de381dbb5351c89eb1b861a32a641c87048ea2c4052f994251f
phase3_audit_full_v1,exploratory,audit,audit_benchmark,breast_cancer_wisconsin,mean_ensemble,label_noise,0.6,audit,3,3,87,0,3,1fb384aa51abc358785c78d525c6d6e65728028a878413d7e1abac05763eb483
phase3_audit_full_v1,exploratory,audit,audit_benchmark,breast_cancer_wisconsin,static_weighted_ensemble,label_noise,0.6,audit,3,3,87,0,3,9ebcd74734859bbb7555fad150b930dad11f865ddd8e7ffef98c87edb35ce559
phase3_audit_full_v1,exploratory,audit,audit_benchmark,breast_cancer_wisconsin,veto_mavs,label_noise,0.6,audit,3,3,87,87,3,6b123c210cc48579fbaff1698046f00fe2f1abacd5f6b38a9143a95aa9223b93
phase3_audit_full_v1,exploratory,audit,audit_benchmark,breast_cancer_wisconsin,pure_mavs_gc,label_noise,0.6,audit,3,3,87,87,3,d883781a98b85b41a5716589f6aa68aea3b0d71a5960e9681233ce5ab36aa4f5
phase3_audit_full_v1,exploratory,audit,audit_benchmark,breast_cancer_wisconsin,single_model,label_noise,0.6,shadow,2,2,58,0,2,a9abfdbecc6fe76cd36ba029b98724d3bcd72d1bf703ea33141fb0c9d5d3a8bc
phase3_audit_full_v1,exploratory,audit,audit_benchmark,breast_cancer_wisconsin,mean_ensemble,label_noise,0.6,shadow,2,2,58,0,2,eeb60aadd103671e16a1491ec75fbbd265d07b095d5d92dcf2f51d682f3e378e
phase3_audit_full_v1,exploratory,audit,audit_benchmark,breast_cancer_wisconsin,static_weighted_ensemble,label_noise,0.6,shadow,2,2,58,0,2,176f187b099362c544cd9ee2b6aadfd37f64ec46706cb166ffbe4d352b21ab34
phase3_audit_full_v1,exploratory,audit,audit_benchmark,breast_cancer_wisconsin,veto_mavs,label_noise,0.6,shadow,2,2,58,58,2,475afede73b6be1718a7a80162f4572b0b1a5135a3d529a9400e24df0c309013
phase3_audit_full_v1,exploratory,audit,audit_benchmark,breast_cancer_wisconsin,pure_mavs_gc,label_noise,0.6,shadow,2,2,58,58,2,4022a3c18726dec458de3723a2de3d35680b65ac7a56231fe31449fe5d4c862c
phase3_audit_full_v1,exploratory,audit,audit_benchmark,breast_cancer_wisconsin,single_model,label_noise,0.8,audit,3,3,87,0,3,cecc5046d6b8983d36e29a25b07f11f75157f57fba256f437667d02f608faff8
phase3_audit_full_v1,exploratory,audit,audit_benchmark,breast_cancer_wisconsin,mean_ensemble,label_noise,0.8,audit,3,3,87,0,3,96461b26ae787436c11cd6b766e44bc9fa7d6d999a083f056061c2898f6ae64f
phase3_audit_full_v1,exploratory,audit,audit_benchmark,breast_cancer_wisconsin,static_weighted_ensemble,label_noise,0.8,audit,3,3,87,0,3,bb06cf83936e9d07f6fb85577d4b3e73c7e404340c6873c5ebdb5e526646b18d
phase3_audit_full_v1,exploratory,audit,audit_benchmark,breast_cancer_wisconsin,veto_mavs,label_noise,0.8,audit,3,3,87,87,3,a4505346c48af267b6f457b288cdb944dcce2940b7489d27c1451553045b731e
phase3_audit_full_v1,exploratory,audit,audit_benchmark,breast_cancer_wisconsin,pure_mavs_gc,label_noise,0.8,audit,3,3,87,87,3,15b8fee675b1c4f5f3f39f620a85f7aca1abc18cb6925bbd4ec504c2d79c5cc4
phase3_audit_full_v1,exploratory,audit,audit_benchmark,breast_cancer_wisconsin,single_model,label_noise,0.8,shadow,2,2,58,0,2,b16c4ff3c9b5c8245e47f1cb58c0a4feaad7f4c2bb47c2c8f368e2192d5634df
phase3_audit_full_v1,exploratory,audit,audit_benchmark,breast_cancer_wisconsin,mean_ensemble,label_noise,0.8,shadow,2,2,58,0,2,1afc8f479900b52bdc148741f74a3a05e57888145ce2d49577060a73e33bb2a7
phase3_audit_full_v1,exploratory,audit,audit_benchmark,breast_cancer_wisconsin,static_weighted_ensemble,label_noise,0.8,shadow,2,2,58,0,2,7c8cb9c4141a087b4ac523279c1929bac0c2623ceaea7911ca574391316d0428
phase3_audit_full_v1,exploratory,audit,audit_benchmark,breast_cancer_wisconsin,veto_mavs,label_noise,0.8,shadow,2,2,58,58,2,8f13ddb805761cb79168cfa545af1136665b548ee5005b2b17fd931183956548
phase3_audit_full_v1,exploratory,audit,audit_benchmark,breast_cancer_wisconsin,pure_mavs_gc,label_noise,0.8,shadow,2,2,58,58,2,a33a8bf7eb7d4ead737d27e0e604b6124de9cd1b909b566bea5eb771f7572319
phase3_audit_full_v1,exploratory,audit,audit_benchmark,breast_cancer_wisconsin,single_model,label_noise,1.0,audit,3,3,87,0,3,b268b1def0bebe4baa732cfba98d2787214daa6987da13acabb9406dee0e766e
phase3_audit_full_v1,exploratory,audit,audit_benchmark,breast_cancer_wisconsin,mean_ensemble,label_noise,1.0,audit,3,3,87,0,3,63ea6eca6d51c41ab9f1555f569aa02e0e6c3e076262665d34446128425aee94
phase3_audit_full_v1,exploratory,audit,audit_benchmark,breast_cancer_wisconsin,static_weighted_ensemble,label_noise,1.0,audit,3,3,87,0,3,8d656dd372ea895d235b8871aab5f9d45e6c0d8b5f82d624edd405560ccc57ac
phase3_audit_full_v1,exploratory,audit,audit_benchmark,breast_cancer_wisconsin,veto_mavs,label_noise,1.0,audit,3,3,87,87,3,eb962518cbfabc9ed3255d0852e50f2f591db5b57af916d8fe5ee5d5fb85d815
phase3_audit_full_v1,exploratory,audit,audit_benchmark,breast_cancer_wisconsin,pure_mavs_gc,label_noise,1.0,audit,3,3,87,87,3,45def7d1786349a0f0f41132e4f2f274c825157f9abe48a605068a0d5a893835
phase3_audit_full_v1,exploratory,audit,audit_benchmark,breast_cancer_wisconsin,single_model,label_noise,1.0,shadow,2,2,58,0,2,a4c3c6bc1b4541809c0cbe0b2968fcd5eb089b9058cf6f779f7059703f944bec
phase3_audit_full_v1,exploratory,audit,audit_benchmark,breast_cancer_wisconsin,mean_ensemble,label_noise,1.0,shadow,2,2,58,0,2,75ff6307b8d3b978e7fe47f71ca6f40e1a0f7277fc1d8b96341f17cca4bb21ab
phase3_audit_full_v1,exploratory,audit,audit_benchmark,breast_cancer_wisconsin,static_weighted_ensemble,label_noise,1.0,shadow,2,2,58,0,2,1a3c49b71d215b1deffbe489ff1f507ee58fc828b1c3ff48142eaba8885e9c5f
phase3_audit_full_v1,exploratory,audit,audit_benchmark,breast_cancer_wisconsin,veto_mavs,label_noise,1.0,shadow,2,2,58,58,2,4e46f0ca5cd55f6c4ed042ca3fa9055c73d31da7c34adbf9a86c000c4f34f348
phase3_audit_full_v1,exploratory,audit,audit_benchmark,breast_cancer_wisconsin,pure_mavs_gc,label_noise,1.0,shadow,2,2,58,58,2,da9df114a26f2236a3f847dd900a4b428827f4c3cef55b207a7ea4895e6c34f7
phase3_audit_full_v1,exploratory,audit,audit_benchmark,breast_cancer_wisconsin,single_model,confidence_distortion,0.0,audit,3,3,87,0,3,7d874f2d894c6ebd093d31256576dab507cc72d05eba6db35ad044a35b8a3d19
phase3_audit_full_v1,exploratory,audit,audit_benchmark,breast_cancer_wisconsin,mean_ensemble,confidence_distortion,0.0,audit,3,3,87,0,3,3589274a92b408a3dc5b9d5b108b77b0abac9ec444e54d84f2da24bf9e36e505
phase3_audit_full_v1,exploratory,audit,audit_benchmark,breast_cancer_wisconsin,static_weighted_ensemble,confidence_distortion,0.0,audit,3,3,87,0,3,a1882492cef987c71da12c9678bac69c2b961455863dc35f79150324079b32d3
phase3_audit_full_v1,exploratory,audit,audit_benchmark,breast_cancer_wisconsin,veto_mavs,confidence_distortion,0.0,audit,3,3,87,87,3,41ce95c95de88e3dba912b9ab47be5e72d930c0d63b30b95777f82a1676f2209
phase3_audit_full_v1,exploratory,audit,audit_benchmark,breast_cancer_wisconsin,pure_mavs_gc,confidence_distortion,0.0,audit,3,3,87,87,3,d75e742d3e79ebd8388223a7862c08d318ceaae86732da19582dfb566d6a06b8
phase3_audit_full_v1,exploratory,audit,audit_benchmark,breast_cancer_wisconsin,single_model,confidence_distortion,0.0,shadow,2,2,58,0,2,242a6c6acee4610496f82f9af76afd54d3807beb3580b789704e8fc70d5311c5
phase3_audit_full_v1,exploratory,audit,audit_benchmark,breast_cancer_wisconsin,mean_ensemble,confidence_distortion,0.0,shadow,2,2,58,0,2,859310f034c7151853f5b3f93eab58d7883f4bd428beac034894a7630712a120
phase3_audit_full_v1,exploratory,audit,audit_benchmark,breast_cancer_wisconsin,static_weighted_ensemble,confidence_distortion,0.0,shadow,2,2,58,0,2,5237b791b2c691fb11b471f101b9a929413b7c504d44f444671c3e7396871127
phase3_audit_full_v1,exploratory,audit,audit_benchmark,breast_cancer_wisconsin,veto_mavs,confidence_distortion,0.0,shadow,2,2,58,58,2,315acb2e528686dae2d0957f0fb2b304e6bffd7bcdbf5eccc39acbe50a4b7f1b
phase3_audit_full_v1,exploratory,audit,audit_benchmark,breast_cancer_wisconsin,pure_mavs_gc,confidence_distortion,0.0,shadow,2,2,58,58,2,1136e36e30333c553987ba71c8d9146d69f24352fa136b6ee6ad5c6ed5fa655d
phase3_audit_full_v1,exploratory,audit,audit_benchmark,breast_cancer_wisconsin,single_model,confidence_distortion,0.05,audit,3,3,87,0,3,25d7d48a5f15e25c2290539213c4c1b4495c467064f2db47ed6277940e277f20
phase3_audit_full_v1,exploratory,audit,audit_benchmark,breast_cancer_wisconsin,mean_ensemble,confidence_distortion,0.05,audit,3,3,87,0,3,5f2f5e86656e9d5f5c5b83cc7905455fb4486fa43eba2d752af37731ff66c2b2
phase3_audit_full_v1,exploratory,audit,audit_benchmark,breast_cancer_wisconsin,static_weighted_ensemble,confidence_distortion,0.05,audit,3,3,87,0,3,fbd8eab95d99b9541e6fd8e5137892b103116c580e3b97119a1d0d302f396858
phase3_audit_full_v1,exploratory,audit,audit_benchmark,breast_cancer_wisconsin,veto_mavs,confidence_distortion,0.05,audit,3,3,87,87,3,4f25551363842b7edac6db77c53bec8d398b2bf9bd33aa8ff387c1e0c1cf7562
phase3_audit_full_v1,exploratory,audit,audit_benchmark,breast_cancer_wisconsin,pure_mavs_gc,confidence_distortion,0.05,audit,3,3,87,87,3,d53699fcb6d7887afbc813acb240b54b028c4953f4caa0d2e618cd391ced033a
phase3_audit_full_v1,exploratory,audit,audit_benchmark,breast_cancer_wisconsin,single_model,confidence_distortion,0.05,shadow,2,2,58,0,2,cf322332551be40722ff1c7a6205e7ef835288d6db2cff723594e01e74d376d3
phase3_audit_full_v1,exploratory,audit,audit_benchmark,breast_cancer_wisconsin,mean_ensemble,confidence_distortion,0.05,shadow,2,2,58,0,2,9094e5d2980908424330d7dca06ef3776421e82ff641e95f82020521c1c6a7fd
phase3_audit_full_v1,exploratory,audit,audit_benchmark,breast_cancer_wisconsin,static_weighted_ensemble,confidence_distortion,0.05,shadow,2,2,58,0,2,573525c1f6349cb00748ed2c1a341153729ad439247cd700ea1de4a476084b8a
phase3_audit_full_v1,exploratory,audit,audit_benchmark,breast_cancer_wisconsin,veto_mavs,confidence_distortion,0.05,shadow,2,2,58,58,2,895598d9e79b7c8f0f8ab345a8a8ca95d23645f67c36b2c7a8503f86936800b8
phase3_audit_full_v1,exploratory,audit,audit_benchmark,breast_cancer_wisconsin,pure_mavs_gc,confidence_distortion,0.05,shadow,2,2,58,58,2,58b101f23230c5ec38c3636777a7b51f2e136dce7066a2bec8965a634d739863
phase3_audit_full_v1,exploratory,audit,audit_benchmark,breast_cancer_wisconsin,single_model,confidence_distortion,0.1,audit,3,3,87,0,3,36c73860cc3fc11a3549623a9ebfc3921583133faa42a2bbad60cc4ffcbe6c81
phase3_audit_full_v1,exploratory,audit,audit_benchmark,breast_cancer_wisconsin,mean_ensemble,confidence_distortion,0.1,audit,3,3,87,0,3,70984e06f2bfeb347b0e34104f12627c02acfc1cc6874fa94b5e0f5df123b54f
phase3_audit_full_v1,exploratory,audit,audit_benchmark,breast_cancer_wisconsin,static_weighted_ensemble,confidence_distortion,0.1,audit,3,3,87,0,3,26891023b2baef3019a093515600533ef74b52a7d9d697767ae297911a55b1fe
phase3_audit_full_v1,exploratory,audit,audit_benchmark,breast_cancer_wisconsin,veto_mavs,confidence_distortion,0.1,audit,3,3,87,87,3,bcadcd9f56fd9ff9f49a68ae606f56eb1c3b785ecfe369189841b6d7faa5a4b8
phase3_audit_full_v1,exploratory,audit,audit_benchmark,breast_cancer_wisconsin,pure_mavs_gc,confidence_distortion,0.1,audit,3,3,87,87,3,30aa259158964245dca015d2eea85813cd2595a27ae8ebfbe48d81328f3abbcd
phase3_audit_full_v1,exploratory,audit,audit_benchmark,breast_cancer_wisconsin,single_model,confidence_distortion,0.1,shadow,2,2,58,0,2,1ace4c30d3c691a25f44f8e92ba4fe10927ad76aec74929349f156fd29efc2e7
phase3_audit_full_v1,exploratory,audit,audit_benchmark,breast_cancer_wisconsin,mean_ensemble,confidence_distortion,0.1,shadow,2,2,58,0,2,cc8d79bf1d63b12fc6cb8898bdaabc8ae59a4ba7d2c60f111b84e1dd572d8802
phase3_audit_full_v1,exploratory,audit,audit_benchmark,breast_cancer_wisconsin,static_weighted_ensemble,confidence_distortion,0.1,shadow,2,2,58,0,2,e00270b5ffe5ded8a856251aa71492723a0ac4f5a58950060073de3c04ca4023
phase3_audit_full_v1,exploratory,audit,audit_benchmark,breast_cancer_wisconsin,veto_mavs,confidence_distortion,0.1,shadow,2,2,58,58,2,2f8f7840331ca4597660995f84535369a11ca082e7823d5c855ff7200d00d32b
phase3_audit_full_v1,exploratory,audit,audit_benchmark,breast_cancer_wisconsin,pure_mavs_gc,confidence_distortion,0.1,shadow,2,2,58,58,2,2c297763c785cdb531f40d527935d28a007afc095e38aded652696f7d3cd6080
phase3_audit_full_v1,exploratory,audit,audit_benchmark,breast_cancer_wisconsin,single_model,confidence_distortion,0.2,audit,3,3,87,0,3,f7234101b6094ff46c69355d01881089f68947f4ddc3973d9641049d67b4739c
phase3_audit_full_v1,exploratory,audit,audit_benchmark,breast_cancer_wisconsin,mean_ensemble,confidence_distortion,0.2,audit,3,3,87,0,3,e4a743eb062551828fb64029327a4e3cca3b3b241d399c0827f7a856374e650a
phase3_audit_full_v1,exploratory,audit,audit_benchmark,breast_cancer_wisconsin,static_weighted_ensemble,confidence_distortion,0.2,audit,3,3,87,0,3,77217fc57b4e8d93ab574afd370f5203a61759c290f4012f9f00229bace67c66
phase3_audit_full_v1,exploratory,audit,audit_benchmark,breast_cancer_wisconsin,veto_mavs,confidence_distortion,0.2,audit,3,3,87,87,3,195918a9ec6f45fd2576e8cce7707af6901403ceecd4efc4dcd2c2853ff51910
phase3_audit_full_v1,exploratory,audit,audit_benchmark,breast_cancer_wisconsin,pure_mavs_gc,confidence_distortion,0.2,audit,3,3,87,87,3,6cbb8d4341740d81a9c05580fef99aeeaa4334cd1836037385e48988c67680ce
phase3_audit_full_v1,exploratory,audit,audit_benchmark,breast_cancer_wisconsin,single_model,confidence_distortion,0.2,shadow,2,2,58,0,2,80e06f4fd75cc084f9709c10f069ed0b7302ae51d81f43ac747c468ac30ad050
phase3_audit_full_v1,exploratory,audit,audit_benchmark,breast_cancer_wisconsin,mean_ensemble,confidence_distortion,0.2,shadow,2,2,58,0,2,057e79a26d67833c265f6f1c49b57bedd0eda40f624189ecd705ce32e1783ca0
phase3_audit_full_v1,exploratory,audit,audit_benchmark,breast_cancer_wisconsin,static_weighted_ensemble,confidence_distortion,0.2,shadow,2,2,58,0,2,7c6a1540fb184839584bd9dbdad5e09d0b586f9329dba4d14b3ef5b29ce9e10c
phase3_audit_full_v1,exploratory,audit,audit_benchmark,breast_cancer_wisconsin,veto_mavs,confidence_distortion,0.2,shadow,2,2,58,58,2,cdbe55c8bdd48383c8c03805640857e4401113e57e287b66606822983600ccdd
phase3_audit_full_v1,exploratory,audit,audit_benchmark,breast_cancer_wisconsin,pure_mavs_gc,confidence_distortion,0.2,shadow,2,2,58,58,2,f6c6fc119ef9ba62ec4024ad3cf3868cb945daa71da8c34a20ea1d54d1c229f3
phase3_audit_full_v1,exploratory,audit,audit_benchmark,breast_cancer_wisconsin,single_model,confidence_distortion,0.4,audit,3,3,87,0,3,31e7e3a355649f45dc60aaebe707b7129c215de103e961239ead3626d71371b8
phase3_audit_full_v1,exploratory,audit,audit_benchmark,breast_cancer_wisconsin,mean_ensemble,confidence_distortion,0.4,audit,3,3,87,0,3,cd66e2f2f35a232882a62e404d8a6e53d069cbfed19123cec760e38e7111fe07
phase3_audit_full_v1,exploratory,audit,audit_benchmark,breast_cancer_wisconsin,static_weighted_ensemble,confidence_distortion,0.4,audit,3,3,87,0,3,b963bd758ea72b2723d0cbbbbb0dd14bf19f5ff764f1d61e71e6dd56a3188f5c
phase3_audit_full_v1,exploratory,audit,audit_benchmark,breast_cancer_wisconsin,veto_mavs,confidence_distortion,0.4,audit,3,3,87,87,3,669e33196cd34b749ef034d69a0c55a4d5e4a47e2efc7ee7c55c0b2b18dc3fc8
phase3_audit_full_v1,exploratory,audit,audit_benchmark,breast_cancer_wisconsin,pure_mavs_gc,confidence_distortion,0.4,audit,3,3,87,87,3,b8ad719f7846e6b06ac3438b30d1f635a6881a05788fb2890908373a24f1b4ac
phase3_audit_full_v1,exploratory,audit,audit_benchmark,breast_cancer_wisconsin,single_model,confidence_distortion,0.4,shadow,2,2,58,0,2,a398644bfa3318b5bc3e4d8eab2845699d3c90dc4c39544060a96da2fe8fc451
phase3_audit_full_v1,exploratory,audit,audit_benchmark,breast_cancer_wisconsin,mean_ensemble,confidence_distortion,0.4,shadow,2,2,58,0,2,10be36707c051385b9770c42d8552a10119a002edd300bbd3f0fe8fa4e297eed
phase3_audit_full_v1,exploratory,audit,audit_benchmark,breast_cancer_wisconsin,static_weighted_ensemble,confidence_distortion,0.4,shadow,2,2,58,0,2,a0126d1cfe0a0b106321ca41c1f8d6400b48bf8bb16290ac451a47ec92eeda22
phase3_audit_full_v1,exploratory,audit,audit_benchmark,breast_cancer_wisconsin,veto_mavs,confidence_distortion,0.4,shadow,2,2,58,58,2,6dcc21db99651a9f7dff6f804239d99c16fe80242fa9f04771b3a2fa060bb2b2
phase3_audit_full_v1,exploratory,audit,audit_benchmark,breast_cancer_wisconsin,pure_mavs_gc,confidence_distortion,0.4,shadow,2,2,58,58,2,93175a5c214ecf97480c4660edfcf299b418504167a7baee4aa7285de028a582
phase3_audit_full_v1,exploratory,audit,audit_benchmark,breast_cancer_wisconsin,single_model,confidence_distortion,0.6,audit,3,3,87,0,3,4ac585057acdf93a28acc5c48c2f4ff57b141c5cf042f18b71ce0980169bb666
phase3_audit_full_v1,exploratory,audit,audit_benchmark,breast_cancer_wisconsin,mean_ensemble,confidence_distortion,0.6,audit,3,3,87,0,3,4273486b7e7b6c4fe1e5797349c1e04bf7997825efb4e3c21206f8a632d8b8b2
phase3_audit_full_v1,exploratory,audit,audit_benchmark,breast_cancer_wisconsin,static_weighted_ensemble,confidence_distortion,0.6,audit,3,3,87,0,3,c0e918f761d8f2a832f3b10313e03c07f15e5913a6f07df376c8706aa0c7d9a6
phase3_audit_full_v1,exploratory,audit,audit_benchmark,breast_cancer_wisconsin,veto_mavs,confidence_distortion,0.6,audit,3,3,87,87,3,5464747f03b4152d835cb91e008f13888136070ddfb83b930b03d872bf802b6d
phase3_audit_full_v1,exploratory,audit,audit_benchmark,breast_cancer_wisconsin,pure_mavs_gc,confidence_distortion,0.6,audit,3,3,87,87,3,3dfadd1881cf5d560050c018201fd4b3c1af435a3eb2746d3475546dab76256c
phase3_audit_full_v1,exploratory,audit,audit_benchmark,breast_cancer_wisconsin,single_model,confidence_distortion,0.6,shadow,2,2,58,0,2,a3e39668715c89139170492ff04f633100a412c13bd5877615754d3089aac0ff
phase3_audit_full_v1,exploratory,audit,audit_benchmark,breast_cancer_wisconsin,mean_ensemble,confidence_distortion,0.6,shadow,2,2,58,0,2,b002c0ac51d856a43e27d695d021a143906a7333036d647a297ad0585b0dc36f
phase3_audit_full_v1,exploratory,audit,audit_benchmark,breast_cancer_wisconsin,static_weighted_ensemble,confidence_distortion,0.6,shadow,2,2,58,0,2,7118a2bea7c5c6f3de3fc5d3196d496905b127990aa8eb54315a7e259a426516
phase3_audit_full_v1,exploratory,audit,audit_benchmark,breast_cancer_wisconsin,veto_mavs,confidence_distortion,0.6,shadow,2,2,58,58,2,3c076ee54ce86ed15b99c3e907211001acd2e406c2be7f8b1f64136b35c7869f
phase3_audit_full_v1,exploratory,audit,audit_benchmark,breast_cancer_wisconsin,pure_mavs_gc,confidence_distortion,0.6,shadow,2,2,58,58,2,cc67492e6670307f31fd2288897b74c05000bcfed83524186e4534d737804d9a
phase3_audit_full_v1,exploratory,audit,audit_benchmark,breast_cancer_wisconsin,single_model,confidence_distortion,0.8,audit,3,3,87,0,3,0eb50ebb5d8e5ba6df57b4920b7c986771809d155c40d99733c4be965a328a5b
phase3_audit_full_v1,exploratory,audit,audit_benchmark,breast_cancer_wisconsin,mean_ensemble,confidence_distortion,0.8,audit,3,3,87,0,3,febfb02ab409b27f341f1b157e0dc2f2b6fa50862bdfa038948b17407c8b24c5
phase3_audit_full_v1,exploratory,audit,audit_benchmark,breast_cancer_wisconsin,static_weighted_ensemble,confidence_distortion,0.8,audit,3,3,87,0,3,22e99152ae36d0823569bae9e6fa457a780f62faad449cbb1051b52af22fe874
phase3_audit_full_v1,exploratory,audit,audit_benchmark,breast_cancer_wisconsin,veto_mavs,confidence_distortion,0.8,audit,3,3,87,87,3,bce3e02bc2ba16f0728caa1a53ca336db5bf5536432af7b338444f47776451ed
phase3_audit_full_v1,exploratory,audit,audit_benchmark,breast_cancer_wisconsin,pure_mavs_gc,confidence_distortion,0.8,audit,3,3,87,87,3,c3b4f88e6d3f178d94ef3495ce9d529c2db8c01e5ee2b21e0cf6be06b0628c96
phase3_audit_full_v1,exploratory,audit,audit_benchmark,breast_cancer_wisconsin,single_model,confidence_distortion,0.8,shadow,2,2,58,0,2,37b532acc909d173085f92fdfcd9ddb0b7205f7904f7e4800e28e95282bd150d
phase3_audit_full_v1,exploratory,audit,audit_benchmark,breast_cancer_wisconsin,mean_ensemble,confidence_distortion,0.8,shadow,2,2,58,0,2,8f06d5736339d41524c8c19a5afdde2cb9accc7455f661ae1bfd09c8c55bb198
phase3_audit_full_v1,exploratory,audit,audit_benchmark,breast_cancer_wisconsin,static_weighted_ensemble,confidence_distortion,0.8,shadow,2,2,58,0,2,2637320b5a4fccea650fe80349bbcf05168f29a8887cb1db4b9a08583a2a2512
phase3_audit_full_v1,exploratory,audit,audit_benchmark,breast_cancer_wisconsin,veto_mavs,confidence_distortion,0.8,shadow,2,2,58,58,2,a62f4cc1f94e060c012d22365a94b74c64dee03661e6ee6ee0ff3aec45a5f89e
phase3_audit_full_v1,exploratory,audit,audit_benchmark,breast_cancer_wisconsin,pure_mavs_gc,confidence_distortion,0.8,shadow,2,2,58,58,2,c3bb9ffec8041424e4628b12a85805301b185534af14dd9320618622996cf2a8
phase3_audit_full_v1,exploratory,audit,audit_benchmark,breast_cancer_wisconsin,single_model,confidence_distortion,1.0,audit,3,3,87,0,3,ae7a048ff4a8cf621381f888c518a51cdf8714c64f6983c0249401b21fbca118
phase3_audit_full_v1,exploratory,audit,audit_benchmark,breast_cancer_wisconsin,mean_ensemble,confidence_distortion,1.0,audit,3,3,87,0,3,dd016252df756f50bd045518a8d6a006b53787286d64369fce44fe4098773e35
phase3_audit_full_v1,exploratory,audit,audit_benchmark,breast_cancer_wisconsin,static_weighted_ensemble,confidence_distortion,1.0,audit,3,3,87,0,3,a7d3a5925819f8e23d3f8f2e507184f964a6ba4cdd1b7a95dad2d71fdfe1343d
phase3_audit_full_v1,exploratory,audit,audit_benchmark,breast_cancer_wisconsin,veto_mavs,confidence_distortion,1.0,audit,3,3,87,87,3,c2ae440a12bb60e3d308accfde2a409df8dff35f496523f0ddaa065c1a253ab9
phase3_audit_full_v1,exploratory,audit,audit_benchmark,breast_cancer_wisconsin,pure_mavs_gc,confidence_distortion,1.0,audit,3,3,87,87,3,fab9fd2646a74ff31bce89bf81fe6e7c01a58b6889eecd8f844e81c53994d980
phase3_audit_full_v1,exploratory,audit,audit_benchmark,breast_cancer_wisconsin,single_model,confidence_distortion,1.0,shadow,2,2,58,0,2,c429bcbf8ccc20e70bb1abcbee1b22598183020d958314d2feddb88bae35708d
phase3_audit_full_v1,exploratory,audit,audit_benchmark,breast_cancer_wisconsin,mean_ensemble,confidence_distortion,1.0,shadow,2,2,58,0,2,ab9178c692e69dedc8d3363513f756ddc7c2ee80f794fcc5f73b949efc7d30fd
phase3_audit_full_v1,exploratory,audit,audit_benchmark,breast_cancer_wisconsin,static_weighted_ensemble,confidence_distortion,1.0,shadow,2,2,58,0,2,dc45e01d339434544ad2835756563dcb89842ab7ce658c0f67ff5bd8232d3f3c
phase3_audit_full_v1,exploratory,audit,audit_benchmark,breast_cancer_wisconsin,veto_mavs,confidence_distortion,1.0,shadow,2,2,58,58,2,19d9bebcf078580afc0cc83436ddeda08dff363d93c35c1b8b5fb0b1fc03c17a
phase3_audit_full_v1,exploratory,audit,audit_benchmark,breast_cancer_wisconsin,pure_mavs_gc,confidence_distortion,1.0,shadow,2,2,58,58,2,e4d22cc8b63fc1c7a641695ba8e467ad9f50d6e3ec3052a364405bf3cc060eb6
phase3_audit_full_v1,exploratory,audit,audit_benchmark,breast_cancer_wisconsin,single_model,adversarial_confidence_inflation,0.0,audit,3,3,87,0,3,22b2f37d3ff6a5c9d7de54e623d8a00d3d717029fef44214cbfaa739e97f29c1
phase3_audit_full_v1,exploratory,audit,audit_benchmark,breast_cancer_wisconsin,mean_ensemble,adversarial_confidence_inflation,0.0,audit,3,3,87,0,3,d476013d78a1a6bf6f4abdd261506bb0e8ef715de39037b8e08fa8fb921ae02b
phase3_audit_full_v1,exploratory,audit,audit_benchmark,breast_cancer_wisconsin,static_weighted_ensemble,adversarial_confidence_inflation,0.0,audit,3,3,87,0,3,2a85f84b42049bf77726b616f8fd83ff13c5c446742c882cd2043629b7039b43
phase3_audit_full_v1,exploratory,audit,audit_benchmark,breast_cancer_wisconsin,veto_mavs,adversarial_confidence_inflation,0.0,audit,3,3,87,87,3,179a7461ec52d4db2962dea139746b53e1616a0ed3ee63e9fc39a245847d7aa4
phase3_audit_full_v1,exploratory,audit,audit_benchmark,breast_cancer_wisconsin,pure_mavs_gc,adversarial_confidence_inflation,0.0,audit,3,3,87,87,3,6de7a5c805939ecfd46d4036a1c2206f34f857a1a932c20f2419a7afcd5c4577
phase3_audit_full_v1,exploratory,audit,audit_benchmark,breast_cancer_wisconsin,single_model,adversarial_confidence_inflation,0.0,shadow,2,2,58,0,2,b3ea9d55229149419ad1f3b4e28e1824a88308ebee56e952dc746d7785cf05d6
phase3_audit_full_v1,exploratory,audit,audit_benchmark,breast_cancer_wisconsin,mean_ensemble,adversarial_confidence_inflation,0.0,shadow,2,2,58,0,2,eeb6c50ac40d318152d7eb72f33ff1f4cdf818f373e0140929b35533d2d2cd10
phase3_audit_full_v1,exploratory,audit,audit_benchmark,breast_cancer_wisconsin,static_weighted_ensemble,adversarial_confidence_inflation,0.0,shadow,2,2,58,0,2,7b3b724e99b0bb42330204c9c9ac163e6a2bf818fb539fa71da297478c717014
phase3_audit_full_v1,exploratory,audit,audit_benchmark,breast_cancer_wisconsin,veto_mavs,adversarial_confidence_inflation,0.0,shadow,2,2,58,58,2,b25a6d3961d8ea9bd72ff518e89284ff971fe3b3a18025e259cc2dba04974c87
phase3_audit_full_v1,exploratory,audit,audit_benchmark,breast_cancer_wisconsin,pure_mavs_gc,adversarial_confidence_inflation,0.0,shadow,2,2,58,58,2,a5ba0704f01b73bcc0585300af4e206420c9d2c59b00a4432bf8608b53da9183
phase3_audit_full_v1,exploratory,audit,audit_benchmark,breast_cancer_wisconsin,single_model,adversarial_confidence_inflation,0.05,audit,3,3,87,0,3,e58f8a966f9f9c4714db5c9e7ab5d05dd7ef2f9ac1c33176402de76bb2dc833a
phase3_audit_full_v1,exploratory,audit,audit_benchmark,breast_cancer_wisconsin,mean_ensemble,adversarial_confidence_inflation,0.05,audit,3,3,87,0,3,accb2f2eb3f33954f6a0da50c5e642a9bdc4269b21297c9618ccd70f5401d906
phase3_audit_full_v1,exploratory,audit,audit_benchmark,breast_cancer_wisconsin,static_weighted_ensemble,adversarial_confidence_inflation,0.05,audit,3,3,87,0,3,b36ea6b5380521d4262af773cc31650f67ced705458eb29d94bc290bc96c7512
phase3_audit_full_v1,exploratory,audit,audit_benchmark,breast_cancer_wisconsin,veto_mavs,adversarial_confidence_inflation,0.05,audit,3,3,87,87,3,73c1a0e26b1390cbef6f1469daecba7c71b9e453f722e2bdd813466754751b77
phase3_audit_full_v1,exploratory,audit,audit_benchmark,breast_cancer_wisconsin,pure_mavs_gc,adversarial_confidence_inflation,0.05,audit,3,3,87,87,3,775efc857299c37a64f341236c6b5fcd2da908414d8dbd8826ce681558294697
phase3_audit_full_v1,exploratory,audit,audit_benchmark,breast_cancer_wisconsin,single_model,adversarial_confidence_inflation,0.05,shadow,2,2,58,0,2,68d3caff513cfd54807181b5f1714fca1667e7ae23caeee98cf3f4b36a1b55c0
phase3_audit_full_v1,exploratory,audit,audit_benchmark,breast_cancer_wisconsin,mean_ensemble,adversarial_confidence_inflation,0.05,shadow,2,2,58,0,2,7a8ec85a357478a1ff6a952fb94b987b64ea8f9ee0da624a482609145b6f94ba
phase3_audit_full_v1,exploratory,audit,audit_benchmark,breast_cancer_wisconsin,static_weighted_ensemble,adversarial_confidence_inflation,0.05,shadow,2,2,58,0,2,a0f79c4d9a94e172b1c58e4da92c46259692abd0e9452571ee0c1c907d01d990
phase3_audit_full_v1,exploratory,audit,audit_benchmark,breast_cancer_wisconsin,veto_mavs,adversarial_confidence_inflation,0.05,shadow,2,2,58,58,2,d6f01452a90b4ff817b39501f0e482d541afb05b4829e4d16bf3dcb83026cc37
phase3_audit_full_v1,exploratory,audit,audit_benchmark,breast_cancer_wisconsin,pure_mavs_gc,adversarial_confidence_inflation,0.05,shadow,2,2,58,58,2,c3dac1f0832a0eb0172e7e5a4aefc0ed6ec8ba6b95e79aa3dfe97e1853ab1ec9
phase3_audit_full_v1,exploratory,audit,audit_benchmark,breast_cancer_wisconsin,single_model,adversarial_confidence_inflation,0.1,audit,3,3,87,0,3,6da2de1ae805066e8171d34120f71d40491be1fe8bf1f1c8d1e6b10d88159d6b
phase3_audit_full_v1,exploratory,audit,audit_benchmark,breast_cancer_wisconsin,mean_ensemble,adversarial_confidence_inflation,0.1,audit,3,3,87,0,3,77322a3c569d3efd0e1600dea0cebf1fd0398a7c7532be8d4e62bf8707045a92
phase3_audit_full_v1,exploratory,audit,audit_benchmark,breast_cancer_wisconsin,static_weighted_ensemble,adversarial_confidence_inflation,0.1,audit,3,3,87,0,3,b2cf3bfdb1c6ec275e648277d7032315aac1b430dd41b326b346327212f35dd1
phase3_audit_full_v1,exploratory,audit,audit_benchmark,breast_cancer_wisconsin,veto_mavs,adversarial_confidence_inflation,0.1,audit,3,3,87,87,3,a514147522028e7a1007fd437a1fbdaa67c8c8a7cca8c8513fc1cdeaef8d3b25
phase3_audit_full_v1,exploratory,audit,audit_benchmark,breast_cancer_wisconsin,pure_mavs_gc,adversarial_confidence_inflation,0.1,audit,3,3,87,87,3,a61ae2ff966af0fdad65a5b9b70ee7f2795e3c8a45b359ba4f05ac054cdbd310
phase3_audit_full_v1,exploratory,audit,audit_benchmark,breast_cancer_wisconsin,single_model,adversarial_confidence_inflation,0.1,shadow,2,2,58,0,2,175a0a258e513c4e319ade47479581e0465078e900ea88a5553bfb725ff7b592
phase3_audit_full_v1,exploratory,audit,audit_benchmark,breast_cancer_wisconsin,mean_ensemble,adversarial_confidence_inflation,0.1,shadow,2,2,58,0,2,4e7608c2088167b28a16d2748523e963b73ec63aa4e523f0cbe10d24b6077010
phase3_audit_full_v1,exploratory,audit,audit_benchmark,breast_cancer_wisconsin,static_weighted_ensemble,adversarial_confidence_inflation,0.1,shadow,2,2,58,0,2,bcfbc7a41063e78f4e0acd813220a8b1c9d09d6f9cc4da8397172be54cc18a77
phase3_audit_full_v1,exploratory,audit,audit_benchmark,breast_cancer_wisconsin,veto_mavs,adversarial_confidence_inflation,0.1,shadow,2,2,58,58,2,acacca70653b070e610ae91405657323deaf8b3941da2253be4ed97f6faf50fc
phase3_audit_full_v1,exploratory,audit,audit_benchmark,breast_cancer_wisconsin,pure_mavs_gc,adversarial_confidence_inflation,0.1,shadow,2,2,58,58,2,0941d97bd157c931d80c2908f437aa186d9fb2ab5cb6071389d4ed77c2b0dea3
phase3_audit_full_v1,exploratory,audit,audit_benchmark,breast_cancer_wisconsin,single_model,adversarial_confidence_inflation,0.2,audit,3,3,87,0,3,d6c11c48fce269ab74fcb1686223e007a117cc0c16be62b5d786afa44d88bb43
phase3_audit_full_v1,exploratory,audit,audit_benchmark,breast_cancer_wisconsin,mean_ensemble,adversarial_confidence_inflation,0.2,audit,3,3,87,0,3,f08484ad6f09f6ced1a010c49db75aaf769c06f88292045ad64e54c958ea4ab2
phase3_audit_full_v1,exploratory,audit,audit_benchmark,breast_cancer_wisconsin,static_weighted_ensemble,adversarial_confidence_inflation,0.2,audit,3,3,87,0,3,721472546928e4862432634b79c7ec0f9c887421501fd38621a25884072ec845
phase3_audit_full_v1,exploratory,audit,audit_benchmark,breast_cancer_wisconsin,veto_mavs,adversarial_confidence_inflation,0.2,audit,3,3,87,87,3,efd9ddf76f9c64d636869596e5e613f011fe220f2bd095284f5bbb24ed7e09e5
phase3_audit_full_v1,exploratory,audit,audit_benchmark,breast_cancer_wisconsin,pure_mavs_gc,adversarial_confidence_inflation,0.2,audit,3,3,87,87,3,2a31a95550b7e4988f01b83c3621c3a33d36196ef3d5a5bd533fc5fadb261526
phase3_audit_full_v1,exploratory,audit,audit_benchmark,breast_cancer_wisconsin,single_model,adversarial_confidence_inflation,0.2,shadow,2,2,58,0,2,d5daf99d29b2b72807d645e7c4676b328a79dfc1bc7adc27c0e16b654de0248b
phase3_audit_full_v1,exploratory,audit,audit_benchmark,breast_cancer_wisconsin,mean_ensemble,adversarial_confidence_inflation,0.2,shadow,2,2,58,0,2,e5dc7704009cbf09460e7885071d7e341eb97b759c688a20c26b3923d7b0b7d9
phase3_audit_full_v1,exploratory,audit,audit_benchmark,breast_cancer_wisconsin,static_weighted_ensemble,adversarial_confidence_inflation,0.2,shadow,2,2,58,0,2,5745f9fc0b075bc55eb731e57c5702601e0e7db6b868316d03e1f9ef16ef68eb
phase3_audit_full_v1,exploratory,audit,audit_benchmark,breast_cancer_wisconsin,veto_mavs,adversarial_confidence_inflation,0.2,shadow,2,2,58,58,2,33db7e6c6f31d0a6f90c1b0591b40a734502c3ce4de7b357bc49494cef3fa807
phase3_audit_full_v1,exploratory,audit,audit_benchmark,breast_cancer_wisconsin,pure_mavs_gc,adversarial_confidence_inflation,0.2,shadow,2,2,58,58,2,20b0b58d99ac1b0b799701f94392db701fc488d8b0c450b513c7e11719615bf7
phase3_audit_full_v1,exploratory,audit,audit_benchmark,breast_cancer_wisconsin,single_model,adversarial_confidence_inflation,0.4,audit,3,3,87,0,3,857c1889f2782905d9b4e316e29ccd073b8649aa85ec6cd8c38ac10ebe67d02d
phase3_audit_full_v1,exploratory,audit,audit_benchmark,breast_cancer_wisconsin,mean_ensemble,adversarial_confidence_inflation,0.4,audit,3,3,87,0,3,8310a32afc66b7958fb9a903ac143403bf141c259f600efeddddee324bcbefa8
phase3_audit_full_v1,exploratory,audit,audit_benchmark,breast_cancer_wisconsin,static_weighted_ensemble,adversarial_confidence_inflation,0.4,audit,3,3,87,0,3,5c918c854f6b5d2a1ca53bbb0b57f674f40e5377578ef18a75163180fdd68bc8
phase3_audit_full_v1,exploratory,audit,audit_benchmark,breast_cancer_wisconsin,veto_mavs,adversarial_confidence_inflation,0.4,audit,3,3,87,87,3,ca92e609bb108591f33fd15ba5fa9dbe556cebec3df09df0bee493c4e2ebad12
phase3_audit_full_v1,exploratory,audit,audit_benchmark,breast_cancer_wisconsin,pure_mavs_gc,adversarial_confidence_inflation,0.4,audit,3,3,87,87,3,36d223c4c4501a728d70855d25fc4869afc9a445dbbb5ed24e72a2ee4e5c6af7
phase3_audit_full_v1,exploratory,audit,audit_benchmark,breast_cancer_wisconsin,single_model,adversarial_confidence_inflation,0.4,shadow,2,2,58,0,2,b0544c66c0fdc3d9905ddcb51adbbbddf985e6b27546859f30349aaea4e6268e
phase3_audit_full_v1,exploratory,audit,audit_benchmark,breast_cancer_wisconsin,mean_ensemble,adversarial_confidence_inflation,0.4,shadow,2,2,58,0,2,2727ab6a9b1cda0057f796596c088c568262893f331e30ea2e03d077acd25bf7
phase3_audit_full_v1,exploratory,audit,audit_benchmark,breast_cancer_wisconsin,static_weighted_ensemble,adversarial_confidence_inflation,0.4,shadow,2,2,58,0,2,ee65724d58e4dbb62a7953c972e4ca224ecdf758f12f8f0b1e6a779aefc0cc11
phase3_audit_full_v1,exploratory,audit,audit_benchmark,breast_cancer_wisconsin,veto_mavs,adversarial_confidence_inflation,0.4,shadow,2,2,58,58,2,e37e748bd1b53d54538e34a35ca634e3d12f052ba783c5d8c7987023f20c3931
phase3_audit_full_v1,exploratory,audit,audit_benchmark,breast_cancer_wisconsin,pure_mavs_gc,adversarial_confidence_inflation,0.4,shadow,2,2,58,58,2,11e05be90d2504251226a923595648651f3d9542866722d2b4ac854b6082da6a
phase3_audit_full_v1,exploratory,audit,audit_benchmark,breast_cancer_wisconsin,single_model,adversarial_confidence_inflation,0.6,audit,3,3,87,0,3,91cf67954e00ae693181e010cdd8a2d66ce9ea48196144c641c355aafbe14bcf
phase3_audit_full_v1,exploratory,audit,audit_benchmark,breast_cancer_wisconsin,mean_ensemble,adversarial_confidence_inflation,0.6,audit,3,3,87,0,3,07b63b9e596351b145104b0ed2b592a9e9460ed83227679e79c0b5953d0849cf
phase3_audit_full_v1,exploratory,audit,audit_benchmark,breast_cancer_wisconsin,static_weighted_ensemble,adversarial_confidence_inflation,0.6,audit,3,3,87,0,3,b4b895d4ca0f3ca742525a6e21a558793bd2a499477769540be37ba173abb0d0
phase3_audit_full_v1,exploratory,audit,audit_benchmark,breast_cancer_wisconsin,veto_mavs,adversarial_confidence_inflation,0.6,audit,3,3,87,87,3,9b19f8fe7af8dc05e760c1b95f8c22f9ea4aada98f123a645e3aea6acbd8e056
phase3_audit_full_v1,exploratory,audit,audit_benchmark,breast_cancer_wisconsin,pure_mavs_gc,adversarial_confidence_inflation,0.6,audit,3,3,87,87,3,7a5d36aaf6db00166d8b53126fece42cb1830fad9b82b18db1b7e1615cf91439
phase3_audit_full_v1,exploratory,audit,audit_benchmark,breast_cancer_wisconsin,single_model,adversarial_confidence_inflation,0.6,shadow,2,2,58,0,2,2473e16dfe71d4fdaba54efad1506137921f8841ad9e1696ce0eb2c5205d2215
phase3_audit_full_v1,exploratory,audit,audit_benchmark,breast_cancer_wisconsin,mean_ensemble,adversarial_confidence_inflation,0.6,shadow,2,2,58,0,2,f525b7b269c8169c06d46e02ac60c898ba4d702f45a7b18b70f783ae93b4dcbf
phase3_audit_full_v1,exploratory,audit,audit_benchmark,breast_cancer_wisconsin,static_weighted_ensemble,adversarial_confidence_inflation,0.6,shadow,2,2,58,0,2,1267494414d58526884493bf748d9b05673c60742a4755535640e8134703d835
phase3_audit_full_v1,exploratory,audit,audit_benchmark,breast_cancer_wisconsin,veto_mavs,adversarial_confidence_inflation,0.6,shadow,2,2,58,58,2,6f6f16924ed673291b9cd0485d147a7c973d76573c4fcbb36e2d30a516c5fefe
phase3_audit_full_v1,exploratory,audit,audit_benchmark,breast_cancer_wisconsin,pure_mavs_gc,adversarial_confidence_inflation,0.6,shadow,2,2,58,58,2,2cb6c24f2e7b1a508d1398e31d5cb11c977e8e0e14b0ccdc09ac949207cd2d7d
phase3_audit_full_v1,exploratory,audit,audit_benchmark,breast_cancer_wisconsin,single_model,adversarial_confidence_inflation,0.8,audit,3,3,87,0,3,6b25a719cf5782d4dadd98160d4510e0ff6f402c74f3142955171a524de54bc0
phase3_audit_full_v1,exploratory,audit,audit_benchmark,breast_cancer_wisconsin,mean_ensemble,adversarial_confidence_inflation,0.8,audit,3,3,87,0,3,276308f771468385811e3d0f9cc988b5cfe7f02d8bc9862441e007cf56845a6a
phase3_audit_full_v1,exploratory,audit,audit_benchmark,breast_cancer_wisconsin,static_weighted_ensemble,adversarial_confidence_inflation,0.8,audit,3,3,87,0,3,99384a514a471516073e2135805e1b0638d55d67afa53bc7728ad17ff8b9d730
phase3_audit_full_v1,exploratory,audit,audit_benchmark,breast_cancer_wisconsin,veto_mavs,adversarial_confidence_inflation,0.8,audit,3,3,87,87,3,b0c58d6fb21321384989ef898cb8ac6f192efdac16a54993dea0172b7a6a820f
phase3_audit_full_v1,exploratory,audit,audit_benchmark,breast_cancer_wisconsin,pure_mavs_gc,adversarial_confidence_inflation,0.8,audit,3,3,87,87,3,f38e9e1f50dc296fdf66fe727d343f9f6bc1bc17035210d15df3b8cf09855db9
phase3_audit_full_v1,exploratory,audit,audit_benchmark,breast_cancer_wisconsin,single_model,adversarial_confidence_inflation,0.8,shadow,2,2,58,0,2,f4260b71d7388605af8081bb3a3a1b97b3b88863e8547960d1f427837f55f8ff
phase3_audit_full_v1,exploratory,audit,audit_benchmark,breast_cancer_wisconsin,mean_ensemble,adversarial_confidence_inflation,0.8,shadow,2,2,58,0,2,216db3e9c8e0320950a22e67fdb84df2fe2cabf4066ee96baf7bca177bd90ba8
phase3_audit_full_v1,exploratory,audit,audit_benchmark,breast_cancer_wisconsin,static_weighted_ensemble,adversarial_confidence_inflation,0.8,shadow,2,2,58,0,2,8ab0e9d898da5189c45e1e9af6dab872f8076737fe5242b913543536bb0cfa0a
phase3_audit_full_v1,exploratory,audit,audit_benchmark,breast_cancer_wisconsin,veto_mavs,adversarial_confidence_inflation,0.8,shadow,2,2,58,58,2,da72b0a0d9c1ed903e0aec970787ad15fe43b777e97c8f0df9d297d8570fe69a
phase3_audit_full_v1,exploratory,audit,audit_benchmark,breast_cancer_wisconsin,pure_mavs_gc,adversarial_confidence_inflation,0.8,shadow,2,2,58,58,2,cb4c590f18d100bda1a99d47e093cdd35e86c6b6691442c7cb277a79675188b3
phase3_audit_full_v1,exploratory,audit,audit_benchmark,breast_cancer_wisconsin,single_model,adversarial_confidence_inflation,1.0,audit,3,3,87,0,3,2002734e6b670432dfaa7247b5d2e2b16a8f02902af351fd24222773db83d6fb
phase3_audit_full_v1,exploratory,audit,audit_benchmark,breast_cancer_wisconsin,mean_ensemble,adversarial_confidence_inflation,1.0,audit,3,3,87,0,3,132c2525ae9626f7d7979488d9d767abc6aeba300741eec9ad482740d580619e
phase3_audit_full_v1,exploratory,audit,audit_benchmark,breast_cancer_wisconsin,static_weighted_ensemble,adversarial_confidence_inflation,1.0,audit,3,3,87,0,3,6eea3f6c0f2c7b6aa590f8749450fd1da9e154480bd3db863c88e91445ea3e82
phase3_audit_full_v1,exploratory,audit,audit_benchmark,breast_cancer_wisconsin,veto_mavs,adversarial_confidence_inflation,1.0,audit,3,3,87,87,3,b380808bbf25bb482c21a386ac91cf5f3fb0b16f01b41d4e91a90d7089e3c094
phase3_audit_full_v1,exploratory,audit,audit_benchmark,breast_cancer_wisconsin,pure_mavs_gc,adversarial_confidence_inflation,1.0,audit,3,3,87,87,3,9263d5f49c9b545de248e4182c094756644d48a1a325ba2d5c692fc217fd9704
phase3_audit_full_v1,exploratory,audit,audit_benchmark,breast_cancer_wisconsin,single_model,adversarial_confidence_inflation,1.0,shadow,2,2,58,0,2,b2cde690700d0774614f12d9f39e1b2199f3138c3e6951cb50716995e8ba59cc
phase3_audit_full_v1,exploratory,audit,audit_benchmark,breast_cancer_wisconsin,mean_ensemble,adversarial_confidence_inflation,1.0,shadow,2,2,58,0,2,8a19934368dbec3a79290f6d6778e20bc88918ff7847f75aae66baa88cfcdd74
phase3_audit_full_v1,exploratory,audit,audit_benchmark,breast_cancer_wisconsin,static_weighted_ensemble,adversarial_confidence_inflation,1.0,shadow,2,2,58,0,2,d2921609d387a3c88f4d33c8a222902b3a02d54c28ac86b2af9c9022f90fde0f
phase3_audit_full_v1,exploratory,audit,audit_benchmark,breast_cancer_wisconsin,veto_mavs,adversarial_confidence_inflation,1.0,shadow,2,2,58,58,2,ba7bc84951ffa5feed190e6a31ef266b178957c0d2e9b9fe09d7cfcb8387e4ad
phase3_audit_full_v1,exploratory,audit,audit_benchmark,breast_cancer_wisconsin,pure_mavs_gc,adversarial_confidence_inflation,1.0,shadow,2,2,58,58,2,e4a3560c8beb0febd5ff31ca451b42a449021f1435f6e8f5f5b2c89e4d0ecaab
phase3_audit_full_v1,exploratory,audit,audit_benchmark,breast_cancer_wisconsin,single_model,distribution_shift,0.0,audit,3,3,87,0,3,3dbd153f1d54d6a2c469c85c222fbb22d74203bbf7fdeb06a1f6c49902efb832
phase3_audit_full_v1,exploratory,audit,audit_benchmark,breast_cancer_wisconsin,mean_ensemble,distribution_shift,0.0,audit,3,3,87,0,3,4b748fe66466030cedb0d0b6fe5d534cceeb51b43c8ebc4b7e52f3345d7d302d
phase3_audit_full_v1,exploratory,audit,audit_benchmark,breast_cancer_wisconsin,static_weighted_ensemble,distribution_shift,0.0,audit,3,3,87,0,3,cc81d7eb623e4542538477c20fe289840383f691296f20b96fb0df6e8b2d4e14
phase3_audit_full_v1,exploratory,audit,audit_benchmark,breast_cancer_wisconsin,veto_mavs,distribution_shift,0.0,audit,3,3,87,87,3,11817c9232bf7e5acba9886159fc8a95d81f13f4a300b5387527fca69c392f74
phase3_audit_full_v1,exploratory,audit,audit_benchmark,breast_cancer_wisconsin,pure_mavs_gc,distribution_shift,0.0,audit,3,3,87,87,3,6f2c6157767fa3f582a7267d3eef1841fba5314e385471921713c5736086b9af
phase3_audit_full_v1,exploratory,audit,audit_benchmark,breast_cancer_wisconsin,single_model,distribution_shift,0.0,shadow,2,2,58,0,2,fd65f6e5d88ed1d7c2b00bf2641b6ebb564cc285aaeb7b73e28c62e653285b98
phase3_audit_full_v1,exploratory,audit,audit_benchmark,breast_cancer_wisconsin,mean_ensemble,distribution_shift,0.0,shadow,2,2,58,0,2,d13094f56a13509834608ec7ed876f52cd323c50d49d1838e299f3beee38f92d
phase3_audit_full_v1,exploratory,audit,audit_benchmark,breast_cancer_wisconsin,static_weighted_ensemble,distribution_shift,0.0,shadow,2,2,58,0,2,31b1f680fb49cefd6dbe9943c76b2efa43f5c8bbde71e0d4c7c979537417144e
phase3_audit_full_v1,exploratory,audit,audit_benchmark,breast_cancer_wisconsin,veto_mavs,distribution_shift,0.0,shadow,2,2,58,58,2,bb49cde194b183dd921b7e51d3bac75a13ff2c10b553b2445e1214ab347c20b0
phase3_audit_full_v1,exploratory,audit,audit_benchmark,breast_cancer_wisconsin,pure_mavs_gc,distribution_shift,0.0,shadow,2,2,58,58,2,8f20819b09c42a6954c4f88d1a671ac12ff9c3d631e68a7c84df4ee10212ab69
phase3_audit_full_v1,exploratory,audit,audit_benchmark,breast_cancer_wisconsin,single_model,distribution_shift,0.05,audit,3,3,87,0,3,a7b69f58d9af35ca37c04947141c1d99d36ad8f302e7cdc224336d367a0c2fb2
phase3_audit_full_v1,exploratory,audit,audit_benchmark,breast_cancer_wisconsin,mean_ensemble,distribution_shift,0.05,audit,3,3,87,0,3,3d9572cfa7fdb1163df7abf75e8f95eeaf5e8a7f8694d29283d1480be1453a39
phase3_audit_full_v1,exploratory,audit,audit_benchmark,breast_cancer_wisconsin,static_weighted_ensemble,distribution_shift,0.05,audit,3,3,87,0,3,0b975f2e3297e79a38d740d8e8528845a560168a27fe8d364e9b29d9c527e38d
phase3_audit_full_v1,exploratory,audit,audit_benchmark,breast_cancer_wisconsin,veto_mavs,distribution_shift,0.05,audit,3,3,87,87,3,60f867b383cfa0db244eadb1a147190ca05b20460d5dd608e5172bcb7ae1b622
phase3_audit_full_v1,exploratory,audit,audit_benchmark,breast_cancer_wisconsin,pure_mavs_gc,distribution_shift,0.05,audit,3,3,87,87,3,3916bcf4657369dd5973581eb4084151144968b7911e3a78b493bca8950a973e
phase3_audit_full_v1,exploratory,audit,audit_benchmark,breast_cancer_wisconsin,single_model,distribution_shift,0.05,shadow,2,2,58,0,2,9b0d9b0c8fed69f00724f01078ce1f221cb57212a8b12898269db1b957667576
phase3_audit_full_v1,exploratory,audit,audit_benchmark,breast_cancer_wisconsin,mean_ensemble,distribution_shift,0.05,shadow,2,2,58,0,2,8f31ad3fcba5151b841ef6f375c21e669d7f860e29520dcdf71e6276779c5ae6
phase3_audit_full_v1,exploratory,audit,audit_benchmark,breast_cancer_wisconsin,static_weighted_ensemble,distribution_shift,0.05,shadow,2,2,58,0,2,e1275ee4fb41d16b29ae79cee4af82e87ba8f6f9b63a553f313053a5365bef92
phase3_audit_full_v1,exploratory,audit,audit_benchmark,breast_cancer_wisconsin,veto_mavs,distribution_shift,0.05,shadow,2,2,58,58,2,32ed1e22de78c11cc5365fcc19c8ddf2652b745abdb9d4ca65f449fa3b8f7873
phase3_audit_full_v1,exploratory,audit,audit_benchmark,breast_cancer_wisconsin,pure_mavs_gc,distribution_shift,0.05,shadow,2,2,58,58,2,cf15996601f11104b38f4440b2dd0b7849191c27d06a9fd36c325064ccda980c
phase3_audit_full_v1,exploratory,audit,audit_benchmark,breast_cancer_wisconsin,single_model,distribution_shift,0.1,audit,3,3,84,0,3,14ba1fa5971d4d3f84f5f764879be0b758c1901ab1e1f25abe3e3c3064c3b806
phase3_audit_full_v1,exploratory,audit,audit_benchmark,breast_cancer_wisconsin,mean_ensemble,distribution_shift,0.1,audit,3,3,84,0,3,6325f3cad3e561b5c060ff6f9a92c45677d1e7c77a15d62a579af69f2a2f351e
phase3_audit_full_v1,exploratory,audit,audit_benchmark,breast_cancer_wisconsin,static_weighted_ensemble,distribution_shift,0.1,audit,3,3,84,0,3,4b9ebf16f42ffe31745f61d72b8e09157202e8be08b3d170d0ea45780e4f043c
phase3_audit_full_v1,exploratory,audit,audit_benchmark,breast_cancer_wisconsin,veto_mavs,distribution_shift,0.1,audit,3,3,84,84,3,dff10de4adbc3cc1229e13830e80b4e22c7fdc29b7dbbb5035ffe47dbb725caf
phase3_audit_full_v1,exploratory,audit,audit_benchmark,breast_cancer_wisconsin,pure_mavs_gc,distribution_shift,0.1,audit,3,3,84,84,3,8d58e4e6ddb242a871836ac353446afd094e0ecf96c182076aea424c134cb35c
phase3_audit_full_v1,exploratory,audit,audit_benchmark,breast_cancer_wisconsin,single_model,distribution_shift,0.1,shadow,2,2,56,0,2,437a019f2c8e7baf426181b748f75aff51a0182f1d0fcbc754da3aa641d2e0a7
phase3_audit_full_v1,exploratory,audit,audit_benchmark,breast_cancer_wisconsin,mean_ensemble,distribution_shift,0.1,shadow,2,2,56,0,2,c14adf91237f5c8be5798a71b767db660b843504e3df6e7229265529c3798c66
phase3_audit_full_v1,exploratory,audit,audit_benchmark,breast_cancer_wisconsin,static_weighted_ensemble,distribution_shift,0.1,shadow,2,2,56,0,2,8de2303299295d3080639adce1476f8f42b29ced9f8baf1580cd7b0720b2b3c6
phase3_audit_full_v1,exploratory,audit,audit_benchmark,breast_cancer_wisconsin,veto_mavs,distribution_shift,0.1,shadow,2,2,56,56,2,e5b1fdb17e005c874f6b564e4a5b8a79a00c36519ee8eb589c490f9d3cd48f20
phase3_audit_full_v1,exploratory,audit,audit_benchmark,breast_cancer_wisconsin,pure_mavs_gc,distribution_shift,0.1,shadow,2,2,56,56,2,bb3b243a3dd3a369a76d1f571ff4b3c1f9cbddd941772fb3fe1d040b99cf32cd
phase3_audit_full_v1,exploratory,audit,audit_benchmark,breast_cancer_wisconsin,single_model,distribution_shift,0.2,audit,3,3,78,0,3,8b2087b814bf3f4d0e7469c9ba0a3a14981533b9ea5e9a4c785ec5cbe8b705c3
phase3_audit_full_v1,exploratory,audit,audit_benchmark,breast_cancer_wisconsin,mean_ensemble,distribution_shift,0.2,audit,3,3,78,0,3,0fe3f4dca72a965d2cd64a35868076d621321852d72d18eee58b52b092fc6fb4
phase3_audit_full_v1,exploratory,audit,audit_benchmark,breast_cancer_wisconsin,static_weighted_ensemble,distribution_shift,0.2,audit,3,3,78,0,3,42f43b0264901333056cb495074e2d55c440a49d046353eb7dbfaed89b89fbe8
phase3_audit_full_v1,exploratory,audit,audit_benchmark,breast_cancer_wisconsin,veto_mavs,distribution_shift,0.2,audit,3,3,78,78,3,89f78a74f4df6b5130f2eeb2b692bdaf6445c195867efe3e53a4e9125f82a84d
phase3_audit_full_v1,exploratory,audit,audit_benchmark,breast_cancer_wisconsin,pure_mavs_gc,distribution_shift,0.2,audit,3,3,78,78,3,9c2fcdfe1887a9045a47c9c4dd9951309da6aa9cd2605a5b76a3b5363273669b
phase3_audit_full_v1,exploratory,audit,audit_benchmark,breast_cancer_wisconsin,single_model,distribution_shift,0.2,shadow,2,2,52,0,2,5a10251aba36af7ea6601edb29b4b100ae45613767f74d97ce9cf6fa563a458c
phase3_audit_full_v1,exploratory,audit,audit_benchmark,breast_cancer_wisconsin,mean_ensemble,distribution_shift,0.2,shadow,2,2,52,0,2,906013c2246807bd775752fddee45255ff7ac9f0d9c6ebdc2f4a9ca9eafd39ff
phase3_audit_full_v1,exploratory,audit,audit_benchmark,breast_cancer_wisconsin,static_weighted_ensemble,distribution_shift,0.2,shadow,2,2,52,0,2,0c4ca7620cf839969b321fbfd7a854b54a015492d201fea937b93601728a87c4
phase3_audit_full_v1,exploratory,audit,audit_benchmark,breast_cancer_wisconsin,veto_mavs,distribution_shift,0.2,shadow,2,2,52,52,2,2c9e63bc7f54d728324436025e0b004d2527e752adea8197a55ebe4bee2f2394
phase3_audit_full_v1,exploratory,audit,audit_benchmark,breast_cancer_wisconsin,pure_mavs_gc,distribution_shift,0.2,shadow,2,2,52,52,2,f3f632c32d68dcc5312eb9ba4da664c328ae7af66688d94d7379d675a6f86a9f
phase3_audit_full_v1,exploratory,audit,audit_benchmark,breast_cancer_wisconsin,single_model,distribution_shift,0.4,audit,3,3,66,0,3,ac906bd9e512a289cf94e0f0a51e26281e107f3680afec6f061886333e901c5a
phase3_audit_full_v1,exploratory,audit,audit_benchmark,breast_cancer_wisconsin,mean_ensemble,distribution_shift,0.4,audit,3,3,66,0,3,714f0adacd3e41c5192197ffd01604ad64e93ff88abd20615773f0d03b481f9a
phase3_audit_full_v1,exploratory,audit,audit_benchmark,breast_cancer_wisconsin,static_weighted_ensemble,distribution_shift,0.4,audit,3,3,66,0,3,3a58535a3d9edcad66418c2a6093b65e877966986a85ca6b155f92f8cefcfe9e
phase3_audit_full_v1,exploratory,audit,audit_benchmark,breast_cancer_wisconsin,veto_mavs,distribution_shift,0.4,audit,3,3,66,66,3,c023240914bbd1bfee16c90d3ac54618bf76df5c08a708ad1fefc1e3e4539465
phase3_audit_full_v1,exploratory,audit,audit_benchmark,breast_cancer_wisconsin,pure_mavs_gc,distribution_shift,0.4,audit,3,3,66,66,3,a4392a267c429732743f8d3a4e5d865f5bd8ddf2b5d37502cb4dcd664b9626c5
phase3_audit_full_v1,exploratory,audit,audit_benchmark,breast_cancer_wisconsin,single_model,distribution_shift,0.4,shadow,2,2,44,0,2,0794ec6828a35e2a3bc419f216f9b4cd625ec700280c67645abc673ddc6d1444
phase3_audit_full_v1,exploratory,audit,audit_benchmark,breast_cancer_wisconsin,mean_ensemble,distribution_shift,0.4,shadow,2,2,44,0,2,02330a32a6f21691cbe5e248dc33c21a3929657964e9512282c190b1dd3748dc
phase3_audit_full_v1,exploratory,audit,audit_benchmark,breast_cancer_wisconsin,static_weighted_ensemble,distribution_shift,0.4,shadow,2,2,44,0,2,de932a5aed526ab91026daceebf1c2c9233e25ef32387108cc04e6635e0456e8
phase3_audit_full_v1,exploratory,audit,audit_benchmark,breast_cancer_wisconsin,veto_mavs,distribution_shift,0.4,shadow,2,2,44,44,2,fb88e6ae4019ed9b01ed291e45f296e45b408db434696d8a6a00c2152afa6a78
phase3_audit_full_v1,exploratory,audit,audit_benchmark,breast_cancer_wisconsin,pure_mavs_gc,distribution_shift,0.4,shadow,2,2,44,44,2,03802f2159e2e923b583e20d13a121022c09826dff394e23a24a6be8201e76a8
phase3_audit_full_v1,exploratory,audit,audit_benchmark,breast_cancer_wisconsin,single_model,distribution_shift,0.6,audit,3,3,54,0,3,5b45f6277d41597a42c93368dd30d85cc8b546b1f7386b980606f6f4986b1ceb
phase3_audit_full_v1,exploratory,audit,audit_benchmark,breast_cancer_wisconsin,mean_ensemble,distribution_shift,0.6,audit,3,3,54,0,3,ce272cc9531f4f1a4acae54a26cb7b0e5a216e29b29c138eb9884615df6fe3c5
phase3_audit_full_v1,exploratory,audit,audit_benchmark,breast_cancer_wisconsin,static_weighted_ensemble,distribution_shift,0.6,audit,3,3,54,0,3,ae105b3dc8b2952e22c1ab918fdfc324f2212ee5fec4bfeb5a611730707dff16
phase3_audit_full_v1,exploratory,audit,audit_benchmark,breast_cancer_wisconsin,veto_mavs,distribution_shift,0.6,audit,3,3,54,54,3,7c632a2417577029e1990771766c4eaae64deb63543b9f8af16ff5e985604903
phase3_audit_full_v1,exploratory,audit,audit_benchmark,breast_cancer_wisconsin,pure_mavs_gc,distribution_shift,0.6,audit,3,3,54,54,3,bb87b28c2e61963cbf7852bceec7a783d5c17e6b8c3e431bc526d5dc8626f0b8
phase3_audit_full_v1,exploratory,audit,audit_benchmark,breast_cancer_wisconsin,single_model,distribution_shift,0.6,shadow,2,2,36,0,2,83b1e7a11191226ad25ca181e4c9ef127ce7d563e7ca4a2dfad720c6c8279b23
phase3_audit_full_v1,exploratory,audit,audit_benchmark,breast_cancer_wisconsin,mean_ensemble,distribution_shift,0.6,shadow,2,2,36,0,2,d4a735f9fee0a30332a9556ace2b1e4b62d4187db6db88e3100f4a0ae1d5c5ad
phase3_audit_full_v1,exploratory,audit,audit_benchmark,breast_cancer_wisconsin,static_weighted_ensemble,distribution_shift,0.6,shadow,2,2,36,0,2,6e254f3ca879486bdd7d44af201edf24e35d0d3554f17a04505c9df7e7e079ca
phase3_audit_full_v1,exploratory,audit,audit_benchmark,breast_cancer_wisconsin,veto_mavs,distribution_shift,0.6,shadow,2,2,36,36,2,82cd45312d054ee4b0523250acb1b64f8cbb5a73f7192db11bd4dbb5c872f6ca
phase3_audit_full_v1,exploratory,audit,audit_benchmark,breast_cancer_wisconsin,pure_mavs_gc,distribution_shift,0.6,shadow,2,2,36,36,2,5a75fc00b1e40f34e220646ce217e8a2737eba9abc031dc75ea7365ce0f5c29d
phase3_audit_full_v1,exploratory,audit,audit_benchmark,breast_cancer_wisconsin,single_model,distribution_shift,0.8,audit,3,3,42,0,3,c6e098242fce4a9e0c4634344005bf69306876e0bfaaf3c49d2fc452ff929c30
phase3_audit_full_v1,exploratory,audit,audit_benchmark,breast_cancer_wisconsin,mean_ensemble,distribution_shift,0.8,audit,3,3,42,0,3,36fe6915f3f1179474d07470c85ce632a6e2ab4359826a8c3920b5be508e9d77
phase3_audit_full_v1,exploratory,audit,audit_benchmark,breast_cancer_wisconsin,static_weighted_ensemble,distribution_shift,0.8,audit,3,3,42,0,3,febd8579ab637e3d2d3799438d2be5700c44b5c19af1244e10a09aa3c919de37
phase3_audit_full_v1,exploratory,audit,audit_benchmark,breast_cancer_wisconsin,veto_mavs,distribution_shift,0.8,audit,3,3,42,42,3,718bb74fb0607107c9d7fc33ce928bf1d4d7d92b44a5fc7191b1c07851e1f396
phase3_audit_full_v1,exploratory,audit,audit_benchmark,breast_cancer_wisconsin,pure_mavs_gc,distribution_shift,0.8,audit,3,3,42,42,3,e8ea5ca7d0ae8da8ba44debaad3e14b2314ad586efe1ce474252fa9d666116d2
phase3_audit_full_v1,exploratory,audit,audit_benchmark,breast_cancer_wisconsin,single_model,distribution_shift,0.8,shadow,2,2,28,0,2,4294202f6aac1aee64e42b27e074dd5b73c4d8a009e1565d727505ab196801a9
phase3_audit_full_v1,exploratory,audit,audit_benchmark,breast_cancer_wisconsin,mean_ensemble,distribution_shift,0.8,shadow,2,2,28,0,2,55142ba10db4bbba59a05c9e769e4b144ffb06625e4e62750a76fa7b58ee4b9f
phase3_audit_full_v1,exploratory,audit,audit_benchmark,breast_cancer_wisconsin,static_weighted_ensemble,distribution_shift,0.8,shadow,2,2,28,0,2,7fa1163ae6ac3f19f8bcd41796c9f8b0ee78b033734b108e0299876243229d58
phase3_audit_full_v1,exploratory,audit,audit_benchmark,breast_cancer_wisconsin,veto_mavs,distribution_shift,0.8,shadow,2,2,28,28,2,d9f9abb2ac96d6c57bd73c36816d22a976e484708a81a88eaab8c9ec2b9ef5e3
phase3_audit_full_v1,exploratory,audit,audit_benchmark,breast_cancer_wisconsin,pure_mavs_gc,distribution_shift,0.8,shadow,2,2,28,28,2,155dfe0fd791973ed211601b3cedf8118df637f38a669d5a9472053c52053cd6
phase3_audit_full_v1,exploratory,audit,audit_benchmark,breast_cancer_wisconsin,single_model,distribution_shift,1.0,audit,3,3,33,0,3,ba3554c91097bfb8e94635043dee08d69d027b6d698c5d12471403010b16ae7e
phase3_audit_full_v1,exploratory,audit,audit_benchmark,breast_cancer_wisconsin,mean_ensemble,distribution_shift,1.0,audit,3,3,33,0,3,e02676c963b718af287493e390d71e7e8b085d05d8aca58a6e00354c66b512a8
phase3_audit_full_v1,exploratory,audit,audit_benchmark,breast_cancer_wisconsin,static_weighted_ensemble,distribution_shift,1.0,audit,3,3,33,0,3,38a9042ca27d77d26a645f2105abb31a848dcf11b5828a3124f1705b94face23
phase3_audit_full_v1,exploratory,audit,audit_benchmark,breast_cancer_wisconsin,veto_mavs,distribution_shift,1.0,audit,3,3,33,33,3,0302847f4b953496079243ee6a20ff28904e532a497569cb1e35ce2b7e0b5507
phase3_audit_full_v1,exploratory,audit,audit_benchmark,breast_cancer_wisconsin,pure_mavs_gc,distribution_shift,1.0,audit,3,3,33,33,3,9d452d26badf21b4b907aede1074af255478edf0f528966f13153e695d8b403a
phase3_audit_full_v1,exploratory,audit,audit_benchmark,breast_cancer_wisconsin,single_model,distribution_shift,1.0,shadow,2,2,22,0,2,0b4473f0ce3e1fdb2f5272610a8d4eb32ee54d02b9a316d9e4a415933b642f1b
phase3_audit_full_v1,exploratory,audit,audit_benchmark,breast_cancer_wisconsin,mean_ensemble,distribution_shift,1.0,shadow,2,2,22,0,2,f79e434bee0cd9daa9e4d49e2759b0addbf443f161563f1f5e0ef0d33a70cae2
phase3_audit_full_v1,exploratory,audit,audit_benchmark,breast_cancer_wisconsin,static_weighted_ensemble,distribution_shift,1.0,shadow,2,2,22,0,2,4b47c37aa3f4614f8edef1f8fe23369ae65c3f392cd890c74b8576327c8f1dfe
phase3_audit_full_v1,exploratory,audit,audit_benchmark,breast_cancer_wisconsin,veto_mavs,distribution_shift,1.0,shadow,2,2,22,22,2,6b158bf7c92ae9bb962b0ebd83066d2f5f2e0d2d5d0462f3018a100dd043ef49
phase3_audit_full_v1,exploratory,audit,audit_benchmark,breast_cancer_wisconsin,pure_mavs_gc,distribution_shift,1.0,shadow,2,2,22,22,2,6d59d95de7c8eea9b96294d7afda365c2dfc5b3f12fea1573cdb62f012989218
phase3_audit_full_v1,exploratory,audit,audit_benchmark,breast_cancer_wisconsin,single_model,synthetic_sensor_failure,0.0,audit,3,3,87,0,3,16caf26c053514611d00a184d66aeb73c403de978daf99cf8b4facbb234b1bef
phase3_audit_full_v1,exploratory,audit,audit_benchmark,breast_cancer_wisconsin,mean_ensemble,synthetic_sensor_failure,0.0,audit,3,3,87,0,3,592dbe85c0cc3781b24192c30bc541765d07a63da6c6d8591321b56227d27f93
phase3_audit_full_v1,exploratory,audit,audit_benchmark,breast_cancer_wisconsin,static_weighted_ensemble,synthetic_sensor_failure,0.0,audit,3,3,87,0,3,3f98771eab89640a46da5db393af858f0f1aef7b52c11f4e20cf51e1dbd0d7e3
phase3_audit_full_v1,exploratory,audit,audit_benchmark,breast_cancer_wisconsin,veto_mavs,synthetic_sensor_failure,0.0,audit,3,3,87,87,3,fbd8d5684646560374ec95fe4b131cc2db4753b6d4c5120ccd7c950eda459e7d
phase3_audit_full_v1,exploratory,audit,audit_benchmark,breast_cancer_wisconsin,pure_mavs_gc,synthetic_sensor_failure,0.0,audit,3,3,87,87,3,c6bfb797230f9aac7a43b62f178d23bac9261864aae5ed319d2be5f26fd25f6a
phase3_audit_full_v1,exploratory,audit,audit_benchmark,breast_cancer_wisconsin,single_model,synthetic_sensor_failure,0.0,shadow,2,2,58,0,2,e0641e6bf0802e6109063dde2c37db56cab70106ee99954aa43d581db5805279
phase3_audit_full_v1,exploratory,audit,audit_benchmark,breast_cancer_wisconsin,mean_ensemble,synthetic_sensor_failure,0.0,shadow,2,2,58,0,2,d6dac391307308eb19411156c3a4e393d5ad2bf7382b322cc33af33b35b64284
phase3_audit_full_v1,exploratory,audit,audit_benchmark,breast_cancer_wisconsin,static_weighted_ensemble,synthetic_sensor_failure,0.0,shadow,2,2,58,0,2,932eab595dd736d1c454d63d6bd5d809571a2dff86327282a678ce0c769ab807
phase3_audit_full_v1,exploratory,audit,audit_benchmark,breast_cancer_wisconsin,veto_mavs,synthetic_sensor_failure,0.0,shadow,2,2,58,58,2,cd66dc9a2049434774704e6911f4d37ca8af6e958fc67d16c1e12c0e9ec2b219
phase3_audit_full_v1,exploratory,audit,audit_benchmark,breast_cancer_wisconsin,pure_mavs_gc,synthetic_sensor_failure,0.0,shadow,2,2,58,58,2,dde32d38d257c4650270131fa102d2bdc0371d957712fc2f0cd4f01a68ff6d05
phase3_audit_full_v1,exploratory,audit,audit_benchmark,breast_cancer_wisconsin,single_model,synthetic_sensor_failure,0.05,audit,3,3,87,0,3,a1feabdd6e406f7e79f60697967293c38f8b0a8ea8aa48f45226ab455974e2a1
phase3_audit_full_v1,exploratory,audit,audit_benchmark,breast_cancer_wisconsin,mean_ensemble,synthetic_sensor_failure,0.05,audit,3,3,87,0,3,987dbdc2720b6c1cd10ac47485b140498b691a7350c9c56a9264db3938acb36f
phase3_audit_full_v1,exploratory,audit,audit_benchmark,breast_cancer_wisconsin,static_weighted_ensemble,synthetic_sensor_failure,0.05,audit,3,3,87,0,3,53a3214acb40edc4c72a5e92cdd58e4cc0a9682fceef2256a204f6c66a679942
phase3_audit_full_v1,exploratory,audit,audit_benchmark,breast_cancer_wisconsin,veto_mavs,synthetic_sensor_failure,0.05,audit,3,3,87,87,3,eddc378bc88a34d1e7534a6f3b9d2a53985b051d7fbcbe01b09c85d0c1f1f1c8
phase3_audit_full_v1,exploratory,audit,audit_benchmark,breast_cancer_wisconsin,pure_mavs_gc,synthetic_sensor_failure,0.05,audit,3,3,87,87,3,a4cbac86301f1263345c3fb5a8455055efa68cce64021082635c5ca70ffe81b3
phase3_audit_full_v1,exploratory,audit,audit_benchmark,breast_cancer_wisconsin,single_model,synthetic_sensor_failure,0.05,shadow,2,2,58,0,2,a594b04fc3856bc6b89d2ae434ffcf098141cc0a307140140d4f389eeb1d4a50
phase3_audit_full_v1,exploratory,audit,audit_benchmark,breast_cancer_wisconsin,mean_ensemble,synthetic_sensor_failure,0.05,shadow,2,2,58,0,2,bff022de95b628794546dec81ce4911c0322a8b69588efdd3d8a90ec44186095
phase3_audit_full_v1,exploratory,audit,audit_benchmark,breast_cancer_wisconsin,static_weighted_ensemble,synthetic_sensor_failure,0.05,shadow,2,2,58,0,2,a9c5daf93c036a459b054945a64ed08f951e88188e1a5dfee801b2ddac6d4ad1
phase3_audit_full_v1,exploratory,audit,audit_benchmark,breast_cancer_wisconsin,veto_mavs,synthetic_sensor_failure,0.05,shadow,2,2,58,58,2,833340520fce6e3d3f867f7d2e8df4674a1e3d7c6ece6ab9a2cc6d14f7035a35
phase3_audit_full_v1,exploratory,audit,audit_benchmark,breast_cancer_wisconsin,pure_mavs_gc,synthetic_sensor_failure,0.05,shadow,2,2,58,58,2,42e06201cc8c5c7935562deb03939970ab2f8390211d02211a7af182969b70c7
phase3_audit_full_v1,exploratory,audit,audit_benchmark,breast_cancer_wisconsin,single_model,synthetic_sensor_failure,0.1,audit,3,3,87,0,3,07751e700292e3a0abd43a5dc33cf637c2bcb276945867e138e8cb712e483146
phase3_audit_full_v1,exploratory,audit,audit_benchmark,breast_cancer_wisconsin,mean_ensemble,synthetic_sensor_failure,0.1,audit,3,3,87,0,3,736e1b59e29da6703b9d30a0122a37c9ae99ff52df9b1a5cc1c87c23d2dcdaa7
phase3_audit_full_v1,exploratory,audit,audit_benchmark,breast_cancer_wisconsin,static_weighted_ensemble,synthetic_sensor_failure,0.1,audit,3,3,87,0,3,e40f06049e6f534571565823a790ceb40d0790fab890791dedebed00b79badac
phase3_audit_full_v1,exploratory,audit,audit_benchmark,breast_cancer_wisconsin,veto_mavs,synthetic_sensor_failure,0.1,audit,3,3,87,87,3,027c4919ddac6c209a58ccc94d73d0398b3d5227cb692b9624580c63b3fcd306
phase3_audit_full_v1,exploratory,audit,audit_benchmark,breast_cancer_wisconsin,pure_mavs_gc,synthetic_sensor_failure,0.1,audit,3,3,87,87,3,e569ec1e8506e16c454e579c3824d04cf74b3dc91fd6d240ce614a77a461c4f5
phase3_audit_full_v1,exploratory,audit,audit_benchmark,breast_cancer_wisconsin,single_model,synthetic_sensor_failure,0.1,shadow,2,2,58,0,2,0f0254ddc5d25a0ca7ce0e7063c11d3ee23482d4114ca8c90165545f1abfb7c2
phase3_audit_full_v1,exploratory,audit,audit_benchmark,breast_cancer_wisconsin,mean_ensemble,synthetic_sensor_failure,0.1,shadow,2,2,58,0,2,592678ce65ecf5c54a518987de73f0a27c4c642f1a2a5393766c9a9c2f48851f
phase3_audit_full_v1,exploratory,audit,audit_benchmark,breast_cancer_wisconsin,static_weighted_ensemble,synthetic_sensor_failure,0.1,shadow,2,2,58,0,2,1bf2b282cf9d5d4edaf3bb1b119832c1cf4d6b6335d712c41c1d8cef2762e29d
phase3_audit_full_v1,exploratory,audit,audit_benchmark,breast_cancer_wisconsin,veto_mavs,synthetic_sensor_failure,0.1,shadow,2,2,58,58,2,b3ab72767ae896a424449ae9e93a2326eb3eb5714fd52416e5e9aaf50d7daaaf
phase3_audit_full_v1,exploratory,audit,audit_benchmark,breast_cancer_wisconsin,pure_mavs_gc,synthetic_sensor_failure,0.1,shadow,2,2,58,58,2,ce7b8345b61539267e8d7214c6e861fbe77e46c24d333486748a7a116eefa933
phase3_audit_full_v1,exploratory,audit,audit_benchmark,breast_cancer_wisconsin,single_model,synthetic_sensor_failure,0.2,audit,3,3,87,0,3,cfd729d1848d15b259c37d400a9948760b78dd29044a940cd9166f8198cb9907
phase3_audit_full_v1,exploratory,audit,audit_benchmark,breast_cancer_wisconsin,mean_ensemble,synthetic_sensor_failure,0.2,audit,3,3,87,0,3,0fadeeff3bbe3f0d0504e3fd2f79caba269659c254f1a6e35f2f550ef15e76dc
phase3_audit_full_v1,exploratory,audit,audit_benchmark,breast_cancer_wisconsin,static_weighted_ensemble,synthetic_sensor_failure,0.2,audit,3,3,87,0,3,19a5ed426ea4a4cf1681368c94430e32aba232c0b53630903c8ea67d6913ce12
phase3_audit_full_v1,exploratory,audit,audit_benchmark,breast_cancer_wisconsin,veto_mavs,synthetic_sensor_failure,0.2,audit,3,3,87,87,3,dc2c572bd304ee94731db668a0a134ca43879bcaa83fbef3d38fb1c849808dd8
phase3_audit_full_v1,exploratory,audit,audit_benchmark,breast_cancer_wisconsin,pure_mavs_gc,synthetic_sensor_failure,0.2,audit,3,3,87,87,3,f05522162a98dce7d976cda94ca1dce5c3f6d70a62e9ad19c1022d516a7e2229
phase3_audit_full_v1,exploratory,audit,audit_benchmark,breast_cancer_wisconsin,single_model,synthetic_sensor_failure,0.2,shadow,2,2,58,0,2,de1eb2dfe4d21e24e4dc4ab93b7f2252f905e973bce223565919b5855d977fcf
phase3_audit_full_v1,exploratory,audit,audit_benchmark,breast_cancer_wisconsin,mean_ensemble,synthetic_sensor_failure,0.2,shadow,2,2,58,0,2,edb592323d5c813a46743f7eca43c3dfa5f3b1e8bf5222a5329ea360c44780c9
phase3_audit_full_v1,exploratory,audit,audit_benchmark,breast_cancer_wisconsin,static_weighted_ensemble,synthetic_sensor_failure,0.2,shadow,2,2,58,0,2,523599219007ed4c8c6fa31ac6db85dd7b84a8aa88a15a3d6b5048a34e0335cb
phase3_audit_full_v1,exploratory,audit,audit_benchmark,breast_cancer_wisconsin,veto_mavs,synthetic_sensor_failure,0.2,shadow,2,2,58,58,2,c879be5ab2f1447ad83a9e497f933b7293626a88f7542a5fe18733bee9de36ef
phase3_audit_full_v1,exploratory,audit,audit_benchmark,breast_cancer_wisconsin,pure_mavs_gc,synthetic_sensor_failure,0.2,shadow,2,2,58,58,2,7ea9f338411c38350459124c4cb2609a65fc4484389cb0f344cc545c9fae9ae1
phase3_audit_full_v1,exploratory,audit,audit_benchmark,breast_cancer_wisconsin,single_model,synthetic_sensor_failure,0.4,audit,3,3,87,0,3,3f1683dd71c39216790ebca78f766678b79a1b4b16128f523e5b97680a4830b9
phase3_audit_full_v1,exploratory,audit,audit_benchmark,breast_cancer_wisconsin,mean_ensemble,synthetic_sensor_failure,0.4,audit,3,3,87,0,3,54abeac812443d2d6f079d6f74ba6f1f862865940f280bb34b36dab5c2ede929
phase3_audit_full_v1,exploratory,audit,audit_benchmark,breast_cancer_wisconsin,static_weighted_ensemble,synthetic_sensor_failure,0.4,audit,3,3,87,0,3,0c587c8ccb04b9e9b6c66a725aaf4b5d6d4ef95cb7126c1a3304d867b2535206
phase3_audit_full_v1,exploratory,audit,audit_benchmark,breast_cancer_wisconsin,veto_mavs,synthetic_sensor_failure,0.4,audit,3,3,87,87,3,73bcb5bcf32e71b3c724688c1e3e513df203c7d65948ef01db28cd1dffd7d091
phase3_audit_full_v1,exploratory,audit,audit_benchmark,breast_cancer_wisconsin,pure_mavs_gc,synthetic_sensor_failure,0.4,audit,3,3,87,87,3,d77f931958f04cd0401d673ab1e02012262129ebb5e94c163a3607b2741e2133
phase3_audit_full_v1,exploratory,audit,audit_benchmark,breast_cancer_wisconsin,single_model,synthetic_sensor_failure,0.4,shadow,2,2,58,0,2,a57703d5e7f49654dbf205a46385490e06fb1417d1cd8d3c6f822caa9e03b925
phase3_audit_full_v1,exploratory,audit,audit_benchmark,breast_cancer_wisconsin,mean_ensemble,synthetic_sensor_failure,0.4,shadow,2,2,58,0,2,b89eabfc7eba185affa14552b7ce7e0c605f59b7518b12133172e112eae115ee
phase3_audit_full_v1,exploratory,audit,audit_benchmark,breast_cancer_wisconsin,static_weighted_ensemble,synthetic_sensor_failure,0.4,shadow,2,2,58,0,2,1644ff02fbf6b67e4d65844ec88021e879a6d4b6a4561082ea1af6e154303869
phase3_audit_full_v1,exploratory,audit,audit_benchmark,breast_cancer_wisconsin,veto_mavs,synthetic_sensor_failure,0.4,shadow,2,2,58,58,2,005d719c849a530bbdb076d30c5e1a5e82f16d3cc14787964c067d6b8fcae3cf
phase3_audit_full_v1,exploratory,audit,audit_benchmark,breast_cancer_wisconsin,pure_mavs_gc,synthetic_sensor_failure,0.4,shadow,2,2,58,58,2,9b0a8cbd84aadee54a474ae481dfb3710c246635ef61881bc2fd2365763fe764
phase3_audit_full_v1,exploratory,audit,audit_benchmark,breast_cancer_wisconsin,single_model,synthetic_sensor_failure,0.6,audit,3,3,87,0,3,dd5a927a0984b6e0869e47e82cb77d13cdb38e9a78635a560ef3ec7c9d98ae10
phase3_audit_full_v1,exploratory,audit,audit_benchmark,breast_cancer_wisconsin,mean_ensemble,synthetic_sensor_failure,0.6,audit,3,3,87,0,3,0223683e2ac8d13bcc0ecd3a7b1ffe341380ff109a87acbbab2ee05ffe132db4
phase3_audit_full_v1,exploratory,audit,audit_benchmark,breast_cancer_wisconsin,static_weighted_ensemble,synthetic_sensor_failure,0.6,audit,3,3,87,0,3,aba257fdb9537ac20b518057178a310c1ac93beac2074ce239ce43a93345120e
phase3_audit_full_v1,exploratory,audit,audit_benchmark,breast_cancer_wisconsin,veto_mavs,synthetic_sensor_failure,0.6,audit,3,3,87,87,3,6cbad9a861c46417c29e31a353d4a6edaa11f626216d25364de6b25ebb8d9155
phase3_audit_full_v1,exploratory,audit,audit_benchmark,breast_cancer_wisconsin,pure_mavs_gc,synthetic_sensor_failure,0.6,audit,3,3,87,87,3,2ab4dc1b535b2910a6138b8aad8ddfbb77e41fbe07d0325800aaeb6c61d9de0a
phase3_audit_full_v1,exploratory,audit,audit_benchmark,breast_cancer_wisconsin,single_model,synthetic_sensor_failure,0.6,shadow,2,2,58,0,2,cc501e0e80ec54eb0e5f5071ca3519480a776fceb412d09b02b2be9e25224872
phase3_audit_full_v1,exploratory,audit,audit_benchmark,breast_cancer_wisconsin,mean_ensemble,synthetic_sensor_failure,0.6,shadow,2,2,58,0,2,ebe1037d71c5ce1ab8862ce4bd64ec7220314eec0eadfada5af6d099ef1e3d0e
phase3_audit_full_v1,exploratory,audit,audit_benchmark,breast_cancer_wisconsin,static_weighted_ensemble,synthetic_sensor_failure,0.6,shadow,2,2,58,0,2,e35d76c15c55b502f7cfc63b240fb278bdfc332290f27fa3beba11bf463bbbaa
phase3_audit_full_v1,exploratory,audit,audit_benchmark,breast_cancer_wisconsin,veto_mavs,synthetic_sensor_failure,0.6,shadow,2,2,58,58,2,b3167c72234a7cca268bc08747540dff54afc606b9c9f52f20ce51b8bda63685
phase3_audit_full_v1,exploratory,audit,audit_benchmark,breast_cancer_wisconsin,pure_mavs_gc,synthetic_sensor_failure,0.6,shadow,2,2,58,58,2,1fa55900db7f1a775a03edf7d89cae2cf77214325862c339cd56d85231119d5b
phase3_audit_full_v1,exploratory,audit,audit_benchmark,breast_cancer_wisconsin,single_model,synthetic_sensor_failure,0.8,audit,3,3,87,0,3,5b989d83fc1de87c6ceeb659b6537587efc21b842c79ddf6fa22ecfb4cf540d1
phase3_audit_full_v1,exploratory,audit,audit_benchmark,breast_cancer_wisconsin,mean_ensemble,synthetic_sensor_failure,0.8,audit,3,3,87,0,3,10f874e5644728ff5472882dfb9981164edd483b67ad834bc4b9af3c87a5368b
phase3_audit_full_v1,exploratory,audit,audit_benchmark,breast_cancer_wisconsin,static_weighted_ensemble,synthetic_sensor_failure,0.8,audit,3,3,87,0,3,f555b970040e2ba1554ae437fef2e7348d9fed1376a05b9fc563e97df8187761
phase3_audit_full_v1,exploratory,audit,audit_benchmark,breast_cancer_wisconsin,veto_mavs,synthetic_sensor_failure,0.8,audit,3,3,87,87,3,a9dffc17e93b784678f3a496cea3adf94d8774b39fcf05c4ecc29b5f2b79cbad
phase3_audit_full_v1,exploratory,audit,audit_benchmark,breast_cancer_wisconsin,pure_mavs_gc,synthetic_sensor_failure,0.8,audit,3,3,87,87,3,ebfb032ccdcbdd2e5fce84fe7de8625852b960b960dd04caf722c69aeb3871c4
phase3_audit_full_v1,exploratory,audit,audit_benchmark,breast_cancer_wisconsin,single_model,synthetic_sensor_failure,0.8,shadow,2,2,58,0,2,36948c0c6ea915f2d4704aca18d8d334f7f2d2518a40a3307671f826bf6ae2fa
phase3_audit_full_v1,exploratory,audit,audit_benchmark,breast_cancer_wisconsin,mean_ensemble,synthetic_sensor_failure,0.8,shadow,2,2,58,0,2,f2da7d35ec4ee85e5764c131a480ff8ef25416ac3491b77211288f6127a35caf
phase3_audit_full_v1,exploratory,audit,audit_benchmark,breast_cancer_wisconsin,static_weighted_ensemble,synthetic_sensor_failure,0.8,shadow,2,2,58,0,2,0354d52c3b398907d8a77141657b1df439582a3932b0981af27314523eca82a3
phase3_audit_full_v1,exploratory,audit,audit_benchmark,breast_cancer_wisconsin,veto_mavs,synthetic_sensor_failure,0.8,shadow,2,2,58,58,2,c9462e5079abf545268d7f3938c1a0a09a1b2fdb86a90b1d786ba81c16c482d9
phase3_audit_full_v1,exploratory,audit,audit_benchmark,breast_cancer_wisconsin,pure_mavs_gc,synthetic_sensor_failure,0.8,shadow,2,2,58,58,2,9c3efee2e0b6d2a2029565948f6a452eda2fc60077cbcd3f43ef7de6da1a82d9
phase3_audit_full_v1,exploratory,audit,audit_benchmark,breast_cancer_wisconsin,single_model,synthetic_sensor_failure,1.0,audit,3,3,87,0,3,aa9f1a603146fb3c941ba0a5310aa6121a0f5d9fc45331f969c59fdb1c9edeb6
phase3_audit_full_v1,exploratory,audit,audit_benchmark,breast_cancer_wisconsin,mean_ensemble,synthetic_sensor_failure,1.0,audit,3,3,87,0,3,79057c4166eb62996e748191e2e28230f5727968fda90c8a5322793ba9d74499
phase3_audit_full_v1,exploratory,audit,audit_benchmark,breast_cancer_wisconsin,static_weighted_ensemble,synthetic_sensor_failure,1.0,audit,3,3,87,0,3,195c27e469f4c5e46e5bbc2da17e4f39fd7a847255228f48126e31f1189dfcb6
phase3_audit_full_v1,exploratory,audit,audit_benchmark,breast_cancer_wisconsin,veto_mavs,synthetic_sensor_failure,1.0,audit,3,3,87,87,3,8a8ec276602fee4b48791d96a2714e67d6de4a23c33507b2c93837d3b3291616
phase3_audit_full_v1,exploratory,audit,audit_benchmark,breast_cancer_wisconsin,pure_mavs_gc,synthetic_sensor_failure,1.0,audit,3,3,87,87,3,ecac6a4e727e12beb5f55dcdda81d6ee55dba504657ef1aa514a06617575107c
phase3_audit_full_v1,exploratory,audit,audit_benchmark,breast_cancer_wisconsin,single_model,synthetic_sensor_failure,1.0,shadow,2,2,58,0,2,c5277f2b65f80602695448f12fd7428a38ff2af9fbb341ca7190d489b1117b36
phase3_audit_full_v1,exploratory,audit,audit_benchmark,breast_cancer_wisconsin,mean_ensemble,synthetic_sensor_failure,1.0,shadow,2,2,58,0,2,eeec7cd155f55f4ca921f52de60c082e3bfe0cec2f282b5e07a972de191e4add
phase3_audit_full_v1,exploratory,audit,audit_benchmark,breast_cancer_wisconsin,static_weighted_ensemble,synthetic_sensor_failure,1.0,shadow,2,2,58,0,2,74bddc89f0fd03b558def5875b0a1d5fba7ce959c61a41d3c5aec147fc9da2ac
phase3_audit_full_v1,exploratory,audit,audit_benchmark,breast_cancer_wisconsin,veto_mavs,synthetic_sensor_failure,1.0,shadow,2,2,58,58,2,64c595bfaa6789c1088af7fce66cd39629f746b782ec289fe5ed81604ba74c06
phase3_audit_full_v1,exploratory,audit,audit_benchmark,breast_cancer_wisconsin,pure_mavs_gc,synthetic_sensor_failure,1.0,shadow,2,2,58,58,2,4c096ea75402dcbe84dbf4856b38657f9abfdf3ddeaddee4e38d97f72d32e6d2
phase3_audit_full_v1,exploratory,audit,audit_benchmark,breast_cancer_wisconsin,single_model,specialist_failure,0.0,audit,3,3,87,0,3,3e8d6bb402ad9ac5f1c1f6c53db4824049c2f72249a0f27a2492d4e69a1e9478
phase3_audit_full_v1,exploratory,audit,audit_benchmark,breast_cancer_wisconsin,mean_ensemble,specialist_failure,0.0,audit,3,3,87,0,3,dee4e7d73fdbed19dc5adde968b88b26ddcf3afe22d4d3234620fca49b7de501
phase3_audit_full_v1,exploratory,audit,audit_benchmark,breast_cancer_wisconsin,static_weighted_ensemble,specialist_failure,0.0,audit,3,3,87,0,3,feffebf8321862d31a1f91019db559e1584ff69b60772d12fa24d2a173c8c983
phase3_audit_full_v1,exploratory,audit,audit_benchmark,breast_cancer_wisconsin,veto_mavs,specialist_failure,0.0,audit,3,3,87,87,3,676888180d15a5d0074aafc10a4a14148c1efedecb2b570c7bd12e90d5961d26
phase3_audit_full_v1,exploratory,audit,audit_benchmark,breast_cancer_wisconsin,pure_mavs_gc,specialist_failure,0.0,audit,3,3,87,87,3,bc681dfa6dedbec45ed807732544755740730ce2047936d7a124a526a0555ae8
phase3_audit_full_v1,exploratory,audit,audit_benchmark,breast_cancer_wisconsin,single_model,specialist_failure,0.0,shadow,2,2,58,0,2,abae2720666873596b6fa971275a7a5cd248c34d2a3854315fc4142adf1e42ae
phase3_audit_full_v1,exploratory,audit,audit_benchmark,breast_cancer_wisconsin,mean_ensemble,specialist_failure,0.0,shadow,2,2,58,0,2,9a783350c91fd4cac9b173e1aa1e8164e1c0af25b81be2e941bda7fe11167c3d
phase3_audit_full_v1,exploratory,audit,audit_benchmark,breast_cancer_wisconsin,static_weighted_ensemble,specialist_failure,0.0,shadow,2,2,58,0,2,1342df6b23ad8e1e9f40bf24df6d5a4d18026554b66e5fbcec46a6db5174ebbe
phase3_audit_full_v1,exploratory,audit,audit_benchmark,breast_cancer_wisconsin,veto_mavs,specialist_failure,0.0,shadow,2,2,58,58,2,0ba46a82de2e6d2b3964a6e21ff87114e1e5cbb5053d4a07af064188d2c58157
phase3_audit_full_v1,exploratory,audit,audit_benchmark,breast_cancer_wisconsin,pure_mavs_gc,specialist_failure,0.0,shadow,2,2,58,58,2,73513244d1a9cf90754fc48994629c65a5b88a5000649340d7a326d730a67b12
phase3_audit_full_v1,exploratory,audit,audit_benchmark,breast_cancer_wisconsin,single_model,specialist_failure,0.05,audit,3,3,87,0,3,d79b58da9080097807920e2363b8039a73433c142b3d33ab69ab105ad263034c
phase3_audit_full_v1,exploratory,audit,audit_benchmark,breast_cancer_wisconsin,mean_ensemble,specialist_failure,0.05,audit,3,3,87,0,3,c839a0782e7d6436a115ab9a8b8df932daaa9ece7df541accc294c375494e572
phase3_audit_full_v1,exploratory,audit,audit_benchmark,breast_cancer_wisconsin,static_weighted_ensemble,specialist_failure,0.05,audit,3,3,87,0,3,32ad5878f34c42b302521c1dc7f9e1bcba1f38abb59ef314fa06f8eaaa6f7575
phase3_audit_full_v1,exploratory,audit,audit_benchmark,breast_cancer_wisconsin,veto_mavs,specialist_failure,0.05,audit,3,3,87,87,3,fc931a396021da4a803bed163f8ac57c2c7e8dace7b0b1677d664b2d3af56f2c
phase3_audit_full_v1,exploratory,audit,audit_benchmark,breast_cancer_wisconsin,pure_mavs_gc,specialist_failure,0.05,audit,3,3,87,87,3,869dee872fcfca4afe366a8901f2295ab7a7bf37994503caf532d6792557a50d
phase3_audit_full_v1,exploratory,audit,audit_benchmark,breast_cancer_wisconsin,single_model,specialist_failure,0.05,shadow,2,2,58,0,2,e3ae5e3f7902902fed1772d3349057441928f3f88ca2f81be3c91206e3cc554a
phase3_audit_full_v1,exploratory,audit,audit_benchmark,breast_cancer_wisconsin,mean_ensemble,specialist_failure,0.05,shadow,2,2,58,0,2,2819005a5555b19144d020fde47d272f14d185e2a3c8a2ba6c6c775279dfbe73
phase3_audit_full_v1,exploratory,audit,audit_benchmark,breast_cancer_wisconsin,static_weighted_ensemble,specialist_failure,0.05,shadow,2,2,58,0,2,3dcaebfb9666cee2773cf531e16a1b01a2e689de66ade1f1707c28ade206d456
phase3_audit_full_v1,exploratory,audit,audit_benchmark,breast_cancer_wisconsin,veto_mavs,specialist_failure,0.05,shadow,2,2,58,58,2,8df5f10325d380c48da79b2b5c18b13acb033bad2ce579f26942223e07de7077
phase3_audit_full_v1,exploratory,audit,audit_benchmark,breast_cancer_wisconsin,pure_mavs_gc,specialist_failure,0.05,shadow,2,2,58,58,2,25e5dc092b71c3df190724bce85e7d66a4dc95d028b01eff4677f99a473fabde
phase3_audit_full_v1,exploratory,audit,audit_benchmark,breast_cancer_wisconsin,single_model,specialist_failure,0.1,audit,3,3,87,0,3,e934d8b301e192b50b503e8091263e2c1be2ccc2ece76332801bb0e7f83a0865
phase3_audit_full_v1,exploratory,audit,audit_benchmark,breast_cancer_wisconsin,mean_ensemble,specialist_failure,0.1,audit,3,3,87,0,3,1e6fae6c2fe751e7e4ac1d5e116313861abbacf801dbf770d778c6a851be8eef
phase3_audit_full_v1,exploratory,audit,audit_benchmark,breast_cancer_wisconsin,static_weighted_ensemble,specialist_failure,0.1,audit,3,3,87,0,3,4bcaae91228e7ac7d6574d0e26d9a94fdb5f9dcd386211649a71f8f212877584
phase3_audit_full_v1,exploratory,audit,audit_benchmark,breast_cancer_wisconsin,veto_mavs,specialist_failure,0.1,audit,3,3,87,87,3,dfcb2d6609c9f0224bde75778e791993cb210eb65a6e473e8e108695638b6f7f
phase3_audit_full_v1,exploratory,audit,audit_benchmark,breast_cancer_wisconsin,pure_mavs_gc,specialist_failure,0.1,audit,3,3,87,87,3,4ed92f9cad9a002a90cd5abd13d87c2fe45a2411b0b8a17403fd4df2ec22b8c1
phase3_audit_full_v1,exploratory,audit,audit_benchmark,breast_cancer_wisconsin,single_model,specialist_failure,0.1,shadow,2,2,58,0,2,59f849a60041e00cee4f4cdddfe4b2071e6391c98332d4d315b9c67166fe1ad9
phase3_audit_full_v1,exploratory,audit,audit_benchmark,breast_cancer_wisconsin,mean_ensemble,specialist_failure,0.1,shadow,2,2,58,0,2,66c11065e498f5bc9f847d79ff13376f6658dc26e2aa0d9b88dc5042da1566e7
phase3_audit_full_v1,exploratory,audit,audit_benchmark,breast_cancer_wisconsin,static_weighted_ensemble,specialist_failure,0.1,shadow,2,2,58,0,2,250feb393a76a2d718e87017d6ad85e71a7911ab61f2ef1c971f6ea9a9a148b1
phase3_audit_full_v1,exploratory,audit,audit_benchmark,breast_cancer_wisconsin,veto_mavs,specialist_failure,0.1,shadow,2,2,58,58,2,3317b3d2b1a48d1c513b28ce270da031725dad67c78ed2ff9e08afd660ef242e
phase3_audit_full_v1,exploratory,audit,audit_benchmark,breast_cancer_wisconsin,pure_mavs_gc,specialist_failure,0.1,shadow,2,2,58,58,2,29b41fb3c089089ea6bf2e91f4fb814202861b90c0a546755b15b292444bd2a6
phase3_audit_full_v1,exploratory,audit,audit_benchmark,breast_cancer_wisconsin,single_model,specialist_failure,0.2,audit,3,3,87,0,3,b95ecc9f7a51cdc3c363666860c90097ef68fa2ea81ee086363509faa7fe10c4
phase3_audit_full_v1,exploratory,audit,audit_benchmark,breast_cancer_wisconsin,mean_ensemble,specialist_failure,0.2,audit,3,3,87,0,3,e5567711836575e15f188410f8eff71bae982a635b135a317c56c48c09e8507a
phase3_audit_full_v1,exploratory,audit,audit_benchmark,breast_cancer_wisconsin,static_weighted_ensemble,specialist_failure,0.2,audit,3,3,87,0,3,f8871ecb7f32eb98a8817ca435b52734ce39290d7ca5d73a0b36b6db1b6ed9da
phase3_audit_full_v1,exploratory,audit,audit_benchmark,breast_cancer_wisconsin,veto_mavs,specialist_failure,0.2,audit,3,3,87,87,3,b06f1752867a3beb1a42dc59a987192f1d08177bbcea9af4cd9e4bd01856a168
phase3_audit_full_v1,exploratory,audit,audit_benchmark,breast_cancer_wisconsin,pure_mavs_gc,specialist_failure,0.2,audit,3,3,87,87,3,ac168678dc6901f697751b6c8aaefd10f250de950c6aefe167ea3f0bbc76430e
phase3_audit_full_v1,exploratory,audit,audit_benchmark,breast_cancer_wisconsin,single_model,specialist_failure,0.2,shadow,2,2,58,0,2,b691000c1a7de8539258483b19e4afa8c6376989bb8f2f6bf575173db17fe90e
phase3_audit_full_v1,exploratory,audit,audit_benchmark,breast_cancer_wisconsin,mean_ensemble,specialist_failure,0.2,shadow,2,2,58,0,2,5fc05d91bd75b1053179da1fb19687a5c7b112f51f2a0c2eb776a050e7f50745
phase3_audit_full_v1,exploratory,audit,audit_benchmark,breast_cancer_wisconsin,static_weighted_ensemble,specialist_failure,0.2,shadow,2,2,58,0,2,573e47fc278bb7dc50b1484e273e1d37d828fc9c4a97f599e16b4981623eead2
phase3_audit_full_v1,exploratory,audit,audit_benchmark,breast_cancer_wisconsin,veto_mavs,specialist_failure,0.2,shadow,2,2,58,58,2,b4d5b9a1b21adbee787062bc6e17a90a716b092bcb21f195027aa88ba5bc723c
phase3_audit_full_v1,exploratory,audit,audit_benchmark,breast_cancer_wisconsin,pure_mavs_gc,specialist_failure,0.2,shadow,2,2,58,58,2,fed5e6726fe5809994a7f652d094d3bfac010de132a4046b9d6a180084a655f6
phase3_audit_full_v1,exploratory,audit,audit_benchmark,breast_cancer_wisconsin,single_model,specialist_failure,0.4,audit,3,3,87,0,3,5cc4a3d4d3262a6bd996dc40b3602e780da1fa022403c0d512f5311d8e520115
phase3_audit_full_v1,exploratory,audit,audit_benchmark,breast_cancer_wisconsin,mean_ensemble,specialist_failure,0.4,audit,3,3,87,0,3,2e94a3566ff1af17ad8f58283ec4f046a8f47dfdce77048967eb07d911223295
phase3_audit_full_v1,exploratory,audit,audit_benchmark,breast_cancer_wisconsin,static_weighted_ensemble,specialist_failure,0.4,audit,3,3,87,0,3,30b494acf310e5eb033f9b235e43637f4d73eb0eda3c4de15b831dbb263c9005
phase3_audit_full_v1,exploratory,audit,audit_benchmark,breast_cancer_wisconsin,veto_mavs,specialist_failure,0.4,audit,3,3,87,87,3,a5ae1859cc910b208456ff86e35ec1e775e808f9e672c9a8ac64058a2e08f1c3
phase3_audit_full_v1,exploratory,audit,audit_benchmark,breast_cancer_wisconsin,pure_mavs_gc,specialist_failure,0.4,audit,3,3,87,87,3,ed2a1d9e6b96e252b0be74382c4472d47cee0eb92a62bf8edb3ba7e1b97d1dbc
phase3_audit_full_v1,exploratory,audit,audit_benchmark,breast_cancer_wisconsin,single_model,specialist_failure,0.4,shadow,2,2,58,0,2,29aa6c1056c0e1393868d3558a2d00436c4a9abb9e7b52b087155aca52aa157f
phase3_audit_full_v1,exploratory,audit,audit_benchmark,breast_cancer_wisconsin,mean_ensemble,specialist_failure,0.4,shadow,2,2,58,0,2,20ace1cd15017a2c7351f492ffd45a2050601bd5d45e055dee6f2689cc845303
phase3_audit_full_v1,exploratory,audit,audit_benchmark,breast_cancer_wisconsin,static_weighted_ensemble,specialist_failure,0.4,shadow,2,2,58,0,2,6389d52a3df139988f425f8e43cd6cd5147b0a756730386dc96632c73ee945aa
phase3_audit_full_v1,exploratory,audit,audit_benchmark,breast_cancer_wisconsin,veto_mavs,specialist_failure,0.4,shadow,2,2,58,58,2,019adbdfdcb6f622694364b8805588bc86b67e60114698b5079ffc02ad36b4e1
phase3_audit_full_v1,exploratory,audit,audit_benchmark,breast_cancer_wisconsin,pure_mavs_gc,specialist_failure,0.4,shadow,2,2,58,58,2,1264345de9178a8e46fcc1d15575b9c9a2bbc680155b5e1f46ce02ade08ab5dd
phase3_audit_full_v1,exploratory,audit,audit_benchmark,breast_cancer_wisconsin,single_model,specialist_failure,0.6,audit,3,3,87,0,3,f89e3835ab30055a6f1a4f4169c6510f46d16c771b6a62dd487a2f9e2a57e7d0
phase3_audit_full_v1,exploratory,audit,audit_benchmark,breast_cancer_wisconsin,mean_ensemble,specialist_failure,0.6,audit,3,3,87,0,3,5fd8ffe3055e6bdfc6de1a7f38986e1e85e67560a681c7982761035b030350c1
phase3_audit_full_v1,exploratory,audit,audit_benchmark,breast_cancer_wisconsin,static_weighted_ensemble,specialist_failure,0.6,audit,3,3,87,0,3,e49dc8dd8771652e624361dcd87f449a763546e11b187d7f3b25259217253d2b
phase3_audit_full_v1,exploratory,audit,audit_benchmark,breast_cancer_wisconsin,veto_mavs,specialist_failure,0.6,audit,3,3,87,87,3,807c21f7d1f8b655a9552f52336a8da701c7b965d99a964ce5f25a5bdd3e238b
phase3_audit_full_v1,exploratory,audit,audit_benchmark,breast_cancer_wisconsin,pure_mavs_gc,specialist_failure,0.6,audit,3,3,87,87,3,d6e1b5f2fd3dd25df342d0f58ce187d8cb778353424d9a5cdb487f42b4133611
phase3_audit_full_v1,exploratory,audit,audit_benchmark,breast_cancer_wisconsin,single_model,specialist_failure,0.6,shadow,2,2,58,0,2,2afbfa1c5e8c9a10c555ad3f35ccc2ca99c66dc64341435515cb681788bcb90b
phase3_audit_full_v1,exploratory,audit,audit_benchmark,breast_cancer_wisconsin,mean_ensemble,specialist_failure,0.6,shadow,2,2,58,0,2,98c106a937032b7bd82474513cfe3f5d9fb247611872cdff9c0a80e9d9fb5a56
phase3_audit_full_v1,exploratory,audit,audit_benchmark,breast_cancer_wisconsin,static_weighted_ensemble,specialist_failure,0.6,shadow,2,2,58,0,2,0cb69a077554c1f8f8c9f99d2247d36754fe762392baaafd7b4471747d4961e6
phase3_audit_full_v1,exploratory,audit,audit_benchmark,breast_cancer_wisconsin,veto_mavs,specialist_failure,0.6,shadow,2,2,58,58,2,6b3e5dd73a5a51752c64f54ad4f60ae70b51c20ee91f0d8fc31d0631e03b86e2
phase3_audit_full_v1,exploratory,audit,audit_benchmark,breast_cancer_wisconsin,pure_mavs_gc,specialist_failure,0.6,shadow,2,2,58,58,2,7c931be7aeff6b4e600fc162894edf2dbb3c3e5482adc88641d9fd714b421855
phase3_audit_full_v1,exploratory,audit,audit_benchmark,breast_cancer_wisconsin,single_model,specialist_failure,0.8,audit,3,3,87,0,3,ddcde501d8e0ecc13d8d8f9e63cb048a6a98afad715e3ab71e4a4ac653d9d479
phase3_audit_full_v1,exploratory,audit,audit_benchmark,breast_cancer_wisconsin,mean_ensemble,specialist_failure,0.8,audit,3,3,87,0,3,54c69d3a4d8c961b823b8f767e0a103b48020ae64e8361cd526979524b44b63b
phase3_audit_full_v1,exploratory,audit,audit_benchmark,breast_cancer_wisconsin,static_weighted_ensemble,specialist_failure,0.8,audit,3,3,87,0,3,bdd23d56143a3c8068d4b8bc2fa72f22a4c0df6da8d84a6dfe4fb4f88a7abbc0
phase3_audit_full_v1,exploratory,audit,audit_benchmark,breast_cancer_wisconsin,veto_mavs,specialist_failure,0.8,audit,3,3,87,87,3,c7c024940f7d94c724a5fbeba6090b0f8aa2cdba87340068a1bafd6417a67eaa
phase3_audit_full_v1,exploratory,audit,audit_benchmark,breast_cancer_wisconsin,pure_mavs_gc,specialist_failure,0.8,audit,3,3,87,87,3,a80a3113fcad9697c709f9f51164174de6778e0a40ac7ed20b5e697b82d22ba5
phase3_audit_full_v1,exploratory,audit,audit_benchmark,breast_cancer_wisconsin,single_model,specialist_failure,0.8,shadow,2,2,58,0,2,280c617556457688f8f879c25d2848ef64b648a7d8b7d14cc30180f597cbd3b7
phase3_audit_full_v1,exploratory,audit,audit_benchmark,breast_cancer_wisconsin,mean_ensemble,specialist_failure,0.8,shadow,2,2,58,0,2,af3041d4364bce1bcab961858561d67553cd843d931a8ed3a28b6af640fee3d2
phase3_audit_full_v1,exploratory,audit,audit_benchmark,breast_cancer_wisconsin,static_weighted_ensemble,specialist_failure,0.8,shadow,2,2,58,0,2,3f7bf3bee780f373233afbb42c9876d51fcb20ff3d3dd49fc05407739ac2b2a4
phase3_audit_full_v1,exploratory,audit,audit_benchmark,breast_cancer_wisconsin,veto_mavs,specialist_failure,0.8,shadow,2,2,58,58,2,11d42bf18d1323481ac39542171f37151653cf2ea4d1c8be20912d826fe95641
phase3_audit_full_v1,exploratory,audit,audit_benchmark,breast_cancer_wisconsin,pure_mavs_gc,specialist_failure,0.8,shadow,2,2,58,58,2,34990bafa14ee4149ac827e09b6c811cd5d809304ffce5f8b43e03938f76bde8
phase3_audit_full_v1,exploratory,audit,audit_benchmark,breast_cancer_wisconsin,single_model,specialist_failure,1.0,audit,3,3,87,0,3,9dcc483d09cd9095cf05dbdd4fe3aa1687a8850969102df2ea497235f1f709b6
phase3_audit_full_v1,exploratory,audit,audit_benchmark,breast_cancer_wisconsin,mean_ensemble,specialist_failure,1.0,audit,3,3,87,0,3,dc95515f5f434724f6f068284aef2ba1f30718e8c2fe6bcfc3b6b2136aefa7bc
phase3_audit_full_v1,exploratory,audit,audit_benchmark,breast_cancer_wisconsin,static_weighted_ensemble,specialist_failure,1.0,audit,3,3,87,0,3,5779f835c55a7410e90236697978e4b6d2c5e24e6101862176103fc54c2d3bcf
phase3_audit_full_v1,exploratory,audit,audit_benchmark,breast_cancer_wisconsin,veto_mavs,specialist_failure,1.0,audit,3,3,87,87,3,369034a1c4bc4e746c492da111ee7ba706e9ffc982edbdc6b34dd3413c13b25f
phase3_audit_full_v1,exploratory,audit,audit_benchmark,breast_cancer_wisconsin,pure_mavs_gc,specialist_failure,1.0,audit,3,3,87,87,3,dc083b3be2aeabe8752f5ab4b1bf688cac5a11c75f9d4d2ff45fb8f9cb2780ed
phase3_audit_full_v1,exploratory,audit,audit_benchmark,breast_cancer_wisconsin,single_model,specialist_failure,1.0,shadow,2,2,58,0,2,37ea95fa23217d01f543097a9c71997a8383d0955d36cbab6f4e05681ccf72d1
phase3_audit_full_v1,exploratory,audit,audit_benchmark,breast_cancer_wisconsin,mean_ensemble,specialist_failure,1.0,shadow,2,2,58,0,2,93314203bfd2ca38f839863ea2c5f27354132b82208177e9b1f972e424a4ca08
phase3_audit_full_v1,exploratory,audit,audit_benchmark,breast_cancer_wisconsin,static_weighted_ensemble,specialist_failure,1.0,shadow,2,2,58,0,2,c5fef68b3690e662e5f7e86f2beeb8b31e80703a88133e5b9febc828bee9c159
phase3_audit_full_v1,exploratory,audit,audit_benchmark,breast_cancer_wisconsin,veto_mavs,specialist_failure,1.0,shadow,2,2,58,58,2,115899d440f262ccd2018287e2919557f98eb9c534cef95aae4e69f9d1cdc722
phase3_audit_full_v1,exploratory,audit,audit_benchmark,breast_cancer_wisconsin,pure_mavs_gc,specialist_failure,1.0,shadow,2,2,58,58,2,f3d83c16821033328028ded197821b11bc34e40c9fb24764d9fe4a9a0ca3ec72
phase3_audit_full_v1,exploratory,audit,audit_benchmark,adult_income,single_model,feature_noise,0.0,audit,3,3,7326,0,3,da0dad6d25c4b24412ebd7a711bcf75ffb90c450fbf8fd14c5a818f3c9bf03ab
phase3_audit_full_v1,exploratory,audit,audit_benchmark,adult_income,mean_ensemble,feature_noise,0.0,audit,3,3,7326,0,3,3ee9cdfed123204ea1d3bb1ea53d3d5670c30635e7165ae228a8b458f1ade1bb
phase3_audit_full_v1,exploratory,audit,audit_benchmark,adult_income,static_weighted_ensemble,feature_noise,0.0,audit,3,3,7326,0,3,f9712891c388aacc0afe392ac6d1b2c3b714053fa053bf0b6839266fb8e33887
phase3_audit_full_v1,exploratory,audit,audit_benchmark,adult_income,veto_mavs,feature_noise,0.0,audit,3,3,7326,7326,3,831a8eb9faa5a325cdec0ca3f354d235e120e3ee2237612a385bb7c029215c10
phase3_audit_full_v1,exploratory,audit,audit_benchmark,adult_income,pure_mavs_gc,feature_noise,0.0,audit,3,3,7326,7326,3,a724e7a94596a69290392c0f742e5e7fc02497d1988c197ac65848bddb5fa8d5
phase3_audit_full_v1,exploratory,audit,audit_benchmark,adult_income,single_model,feature_noise,0.0,shadow,2,2,4884,0,2,e1cfe527182d3afb3da25344adf2f5a28a9af5a2599eede526c4101b744822ac
phase3_audit_full_v1,exploratory,audit,audit_benchmark,adult_income,mean_ensemble,feature_noise,0.0,shadow,2,2,4884,0,2,a85f3ec2302695677465392bbb168505c3b4269b4cd052c6b7fdddf2a6f07fa5
phase3_audit_full_v1,exploratory,audit,audit_benchmark,adult_income,static_weighted_ensemble,feature_noise,0.0,shadow,2,2,4884,0,2,6d194e5b4833133e1b0be39beec3cafffbe68100295be326392dcfea031fe06e
phase3_audit_full_v1,exploratory,audit,audit_benchmark,adult_income,veto_mavs,feature_noise,0.0,shadow,2,2,4884,4884,2,3ed6461cbdb20f0e2321b0b674ebcdf0dfbe399c1e728fcb5248135beabcc216
phase3_audit_full_v1,exploratory,audit,audit_benchmark,adult_income,pure_mavs_gc,feature_noise,0.0,shadow,2,2,4884,4884,2,aa89e4c6b2525f394058c1686a4abfe3bcf4a132e61a99d83db55d6775da5173
phase3_audit_full_v1,exploratory,audit,audit_benchmark,adult_income,single_model,feature_noise,0.05,audit,3,3,7326,0,3,703bf670ee073f3b084dd0087e7909582b7ae9cc37f39388ccee76307a7f730d
phase3_audit_full_v1,exploratory,audit,audit_benchmark,adult_income,mean_ensemble,feature_noise,0.05,audit,3,3,7326,0,3,16a75cf2b19809bcb74cd1f0b4de4f672ed9f9ea5925632644e79c2d704701fc
phase3_audit_full_v1,exploratory,audit,audit_benchmark,adult_income,static_weighted_ensemble,feature_noise,0.05,audit,3,3,7326,0,3,a2eb6ee44ca9af4541302a0b8bae09d012e5e23dc4bac7718626cc4c353438fc
phase3_audit_full_v1,exploratory,audit,audit_benchmark,adult_income,veto_mavs,feature_noise,0.05,audit,3,3,7326,7326,3,2aef895067707dd62d568a7c6ec3e16cbf46ee7b861a7530ef79c99d38f33b4f
phase3_audit_full_v1,exploratory,audit,audit_benchmark,adult_income,pure_mavs_gc,feature_noise,0.05,audit,3,3,7326,7326,3,2447c40242c9e31b84b6cb7bf7f4e101f3f567e10516084bf9396344fa4cbaac
phase3_audit_full_v1,exploratory,audit,audit_benchmark,adult_income,single_model,feature_noise,0.05,shadow,2,2,4884,0,2,a77652f4da6b55fd4e8ffa4d43b6487827ac040ccf9593d851aade419ffdb03b
phase3_audit_full_v1,exploratory,audit,audit_benchmark,adult_income,mean_ensemble,feature_noise,0.05,shadow,2,2,4884,0,2,d33c1d5b9a85d781943762bf3f4ce51475aebebbaf4250acdf5169cc8199d1b1
phase3_audit_full_v1,exploratory,audit,audit_benchmark,adult_income,static_weighted_ensemble,feature_noise,0.05,shadow,2,2,4884,0,2,70b94a8dc3cab3475ad5b14a01c966e499872e51055a4c582b97e9803b113dfc
phase3_audit_full_v1,exploratory,audit,audit_benchmark,adult_income,veto_mavs,feature_noise,0.05,shadow,2,2,4884,4884,2,acafadf6cdba26ad9a2359884e5379d856dc7e5f20f0244f336f72932cc44df4
phase3_audit_full_v1,exploratory,audit,audit_benchmark,adult_income,pure_mavs_gc,feature_noise,0.05,shadow,2,2,4884,4884,2,07f956ef15a666b113b1d78f6f0db118163e2023b53ebb02d6e9c96fb99e0f7a
phase3_audit_full_v1,exploratory,audit,audit_benchmark,adult_income,single_model,feature_noise,0.1,audit,3,3,7326,0,3,8a399a8b9941cdd25de6711f3d9ad1e4dcd3804a9c0bbeb10b98d35f5f00d7f3
phase3_audit_full_v1,exploratory,audit,audit_benchmark,adult_income,mean_ensemble,feature_noise,0.1,audit,3,3,7326,0,3,6dd49a59dc98ffad4ec4d77fec73d43060b341e097dc5b4ccaa4731d506497cb
phase3_audit_full_v1,exploratory,audit,audit_benchmark,adult_income,static_weighted_ensemble,feature_noise,0.1,audit,3,3,7326,0,3,4e7a4c91d1ddee32cddc4004c76e8ce2478508662ceac5c0aace88a8b7d4af19
phase3_audit_full_v1,exploratory,audit,audit_benchmark,adult_income,veto_mavs,feature_noise,0.1,audit,3,3,7326,7326,3,13d1d8147e1a5da87cdd30518bf1739632214694b978b919b5a0a25e5a6fbc75
phase3_audit_full_v1,exploratory,audit,audit_benchmark,adult_income,pure_mavs_gc,feature_noise,0.1,audit,3,3,7326,7326,3,fdcaac34a24cf65c4fdaa5c1b781d4ef9ee854377cf7f51ce483adb4c92e609b
phase3_audit_full_v1,exploratory,audit,audit_benchmark,adult_income,single_model,feature_noise,0.1,shadow,2,2,4884,0,2,106904f21a95afc4d00a3f87abb66d32f4126bdd0353d3984ea2612cb93818ec
phase3_audit_full_v1,exploratory,audit,audit_benchmark,adult_income,mean_ensemble,feature_noise,0.1,shadow,2,2,4884,0,2,03bd701e71c39f1a0e0ffe3816c4d12ffcab2f7ec54695556c648586490ab43f
phase3_audit_full_v1,exploratory,audit,audit_benchmark,adult_income,static_weighted_ensemble,feature_noise,0.1,shadow,2,2,4884,0,2,2533bd6c95fb904280b1d13b8e89592ccdc8cb047645bb205b4897791bcd65c1
phase3_audit_full_v1,exploratory,audit,audit_benchmark,adult_income,veto_mavs,feature_noise,0.1,shadow,2,2,4884,4884,2,0c052d8d25dc706b0e29700c564466aae9a2936913c163ac91e482f099bd5a14
phase3_audit_full_v1,exploratory,audit,audit_benchmark,adult_income,pure_mavs_gc,feature_noise,0.1,shadow,2,2,4884,4884,2,a5cd405aa0fc1ff73d40d96103091cea429e8f2548850e23aaa031da29e9bda2
phase3_audit_full_v1,exploratory,audit,audit_benchmark,adult_income,single_model,feature_noise,0.2,audit,3,3,7326,0,3,3f3d0f7d117ad50e3e5aac0f732f0a5567fbb58c2c5448c9ae0a7acebe543680
phase3_audit_full_v1,exploratory,audit,audit_benchmark,adult_income,mean_ensemble,feature_noise,0.2,audit,3,3,7326,0,3,d4b62c967d53ff4933c888d086ffdbdd7fc91fede0217aa5dfee3390e77c17fd
phase3_audit_full_v1,exploratory,audit,audit_benchmark,adult_income,static_weighted_ensemble,feature_noise,0.2,audit,3,3,7326,0,3,c745d85c67efa1700eca982fb62de20bbaca87dec5d190053854db703befc2ec
phase3_audit_full_v1,exploratory,audit,audit_benchmark,adult_income,veto_mavs,feature_noise,0.2,audit,3,3,7326,7326,3,979971df7779178c1965971fe7be64cecd3d710ee4a9eaa6d3be9a22459b90c8
phase3_audit_full_v1,exploratory,audit,audit_benchmark,adult_income,pure_mavs_gc,feature_noise,0.2,audit,3,3,7326,7326,3,09554e0a9d545a0c430623035f6720f2ff643cc9a6870e7379c0bfefd9b08b67
phase3_audit_full_v1,exploratory,audit,audit_benchmark,adult_income,single_model,feature_noise,0.2,shadow,2,2,4884,0,2,dd40d92d0c9547ba2fc91f340e1404de842d1242d266dd23a7bf91fa5fce650b
phase3_audit_full_v1,exploratory,audit,audit_benchmark,adult_income,mean_ensemble,feature_noise,0.2,shadow,2,2,4884,0,2,77c824733a8239b0529d543a3498ae871a0cf99144513f76a5c7ec5d43c27a1b
phase3_audit_full_v1,exploratory,audit,audit_benchmark,adult_income,static_weighted_ensemble,feature_noise,0.2,shadow,2,2,4884,0,2,50356bda0c42bd37fd198ceef3b6350665ff30866a76c153405859c5dc460105
phase3_audit_full_v1,exploratory,audit,audit_benchmark,adult_income,veto_mavs,feature_noise,0.2,shadow,2,2,4884,4884,2,7925a0a2babe3524dcc826485a9e736afac7387a95d379071559e336e0f3be3d
phase3_audit_full_v1,exploratory,audit,audit_benchmark,adult_income,pure_mavs_gc,feature_noise,0.2,shadow,2,2,4884,4884,2,bf8a09494bbbd3edbeeeca6fb906d48f72582c6f6c1a86c8f554eddf3f7aa01f
phase3_audit_full_v1,exploratory,audit,audit_benchmark,adult_income,single_model,feature_noise,0.4,audit,3,3,7326,0,3,83148e139e89eaf94ec3a4a6c81462ca63b8db3ab73de51cc6a1cd6b1069cb46
phase3_audit_full_v1,exploratory,audit,audit_benchmark,adult_income,mean_ensemble,feature_noise,0.4,audit,3,3,7326,0,3,b53e53e22c569d35c1089a3f5af43dcd9ff12ea8ade6dc0a42194fcc5893130b
phase3_audit_full_v1,exploratory,audit,audit_benchmark,adult_income,static_weighted_ensemble,feature_noise,0.4,audit,3,3,7326,0,3,706a356f875495a44d279132fe31b42ba0ffab86c6b5670274268ca422c71732
phase3_audit_full_v1,exploratory,audit,audit_benchmark,adult_income,veto_mavs,feature_noise,0.4,audit,3,3,7326,7326,3,447be39455f0ab36b7c017d00c0521a7e4dd44de6d7ae968442c4a5000990a9c
phase3_audit_full_v1,exploratory,audit,audit_benchmark,adult_income,pure_mavs_gc,feature_noise,0.4,audit,3,3,7326,7326,3,931cada5fd5276d23ec562adb27609d724a87d6ba85d270192abe7d5977d0f69
phase3_audit_full_v1,exploratory,audit,audit_benchmark,adult_income,single_model,feature_noise,0.4,shadow,2,2,4884,0,2,d6ca84c3d48acaaa48adaf91cfee0c0c33b2672b7912ac3d6d7608487b441a8c
phase3_audit_full_v1,exploratory,audit,audit_benchmark,adult_income,mean_ensemble,feature_noise,0.4,shadow,2,2,4884,0,2,29dae93d21bfea64e9585b5e196e77ee5fb0360e8817d41e9320c36fe0177a16
phase3_audit_full_v1,exploratory,audit,audit_benchmark,adult_income,static_weighted_ensemble,feature_noise,0.4,shadow,2,2,4884,0,2,490889dd4526357a20492109cecad5ed7128dc29909d22600bd909d00c93b5a9
phase3_audit_full_v1,exploratory,audit,audit_benchmark,adult_income,veto_mavs,feature_noise,0.4,shadow,2,2,4884,4884,2,bd81917b1fe489503c2ad0cbaa12160d5691e730a57eb132e1ca5f89efdcefe4
phase3_audit_full_v1,exploratory,audit,audit_benchmark,adult_income,pure_mavs_gc,feature_noise,0.4,shadow,2,2,4884,4884,2,97ba23bb381babcf60fd39ac23f38959ddfda564a7231cea1fd0a12542485f5e
phase3_audit_full_v1,exploratory,audit,audit_benchmark,adult_income,single_model,feature_noise,0.6,audit,3,3,7326,0,3,a2afcc0a20e568d38a1746cd1d548fd7fef427c7769c94fa4722d58511c2170f
phase3_audit_full_v1,exploratory,audit,audit_benchmark,adult_income,mean_ensemble,feature_noise,0.6,audit,3,3,7326,0,3,dbdfb2bc07cbf914e1bb3a7322d041dc8e318fa738a99cf9ef346845bc028a49
phase3_audit_full_v1,exploratory,audit,audit_benchmark,adult_income,static_weighted_ensemble,feature_noise,0.6,audit,3,3,7326,0,3,12723a399dc02e3d3741121484280a545a4e42d88b09bbad460b2ac90f3ee9e6
phase3_audit_full_v1,exploratory,audit,audit_benchmark,adult_income,veto_mavs,feature_noise,0.6,audit,3,3,7326,7326,3,c9ce2c3b5b72096e6db5847083e31c218a881bc28e1ee4ec57c5f42ab9f14323
phase3_audit_full_v1,exploratory,audit,audit_benchmark,adult_income,pure_mavs_gc,feature_noise,0.6,audit,3,3,7326,7326,3,14c818323f636000e9670480d689271ce7e46d2e5f760595bc482dc124366965
phase3_audit_full_v1,exploratory,audit,audit_benchmark,adult_income,single_model,feature_noise,0.6,shadow,2,2,4884,0,2,e9c76579f5eb34fb0806ba96468f8b930f6ce2e3758a716fbd77bcff3a46bec0
phase3_audit_full_v1,exploratory,audit,audit_benchmark,adult_income,mean_ensemble,feature_noise,0.6,shadow,2,2,4884,0,2,706f6871037247325af75c938e08d7e890432161c68c2ac10df940968dd91f74
phase3_audit_full_v1,exploratory,audit,audit_benchmark,adult_income,static_weighted_ensemble,feature_noise,0.6,shadow,2,2,4884,0,2,e5537d84cf461f9042b4002858a1c038122c869320a3399dac6a082582c2ae5b
phase3_audit_full_v1,exploratory,audit,audit_benchmark,adult_income,veto_mavs,feature_noise,0.6,shadow,2,2,4884,4884,2,37f174b41e3214c639ca1b0613663d9b1cf4c478064ba3620e80abb4ec74acec
phase3_audit_full_v1,exploratory,audit,audit_benchmark,adult_income,pure_mavs_gc,feature_noise,0.6,shadow,2,2,4884,4884,2,85b4d14507280bd76dda83bb87eefbc67318d8859ee93aa69488e6898f739825
phase3_audit_full_v1,exploratory,audit,audit_benchmark,adult_income,single_model,feature_noise,0.8,audit,3,3,7326,0,3,b7906dd2092028fe6c9f4ed630d9e6674c286dae9ffbc239e24feb643740be74
phase3_audit_full_v1,exploratory,audit,audit_benchmark,adult_income,mean_ensemble,feature_noise,0.8,audit,3,3,7326,0,3,53fda4dc890fa937596432c11f7a363ea5a8c51e3525ab6813649245564c120d
phase3_audit_full_v1,exploratory,audit,audit_benchmark,adult_income,static_weighted_ensemble,feature_noise,0.8,audit,3,3,7326,0,3,9472d98bf92d06b1e0a3613987117f08237f9692a71f417261c6491678880aca
phase3_audit_full_v1,exploratory,audit,audit_benchmark,adult_income,veto_mavs,feature_noise,0.8,audit,3,3,7326,7326,3,a9906d5a7bb883c9933fdfc2efe2ab27985f9433b37ccc8a0a34c470837d2b4a
phase3_audit_full_v1,exploratory,audit,audit_benchmark,adult_income,pure_mavs_gc,feature_noise,0.8,audit,3,3,7326,7326,3,03b75bda33e51823b9b09fccb312510536e08ce872d03120391bd58d2def4f3d
phase3_audit_full_v1,exploratory,audit,audit_benchmark,adult_income,single_model,feature_noise,0.8,shadow,2,2,4884,0,2,3e74d497e753b4b7bdb4bbbc3b12563cc5857fd362504de1e56295aeb865970f
phase3_audit_full_v1,exploratory,audit,audit_benchmark,adult_income,mean_ensemble,feature_noise,0.8,shadow,2,2,4884,0,2,3d534e853340a7563cbe2f1b8fd2b93197402ead0288eaf957c9c44dbf71fc43
phase3_audit_full_v1,exploratory,audit,audit_benchmark,adult_income,static_weighted_ensemble,feature_noise,0.8,shadow,2,2,4884,0,2,674167e080071d6ccbc867f110e3aebb627c3595a663466ff770d4f0681b0cab
phase3_audit_full_v1,exploratory,audit,audit_benchmark,adult_income,veto_mavs,feature_noise,0.8,shadow,2,2,4884,4884,2,46c10e92db66ae079cfb08180579ab2c488f41428b9d6cd6056f00d0bf9b0136
phase3_audit_full_v1,exploratory,audit,audit_benchmark,adult_income,pure_mavs_gc,feature_noise,0.8,shadow,2,2,4884,4884,2,72bd6b17bb05e5f730837e373bdda8b2cfd6194a0ba2c1afa8278e8b168538e1
phase3_audit_full_v1,exploratory,audit,audit_benchmark,adult_income,single_model,feature_noise,1.0,audit,3,3,7326,0,3,0ec669ebb4ceab3307f6cb59e423f87caecc2ee8c6fc5e51331b3963f4738d16
phase3_audit_full_v1,exploratory,audit,audit_benchmark,adult_income,mean_ensemble,feature_noise,1.0,audit,3,3,7326,0,3,ce21c5fb3d1fa8275d775d50618b5ce734e0f50c846b83af28347dc98b8b57f7
phase3_audit_full_v1,exploratory,audit,audit_benchmark,adult_income,static_weighted_ensemble,feature_noise,1.0,audit,3,3,7326,0,3,57f93e2eadfeaa6fac16364d5748a9ecc3c790bde7c0c1c8ef45065996404534
phase3_audit_full_v1,exploratory,audit,audit_benchmark,adult_income,veto_mavs,feature_noise,1.0,audit,3,3,7326,7326,3,7a96e96e67be51cef1673c78b7f12eeb24a734cf9273a6180dcd548d836456a1
phase3_audit_full_v1,exploratory,audit,audit_benchmark,adult_income,pure_mavs_gc,feature_noise,1.0,audit,3,3,7326,7326,3,50c4a6d9fbb439e5ceca8beef2e267b332cc18ab6438094e50ec1bc3effd08be
phase3_audit_full_v1,exploratory,audit,audit_benchmark,adult_income,single_model,feature_noise,1.0,shadow,2,2,4884,0,2,275d1d2dd1165c39caed8c27cf8fcb7c4837aec92b86b0923caca443e8a3a202
phase3_audit_full_v1,exploratory,audit,audit_benchmark,adult_income,mean_ensemble,feature_noise,1.0,shadow,2,2,4884,0,2,00f32af62a49eddf975d7b1941f8a53a10de7bd91ad2a532371a72624d417419
phase3_audit_full_v1,exploratory,audit,audit_benchmark,adult_income,static_weighted_ensemble,feature_noise,1.0,shadow,2,2,4884,0,2,cb110102c3d8b7d004ac1969bfab350f802d489c4b6bd9876aaef462a05fd092
phase3_audit_full_v1,exploratory,audit,audit_benchmark,adult_income,veto_mavs,feature_noise,1.0,shadow,2,2,4884,4884,2,8f003a01e069ed55016026df70fde27ba418e0576b2001348939b38b4891b4e2
phase3_audit_full_v1,exploratory,audit,audit_benchmark,adult_income,pure_mavs_gc,feature_noise,1.0,shadow,2,2,4884,4884,2,bf588e5aac37138fdb4b4a6948a8c52e8e11f073cb3fe2f1ea2b9665630e7e23
phase3_audit_full_v1,exploratory,audit,audit_benchmark,adult_income,single_model,missing_features,0.0,audit,3,3,7326,0,3,d14fa81de8f83a11d7f107b1807464f187feb998c3c7fd3a368a438c23816f45
phase3_audit_full_v1,exploratory,audit,audit_benchmark,adult_income,mean_ensemble,missing_features,0.0,audit,3,3,7326,0,3,853f61388efc27cdadc1f7096fa3c6f3a185e640fdf2e620f7892c71ecc74b24
phase3_audit_full_v1,exploratory,audit,audit_benchmark,adult_income,static_weighted_ensemble,missing_features,0.0,audit,3,3,7326,0,3,918ce64197d4eec30ae2c3cbc7a7552dafbea0b44c4edd561617eb0893bc6fb6
phase3_audit_full_v1,exploratory,audit,audit_benchmark,adult_income,veto_mavs,missing_features,0.0,audit,3,3,7326,7326,3,c406af672ab2360bd1bd9a111afd042d06bce0490ae0cede912d0818a1617535
phase3_audit_full_v1,exploratory,audit,audit_benchmark,adult_income,pure_mavs_gc,missing_features,0.0,audit,3,3,7326,7326,3,d4a1f558470cf92d2f2852e1ad1bdf04a0106e4c1bfd04d7654fe7c8024ca7a6
phase3_audit_full_v1,exploratory,audit,audit_benchmark,adult_income,single_model,missing_features,0.0,shadow,2,2,4884,0,2,df33275c230100e8eeb7353ca432a81f9aa808166b04bef7e7e4ec276e620805
phase3_audit_full_v1,exploratory,audit,audit_benchmark,adult_income,mean_ensemble,missing_features,0.0,shadow,2,2,4884,0,2,29f8b4d874ab5e3d8bb59a04268197895c6f0ad79d4c8aa99d39af501f41958a
phase3_audit_full_v1,exploratory,audit,audit_benchmark,adult_income,static_weighted_ensemble,missing_features,0.0,shadow,2,2,4884,0,2,7bbe747e7b82f600fe300e8e4b4c33e59f2c39c553a683e8396c5eb04b265a52
phase3_audit_full_v1,exploratory,audit,audit_benchmark,adult_income,veto_mavs,missing_features,0.0,shadow,2,2,4884,4884,2,a01ec9df3bb3f779039039a2fefdad59cc539f187333a999fefb36eba49e320a
phase3_audit_full_v1,exploratory,audit,audit_benchmark,adult_income,pure_mavs_gc,missing_features,0.0,shadow,2,2,4884,4884,2,d8a5bf30b2df73c9b2428b1050e31274b14330efe431fd990f326dcaf3b5bb1d
phase3_audit_full_v1,exploratory,audit,audit_benchmark,adult_income,single_model,missing_features,0.05,audit,3,3,7326,0,3,4e587d9504c1a49aa8babf79d0faa2140e1b19cc42e43e381479cab3d5ae930c
phase3_audit_full_v1,exploratory,audit,audit_benchmark,adult_income,mean_ensemble,missing_features,0.05,audit,3,3,7326,0,3,75d958263e56cf2d4c757a16de4c8d3cb788048abb3e753818f00de677247cd8
phase3_audit_full_v1,exploratory,audit,audit_benchmark,adult_income,static_weighted_ensemble,missing_features,0.05,audit,3,3,7326,0,3,291bd0bcb552207e57e098744c350cf3b906a179eb5cb69ecc1c36f5143480a2
phase3_audit_full_v1,exploratory,audit,audit_benchmark,adult_income,veto_mavs,missing_features,0.05,audit,3,3,7326,7326,3,6613ab9419416a5cdd42a19fa1f9d38c103e6fa3d6eac7a8dbbc81c8cef92914
phase3_audit_full_v1,exploratory,audit,audit_benchmark,adult_income,pure_mavs_gc,missing_features,0.05,audit,3,3,7326,7326,3,310c4aab41b6f7d96112d488f6a442fac31c95a1491e67c1780a160d669578e7
phase3_audit_full_v1,exploratory,audit,audit_benchmark,adult_income,single_model,missing_features,0.05,shadow,2,2,4884,0,2,e0c60c4d0a3d107390f0c2ebf76d86492ed10ba744826ad0afd568ecb6c9a2e4
phase3_audit_full_v1,exploratory,audit,audit_benchmark,adult_income,mean_ensemble,missing_features,0.05,shadow,2,2,4884,0,2,7f2761d457822c1de3b388bb1bbbf8f6bf638fcc9e2e56d08e161194226efcc0
phase3_audit_full_v1,exploratory,audit,audit_benchmark,adult_income,static_weighted_ensemble,missing_features,0.05,shadow,2,2,4884,0,2,8d1526d6072063e56d91526c2bb1c6429de25c002cf38de5957f7aca30c69701
phase3_audit_full_v1,exploratory,audit,audit_benchmark,adult_income,veto_mavs,missing_features,0.05,shadow,2,2,4884,4884,2,95b94723c9de02cc58d7099cb5cc482d47d9264cf8cbcee4182498399b04b0b2
phase3_audit_full_v1,exploratory,audit,audit_benchmark,adult_income,pure_mavs_gc,missing_features,0.05,shadow,2,2,4884,4884,2,b453d770e129ea011df8c6997a42a1274517be1c660dbd3adfee9fe5b7c2f703
phase3_audit_full_v1,exploratory,audit,audit_benchmark,adult_income,single_model,missing_features,0.1,audit,3,3,7326,0,3,076f4bb8ab398642d54214ea229219fd505049b071eafd85aafc382740d5611a
phase3_audit_full_v1,exploratory,audit,audit_benchmark,adult_income,mean_ensemble,missing_features,0.1,audit,3,3,7326,0,3,f6fe381eaea2c8bfb6f81afa23eff1551cd97bb52b42f5ba691e618d81f1600f
phase3_audit_full_v1,exploratory,audit,audit_benchmark,adult_income,static_weighted_ensemble,missing_features,0.1,audit,3,3,7326,0,3,577d26eb21590df8956ace4872f6ec5dd6b3d58d07bbbed84bf8e5ec260c4baa
phase3_audit_full_v1,exploratory,audit,audit_benchmark,adult_income,veto_mavs,missing_features,0.1,audit,3,3,7326,7326,3,c49ac74b6490fdf6cb17ca29852b7690a7630c3e01d69181014f5c6a4dff7f0d
phase3_audit_full_v1,exploratory,audit,audit_benchmark,adult_income,pure_mavs_gc,missing_features,0.1,audit,3,3,7326,7326,3,59632c6c22ba37109a632dfa6b152e63d7e2b1d29d1686547e5697d3f46abd87
phase3_audit_full_v1,exploratory,audit,audit_benchmark,adult_income,single_model,missing_features,0.1,shadow,2,2,4884,0,2,2fd01f7b926277c63ae69550ce06fdd578c7b64762f64cab4d9246c3e1b2cb75
phase3_audit_full_v1,exploratory,audit,audit_benchmark,adult_income,mean_ensemble,missing_features,0.1,shadow,2,2,4884,0,2,8555c8984b5df5a9cbbe0764817c0dc7194be8c8bdcab77ac0aa296bef7ce565
phase3_audit_full_v1,exploratory,audit,audit_benchmark,adult_income,static_weighted_ensemble,missing_features,0.1,shadow,2,2,4884,0,2,a91e48bab83927cd958e07ffd2553d31d53c6c0e3449b47a1ef7909d413e3add
phase3_audit_full_v1,exploratory,audit,audit_benchmark,adult_income,veto_mavs,missing_features,0.1,shadow,2,2,4884,4884,2,c3b4e84e7aa415fe0b2663454a19980cc6645c033f22d4b858bc0531b2a69411
phase3_audit_full_v1,exploratory,audit,audit_benchmark,adult_income,pure_mavs_gc,missing_features,0.1,shadow,2,2,4884,4884,2,5f0aed128448d5d1f0543b24a9dc65c02b4789d5abff1db12395c278ff113a63
phase3_audit_full_v1,exploratory,audit,audit_benchmark,adult_income,single_model,missing_features,0.2,audit,3,3,7326,0,3,b7f2d33dd626b68250780d00933e90deefd2e0a89a31a49b5fe66c62eb962224
phase3_audit_full_v1,exploratory,audit,audit_benchmark,adult_income,mean_ensemble,missing_features,0.2,audit,3,3,7326,0,3,10a0ca4981bc3ef71763ce1d51cb35bdd791020491e3d50620fd1cf2a3726417
phase3_audit_full_v1,exploratory,audit,audit_benchmark,adult_income,static_weighted_ensemble,missing_features,0.2,audit,3,3,7326,0,3,cdd6b1b54e970c2247181a91c9119cd789b0cabb10a36e2b068ce658075fb0aa
phase3_audit_full_v1,exploratory,audit,audit_benchmark,adult_income,veto_mavs,missing_features,0.2,audit,3,3,7326,7326,3,498c9ffc6b32be79daa0e158467aacf7ce8df3a29ea73ee7371cf4c8b0e0a4fe
phase3_audit_full_v1,exploratory,audit,audit_benchmark,adult_income,pure_mavs_gc,missing_features,0.2,audit,3,3,7326,7326,3,b1e459ac371bf591c4e0bd7ff719679e1be24d02cf0ee53a99a4a2c69dc8eb6d
phase3_audit_full_v1,exploratory,audit,audit_benchmark,adult_income,single_model,missing_features,0.2,shadow,2,2,4884,0,2,73ab38be8ce58313897f939b52f8629989a0f9f3b4221dad6a77d0abd471d07a
phase3_audit_full_v1,exploratory,audit,audit_benchmark,adult_income,mean_ensemble,missing_features,0.2,shadow,2,2,4884,0,2,701f4cf55320126c92661407cab5eba1dc1a722050e2a3d003a43e18b7506e30
phase3_audit_full_v1,exploratory,audit,audit_benchmark,adult_income,static_weighted_ensemble,missing_features,0.2,shadow,2,2,4884,0,2,fb14e498e551f464e1c373c91555cf73af86c2ab896036d43fb05fd4d834aad7
phase3_audit_full_v1,exploratory,audit,audit_benchmark,adult_income,veto_mavs,missing_features,0.2,shadow,2,2,4884,4884,2,ac72c4e9b05b4f43f0ddb0d3251b5f4b673909d289efe3f445ef3420e52c534a
phase3_audit_full_v1,exploratory,audit,audit_benchmark,adult_income,pure_mavs_gc,missing_features,0.2,shadow,2,2,4884,4884,2,c6edb8f5993011241d293d4521d5a1fa5d433221c7973d8a5e3f1274bc7e18db
phase3_audit_full_v1,exploratory,audit,audit_benchmark,adult_income,single_model,missing_features,0.4,audit,3,3,7326,0,3,90407c5d79504e4d5213164d26e58fd5b92f658a5a21fbae32c77a93e9a486db
phase3_audit_full_v1,exploratory,audit,audit_benchmark,adult_income,mean_ensemble,missing_features,0.4,audit,3,3,7326,0,3,5d3ba1f3c68eab35aeabc2e0b9cb0482f22e1e56da5c737acb208a6561243062
phase3_audit_full_v1,exploratory,audit,audit_benchmark,adult_income,static_weighted_ensemble,missing_features,0.4,audit,3,3,7326,0,3,cfc2bd1f785886fe61d3bece5e1b5136296f3620d258b0f900675b87b2581278
phase3_audit_full_v1,exploratory,audit,audit_benchmark,adult_income,veto_mavs,missing_features,0.4,audit,3,3,7326,7326,3,9464e13fb82e9ce16ba340181c251aa4471d751b793e91c3e5544165c1be781e
phase3_audit_full_v1,exploratory,audit,audit_benchmark,adult_income,pure_mavs_gc,missing_features,0.4,audit,3,3,7326,7326,3,bc190df578d6f98eecc9b67a1beae1632827e0cf992f5195569122b3a8c0ac82
phase3_audit_full_v1,exploratory,audit,audit_benchmark,adult_income,single_model,missing_features,0.4,shadow,2,2,4884,0,2,14f659ef86820f3b0d8d4cc2db577560caa3502a2132a46485e928a669bc916d
phase3_audit_full_v1,exploratory,audit,audit_benchmark,adult_income,mean_ensemble,missing_features,0.4,shadow,2,2,4884,0,2,20759c0053f67f830965fd0886463b463154396a2df16b99e1837e04da2a0409
phase3_audit_full_v1,exploratory,audit,audit_benchmark,adult_income,static_weighted_ensemble,missing_features,0.4,shadow,2,2,4884,0,2,d85cac4a2afee05ae50bc6b68aa79e28373fb67244b56f9ded37b3871e233056
phase3_audit_full_v1,exploratory,audit,audit_benchmark,adult_income,veto_mavs,missing_features,0.4,shadow,2,2,4884,4884,2,4cd2663f890709146e5467e5ec457d0a40fec6cb2f5f393fd202d478c66ab64d
phase3_audit_full_v1,exploratory,audit,audit_benchmark,adult_income,pure_mavs_gc,missing_features,0.4,shadow,2,2,4884,4884,2,3c5270d595faf4351cb5c6247bda6c18bf22180a7d2e3ca20ad8032c679b4596
phase3_audit_full_v1,exploratory,audit,audit_benchmark,adult_income,single_model,missing_features,0.6,audit,3,3,7326,0,3,3fc5ccf10cb2a19426bffa0d482e75371cf3b75e2c23356f7188e11f0a46b610
phase3_audit_full_v1,exploratory,audit,audit_benchmark,adult_income,mean_ensemble,missing_features,0.6,audit,3,3,7326,0,3,be6126609992349903fb7b812abe8cd0bc5a3d9e92b3124fcda5a753d62b2c07
phase3_audit_full_v1,exploratory,audit,audit_benchmark,adult_income,static_weighted_ensemble,missing_features,0.6,audit,3,3,7326,0,3,e666b1e342ab48352b613cf1670e2e3f7baf63a44a45a75b65ebfcacd8c5afd1
phase3_audit_full_v1,exploratory,audit,audit_benchmark,adult_income,veto_mavs,missing_features,0.6,audit,3,3,7326,7326,3,bce80f91d94c6de445748867ea5abdd0117ee7f54447e346287ca10bbd90884f
phase3_audit_full_v1,exploratory,audit,audit_benchmark,adult_income,pure_mavs_gc,missing_features,0.6,audit,3,3,7326,7326,3,b42949097ce56053ed41bba582607c9a175d5aa8afb7aa5368c3ee3b54d7b5ed
phase3_audit_full_v1,exploratory,audit,audit_benchmark,adult_income,single_model,missing_features,0.6,shadow,2,2,4884,0,2,b6cf59c72e29352fca6610849746218af9eaa22db0a83270bd00cf273659c453
phase3_audit_full_v1,exploratory,audit,audit_benchmark,adult_income,mean_ensemble,missing_features,0.6,shadow,2,2,4884,0,2,71ff1c7f73957affb181955b817b56072a6e4a07fd368d8a5dd164a75123d1ed
phase3_audit_full_v1,exploratory,audit,audit_benchmark,adult_income,static_weighted_ensemble,missing_features,0.6,shadow,2,2,4884,0,2,61776f4f583e7dcd4dfd2b85cb455340f46563341191eafa27a267d8538ac6da
phase3_audit_full_v1,exploratory,audit,audit_benchmark,adult_income,veto_mavs,missing_features,0.6,shadow,2,2,4884,4884,2,7967ca3350b37429af8bc417fdf660c5f76512e54e27df0fecdef590ab0ad9b5
phase3_audit_full_v1,exploratory,audit,audit_benchmark,adult_income,pure_mavs_gc,missing_features,0.6,shadow,2,2,4884,4884,2,cbfb1320be2a7e2b0f60582813c81caac5ec961791ef8163782c5858aad41533
phase3_audit_full_v1,exploratory,audit,audit_benchmark,adult_income,single_model,missing_features,0.8,audit,3,3,7326,0,3,29bb8c0b3ebe47118c6c6b1ab741c8205eb701be0c12244d8e573631d2fc3957
phase3_audit_full_v1,exploratory,audit,audit_benchmark,adult_income,mean_ensemble,missing_features,0.8,audit,3,3,7326,0,3,595e8ac243e20c6ffd631f7123edbbc33cd79c75d23d7dfc686289085c2fb978
phase3_audit_full_v1,exploratory,audit,audit_benchmark,adult_income,static_weighted_ensemble,missing_features,0.8,audit,3,3,7326,0,3,4131db2b9869a8b91a60922c106d64298a402041c675667f67ba2ff8fcf39e23
phase3_audit_full_v1,exploratory,audit,audit_benchmark,adult_income,veto_mavs,missing_features,0.8,audit,3,3,7326,7326,3,c7d460b13ca0a9033c42fd298c8a8af3f88608e2b284573d4923e24e33bff5f4
phase3_audit_full_v1,exploratory,audit,audit_benchmark,adult_income,pure_mavs_gc,missing_features,0.8,audit,3,3,7326,7326,3,09d6d635065837d9b1c9b1440196672e49c7012bc238cb94fc344880b567f567
phase3_audit_full_v1,exploratory,audit,audit_benchmark,adult_income,single_model,missing_features,0.8,shadow,2,2,4884,0,2,2ce844946d010e8ec42b9ace7d7a0637ce09f69fb49e79b87c96cff4336718ac
phase3_audit_full_v1,exploratory,audit,audit_benchmark,adult_income,mean_ensemble,missing_features,0.8,shadow,2,2,4884,0,2,0fc44a353d268d608db6b37bf6deb1809586372e747134d2d3586d92c5a59501
phase3_audit_full_v1,exploratory,audit,audit_benchmark,adult_income,static_weighted_ensemble,missing_features,0.8,shadow,2,2,4884,0,2,ddd731a35c8b09d37f5a0ebfee21e5036513740d2c4b1361965b3e8755793633
phase3_audit_full_v1,exploratory,audit,audit_benchmark,adult_income,veto_mavs,missing_features,0.8,shadow,2,2,4884,4884,2,a6672ea55448f23c1de711435695f3a0bb058b8d374bd232a94b23eebcd9e459
phase3_audit_full_v1,exploratory,audit,audit_benchmark,adult_income,pure_mavs_gc,missing_features,0.8,shadow,2,2,4884,4884,2,a7bf8340748169eab8d4a2a57da0865779d22af65b13a960e0d4b4fe42b7d0ca
phase3_audit_full_v1,exploratory,audit,audit_benchmark,adult_income,single_model,missing_features,1.0,audit,3,3,7326,0,3,f76e7cfe434693074857b085cddf079a7124c402420e7d2d26eb355310daf4a1
phase3_audit_full_v1,exploratory,audit,audit_benchmark,adult_income,mean_ensemble,missing_features,1.0,audit,3,3,7326,0,3,b947a2d103d0f119d61e92c9f73f6d9acf403f3928487e8fed0ef23fc256a22f
phase3_audit_full_v1,exploratory,audit,audit_benchmark,adult_income,static_weighted_ensemble,missing_features,1.0,audit,3,3,7326,0,3,60bb55d546cacfedc54d7be0abadfa595c0d828f771d48834effb307a0f9e548
phase3_audit_full_v1,exploratory,audit,audit_benchmark,adult_income,veto_mavs,missing_features,1.0,audit,3,3,7326,7326,3,89bb874d116fdcf9233b3d0bf561ba1ca7c4b740741d37d4ea2c961b47850c30
phase3_audit_full_v1,exploratory,audit,audit_benchmark,adult_income,pure_mavs_gc,missing_features,1.0,audit,3,3,7326,7326,3,b57e79704c1791a0a9efcf342c43f662a79d4c866df01522c225eeba5b69e95d
phase3_audit_full_v1,exploratory,audit,audit_benchmark,adult_income,single_model,missing_features,1.0,shadow,2,2,4884,0,2,a7e5e0dc47e648171503e1be95c85ed81d1cee90b96a44ede081db4ad76e77e9
phase3_audit_full_v1,exploratory,audit,audit_benchmark,adult_income,mean_ensemble,missing_features,1.0,shadow,2,2,4884,0,2,35d826e317342e0d177a5f9bf10730df5e007127a6c160c9d3028e350195b850
phase3_audit_full_v1,exploratory,audit,audit_benchmark,adult_income,static_weighted_ensemble,missing_features,1.0,shadow,2,2,4884,0,2,cd1ac06ee565d5eb58db82cb1be47403d88b09fbc9b4ccbe8bcc89850f22116b
phase3_audit_full_v1,exploratory,audit,audit_benchmark,adult_income,veto_mavs,missing_features,1.0,shadow,2,2,4884,4884,2,a17f45d09cf2b53f591ea4bd095caa0e2ccf4218af98e6b369cadb84f3f87c04
phase3_audit_full_v1,exploratory,audit,audit_benchmark,adult_income,pure_mavs_gc,missing_features,1.0,shadow,2,2,4884,4884,2,e6cd9b78921756bda955d1036ad83a87bf73c8f5eb314dd9897ecc1209fa3e17
phase3_audit_full_v1,exploratory,audit,audit_benchmark,adult_income,single_model,random_feature_deletion,0.0,audit,3,3,7326,0,3,d327c825c6257901812b4c9451455cd368c78000840f9670ec29122587ffec88
phase3_audit_full_v1,exploratory,audit,audit_benchmark,adult_income,mean_ensemble,random_feature_deletion,0.0,audit,3,3,7326,0,3,9d6d965ba81c503e9f90762af9b269912a73bea2855795b867c5b6e2eb36f26b
phase3_audit_full_v1,exploratory,audit,audit_benchmark,adult_income,static_weighted_ensemble,random_feature_deletion,0.0,audit,3,3,7326,0,3,fc937f1c5b882b50fb988e447f8657412cc20eed2e4a5da85dcdb20aa924a571
phase3_audit_full_v1,exploratory,audit,audit_benchmark,adult_income,veto_mavs,random_feature_deletion,0.0,audit,3,3,7326,7326,3,83fcea11c53fe0eb5b3ed3beee6beaeac961d4fb10a7e1b37a5b293860b3d2c2
phase3_audit_full_v1,exploratory,audit,audit_benchmark,adult_income,pure_mavs_gc,random_feature_deletion,0.0,audit,3,3,7326,7326,3,6d97c3a01122479ecc3c4ca0deea4cce3791d40706f14b4290a4d0f84ff2a905
phase3_audit_full_v1,exploratory,audit,audit_benchmark,adult_income,single_model,random_feature_deletion,0.0,shadow,2,2,4884,0,2,7805dd121217a9094d823eacf922839f5c3651e00ffb5a65dbd4c5586e5f234e
phase3_audit_full_v1,exploratory,audit,audit_benchmark,adult_income,mean_ensemble,random_feature_deletion,0.0,shadow,2,2,4884,0,2,5846c1d307d604e5e06ec126324f3b654c659613a09a2469d2d6de915f4d8cd5
phase3_audit_full_v1,exploratory,audit,audit_benchmark,adult_income,static_weighted_ensemble,random_feature_deletion,0.0,shadow,2,2,4884,0,2,1048dd3a23a5caea6e4af3451fb3a445c76ca7ce949bf138ecf268fa487aad2b
phase3_audit_full_v1,exploratory,audit,audit_benchmark,adult_income,veto_mavs,random_feature_deletion,0.0,shadow,2,2,4884,4884,2,1d99e28e837d6d386a68c1c3d556672902b4b3fb10679c5cba7391e60f68ec92
phase3_audit_full_v1,exploratory,audit,audit_benchmark,adult_income,pure_mavs_gc,random_feature_deletion,0.0,shadow,2,2,4884,4884,2,002996c4ff6543ef22f8e330591a0908b819b0017202961c4274e4789813b194
phase3_audit_full_v1,exploratory,audit,audit_benchmark,adult_income,single_model,random_feature_deletion,0.05,audit,3,3,7326,0,3,2e240e42ef3ccb6ca910445942ac57bd0257c1a146f5586abf5b23b026ac2296
phase3_audit_full_v1,exploratory,audit,audit_benchmark,adult_income,mean_ensemble,random_feature_deletion,0.05,audit,3,3,7326,0,3,e363fd57bb4c5f42e1f76945fd30d4d5dc51c3ff43cc9bc0012b18974d4a0757
phase3_audit_full_v1,exploratory,audit,audit_benchmark,adult_income,static_weighted_ensemble,random_feature_deletion,0.05,audit,3,3,7326,0,3,e6e72ab22c8eb03aa7a3abc2478aabc9e5dde9f12f350d940bdddc2bb131417c
phase3_audit_full_v1,exploratory,audit,audit_benchmark,adult_income,veto_mavs,random_feature_deletion,0.05,audit,3,3,7326,7326,3,49e1bfe21e0d1ae2e96c2440ba532c05d1ee26de310ada932c430b3021f443e3
phase3_audit_full_v1,exploratory,audit,audit_benchmark,adult_income,pure_mavs_gc,random_feature_deletion,0.05,audit,3,3,7326,7326,3,1c87fb9b88594a230dd5349d92ecfc5009742f109abcc7c1554719e55902326d
phase3_audit_full_v1,exploratory,audit,audit_benchmark,adult_income,single_model,random_feature_deletion,0.05,shadow,2,2,4884,0,2,2bfc3d6e123b21e6e6f5fcbba4049315ea49a76b28606ac59c5eeba011508a12
phase3_audit_full_v1,exploratory,audit,audit_benchmark,adult_income,mean_ensemble,random_feature_deletion,0.05,shadow,2,2,4884,0,2,9cba2be9a0a523032f8d2f1320e436a8c3e04cba443f6d162852f5118f15fe7e
phase3_audit_full_v1,exploratory,audit,audit_benchmark,adult_income,static_weighted_ensemble,random_feature_deletion,0.05,shadow,2,2,4884,0,2,696120ccfa68c07c6326d073dd0ae9bce4047e20267725fc594fe0f7bb59fb5c
phase3_audit_full_v1,exploratory,audit,audit_benchmark,adult_income,veto_mavs,random_feature_deletion,0.05,shadow,2,2,4884,4884,2,274e26065af893bde34c9720bb168a4443b8befb9987306cc6c4140874cde893
phase3_audit_full_v1,exploratory,audit,audit_benchmark,adult_income,pure_mavs_gc,random_feature_deletion,0.05,shadow,2,2,4884,4884,2,fecfb35b35211b4b2a8733071065fae92e3a8e6c17a5e357022dfe674a06eb20
phase3_audit_full_v1,exploratory,audit,audit_benchmark,adult_income,single_model,random_feature_deletion,0.1,audit,3,3,7326,0,3,25eb185148b51aa31b69be08834305b566aa9bb07a461b2d5c11bd7b7efc2701
phase3_audit_full_v1,exploratory,audit,audit_benchmark,adult_income,mean_ensemble,random_feature_deletion,0.1,audit,3,3,7326,0,3,23c7c824ad4ab1b063b3fb5a2f286021de39e298a2e1da0c3649b94cc4822e6f
phase3_audit_full_v1,exploratory,audit,audit_benchmark,adult_income,static_weighted_ensemble,random_feature_deletion,0.1,audit,3,3,7326,0,3,f4822c47ef465648c6938b4d1e6cab5b02006351d6bcfded8b0ae8c683d6e324
phase3_audit_full_v1,exploratory,audit,audit_benchmark,adult_income,veto_mavs,random_feature_deletion,0.1,audit,3,3,7326,7326,3,006555343c8b2fc44ad5d5da10e7abd3657ad41f794cecc2becd181d37da2733
phase3_audit_full_v1,exploratory,audit,audit_benchmark,adult_income,pure_mavs_gc,random_feature_deletion,0.1,audit,3,3,7326,7326,3,d0ae941994310bd0479046bfc800d6288183467f47e62f5dd4262c5f31c4d451
phase3_audit_full_v1,exploratory,audit,audit_benchmark,adult_income,single_model,random_feature_deletion,0.1,shadow,2,2,4884,0,2,4c84c58f696cb28887c055a9d2fe8443c4bb576f4740d317c7656b2f103b3d66
phase3_audit_full_v1,exploratory,audit,audit_benchmark,adult_income,mean_ensemble,random_feature_deletion,0.1,shadow,2,2,4884,0,2,ad3a97c51c2dc741b2840290f6cfd5a938779b642db589c4be2a3498afd8f1c1
phase3_audit_full_v1,exploratory,audit,audit_benchmark,adult_income,static_weighted_ensemble,random_feature_deletion,0.1,shadow,2,2,4884,0,2,f013800958ea0ab1b1de14d133dc8354fdc030117fcb212d191399316bdfbc3a
phase3_audit_full_v1,exploratory,audit,audit_benchmark,adult_income,veto_mavs,random_feature_deletion,0.1,shadow,2,2,4884,4884,2,37afe1c7ea93f506d0de74e6c1af88b69fb5b368498409d930f188fb8b262d0a
phase3_audit_full_v1,exploratory,audit,audit_benchmark,adult_income,pure_mavs_gc,random_feature_deletion,0.1,shadow,2,2,4884,4884,2,9a96318d03196cd26406339ead573e8453c2b0063289351b777ccedad315f061
phase3_audit_full_v1,exploratory,audit,audit_benchmark,adult_income,single_model,random_feature_deletion,0.2,audit,3,3,7326,0,3,ce03cf8f85a3fcb6ab5a18475a6f28123385c5948253c5f63a870d106b1c8dc3
phase3_audit_full_v1,exploratory,audit,audit_benchmark,adult_income,mean_ensemble,random_feature_deletion,0.2,audit,3,3,7326,0,3,dfed20e998281470a52f2483a0e992a886bf7073c4a9839ea404bcabeaf99f9a
phase3_audit_full_v1,exploratory,audit,audit_benchmark,adult_income,static_weighted_ensemble,random_feature_deletion,0.2,audit,3,3,7326,0,3,b39f160d772186d74ee7310547e6e6f605c6762cbd5e5dbb62da4ebd67ca824f
phase3_audit_full_v1,exploratory,audit,audit_benchmark,adult_income,veto_mavs,random_feature_deletion,0.2,audit,3,3,7326,7326,3,c428909d4b7ea53f7ba6851dd2bf2500f484aae6f83d88180e44931d6e36c1a2
phase3_audit_full_v1,exploratory,audit,audit_benchmark,adult_income,pure_mavs_gc,random_feature_deletion,0.2,audit,3,3,7326,7326,3,e59dab251052eb17a3d5b4e2316554981b33cc75b935b9a04e02f4fcc4f109b5
phase3_audit_full_v1,exploratory,audit,audit_benchmark,adult_income,single_model,random_feature_deletion,0.2,shadow,2,2,4884,0,2,47e8cc36613f0764a4dc5f20efbf27d7d44e24334afab2fcaf2bffe18f1d7bf8
phase3_audit_full_v1,exploratory,audit,audit_benchmark,adult_income,mean_ensemble,random_feature_deletion,0.2,shadow,2,2,4884,0,2,bca3956a38e351c5d4e1431760706f60d94b92f573c789e9f185905455ac0ccc
phase3_audit_full_v1,exploratory,audit,audit_benchmark,adult_income,static_weighted_ensemble,random_feature_deletion,0.2,shadow,2,2,4884,0,2,33b86abd27c518e5825808a90218b29d48db0bc199e068c4cba9a6ef932503c4
phase3_audit_full_v1,exploratory,audit,audit_benchmark,adult_income,veto_mavs,random_feature_deletion,0.2,shadow,2,2,4884,4884,2,36b7780e24fba9c27e7f87a4cbeb921bf6336962e58f9b65fbbdc7c150d88fd2
phase3_audit_full_v1,exploratory,audit,audit_benchmark,adult_income,pure_mavs_gc,random_feature_deletion,0.2,shadow,2,2,4884,4884,2,42875507662181f00587c8f4cf1e224730fcb630455a703880de6b55a71ca0cb
phase3_audit_full_v1,exploratory,audit,audit_benchmark,adult_income,single_model,random_feature_deletion,0.4,audit,3,3,7326,0,3,995b8af676fa42f49ade38e8be1a4818eb3570513c56a4d8fe8fb327e1634282
phase3_audit_full_v1,exploratory,audit,audit_benchmark,adult_income,mean_ensemble,random_feature_deletion,0.4,audit,3,3,7326,0,3,e1183eac65bf75d488a173f5f65d54e1cff74f69d4b6a6ac8cbc97104d9dd098
phase3_audit_full_v1,exploratory,audit,audit_benchmark,adult_income,static_weighted_ensemble,random_feature_deletion,0.4,audit,3,3,7326,0,3,b3880bac0ff7423f68610e3d951bc1cc6277b7a3d01bca3cd5a9ecfb5d304843
phase3_audit_full_v1,exploratory,audit,audit_benchmark,adult_income,veto_mavs,random_feature_deletion,0.4,audit,3,3,7326,7326,3,7cb4c822dac0f093fccb435cb9396178569f69098503073b374b79bc3e989be6
phase3_audit_full_v1,exploratory,audit,audit_benchmark,adult_income,pure_mavs_gc,random_feature_deletion,0.4,audit,3,3,7326,7326,3,8b9dde3aba1283848a0d1f4f25a5f707cdb290328539d4dabde8b49b1f0f9dd6
phase3_audit_full_v1,exploratory,audit,audit_benchmark,adult_income,single_model,random_feature_deletion,0.4,shadow,2,2,4884,0,2,26224c45d1c29c309608ce58873becf74b73a43c56fcec5e9b833f516ed3c6ac
phase3_audit_full_v1,exploratory,audit,audit_benchmark,adult_income,mean_ensemble,random_feature_deletion,0.4,shadow,2,2,4884,0,2,7a72ac43b90d616390f685310d59bac4f9146896a6bcb5d1c512bd061fbbc913
phase3_audit_full_v1,exploratory,audit,audit_benchmark,adult_income,static_weighted_ensemble,random_feature_deletion,0.4,shadow,2,2,4884,0,2,940793e578a546baff2fb97be579be733a233d48ab87191b45e3112b87d29198
phase3_audit_full_v1,exploratory,audit,audit_benchmark,adult_income,veto_mavs,random_feature_deletion,0.4,shadow,2,2,4884,4884,2,d2234487816986844eda52a3829feb5aa4113ab7c818e59526c61c81152730d3
phase3_audit_full_v1,exploratory,audit,audit_benchmark,adult_income,pure_mavs_gc,random_feature_deletion,0.4,shadow,2,2,4884,4884,2,d791d50f9fada552ce20b8a03d94d3991eee2e9dbbf60fb104ace6f1665aa573
phase3_audit_full_v1,exploratory,audit,audit_benchmark,adult_income,single_model,random_feature_deletion,0.6,audit,3,3,7326,0,3,c2f596d00737eafb2ec5bb122ccc08f61eb0705ad5a3149b8e77a345cd06d994
phase3_audit_full_v1,exploratory,audit,audit_benchmark,adult_income,mean_ensemble,random_feature_deletion,0.6,audit,3,3,7326,0,3,e4a3be6cd21a7d12f0c4ba71811c1781626ac16d31df1d61d134f78fa1fbfe2d
phase3_audit_full_v1,exploratory,audit,audit_benchmark,adult_income,static_weighted_ensemble,random_feature_deletion,0.6,audit,3,3,7326,0,3,2997d3d4cde887686c5a6ce23bc6526c481738b8d73f97b650eb6cd1143cea00
phase3_audit_full_v1,exploratory,audit,audit_benchmark,adult_income,veto_mavs,random_feature_deletion,0.6,audit,3,3,7326,7326,3,229091bf62294e55014b8b05ddcae6dc3d0b0c6e79674b3ce34135eac439cc7c
phase3_audit_full_v1,exploratory,audit,audit_benchmark,adult_income,pure_mavs_gc,random_feature_deletion,0.6,audit,3,3,7326,7326,3,36368eaf349a64189b251f352a0e2323aa28bafefb9f49d2c8a8a399c4a15603
phase3_audit_full_v1,exploratory,audit,audit_benchmark,adult_income,single_model,random_feature_deletion,0.6,shadow,2,2,4884,0,2,4958e413880a35732d702e1efaa642abaef0ea913d38a57d983aef8da7be914c
phase3_audit_full_v1,exploratory,audit,audit_benchmark,adult_income,mean_ensemble,random_feature_deletion,0.6,shadow,2,2,4884,0,2,d520448faada057be74f8f7dece0b612dcfa04f090107bae390aea711a4c385c
phase3_audit_full_v1,exploratory,audit,audit_benchmark,adult_income,static_weighted_ensemble,random_feature_deletion,0.6,shadow,2,2,4884,0,2,dc77fc4838854037b231e0282fdc79aa9a1e28ca199fb8f3295af7ead21056d8
phase3_audit_full_v1,exploratory,audit,audit_benchmark,adult_income,veto_mavs,random_feature_deletion,0.6,shadow,2,2,4884,4884,2,6d3e496ffe6f84621f62f0bdd6e678196ad4ca393739138347387dcc9ce080ea
phase3_audit_full_v1,exploratory,audit,audit_benchmark,adult_income,pure_mavs_gc,random_feature_deletion,0.6,shadow,2,2,4884,4884,2,3b26917bdf51de6097360075845d159b5ee528a6896836f5307f4505941c9b26
phase3_audit_full_v1,exploratory,audit,audit_benchmark,adult_income,single_model,random_feature_deletion,0.8,audit,3,3,7326,0,3,8d36a403ee13aae043ea2b9dad8cc3811960209506b604bdb4a9fdb4f0ac44f3
phase3_audit_full_v1,exploratory,audit,audit_benchmark,adult_income,mean_ensemble,random_feature_deletion,0.8,audit,3,3,7326,0,3,1f0b28af76797162d9ae49a62bfc6e8048739d7187da2f0ad8702edb1aa69150
phase3_audit_full_v1,exploratory,audit,audit_benchmark,adult_income,static_weighted_ensemble,random_feature_deletion,0.8,audit,3,3,7326,0,3,931576ab32feb46d7ade4db8dd1815cd6f8dffdf8c30ae15ad47114086e30a40
phase3_audit_full_v1,exploratory,audit,audit_benchmark,adult_income,veto_mavs,random_feature_deletion,0.8,audit,3,3,7326,7326,3,d0a3d73b5dcc86239de664a4796672c2e3e9931845c4bd759e41baf045e3e606
phase3_audit_full_v1,exploratory,audit,audit_benchmark,adult_income,pure_mavs_gc,random_feature_deletion,0.8,audit,3,3,7326,7326,3,345930409cecacc2b2564a9669d65e9e641f52eb47492fe48bf227f39de9b178
phase3_audit_full_v1,exploratory,audit,audit_benchmark,adult_income,single_model,random_feature_deletion,0.8,shadow,2,2,4884,0,2,53802218f3534d31243fb6ddef5465a980e0da8642c741e937bba61b8d8be48f
phase3_audit_full_v1,exploratory,audit,audit_benchmark,adult_income,mean_ensemble,random_feature_deletion,0.8,shadow,2,2,4884,0,2,8f306c44a2bdde72059404b4c66ed3980afc46fbfe98935736be1feaff019208
phase3_audit_full_v1,exploratory,audit,audit_benchmark,adult_income,static_weighted_ensemble,random_feature_deletion,0.8,shadow,2,2,4884,0,2,d3666730844889b841ec76fa8228d6c270869c236117618880c1e2001ddd7d39
phase3_audit_full_v1,exploratory,audit,audit_benchmark,adult_income,veto_mavs,random_feature_deletion,0.8,shadow,2,2,4884,4884,2,c9f60e2ce56c98e21bb5ab8b9712edfbf56b2ced97b7922d57713417e0b518e8
phase3_audit_full_v1,exploratory,audit,audit_benchmark,adult_income,pure_mavs_gc,random_feature_deletion,0.8,shadow,2,2,4884,4884,2,4c72708f5e869215a4ad2c3bc671dff8e50ce5a8379f83c3adbf4fe17c2e6857
phase3_audit_full_v1,exploratory,audit,audit_benchmark,adult_income,single_model,random_feature_deletion,1.0,audit,3,3,7326,0,3,28c84aabb4e3df54b766e3057fa2066d12f79d9ba66c37154036da1ed27d128c
phase3_audit_full_v1,exploratory,audit,audit_benchmark,adult_income,mean_ensemble,random_feature_deletion,1.0,audit,3,3,7326,0,3,917f8b89e3c7dd68053bfbbc48f8fc6536b6acbb929abc750e4a3eec4dfb7ae7
phase3_audit_full_v1,exploratory,audit,audit_benchmark,adult_income,static_weighted_ensemble,random_feature_deletion,1.0,audit,3,3,7326,0,3,f8976578f40c4c46a4e316743554243728272c13d29d5b0feb7ec19e432d7552
phase3_audit_full_v1,exploratory,audit,audit_benchmark,adult_income,veto_mavs,random_feature_deletion,1.0,audit,3,3,7326,7326,3,35f6ff78c79a9dbe946f06c6dbeaf2b6bb40eb56fbdd49c7986338f5c1426701
phase3_audit_full_v1,exploratory,audit,audit_benchmark,adult_income,pure_mavs_gc,random_feature_deletion,1.0,audit,3,3,7326,7326,3,62cfac7cb2a852510584916e0eda94a6abfacc9322cc372faacb2d4daa56805d
phase3_audit_full_v1,exploratory,audit,audit_benchmark,adult_income,single_model,random_feature_deletion,1.0,shadow,2,2,4884,0,2,5bc096f78a9bca4f5573be2df4ae965c1c551ae807436c1807a594e16297842b
phase3_audit_full_v1,exploratory,audit,audit_benchmark,adult_income,mean_ensemble,random_feature_deletion,1.0,shadow,2,2,4884,0,2,4be740c1d6f8199614f93a40408779162cc32ed08b93bc1f73af5d96d2de7794
phase3_audit_full_v1,exploratory,audit,audit_benchmark,adult_income,static_weighted_ensemble,random_feature_deletion,1.0,shadow,2,2,4884,0,2,e792850c5f1914a3e94ae0abfb4ee94f95ee23995547178eaddc278774e526dd
phase3_audit_full_v1,exploratory,audit,audit_benchmark,adult_income,veto_mavs,random_feature_deletion,1.0,shadow,2,2,4884,4884,2,b6847bb442c3eeae470cf05eef784f770a51ce2c054df403c822741914f86541
phase3_audit_full_v1,exploratory,audit,audit_benchmark,adult_income,pure_mavs_gc,random_feature_deletion,1.0,shadow,2,2,4884,4884,2,9e1d9a8bf284a605a4b40891efe865b37a4eca34ab1b37dfc740526ba3e9b706
phase3_audit_full_v1,exploratory,audit,audit_benchmark,adult_income,single_model,label_noise,0.0,audit,3,3,7326,0,3,cdb8efcf892ac239467b225bb7653b3e0dca810d393eda81b6fa4d3f6a8e98de
phase3_audit_full_v1,exploratory,audit,audit_benchmark,adult_income,mean_ensemble,label_noise,0.0,audit,3,3,7326,0,3,89a93d4e6be151248062b45430a1fd7120358227c6b916e1a98cdb5530dab88a
phase3_audit_full_v1,exploratory,audit,audit_benchmark,adult_income,static_weighted_ensemble,label_noise,0.0,audit,3,3,7326,0,3,f5df884ef87d7606c75700542abd3d58dc40ee02fa8da63633206d1317b1eea9
phase3_audit_full_v1,exploratory,audit,audit_benchmark,adult_income,veto_mavs,label_noise,0.0,audit,3,3,7326,7326,3,2c1fa07bc7d7cf1a0053f3bd0fe4f4ba0c1e98495c3953cba60954f753d26a9d
phase3_audit_full_v1,exploratory,audit,audit_benchmark,adult_income,pure_mavs_gc,label_noise,0.0,audit,3,3,7326,7326,3,a009ccdf96be7205a371f96557fdc1ae3ad25224a9f2f0a56bd9a552567d80d4
phase3_audit_full_v1,exploratory,audit,audit_benchmark,adult_income,single_model,label_noise,0.0,shadow,2,2,4884,0,2,1419e154fe9529d8492f2926fc6cef2917ff96109fe32dba3cc1e07ac0c0676e
phase3_audit_full_v1,exploratory,audit,audit_benchmark,adult_income,mean_ensemble,label_noise,0.0,shadow,2,2,4884,0,2,ca063c9eb2dbc58aafc922730b837bcd268ff8154d65f4ee912f975b328d2cbe
phase3_audit_full_v1,exploratory,audit,audit_benchmark,adult_income,static_weighted_ensemble,label_noise,0.0,shadow,2,2,4884,0,2,336e9937ef60694239e046292d99ec140bfed91b7b77a5f6168081b85a3519c5
phase3_audit_full_v1,exploratory,audit,audit_benchmark,adult_income,veto_mavs,label_noise,0.0,shadow,2,2,4884,4884,2,bd9ae0c23aeb6fb22465b0e9887b554ab03fbf9ed1aca4ae100d7d0db8c1a982
phase3_audit_full_v1,exploratory,audit,audit_benchmark,adult_income,pure_mavs_gc,label_noise,0.0,shadow,2,2,4884,4884,2,961e87b077133504eb66e84c8a354991d5cb6013ec2b016d057754eb6920a9e6
phase3_audit_full_v1,exploratory,audit,audit_benchmark,adult_income,single_model,label_noise,0.05,audit,3,3,7326,0,3,0cb7a1bac4dc6bae28c3814fb28fddb71f017a0fc6e21371dcef0b71700bbc14
phase3_audit_full_v1,exploratory,audit,audit_benchmark,adult_income,mean_ensemble,label_noise,0.05,audit,3,3,7326,0,3,251d37e1fecf583d56bb0040e636cdde35ee99c2ef5f9426fc38371d09022260
phase3_audit_full_v1,exploratory,audit,audit_benchmark,adult_income,static_weighted_ensemble,label_noise,0.05,audit,3,3,7326,0,3,eb774cbef9fc212ee6bce102413e3ff194646fc488944ccfbe206dbf9850f638
phase3_audit_full_v1,exploratory,audit,audit_benchmark,adult_income,veto_mavs,label_noise,0.05,audit,3,3,7326,7326,3,fc6a14f6411624da3fb5b8c4c886abe525b99f45ef34f725e39ee6f356a1ce91
phase3_audit_full_v1,exploratory,audit,audit_benchmark,adult_income,pure_mavs_gc,label_noise,0.05,audit,3,3,7326,7326,3,6ecc834b906d78debac9d2996584745c19401605a8a01fa60c5a8c9b4099bd5c
phase3_audit_full_v1,exploratory,audit,audit_benchmark,adult_income,single_model,label_noise,0.05,shadow,2,2,4884,0,2,576b5abc9df0b20a918a72b80a0b18c3ca0f47845a9e55e47f85068a1ea82bf7
phase3_audit_full_v1,exploratory,audit,audit_benchmark,adult_income,mean_ensemble,label_noise,0.05,shadow,2,2,4884,0,2,7e12062d31ce8f7741f1c75aeffb3eaaa0f6614023d01d3a8145428d7e7907d0
phase3_audit_full_v1,exploratory,audit,audit_benchmark,adult_income,static_weighted_ensemble,label_noise,0.05,shadow,2,2,4884,0,2,8bd4794f28bdcdff8c2f5eda3f8e9940983669e46b246a055661965e244372f6
phase3_audit_full_v1,exploratory,audit,audit_benchmark,adult_income,veto_mavs,label_noise,0.05,shadow,2,2,4884,4884,2,79e64e8e23b0e777d3d450352eb05df2d68bc545bafd32774dc493b5c591c605
phase3_audit_full_v1,exploratory,audit,audit_benchmark,adult_income,pure_mavs_gc,label_noise,0.05,shadow,2,2,4884,4884,2,dbf0638eec17e75f27e925f432c6a6be9481083deca8cad0c9fcac6d2426cf52
phase3_audit_full_v1,exploratory,audit,audit_benchmark,adult_income,single_model,label_noise,0.1,audit,3,3,7326,0,3,4696db77c7d8a4956682eaf1f0b7e62642b181092a26b8a91e272077de52cf5f
phase3_audit_full_v1,exploratory,audit,audit_benchmark,adult_income,mean_ensemble,label_noise,0.1,audit,3,3,7326,0,3,cf7fd5555efdcb920bce5a66f7312c7b7128d228abc6b6e1b5f0c486d74ce95e
phase3_audit_full_v1,exploratory,audit,audit_benchmark,adult_income,static_weighted_ensemble,label_noise,0.1,audit,3,3,7326,0,3,7b6f10c28a5d6398d445536b3500aaf17a23a7fd178597340d4070389fecb1f9
phase3_audit_full_v1,exploratory,audit,audit_benchmark,adult_income,veto_mavs,label_noise,0.1,audit,3,3,7326,7326,3,0bee6f464d3c5f744287cb08cb6c8cf952cc30606f6492048df32fdbba837352
phase3_audit_full_v1,exploratory,audit,audit_benchmark,adult_income,pure_mavs_gc,label_noise,0.1,audit,3,3,7326,7326,3,87c28d4aa399ffcac8d71ca1f620ec78971ec4fed9c7f2c3848f8ba43fd81438
phase3_audit_full_v1,exploratory,audit,audit_benchmark,adult_income,single_model,label_noise,0.1,shadow,2,2,4884,0,2,27b934af387bb4225f6596573aa489fe3959a586f878e0d1480b7bac256cb8fe
phase3_audit_full_v1,exploratory,audit,audit_benchmark,adult_income,mean_ensemble,label_noise,0.1,shadow,2,2,4884,0,2,f3d8d7d85b650764511d96d3ae6df6bcf4bfb9f72839852891c08d6def0bf3cb
phase3_audit_full_v1,exploratory,audit,audit_benchmark,adult_income,static_weighted_ensemble,label_noise,0.1,shadow,2,2,4884,0,2,48f7609551bd306a44c29224469924f4f68dcef116614ad5fb0a6f833d6f4875
phase3_audit_full_v1,exploratory,audit,audit_benchmark,adult_income,veto_mavs,label_noise,0.1,shadow,2,2,4884,4884,2,7f5327b7e90563b586f3551df56e1d9f994860886930ed720e43ce266168fe70
phase3_audit_full_v1,exploratory,audit,audit_benchmark,adult_income,pure_mavs_gc,label_noise,0.1,shadow,2,2,4884,4884,2,0310f9567bff976e6a721a2454d00214a472ad84e50b0d2390a12057cad4234d
phase3_audit_full_v1,exploratory,audit,audit_benchmark,adult_income,single_model,label_noise,0.2,audit,3,3,7326,0,3,6be00a0eebf8c1c6b3d5d1bda67820cf5e911fb65527e7d3d8ecd01ca4d3648a
phase3_audit_full_v1,exploratory,audit,audit_benchmark,adult_income,mean_ensemble,label_noise,0.2,audit,3,3,7326,0,3,178e25bd962c47181ac373ab92c2b1776a0a079ef500d980730d8bde459a5ffa
phase3_audit_full_v1,exploratory,audit,audit_benchmark,adult_income,static_weighted_ensemble,label_noise,0.2,audit,3,3,7326,0,3,1398c978b6491ddf1522fde089a5ee63a85beb9ed2253345e6e006b7c28c7714
phase3_audit_full_v1,exploratory,audit,audit_benchmark,adult_income,veto_mavs,label_noise,0.2,audit,3,3,7326,7326,3,5a26b0ee3b1a9f74ce641c26ce6a891327b72a53735104907a86321f7465b31a
phase3_audit_full_v1,exploratory,audit,audit_benchmark,adult_income,pure_mavs_gc,label_noise,0.2,audit,3,3,7326,7326,3,90025a79ef423cd9f6b12571ccbd124e0d222541105135fd10a84717473055ca
phase3_audit_full_v1,exploratory,audit,audit_benchmark,adult_income,single_model,label_noise,0.2,shadow,2,2,4884,0,2,9ad400b29c63919e9f80169ac517bfc3c9e01456fa2a73a6970bf311e7f211dc
phase3_audit_full_v1,exploratory,audit,audit_benchmark,adult_income,mean_ensemble,label_noise,0.2,shadow,2,2,4884,0,2,58f63fe8116cabba626ab8d962d6c2eedc847bce7acb6ab255c76e3e0586c4a2
phase3_audit_full_v1,exploratory,audit,audit_benchmark,adult_income,static_weighted_ensemble,label_noise,0.2,shadow,2,2,4884,0,2,4313046a475b3ace7d9d48a6b82a02dcad5eff46a64daf9999b8cecc19d80ac7
phase3_audit_full_v1,exploratory,audit,audit_benchmark,adult_income,veto_mavs,label_noise,0.2,shadow,2,2,4884,4884,2,856017690f733a3d9584fefc6662e2b4dc86f123a8350bcd78fa80f418be2518
phase3_audit_full_v1,exploratory,audit,audit_benchmark,adult_income,pure_mavs_gc,label_noise,0.2,shadow,2,2,4884,4884,2,050b372ca5dc9219d105733ab571e55cb32dd0801321334734e5653c72b9e00a
phase3_audit_full_v1,exploratory,audit,audit_benchmark,adult_income,single_model,label_noise,0.4,audit,3,3,7326,0,3,e1caa95a8e509648c0ee7cba3652a6d0f8ff5f77f9b4ce6fccec251808018ade
phase3_audit_full_v1,exploratory,audit,audit_benchmark,adult_income,mean_ensemble,label_noise,0.4,audit,3,3,7326,0,3,c809d8026b23a6d858cd9d464a926061489bbde6b7b2d69e783cad720dd12569
phase3_audit_full_v1,exploratory,audit,audit_benchmark,adult_income,static_weighted_ensemble,label_noise,0.4,audit,3,3,7326,0,3,0da06d334b3be4cd233de7f54428e3ebf8f676ec2efec83495e9a835f87218e1
phase3_audit_full_v1,exploratory,audit,audit_benchmark,adult_income,veto_mavs,label_noise,0.4,audit,3,3,7326,7326,3,4caed5b135fa00f2c729fc638a02cf958560fc6a69a3e864fab0a35a215ec6a6
phase3_audit_full_v1,exploratory,audit,audit_benchmark,adult_income,pure_mavs_gc,label_noise,0.4,audit,3,3,7326,7326,3,647bf45b7ce585147fe70a783e06fcf2c27d76a919b26fa831ae12c00a9e8773
phase3_audit_full_v1,exploratory,audit,audit_benchmark,adult_income,single_model,label_noise,0.4,shadow,2,2,4884,0,2,3086b16e0c167ef1470edd42ba596184c22150a7155aee034da9ce6c02451d92
phase3_audit_full_v1,exploratory,audit,audit_benchmark,adult_income,mean_ensemble,label_noise,0.4,shadow,2,2,4884,0,2,4c0b2371e8f2b9041db3925f8989cc68310ed9b9840edae98616e9f4f92e4641
phase3_audit_full_v1,exploratory,audit,audit_benchmark,adult_income,static_weighted_ensemble,label_noise,0.4,shadow,2,2,4884,0,2,50da5f868bfb5071c99dc9cad06d905b68564e16fc2d098f9fa1dba6d6e61f96
phase3_audit_full_v1,exploratory,audit,audit_benchmark,adult_income,veto_mavs,label_noise,0.4,shadow,2,2,4884,4884,2,2ccb7ee19c7bd28394cd38299c8d30d05479753e377613bf3a70f31aa7017800
phase3_audit_full_v1,exploratory,audit,audit_benchmark,adult_income,pure_mavs_gc,label_noise,0.4,shadow,2,2,4884,4884,2,98dfedbc4728fbbd14d129ac2ad4f37c16b1a82ec487ec887466bcecaa532d42
phase3_audit_full_v1,exploratory,audit,audit_benchmark,adult_income,single_model,label_noise,0.6,audit,3,3,7326,0,3,b3ce55b1cb0674916d08458c33ae2114e1732ea66e71f9f0b480a30e0445feeb
phase3_audit_full_v1,exploratory,audit,audit_benchmark,adult_income,mean_ensemble,label_noise,0.6,audit,3,3,7326,0,3,7882c6f7216a21a31bc0684e5f9eb5340a5012ee8271b8d1ff578b33c2497a70
phase3_audit_full_v1,exploratory,audit,audit_benchmark,adult_income,static_weighted_ensemble,label_noise,0.6,audit,3,3,7326,0,3,5446a6524e085ef2d00f85fc5e3836fd8fbb7c9cd996bb3b3af8866ecc684049
phase3_audit_full_v1,exploratory,audit,audit_benchmark,adult_income,veto_mavs,label_noise,0.6,audit,3,3,7326,7326,3,ada9bf5e0041920dd9cea24a6f471d332dab406e233b78f8c1e8bdd0d8787666
phase3_audit_full_v1,exploratory,audit,audit_benchmark,adult_income,pure_mavs_gc,label_noise,0.6,audit,3,3,7326,7326,3,3ccd1867ca43e3c6f7a01d9a54ad19cd3413973bd98b43a5c3d297065a6f9808
phase3_audit_full_v1,exploratory,audit,audit_benchmark,adult_income,single_model,label_noise,0.6,shadow,2,2,4884,0,2,f58f04b855851a79f079332079c1561a87b78d22d8b946319706dcdaadd995e2
phase3_audit_full_v1,exploratory,audit,audit_benchmark,adult_income,mean_ensemble,label_noise,0.6,shadow,2,2,4884,0,2,5447a427d1a07b53b1c19ed2b6f41a308fa40045c4eb9706f00972a48ab7fe5b
phase3_audit_full_v1,exploratory,audit,audit_benchmark,adult_income,static_weighted_ensemble,label_noise,0.6,shadow,2,2,4884,0,2,85ff1dae44333e09f30418a26e083f50f9d649cf7b642e86d52346ce39b6c4b1
phase3_audit_full_v1,exploratory,audit,audit_benchmark,adult_income,veto_mavs,label_noise,0.6,shadow,2,2,4884,4884,2,ddbc4aa36a3a604c81f18c3985bc8938513c3f9002ca6d6d0bae556a0fa6ffbb
phase3_audit_full_v1,exploratory,audit,audit_benchmark,adult_income,pure_mavs_gc,label_noise,0.6,shadow,2,2,4884,4884,2,be6605b20d035edeede5532d9190384836203dc404e117fcc59d96f277593834
phase3_audit_full_v1,exploratory,audit,audit_benchmark,adult_income,single_model,label_noise,0.8,audit,3,3,7326,0,3,334fd72514e6fb5246f686c45d9385ff4235324f6c95c60f456496cd2793a482
phase3_audit_full_v1,exploratory,audit,audit_benchmark,adult_income,mean_ensemble,label_noise,0.8,audit,3,3,7326,0,3,b79c32f330af63d396b671960aa26df6d0a55e4c1e5a6a3bd40f13db5c314bb9
phase3_audit_full_v1,exploratory,audit,audit_benchmark,adult_income,static_weighted_ensemble,label_noise,0.8,audit,3,3,7326,0,3,00bf75be0d598c22378b852130b771f58ebbb5f33e3967cc31b9f500e0b2b7a1
phase3_audit_full_v1,exploratory,audit,audit_benchmark,adult_income,veto_mavs,label_noise,0.8,audit,3,3,7326,7326,3,0cd3bd9b3689aaacbad31dba927cc610f084ad6cc2af592e53d2bd5ec3718242
phase3_audit_full_v1,exploratory,audit,audit_benchmark,adult_income,pure_mavs_gc,label_noise,0.8,audit,3,3,7326,7326,3,d0528eeba37641c497bd1c41ae71c09ac03f72a9e8e9cfe1182c21f02dc0e391
phase3_audit_full_v1,exploratory,audit,audit_benchmark,adult_income,single_model,label_noise,0.8,shadow,2,2,4884,0,2,3898b7020b05b24bb18e5814cb7f69348e6b821ead9c51235f66ac68d7746e2b
phase3_audit_full_v1,exploratory,audit,audit_benchmark,adult_income,mean_ensemble,label_noise,0.8,shadow,2,2,4884,0,2,5b1b63ea510f55da62c808ddd0ffe7d7451d7576d59d61fa361de19c3159a797
phase3_audit_full_v1,exploratory,audit,audit_benchmark,adult_income,static_weighted_ensemble,label_noise,0.8,shadow,2,2,4884,0,2,57e9678a5ce137b0c80f24f4c0f70fbd667f857f9ae6f8da11b5b1c008029226
phase3_audit_full_v1,exploratory,audit,audit_benchmark,adult_income,veto_mavs,label_noise,0.8,shadow,2,2,4884,4884,2,a605a7fd45334621f0b34d2036dbd47bce3c7d39e3d6b21023d498c169a46773
phase3_audit_full_v1,exploratory,audit,audit_benchmark,adult_income,pure_mavs_gc,label_noise,0.8,shadow,2,2,4884,4884,2,e1d3514ce020cbf0f1a57e41cc80fc69d5749f35aeb21f2146fc8d92320bea0c
phase3_audit_full_v1,exploratory,audit,audit_benchmark,adult_income,single_model,label_noise,1.0,audit,3,3,7326,0,3,00e09f0ed6fa63424ad0ea0a4595610e4b29a344d590b1d04cb7b96369ad24f6
phase3_audit_full_v1,exploratory,audit,audit_benchmark,adult_income,mean_ensemble,label_noise,1.0,audit,3,3,7326,0,3,64f61ff61ece021490010b8129c02d447ec179bb4f8d4d0cd16494c264c830ac
phase3_audit_full_v1,exploratory,audit,audit_benchmark,adult_income,static_weighted_ensemble,label_noise,1.0,audit,3,3,7326,0,3,b16dfe1a0f8c0f01b3edc617cedc9050b46d976cb72bc5890c1cd52a09b1b3de
phase3_audit_full_v1,exploratory,audit,audit_benchmark,adult_income,veto_mavs,label_noise,1.0,audit,3,3,7326,7326,3,5a0821bc3be341a02ce1167b07f1bd496aa2ec2a519af4fb5bef31f4dd3522c7
phase3_audit_full_v1,exploratory,audit,audit_benchmark,adult_income,pure_mavs_gc,label_noise,1.0,audit,3,3,7326,7326,3,2cfd0c331876655201aa3db6cab07bc69a8bef92ff9e638408f053e1b5b34b7b
phase3_audit_full_v1,exploratory,audit,audit_benchmark,adult_income,single_model,label_noise,1.0,shadow,2,2,4884,0,2,2a79a893e40d543a25fe8099c26d79abf31ba46f05f77694ac11b79070a17200
phase3_audit_full_v1,exploratory,audit,audit_benchmark,adult_income,mean_ensemble,label_noise,1.0,shadow,2,2,4884,0,2,763f000be2544c85c442b4fcb6a69d0ac4676248b6b46d3726483d462b4b9555
phase3_audit_full_v1,exploratory,audit,audit_benchmark,adult_income,static_weighted_ensemble,label_noise,1.0,shadow,2,2,4884,0,2,67342c47ff31165097a5c467d94c2c1cd35c682602aee0a49bbb0708053ee00b
phase3_audit_full_v1,exploratory,audit,audit_benchmark,adult_income,veto_mavs,label_noise,1.0,shadow,2,2,4884,4884,2,4b579e31de7f8f45066eb10f999daa9a1484b90d935d6e0a0525fc607cbe7a71
phase3_audit_full_v1,exploratory,audit,audit_benchmark,adult_income,pure_mavs_gc,label_noise,1.0,shadow,2,2,4884,4884,2,3e03ab189a2dc812d1e6109e2590521e5b7591810e2b6921c93fa94d79d3aa50
phase3_audit_full_v1,exploratory,audit,audit_benchmark,adult_income,single_model,confidence_distortion,0.0,audit,3,3,7326,0,3,62dc50ee9d2ce1add2aac1b716811a4d1d492fcd4dc62f5ef322121526eae7c8
phase3_audit_full_v1,exploratory,audit,audit_benchmark,adult_income,mean_ensemble,confidence_distortion,0.0,audit,3,3,7326,0,3,81a1e5eb2aec74a65fa15c6e6669ea2418e20315e6b4e0f122371c730ed6dd75
phase3_audit_full_v1,exploratory,audit,audit_benchmark,adult_income,static_weighted_ensemble,confidence_distortion,0.0,audit,3,3,7326,0,3,9cb474658d65fc9f81b5fdcac855266215385799c462356b3da6334178edf2ba
phase3_audit_full_v1,exploratory,audit,audit_benchmark,adult_income,veto_mavs,confidence_distortion,0.0,audit,3,3,7326,7326,3,22e26627e9f4d798bac62a897335376239d51e00c1596db50af0823b5a6e2d98
phase3_audit_full_v1,exploratory,audit,audit_benchmark,adult_income,pure_mavs_gc,confidence_distortion,0.0,audit,3,3,7326,7326,3,d3dae480d910582c6a7aeb3fc532a888fd3e391aa44eb0be2ac624d8d74fa568
phase3_audit_full_v1,exploratory,audit,audit_benchmark,adult_income,single_model,confidence_distortion,0.0,shadow,2,2,4884,0,2,1e2d0b9a6f54cb826f08f28284721980c29367a52f398e07fd0a6a99e8e7c150
phase3_audit_full_v1,exploratory,audit,audit_benchmark,adult_income,mean_ensemble,confidence_distortion,0.0,shadow,2,2,4884,0,2,06549c701c25e748a60cc96fcee18d1bbfd6b2a170cc43850f01fc2a13474c55
phase3_audit_full_v1,exploratory,audit,audit_benchmark,adult_income,static_weighted_ensemble,confidence_distortion,0.0,shadow,2,2,4884,0,2,92b6396c550d9d5db603425e581feade9546262a39748cfd2ccaede5d45ee587
phase3_audit_full_v1,exploratory,audit,audit_benchmark,adult_income,veto_mavs,confidence_distortion,0.0,shadow,2,2,4884,4884,2,86ac572bbd393955263296b2b36193cf0e0a1398a746c38fd5cde8a833bea1c1
phase3_audit_full_v1,exploratory,audit,audit_benchmark,adult_income,pure_mavs_gc,confidence_distortion,0.0,shadow,2,2,4884,4884,2,31055566771f23739ac793ffff27d0f859fdd56f32b5ed74b5ca72d17034f458
phase3_audit_full_v1,exploratory,audit,audit_benchmark,adult_income,single_model,confidence_distortion,0.05,audit,3,3,7326,0,3,bffe65a78cf6cf6be2ed31ed38be9e539000d6c5f6646d745118cb4b7d92e4f9
phase3_audit_full_v1,exploratory,audit,audit_benchmark,adult_income,mean_ensemble,confidence_distortion,0.05,audit,3,3,7326,0,3,1f57a495096d2e95c261db337975551ff29d0098a96b1278633925711867b40e
phase3_audit_full_v1,exploratory,audit,audit_benchmark,adult_income,static_weighted_ensemble,confidence_distortion,0.05,audit,3,3,7326,0,3,77e95c34a7b2adca391be1b208ac5f41f89ec11f0842b0976b7686b0dd7e126d
phase3_audit_full_v1,exploratory,audit,audit_benchmark,adult_income,veto_mavs,confidence_distortion,0.05,audit,3,3,7326,7326,3,d22c2f2dce7aefabb6d2437472a31e77524e281963456e27a05ff80b9a7f5fe1
phase3_audit_full_v1,exploratory,audit,audit_benchmark,adult_income,pure_mavs_gc,confidence_distortion,0.05,audit,3,3,7326,7326,3,129d703095540ba552db341a9a11f375cc00178307b8bd3753c55fa7350244a7
phase3_audit_full_v1,exploratory,audit,audit_benchmark,adult_income,single_model,confidence_distortion,0.05,shadow,2,2,4884,0,2,46e83bb63e6d4cbeda2bbbefba233625b30d67e78cba69fa827b4980f4709c3e
phase3_audit_full_v1,exploratory,audit,audit_benchmark,adult_income,mean_ensemble,confidence_distortion,0.05,shadow,2,2,4884,0,2,b8292099172e849042029e1e4c761f3b052c3f3abdc2f0da92c4546d87150640
phase3_audit_full_v1,exploratory,audit,audit_benchmark,adult_income,static_weighted_ensemble,confidence_distortion,0.05,shadow,2,2,4884,0,2,909a9c3adbbe13d5dc71b0b43089d01461200bb095d80793df9590182b7b5232
phase3_audit_full_v1,exploratory,audit,audit_benchmark,adult_income,veto_mavs,confidence_distortion,0.05,shadow,2,2,4884,4884,2,df07777a52aa56dedf586b4544e5f04e7ac71600fe3c5e4b6af37433eb5afa62
phase3_audit_full_v1,exploratory,audit,audit_benchmark,adult_income,pure_mavs_gc,confidence_distortion,0.05,shadow,2,2,4884,4884,2,b8f43f1aa19947cdc1791ee607090712b055df020982b92c37a92e104704db13
phase3_audit_full_v1,exploratory,audit,audit_benchmark,adult_income,single_model,confidence_distortion,0.1,audit,3,3,7326,0,3,b2e924481d87a98fcc19b7102982224651bf1d274933e482e69152f2acf29517
phase3_audit_full_v1,exploratory,audit,audit_benchmark,adult_income,mean_ensemble,confidence_distortion,0.1,audit,3,3,7326,0,3,1422ef18285484aaba44eb510e0fddd6a8a3ba543a5fd51ce330530264c7ede9
phase3_audit_full_v1,exploratory,audit,audit_benchmark,adult_income,static_weighted_ensemble,confidence_distortion,0.1,audit,3,3,7326,0,3,9edccf236bfd38d0abc3b4d981279f304a43a225461432a396835c11ef71a7a8
phase3_audit_full_v1,exploratory,audit,audit_benchmark,adult_income,veto_mavs,confidence_distortion,0.1,audit,3,3,7326,7326,3,98c9c9afbc2ca9da814097073d5146aeda6d4ee023dd7f261f520001261e3950
phase3_audit_full_v1,exploratory,audit,audit_benchmark,adult_income,pure_mavs_gc,confidence_distortion,0.1,audit,3,3,7326,7326,3,ed4a58e7e7fc46d5bcee1df848fa2cbe64353edebb9eb973b89bf3be60234a1f
phase3_audit_full_v1,exploratory,audit,audit_benchmark,adult_income,single_model,confidence_distortion,0.1,shadow,2,2,4884,0,2,614908dd0104af35df25d3907ef2c2667756b886f3fe2585d44f811fd7e66f12
phase3_audit_full_v1,exploratory,audit,audit_benchmark,adult_income,mean_ensemble,confidence_distortion,0.1,shadow,2,2,4884,0,2,0607e59eeea52d7833d05b9a4288a80d8b07f6effb67d2ccf4705ac180cb8f53
phase3_audit_full_v1,exploratory,audit,audit_benchmark,adult_income,static_weighted_ensemble,confidence_distortion,0.1,shadow,2,2,4884,0,2,8bbf318ecbfff3472b96a8ff90d0bd1966b51e3c20bfcc5f3e315a5ccfeaed2b
phase3_audit_full_v1,exploratory,audit,audit_benchmark,adult_income,veto_mavs,confidence_distortion,0.1,shadow,2,2,4884,4884,2,f0574f9b6666ff8056c3e544ddd16b6a48ffa0ed3f32476ad1d75d5be29ad84a
phase3_audit_full_v1,exploratory,audit,audit_benchmark,adult_income,pure_mavs_gc,confidence_distortion,0.1,shadow,2,2,4884,4884,2,37dd6ce84a809e27a94faacb28fe603509e075e73caccbb4d509e80b7818580d
phase3_audit_full_v1,exploratory,audit,audit_benchmark,adult_income,single_model,confidence_distortion,0.2,audit,3,3,7326,0,3,9b574e29947bdb638ed1761a51aab91c0c2586af8c3d59714333da289a0e6edd
phase3_audit_full_v1,exploratory,audit,audit_benchmark,adult_income,mean_ensemble,confidence_distortion,0.2,audit,3,3,7326,0,3,9e06e972d04a8c7445ffd27df035cd9005d38552d2abefd010cbf8c568f39180
phase3_audit_full_v1,exploratory,audit,audit_benchmark,adult_income,static_weighted_ensemble,confidence_distortion,0.2,audit,3,3,7326,0,3,cb2c3fb9dce7bfda6686d36ef2226a1fe38df0d272ca417670125386b9b6ba05
phase3_audit_full_v1,exploratory,audit,audit_benchmark,adult_income,veto_mavs,confidence_distortion,0.2,audit,3,3,7326,7326,3,b8dce41ca582c2eee4969f849fef7d63009c2118d5f7a875f1cded982f183ebf
phase3_audit_full_v1,exploratory,audit,audit_benchmark,adult_income,pure_mavs_gc,confidence_distortion,0.2,audit,3,3,7326,7326,3,8dcabed361aef76aa143488082114e21c9f3aa8fdea0cdea54f41f8dc00d2fad
phase3_audit_full_v1,exploratory,audit,audit_benchmark,adult_income,single_model,confidence_distortion,0.2,shadow,2,2,4884,0,2,115362e3821b8c394fec8962d74778191218db91d97e44de6dce35ec1b26c25c
phase3_audit_full_v1,exploratory,audit,audit_benchmark,adult_income,mean_ensemble,confidence_distortion,0.2,shadow,2,2,4884,0,2,bb6099d275e1311bd89acbede794e08742c0044bbced44fd684b7e49fd59053e
phase3_audit_full_v1,exploratory,audit,audit_benchmark,adult_income,static_weighted_ensemble,confidence_distortion,0.2,shadow,2,2,4884,0,2,dfc3035ef7e088750198e3c93b4f8bec84e12fd8dc47ee5d95cd593e8de349d1
phase3_audit_full_v1,exploratory,audit,audit_benchmark,adult_income,veto_mavs,confidence_distortion,0.2,shadow,2,2,4884,4884,2,f696f96af0c6efcee9622587d522e7b98e47f2815565b826621e1f5cba635270
phase3_audit_full_v1,exploratory,audit,audit_benchmark,adult_income,pure_mavs_gc,confidence_distortion,0.2,shadow,2,2,4884,4884,2,cb452af8a6c5474aa481df3d72834969e03871ead08361a1e42ccd08eb53fd9f
phase3_audit_full_v1,exploratory,audit,audit_benchmark,adult_income,single_model,confidence_distortion,0.4,audit,3,3,7326,0,3,eba39fa0b7149efc28bd779673a9497d698e9f6027b8dcf04bad3f8c6fe57e3e
phase3_audit_full_v1,exploratory,audit,audit_benchmark,adult_income,mean_ensemble,confidence_distortion,0.4,audit,3,3,7326,0,3,8863707b3202ed94ca50956a86874b91ed9a7f12cc62788af2bf5ba5f667c611
phase3_audit_full_v1,exploratory,audit,audit_benchmark,adult_income,static_weighted_ensemble,confidence_distortion,0.4,audit,3,3,7326,0,3,39722716db426b386144fb8fd6d7053d0a05b6252bb097e0bf3cf9109ee3598e
phase3_audit_full_v1,exploratory,audit,audit_benchmark,adult_income,veto_mavs,confidence_distortion,0.4,audit,3,3,7326,7326,3,2b7a54bf087b7555aaa7ee08201207988e15ce6f166d1695f50aadbdc9e7e409
phase3_audit_full_v1,exploratory,audit,audit_benchmark,adult_income,pure_mavs_gc,confidence_distortion,0.4,audit,3,3,7326,7326,3,18f2772b1296c3e621394990f1e900461d8612caa307ba50adab42e567070d2f
phase3_audit_full_v1,exploratory,audit,audit_benchmark,adult_income,single_model,confidence_distortion,0.4,shadow,2,2,4884,0,2,7d65e45c7264728cf9b8c087b0bad1d8fb8d159a7250a75b99e81b6c3b77a1c5
phase3_audit_full_v1,exploratory,audit,audit_benchmark,adult_income,mean_ensemble,confidence_distortion,0.4,shadow,2,2,4884,0,2,ab08dda8dc8a68694c706ae80697ffb9d8bad0480fd99a9bd7b17a5c0efe6de0
phase3_audit_full_v1,exploratory,audit,audit_benchmark,adult_income,static_weighted_ensemble,confidence_distortion,0.4,shadow,2,2,4884,0,2,cd5cf6f873ca9152f435639aaa7d5f9b77b504657c1015e46a2e3c2341d6e089
phase3_audit_full_v1,exploratory,audit,audit_benchmark,adult_income,veto_mavs,confidence_distortion,0.4,shadow,2,2,4884,4884,2,a179bfa1949317318880fa6c46d9bfcfe376ae51bc31aee6ba04002bd8eb2218
phase3_audit_full_v1,exploratory,audit,audit_benchmark,adult_income,pure_mavs_gc,confidence_distortion,0.4,shadow,2,2,4884,4884,2,1961ea1db44b0232d665c3274e4fb6ada8f10dd2359dc6d4257f1fab51eb1bec
phase3_audit_full_v1,exploratory,audit,audit_benchmark,adult_income,single_model,confidence_distortion,0.6,audit,3,3,7326,0,3,44b18bc64b35e60401099fff9c0b2c407788caccb2b3550641e5636488645cec
phase3_audit_full_v1,exploratory,audit,audit_benchmark,adult_income,mean_ensemble,confidence_distortion,0.6,audit,3,3,7326,0,3,f304c80cd2619f21e364c2be9b2b54f481d128a26d13b7c3dcb7bab1b73081e6
phase3_audit_full_v1,exploratory,audit,audit_benchmark,adult_income,static_weighted_ensemble,confidence_distortion,0.6,audit,3,3,7326,0,3,cad36bf462fcc7e27cb8ef696de4d972a51ea820877627e1617576d3f3db2727
phase3_audit_full_v1,exploratory,audit,audit_benchmark,adult_income,veto_mavs,confidence_distortion,0.6,audit,3,3,7326,7326,3,9c611b85b995ad09866ca4f90746adf8253da392dd7205097598ae2eac1c19c9
phase3_audit_full_v1,exploratory,audit,audit_benchmark,adult_income,pure_mavs_gc,confidence_distortion,0.6,audit,3,3,7326,7326,3,254ad92a80bb10e668c302a6f59a393558ae37fdadca0134365dce70838eb65b
phase3_audit_full_v1,exploratory,audit,audit_benchmark,adult_income,single_model,confidence_distortion,0.6,shadow,2,2,4884,0,2,190554c484d488758e289419b0910e01265cda1faa313ddf2cb0553568ed2413
phase3_audit_full_v1,exploratory,audit,audit_benchmark,adult_income,mean_ensemble,confidence_distortion,0.6,shadow,2,2,4884,0,2,38b530c509447aa100010e02083f89fafb4daf195d86bbab2fd191e9ae82c882
phase3_audit_full_v1,exploratory,audit,audit_benchmark,adult_income,static_weighted_ensemble,confidence_distortion,0.6,shadow,2,2,4884,0,2,8fba11f227288407d60abef5f4aa6f87563920bd6b6a5aba957046db4225ec05
phase3_audit_full_v1,exploratory,audit,audit_benchmark,adult_income,veto_mavs,confidence_distortion,0.6,shadow,2,2,4884,4884,2,c79a3a48a190fc952964c9b5af0ece9fed3d3494d70443691f617b669f960ee7
phase3_audit_full_v1,exploratory,audit,audit_benchmark,adult_income,pure_mavs_gc,confidence_distortion,0.6,shadow,2,2,4884,4884,2,83cc03caf1d9d0705414eb11e99de2dfa59c5ea59926dfc1a0768bee89a97be3
phase3_audit_full_v1,exploratory,audit,audit_benchmark,adult_income,single_model,confidence_distortion,0.8,audit,3,3,7326,0,3,2407e48d4f9709c6b01e31956fe95647fd792b20610f6b4c9e1d7192aaa5cb98
phase3_audit_full_v1,exploratory,audit,audit_benchmark,adult_income,mean_ensemble,confidence_distortion,0.8,audit,3,3,7326,0,3,f1cb8ae8845e64dd6aa963f2e553ea53b29159d10b389f3bff7a5e345379afbb
phase3_audit_full_v1,exploratory,audit,audit_benchmark,adult_income,static_weighted_ensemble,confidence_distortion,0.8,audit,3,3,7326,0,3,a72e72b2fd8b06e79dcee781ef32ded1ad4eb670970b96df36fd52fd8658afe6
phase3_audit_full_v1,exploratory,audit,audit_benchmark,adult_income,veto_mavs,confidence_distortion,0.8,audit,3,3,7326,7326,3,c0a702208d9c8856bad1b9c18d067c14e68dffa9e08bfea93a995ec884c08280
phase3_audit_full_v1,exploratory,audit,audit_benchmark,adult_income,pure_mavs_gc,confidence_distortion,0.8,audit,3,3,7326,7326,3,725bf04589a8c813559d244ccdd7f3be2e1e563c4b13829f910c1af885845f4f
phase3_audit_full_v1,exploratory,audit,audit_benchmark,adult_income,single_model,confidence_distortion,0.8,shadow,2,2,4884,0,2,2efd2114640f3a01eed9e86c41ac4f6c8a3ebef8f470e0a28170cdd5572330b7
phase3_audit_full_v1,exploratory,audit,audit_benchmark,adult_income,mean_ensemble,confidence_distortion,0.8,shadow,2,2,4884,0,2,f4c49e3fcf941ddaa89f3459df26de3945b2fd74a2677118b97f9521fd5ab928
phase3_audit_full_v1,exploratory,audit,audit_benchmark,adult_income,static_weighted_ensemble,confidence_distortion,0.8,shadow,2,2,4884,0,2,b41be297d865b348a47ad6e14ee4e307da55a0109497ce238824269ed7a69814
phase3_audit_full_v1,exploratory,audit,audit_benchmark,adult_income,veto_mavs,confidence_distortion,0.8,shadow,2,2,4884,4884,2,a91479707094fbe727ac87483f5be9ca656aec5eb4b712d9b8127a9e061dfd1b
phase3_audit_full_v1,exploratory,audit,audit_benchmark,adult_income,pure_mavs_gc,confidence_distortion,0.8,shadow,2,2,4884,4884,2,02f50aaf593f9f7ed2a0ce87e17ce8240bd5c78c50dad19bcd3e48058beeba00
phase3_audit_full_v1,exploratory,audit,audit_benchmark,adult_income,single_model,confidence_distortion,1.0,audit,3,3,7326,0,3,9b1fadb9010382d82669ff54b7f4d67456ee268d301847d692305b6fd0b0de88
phase3_audit_full_v1,exploratory,audit,audit_benchmark,adult_income,mean_ensemble,confidence_distortion,1.0,audit,3,3,7326,0,3,77ea98590cf0c5eeac830e1ecf5a5590fed94c77e53451870deeebe75e5d700a
phase3_audit_full_v1,exploratory,audit,audit_benchmark,adult_income,static_weighted_ensemble,confidence_distortion,1.0,audit,3,3,7326,0,3,7ee5de1beaa2746e26a7ca2b1063e74eb8d51c8400076949c726417b68f09818
phase3_audit_full_v1,exploratory,audit,audit_benchmark,adult_income,veto_mavs,confidence_distortion,1.0,audit,3,3,7326,7326,3,6b6386d0e59a11fd75d18a135a6f3bd0863453ae939c05c9d9075f13fe22d223
phase3_audit_full_v1,exploratory,audit,audit_benchmark,adult_income,pure_mavs_gc,confidence_distortion,1.0,audit,3,3,7326,7326,3,bfb1132f7a4fa50f3a404e7e6e87c73b6dc92fbf8db418eef3cbbb7f6d2d12c3
phase3_audit_full_v1,exploratory,audit,audit_benchmark,adult_income,single_model,confidence_distortion,1.0,shadow,2,2,4884,0,2,088c8f8a52670533012f27daf7903303944305f47c88069eda3f6666fcac5445
phase3_audit_full_v1,exploratory,audit,audit_benchmark,adult_income,mean_ensemble,confidence_distortion,1.0,shadow,2,2,4884,0,2,da11f19159dc1d663340778d4f0d52d3dcbdef110e739bf288d146d7c061f0ac
phase3_audit_full_v1,exploratory,audit,audit_benchmark,adult_income,static_weighted_ensemble,confidence_distortion,1.0,shadow,2,2,4884,0,2,f0616457a4327f6d73cadfd1063ca82ba5f3c46081c89020948913604fb8abbe
phase3_audit_full_v1,exploratory,audit,audit_benchmark,adult_income,veto_mavs,confidence_distortion,1.0,shadow,2,2,4884,4884,2,28a51130a970be288f2d94ade0d3229cc327ef3c64bdc9e4c2700889ab1f7e5b
phase3_audit_full_v1,exploratory,audit,audit_benchmark,adult_income,pure_mavs_gc,confidence_distortion,1.0,shadow,2,2,4884,4884,2,d032a814ddde936b5d12d3c7dfaf25bae1f7b91a1e10e8a8aac39a0e41d2d032
phase3_audit_full_v1,exploratory,audit,audit_benchmark,adult_income,single_model,adversarial_confidence_inflation,0.0,audit,3,3,7326,0,3,009df3a6d8a20e42437c504f202fd579f891d2aea1eec35c3f1e072146cd16f6
phase3_audit_full_v1,exploratory,audit,audit_benchmark,adult_income,mean_ensemble,adversarial_confidence_inflation,0.0,audit,3,3,7326,0,3,7daaf7d57460f48ffe4de74f1d6ec4442f6e76852a43ced98a469f3f5d079f4d
phase3_audit_full_v1,exploratory,audit,audit_benchmark,adult_income,static_weighted_ensemble,adversarial_confidence_inflation,0.0,audit,3,3,7326,0,3,af0dea28b47833da6d70b6e2c9c051ef29f1b2ff9b4f84828e69611597d73dd9
phase3_audit_full_v1,exploratory,audit,audit_benchmark,adult_income,veto_mavs,adversarial_confidence_inflation,0.0,audit,3,3,7326,7326,3,9410cc9508c9f81f080ce9b96f6c951d2ead31da4465b67b8fcb1f5f11be7708
phase3_audit_full_v1,exploratory,audit,audit_benchmark,adult_income,pure_mavs_gc,adversarial_confidence_inflation,0.0,audit,3,3,7326,7326,3,08c436497341969233ecb619b522ae65f0ab59ab73fa8b0052d8b4f964fa7251
phase3_audit_full_v1,exploratory,audit,audit_benchmark,adult_income,single_model,adversarial_confidence_inflation,0.0,shadow,2,2,4884,0,2,0433b1f3a56d096d6486ea5fc7216db99e24e13f5588b6752dd84c3db1d1b1b3
phase3_audit_full_v1,exploratory,audit,audit_benchmark,adult_income,mean_ensemble,adversarial_confidence_inflation,0.0,shadow,2,2,4884,0,2,758f8fe5cd45361660547efce70676dcd82288ffb98df901b97bc9bb48266a1d
phase3_audit_full_v1,exploratory,audit,audit_benchmark,adult_income,static_weighted_ensemble,adversarial_confidence_inflation,0.0,shadow,2,2,4884,0,2,06db7f62cde52ebdafbbf60323fcf87db50ad74c60062a33b2ada0fb935e053b
phase3_audit_full_v1,exploratory,audit,audit_benchmark,adult_income,veto_mavs,adversarial_confidence_inflation,0.0,shadow,2,2,4884,4884,2,54a9892de4f9f521159ea473084c323a082b91a3f08e9126d1871e517b759f1b
phase3_audit_full_v1,exploratory,audit,audit_benchmark,adult_income,pure_mavs_gc,adversarial_confidence_inflation,0.0,shadow,2,2,4884,4884,2,4084b022e9d017a2b2cdb3063e9e4f3e9342348572757936ddb3996602b98235
phase3_audit_full_v1,exploratory,audit,audit_benchmark,adult_income,single_model,adversarial_confidence_inflation,0.05,audit,3,3,7326,0,3,d646b592e737ae6b0efd3fc2c57ca5450b95cf957f7484bc7cefa55ffc887b4e
phase3_audit_full_v1,exploratory,audit,audit_benchmark,adult_income,mean_ensemble,adversarial_confidence_inflation,0.05,audit,3,3,7326,0,3,a331d61a06cbc6e4a0bbca709489f34b074a292112a48ceddab66c36f84a9b61
phase3_audit_full_v1,exploratory,audit,audit_benchmark,adult_income,static_weighted_ensemble,adversarial_confidence_inflation,0.05,audit,3,3,7326,0,3,7953e1fd1558a34cdada157ede82668580ca3503284e000b6650f3503e85ac19
phase3_audit_full_v1,exploratory,audit,audit_benchmark,adult_income,veto_mavs,adversarial_confidence_inflation,0.05,audit,3,3,7326,7326,3,d6c3ab818a9c164adfd4dc23066effa87cfe124ec5ccf717bb75bc652c5573a9
phase3_audit_full_v1,exploratory,audit,audit_benchmark,adult_income,pure_mavs_gc,adversarial_confidence_inflation,0.05,audit,3,3,7326,7326,3,2e205142dce41a9b912d19b17c0a8d739dbf51b48f9c4dbe1d36e88db0f0e278
phase3_audit_full_v1,exploratory,audit,audit_benchmark,adult_income,single_model,adversarial_confidence_inflation,0.05,shadow,2,2,4884,0,2,ea451b647c4fcbf0801d27160a48ce9a947295733f895b1c199cba549dccfa26
phase3_audit_full_v1,exploratory,audit,audit_benchmark,adult_income,mean_ensemble,adversarial_confidence_inflation,0.05,shadow,2,2,4884,0,2,df89754b03ecc5d1b09c3b22223b24a597e63125456223804be4f62dc6bdab0b
phase3_audit_full_v1,exploratory,audit,audit_benchmark,adult_income,static_weighted_ensemble,adversarial_confidence_inflation,0.05,shadow,2,2,4884,0,2,e8cdd1913990a037a207c4e535e5a992743d767664e7810cc9c06c4171f38f72
phase3_audit_full_v1,exploratory,audit,audit_benchmark,adult_income,veto_mavs,adversarial_confidence_inflation,0.05,shadow,2,2,4884,4884,2,13898b1d4aa9d69c45f1ba0695b0b7aa85b5a7584be529af02d2a0ec4bea0488
phase3_audit_full_v1,exploratory,audit,audit_benchmark,adult_income,pure_mavs_gc,adversarial_confidence_inflation,0.05,shadow,2,2,4884,4884,2,0de99b1a4efaf3fd4bf0184fd167f9d9183a15fbd4b6674ae669275d3326b211
phase3_audit_full_v1,exploratory,audit,audit_benchmark,adult_income,single_model,adversarial_confidence_inflation,0.1,audit,3,3,7326,0,3,b906dbca32160f29317fccc857185aca923ff4ca57b4bbb4c978d0bee0d2f9ad
phase3_audit_full_v1,exploratory,audit,audit_benchmark,adult_income,mean_ensemble,adversarial_confidence_inflation,0.1,audit,3,3,7326,0,3,0627797d9ea468f4f21ba3e7fc28b22af2783982626a36ea22e8630a5fe61ab3
phase3_audit_full_v1,exploratory,audit,audit_benchmark,adult_income,static_weighted_ensemble,adversarial_confidence_inflation,0.1,audit,3,3,7326,0,3,f687e6d2bf620f84496d42e49f371aa43020351fc538ab07f3985e4a2ac5aba6
phase3_audit_full_v1,exploratory,audit,audit_benchmark,adult_income,veto_mavs,adversarial_confidence_inflation,0.1,audit,3,3,7326,7326,3,8552c19435118f11b004f1ef31f2f8c61b5c60ae000b69f969680091c29ce35d
phase3_audit_full_v1,exploratory,audit,audit_benchmark,adult_income,pure_mavs_gc,adversarial_confidence_inflation,0.1,audit,3,3,7326,7326,3,d763ded105527a4198d0ff8633f6d71aac2554aad7ccad7f51d5636fd2a13ca5
phase3_audit_full_v1,exploratory,audit,audit_benchmark,adult_income,single_model,adversarial_confidence_inflation,0.1,shadow,2,2,4884,0,2,c3e948b0c4e442e2e1c3847ec6d7057f31f29dd67b8f62b097ea1ea9e281c0d7
phase3_audit_full_v1,exploratory,audit,audit_benchmark,adult_income,mean_ensemble,adversarial_confidence_inflation,0.1,shadow,2,2,4884,0,2,e5d76cfe69555d108591449b2a32ad527d5ca8bc43f46dcfc881174e2ddd7ec7
phase3_audit_full_v1,exploratory,audit,audit_benchmark,adult_income,static_weighted_ensemble,adversarial_confidence_inflation,0.1,shadow,2,2,4884,0,2,c7dcaf50723a8deb0b2b7d54af8083cc96b12a6c406176656c955472d463ba52
phase3_audit_full_v1,exploratory,audit,audit_benchmark,adult_income,veto_mavs,adversarial_confidence_inflation,0.1,shadow,2,2,4884,4884,2,cc7fbd898a83464f7d67235a9eaca42f722f6a8cb0fc4c4b485d47955602d2dd
phase3_audit_full_v1,exploratory,audit,audit_benchmark,adult_income,pure_mavs_gc,adversarial_confidence_inflation,0.1,shadow,2,2,4884,4884,2,21811ac3fbe730a31db9bea7df4240fe999166089e4892c4dcaea6eeb42ac9d4
phase3_audit_full_v1,exploratory,audit,audit_benchmark,adult_income,single_model,adversarial_confidence_inflation,0.2,audit,3,3,7326,0,3,3777dba43f71d9485d7665328c6d76927ee3e5ee6a0d967c39d0f47c5d3ee8f9
phase3_audit_full_v1,exploratory,audit,audit_benchmark,adult_income,mean_ensemble,adversarial_confidence_inflation,0.2,audit,3,3,7326,0,3,dd756a7e16fa575ff1a11dcfcfa8c275c2e962c217946aebe53165509d00519e
phase3_audit_full_v1,exploratory,audit,audit_benchmark,adult_income,static_weighted_ensemble,adversarial_confidence_inflation,0.2,audit,3,3,7326,0,3,cdf05ae802737197b56ced9e87a6bc395e579c19c9f2129721cbe20cbc66a0e5
phase3_audit_full_v1,exploratory,audit,audit_benchmark,adult_income,veto_mavs,adversarial_confidence_inflation,0.2,audit,3,3,7326,7326,3,7956dea8f2b7329d76a6a079393577fc56f2c78539569b3f0aaa903622f0d756
phase3_audit_full_v1,exploratory,audit,audit_benchmark,adult_income,pure_mavs_gc,adversarial_confidence_inflation,0.2,audit,3,3,7326,7326,3,c3ce1d590393a49c3af19520fbf5c9c8e6b0914073b04f54be6da9f7a74b1377
phase3_audit_full_v1,exploratory,audit,audit_benchmark,adult_income,single_model,adversarial_confidence_inflation,0.2,shadow,2,2,4884,0,2,9bbe2ee4388583f600fc3b1f335b6f6516fd4534d0608cb40509b9bfda32207c
phase3_audit_full_v1,exploratory,audit,audit_benchmark,adult_income,mean_ensemble,adversarial_confidence_inflation,0.2,shadow,2,2,4884,0,2,80da2812a80c235c0fe52dfea52bda8617521332613ebf77c0e9049a625292f1
phase3_audit_full_v1,exploratory,audit,audit_benchmark,adult_income,static_weighted_ensemble,adversarial_confidence_inflation,0.2,shadow,2,2,4884,0,2,5571002c3421288c0aec07542ad8b80049deb3c6b5b9b2ff8b13d46fada76976
phase3_audit_full_v1,exploratory,audit,audit_benchmark,adult_income,veto_mavs,adversarial_confidence_inflation,0.2,shadow,2,2,4884,4884,2,8de366720aa75374e07e9518f59100a76858acd891e4e1ea48d78d4e470964a5
phase3_audit_full_v1,exploratory,audit,audit_benchmark,adult_income,pure_mavs_gc,adversarial_confidence_inflation,0.2,shadow,2,2,4884,4884,2,6bb69b6d3cecd0f12117dba9aa52462682d34f62ecb0a7d1d7cdd865ead77914
phase3_audit_full_v1,exploratory,audit,audit_benchmark,adult_income,single_model,adversarial_confidence_inflation,0.4,audit,3,3,7326,0,3,6a040e13dbf8cfe4f929140afab41b3247a136a97683db5add3e062c32d17a5a
phase3_audit_full_v1,exploratory,audit,audit_benchmark,adult_income,mean_ensemble,adversarial_confidence_inflation,0.4,audit,3,3,7326,0,3,74781050c4b7f9b3e38c641ce318bb4dc09f0ba05ed987636b0dfaccd5a368d8
phase3_audit_full_v1,exploratory,audit,audit_benchmark,adult_income,static_weighted_ensemble,adversarial_confidence_inflation,0.4,audit,3,3,7326,0,3,16da2dadef6b292e6c3ec7997391a0c995f4c5e5bff8d7552cc852f0e0a6987f
phase3_audit_full_v1,exploratory,audit,audit_benchmark,adult_income,veto_mavs,adversarial_confidence_inflation,0.4,audit,3,3,7326,7326,3,6f469c284f2ca6f2bbf928473df75427fd5c0c03e826138560009b8775205b14
phase3_audit_full_v1,exploratory,audit,audit_benchmark,adult_income,pure_mavs_gc,adversarial_confidence_inflation,0.4,audit,3,3,7326,7326,3,0cde6baa989b3d8c01c4415f897ed7269eca5242ffd6dbeb4b85ab712d84b148
phase3_audit_full_v1,exploratory,audit,audit_benchmark,adult_income,single_model,adversarial_confidence_inflation,0.4,shadow,2,2,4884,0,2,bb64d8362958ca939d42115560d12f260cbe3b711267f094f9f2e8c4c0eea98e
phase3_audit_full_v1,exploratory,audit,audit_benchmark,adult_income,mean_ensemble,adversarial_confidence_inflation,0.4,shadow,2,2,4884,0,2,7b8cff711b7921801fe58f32634344519d8fca6b229bb57a2e5ea399bedc572e
phase3_audit_full_v1,exploratory,audit,audit_benchmark,adult_income,static_weighted_ensemble,adversarial_confidence_inflation,0.4,shadow,2,2,4884,0,2,6034127f28e779e85952e7f57872539ddcfa26f6bc03a4cc1098e05c527509f7
phase3_audit_full_v1,exploratory,audit,audit_benchmark,adult_income,veto_mavs,adversarial_confidence_inflation,0.4,shadow,2,2,4884,4884,2,49c9dedf6793fe3ea16dcd4a33cdcd47f0ea36dc7737df44291559e687b8c57a
phase3_audit_full_v1,exploratory,audit,audit_benchmark,adult_income,pure_mavs_gc,adversarial_confidence_inflation,0.4,shadow,2,2,4884,4884,2,684bd9383921e0a4ec6ab5b357ab2153f8d67ab44431afa66576fc74ed2bd080
phase3_audit_full_v1,exploratory,audit,audit_benchmark,adult_income,single_model,adversarial_confidence_inflation,0.6,audit,3,3,7326,0,3,76d385dd541a582058f64bd28e4c05945e51e8b8751e2e41bcd372f3c8c71b12
phase3_audit_full_v1,exploratory,audit,audit_benchmark,adult_income,mean_ensemble,adversarial_confidence_inflation,0.6,audit,3,3,7326,0,3,48ba99645d785f5c695eaf75c6493c7d76fef09a19df3b5b78db215c59ad5cd8
phase3_audit_full_v1,exploratory,audit,audit_benchmark,adult_income,static_weighted_ensemble,adversarial_confidence_inflation,0.6,audit,3,3,7326,0,3,ebe02ff6eb042ae08fe2a427cf01112e55e56659df53357cd5f46ffa4b104d10
phase3_audit_full_v1,exploratory,audit,audit_benchmark,adult_income,veto_mavs,adversarial_confidence_inflation,0.6,audit,3,3,7326,7326,3,3034fdba8c5ae94ac533072b8e1e6275e65643dac7d8ee7049a665a2eddab27c
phase3_audit_full_v1,exploratory,audit,audit_benchmark,adult_income,pure_mavs_gc,adversarial_confidence_inflation,0.6,audit,3,3,7326,7326,3,4de2c06ce828c26515bc3d52ff4e1117227a25c2bba225763820f120f0ca0dce
phase3_audit_full_v1,exploratory,audit,audit_benchmark,adult_income,single_model,adversarial_confidence_inflation,0.6,shadow,2,2,4884,0,2,b3408b0eee1898f6df6a8456b4858e467f66b868edfb5e47058099b410f641f2
phase3_audit_full_v1,exploratory,audit,audit_benchmark,adult_income,mean_ensemble,adversarial_confidence_inflation,0.6,shadow,2,2,4884,0,2,f89840487e3d86dc9a271eb5c3d823b3a3d9f37f97ba4841c775183694b556e9
phase3_audit_full_v1,exploratory,audit,audit_benchmark,adult_income,static_weighted_ensemble,adversarial_confidence_inflation,0.6,shadow,2,2,4884,0,2,8cc7cd336241a8c9d70784e618046c22ff935bc0ca74bee35f38c7cafe6c81ff
phase3_audit_full_v1,exploratory,audit,audit_benchmark,adult_income,veto_mavs,adversarial_confidence_inflation,0.6,shadow,2,2,4884,4884,2,cdbba133c8c1c10dbf202c4ea01cb2889fe8ecce2d57e9a5defaed28c60f708f
phase3_audit_full_v1,exploratory,audit,audit_benchmark,adult_income,pure_mavs_gc,adversarial_confidence_inflation,0.6,shadow,2,2,4884,4884,2,aa2773441001415928a392b889dd45c34f19e8043d93693f25cc25c93bc3cc71
phase3_audit_full_v1,exploratory,audit,audit_benchmark,adult_income,single_model,adversarial_confidence_inflation,0.8,audit,3,3,7326,0,3,a2da37e722f6f74657bb09d82fff11d8b37308198d857c46465cfcd2994dedcc
phase3_audit_full_v1,exploratory,audit,audit_benchmark,adult_income,mean_ensemble,adversarial_confidence_inflation,0.8,audit,3,3,7326,0,3,b6b0de1422475ea21846deafcd3aebe9cab594a7e5fa06901be8f7e690bbf1df
phase3_audit_full_v1,exploratory,audit,audit_benchmark,adult_income,static_weighted_ensemble,adversarial_confidence_inflation,0.8,audit,3,3,7326,0,3,99afae83c0c478c16dedf3863f37109e1ee79375fe785b2891d0e9288ce105c0
phase3_audit_full_v1,exploratory,audit,audit_benchmark,adult_income,veto_mavs,adversarial_confidence_inflation,0.8,audit,3,3,7326,7326,3,e471a4e5e1a84e7ad193ef5678cacc0db285554695e6beb8144c67651b2443b9
phase3_audit_full_v1,exploratory,audit,audit_benchmark,adult_income,pure_mavs_gc,adversarial_confidence_inflation,0.8,audit,3,3,7326,7326,3,52417374833b6724f10a42f045edc84c7c6257a9f6865951dbc50445a00b4f74
phase3_audit_full_v1,exploratory,audit,audit_benchmark,adult_income,single_model,adversarial_confidence_inflation,0.8,shadow,2,2,4884,0,2,a8cfb5f24178e66110215ab2a7f820c2602b3cf889b41319ca7444d5583c5b4a
phase3_audit_full_v1,exploratory,audit,audit_benchmark,adult_income,mean_ensemble,adversarial_confidence_inflation,0.8,shadow,2,2,4884,0,2,93190b5b2ec5754a6591cbb0efab3d2494b96f54f836fd0cf4eb7260068076a5
phase3_audit_full_v1,exploratory,audit,audit_benchmark,adult_income,static_weighted_ensemble,adversarial_confidence_inflation,0.8,shadow,2,2,4884,0,2,35e7ebe48bcbfcbe0f1f8d95c404d2bc3dc3dc0c8a4d3b86a3e04d28e5541e84
phase3_audit_full_v1,exploratory,audit,audit_benchmark,adult_income,veto_mavs,adversarial_confidence_inflation,0.8,shadow,2,2,4884,4884,2,548bdff89aa902911aee15dc74167b6ac166114101bbd794cc2fdf6c0a176d80
phase3_audit_full_v1,exploratory,audit,audit_benchmark,adult_income,pure_mavs_gc,adversarial_confidence_inflation,0.8,shadow,2,2,4884,4884,2,2f8ff85456ab34fc4801d07946c581a27a3373fc0084ae8d29ce96454224bd61
phase3_audit_full_v1,exploratory,audit,audit_benchmark,adult_income,single_model,adversarial_confidence_inflation,1.0,audit,3,3,7326,0,3,fe18c269443723525f97ee39e77b10547cde51ee01efc7b649006348fcfd2ff2
phase3_audit_full_v1,exploratory,audit,audit_benchmark,adult_income,mean_ensemble,adversarial_confidence_inflation,1.0,audit,3,3,7326,0,3,300d3c7eef7f7e7923244aa6b0e9cba4ddd58ac9e8e27ef346303212b7211aac
phase3_audit_full_v1,exploratory,audit,audit_benchmark,adult_income,static_weighted_ensemble,adversarial_confidence_inflation,1.0,audit,3,3,7326,0,3,27854fc0b473b30c007a3961aadfb29abe96a710fe3bba7ecaee12e9266b8e26
phase3_audit_full_v1,exploratory,audit,audit_benchmark,adult_income,veto_mavs,adversarial_confidence_inflation,1.0,audit,3,3,7326,7326,3,882115cdf14a1d4f1ed3a90b36e0cf09402917e37d67107de916e70c0f8ae0b3
phase3_audit_full_v1,exploratory,audit,audit_benchmark,adult_income,pure_mavs_gc,adversarial_confidence_inflation,1.0,audit,3,3,7326,7326,3,ff926dd71a692ad9a88d2a978aeeb535eafc66daab76850ccd287627d560ebe9
phase3_audit_full_v1,exploratory,audit,audit_benchmark,adult_income,single_model,adversarial_confidence_inflation,1.0,shadow,2,2,4884,0,2,9513314747b3f5c47d53c5fd09ebc8db317e437b379e0554d4015de8b2c80850
phase3_audit_full_v1,exploratory,audit,audit_benchmark,adult_income,mean_ensemble,adversarial_confidence_inflation,1.0,shadow,2,2,4884,0,2,6a9219696acf934e33641bbfcb77db21a24955d7ab44af9ffda8e0b3ec8262d3
phase3_audit_full_v1,exploratory,audit,audit_benchmark,adult_income,static_weighted_ensemble,adversarial_confidence_inflation,1.0,shadow,2,2,4884,0,2,ceef97ac822d2ed64b82ac1446df0c0cb8a1e1b176406ca8831a1559e2cd4540
phase3_audit_full_v1,exploratory,audit,audit_benchmark,adult_income,veto_mavs,adversarial_confidence_inflation,1.0,shadow,2,2,4884,4884,2,8e36973507b1fd41f29f36ee349a64a8a444648afcb2e9f5f7ad6814554fe782
phase3_audit_full_v1,exploratory,audit,audit_benchmark,adult_income,pure_mavs_gc,adversarial_confidence_inflation,1.0,shadow,2,2,4884,4884,2,e52d5219947dc1d2eae4c85813ddcd339ad7c547a3600f9dfded865c130b2958
phase3_audit_full_v1,exploratory,audit,audit_benchmark,adult_income,single_model,distribution_shift,0.0,audit,3,3,7326,0,3,2b701dcf517706c5e2bedf5a3e223674c8cc8b791949f1bf72977880e9c8e7b2
phase3_audit_full_v1,exploratory,audit,audit_benchmark,adult_income,mean_ensemble,distribution_shift,0.0,audit,3,3,7326,0,3,7eea78341a504f0d8708ace8fd7ed303808c7900eb8d19648cf1721ac1d5725b
phase3_audit_full_v1,exploratory,audit,audit_benchmark,adult_income,static_weighted_ensemble,distribution_shift,0.0,audit,3,3,7326,0,3,23a26d1c566aeeaeb4950b59a355b48abfc39a68d3e8d70084e2691891af8617
phase3_audit_full_v1,exploratory,audit,audit_benchmark,adult_income,veto_mavs,distribution_shift,0.0,audit,3,3,7326,7326,3,6e6d1e01beb78f24c0d6b203b62c7683bce1ca2a54b5869678c26c291599f1cc
phase3_audit_full_v1,exploratory,audit,audit_benchmark,adult_income,pure_mavs_gc,distribution_shift,0.0,audit,3,3,7326,7326,3,5e27b51fdf1a4f9bf9a77cec133897468bfa593c2f28e40d1e170a6b0145aeb4
phase3_audit_full_v1,exploratory,audit,audit_benchmark,adult_income,single_model,distribution_shift,0.0,shadow,2,2,4884,0,2,f19b8ef413b4d14cd2aa5a5187b88052d62b93f8c1b558bd3846563d5697391b
phase3_audit_full_v1,exploratory,audit,audit_benchmark,adult_income,mean_ensemble,distribution_shift,0.0,shadow,2,2,4884,0,2,ed1b45e7cfa09819b336e4022de74e6468a9382e68e728d56a2e1c8c516b70a5
phase3_audit_full_v1,exploratory,audit,audit_benchmark,adult_income,static_weighted_ensemble,distribution_shift,0.0,shadow,2,2,4884,0,2,ad8c29f3b0cab1e643d2a47d0b09884a713258195537943eb710bdc677cab864
phase3_audit_full_v1,exploratory,audit,audit_benchmark,adult_income,veto_mavs,distribution_shift,0.0,shadow,2,2,4884,4884,2,2eac2469b08e7b104d31ead0a5d740a9000bafabe5e6807f557759fabe234336
phase3_audit_full_v1,exploratory,audit,audit_benchmark,adult_income,pure_mavs_gc,distribution_shift,0.0,shadow,2,2,4884,4884,2,5fa53be8d4cf650adb1281478ef9aed09bc43b443544bdcd008c9346fa51fa63
phase3_audit_full_v1,exploratory,audit,audit_benchmark,adult_income,single_model,distribution_shift,0.05,audit,3,3,7089,0,3,31fd89c7d20bdad5010497a2f87aa24b96c36b8ba492eaa1c4dfa2dab8cfc6d5
phase3_audit_full_v1,exploratory,audit,audit_benchmark,adult_income,mean_ensemble,distribution_shift,0.05,audit,3,3,7089,0,3,e45b25d2d2c4587fe410c2986c35be1c2b4bef01cb90b042d95bc1167e3547af
phase3_audit_full_v1,exploratory,audit,audit_benchmark,adult_income,static_weighted_ensemble,distribution_shift,0.05,audit,3,3,7089,0,3,21429683b8a1ed3e302afd07be924eaa4bf3dcf24b62bd4ec1c6316e19fed54e
phase3_audit_full_v1,exploratory,audit,audit_benchmark,adult_income,veto_mavs,distribution_shift,0.05,audit,3,3,7089,7089,3,a8e4b6bb05544882cde86d9d8285d6c6d32d55a37911b8bbb8fbe6a20c32541d
phase3_audit_full_v1,exploratory,audit,audit_benchmark,adult_income,pure_mavs_gc,distribution_shift,0.05,audit,3,3,7089,7089,3,53cde6a2cad62828cb0cd81dacf3f114a89355de2c382f572dc37b9267d8f036
phase3_audit_full_v1,exploratory,audit,audit_benchmark,adult_income,single_model,distribution_shift,0.05,shadow,2,2,4726,0,2,6014494f6e4be6e11575310c57be5225e6a9adc5aba510ab1f18115873da0699
phase3_audit_full_v1,exploratory,audit,audit_benchmark,adult_income,mean_ensemble,distribution_shift,0.05,shadow,2,2,4726,0,2,ef18b81f3f9bba476bf7227e6de01c37006bf6d1b1b0b351c971f4c1aff5bf34
phase3_audit_full_v1,exploratory,audit,audit_benchmark,adult_income,static_weighted_ensemble,distribution_shift,0.05,shadow,2,2,4726,0,2,b4e07ceffb3a7c5cbb890a0f8d3f4a6c8f704c4f0480d9be0da462fa6d8d96f0
phase3_audit_full_v1,exploratory,audit,audit_benchmark,adult_income,veto_mavs,distribution_shift,0.05,shadow,2,2,4726,4726,2,d27c8f101b1d12a4f9a0ae03e256db4856353ab68a890028eda6e28d5121fad6
phase3_audit_full_v1,exploratory,audit,audit_benchmark,adult_income,pure_mavs_gc,distribution_shift,0.05,shadow,2,2,4726,4726,2,a38bc28848a75adab1948902b3bdc67d21d7ea4ad228c232d50b9f21bfcaf4e0
phase3_audit_full_v1,exploratory,audit,audit_benchmark,adult_income,single_model,distribution_shift,0.1,audit,3,3,6852,0,3,cf33664b95cc2071b8f5a6563384cd45367f1057d52e65085ba253ca08682e23
phase3_audit_full_v1,exploratory,audit,audit_benchmark,adult_income,mean_ensemble,distribution_shift,0.1,audit,3,3,6852,0,3,7ab8768c4bbbe8a6c915e6a2cdf26f815ee136ed7ed95c823ea55c476cb24b5c
phase3_audit_full_v1,exploratory,audit,audit_benchmark,adult_income,static_weighted_ensemble,distribution_shift,0.1,audit,3,3,6852,0,3,b38d3c3c147b5e86e70a7aff965f1197036d41628304f602d618456b4cca5966
phase3_audit_full_v1,exploratory,audit,audit_benchmark,adult_income,veto_mavs,distribution_shift,0.1,audit,3,3,6852,6852,3,aa8b05249005f5deeb2e7e39e6d63d3fa45c5bed43fb77f1f98907b180f56738
phase3_audit_full_v1,exploratory,audit,audit_benchmark,adult_income,pure_mavs_gc,distribution_shift,0.1,audit,3,3,6852,6852,3,dc772ed7ce152ffbd09e10ef962f68be07525afb1a3ab8125f5ec23399ee456a
phase3_audit_full_v1,exploratory,audit,audit_benchmark,adult_income,single_model,distribution_shift,0.1,shadow,2,2,4568,0,2,cad693ee9a7ac1885a32d52fb411a473ed012b285fb369a5299d1cc679ac2d38
phase3_audit_full_v1,exploratory,audit,audit_benchmark,adult_income,mean_ensemble,distribution_shift,0.1,shadow,2,2,4568,0,2,043f88020084a21ab088b9b9eb4dfbba973bfb314fdf8060656c0e01c6c92026
phase3_audit_full_v1,exploratory,audit,audit_benchmark,adult_income,static_weighted_ensemble,distribution_shift,0.1,shadow,2,2,4568,0,2,415c314c67ef5ac68bf37860734c4268296915aa675c95c438148bcec240a5a5
phase3_audit_full_v1,exploratory,audit,audit_benchmark,adult_income,veto_mavs,distribution_shift,0.1,shadow,2,2,4568,4568,2,f366146c7b47028d923240a55719fe503887e280ab7a47ed4769530b3cd188ed
phase3_audit_full_v1,exploratory,audit,audit_benchmark,adult_income,pure_mavs_gc,distribution_shift,0.1,shadow,2,2,4568,4568,2,523076f46ee7772c2d7a0da670be0baea4eaf69d5ced415adf6d32829d3af1a0
phase3_audit_full_v1,exploratory,audit,audit_benchmark,adult_income,single_model,distribution_shift,0.2,audit,3,3,6375,0,3,ac8cbb417060f3bb3fb76a712d10c1e24591070b0921d89be453047d439face9
phase3_audit_full_v1,exploratory,audit,audit_benchmark,adult_income,mean_ensemble,distribution_shift,0.2,audit,3,3,6375,0,3,b3e31e772b17875dd4e6b8acfa730c84821a8c6401c23e914170ba4109477cb2
phase3_audit_full_v1,exploratory,audit,audit_benchmark,adult_income,static_weighted_ensemble,distribution_shift,0.2,audit,3,3,6375,0,3,9c0ec8eb907de0574ecaee92df8ec7f0acfee46efd9274c4085483fced8dc571
phase3_audit_full_v1,exploratory,audit,audit_benchmark,adult_income,veto_mavs,distribution_shift,0.2,audit,3,3,6375,6375,3,92e27b8d6866dbc1b724b159b2dd24857f66575e399f24943359c2f34ff5b783
phase3_audit_full_v1,exploratory,audit,audit_benchmark,adult_income,pure_mavs_gc,distribution_shift,0.2,audit,3,3,6375,6375,3,09e7f6a906818996ab933020287f498fa1b3fc663a0aac4fb1f35895d9f27a26
phase3_audit_full_v1,exploratory,audit,audit_benchmark,adult_income,single_model,distribution_shift,0.2,shadow,2,2,4250,0,2,7eac2a0a686ed5dc08d51a4ac0ac86ad1810e85f66dea12923771bd2331010f0
phase3_audit_full_v1,exploratory,audit,audit_benchmark,adult_income,mean_ensemble,distribution_shift,0.2,shadow,2,2,4250,0,2,143e460758df5ddbdfb43185eedcd35592a3f496222b8dc92c18d5e54f86b7f8
phase3_audit_full_v1,exploratory,audit,audit_benchmark,adult_income,static_weighted_ensemble,distribution_shift,0.2,shadow,2,2,4250,0,2,590943fbf385ef98bce2fb327be1bd82310ad3ec5f84cfe4682e99d59a22e3b1
phase3_audit_full_v1,exploratory,audit,audit_benchmark,adult_income,veto_mavs,distribution_shift,0.2,shadow,2,2,4250,4250,2,ccf03fcff9814c89b4460235d4014bd094eb51b9adf24c493ff21ee99a926245
phase3_audit_full_v1,exploratory,audit,audit_benchmark,adult_income,pure_mavs_gc,distribution_shift,0.2,shadow,2,2,4250,4250,2,2611a097256e7476d5553f4c1c123948a694ece56abb978d229bce1d495edb5b
phase3_audit_full_v1,exploratory,audit,audit_benchmark,adult_income,single_model,distribution_shift,0.4,audit,3,3,5424,0,3,0fa5d0462d4fb1ae191e7d8a13a42f15af935f8a99eb70d4112477da52d84290
phase3_audit_full_v1,exploratory,audit,audit_benchmark,adult_income,mean_ensemble,distribution_shift,0.4,audit,3,3,5424,0,3,ab3813cd61824e192c35f7f8e54263c0b3d57a0a3f0c231ac92c6e4253c7dc8d
phase3_audit_full_v1,exploratory,audit,audit_benchmark,adult_income,static_weighted_ensemble,distribution_shift,0.4,audit,3,3,5424,0,3,2c7f8df90a42b6087bb2ed701f0b87aacbccd5b033390ccb89871f1abacc653d
phase3_audit_full_v1,exploratory,audit,audit_benchmark,adult_income,veto_mavs,distribution_shift,0.4,audit,3,3,5424,5424,3,0485c8ad2648e183133e372bfeca76007f2b4e68204e8c68852fd04ad0337f6c
phase3_audit_full_v1,exploratory,audit,audit_benchmark,adult_income,pure_mavs_gc,distribution_shift,0.4,audit,3,3,5424,5424,3,e73504677a212d4878bd829b2dd7d510a26852cb02f71bc175fea930983515f3
phase3_audit_full_v1,exploratory,audit,audit_benchmark,adult_income,single_model,distribution_shift,0.4,shadow,2,2,3616,0,2,0cd1b9971676990d65f8aaa536ef14cbf99974dc9f1ca5f7390ee8c431e34fda
phase3_audit_full_v1,exploratory,audit,audit_benchmark,adult_income,mean_ensemble,distribution_shift,0.4,shadow,2,2,3616,0,2,430fc9a139a7a5914759bc235e3e849b5001109444e03126ca64a7997ad6c336
phase3_audit_full_v1,exploratory,audit,audit_benchmark,adult_income,static_weighted_ensemble,distribution_shift,0.4,shadow,2,2,3616,0,2,c7dde2ca86a02bce3b55489c8360f401b31c5fa07352886334c639f7cc5517e7
phase3_audit_full_v1,exploratory,audit,audit_benchmark,adult_income,veto_mavs,distribution_shift,0.4,shadow,2,2,3616,3616,2,426533679ece8ed638db31adfcd2a01e6f2f756ac65f823174baa37726cf7b31
phase3_audit_full_v1,exploratory,audit,audit_benchmark,adult_income,pure_mavs_gc,distribution_shift,0.4,shadow,2,2,3616,3616,2,5d484387df0b4f3190fd80351db224a8cb5d0698fbe0f8a6ee775f5871c33402
phase3_audit_full_v1,exploratory,audit,audit_benchmark,adult_income,single_model,distribution_shift,0.6,audit,3,3,4470,0,3,03dcdf0d3f29dd2eb2aec0066da0c8b091ac627d16ebfa2125e4148fa73001a3
phase3_audit_full_v1,exploratory,audit,audit_benchmark,adult_income,mean_ensemble,distribution_shift,0.6,audit,3,3,4470,0,3,03c9979dacde9bee638e8231c0f3630c8eccc6305968ef96cb72c847d6ec30dd
phase3_audit_full_v1,exploratory,audit,audit_benchmark,adult_income,static_weighted_ensemble,distribution_shift,0.6,audit,3,3,4470,0,3,a741fd742ac8d217bd298e9c21d9aa903c55ed340a1e9aa6e2b990608037e222
phase3_audit_full_v1,exploratory,audit,audit_benchmark,adult_income,veto_mavs,distribution_shift,0.6,audit,3,3,4470,4470,3,b4a7bbaa26f0500cab1f4cef1ee7d8d949306616bf3ad62d0161f1ece41b9c95
phase3_audit_full_v1,exploratory,audit,audit_benchmark,adult_income,pure_mavs_gc,distribution_shift,0.6,audit,3,3,4470,4470,3,5875cf7d364a9d3506401071b5355c353661356022e9a59368f76f5effe6e6b1
phase3_audit_full_v1,exploratory,audit,audit_benchmark,adult_income,single_model,distribution_shift,0.6,shadow,2,2,2980,0,2,4fd1c2b45543ab9fcd71f955e89fc08235c9ff35ba6fad0b426740ad1e0bbd14
phase3_audit_full_v1,exploratory,audit,audit_benchmark,adult_income,mean_ensemble,distribution_shift,0.6,shadow,2,2,2980,0,2,b55580c9371c242ad9e80031db68d431b381c1c95bbc39f3399fe6e8068acb3a
phase3_audit_full_v1,exploratory,audit,audit_benchmark,adult_income,static_weighted_ensemble,distribution_shift,0.6,shadow,2,2,2980,0,2,158db629ab90679a5d4fa46c556a7ddd2453875e4cee2bb130688bb2e0f9505e
phase3_audit_full_v1,exploratory,audit,audit_benchmark,adult_income,veto_mavs,distribution_shift,0.6,shadow,2,2,2980,2980,2,ef238bc0429c83dba69d5ff7ab626844aa30b94623605e3af0851bf402a29a77
phase3_audit_full_v1,exploratory,audit,audit_benchmark,adult_income,pure_mavs_gc,distribution_shift,0.6,shadow,2,2,2980,2980,2,6d239cfdc7bc5d78f7b8851e8487c61a40ebc5fac9f249509765b894430ab83e
phase3_audit_full_v1,exploratory,audit,audit_benchmark,adult_income,single_model,distribution_shift,0.8,audit,3,3,3519,0,3,7bce6429bcda60d98d318662001d0ac84bb1343dfae6c1f0728201571d1f09fd
phase3_audit_full_v1,exploratory,audit,audit_benchmark,adult_income,mean_ensemble,distribution_shift,0.8,audit,3,3,3519,0,3,071cd307d56212468218dfe32f969cfdb7eeceb7a4c8d871f2100aea42b76f4f
phase3_audit_full_v1,exploratory,audit,audit_benchmark,adult_income,static_weighted_ensemble,distribution_shift,0.8,audit,3,3,3519,0,3,31bb10178823928f93ba7a295cf1951e3df7f8814fa837070a0325e2b3c0161f
phase3_audit_full_v1,exploratory,audit,audit_benchmark,adult_income,veto_mavs,distribution_shift,0.8,audit,3,3,3519,3519,3,b1684c9ac56ea5ff5cb9a0590890affbf503bd47bf7e70994a336bb97867824f
phase3_audit_full_v1,exploratory,audit,audit_benchmark,adult_income,pure_mavs_gc,distribution_shift,0.8,audit,3,3,3519,3519,3,cc780a6cde48e062edd01a91956453ae77bf5cec0bbb1dc486b6477579d1f48c
phase3_audit_full_v1,exploratory,audit,audit_benchmark,adult_income,single_model,distribution_shift,0.8,shadow,2,2,2346,0,2,21510766e01bed557ca7240d4f816591c21aaf6a5570314ee6bc7db7e94f964f
phase3_audit_full_v1,exploratory,audit,audit_benchmark,adult_income,mean_ensemble,distribution_shift,0.8,shadow,2,2,2346,0,2,f058cd6463a8bf3eb465b9af11033410163d188e376f9fac3a2062105aaca955
phase3_audit_full_v1,exploratory,audit,audit_benchmark,adult_income,static_weighted_ensemble,distribution_shift,0.8,shadow,2,2,2346,0,2,421809428b81d120f16b985897a29a77b3fe6073d77ecfbba9e7cbac44b0a997
phase3_audit_full_v1,exploratory,audit,audit_benchmark,adult_income,veto_mavs,distribution_shift,0.8,shadow,2,2,2346,2346,2,7dddef61f2bbee7c9e322f804e68486b01feac7fd6a653454ebb9f8ea304580a
phase3_audit_full_v1,exploratory,audit,audit_benchmark,adult_income,pure_mavs_gc,distribution_shift,0.8,shadow,2,2,2346,2346,2,a6adff9ea198d5e825d67b0d0163055430110497fc10fc425d148eb30afc83a4
phase3_audit_full_v1,exploratory,audit,audit_benchmark,adult_income,single_model,distribution_shift,1.0,audit,3,3,2565,0,3,0a0035c8fb304c476eb74b2bcb8697284d294440db96604b1e3563cb20c640da
phase3_audit_full_v1,exploratory,audit,audit_benchmark,adult_income,mean_ensemble,distribution_shift,1.0,audit,3,3,2565,0,3,624bfa0510d330950a3ae10b6cada1d0cf4d452a577e45faf43e246fb8218a02
phase3_audit_full_v1,exploratory,audit,audit_benchmark,adult_income,static_weighted_ensemble,distribution_shift,1.0,audit,3,3,2565,0,3,df34fe53e709298130aaefac9e934d8f85598bf4a261491894c9db22bd09d140
phase3_audit_full_v1,exploratory,audit,audit_benchmark,adult_income,veto_mavs,distribution_shift,1.0,audit,3,3,2565,2565,3,dd411f7e2ffccabb9fb8eccf01117e2ea1b6b770d20f6020b462e90bd691eb54
phase3_audit_full_v1,exploratory,audit,audit_benchmark,adult_income,pure_mavs_gc,distribution_shift,1.0,audit,3,3,2565,2565,3,808405f9f4529e0e2d5023d6fdc3d051b68bf539ca671c7457d9e9f9277e5be0
phase3_audit_full_v1,exploratory,audit,audit_benchmark,adult_income,single_model,distribution_shift,1.0,shadow,2,2,1710,0,2,4d03c186e391638792b3138e138e5b30d5a68c187725ceb0cb775e4d1b81c008
phase3_audit_full_v1,exploratory,audit,audit_benchmark,adult_income,mean_ensemble,distribution_shift,1.0,shadow,2,2,1710,0,2,09be205954256f99055b59289b11a4bdd9eee88c4c56e500dcbda95f8e9af136
phase3_audit_full_v1,exploratory,audit,audit_benchmark,adult_income,static_weighted_ensemble,distribution_shift,1.0,shadow,2,2,1710,0,2,147f2dcc4f77fb565070baeb2e0e3b526160cc270c5d73b9fb9b9642864410ac
phase3_audit_full_v1,exploratory,audit,audit_benchmark,adult_income,veto_mavs,distribution_shift,1.0,shadow,2,2,1710,1710,2,0b1122fde0589f0ab90991af7f366f9ba6200e3cc397cec38ab0673455f85809
phase3_audit_full_v1,exploratory,audit,audit_benchmark,adult_income,pure_mavs_gc,distribution_shift,1.0,shadow,2,2,1710,1710,2,a0d04f2fc8aeba4b333e36ac9676d94725f19cbbc58c1d13e9a1a50cc4051d60
phase3_audit_full_v1,exploratory,audit,audit_benchmark,adult_income,single_model,synthetic_sensor_failure,0.0,audit,3,3,7326,0,3,cd3c4b1fc131be52e3ec735e6d2c61cbbcd81942bae1af9c28128112a0ec4ebe
phase3_audit_full_v1,exploratory,audit,audit_benchmark,adult_income,mean_ensemble,synthetic_sensor_failure,0.0,audit,3,3,7326,0,3,ad8d876c63816ea5d3a2bdaf30edf652dc558f7ffad06bc652f12c667f8d4982
phase3_audit_full_v1,exploratory,audit,audit_benchmark,adult_income,static_weighted_ensemble,synthetic_sensor_failure,0.0,audit,3,3,7326,0,3,d84b7803bf5d7b06863bb29c31856bdea5ca43a6a891d146a22f0ae1e1a041c9
phase3_audit_full_v1,exploratory,audit,audit_benchmark,adult_income,veto_mavs,synthetic_sensor_failure,0.0,audit,3,3,7326,7326,3,282a8d6acc404ddcc0c28a0b35c6aebb5f8fddb39e573da63c24209c01e23628
phase3_audit_full_v1,exploratory,audit,audit_benchmark,adult_income,pure_mavs_gc,synthetic_sensor_failure,0.0,audit,3,3,7326,7326,3,35cc2cd43d82318c03e231fe11ce6bede58f969f976fc42adf2531ad1688ee6e
phase3_audit_full_v1,exploratory,audit,audit_benchmark,adult_income,single_model,synthetic_sensor_failure,0.0,shadow,2,2,4884,0,2,d5fabb0d09cc92810f91427ab09152317d6d320c29443f4e0cd516699da94932
phase3_audit_full_v1,exploratory,audit,audit_benchmark,adult_income,mean_ensemble,synthetic_sensor_failure,0.0,shadow,2,2,4884,0,2,08b1a051eaad18284494a1f5c83143ecccc28748d3feec15b9bf0a036d842147
phase3_audit_full_v1,exploratory,audit,audit_benchmark,adult_income,static_weighted_ensemble,synthetic_sensor_failure,0.0,shadow,2,2,4884,0,2,dc0d5c883d7783f43023b6c7bfe252f03ba69844ec116e55b3f17ef688343836
phase3_audit_full_v1,exploratory,audit,audit_benchmark,adult_income,veto_mavs,synthetic_sensor_failure,0.0,shadow,2,2,4884,4884,2,02774ae402ebaaaab769910aeda008d7926f9ee10270e881088a3664c12a0d88
phase3_audit_full_v1,exploratory,audit,audit_benchmark,adult_income,pure_mavs_gc,synthetic_sensor_failure,0.0,shadow,2,2,4884,4884,2,07a1f36638019ddd8d64bf264e5ea7eb63d1e4f218e847fa7f8c8fa5228cbaa6
phase3_audit_full_v1,exploratory,audit,audit_benchmark,adult_income,single_model,synthetic_sensor_failure,0.05,audit,3,3,7326,0,3,2d9ee08b416d7a53e0fac7e8c430d9e46264890032686a5b1b66c833e1b44cd6
phase3_audit_full_v1,exploratory,audit,audit_benchmark,adult_income,mean_ensemble,synthetic_sensor_failure,0.05,audit,3,3,7326,0,3,3475c5d5d4fa4edf6aa7f6c596ab23c5601682f47f1bbdb54bd76ed54cfef875
phase3_audit_full_v1,exploratory,audit,audit_benchmark,adult_income,static_weighted_ensemble,synthetic_sensor_failure,0.05,audit,3,3,7326,0,3,33f3b252b990bfa7c277e2424df18b9a17c110d9196bf643e0c27b085400e81c
phase3_audit_full_v1,exploratory,audit,audit_benchmark,adult_income,veto_mavs,synthetic_sensor_failure,0.05,audit,3,3,7326,7326,3,8357e2e179550ce329be9ea5145e69e5c00612cc0116b4d79699e559648e6170
phase3_audit_full_v1,exploratory,audit,audit_benchmark,adult_income,pure_mavs_gc,synthetic_sensor_failure,0.05,audit,3,3,7326,7326,3,0de2189fa6f39f79c00d7b681a78a4f02b5cdbc183373fbb469c8fb43fb2b897
phase3_audit_full_v1,exploratory,audit,audit_benchmark,adult_income,single_model,synthetic_sensor_failure,0.05,shadow,2,2,4884,0,2,a11576d464fca32d6f3766d4bdded514af404e5419bb046d601b10bad4bd6018
phase3_audit_full_v1,exploratory,audit,audit_benchmark,adult_income,mean_ensemble,synthetic_sensor_failure,0.05,shadow,2,2,4884,0,2,0b72c10305d5b6b5861f47a4c691ceed2a5b4d1c265d1ca129722d49f5fc587d
phase3_audit_full_v1,exploratory,audit,audit_benchmark,adult_income,static_weighted_ensemble,synthetic_sensor_failure,0.05,shadow,2,2,4884,0,2,f2eb126d16f08da45d5742b8c7773280c1e39d0238b4c3604604438ddf6366a9
phase3_audit_full_v1,exploratory,audit,audit_benchmark,adult_income,veto_mavs,synthetic_sensor_failure,0.05,shadow,2,2,4884,4884,2,9450e9fdbdb80020645ea2111496a1530e62b2f39aa8f3e2b8d9eaf37e37537e
phase3_audit_full_v1,exploratory,audit,audit_benchmark,adult_income,pure_mavs_gc,synthetic_sensor_failure,0.05,shadow,2,2,4884,4884,2,0883dc7a0529d59d3cdf0c77056e7b13ada817efd082bdb7a90ab69ad2f5b545
phase3_audit_full_v1,exploratory,audit,audit_benchmark,adult_income,single_model,synthetic_sensor_failure,0.1,audit,3,3,7326,0,3,223c98e68018d21c6f14bb94039ce099090c2ffa31c422c07e5e6eec9dc6af2c
phase3_audit_full_v1,exploratory,audit,audit_benchmark,adult_income,mean_ensemble,synthetic_sensor_failure,0.1,audit,3,3,7326,0,3,7de341f2a920f5244e3aefd9a1ad8c967f3dc2add9920811724767e257ca2e65
phase3_audit_full_v1,exploratory,audit,audit_benchmark,adult_income,static_weighted_ensemble,synthetic_sensor_failure,0.1,audit,3,3,7326,0,3,7362b36abe38f17a6f2867bde634de9f1cdc005a1e7079e8e3779b5887250b79
phase3_audit_full_v1,exploratory,audit,audit_benchmark,adult_income,veto_mavs,synthetic_sensor_failure,0.1,audit,3,3,7326,7326,3,12cd8bae5e84c1a0288b1da253ca316e19d425c60f986dc21965cacfef2d7a4f
phase3_audit_full_v1,exploratory,audit,audit_benchmark,adult_income,pure_mavs_gc,synthetic_sensor_failure,0.1,audit,3,3,7326,7326,3,61c3bc6aaf5d16c25d95c10f9db8f7d48da7d829bdddeeed332c3eda29ee880c
phase3_audit_full_v1,exploratory,audit,audit_benchmark,adult_income,single_model,synthetic_sensor_failure,0.1,shadow,2,2,4884,0,2,ed3dfcf23f520e6196d723d18fdccb5461aa865c37d48ed8081b9d85a81b23ea
phase3_audit_full_v1,exploratory,audit,audit_benchmark,adult_income,mean_ensemble,synthetic_sensor_failure,0.1,shadow,2,2,4884,0,2,3fad7dae33d140997a7466d58e498e1856720810d8ae90bd97ff84c5b0236505
phase3_audit_full_v1,exploratory,audit,audit_benchmark,adult_income,static_weighted_ensemble,synthetic_sensor_failure,0.1,shadow,2,2,4884,0,2,3cb258589e63cb8c080ef9802b2b3b6b1c27a0b18ec5010bb990bde4e91c843f
phase3_audit_full_v1,exploratory,audit,audit_benchmark,adult_income,veto_mavs,synthetic_sensor_failure,0.1,shadow,2,2,4884,4884,2,2d47556b3296b7a1f3426d479a5f0a95e772742cf4d028537fd3da684191ad17
phase3_audit_full_v1,exploratory,audit,audit_benchmark,adult_income,pure_mavs_gc,synthetic_sensor_failure,0.1,shadow,2,2,4884,4884,2,478dd61dc93f8bbedd27c06c3274da5be1de45bb1f9e9a83237360382ce6fd0f
phase3_audit_full_v1,exploratory,audit,audit_benchmark,adult_income,single_model,synthetic_sensor_failure,0.2,audit,3,3,7326,0,3,71ae6e2a4b3ac919872d1e1a3f6741c1aaa6fa79b72b9e170c34d76d4cef2017
phase3_audit_full_v1,exploratory,audit,audit_benchmark,adult_income,mean_ensemble,synthetic_sensor_failure,0.2,audit,3,3,7326,0,3,ba17cad264ea6fe406b0d62f1e84b467c31a6e7940e41dde7df65ae8aeacbb06
phase3_audit_full_v1,exploratory,audit,audit_benchmark,adult_income,static_weighted_ensemble,synthetic_sensor_failure,0.2,audit,3,3,7326,0,3,ab9d62b5b3d27574d3abb73d1bdc2159e73224a6c2d751456d5c29d02cd7083f
phase3_audit_full_v1,exploratory,audit,audit_benchmark,adult_income,veto_mavs,synthetic_sensor_failure,0.2,audit,3,3,7326,7326,3,d2109c87010df207520b97717152ab372d7edead5230c666afd60cc6d3a2c978
phase3_audit_full_v1,exploratory,audit,audit_benchmark,adult_income,pure_mavs_gc,synthetic_sensor_failure,0.2,audit,3,3,7326,7326,3,94dc80e0dda858b02d6a40ba46cc3c7fe421e1b1ab21a37e3da093f61840a278
phase3_audit_full_v1,exploratory,audit,audit_benchmark,adult_income,single_model,synthetic_sensor_failure,0.2,shadow,2,2,4884,0,2,4831bb9e8ad91d8a833d3480118e614790f1a57ea518785d6c215d789d886377
phase3_audit_full_v1,exploratory,audit,audit_benchmark,adult_income,mean_ensemble,synthetic_sensor_failure,0.2,shadow,2,2,4884,0,2,18e4a72b08caf239a86157dce81a65e47925f57b1b61fb1503b7771e311ec40b
phase3_audit_full_v1,exploratory,audit,audit_benchmark,adult_income,static_weighted_ensemble,synthetic_sensor_failure,0.2,shadow,2,2,4884,0,2,daa28cd0a67210e9b6e959ee677c1f8748d7bb9662dd779eef772247e9ff87f0
phase3_audit_full_v1,exploratory,audit,audit_benchmark,adult_income,veto_mavs,synthetic_sensor_failure,0.2,shadow,2,2,4884,4884,2,62d92ee9642f7ab8e26bb2630a65d5ff7ed9b5f4b215b587c46ac8985ec8e4b7
phase3_audit_full_v1,exploratory,audit,audit_benchmark,adult_income,pure_mavs_gc,synthetic_sensor_failure,0.2,shadow,2,2,4884,4884,2,f08536b2616d23ef5a03c49550517c53ee9f098cc25c12650794cfa49b0d444f
phase3_audit_full_v1,exploratory,audit,audit_benchmark,adult_income,single_model,synthetic_sensor_failure,0.4,audit,3,3,7326,0,3,00146559c948f0f921fc11e0bb42c87e7360dbceaf45b07a89283fe5de94b94e
phase3_audit_full_v1,exploratory,audit,audit_benchmark,adult_income,mean_ensemble,synthetic_sensor_failure,0.4,audit,3,3,7326,0,3,addadcc92ce9401c63fc5070dda6f219d8bc28abfcf4de39f9011ee557a12de8
phase3_audit_full_v1,exploratory,audit,audit_benchmark,adult_income,static_weighted_ensemble,synthetic_sensor_failure,0.4,audit,3,3,7326,0,3,33cdffbb057c8a0f607d760398a0f812ead94c83dfa1facb4a7eadd99d7edb46
phase3_audit_full_v1,exploratory,audit,audit_benchmark,adult_income,veto_mavs,synthetic_sensor_failure,0.4,audit,3,3,7326,7326,3,29f7887b5c18465bcdaacc3a0b601a1afccee6076d793dcbb1c1a956be83b6cf
phase3_audit_full_v1,exploratory,audit,audit_benchmark,adult_income,pure_mavs_gc,synthetic_sensor_failure,0.4,audit,3,3,7326,7326,3,a45c58431e07f3fea8dc3598850318e3a9aeb409144c6b3197d0c2a5558b7229
phase3_audit_full_v1,exploratory,audit,audit_benchmark,adult_income,single_model,synthetic_sensor_failure,0.4,shadow,2,2,4884,0,2,4ac16a4f62b6f0b469633034d3f1b9fcb4b61e1e128bc23c3fdb4ba629876498
phase3_audit_full_v1,exploratory,audit,audit_benchmark,adult_income,mean_ensemble,synthetic_sensor_failure,0.4,shadow,2,2,4884,0,2,770dd82937b32e1af931a0a3206acea9de51c51fb5d79a8b1412d99e17f2e8fd
phase3_audit_full_v1,exploratory,audit,audit_benchmark,adult_income,static_weighted_ensemble,synthetic_sensor_failure,0.4,shadow,2,2,4884,0,2,81567b66f6f75791dd143fd54daf042119def3118f4348cdad5381051e4a63ad
phase3_audit_full_v1,exploratory,audit,audit_benchmark,adult_income,veto_mavs,synthetic_sensor_failure,0.4,shadow,2,2,4884,4884,2,2bcce43b2d933666274355dcc785dd9d5112d89a9596ebeb8eb73c6813ef6089
phase3_audit_full_v1,exploratory,audit,audit_benchmark,adult_income,pure_mavs_gc,synthetic_sensor_failure,0.4,shadow,2,2,4884,4884,2,92610e9fd1724efda656f62a840a6a3ab2d7787d7bbad1df650ad13695dc89de
phase3_audit_full_v1,exploratory,audit,audit_benchmark,adult_income,single_model,synthetic_sensor_failure,0.6,audit,3,3,7326,0,3,f0f93f283dca3dcce96e3738c1a2e266175e517f918ab2b2a02df35c4f117131
phase3_audit_full_v1,exploratory,audit,audit_benchmark,adult_income,mean_ensemble,synthetic_sensor_failure,0.6,audit,3,3,7326,0,3,cd07a44504158c2b48d70a8f2b9a59a16e45a6689bacf282896eedb9369e9c6c
phase3_audit_full_v1,exploratory,audit,audit_benchmark,adult_income,static_weighted_ensemble,synthetic_sensor_failure,0.6,audit,3,3,7326,0,3,2291426eb370ae55dd9655957224e66f890a023d9788cf12bf4e5acda2329b26
phase3_audit_full_v1,exploratory,audit,audit_benchmark,adult_income,veto_mavs,synthetic_sensor_failure,0.6,audit,3,3,7326,7326,3,ba81da1bf307adb441d62766cee9f9faa34543c5e8f69692572b844f2bdf2474
phase3_audit_full_v1,exploratory,audit,audit_benchmark,adult_income,pure_mavs_gc,synthetic_sensor_failure,0.6,audit,3,3,7326,7326,3,977f4da5dc7c5fa6d6f428ce72d9fadfb2d06203ddc97dfde182883b506c08da
phase3_audit_full_v1,exploratory,audit,audit_benchmark,adult_income,single_model,synthetic_sensor_failure,0.6,shadow,2,2,4884,0,2,00647b7b908ce62f2ece4c231dac62d02454a40f3ab76b09cda2146e780bc8fe
phase3_audit_full_v1,exploratory,audit,audit_benchmark,adult_income,mean_ensemble,synthetic_sensor_failure,0.6,shadow,2,2,4884,0,2,89a92a5749526012a86609d9f0c5756ad4192e1b530e9edf12e97d3f72b8e3e3
phase3_audit_full_v1,exploratory,audit,audit_benchmark,adult_income,static_weighted_ensemble,synthetic_sensor_failure,0.6,shadow,2,2,4884,0,2,5f9b2198de762af6a5f8fbe8877a4a103533f7186009da52b0f872ab5e70a711
phase3_audit_full_v1,exploratory,audit,audit_benchmark,adult_income,veto_mavs,synthetic_sensor_failure,0.6,shadow,2,2,4884,4884,2,d5dc7e3dcd2985a5c855acf461a56cde36f75bc91c3a8b1d205e490477a86324
phase3_audit_full_v1,exploratory,audit,audit_benchmark,adult_income,pure_mavs_gc,synthetic_sensor_failure,0.6,shadow,2,2,4884,4884,2,da0e87f5e31efa31ef24ecb3459faf93a90f06473b04c3bce50987b1cb60755a
phase3_audit_full_v1,exploratory,audit,audit_benchmark,adult_income,single_model,synthetic_sensor_failure,0.8,audit,3,3,7326,0,3,f9cee0afb4964693849573f950c00efdcbc37c8fc6d824e5d5c36f4b7eb77889
phase3_audit_full_v1,exploratory,audit,audit_benchmark,adult_income,mean_ensemble,synthetic_sensor_failure,0.8,audit,3,3,7326,0,3,1ebdd7c810b5bc3ec25ca91b2b6d5af40e9880fb718acde125b3fac7435da402
phase3_audit_full_v1,exploratory,audit,audit_benchmark,adult_income,static_weighted_ensemble,synthetic_sensor_failure,0.8,audit,3,3,7326,0,3,e96f82e368dc5aedfa1cbdfa3eff54165b7e1a89b82c5d7e3da4a3b319a61c41
phase3_audit_full_v1,exploratory,audit,audit_benchmark,adult_income,veto_mavs,synthetic_sensor_failure,0.8,audit,3,3,7326,7326,3,8eaba6cec89fd2547523666881d871aa5e901e066cdb5d3cac45d52ac843c91a
phase3_audit_full_v1,exploratory,audit,audit_benchmark,adult_income,pure_mavs_gc,synthetic_sensor_failure,0.8,audit,3,3,7326,7326,3,4c4245ba94801b845bc96776716ca5ccf9612e0c645402ac6073c6345a690e9d
phase3_audit_full_v1,exploratory,audit,audit_benchmark,adult_income,single_model,synthetic_sensor_failure,0.8,shadow,2,2,4884,0,2,39aa1aa7fd21cfc3f7f3bfcbed89e06de0882897055d6b433b54dc5351565c8b
phase3_audit_full_v1,exploratory,audit,audit_benchmark,adult_income,mean_ensemble,synthetic_sensor_failure,0.8,shadow,2,2,4884,0,2,2191c69083d4cfa00ef525c70bd393c4e6fa45dbb731dde113d447052a0f0e68
phase3_audit_full_v1,exploratory,audit,audit_benchmark,adult_income,static_weighted_ensemble,synthetic_sensor_failure,0.8,shadow,2,2,4884,0,2,bdb1c8d4504280d79d8727abf9fdbc8af4f0a902bf7a2a99ca227980b67ac52d
phase3_audit_full_v1,exploratory,audit,audit_benchmark,adult_income,veto_mavs,synthetic_sensor_failure,0.8,shadow,2,2,4884,4884,2,ab59004ea20a3fb2bc01277c36a53fd443c684b2d9e6582299fc746d86380619
phase3_audit_full_v1,exploratory,audit,audit_benchmark,adult_income,pure_mavs_gc,synthetic_sensor_failure,0.8,shadow,2,2,4884,4884,2,a405520c316aac043c49099b37873906e87b04afa84835ac62002cfe05adb8c6
phase3_audit_full_v1,exploratory,audit,audit_benchmark,adult_income,single_model,synthetic_sensor_failure,1.0,audit,3,3,7326,0,3,879688fd0f7acc10cdc5021ef4a722f7d73edd31e0f48769fa71a15e0b94fce6
phase3_audit_full_v1,exploratory,audit,audit_benchmark,adult_income,mean_ensemble,synthetic_sensor_failure,1.0,audit,3,3,7326,0,3,c374ce005e384064244303b02c69d2ba12bf8dd9ebcb81eff023376b7c092678
phase3_audit_full_v1,exploratory,audit,audit_benchmark,adult_income,static_weighted_ensemble,synthetic_sensor_failure,1.0,audit,3,3,7326,0,3,7b36a4f987b82c27750a39862f43b28a46d3d2d05ff51733c7cd51becb20c470
phase3_audit_full_v1,exploratory,audit,audit_benchmark,adult_income,veto_mavs,synthetic_sensor_failure,1.0,audit,3,3,7326,7326,3,9efa4543e29d3d04caa25643df8dccf6e8066f07bab2a99ed0d2081da88a6240
phase3_audit_full_v1,exploratory,audit,audit_benchmark,adult_income,pure_mavs_gc,synthetic_sensor_failure,1.0,audit,3,3,7326,7326,3,fd535753660a84c983048dc58edb8849780dce272ee73cde80e3e2d71cb5103d
phase3_audit_full_v1,exploratory,audit,audit_benchmark,adult_income,single_model,synthetic_sensor_failure,1.0,shadow,2,2,4884,0,2,9a89623f13ea9331f5d8cf12c057165ac1481f86d9e92c4566d71752e34a676d
phase3_audit_full_v1,exploratory,audit,audit_benchmark,adult_income,mean_ensemble,synthetic_sensor_failure,1.0,shadow,2,2,4884,0,2,b6d07e48a58fba9abeaf83842e62cac5dd0f1f9f192cca15754215f61513fac4
phase3_audit_full_v1,exploratory,audit,audit_benchmark,adult_income,static_weighted_ensemble,synthetic_sensor_failure,1.0,shadow,2,2,4884,0,2,3778378e1f862323fb3e24215a350a82e4ef04659b65e14a3ddde0de47024093
phase3_audit_full_v1,exploratory,audit,audit_benchmark,adult_income,veto_mavs,synthetic_sensor_failure,1.0,shadow,2,2,4884,4884,2,ee2edb96629a8e9eaba86a01caae8eb34674877f50fc7fd421cc69fa73645889
phase3_audit_full_v1,exploratory,audit,audit_benchmark,adult_income,pure_mavs_gc,synthetic_sensor_failure,1.0,shadow,2,2,4884,4884,2,8a3c2160eca7268cb623331d025d31c7c8bb3ad80510dc687948690a641ba073
phase3_audit_full_v1,exploratory,audit,audit_benchmark,adult_income,single_model,specialist_failure,0.0,audit,3,3,7326,0,3,665a7e5c27410716b55a08764a6edc195b6d2170be63750f03947c1ad9698503
phase3_audit_full_v1,exploratory,audit,audit_benchmark,adult_income,mean_ensemble,specialist_failure,0.0,audit,3,3,7326,0,3,55d95c7f02213e162b71e580f7e98d348206e60b7471b752bd5ac927094891ef
phase3_audit_full_v1,exploratory,audit,audit_benchmark,adult_income,static_weighted_ensemble,specialist_failure,0.0,audit,3,3,7326,0,3,9cbcf02a6fe3826cfd6bc73fa5839fd99a7afcb6565f9b70d6f92b56217c36a4
phase3_audit_full_v1,exploratory,audit,audit_benchmark,adult_income,veto_mavs,specialist_failure,0.0,audit,3,3,7326,7326,3,7c00b668b7a6fba7e5c8002a4c6c7c8c13fd1d10e5ffce931da97390b9fee252
phase3_audit_full_v1,exploratory,audit,audit_benchmark,adult_income,pure_mavs_gc,specialist_failure,0.0,audit,3,3,7326,7326,3,98179027bfb39179bd3b2dbb666a38292b9f5f1f45d8317d9e30b3d71905a933
phase3_audit_full_v1,exploratory,audit,audit_benchmark,adult_income,single_model,specialist_failure,0.0,shadow,2,2,4884,0,2,7bf4fdd272870a3d748a79fb4de52df6c8ef86fdcdf1170a8ec73e6fde7a0f6b
phase3_audit_full_v1,exploratory,audit,audit_benchmark,adult_income,mean_ensemble,specialist_failure,0.0,shadow,2,2,4884,0,2,7aa9294cb7765acc7fea6be7e2cb3d198873cb85db724f803ab8af8295aa6462
phase3_audit_full_v1,exploratory,audit,audit_benchmark,adult_income,static_weighted_ensemble,specialist_failure,0.0,shadow,2,2,4884,0,2,61200a3284312d56ec5610c8245df7350fc5e3e4e03cc8f6484d192f2b67d847
phase3_audit_full_v1,exploratory,audit,audit_benchmark,adult_income,veto_mavs,specialist_failure,0.0,shadow,2,2,4884,4884,2,2e3ffe4c0a67d89a839c1067e7cc12729b44b878b6d5044ed7b8d81d2256c18c
phase3_audit_full_v1,exploratory,audit,audit_benchmark,adult_income,pure_mavs_gc,specialist_failure,0.0,shadow,2,2,4884,4884,2,5d6da8875087c18d7dc4a7cfc55398a8fceee06864c4c75ff83d109bcf3512ab
phase3_audit_full_v1,exploratory,audit,audit_benchmark,adult_income,single_model,specialist_failure,0.05,audit,3,3,7326,0,3,3780a258b0b56d29aa37b9938f1aee352b22fcd2922ef4c8ea5b3a869a732dce
phase3_audit_full_v1,exploratory,audit,audit_benchmark,adult_income,mean_ensemble,specialist_failure,0.05,audit,3,3,7326,0,3,d1843b114af9749fd6c2697813916388b21451df7a56372c3de32fa08aa53a45
phase3_audit_full_v1,exploratory,audit,audit_benchmark,adult_income,static_weighted_ensemble,specialist_failure,0.05,audit,3,3,7326,0,3,231f9e482b8f78630f523e79de400b4ce21e1499b196ac13687ddc378fff30ec
phase3_audit_full_v1,exploratory,audit,audit_benchmark,adult_income,veto_mavs,specialist_failure,0.05,audit,3,3,7326,7326,3,a6667034342695b548357b633dd691a7ce398fa5eef2add84151dda637902b60
phase3_audit_full_v1,exploratory,audit,audit_benchmark,adult_income,pure_mavs_gc,specialist_failure,0.05,audit,3,3,7326,7326,3,95b1072fff1fcf41074ec089bf398393562ed2f5239e56f71dbe4da36f4cefe9
phase3_audit_full_v1,exploratory,audit,audit_benchmark,adult_income,single_model,specialist_failure,0.05,shadow,2,2,4884,0,2,5574f3aa3eada351c60bf1c1c63ff023a7bdbc97377c85c17fbf03b617a39f77
phase3_audit_full_v1,exploratory,audit,audit_benchmark,adult_income,mean_ensemble,specialist_failure,0.05,shadow,2,2,4884,0,2,8749314c86772f497704ba9946bcb14ea8cd458309960ef77721d13349f435b6
phase3_audit_full_v1,exploratory,audit,audit_benchmark,adult_income,static_weighted_ensemble,specialist_failure,0.05,shadow,2,2,4884,0,2,641e92c1b96279eb641b647607d0d420374011499261497b6f7b20e35cb84f2c
phase3_audit_full_v1,exploratory,audit,audit_benchmark,adult_income,veto_mavs,specialist_failure,0.05,shadow,2,2,4884,4884,2,dd991ef96d8702ef75b623893ff46290d22506e958f1a6e6bb8be656af1e5058
phase3_audit_full_v1,exploratory,audit,audit_benchmark,adult_income,pure_mavs_gc,specialist_failure,0.05,shadow,2,2,4884,4884,2,c5b70a99355636db8496cfebc848f8ace00db24703cb9bc672610730d750a10f
phase3_audit_full_v1,exploratory,audit,audit_benchmark,adult_income,single_model,specialist_failure,0.1,audit,3,3,7326,0,3,dc8dd35bb8007b123dea5b142140289274c45908131f8bf35bcc77266e1d04c8
phase3_audit_full_v1,exploratory,audit,audit_benchmark,adult_income,mean_ensemble,specialist_failure,0.1,audit,3,3,7326,0,3,801f6aaa7a96ed0206010e14c0e6ae4ad0dccae2c1e6b9b1b005882e278f4114
phase3_audit_full_v1,exploratory,audit,audit_benchmark,adult_income,static_weighted_ensemble,specialist_failure,0.1,audit,3,3,7326,0,3,3b9564e89172080bff70dcacf84a2d9439cd8e3f3838428d00e2f36f6d8dbf85
phase3_audit_full_v1,exploratory,audit,audit_benchmark,adult_income,veto_mavs,specialist_failure,0.1,audit,3,3,7326,7326,3,cb88522313f8721a6f9647724663bb447f896757379dc21473e12d50bf8122cf
phase3_audit_full_v1,exploratory,audit,audit_benchmark,adult_income,pure_mavs_gc,specialist_failure,0.1,audit,3,3,7326,7326,3,d9c662b27d1ab2ea474babe3683ba97a1333cb88c3e5e5614cdd6d0df1affc25
phase3_audit_full_v1,exploratory,audit,audit_benchmark,adult_income,single_model,specialist_failure,0.1,shadow,2,2,4884,0,2,6dbde278d1b0ae9f6897d47654751317de20dd746e68b0bf7f27e1446fe43b85
phase3_audit_full_v1,exploratory,audit,audit_benchmark,adult_income,mean_ensemble,specialist_failure,0.1,shadow,2,2,4884,0,2,88beb4f6046a7d927f4a807ef546c03867f44cca9fd5ac48458d1fafbb33d93c
phase3_audit_full_v1,exploratory,audit,audit_benchmark,adult_income,static_weighted_ensemble,specialist_failure,0.1,shadow,2,2,4884,0,2,d5e5a00be4b461c21f610423241f5241989b203aab848cb82f3c9204be65801f
phase3_audit_full_v1,exploratory,audit,audit_benchmark,adult_income,veto_mavs,specialist_failure,0.1,shadow,2,2,4884,4884,2,c3cae02462866d04dba4e8af22705d6aba30c568d293abfe37759dc785ca27da
phase3_audit_full_v1,exploratory,audit,audit_benchmark,adult_income,pure_mavs_gc,specialist_failure,0.1,shadow,2,2,4884,4884,2,be839636ada4f6e862ee570dcc2bd67d661bfaaf07e3886247d6a1e98165bc18
phase3_audit_full_v1,exploratory,audit,audit_benchmark,adult_income,single_model,specialist_failure,0.2,audit,3,3,7326,0,3,1e9abf8343499179ec876c32bc711710395c67f0ee6ab0630742a7dbf1bda9eb
phase3_audit_full_v1,exploratory,audit,audit_benchmark,adult_income,mean_ensemble,specialist_failure,0.2,audit,3,3,7326,0,3,6f3632c9d0954e7db3990caf6c72799d7b46e1a23a24673d9c23259d52b59d67
phase3_audit_full_v1,exploratory,audit,audit_benchmark,adult_income,static_weighted_ensemble,specialist_failure,0.2,audit,3,3,7326,0,3,3a5801eeca6436aca28be22cdbd57d35f580807a6355446fba7481ad9693b021
phase3_audit_full_v1,exploratory,audit,audit_benchmark,adult_income,veto_mavs,specialist_failure,0.2,audit,3,3,7326,7326,3,bfd20cb73abdf34131a3c3c7f0ef055d1d58176249cf30763ba94282887eae71
phase3_audit_full_v1,exploratory,audit,audit_benchmark,adult_income,pure_mavs_gc,specialist_failure,0.2,audit,3,3,7326,7326,3,89f56bda8fa72de373e84e40c4b0d138ac8a5a12dd73a0d890dcdbc56a99b1ef
phase3_audit_full_v1,exploratory,audit,audit_benchmark,adult_income,single_model,specialist_failure,0.2,shadow,2,2,4884,0,2,5d154a12dc69a3e777c4c5ec4cbbe0952630cac6d70ef57bf40d5aab1d234b23
phase3_audit_full_v1,exploratory,audit,audit_benchmark,adult_income,mean_ensemble,specialist_failure,0.2,shadow,2,2,4884,0,2,cc68a141d01f51a2ef21a7d2d08d4d9ca44d4c7f35672755d9076322d04a5a69
phase3_audit_full_v1,exploratory,audit,audit_benchmark,adult_income,static_weighted_ensemble,specialist_failure,0.2,shadow,2,2,4884,0,2,25045d984763be9458d7d1e865827294cd28029cced0b236c5bc38c8e10f8dac
phase3_audit_full_v1,exploratory,audit,audit_benchmark,adult_income,veto_mavs,specialist_failure,0.2,shadow,2,2,4884,4884,2,0be7f64d8190320dcd3b360f7f02917574342291a215464e6c8d511483b6cda3
phase3_audit_full_v1,exploratory,audit,audit_benchmark,adult_income,pure_mavs_gc,specialist_failure,0.2,shadow,2,2,4884,4884,2,b86de8f8420720567f7b2ae9165d4e4832349792c7688a446b5b9fd774a6b83c
phase3_audit_full_v1,exploratory,audit,audit_benchmark,adult_income,single_model,specialist_failure,0.4,audit,3,3,7326,0,3,e5436d1e1a9a079b1186538354025909839e65263061f335967f0029520c23ea
phase3_audit_full_v1,exploratory,audit,audit_benchmark,adult_income,mean_ensemble,specialist_failure,0.4,audit,3,3,7326,0,3,fdcdcddc401cd7f1924e09fd21087a376666534dd5697be8f6db0918e468730c
phase3_audit_full_v1,exploratory,audit,audit_benchmark,adult_income,static_weighted_ensemble,specialist_failure,0.4,audit,3,3,7326,0,3,79fb87a647569607921cf1bd3514d6e668aa0ad2a83676932d6488e1198a02d3
phase3_audit_full_v1,exploratory,audit,audit_benchmark,adult_income,veto_mavs,specialist_failure,0.4,audit,3,3,7326,7326,3,8b88a5694f13afac9c519adc4321efff6bd507869658aa612997b8d05e2157f2
phase3_audit_full_v1,exploratory,audit,audit_benchmark,adult_income,pure_mavs_gc,specialist_failure,0.4,audit,3,3,7326,7326,3,f239b268e596713870d4fb80d3d647c730bd0bc119d0f1414061f5e83d2c3d4a
phase3_audit_full_v1,exploratory,audit,audit_benchmark,adult_income,single_model,specialist_failure,0.4,shadow,2,2,4884,0,2,385a0b711d7e195e9abef296b46ff6c9f1df007b411263a2c09a37522668f5bb
phase3_audit_full_v1,exploratory,audit,audit_benchmark,adult_income,mean_ensemble,specialist_failure,0.4,shadow,2,2,4884,0,2,dbd5cf3026da74a329c202e887d5dede273e2f60e9c5dd0ee74a2b206bd2d7f6
phase3_audit_full_v1,exploratory,audit,audit_benchmark,adult_income,static_weighted_ensemble,specialist_failure,0.4,shadow,2,2,4884,0,2,c69cbe880608c750793ef0f3f1bb5c1231c015a356bbe2ec5805bc4831f9276a
phase3_audit_full_v1,exploratory,audit,audit_benchmark,adult_income,veto_mavs,specialist_failure,0.4,shadow,2,2,4884,4884,2,34a6e5d6c2a0d275977d32955c981787d806e8859150170015e56925a3366737
phase3_audit_full_v1,exploratory,audit,audit_benchmark,adult_income,pure_mavs_gc,specialist_failure,0.4,shadow,2,2,4884,4884,2,eca7fe09b9fd1c05c685380b5222fa2d5de2efecdc86cc62521a8f77752a631e
phase3_audit_full_v1,exploratory,audit,audit_benchmark,adult_income,single_model,specialist_failure,0.6,audit,3,3,7326,0,3,9a6fc99843bff1dfda33f1ee140ea2b5290c00ceaec90c695e36503a9d5f27ce
phase3_audit_full_v1,exploratory,audit,audit_benchmark,adult_income,mean_ensemble,specialist_failure,0.6,audit,3,3,7326,0,3,4cc0d82673c763f32027cb4129b9078821aa084c11ac49d6da97db2897180068
phase3_audit_full_v1,exploratory,audit,audit_benchmark,adult_income,static_weighted_ensemble,specialist_failure,0.6,audit,3,3,7326,0,3,d1de352d6efc1d04f1541d8231ea50e5083c33d2367e7652128185ebc605b1a9
phase3_audit_full_v1,exploratory,audit,audit_benchmark,adult_income,veto_mavs,specialist_failure,0.6,audit,3,3,7326,7326,3,8606739144a649897c87ff66fea243c7bac591463286d74ceadcc0ca908eee09
phase3_audit_full_v1,exploratory,audit,audit_benchmark,adult_income,pure_mavs_gc,specialist_failure,0.6,audit,3,3,7326,7326,3,d2a6e566b7ca89bea20d32bd6d2ce8f72c5aa9f7af6c1b3ca77364b4a85e8e57
phase3_audit_full_v1,exploratory,audit,audit_benchmark,adult_income,single_model,specialist_failure,0.6,shadow,2,2,4884,0,2,385a89384c0164ec8f53384655239b2e9509e6a1303e592a0504c4085fe89200
phase3_audit_full_v1,exploratory,audit,audit_benchmark,adult_income,mean_ensemble,specialist_failure,0.6,shadow,2,2,4884,0,2,14c04027f0c0db47d3c78951ba1e02c9cc9d674ac42069ae94e53c7f9d445875
phase3_audit_full_v1,exploratory,audit,audit_benchmark,adult_income,static_weighted_ensemble,specialist_failure,0.6,shadow,2,2,4884,0,2,90b81157f2c803ec7a728e42fa0da454269c031756c170477df9a6b70d861206
phase3_audit_full_v1,exploratory,audit,audit_benchmark,adult_income,veto_mavs,specialist_failure,0.6,shadow,2,2,4884,4884,2,e96174c196a8f167cc503edb2026813785a5b923ff55e1bafdba2ad421b7941c
phase3_audit_full_v1,exploratory,audit,audit_benchmark,adult_income,pure_mavs_gc,specialist_failure,0.6,shadow,2,2,4884,4884,2,2fe2296c3dab8d1dfc519e9214cf9c8901ac47b4c5a472bbed25aa69aa1d52fd
phase3_audit_full_v1,exploratory,audit,audit_benchmark,adult_income,single_model,specialist_failure,0.8,audit,3,3,7326,0,3,5e41739320ee7178a8b3b288b6201b5521eb462c541fe8bb748ec0de58eeefcb
phase3_audit_full_v1,exploratory,audit,audit_benchmark,adult_income,mean_ensemble,specialist_failure,0.8,audit,3,3,7326,0,3,60a89df95c9f4b653157b4bcd9dd0cf8a6992f02914cd52b35f4560c703c0afe
phase3_audit_full_v1,exploratory,audit,audit_benchmark,adult_income,static_weighted_ensemble,specialist_failure,0.8,audit,3,3,7326,0,3,40c62d226423399ada2a49ceed122344c8c4afab3f1682f46f16b51eb271e2f1
phase3_audit_full_v1,exploratory,audit,audit_benchmark,adult_income,veto_mavs,specialist_failure,0.8,audit,3,3,7326,7326,3,100b8c9e75ba304cc99c0269ed6e0c04f8f68df04e9c90db3874e5b9ec967016
phase3_audit_full_v1,exploratory,audit,audit_benchmark,adult_income,pure_mavs_gc,specialist_failure,0.8,audit,3,3,7326,7326,3,90cd2868d7a03f2c86c7c8f37169f845361a91ec707946f8bdb0cfbbc16683a8
phase3_audit_full_v1,exploratory,audit,audit_benchmark,adult_income,single_model,specialist_failure,0.8,shadow,2,2,4884,0,2,d5a90d07dae44f12550382555ac76b3be94474da377554f0c113a3752d71be2b
phase3_audit_full_v1,exploratory,audit,audit_benchmark,adult_income,mean_ensemble,specialist_failure,0.8,shadow,2,2,4884,0,2,ebea9b5dd38d5e9f6d434ab3df882e75b0dac071edf7abf352ef453d46020d33
phase3_audit_full_v1,exploratory,audit,audit_benchmark,adult_income,static_weighted_ensemble,specialist_failure,0.8,shadow,2,2,4884,0,2,5243148383556df6168c564f2b8f5085fae5ef5c68ae12e25b86e5177fda916c
phase3_audit_full_v1,exploratory,audit,audit_benchmark,adult_income,veto_mavs,specialist_failure,0.8,shadow,2,2,4884,4884,2,75ffdc1d73c0b6cf66f9fed5362bb4e141c3dc77b92a02b745e1cd580a0b0771
phase3_audit_full_v1,exploratory,audit,audit_benchmark,adult_income,pure_mavs_gc,specialist_failure,0.8,shadow,2,2,4884,4884,2,a4be5fde140b6aa3003c8d9d7a39eb518f508e86f509ec5920762986e65d98ce
phase3_audit_full_v1,exploratory,audit,audit_benchmark,adult_income,single_model,specialist_failure,1.0,audit,3,3,7326,0,3,9cc76303df162012fc398e02d2d06033797404d5756f9f9856981752ef0e8c0d
phase3_audit_full_v1,exploratory,audit,audit_benchmark,adult_income,mean_ensemble,specialist_failure,1.0,audit,3,3,7326,0,3,6a207e7469735815114839e9434685d32b2489f2a5c9fe734676a1b9fd0e85b5
phase3_audit_full_v1,exploratory,audit,audit_benchmark,adult_income,static_weighted_ensemble,specialist_failure,1.0,audit,3,3,7326,0,3,e7fb65610380da3c8f424c14cccac7aa24d07c8ea16d0f079983f92b5efc377e
phase3_audit_full_v1,exploratory,audit,audit_benchmark,adult_income,veto_mavs,specialist_failure,1.0,audit,3,3,7326,7326,3,33f45e775d8f6c0352faf1d23802b242b08b19cef74c9898e9ba6539d389e430
phase3_audit_full_v1,exploratory,audit,audit_benchmark,adult_income,pure_mavs_gc,specialist_failure,1.0,audit,3,3,7326,7326,3,bd0ab88280d305de94383467fbf6cce1faabfecf396aa57afe1549adaaee979b
phase3_audit_full_v1,exploratory,audit,audit_benchmark,adult_income,single_model,specialist_failure,1.0,shadow,2,2,4884,0,2,da871ac6403608f342b29989b7e4718c4c95d2f7ea639676d0e10a4c7baf6df5
phase3_audit_full_v1,exploratory,audit,audit_benchmark,adult_income,mean_ensemble,specialist_failure,1.0,shadow,2,2,4884,0,2,019f8185e23ef9cb1030178ebfa48525485246d0f5669083c76d1fe42801c0fc
phase3_audit_full_v1,exploratory,audit,audit_benchmark,adult_income,static_weighted_ensemble,specialist_failure,1.0,shadow,2,2,4884,0,2,b51bbc30f0ffe468da1d79dc486b719dca1962d10987e4061d0d226a545bda67
phase3_audit_full_v1,exploratory,audit,audit_benchmark,adult_income,veto_mavs,specialist_failure,1.0,shadow,2,2,4884,4884,2,2e872b282541b10db68b5852cb9cef1a24352501c537a58da80033aa75048938
phase3_audit_full_v1,exploratory,audit,audit_benchmark,adult_income,pure_mavs_gc,specialist_failure,1.0,shadow,2,2,4884,4884,2,5d00310afe2676377b81dbdad6c6943aa33b3e8da1172a6eb7d6832d6160a64a
phase3_audit_full_v1,exploratory,audit,audit_benchmark,credit_card_fraud,single_model,feature_noise,0.0,audit,3,3,42720,0,3,7c04e4f02111b755f3335feb0d5d75404a6d7724c1bc8daa8821bbcb6d4b81a6
phase3_audit_full_v1,exploratory,audit,audit_benchmark,credit_card_fraud,mean_ensemble,feature_noise,0.0,audit,3,3,42720,0,3,810ccda87763c78f19dc2a51e01c7e9c3167aad2bb9e42fe0d0f00fbb300bf76
phase3_audit_full_v1,exploratory,audit,audit_benchmark,credit_card_fraud,static_weighted_ensemble,feature_noise,0.0,audit,3,3,42720,0,3,aabbce2e6909db63c5d15275dcb2d4bd28786319162df3544e62ad7a14b94f97
phase3_audit_full_v1,exploratory,audit,audit_benchmark,credit_card_fraud,veto_mavs,feature_noise,0.0,audit,3,3,42720,42720,3,a6a89edd0037740b2b81783e6bc16f962b4f4ca1076bd286aae328af6f401ac4
phase3_audit_full_v1,exploratory,audit,audit_benchmark,credit_card_fraud,pure_mavs_gc,feature_noise,0.0,audit,3,3,42720,42720,3,6e4a23ab11e9d71e29d2879dc7a0ca18f3672ed63251cb8703994a85264d6b47
phase3_audit_full_v1,exploratory,audit,audit_benchmark,credit_card_fraud,single_model,feature_noise,0.0,shadow,2,2,28480,0,2,9ab57ced09ee203c494b8a51c4aabc3f977b1e7a5e83a751a028fd79306ae79f
phase3_audit_full_v1,exploratory,audit,audit_benchmark,credit_card_fraud,mean_ensemble,feature_noise,0.0,shadow,2,2,28480,0,2,1c0652c2f7847afe56a97eaee89fd7e4d51e9cb337e9df6ed82ddc95ebdbd244
phase3_audit_full_v1,exploratory,audit,audit_benchmark,credit_card_fraud,static_weighted_ensemble,feature_noise,0.0,shadow,2,2,28480,0,2,90a3b4d669583d5d56929e63fdca95e58847f1054560e71fb9036750d1d2312f
phase3_audit_full_v1,exploratory,audit,audit_benchmark,credit_card_fraud,veto_mavs,feature_noise,0.0,shadow,2,2,28480,28480,2,8057541db3394698ef9975f84f23c0e4773e4f2bd7ddc9b1f83d9f1fdbbfa568
phase3_audit_full_v1,exploratory,audit,audit_benchmark,credit_card_fraud,pure_mavs_gc,feature_noise,0.0,shadow,2,2,28480,28480,2,2de0fd404342b5592d185ecc27d2b8d5193728c8a5189036fdfad65095d12368
phase3_audit_full_v1,exploratory,audit,audit_benchmark,credit_card_fraud,single_model,feature_noise,0.05,audit,3,3,42720,0,3,fd082864bdb1f0c86516d0628ae5f87eb47dfd8e552124b85b1593d01c3ed43c
phase3_audit_full_v1,exploratory,audit,audit_benchmark,credit_card_fraud,mean_ensemble,feature_noise,0.05,audit,3,3,42720,0,3,5b67ed9f50cfb85b9457d215a5168c8bffe48d25929b3678ed144e87ffe01946
phase3_audit_full_v1,exploratory,audit,audit_benchmark,credit_card_fraud,static_weighted_ensemble,feature_noise,0.05,audit,3,3,42720,0,3,d454a12828953b5bdb616041e6c76d799f75373188deb72a6a18a349ad0e14eb
phase3_audit_full_v1,exploratory,audit,audit_benchmark,credit_card_fraud,veto_mavs,feature_noise,0.05,audit,3,3,42720,42720,3,320e2aa25e7946e087d91e746df685ca6203939c1feafb7c7fac87ad98bf48ff
phase3_audit_full_v1,exploratory,audit,audit_benchmark,credit_card_fraud,pure_mavs_gc,feature_noise,0.05,audit,3,3,42720,42720,3,b4010041fee8e3c9b8e0164bc3013c91536f5190fe3bec5f4d8b515be1328e62
phase3_audit_full_v1,exploratory,audit,audit_benchmark,credit_card_fraud,single_model,feature_noise,0.05,shadow,2,2,28480,0,2,0ef828948277e217c352e69039278b8b68262fcd938efde19d32c8924615177f
phase3_audit_full_v1,exploratory,audit,audit_benchmark,credit_card_fraud,mean_ensemble,feature_noise,0.05,shadow,2,2,28480,0,2,ba21d75a986ac8815af59bf64c869bf417598d8214ab0ef802d1ebd90ecc5bb9
phase3_audit_full_v1,exploratory,audit,audit_benchmark,credit_card_fraud,static_weighted_ensemble,feature_noise,0.05,shadow,2,2,28480,0,2,1f21470a99be8f672af6f92a2a814afd16b46632f0409eaa82be2494faf657e5
phase3_audit_full_v1,exploratory,audit,audit_benchmark,credit_card_fraud,veto_mavs,feature_noise,0.05,shadow,2,2,28480,28480,2,6f3ca6166a0a15971625c32e4dc9e6f6cfba1223eda29411333883980c95391f
phase3_audit_full_v1,exploratory,audit,audit_benchmark,credit_card_fraud,pure_mavs_gc,feature_noise,0.05,shadow,2,2,28480,28480,2,3251ca29a4870db05b5e711934549bf88cabd35d123a8e81098c1dd1370bb2bc
phase3_audit_full_v1,exploratory,audit,audit_benchmark,credit_card_fraud,single_model,feature_noise,0.1,audit,3,3,42720,0,3,20e81f8769fc59db97ea66f41d1b28a0bd59a0a88a524ca6e36864f86dad403e
phase3_audit_full_v1,exploratory,audit,audit_benchmark,credit_card_fraud,mean_ensemble,feature_noise,0.1,audit,3,3,42720,0,3,f55ec244c01a86143c866ec0d7857e5bd087511bf2e329dc85f7283b266457fe
phase3_audit_full_v1,exploratory,audit,audit_benchmark,credit_card_fraud,static_weighted_ensemble,feature_noise,0.1,audit,3,3,42720,0,3,fa8e74c9d40ab4aad11cff01900a82759a45aac10051d7a34b433244fcf12713
phase3_audit_full_v1,exploratory,audit,audit_benchmark,credit_card_fraud,veto_mavs,feature_noise,0.1,audit,3,3,42720,42720,3,8b042898b41da387f380083375e5c3a85060c066be87a9de430c6fc369ba74fc
phase3_audit_full_v1,exploratory,audit,audit_benchmark,credit_card_fraud,pure_mavs_gc,feature_noise,0.1,audit,3,3,42720,42720,3,687f2060b0fd8d7c320ad8a4bf22b0be76cf4448984126bab269739d5f72e6bf
phase3_audit_full_v1,exploratory,audit,audit_benchmark,credit_card_fraud,single_model,feature_noise,0.1,shadow,2,2,28480,0,2,47a662fc5119bad0d0e661f9adc1eb83ed6f5e04290055ca1a7573ff20c2ca9c
phase3_audit_full_v1,exploratory,audit,audit_benchmark,credit_card_fraud,mean_ensemble,feature_noise,0.1,shadow,2,2,28480,0,2,3207d495086b3d7e0dee9784d38cade04ccfb3a4edad7133e9e11b485bc52488
phase3_audit_full_v1,exploratory,audit,audit_benchmark,credit_card_fraud,static_weighted_ensemble,feature_noise,0.1,shadow,2,2,28480,0,2,e3396021702a364d4795cddf53216b4f78f0a6e780193341f3c077d713301b6f
phase3_audit_full_v1,exploratory,audit,audit_benchmark,credit_card_fraud,veto_mavs,feature_noise,0.1,shadow,2,2,28480,28480,2,b506d5ffc300b2c4845191ba0d5ef263dc3938f5eca2cb100d918d3a2c024560
phase3_audit_full_v1,exploratory,audit,audit_benchmark,credit_card_fraud,pure_mavs_gc,feature_noise,0.1,shadow,2,2,28480,28480,2,6f17f6d725fa61c540886c5cfc7fcf0c5eda7ca69dea78aefa2ea14d7815974a
phase3_audit_full_v1,exploratory,audit,audit_benchmark,credit_card_fraud,single_model,feature_noise,0.2,audit,3,3,42720,0,3,fe30d19b98857ac0a90d2d92ba7685c5afa4c09b12f315c7024023ebb8f864b8
phase3_audit_full_v1,exploratory,audit,audit_benchmark,credit_card_fraud,mean_ensemble,feature_noise,0.2,audit,3,3,42720,0,3,6cb01e7fbb88f9e75feed494040ef064145b504f9d1e652b2de39eeb57ecd281
phase3_audit_full_v1,exploratory,audit,audit_benchmark,credit_card_fraud,static_weighted_ensemble,feature_noise,0.2,audit,3,3,42720,0,3,f458703061c416ecf7bbc635066272ba23079b896c6c2a4be211b777fc3884ba
phase3_audit_full_v1,exploratory,audit,audit_benchmark,credit_card_fraud,veto_mavs,feature_noise,0.2,audit,3,3,42720,42720,3,d748e97e3a3a39be2db5aa313ee798a9bee13fb54102059684de93399fb18f59
phase3_audit_full_v1,exploratory,audit,audit_benchmark,credit_card_fraud,pure_mavs_gc,feature_noise,0.2,audit,3,3,42720,42720,3,f60d5de8ce20e8d7e6f1152a5221ca9617ca956b62369af2d9368e9a72a46071
phase3_audit_full_v1,exploratory,audit,audit_benchmark,credit_card_fraud,single_model,feature_noise,0.2,shadow,2,2,28480,0,2,1c79d16d3ada4ef68a376fcf4b2e8e988697f8d0cf57a262bd7a8615f9a61238
phase3_audit_full_v1,exploratory,audit,audit_benchmark,credit_card_fraud,mean_ensemble,feature_noise,0.2,shadow,2,2,28480,0,2,8f794123b9e3605b65aaa4d150c451691a9c7baa159868fecd4fe38c86856ecf
phase3_audit_full_v1,exploratory,audit,audit_benchmark,credit_card_fraud,static_weighted_ensemble,feature_noise,0.2,shadow,2,2,28480,0,2,35fc490d09d143fc3d4b7ff3d890d091bbeb26ed4206b4f25fda622d4aaa3340
phase3_audit_full_v1,exploratory,audit,audit_benchmark,credit_card_fraud,veto_mavs,feature_noise,0.2,shadow,2,2,28480,28480,2,efab39ff5119821313d5b174e0cba03d5a7166f324feb0cd391f43ad40deb3e4
phase3_audit_full_v1,exploratory,audit,audit_benchmark,credit_card_fraud,pure_mavs_gc,feature_noise,0.2,shadow,2,2,28480,28480,2,a0f45c5ed3c5b7653be7b38600f1a5d90f02645afc2fea1b13491d5d1f2239c4
phase3_audit_full_v1,exploratory,audit,audit_benchmark,credit_card_fraud,single_model,feature_noise,0.4,audit,3,3,42720,0,3,7eeae35b0953dfec809df72d14bb112cf665fe0283403adbbc207ba6a2b6e974
phase3_audit_full_v1,exploratory,audit,audit_benchmark,credit_card_fraud,mean_ensemble,feature_noise,0.4,audit,3,3,42720,0,3,061b363be921780b3ed4e06a7298f1a949626cb08f39f0cc2ca25badcae20565
phase3_audit_full_v1,exploratory,audit,audit_benchmark,credit_card_fraud,static_weighted_ensemble,feature_noise,0.4,audit,3,3,42720,0,3,ede3e53c5f5e10c548dec075941972a21d8c9557b83195870d4b1456f001758a
phase3_audit_full_v1,exploratory,audit,audit_benchmark,credit_card_fraud,veto_mavs,feature_noise,0.4,audit,3,3,42720,42720,3,bc16f7d74e22d90a8708a9b72ed22a86339e3eb5523ab39f4fd95242e7fc8d76
phase3_audit_full_v1,exploratory,audit,audit_benchmark,credit_card_fraud,pure_mavs_gc,feature_noise,0.4,audit,3,3,42720,42720,3,5cd32af1272d48e992f0e2de7c6954031c7be7a5d152584df8f7d9284181db90
phase3_audit_full_v1,exploratory,audit,audit_benchmark,credit_card_fraud,single_model,feature_noise,0.4,shadow,2,2,28480,0,2,ad5a161453c6b16983d23d132a7d0973db6fbcc348858158ff9ccc893b71d572
phase3_audit_full_v1,exploratory,audit,audit_benchmark,credit_card_fraud,mean_ensemble,feature_noise,0.4,shadow,2,2,28480,0,2,13a97fc099296fe3e29bd8f83d753561faef68467bdddd7f80ade332c72a3d91
phase3_audit_full_v1,exploratory,audit,audit_benchmark,credit_card_fraud,static_weighted_ensemble,feature_noise,0.4,shadow,2,2,28480,0,2,111773d27c2414f5ea18eaf7d444b0a622ed89ec5784de36e4f23737e7ec2098
phase3_audit_full_v1,exploratory,audit,audit_benchmark,credit_card_fraud,veto_mavs,feature_noise,0.4,shadow,2,2,28480,28480,2,50912d03eb56ce1fdc5c11c91d46961a7ff23a126d5536a3eb85cf934f5750e8
phase3_audit_full_v1,exploratory,audit,audit_benchmark,credit_card_fraud,pure_mavs_gc,feature_noise,0.4,shadow,2,2,28480,28480,2,d2d2ac90ff4fb3becad9de00fef139ea6be0de767271678dbce29287f13a1cab
phase3_audit_full_v1,exploratory,audit,audit_benchmark,credit_card_fraud,single_model,feature_noise,0.6,audit,3,3,42720,0,3,45013f0e51ef15befc92a4e8226ef3ce7998c112b19fcb6e20289e20da66aee4
phase3_audit_full_v1,exploratory,audit,audit_benchmark,credit_card_fraud,mean_ensemble,feature_noise,0.6,audit,3,3,42720,0,3,0e4bc43684ac74928d9a7faefd8c142c7d08337cddb41dda5c863af2ee967b05
phase3_audit_full_v1,exploratory,audit,audit_benchmark,credit_card_fraud,static_weighted_ensemble,feature_noise,0.6,audit,3,3,42720,0,3,960789bb659bba61f2294eb0983558e2eca549a696e6008fcf8553400bcd57a0
phase3_audit_full_v1,exploratory,audit,audit_benchmark,credit_card_fraud,veto_mavs,feature_noise,0.6,audit,3,3,42720,42720,3,fa50ea47983bc24c2f392826d45a2a2a069d29678d9edbdbe4a2724c90287bc1
phase3_audit_full_v1,exploratory,audit,audit_benchmark,credit_card_fraud,pure_mavs_gc,feature_noise,0.6,audit,3,3,42720,42720,3,b49c1e3e68f3813c0a91e419bc117fd3831173f2f117726e73ae31dcb3f45d80
phase3_audit_full_v1,exploratory,audit,audit_benchmark,credit_card_fraud,single_model,feature_noise,0.6,shadow,2,2,28480,0,2,b95844fddcefc5a7daaa439774cd0764ed825d13a87bdf640587c18931af2c4e
phase3_audit_full_v1,exploratory,audit,audit_benchmark,credit_card_fraud,mean_ensemble,feature_noise,0.6,shadow,2,2,28480,0,2,399ddcf5ff52679e125fbef8070115769295c92a36ca77000b33e66849c0f493
phase3_audit_full_v1,exploratory,audit,audit_benchmark,credit_card_fraud,static_weighted_ensemble,feature_noise,0.6,shadow,2,2,28480,0,2,073b93e97c4def9bd23311345bc526b68339e66341cc2eca76895dee6b6a54dc
phase3_audit_full_v1,exploratory,audit,audit_benchmark,credit_card_fraud,veto_mavs,feature_noise,0.6,shadow,2,2,28480,28480,2,963ff44601678bf722b1ebf9ddee92da237dedbd826f9a99564f1438fcaf8112
phase3_audit_full_v1,exploratory,audit,audit_benchmark,credit_card_fraud,pure_mavs_gc,feature_noise,0.6,shadow,2,2,28480,28480,2,ad5cba445deeb3486a7b27a448c59a1b11e9256fbafdb7546cd930b25e6860a3
phase3_audit_full_v1,exploratory,audit,audit_benchmark,credit_card_fraud,single_model,feature_noise,0.8,audit,3,3,42720,0,3,c9725826a2a7bfdc1f6e668c5702b8ef62b67a5a9112b8390f39c07060e6cc69
phase3_audit_full_v1,exploratory,audit,audit_benchmark,credit_card_fraud,mean_ensemble,feature_noise,0.8,audit,3,3,42720,0,3,d9414b84b439edfb223f11181bdd969599ae907828aea9555a07600d45341743
phase3_audit_full_v1,exploratory,audit,audit_benchmark,credit_card_fraud,static_weighted_ensemble,feature_noise,0.8,audit,3,3,42720,0,3,3426df177bb4f33c3db3d6bc271688fc93f5189b22a60b05a23fd4b2595315d1
phase3_audit_full_v1,exploratory,audit,audit_benchmark,credit_card_fraud,veto_mavs,feature_noise,0.8,audit,3,3,42720,42720,3,38c1755041551f341551574621b5c734c82da21b6793e517f920a9d4bffef06a
phase3_audit_full_v1,exploratory,audit,audit_benchmark,credit_card_fraud,pure_mavs_gc,feature_noise,0.8,audit,3,3,42720,42720,3,727c9c8955341246182b2afa44e70d904ca1b6c6c1d39ff445b8170749ee165d
phase3_audit_full_v1,exploratory,audit,audit_benchmark,credit_card_fraud,single_model,feature_noise,0.8,shadow,2,2,28480,0,2,314bba1a396a032e5ace57c4c2387fab8af2f7dc6225bcc0b997343c97e93b04
phase3_audit_full_v1,exploratory,audit,audit_benchmark,credit_card_fraud,mean_ensemble,feature_noise,0.8,shadow,2,2,28480,0,2,265831eca70950053224fafe925c9ce5e6ec547fa64a01ebf134a59e1e4cc2f7
phase3_audit_full_v1,exploratory,audit,audit_benchmark,credit_card_fraud,static_weighted_ensemble,feature_noise,0.8,shadow,2,2,28480,0,2,abdea2896dca7b6c8ea882ccea1d7f4fabf3c1d45a56c599816b21e13a5179b6
phase3_audit_full_v1,exploratory,audit,audit_benchmark,credit_card_fraud,veto_mavs,feature_noise,0.8,shadow,2,2,28480,28480,2,12f4a752b203a069202276eb0fd1ae3e6cec47b581919c5231a81edfb93472ff
phase3_audit_full_v1,exploratory,audit,audit_benchmark,credit_card_fraud,pure_mavs_gc,feature_noise,0.8,shadow,2,2,28480,28480,2,fbf956fb57f373e9861757fa36252c65a2be5d13764e4c944c239cd0cbb6299d
phase3_audit_full_v1,exploratory,audit,audit_benchmark,credit_card_fraud,single_model,feature_noise,1.0,audit,3,3,42720,0,3,2cbb07d59e2cf7ec6558bffcc51e243a7001f08d516201941c607b53d15170cf
phase3_audit_full_v1,exploratory,audit,audit_benchmark,credit_card_fraud,mean_ensemble,feature_noise,1.0,audit,3,3,42720,0,3,967322b682c8e640e810a3207f5c416102042d138a5342f14e23aaf803efe9d6
phase3_audit_full_v1,exploratory,audit,audit_benchmark,credit_card_fraud,static_weighted_ensemble,feature_noise,1.0,audit,3,3,42720,0,3,086bf653e5f6938a89d7c89fc6a1849f9533ba5606793a03ae6976d18678a7e5
phase3_audit_full_v1,exploratory,audit,audit_benchmark,credit_card_fraud,veto_mavs,feature_noise,1.0,audit,3,3,42720,42720,3,9f32530772f7eb3208fdad3147f2e43579c3b9ebae680fdbe5d1d7468efcbd19
phase3_audit_full_v1,exploratory,audit,audit_benchmark,credit_card_fraud,pure_mavs_gc,feature_noise,1.0,audit,3,3,42720,42720,3,fff314670efa44ee2fcb7e3a14cb164ec55ccb4f0e900fa00c3a885acd04b683
phase3_audit_full_v1,exploratory,audit,audit_benchmark,credit_card_fraud,single_model,feature_noise,1.0,shadow,2,2,28480,0,2,7bfb0ebf122495c2bbe96802f7c94458be365bf43effbb2468ae86836dbef796
phase3_audit_full_v1,exploratory,audit,audit_benchmark,credit_card_fraud,mean_ensemble,feature_noise,1.0,shadow,2,2,28480,0,2,b868cf10483eb01cce250a21fddc20bdc0813a37c9565c02b5fa62c6f424008b
phase3_audit_full_v1,exploratory,audit,audit_benchmark,credit_card_fraud,static_weighted_ensemble,feature_noise,1.0,shadow,2,2,28480,0,2,58aca887e60b03d4f38ba173c709fb49fe29d4e591ba10edcbc4a9572041621c
phase3_audit_full_v1,exploratory,audit,audit_benchmark,credit_card_fraud,veto_mavs,feature_noise,1.0,shadow,2,2,28480,28480,2,f83369faa123a36671a508fb92a711d6edbf5482eecf7237ca5ca419774f791a
phase3_audit_full_v1,exploratory,audit,audit_benchmark,credit_card_fraud,pure_mavs_gc,feature_noise,1.0,shadow,2,2,28480,28480,2,1c7b9eb060ef938c2e1ab1ea8f56e6d12b60b076a1a43d7145a0f940ef113fde
phase3_audit_full_v1,exploratory,audit,audit_benchmark,credit_card_fraud,single_model,missing_features,0.0,audit,3,3,42720,0,3,011bc66efbf6dbd29cc6ffc28416b832254d223c092b5b100eb42e7166cdf150
phase3_audit_full_v1,exploratory,audit,audit_benchmark,credit_card_fraud,mean_ensemble,missing_features,0.0,audit,3,3,42720,0,3,ec51423229772768045bc55e5657ccb5a2de240aa3cd8aa29af6e8a989427541
phase3_audit_full_v1,exploratory,audit,audit_benchmark,credit_card_fraud,static_weighted_ensemble,missing_features,0.0,audit,3,3,42720,0,3,d7ff2aa6a743eafe7f4d07055eb4ac2043179761a7d0f541e7e5a67d2dcd1110
phase3_audit_full_v1,exploratory,audit,audit_benchmark,credit_card_fraud,veto_mavs,missing_features,0.0,audit,3,3,42720,42720,3,5007699da6a6582c895d4243a729e35ae620469762dce0ea8878f28467305685
phase3_audit_full_v1,exploratory,audit,audit_benchmark,credit_card_fraud,pure_mavs_gc,missing_features,0.0,audit,3,3,42720,42720,3,9c4cd865c93b689c5627b36f339fa065ed6cb645f456e444004d2b8c9c4dc599
phase3_audit_full_v1,exploratory,audit,audit_benchmark,credit_card_fraud,single_model,missing_features,0.0,shadow,2,2,28480,0,2,b7d681bc94fdedebb2660066bccb956c92882507d4cd67bc4ae0da9a28e9a17d
phase3_audit_full_v1,exploratory,audit,audit_benchmark,credit_card_fraud,mean_ensemble,missing_features,0.0,shadow,2,2,28480,0,2,1fd0814bea97550a93580aef4ed0a9efcfcd9c440456d078f93ee9e345ee30fe
phase3_audit_full_v1,exploratory,audit,audit_benchmark,credit_card_fraud,static_weighted_ensemble,missing_features,0.0,shadow,2,2,28480,0,2,5b067edf5d2d1a140387fea99bc1c711e18f40c87ff014b97ff1a7daad4dbc16
phase3_audit_full_v1,exploratory,audit,audit_benchmark,credit_card_fraud,veto_mavs,missing_features,0.0,shadow,2,2,28480,28480,2,877c5db2ef01ac7e88bae84876de926882d5386678e9702876ad04fc5ae30c1d
phase3_audit_full_v1,exploratory,audit,audit_benchmark,credit_card_fraud,pure_mavs_gc,missing_features,0.0,shadow,2,2,28480,28480,2,c93a969c145528fbaebe134e8dcb08bd8f0d1b9049095050c90a6d9b2b367198
phase3_audit_full_v1,exploratory,audit,audit_benchmark,credit_card_fraud,single_model,missing_features,0.05,audit,3,3,42720,0,3,7e8ac4242ef0800a5324df77abd451311ff1ea578feb54696c0d0b6fab8191fe
phase3_audit_full_v1,exploratory,audit,audit_benchmark,credit_card_fraud,mean_ensemble,missing_features,0.05,audit,3,3,42720,0,3,5b2cc4e2344ae251bd372d1ab8f3e4b470566c73ee543ca1c6f32267d4461dc3
phase3_audit_full_v1,exploratory,audit,audit_benchmark,credit_card_fraud,static_weighted_ensemble,missing_features,0.05,audit,3,3,42720,0,3,1e2e4b19f08216065fa3ad10cf9fdd145e6c3bc6701ec3799411672cf5a23cd0
phase3_audit_full_v1,exploratory,audit,audit_benchmark,credit_card_fraud,veto_mavs,missing_features,0.05,audit,3,3,42720,42720,3,e77c235143920e67cfe58fe583149f282ebd826128c176a75b9ffcf4c814f904
phase3_audit_full_v1,exploratory,audit,audit_benchmark,credit_card_fraud,pure_mavs_gc,missing_features,0.05,audit,3,3,42720,42720,3,59f9c080bf5ddd9abfbd0fae23a2c1a6c09e774eb791c8cd6373bc625428bc95
phase3_audit_full_v1,exploratory,audit,audit_benchmark,credit_card_fraud,single_model,missing_features,0.05,shadow,2,2,28480,0,2,4a4ea54acd5c0842eede40b56699da9c124786979e6c3f5479acbc47228c8e5b
phase3_audit_full_v1,exploratory,audit,audit_benchmark,credit_card_fraud,mean_ensemble,missing_features,0.05,shadow,2,2,28480,0,2,89bcb38479ff2abad8d4a8b1dc282a8bdf474f69b7b588b3ba56cc67a58a9e7a
phase3_audit_full_v1,exploratory,audit,audit_benchmark,credit_card_fraud,static_weighted_ensemble,missing_features,0.05,shadow,2,2,28480,0,2,6aa0828942096ffd9c2fd82c140d536a2ce60e4e332790f8a6fe4869290e568f
phase3_audit_full_v1,exploratory,audit,audit_benchmark,credit_card_fraud,veto_mavs,missing_features,0.05,shadow,2,2,28480,28480,2,3c873909dbb543849d9be32c74cb67d2038a02e2e3c9b13f2eef175b13cb7702
phase3_audit_full_v1,exploratory,audit,audit_benchmark,credit_card_fraud,pure_mavs_gc,missing_features,0.05,shadow,2,2,28480,28480,2,021f6312fcdd6ec60d29010bbfe7d92cb07fe7c08c344152657ad85cbaf2ec1f
phase3_audit_full_v1,exploratory,audit,audit_benchmark,credit_card_fraud,single_model,missing_features,0.1,audit,3,3,42720,0,3,1a2e918fe733968de80ad3b263a15e0f399bb6b5581beca59b81fc9a79031ad1
phase3_audit_full_v1,exploratory,audit,audit_benchmark,credit_card_fraud,mean_ensemble,missing_features,0.1,audit,3,3,42720,0,3,0d20d86fc3127d809f19db3a48145fb4f6532c58c1e884b9016443256b0038c9
phase3_audit_full_v1,exploratory,audit,audit_benchmark,credit_card_fraud,static_weighted_ensemble,missing_features,0.1,audit,3,3,42720,0,3,051f4aba0d2f779a7678ff489b475cccfec2e6dd221e4ec99eed43bc8e886536
phase3_audit_full_v1,exploratory,audit,audit_benchmark,credit_card_fraud,veto_mavs,missing_features,0.1,audit,3,3,42720,42720,3,06c84f1ca6e377795becff6801c8889e77b987c5a077d2910c3aac8aba0ed3fa
phase3_audit_full_v1,exploratory,audit,audit_benchmark,credit_card_fraud,pure_mavs_gc,missing_features,0.1,audit,3,3,42720,42720,3,9a348a891dfee87b1d017b6a238a50c5bc2e1c00102060a0bbb1cb25cacff642
phase3_audit_full_v1,exploratory,audit,audit_benchmark,credit_card_fraud,single_model,missing_features,0.1,shadow,2,2,28480,0,2,22b24a81bcd91fb9e9a1bd12c0eafe9d7ce13ce177e48cc10fb7424333144b68
phase3_audit_full_v1,exploratory,audit,audit_benchmark,credit_card_fraud,mean_ensemble,missing_features,0.1,shadow,2,2,28480,0,2,9069faeee8e0e24e85a33e6eef3250de4bf8f4d551e05d84f8d37c5822bea351
phase3_audit_full_v1,exploratory,audit,audit_benchmark,credit_card_fraud,static_weighted_ensemble,missing_features,0.1,shadow,2,2,28480,0,2,5e5a357cfab5603ac0b74145bd07e8c5fe7b779fa1da3e282c648a8fbde54fab
phase3_audit_full_v1,exploratory,audit,audit_benchmark,credit_card_fraud,veto_mavs,missing_features,0.1,shadow,2,2,28480,28480,2,c1a159e60a8c470c2eacb730f3f4b1cfc03cdeac6b911cf762ef5fd4ab0de797
phase3_audit_full_v1,exploratory,audit,audit_benchmark,credit_card_fraud,pure_mavs_gc,missing_features,0.1,shadow,2,2,28480,28480,2,307b9f8e589ac550a02b6f1867d7248c8283e7e27f61ab60a531fab9d27b10cb
phase3_audit_full_v1,exploratory,audit,audit_benchmark,credit_card_fraud,single_model,missing_features,0.2,audit,3,3,42720,0,3,138460ed215e14147a028e46dac9842349d4586cc4003f311813c064dd770074
phase3_audit_full_v1,exploratory,audit,audit_benchmark,credit_card_fraud,mean_ensemble,missing_features,0.2,audit,3,3,42720,0,3,d9d62c07bc16ef469011e7a681855e59a7bb2b577c56a90513a93b2efb98917f
phase3_audit_full_v1,exploratory,audit,audit_benchmark,credit_card_fraud,static_weighted_ensemble,missing_features,0.2,audit,3,3,42720,0,3,367905482372a48be1dae1fa525b39dcc209530c080625185f66832927d72cbd
phase3_audit_full_v1,exploratory,audit,audit_benchmark,credit_card_fraud,veto_mavs,missing_features,0.2,audit,3,3,42720,42720,3,63a29ca63eb2bcac8cd9556cdbbc45015952be4740b6d7ed0386d0257f52ae21
phase3_audit_full_v1,exploratory,audit,audit_benchmark,credit_card_fraud,pure_mavs_gc,missing_features,0.2,audit,3,3,42720,42720,3,417b404932c706eb7bb92bbb688a0e0d1527f635d318ae5f902c648a99a28f57
phase3_audit_full_v1,exploratory,audit,audit_benchmark,credit_card_fraud,single_model,missing_features,0.2,shadow,2,2,28480,0,2,6b8e088f3fb60338d2f39025a9ef6895850dabf153370efa3b005741ceae848d
phase3_audit_full_v1,exploratory,audit,audit_benchmark,credit_card_fraud,mean_ensemble,missing_features,0.2,shadow,2,2,28480,0,2,4aaadb0794b46ce030ede4f6d9f4d00e34fcebcafa248c11e6ed68e6f91c7954
phase3_audit_full_v1,exploratory,audit,audit_benchmark,credit_card_fraud,static_weighted_ensemble,missing_features,0.2,shadow,2,2,28480,0,2,8d02a4f91dedec9c35a70c56f08b0216d48a16c70274c140598f655c52e67653
phase3_audit_full_v1,exploratory,audit,audit_benchmark,credit_card_fraud,veto_mavs,missing_features,0.2,shadow,2,2,28480,28480,2,9946081a0bfa735be597cea97768737875390c38878b7778d23a69e83fe758f2
phase3_audit_full_v1,exploratory,audit,audit_benchmark,credit_card_fraud,pure_mavs_gc,missing_features,0.2,shadow,2,2,28480,28480,2,68b4a7d87594ce22d7f53c02ea3adc5e46252327598b33d6abe0e530be45b20b
phase3_audit_full_v1,exploratory,audit,audit_benchmark,credit_card_fraud,single_model,missing_features,0.4,audit,3,3,42720,0,3,6d5f5cd2ec232dcfa0179fd37e8db124ee5dd66f0ec61bccdf9f3e530b68876b
phase3_audit_full_v1,exploratory,audit,audit_benchmark,credit_card_fraud,mean_ensemble,missing_features,0.4,audit,3,3,42720,0,3,3c084f64c5d8fdeca7c12328472bf0f6c46a3e83001212b3e6b2e3162587aac0
phase3_audit_full_v1,exploratory,audit,audit_benchmark,credit_card_fraud,static_weighted_ensemble,missing_features,0.4,audit,3,3,42720,0,3,3884339025eb4c165fc5a0a49fa37d3e2324c3695f9eef45ce15c1e7d2cd171b
phase3_audit_full_v1,exploratory,audit,audit_benchmark,credit_card_fraud,veto_mavs,missing_features,0.4,audit,3,3,42720,42720,3,a4550b7aeac0dea08ff3f7e846de5390baacaadc5291398a0d870db251d15ea1
phase3_audit_full_v1,exploratory,audit,audit_benchmark,credit_card_fraud,pure_mavs_gc,missing_features,0.4,audit,3,3,42720,42720,3,5e6f225be133a727db1e4122d66ad4ef0dfbdd8a786195af2dbbcdb03d8c4da7
phase3_audit_full_v1,exploratory,audit,audit_benchmark,credit_card_fraud,single_model,missing_features,0.4,shadow,2,2,28480,0,2,db8978697a360a79867e6288bfd2a346dcf2d4963927de03778836053c99ff64
phase3_audit_full_v1,exploratory,audit,audit_benchmark,credit_card_fraud,mean_ensemble,missing_features,0.4,shadow,2,2,28480,0,2,aec4133df7af6e93c329a1f044fba0b809a6a931d93f4a2669d36f9b8f0af33d
phase3_audit_full_v1,exploratory,audit,audit_benchmark,credit_card_fraud,static_weighted_ensemble,missing_features,0.4,shadow,2,2,28480,0,2,d572d88c91cd148a8f063e55c772ba7693f704ef0f9fa63b46d52136c7c6605a
phase3_audit_full_v1,exploratory,audit,audit_benchmark,credit_card_fraud,veto_mavs,missing_features,0.4,shadow,2,2,28480,28480,2,4eecdc6948c60201ce2a2b16a5688f68a032231026cb6f6ab8d82d2e01b0809e
phase3_audit_full_v1,exploratory,audit,audit_benchmark,credit_card_fraud,pure_mavs_gc,missing_features,0.4,shadow,2,2,28480,28480,2,3bc4eb726bd035ee39b16ca1f43af43db06b4f68f6eee5ea9bd9e39e61e50cea
phase3_audit_full_v1,exploratory,audit,audit_benchmark,credit_card_fraud,single_model,missing_features,0.6,audit,3,3,42720,0,3,5e7a15ea8409f2c7ca4afb39939d26b323316f663e7d2a150767052ffdf73ed4
phase3_audit_full_v1,exploratory,audit,audit_benchmark,credit_card_fraud,mean_ensemble,missing_features,0.6,audit,3,3,42720,0,3,0c306cdef893ee584700016c3b242275c47517262f193a835d239359963278d8
phase3_audit_full_v1,exploratory,audit,audit_benchmark,credit_card_fraud,static_weighted_ensemble,missing_features,0.6,audit,3,3,42720,0,3,d452e32482b64f9b9bc95cd4d8bea010f8c0ed76cef3060f71ab1c628c29f4cd
phase3_audit_full_v1,exploratory,audit,audit_benchmark,credit_card_fraud,veto_mavs,missing_features,0.6,audit,3,3,42720,42720,3,81694f8a16519c18ad20fc8dbd7663bc5bac9344932a04a4d030d8a8a1e56426
phase3_audit_full_v1,exploratory,audit,audit_benchmark,credit_card_fraud,pure_mavs_gc,missing_features,0.6,audit,3,3,42720,42720,3,acf4bb6af287c5cf3a9a31a156bb22418d93d4a57d18153c39594a91f69ea26d
phase3_audit_full_v1,exploratory,audit,audit_benchmark,credit_card_fraud,single_model,missing_features,0.6,shadow,2,2,28480,0,2,602eea3e1efffe1674dcee00aa1018846f7a80333e22e07c629c472ca3c79751
phase3_audit_full_v1,exploratory,audit,audit_benchmark,credit_card_fraud,mean_ensemble,missing_features,0.6,shadow,2,2,28480,0,2,86a99e68a7df139282bf92c905e7679533db6cd0b90f2e633409ef80f08ea3b7
phase3_audit_full_v1,exploratory,audit,audit_benchmark,credit_card_fraud,static_weighted_ensemble,missing_features,0.6,shadow,2,2,28480,0,2,f1e9d403bb238d31efa5c73158696217a422ec978147d191cc332373345018a9
phase3_audit_full_v1,exploratory,audit,audit_benchmark,credit_card_fraud,veto_mavs,missing_features,0.6,shadow,2,2,28480,28480,2,718c2569deeeb10cf3e3031a946068ae8a47f60202c7d8b8ee0a9d90abc1e2f6
phase3_audit_full_v1,exploratory,audit,audit_benchmark,credit_card_fraud,pure_mavs_gc,missing_features,0.6,shadow,2,2,28480,28480,2,b6247c3f957d996f900d65932f2b4292f8050915f0c0eff0446c0439d97e80d0
phase3_audit_full_v1,exploratory,audit,audit_benchmark,credit_card_fraud,single_model,missing_features,0.8,audit,3,3,42720,0,3,6a1ba34169e3eb751fd57942acb742a0d318cdbcc185892f0ee8e1d7c0163021
phase3_audit_full_v1,exploratory,audit,audit_benchmark,credit_card_fraud,mean_ensemble,missing_features,0.8,audit,3,3,42720,0,3,04b917aaa1939a74e3c39f09f9b0e7cff3b5b98cb06469c7d7deba166a6dcb9b
phase3_audit_full_v1,exploratory,audit,audit_benchmark,credit_card_fraud,static_weighted_ensemble,missing_features,0.8,audit,3,3,42720,0,3,9f084f59295ed0999004c2a722581449890a3805f56e42e28e0a35213ccbc589
phase3_audit_full_v1,exploratory,audit,audit_benchmark,credit_card_fraud,veto_mavs,missing_features,0.8,audit,3,3,42720,42720,3,e49d495a564f92997a176891321a6fdd285f0272f1820da4c3c67a34fc1c0398
phase3_audit_full_v1,exploratory,audit,audit_benchmark,credit_card_fraud,pure_mavs_gc,missing_features,0.8,audit,3,3,42720,42720,3,e3403f0b8dcd3fe4f19124cc2b4fc1cac21ceecc9b7af0c9b1a2e4f99cc1f7c8
phase3_audit_full_v1,exploratory,audit,audit_benchmark,credit_card_fraud,single_model,missing_features,0.8,shadow,2,2,28480,0,2,75506789dead564b260049cbb1e94c4bcff9684cea10512fea1a6419b1a400d6
phase3_audit_full_v1,exploratory,audit,audit_benchmark,credit_card_fraud,mean_ensemble,missing_features,0.8,shadow,2,2,28480,0,2,6f63d00c96cc5579cf86f4cd82702113e8c82c8a037bdddea5bf71d2403f5cff
phase3_audit_full_v1,exploratory,audit,audit_benchmark,credit_card_fraud,static_weighted_ensemble,missing_features,0.8,shadow,2,2,28480,0,2,9ba1226b3c307afb64831793526e363ffe30f798ad7535e6a10c73ccc5a373d4
phase3_audit_full_v1,exploratory,audit,audit_benchmark,credit_card_fraud,veto_mavs,missing_features,0.8,shadow,2,2,28480,28480,2,ec313d83a9723acbfe77204994f3a3809a01d956738553b6ed97e30c99327e0a
phase3_audit_full_v1,exploratory,audit,audit_benchmark,credit_card_fraud,pure_mavs_gc,missing_features,0.8,shadow,2,2,28480,28480,2,623d701f3fe2f8c5495742d8663bcb9d3d86558636af19a258c8a844866d2398
phase3_audit_full_v1,exploratory,audit,audit_benchmark,credit_card_fraud,single_model,missing_features,1.0,audit,3,3,42720,0,3,a4af561c36af30637b2f279ca3c9cf911927d182594d286d7687661783ba3f67
phase3_audit_full_v1,exploratory,audit,audit_benchmark,credit_card_fraud,mean_ensemble,missing_features,1.0,audit,3,3,42720,0,3,d22351d4f721ca958e2c9e6d019cd69e52f77ea2e37a0c056f36f21e5509df96
phase3_audit_full_v1,exploratory,audit,audit_benchmark,credit_card_fraud,static_weighted_ensemble,missing_features,1.0,audit,3,3,42720,0,3,23500191c9b275f3243ba612a1589fa9826490c4acc442f3581153796d29e735
phase3_audit_full_v1,exploratory,audit,audit_benchmark,credit_card_fraud,veto_mavs,missing_features,1.0,audit,3,3,42720,42720,3,171b469744883a51545839e496a9a636d4d80668e57dfbceed61aba90e0120f2
phase3_audit_full_v1,exploratory,audit,audit_benchmark,credit_card_fraud,pure_mavs_gc,missing_features,1.0,audit,3,3,42720,42720,3,53423484a1482690c586c035615b593580e921eaf10a43f32e07b2253770bd27
phase3_audit_full_v1,exploratory,audit,audit_benchmark,credit_card_fraud,single_model,missing_features,1.0,shadow,2,2,28480,0,2,0d5d011bfa30a281f909670363569cd75140eb45679e194938b533d1d2fa1195
phase3_audit_full_v1,exploratory,audit,audit_benchmark,credit_card_fraud,mean_ensemble,missing_features,1.0,shadow,2,2,28480,0,2,bf35a54b537d312854f646e601cbcf1a72e98a922f00a5a7f192fb0baf7aa908
phase3_audit_full_v1,exploratory,audit,audit_benchmark,credit_card_fraud,static_weighted_ensemble,missing_features,1.0,shadow,2,2,28480,0,2,417498bfd00bd1090a7e6743095cc2b6576bd4a838b36745f39efd8b01967707
phase3_audit_full_v1,exploratory,audit,audit_benchmark,credit_card_fraud,veto_mavs,missing_features,1.0,shadow,2,2,28480,28480,2,c4f510627767d6b9cf7ddd914cc37ce37f6dfa7846049976255bd9cc4beda0ab
phase3_audit_full_v1,exploratory,audit,audit_benchmark,credit_card_fraud,pure_mavs_gc,missing_features,1.0,shadow,2,2,28480,28480,2,8a4d5b3a06a04b4d4911e6ce74ab84da534f44da970f017fb000784e841d4313
phase3_audit_full_v1,exploratory,audit,audit_benchmark,credit_card_fraud,single_model,random_feature_deletion,0.0,audit,3,3,42720,0,3,49b70b4c636d2500fb1a2b36c3e4a82b7bf39bd49ded1cb78deca9a228a9d9d1
phase3_audit_full_v1,exploratory,audit,audit_benchmark,credit_card_fraud,mean_ensemble,random_feature_deletion,0.0,audit,3,3,42720,0,3,be6f67c884647f163088671eab55e8d0239f15f085b3f328110c9591d284b6ae
phase3_audit_full_v1,exploratory,audit,audit_benchmark,credit_card_fraud,static_weighted_ensemble,random_feature_deletion,0.0,audit,3,3,42720,0,3,4119a999754c1b9d230bf8c28f903032148dd718a4967f6cece7d0d26d010610
phase3_audit_full_v1,exploratory,audit,audit_benchmark,credit_card_fraud,veto_mavs,random_feature_deletion,0.0,audit,3,3,42720,42720,3,2cf438c3d504615ea345ed159b865467d9d92da05a4478fe0246dad2d88fe492
phase3_audit_full_v1,exploratory,audit,audit_benchmark,credit_card_fraud,pure_mavs_gc,random_feature_deletion,0.0,audit,3,3,42720,42720,3,7b9ecac3860e48591b5f6c2c7f55f12046db69f5114ad1e15c52294c10089764
phase3_audit_full_v1,exploratory,audit,audit_benchmark,credit_card_fraud,single_model,random_feature_deletion,0.0,shadow,2,2,28480,0,2,298873d0706f43733ba7147fc0398b6ae7aa08c714f9b31002cbcfe7e6eb1226
phase3_audit_full_v1,exploratory,audit,audit_benchmark,credit_card_fraud,mean_ensemble,random_feature_deletion,0.0,shadow,2,2,28480,0,2,0641744409950b7f7fef107420f3261a7be0c0d5c3dc749dfc7050ad655827a0
phase3_audit_full_v1,exploratory,audit,audit_benchmark,credit_card_fraud,static_weighted_ensemble,random_feature_deletion,0.0,shadow,2,2,28480,0,2,19ce814a6d216701db1010d7d8aabcad8da2f80761dce1f7da2724fe3e360556
phase3_audit_full_v1,exploratory,audit,audit_benchmark,credit_card_fraud,veto_mavs,random_feature_deletion,0.0,shadow,2,2,28480,28480,2,204f6bd21551fd61b76c31d63b9b72c36efadc8fbdaacafdc279ec5c8c2a77a3
phase3_audit_full_v1,exploratory,audit,audit_benchmark,credit_card_fraud,pure_mavs_gc,random_feature_deletion,0.0,shadow,2,2,28480,28480,2,a19446593cb507c010f84b7ebb97d73cf808666feea6f92fa49f04f106a72855
phase3_audit_full_v1,exploratory,audit,audit_benchmark,credit_card_fraud,single_model,random_feature_deletion,0.05,audit,3,3,42720,0,3,7d165e90ffb24cfcbed8caecd8d86c5628675e36b749c9fcd05b4e737a18a09a
phase3_audit_full_v1,exploratory,audit,audit_benchmark,credit_card_fraud,mean_ensemble,random_feature_deletion,0.05,audit,3,3,42720,0,3,9b8dc7d8edcdfa6c34aed2d46e9672614337c4633019f0195d8a08bfb5dcb023
phase3_audit_full_v1,exploratory,audit,audit_benchmark,credit_card_fraud,static_weighted_ensemble,random_feature_deletion,0.05,audit,3,3,42720,0,3,2fedb0ea99aa29483e6ccde67812acd4ea8533f9a497b660fe9fc1ce4ea92ac9
phase3_audit_full_v1,exploratory,audit,audit_benchmark,credit_card_fraud,veto_mavs,random_feature_deletion,0.05,audit,3,3,42720,42720,3,6b446656fc2a5f61abccf5b63bf3c96ea9d9197f7fb60dc15ac56af77b1f74b2
phase3_audit_full_v1,exploratory,audit,audit_benchmark,credit_card_fraud,pure_mavs_gc,random_feature_deletion,0.05,audit,3,3,42720,42720,3,1cd182c303b2c19ddc053d8e76e516cf646060a27472b7e336c7066728c8f18e
phase3_audit_full_v1,exploratory,audit,audit_benchmark,credit_card_fraud,single_model,random_feature_deletion,0.05,shadow,2,2,28480,0,2,631bb7ab4eb44470cb1609d5b4a121eaba38f9ec504f83acf87586c4b669f341
phase3_audit_full_v1,exploratory,audit,audit_benchmark,credit_card_fraud,mean_ensemble,random_feature_deletion,0.05,shadow,2,2,28480,0,2,37959e6037bd0f0328efd0f88fd642441eff51fc7477b23500b2732975efb16d
phase3_audit_full_v1,exploratory,audit,audit_benchmark,credit_card_fraud,static_weighted_ensemble,random_feature_deletion,0.05,shadow,2,2,28480,0,2,037b97bb3dc36c88534017b0f88309c7512a58e6576f083ce4812a1260155721
phase3_audit_full_v1,exploratory,audit,audit_benchmark,credit_card_fraud,veto_mavs,random_feature_deletion,0.05,shadow,2,2,28480,28480,2,178b107d90fc95079b132c8ccece4374bd841cb79c92335fa074dd813be80060
phase3_audit_full_v1,exploratory,audit,audit_benchmark,credit_card_fraud,pure_mavs_gc,random_feature_deletion,0.05,shadow,2,2,28480,28480,2,1d16088e47df33e6d5286e4db9dd61d6df3c02dd8a3715570d8922decb3e7fc9
phase3_audit_full_v1,exploratory,audit,audit_benchmark,credit_card_fraud,single_model,random_feature_deletion,0.1,audit,3,3,42720,0,3,0cdd5f7c9dd7393284b898851aa3dbe5514081296b5156c30dd54a5f3e2963e2
phase3_audit_full_v1,exploratory,audit,audit_benchmark,credit_card_fraud,mean_ensemble,random_feature_deletion,0.1,audit,3,3,42720,0,3,1869a778c1b988c6cbfcc756705d92bd69a90bca057b1b9b8a16a71a714c8cae
phase3_audit_full_v1,exploratory,audit,audit_benchmark,credit_card_fraud,static_weighted_ensemble,random_feature_deletion,0.1,audit,3,3,42720,0,3,88f11891b9bd9b2b1ca49bc6b6e9c4204b47fefac341b6e7a06005c80f5c1409
phase3_audit_full_v1,exploratory,audit,audit_benchmark,credit_card_fraud,veto_mavs,random_feature_deletion,0.1,audit,3,3,42720,42720,3,5970f706c040d59043a531983eb92a5a36297beacdfa811ba8d84649d9cd9aa9
phase3_audit_full_v1,exploratory,audit,audit_benchmark,credit_card_fraud,pure_mavs_gc,random_feature_deletion,0.1,audit,3,3,42720,42720,3,2ac4a650dabe1a6d24fe16d313e598977891a54439af706b7b1d55e6996a942b
phase3_audit_full_v1,exploratory,audit,audit_benchmark,credit_card_fraud,single_model,random_feature_deletion,0.1,shadow,2,2,28480,0,2,1dee71653ab537815f6d4bb9cd44388a5c7294a65d140693923a2242ad77cf53
phase3_audit_full_v1,exploratory,audit,audit_benchmark,credit_card_fraud,mean_ensemble,random_feature_deletion,0.1,shadow,2,2,28480,0,2,6c69b733113a4bfded763b26c709f5917218fb1ff5e9125464910c389b2cb767
phase3_audit_full_v1,exploratory,audit,audit_benchmark,credit_card_fraud,static_weighted_ensemble,random_feature_deletion,0.1,shadow,2,2,28480,0,2,a6350ded0d80be9be415d6ab07ee9babf0c1f19a3380dde97e4c7184655e557d
phase3_audit_full_v1,exploratory,audit,audit_benchmark,credit_card_fraud,veto_mavs,random_feature_deletion,0.1,shadow,2,2,28480,28480,2,f73aa3e7f093d7ecb7079f31e92a647783021598fa66842fbdf7c22206e03edd
phase3_audit_full_v1,exploratory,audit,audit_benchmark,credit_card_fraud,pure_mavs_gc,random_feature_deletion,0.1,shadow,2,2,28480,28480,2,50ec1fc048c2cb1f84c9a0b2bced8063bf2bc0bf5fc1c7e36889ee1c3a712ca5
phase3_audit_full_v1,exploratory,audit,audit_benchmark,credit_card_fraud,single_model,random_feature_deletion,0.2,audit,3,3,42720,0,3,43aa03531851f3de92fbd71bd60b5d1a2459ca1b98582b8174a60cf6173483f1
phase3_audit_full_v1,exploratory,audit,audit_benchmark,credit_card_fraud,mean_ensemble,random_feature_deletion,0.2,audit,3,3,42720,0,3,09098e337dba3a1871c1a7a5743a4f0265b329f1d3c3e8690df266e5bea36b35
phase3_audit_full_v1,exploratory,audit,audit_benchmark,credit_card_fraud,static_weighted_ensemble,random_feature_deletion,0.2,audit,3,3,42720,0,3,79664a6d0fc4e0226fffb6c790f05a13bdb3c4b0e70c664c2340946352f1df46
phase3_audit_full_v1,exploratory,audit,audit_benchmark,credit_card_fraud,veto_mavs,random_feature_deletion,0.2,audit,3,3,42720,42720,3,927e8502fcfbf14a7f9dce6671d2bdc835c19de3dd031111ae82bd7b4ab4d85f
phase3_audit_full_v1,exploratory,audit,audit_benchmark,credit_card_fraud,pure_mavs_gc,random_feature_deletion,0.2,audit,3,3,42720,42720,3,9cb46936918e1d9ee5fa69e7fde00ce3e7193cf048a7f28aa41f29b9dfba65d3
phase3_audit_full_v1,exploratory,audit,audit_benchmark,credit_card_fraud,single_model,random_feature_deletion,0.2,shadow,2,2,28480,0,2,34a744fdb1845415de4a7bcfe2f251e48a295ddb8ef71e6b80b19a5b07cfc32c
phase3_audit_full_v1,exploratory,audit,audit_benchmark,credit_card_fraud,mean_ensemble,random_feature_deletion,0.2,shadow,2,2,28480,0,2,7be1aa61056e52aa3e58da7b8d7acdab70c81a49ef8f97de63a8e80e0b7540a8
phase3_audit_full_v1,exploratory,audit,audit_benchmark,credit_card_fraud,static_weighted_ensemble,random_feature_deletion,0.2,shadow,2,2,28480,0,2,213900b6b6dacc455af7f8c03f46858f8f9231b374306adb5fdfb9d2797a1425
phase3_audit_full_v1,exploratory,audit,audit_benchmark,credit_card_fraud,veto_mavs,random_feature_deletion,0.2,shadow,2,2,28480,28480,2,9308f40a2afc08d2aab09ef0899252daadb9498d024aea8c0364f6ab45e4f3d3
phase3_audit_full_v1,exploratory,audit,audit_benchmark,credit_card_fraud,pure_mavs_gc,random_feature_deletion,0.2,shadow,2,2,28480,28480,2,6e4ff2296fd5794928c70605d9e0787643e0c24938167df022b0d92ddb1ef337
phase3_audit_full_v1,exploratory,audit,audit_benchmark,credit_card_fraud,single_model,random_feature_deletion,0.4,audit,3,3,42720,0,3,2a44809da9829ae8801a28d5dc18404f2ba79babb60881fd938e823267575467
phase3_audit_full_v1,exploratory,audit,audit_benchmark,credit_card_fraud,mean_ensemble,random_feature_deletion,0.4,audit,3,3,42720,0,3,6f80734999011b0cf14f252601f5c1c8d4229c1c06338b1e5e7cb1e6918ffedc
phase3_audit_full_v1,exploratory,audit,audit_benchmark,credit_card_fraud,static_weighted_ensemble,random_feature_deletion,0.4,audit,3,3,42720,0,3,e59fe417f8badcce5713d31b3b98004882367f309262aff3c3376bf751e74377
phase3_audit_full_v1,exploratory,audit,audit_benchmark,credit_card_fraud,veto_mavs,random_feature_deletion,0.4,audit,3,3,42720,42720,3,6d1d836e5ffba912cf43e610b5bbf31dc81463398f1e6011af413664abc068fb
phase3_audit_full_v1,exploratory,audit,audit_benchmark,credit_card_fraud,pure_mavs_gc,random_feature_deletion,0.4,audit,3,3,42720,42720,3,007614837f248d05a52c6a9a782583a8cf4b84f290d2818bcb26fb09a1505761
phase3_audit_full_v1,exploratory,audit,audit_benchmark,credit_card_fraud,single_model,random_feature_deletion,0.4,shadow,2,2,28480,0,2,c74431ac67a7ce438cc6df0dfff2ce0dfa4cb85fc0de757eed8fb4915e52830e
phase3_audit_full_v1,exploratory,audit,audit_benchmark,credit_card_fraud,mean_ensemble,random_feature_deletion,0.4,shadow,2,2,28480,0,2,6e2724e5dbcad85b29fdd2f9fb31a6fb01a6f9757c60a5bb78387cfc80371fa5
phase3_audit_full_v1,exploratory,audit,audit_benchmark,credit_card_fraud,static_weighted_ensemble,random_feature_deletion,0.4,shadow,2,2,28480,0,2,30703d9697ad31a8718e914d70044f349dd5f846bc4319c68f6bcbd56be394ed
phase3_audit_full_v1,exploratory,audit,audit_benchmark,credit_card_fraud,veto_mavs,random_feature_deletion,0.4,shadow,2,2,28480,28480,2,153cb65f01a14e2edeb8b82d360b05ab6413cde3a26561bf034b03f7b0313401
phase3_audit_full_v1,exploratory,audit,audit_benchmark,credit_card_fraud,pure_mavs_gc,random_feature_deletion,0.4,shadow,2,2,28480,28480,2,e7152c35a4b048279913fea28db2b07aaa3b409153600a746e59d718ab807a03
phase3_audit_full_v1,exploratory,audit,audit_benchmark,credit_card_fraud,single_model,random_feature_deletion,0.6,audit,3,3,42720,0,3,de4b7e406dad11bac30e1a8ae5671f2017c0a62d17c8782c7f89ffcca6e587da
phase3_audit_full_v1,exploratory,audit,audit_benchmark,credit_card_fraud,mean_ensemble,random_feature_deletion,0.6,audit,3,3,42720,0,3,80c8f4b382425c5c1ca6f903b9d23b47a24a59a9b6db697555a8aea2a0fef1d5
phase3_audit_full_v1,exploratory,audit,audit_benchmark,credit_card_fraud,static_weighted_ensemble,random_feature_deletion,0.6,audit,3,3,42720,0,3,56cfbd40ef2837c0a5b5ac986032a5cc8d71a75f995ba8e9e8654ff52f2b07dd
phase3_audit_full_v1,exploratory,audit,audit_benchmark,credit_card_fraud,veto_mavs,random_feature_deletion,0.6,audit,3,3,42720,42720,3,286cefadae9cc39aa629713a233c4207fedc3125ebcd74db34482c932e4f0b69
phase3_audit_full_v1,exploratory,audit,audit_benchmark,credit_card_fraud,pure_mavs_gc,random_feature_deletion,0.6,audit,3,3,42720,42720,3,47024b96b37273e4b641fc5529d337877d1b7f3fc1cd2128143c3958b6884a31
phase3_audit_full_v1,exploratory,audit,audit_benchmark,credit_card_fraud,single_model,random_feature_deletion,0.6,shadow,2,2,28480,0,2,c76fd5565425e7263eff36118b5b28b2ee3dc74437570a8eb390f11407f9442e
phase3_audit_full_v1,exploratory,audit,audit_benchmark,credit_card_fraud,mean_ensemble,random_feature_deletion,0.6,shadow,2,2,28480,0,2,f907079921b4d58d8ac00e505be59bc561a2ea346249d53235232601a00974a3
phase3_audit_full_v1,exploratory,audit,audit_benchmark,credit_card_fraud,static_weighted_ensemble,random_feature_deletion,0.6,shadow,2,2,28480,0,2,61bad40952465788f796bfad2ec9a240b195b9506c135c312f2cbd06f2357def
phase3_audit_full_v1,exploratory,audit,audit_benchmark,credit_card_fraud,veto_mavs,random_feature_deletion,0.6,shadow,2,2,28480,28480,2,62ec14c03f657c0193078c799605ac615ec8861a4293440a005233149bffc339
phase3_audit_full_v1,exploratory,audit,audit_benchmark,credit_card_fraud,pure_mavs_gc,random_feature_deletion,0.6,shadow,2,2,28480,28480,2,a2eaeb766a5f145c69750d55281d875eee59fe5def612f6a9ded3d8155b52310
phase3_audit_full_v1,exploratory,audit,audit_benchmark,credit_card_fraud,single_model,random_feature_deletion,0.8,audit,3,3,42720,0,3,80d788280b517d76cfae760a677d114c49fe11d8f920ec69c9894b89907ed678
phase3_audit_full_v1,exploratory,audit,audit_benchmark,credit_card_fraud,mean_ensemble,random_feature_deletion,0.8,audit,3,3,42720,0,3,9a6d15e13703b3e25b5c1468fa7cbe3a460ae4d4b6f564d9e61ceac82f130c6d
phase3_audit_full_v1,exploratory,audit,audit_benchmark,credit_card_fraud,static_weighted_ensemble,random_feature_deletion,0.8,audit,3,3,42720,0,3,a89829bb284132b6cbfb821763671a5ad9fb486a35e2b5afb714573a8c76edb7
phase3_audit_full_v1,exploratory,audit,audit_benchmark,credit_card_fraud,veto_mavs,random_feature_deletion,0.8,audit,3,3,42720,42720,3,52e2aed6e1884f6ca8089f71cddd09eebde13882ffa60921e1d0afa285828288
phase3_audit_full_v1,exploratory,audit,audit_benchmark,credit_card_fraud,pure_mavs_gc,random_feature_deletion,0.8,audit,3,3,42720,42720,3,3b5af836f5b42067d477e04c92ee457f67010e0777dae596e09869e653fb525a
phase3_audit_full_v1,exploratory,audit,audit_benchmark,credit_card_fraud,single_model,random_feature_deletion,0.8,shadow,2,2,28480,0,2,3564c56014e69b4a5d0d81dd6fe16f81986fd099f0b13246f789949b12196994
phase3_audit_full_v1,exploratory,audit,audit_benchmark,credit_card_fraud,mean_ensemble,random_feature_deletion,0.8,shadow,2,2,28480,0,2,ab1190d02df1ab659ae093b509ccb81c7eaa1f111aef3f91f654ee62d8430081
phase3_audit_full_v1,exploratory,audit,audit_benchmark,credit_card_fraud,static_weighted_ensemble,random_feature_deletion,0.8,shadow,2,2,28480,0,2,5193fb61bde1184083d0b698b63d91e341cdb7d0ae07871c4e33f0fcddcde45d
phase3_audit_full_v1,exploratory,audit,audit_benchmark,credit_card_fraud,veto_mavs,random_feature_deletion,0.8,shadow,2,2,28480,28480,2,0cc48150e58c47f22b8c30c9949565f04752aee8adc87e8a1009c8ef48134080
phase3_audit_full_v1,exploratory,audit,audit_benchmark,credit_card_fraud,pure_mavs_gc,random_feature_deletion,0.8,shadow,2,2,28480,28480,2,682180c4057227d3479a7c7299d18a1c99254efbe155cc480b99583f0a1890f4
phase3_audit_full_v1,exploratory,audit,audit_benchmark,credit_card_fraud,single_model,random_feature_deletion,1.0,audit,3,3,42720,0,3,55e5b64bb40738affb7ca3e1d4fdfba566df83efd9e4074ae1bdae008ba89389
phase3_audit_full_v1,exploratory,audit,audit_benchmark,credit_card_fraud,mean_ensemble,random_feature_deletion,1.0,audit,3,3,42720,0,3,c58d8dc5cb3b99aab22b9f37f9fca9fc9725dd8ec4e39258d87bf1ae9cc97280
phase3_audit_full_v1,exploratory,audit,audit_benchmark,credit_card_fraud,static_weighted_ensemble,random_feature_deletion,1.0,audit,3,3,42720,0,3,c5fb4a3c8088b7c54f17490e0f9ce6266986b3db74f1188340069f229b00b397
phase3_audit_full_v1,exploratory,audit,audit_benchmark,credit_card_fraud,veto_mavs,random_feature_deletion,1.0,audit,3,3,42720,42720,3,2196547f82113a9185de168a4ebb3bfa4bdb0b69215f66d3c699c81b56b2c8fe
phase3_audit_full_v1,exploratory,audit,audit_benchmark,credit_card_fraud,pure_mavs_gc,random_feature_deletion,1.0,audit,3,3,42720,42720,3,94293075a24229782d5b0d361800d2f143b3c25f053fbceb216cc545491e0a82
phase3_audit_full_v1,exploratory,audit,audit_benchmark,credit_card_fraud,single_model,random_feature_deletion,1.0,shadow,2,2,28480,0,2,8de306392bea1c02cfb538243bc7b31ce928defd292ce4f041b8f582ce5c6ed7
phase3_audit_full_v1,exploratory,audit,audit_benchmark,credit_card_fraud,mean_ensemble,random_feature_deletion,1.0,shadow,2,2,28480,0,2,25e668f25ea1222934051ef7b72a941ba15ad92f22dffde6368740adc787aeff
phase3_audit_full_v1,exploratory,audit,audit_benchmark,credit_card_fraud,static_weighted_ensemble,random_feature_deletion,1.0,shadow,2,2,28480,0,2,01d241f852d94ef1d6a775c4ba371fb11e92974c35fcb72203c7fb9324f95a2a
phase3_audit_full_v1,exploratory,audit,audit_benchmark,credit_card_fraud,veto_mavs,random_feature_deletion,1.0,shadow,2,2,28480,28480,2,140f1375ecbd328b0aae397d26f1e885db077f015b6b14be001b5497869f121b
phase3_audit_full_v1,exploratory,audit,audit_benchmark,credit_card_fraud,pure_mavs_gc,random_feature_deletion,1.0,shadow,2,2,28480,28480,2,6807d2ae48c874aa11e078f7498bb627b8b770fed77da02f7c2b0a9e8cd50dc0
phase3_audit_full_v1,exploratory,audit,audit_benchmark,credit_card_fraud,single_model,label_noise,0.0,audit,3,3,42720,0,3,c8efd775368bf632adb77b497ae05cdde9b320a80839351da7858885dca937d6
phase3_audit_full_v1,exploratory,audit,audit_benchmark,credit_card_fraud,mean_ensemble,label_noise,0.0,audit,3,3,42720,0,3,ab9c421e3cd0a2eafcbaebb0c3bc27b08e4b7b6e441aec9080957c4484acaeb4
phase3_audit_full_v1,exploratory,audit,audit_benchmark,credit_card_fraud,static_weighted_ensemble,label_noise,0.0,audit,3,3,42720,0,3,a064cc4fbfb85e0e13eda07f44c27f8b529a35fcad5471c630d0700bec371e74
phase3_audit_full_v1,exploratory,audit,audit_benchmark,credit_card_fraud,veto_mavs,label_noise,0.0,audit,3,3,42720,42720,3,1156149f265b1ceca72a234718ba69468604889936ed2896375e6acd3f69bd5b
phase3_audit_full_v1,exploratory,audit,audit_benchmark,credit_card_fraud,pure_mavs_gc,label_noise,0.0,audit,3,3,42720,42720,3,45f788c53674373eff536f43b3b9d4d02480d2f674b6a0c130635e55b2dd02ed
phase3_audit_full_v1,exploratory,audit,audit_benchmark,credit_card_fraud,single_model,label_noise,0.0,shadow,2,2,28480,0,2,c1e4ebb656d75c1dbf6e15effa056ee033565eaa29e0a91d442c4bac15b663c7
phase3_audit_full_v1,exploratory,audit,audit_benchmark,credit_card_fraud,mean_ensemble,label_noise,0.0,shadow,2,2,28480,0,2,62a2ca0f5cb3042c5092f4924eb13e4a1a4a051ccd1f80072ad52ef669913ab6
phase3_audit_full_v1,exploratory,audit,audit_benchmark,credit_card_fraud,static_weighted_ensemble,label_noise,0.0,shadow,2,2,28480,0,2,48d852ecc02563dd60104374dd05010aa759e8a0ccee9c5e9f5a105d470524db
phase3_audit_full_v1,exploratory,audit,audit_benchmark,credit_card_fraud,veto_mavs,label_noise,0.0,shadow,2,2,28480,28480,2,c003f3fd8cd38f30d2015e8e0d11c65f10d66bfab7b683ef78940fd79d15c94a
phase3_audit_full_v1,exploratory,audit,audit_benchmark,credit_card_fraud,pure_mavs_gc,label_noise,0.0,shadow,2,2,28480,28480,2,76bdfe01060d704acec470b63be8208d807387caed487566bfd371da47f1f421
phase3_audit_full_v1,exploratory,audit,audit_benchmark,credit_card_fraud,single_model,label_noise,0.05,audit,3,3,42720,0,3,5692bacfb9e9b85ac1649682f677c6c1c01cb2e4a0ca4d374845c7342b32a543
phase3_audit_full_v1,exploratory,audit,audit_benchmark,credit_card_fraud,mean_ensemble,label_noise,0.05,audit,3,3,42720,0,3,f1741843ea73a5c6af89abe5ff78465d7a6dd4de4b114a99262fd919934ce53d
phase3_audit_full_v1,exploratory,audit,audit_benchmark,credit_card_fraud,static_weighted_ensemble,label_noise,0.05,audit,3,3,42720,0,3,fff5718974774a34b04ed1083dd4a835b589f04e05f0ba7b6fe5fdbde5701b00
phase3_audit_full_v1,exploratory,audit,audit_benchmark,credit_card_fraud,veto_mavs,label_noise,0.05,audit,3,3,42720,42720,3,812f6190ec56619ed0a8b0c47fbb2c9fcffd6f6e35db23449e0d48e605326276
phase3_audit_full_v1,exploratory,audit,audit_benchmark,credit_card_fraud,pure_mavs_gc,label_noise,0.05,audit,3,3,42720,42720,3,10a417edd36be51cd93278aaabe7c069ac8526fc792b258f704b4b15dbbcd670
phase3_audit_full_v1,exploratory,audit,audit_benchmark,credit_card_fraud,single_model,label_noise,0.05,shadow,2,2,28480,0,2,779a7f1c2543e74f56addec2d21015d46adbfc7846d15e15a0c572877397d456
phase3_audit_full_v1,exploratory,audit,audit_benchmark,credit_card_fraud,mean_ensemble,label_noise,0.05,shadow,2,2,28480,0,2,a98d572b0ef875da1e281708efde4996fa6eefc5255bfa23b1fc6ebe3bbf1ce6
phase3_audit_full_v1,exploratory,audit,audit_benchmark,credit_card_fraud,static_weighted_ensemble,label_noise,0.05,shadow,2,2,28480,0,2,56cd88c158ff1597a157844222b39cf43d597b987cc36ca31b1fab00e29a7f83
phase3_audit_full_v1,exploratory,audit,audit_benchmark,credit_card_fraud,veto_mavs,label_noise,0.05,shadow,2,2,28480,28480,2,be20c9c0ddf65537a124062d3cf645e715d52f1d007ce1e40f7d844e5a0837a2
phase3_audit_full_v1,exploratory,audit,audit_benchmark,credit_card_fraud,pure_mavs_gc,label_noise,0.05,shadow,2,2,28480,28480,2,8b7c3483d4d5c83326082f93ead03ad4b35bbc7e655e9f1c835b6e94f2b96b87
phase3_audit_full_v1,exploratory,audit,audit_benchmark,credit_card_fraud,single_model,label_noise,0.1,audit,3,3,42720,0,3,394f8bab34b8cd7ce7d2c78461a571d1d0af3591596a626891b1f0a9f95b0822
phase3_audit_full_v1,exploratory,audit,audit_benchmark,credit_card_fraud,mean_ensemble,label_noise,0.1,audit,3,3,42720,0,3,0ff846305db501fe0a20e43340636bf445e9bc6af433a81fc3d8e00dcfc45469
phase3_audit_full_v1,exploratory,audit,audit_benchmark,credit_card_fraud,static_weighted_ensemble,label_noise,0.1,audit,3,3,42720,0,3,ad887756c9554b4ab5a7187b1ffaf50d1878ea3b7692b3c6835a2c2749958cb3
phase3_audit_full_v1,exploratory,audit,audit_benchmark,credit_card_fraud,veto_mavs,label_noise,0.1,audit,3,3,42720,42720,3,7b75bb5c1e0da2d2cd77475d0c0ac44f7ac03cd84728f0d841809f3bdfdb5cf9
phase3_audit_full_v1,exploratory,audit,audit_benchmark,credit_card_fraud,pure_mavs_gc,label_noise,0.1,audit,3,3,42720,42720,3,5a8344e498a5f77c1ca35a65d1ed5f8188bf742e45a084c7dfed0a21e074ec78
phase3_audit_full_v1,exploratory,audit,audit_benchmark,credit_card_fraud,single_model,label_noise,0.1,shadow,2,2,28480,0,2,3a1def9c896ec6d4d78c6d5b79e552c4f98cf2a8b88614f691e84eb9ccc1f753
phase3_audit_full_v1,exploratory,audit,audit_benchmark,credit_card_fraud,mean_ensemble,label_noise,0.1,shadow,2,2,28480,0,2,892ac4086367978c5215e4a469d67b2190adde8ee07f79298871bb74775a83de
phase3_audit_full_v1,exploratory,audit,audit_benchmark,credit_card_fraud,static_weighted_ensemble,label_noise,0.1,shadow,2,2,28480,0,2,c4560ea66c277225c26723e42ace919c7eee949c2ef00b358fc33c98674fe319
phase3_audit_full_v1,exploratory,audit,audit_benchmark,credit_card_fraud,veto_mavs,label_noise,0.1,shadow,2,2,28480,28480,2,21450446b532cde6a0f4e2a3f3d53431e94094f0f46b12f3da48f225077b8ccd
phase3_audit_full_v1,exploratory,audit,audit_benchmark,credit_card_fraud,pure_mavs_gc,label_noise,0.1,shadow,2,2,28480,28480,2,f3ea346dfb7748983f52ff7537bffa0e24ca657b1b5177148b36a74672ca7e64
phase3_audit_full_v1,exploratory,audit,audit_benchmark,credit_card_fraud,single_model,label_noise,0.2,audit,3,3,42720,0,3,29d9cc42a1154de89977683e513f19dabc252bd7e1420ee7164060e5c0a290fb
phase3_audit_full_v1,exploratory,audit,audit_benchmark,credit_card_fraud,mean_ensemble,label_noise,0.2,audit,3,3,42720,0,3,219bf6ad481b1a9022be057bc8f9b4a05a49391dd5e3b02b8ad1a76f92cbb87b
phase3_audit_full_v1,exploratory,audit,audit_benchmark,credit_card_fraud,static_weighted_ensemble,label_noise,0.2,audit,3,3,42720,0,3,54cf081a0c4dc2b2cc4f93c495693a16307d20c7188cba09dc65afc9728f15e6
phase3_audit_full_v1,exploratory,audit,audit_benchmark,credit_card_fraud,veto_mavs,label_noise,0.2,audit,3,3,42720,42720,3,fd10125aec64f208a3c21a971263967fe2047c589fb0b6bd214dd2f1550cccb9
phase3_audit_full_v1,exploratory,audit,audit_benchmark,credit_card_fraud,pure_mavs_gc,label_noise,0.2,audit,3,3,42720,42720,3,dc0c3d87d24235b0774b830e2adfe157ceeddf3c8ce24ae22abe0c898bb101d1
phase3_audit_full_v1,exploratory,audit,audit_benchmark,credit_card_fraud,single_model,label_noise,0.2,shadow,2,2,28480,0,2,fe8b877373188ffcbd000f8640c5b09f1893ce3578b1b928af93f776b69a8e94
phase3_audit_full_v1,exploratory,audit,audit_benchmark,credit_card_fraud,mean_ensemble,label_noise,0.2,shadow,2,2,28480,0,2,73bad4dac3c55b889b520f8fd1c1818c9c664fda7235b75e68337d19d0bc8861
phase3_audit_full_v1,exploratory,audit,audit_benchmark,credit_card_fraud,static_weighted_ensemble,label_noise,0.2,shadow,2,2,28480,0,2,249806737bf48de9ca650aabe92527fa307c8ad1094f84740da9013e10beb35a
phase3_audit_full_v1,exploratory,audit,audit_benchmark,credit_card_fraud,veto_mavs,label_noise,0.2,shadow,2,2,28480,28480,2,4c13df857865bf3a1553a68769d45f2f8649dce4018ad8224128d58c3620467b
phase3_audit_full_v1,exploratory,audit,audit_benchmark,credit_card_fraud,pure_mavs_gc,label_noise,0.2,shadow,2,2,28480,28480,2,21c0330d110b3bcb6796bac6f85bf5ca71bec401b2eb89c896c8f0a7db57a055
phase3_audit_full_v1,exploratory,audit,audit_benchmark,credit_card_fraud,single_model,label_noise,0.4,audit,3,3,42720,0,3,d8f5d828cbf81e05f2e33881ea4edae58eb7bc3fc93c78f15f8cf1efc67320de
phase3_audit_full_v1,exploratory,audit,audit_benchmark,credit_card_fraud,mean_ensemble,label_noise,0.4,audit,3,3,42720,0,3,cded9df136ac05afc8917d28a7e3c7ed2aa098ae2f94964d22d9bd772ca76d3d
phase3_audit_full_v1,exploratory,audit,audit_benchmark,credit_card_fraud,static_weighted_ensemble,label_noise,0.4,audit,3,3,42720,0,3,31ecb5d624c06ca03be38aa4a779b334128e581723c883d1de41b62ee399aa47
phase3_audit_full_v1,exploratory,audit,audit_benchmark,credit_card_fraud,veto_mavs,label_noise,0.4,audit,3,3,42720,42720,3,207f585d3571354691c82e1b46262fcb7c8266b8e756b7b9fe567650db8b6dd6
phase3_audit_full_v1,exploratory,audit,audit_benchmark,credit_card_fraud,pure_mavs_gc,label_noise,0.4,audit,3,3,42720,42720,3,4b7a317c9d8dfba032d3c0544689f57ae10e7031cbeb261d860d0bc5feba5421
phase3_audit_full_v1,exploratory,audit,audit_benchmark,credit_card_fraud,single_model,label_noise,0.4,shadow,2,2,28480,0,2,485e5ba3b86ad1479280aa97e86ecca872340bcc292d45f1a37eaa27b82e8f79
phase3_audit_full_v1,exploratory,audit,audit_benchmark,credit_card_fraud,mean_ensemble,label_noise,0.4,shadow,2,2,28480,0,2,0f98bbc5c02573160f389bceb0709ea876375b88ccbe5983402b3d3931460ec9
phase3_audit_full_v1,exploratory,audit,audit_benchmark,credit_card_fraud,static_weighted_ensemble,label_noise,0.4,shadow,2,2,28480,0,2,05ab0ac8308521f730fe06c8e9d8625395f7b1e11c63b75dc977a2bdd1d9c953
phase3_audit_full_v1,exploratory,audit,audit_benchmark,credit_card_fraud,veto_mavs,label_noise,0.4,shadow,2,2,28480,28480,2,c2eecd481627ca85bf9343e50e5e03ed1a182f5920c3f57415cf032674d5f01a
phase3_audit_full_v1,exploratory,audit,audit_benchmark,credit_card_fraud,pure_mavs_gc,label_noise,0.4,shadow,2,2,28480,28480,2,03757b3cabd29fab5f3687a36e456f26e1d914c02327f1d2f58dab83d0475e69
phase3_audit_full_v1,exploratory,audit,audit_benchmark,credit_card_fraud,single_model,label_noise,0.6,audit,3,3,42720,0,3,8db03001ade59f127027e1bf8f8eafa8b476d2f148afa244c3c9eb81232b8587
phase3_audit_full_v1,exploratory,audit,audit_benchmark,credit_card_fraud,mean_ensemble,label_noise,0.6,audit,3,3,42720,0,3,b8fb51ea9d6b55b19a3fcd6cc7af4efabc52d56e6832b5257ba31d16d8953b3f
phase3_audit_full_v1,exploratory,audit,audit_benchmark,credit_card_fraud,static_weighted_ensemble,label_noise,0.6,audit,3,3,42720,0,3,b567ee6689cfa56ace4e34e827cd26b4053bf5aa2301bb3aaa49db4c2d5c5fa7
phase3_audit_full_v1,exploratory,audit,audit_benchmark,credit_card_fraud,veto_mavs,label_noise,0.6,audit,3,3,42720,42720,3,6a4e91f5d0943283c12b87fc234f9c0b898d670c442dcd8acec32c0ff99c70f6
phase3_audit_full_v1,exploratory,audit,audit_benchmark,credit_card_fraud,pure_mavs_gc,label_noise,0.6,audit,3,3,42720,42720,3,db21c9ca8646b5c807973022689851a59afaf488be5ebf013224351139153d09
phase3_audit_full_v1,exploratory,audit,audit_benchmark,credit_card_fraud,single_model,label_noise,0.6,shadow,2,2,28480,0,2,66c005969603b94b575bb234a0102eb7ccb63fcd2e789f8c563e56d28be9ce24
phase3_audit_full_v1,exploratory,audit,audit_benchmark,credit_card_fraud,mean_ensemble,label_noise,0.6,shadow,2,2,28480,0,2,9b902808f322d1e5a86604040bbf193023d919d13d266720408fd926a9f94a0f
phase3_audit_full_v1,exploratory,audit,audit_benchmark,credit_card_fraud,static_weighted_ensemble,label_noise,0.6,shadow,2,2,28480,0,2,2995c126a810a445c20dae21f444caacb4fa449ad9a94e97313e7b84a8aa9ee0
phase3_audit_full_v1,exploratory,audit,audit_benchmark,credit_card_fraud,veto_mavs,label_noise,0.6,shadow,2,2,28480,28480,2,c641d84be459791994229e4ca2000a90b8259eb51d0867e06b699691d62fbc60
phase3_audit_full_v1,exploratory,audit,audit_benchmark,credit_card_fraud,pure_mavs_gc,label_noise,0.6,shadow,2,2,28480,28480,2,aa7e3cd57da36c505c086bcfa8d4c684c1a266b74366303f931530e4ad02817c
phase3_audit_full_v1,exploratory,audit,audit_benchmark,credit_card_fraud,single_model,label_noise,0.8,audit,3,3,42720,0,3,ea376234dc8e97f594883f19c7669ecd17924aea464d48563d4117015cd61d23
phase3_audit_full_v1,exploratory,audit,audit_benchmark,credit_card_fraud,mean_ensemble,label_noise,0.8,audit,3,3,42720,0,3,59745722efeaddc226241e7f5c8a4f791bd87228a8721b630c74af00aefad8c2
phase3_audit_full_v1,exploratory,audit,audit_benchmark,credit_card_fraud,static_weighted_ensemble,label_noise,0.8,audit,3,3,42720,0,3,f6c98344d7dab577b33805a74583251e758cc605de6b5d9f288f4cc6bdb28df6
phase3_audit_full_v1,exploratory,audit,audit_benchmark,credit_card_fraud,veto_mavs,label_noise,0.8,audit,3,3,42720,42720,3,f4b71331c2e10d77da248e8798592458b46b4c0dc7847dc4872eae7172c7e05a
phase3_audit_full_v1,exploratory,audit,audit_benchmark,credit_card_fraud,pure_mavs_gc,label_noise,0.8,audit,3,3,42720,42720,3,2027fdc9e5595123b00e832c49d8388c5e32716a59a980be3ca6e13b9f071cb3
phase3_audit_full_v1,exploratory,audit,audit_benchmark,credit_card_fraud,single_model,label_noise,0.8,shadow,2,2,28480,0,2,b6ace8392426185c72ab2327511dc0f5851cfc2b88dc67691af46f0388c3aca9
phase3_audit_full_v1,exploratory,audit,audit_benchmark,credit_card_fraud,mean_ensemble,label_noise,0.8,shadow,2,2,28480,0,2,48b61f89dc2d271ee2253f806e5a7f3ee4abb38c3abc8cfac644a8fd46436458
phase3_audit_full_v1,exploratory,audit,audit_benchmark,credit_card_fraud,static_weighted_ensemble,label_noise,0.8,shadow,2,2,28480,0,2,303d5902bddd97d017179b4ea6e74e48fa96bc09265430e197fb3dd0046f0b92
phase3_audit_full_v1,exploratory,audit,audit_benchmark,credit_card_fraud,veto_mavs,label_noise,0.8,shadow,2,2,28480,28480,2,01d77cc6507952bd3bedd2419b17a9151b0ffed9d0430b2749da652d4b0e06fb
phase3_audit_full_v1,exploratory,audit,audit_benchmark,credit_card_fraud,pure_mavs_gc,label_noise,0.8,shadow,2,2,28480,28480,2,457934ac0c2e79506bee0a5750597568a1fc1240eac65ef099a799c7ed6de1f8
phase3_audit_full_v1,exploratory,audit,audit_benchmark,credit_card_fraud,single_model,label_noise,1.0,audit,3,3,42720,0,3,f761cc7ddf30a3137b9422e0c508580db5bf938cae4806c7c8a91c8c3bb0d097
phase3_audit_full_v1,exploratory,audit,audit_benchmark,credit_card_fraud,mean_ensemble,label_noise,1.0,audit,3,3,42720,0,3,487382f7ae9000bdee4c71328b7d9dbe32e2db83f9caa8014e3ef01e77ac6a57
phase3_audit_full_v1,exploratory,audit,audit_benchmark,credit_card_fraud,static_weighted_ensemble,label_noise,1.0,audit,3,3,42720,0,3,b9777aec5965ba704b34ace091f08b29334a8f140b96339b89cf5fa60f58ba91
phase3_audit_full_v1,exploratory,audit,audit_benchmark,credit_card_fraud,veto_mavs,label_noise,1.0,audit,3,3,42720,42720,3,430337ff049341ca4df8f5596537bb2a07b153bbc6a20fb2e0ece1f51a7dde3a
phase3_audit_full_v1,exploratory,audit,audit_benchmark,credit_card_fraud,pure_mavs_gc,label_noise,1.0,audit,3,3,42720,42720,3,96c247920ec1e7acebf5ec18110a24e57cb2aacde620d6a51caad9b56951b80b
phase3_audit_full_v1,exploratory,audit,audit_benchmark,credit_card_fraud,single_model,label_noise,1.0,shadow,2,2,28480,0,2,7b7c867b2023461277e29bf07258f052da3ffb7f2e6da06ebae8030699d610e9
phase3_audit_full_v1,exploratory,audit,audit_benchmark,credit_card_fraud,mean_ensemble,label_noise,1.0,shadow,2,2,28480,0,2,23147b4f306771b41be0bdd812d2152e386845513c397e9cc6e57a5ad8fef481
phase3_audit_full_v1,exploratory,audit,audit_benchmark,credit_card_fraud,static_weighted_ensemble,label_noise,1.0,shadow,2,2,28480,0,2,bdaeb814aa48bcd7b1d212aac23aa07e245a0568fb3e14be5c33783fd9d04884
phase3_audit_full_v1,exploratory,audit,audit_benchmark,credit_card_fraud,veto_mavs,label_noise,1.0,shadow,2,2,28480,28480,2,bf05798bddfce70f5b5d79f37922f8350d36739089e0de2cd60d11e4718d5750
phase3_audit_full_v1,exploratory,audit,audit_benchmark,credit_card_fraud,pure_mavs_gc,label_noise,1.0,shadow,2,2,28480,28480,2,bf0936da40d2b1410a5bf310066649ec9074fa3677c20a5e736a250dba0f1772
phase3_audit_full_v1,exploratory,audit,audit_benchmark,credit_card_fraud,single_model,confidence_distortion,0.0,audit,3,3,42720,0,3,3c871fe4efe90278126fa7da07e0475471b8f5a09343c8a0e49ab66a13a38f48
phase3_audit_full_v1,exploratory,audit,audit_benchmark,credit_card_fraud,mean_ensemble,confidence_distortion,0.0,audit,3,3,42720,0,3,1aafd1fd99689b304102d020a501c57683e370a3cb4fe3c109617e1110560171
phase3_audit_full_v1,exploratory,audit,audit_benchmark,credit_card_fraud,static_weighted_ensemble,confidence_distortion,0.0,audit,3,3,42720,0,3,8d4828676c9c401656d66e6f74fb0147360458fe26a3f6dd73e1fc42230de38b
phase3_audit_full_v1,exploratory,audit,audit_benchmark,credit_card_fraud,veto_mavs,confidence_distortion,0.0,audit,3,3,42720,42720,3,f920520f3d712a08432d02c0aac9bf36c5937ab94983af6bfab386cefb222fd1
phase3_audit_full_v1,exploratory,audit,audit_benchmark,credit_card_fraud,pure_mavs_gc,confidence_distortion,0.0,audit,3,3,42720,42720,3,5d3df09f2b2d234ad2c5613ba38b450b8c4878781116916ebc46121af121addd
phase3_audit_full_v1,exploratory,audit,audit_benchmark,credit_card_fraud,single_model,confidence_distortion,0.0,shadow,2,2,28480,0,2,18077a6cca2b8142da912286981580bb3c406879a877a93bb9c198d0e964b244
phase3_audit_full_v1,exploratory,audit,audit_benchmark,credit_card_fraud,mean_ensemble,confidence_distortion,0.0,shadow,2,2,28480,0,2,af37fd46be3cff0fef1c84ecf5eb47e05f6807c0693478b5203e5fa74037ab40
phase3_audit_full_v1,exploratory,audit,audit_benchmark,credit_card_fraud,static_weighted_ensemble,confidence_distortion,0.0,shadow,2,2,28480,0,2,aa1481e1a4c372d69af65001b36c61db4b833b784764a7a23049aa19b4b2298d
phase3_audit_full_v1,exploratory,audit,audit_benchmark,credit_card_fraud,veto_mavs,confidence_distortion,0.0,shadow,2,2,28480,28480,2,3d23c1085df0a2e281ebee26cbebf805684cd4e3541bbefaeecddf7ecc0b77d2
phase3_audit_full_v1,exploratory,audit,audit_benchmark,credit_card_fraud,pure_mavs_gc,confidence_distortion,0.0,shadow,2,2,28480,28480,2,c416df6d7b552f1f5240c4c68acb46bf21d7f5dd9b6daa6dcb6c57dbbe5b3751
phase3_audit_full_v1,exploratory,audit,audit_benchmark,credit_card_fraud,single_model,confidence_distortion,0.05,audit,3,3,42720,0,3,da604b7331cc5e18df7a89d6f4f42af5a70507f4c9772bdf44783d1c06f8075a
phase3_audit_full_v1,exploratory,audit,audit_benchmark,credit_card_fraud,mean_ensemble,confidence_distortion,0.05,audit,3,3,42720,0,3,beea141b5ef7708e7c9d2716a0dcfeb97de1cd312221492b1c9fdf38699b54a4
phase3_audit_full_v1,exploratory,audit,audit_benchmark,credit_card_fraud,static_weighted_ensemble,confidence_distortion,0.05,audit,3,3,42720,0,3,53c0b6caa0b0b0034cae3c1d68c904adcc4ec4333da67c4614de4fedc46c8982
phase3_audit_full_v1,exploratory,audit,audit_benchmark,credit_card_fraud,veto_mavs,confidence_distortion,0.05,audit,3,3,42720,42720,3,3ea851a5c7935ca21daef5aa32f4e21a8a3dc78b3c65098ff898d90a59d7db96
phase3_audit_full_v1,exploratory,audit,audit_benchmark,credit_card_fraud,pure_mavs_gc,confidence_distortion,0.05,audit,3,3,42720,42720,3,3fa89dca7f2c3f0fc4f86a589c6de76b7f9bac01ed2c5c7523bfeccb66cf4c2c
phase3_audit_full_v1,exploratory,audit,audit_benchmark,credit_card_fraud,single_model,confidence_distortion,0.05,shadow,2,2,28480,0,2,4e1dc278ccce3136ab17c770fbdb6091abac664e3de2064135cdfb856098c62d
phase3_audit_full_v1,exploratory,audit,audit_benchmark,credit_card_fraud,mean_ensemble,confidence_distortion,0.05,shadow,2,2,28480,0,2,76072f41232fd160f6d8ff9da8994eb1544e2fe6ff1d8e9931a5fed800a5b7f0
phase3_audit_full_v1,exploratory,audit,audit_benchmark,credit_card_fraud,static_weighted_ensemble,confidence_distortion,0.05,shadow,2,2,28480,0,2,1ea91ab4b15dba4e52012e8e1eb8057aefe47837152bc21c0bddbe8d1a24a663
phase3_audit_full_v1,exploratory,audit,audit_benchmark,credit_card_fraud,veto_mavs,confidence_distortion,0.05,shadow,2,2,28480,28480,2,7641ba64a3f63a537fab77c38836adfcafa5bc4a6b9a4137a40f29c5a0fc3ad9
phase3_audit_full_v1,exploratory,audit,audit_benchmark,credit_card_fraud,pure_mavs_gc,confidence_distortion,0.05,shadow,2,2,28480,28480,2,870e17c3390292ae09419fd12c631afd13d8faac3ba6628f880e006e1fc78375
phase3_audit_full_v1,exploratory,audit,audit_benchmark,credit_card_fraud,single_model,confidence_distortion,0.1,audit,3,3,42720,0,3,73b7fd2862a4e2491d8dc417ddd969459c5868c721f9be8733c566ebf6473bd4
phase3_audit_full_v1,exploratory,audit,audit_benchmark,credit_card_fraud,mean_ensemble,confidence_distortion,0.1,audit,3,3,42720,0,3,c08635b3ba327f6c842c9f0912a721042f28f0e38f20c796442f00606b2b0430
phase3_audit_full_v1,exploratory,audit,audit_benchmark,credit_card_fraud,static_weighted_ensemble,confidence_distortion,0.1,audit,3,3,42720,0,3,acb450220161419481c5c9912dd30a5d1b546a69ded383eb399adeb90156fa71
phase3_audit_full_v1,exploratory,audit,audit_benchmark,credit_card_fraud,veto_mavs,confidence_distortion,0.1,audit,3,3,42720,42720,3,1986df07487810779b8f069367850188b1513b84a24fbd07e47037121105c46a
phase3_audit_full_v1,exploratory,audit,audit_benchmark,credit_card_fraud,pure_mavs_gc,confidence_distortion,0.1,audit,3,3,42720,42720,3,625520b216c9bc39dc06ce04ac6cf91d07bea5114cc6ee2853b5ac4c9d1d0a4c
phase3_audit_full_v1,exploratory,audit,audit_benchmark,credit_card_fraud,single_model,confidence_distortion,0.1,shadow,2,2,28480,0,2,63c250ee404437b110062f87f535854ea199e2d08d0dbb53fa5351ac4c0da1ad
phase3_audit_full_v1,exploratory,audit,audit_benchmark,credit_card_fraud,mean_ensemble,confidence_distortion,0.1,shadow,2,2,28480,0,2,8fcab09d3611151fd4bcd26633d01a9952a6c8efcba3bcc3014cca7a020c178a
phase3_audit_full_v1,exploratory,audit,audit_benchmark,credit_card_fraud,static_weighted_ensemble,confidence_distortion,0.1,shadow,2,2,28480,0,2,0e253cd6fe34cf480b138927161dd51dca7cf8a241f1f81fb389fdb730a0797e
phase3_audit_full_v1,exploratory,audit,audit_benchmark,credit_card_fraud,veto_mavs,confidence_distortion,0.1,shadow,2,2,28480,28480,2,ea67ffcae416fb3f26126690ace2af12bc749c22ea2b5c14821f550216dbded3
phase3_audit_full_v1,exploratory,audit,audit_benchmark,credit_card_fraud,pure_mavs_gc,confidence_distortion,0.1,shadow,2,2,28480,28480,2,62fae7ec61a87243cf0ed01fa34dd0e30988c2dbf0399345548e5eaca9a26838
phase3_audit_full_v1,exploratory,audit,audit_benchmark,credit_card_fraud,single_model,confidence_distortion,0.2,audit,3,3,42720,0,3,b6193302c472c8e207136ff882b5ad9ba8b22e1a2061d4a7e81e747b1895e0ca
phase3_audit_full_v1,exploratory,audit,audit_benchmark,credit_card_fraud,mean_ensemble,confidence_distortion,0.2,audit,3,3,42720,0,3,7e5969408c0dac8184ca70f5923d4240fb06f81c0e4ab701b3a7e1a8f3d23462
phase3_audit_full_v1,exploratory,audit,audit_benchmark,credit_card_fraud,static_weighted_ensemble,confidence_distortion,0.2,audit,3,3,42720,0,3,2d895649f24c3cd26386976fe7c3882bca3757178e2bbc73fb2c7245f505e942
phase3_audit_full_v1,exploratory,audit,audit_benchmark,credit_card_fraud,veto_mavs,confidence_distortion,0.2,audit,3,3,42720,42720,3,0de0a841f07076e5cc00c86f2a9947325a1d0979a2ffb5494f349bf66c62c911
phase3_audit_full_v1,exploratory,audit,audit_benchmark,credit_card_fraud,pure_mavs_gc,confidence_distortion,0.2,audit,3,3,42720,42720,3,377d72a166f1f8e36e36563a05046f688f3060d8571061c7af9cc444e0a8d432
phase3_audit_full_v1,exploratory,audit,audit_benchmark,credit_card_fraud,single_model,confidence_distortion,0.2,shadow,2,2,28480,0,2,4f508abfe58cc40a33e3bf675e0406032fd75fbd5480efbdcea9cd3e404a3663
phase3_audit_full_v1,exploratory,audit,audit_benchmark,credit_card_fraud,mean_ensemble,confidence_distortion,0.2,shadow,2,2,28480,0,2,a306875e16e2082616467be62b0ca33a0ae9d1406056405361ee40e503cf5a29
phase3_audit_full_v1,exploratory,audit,audit_benchmark,credit_card_fraud,static_weighted_ensemble,confidence_distortion,0.2,shadow,2,2,28480,0,2,f194a167f1652c0c21ef5c14866c1f471558b1913052bec2ddc3afb1add4250f
phase3_audit_full_v1,exploratory,audit,audit_benchmark,credit_card_fraud,veto_mavs,confidence_distortion,0.2,shadow,2,2,28480,28480,2,66fe2b991d5e6bcd9fb1bf46f9207c8bd2a70c74a89bcd51813271a56cd516a5
phase3_audit_full_v1,exploratory,audit,audit_benchmark,credit_card_fraud,pure_mavs_gc,confidence_distortion,0.2,shadow,2,2,28480,28480,2,ee123742feb9b7ac72d2994dd1358e4ec5abebb67fa975c48c16080a48602207
phase3_audit_full_v1,exploratory,audit,audit_benchmark,credit_card_fraud,single_model,confidence_distortion,0.4,audit,3,3,42720,0,3,a7c4534de27d583755853d931018706c963c578f43d6b722c6789aa064dd76ff
phase3_audit_full_v1,exploratory,audit,audit_benchmark,credit_card_fraud,mean_ensemble,confidence_distortion,0.4,audit,3,3,42720,0,3,19a4370f63b08bd761d58ae47c7b2754b9f88a54b733a150327bd3cce9a9460e
phase3_audit_full_v1,exploratory,audit,audit_benchmark,credit_card_fraud,static_weighted_ensemble,confidence_distortion,0.4,audit,3,3,42720,0,3,024221ecadabbc78788ae2459ead8fceea9a55931a4f76398a0244173a87c231
phase3_audit_full_v1,exploratory,audit,audit_benchmark,credit_card_fraud,veto_mavs,confidence_distortion,0.4,audit,3,3,42720,42720,3,a801887da7666400c02d7f0eb209531a9a2c578ad1926ca7fbb95413fa9deaa6
phase3_audit_full_v1,exploratory,audit,audit_benchmark,credit_card_fraud,pure_mavs_gc,confidence_distortion,0.4,audit,3,3,42720,42720,3,6feaa371f17c9eb2131e69df30294a42c5cb3e0fe8f64d58e6b259287a518c4b
phase3_audit_full_v1,exploratory,audit,audit_benchmark,credit_card_fraud,single_model,confidence_distortion,0.4,shadow,2,2,28480,0,2,a89734ab5c099ddb1a2ea58924b4a57af2b48b8946825dd37192a0987c4f4ee8
phase3_audit_full_v1,exploratory,audit,audit_benchmark,credit_card_fraud,mean_ensemble,confidence_distortion,0.4,shadow,2,2,28480,0,2,695f43384405b438e20a706f82194d03da5459ac49c274454e3bd0ec4a6c4089
phase3_audit_full_v1,exploratory,audit,audit_benchmark,credit_card_fraud,static_weighted_ensemble,confidence_distortion,0.4,shadow,2,2,28480,0,2,37a8862012d5999346e35e72fefbe51bdeb1dbc41587345830f73bc38a1169eb
phase3_audit_full_v1,exploratory,audit,audit_benchmark,credit_card_fraud,veto_mavs,confidence_distortion,0.4,shadow,2,2,28480,28480,2,23ca2511fec6a5bd630655e6f8f6df02ce92718892e4480cfcebe9233f922b84
phase3_audit_full_v1,exploratory,audit,audit_benchmark,credit_card_fraud,pure_mavs_gc,confidence_distortion,0.4,shadow,2,2,28480,28480,2,686c2f4c1e98bcfd045dbd1ca4708d7e037561d1f296bbf0c5dbafb7c99a102d
phase3_audit_full_v1,exploratory,audit,audit_benchmark,credit_card_fraud,single_model,confidence_distortion,0.6,audit,3,3,42720,0,3,e72e0d5de376c22bc829144f79af520ccbd953754dce9ab750d629de0e40dafb
phase3_audit_full_v1,exploratory,audit,audit_benchmark,credit_card_fraud,mean_ensemble,confidence_distortion,0.6,audit,3,3,42720,0,3,1b6c206b15ca33949ba43c0b383ff8d19c4451ad23b9fb16310b60c88b312a74
phase3_audit_full_v1,exploratory,audit,audit_benchmark,credit_card_fraud,static_weighted_ensemble,confidence_distortion,0.6,audit,3,3,42720,0,3,dc5fc36531c0ada226b0421337c0f2126d9849f84878ca06da70a93c30ef743e
phase3_audit_full_v1,exploratory,audit,audit_benchmark,credit_card_fraud,veto_mavs,confidence_distortion,0.6,audit,3,3,42720,42720,3,bedbce836451ff7418d9c654df9a428e07e9e968e061049513f6458743ee90ca
phase3_audit_full_v1,exploratory,audit,audit_benchmark,credit_card_fraud,pure_mavs_gc,confidence_distortion,0.6,audit,3,3,42720,42720,3,d8e6707ec88cc1b8ebc82c3571f9a8a29eecb5f5cf9ed9fd6811e3eba18a4e92
phase3_audit_full_v1,exploratory,audit,audit_benchmark,credit_card_fraud,single_model,confidence_distortion,0.6,shadow,2,2,28480,0,2,d7aa6f4abd2bd887e9d52c4c9768653e98d7d068bbf55805357592502162c91b
phase3_audit_full_v1,exploratory,audit,audit_benchmark,credit_card_fraud,mean_ensemble,confidence_distortion,0.6,shadow,2,2,28480,0,2,2b980a1901af667362e5780e0003f14366dcea1697c242d0feaba6b2a08786be
phase3_audit_full_v1,exploratory,audit,audit_benchmark,credit_card_fraud,static_weighted_ensemble,confidence_distortion,0.6,shadow,2,2,28480,0,2,b90b7554dc49b69eeb7774972ef031d3f57fced1813192588485f15455b6b516
phase3_audit_full_v1,exploratory,audit,audit_benchmark,credit_card_fraud,veto_mavs,confidence_distortion,0.6,shadow,2,2,28480,28480,2,29d451565981caddde99a819321f43c08695e15c0a37a03ce98a18b878fde47a
phase3_audit_full_v1,exploratory,audit,audit_benchmark,credit_card_fraud,pure_mavs_gc,confidence_distortion,0.6,shadow,2,2,28480,28480,2,dc6e0981718e7d24f80367981634fa404463f761b08bdd126832908b8467b7b4
phase3_audit_full_v1,exploratory,audit,audit_benchmark,credit_card_fraud,single_model,confidence_distortion,0.8,audit,3,3,42720,0,3,04c3a6704890240f0fba14ca5ccb551c695485898d39b3b0b0859bc9bc084e79
phase3_audit_full_v1,exploratory,audit,audit_benchmark,credit_card_fraud,mean_ensemble,confidence_distortion,0.8,audit,3,3,42720,0,3,8e586c35b2e0ae7989915e984c797ed775cad6d8b9b6e0215c2b313e161f6f0a
phase3_audit_full_v1,exploratory,audit,audit_benchmark,credit_card_fraud,static_weighted_ensemble,confidence_distortion,0.8,audit,3,3,42720,0,3,8744de881242d973cb800edc8e73732423e99d24e5299a972db8098746cfb331
phase3_audit_full_v1,exploratory,audit,audit_benchmark,credit_card_fraud,veto_mavs,confidence_distortion,0.8,audit,3,3,42720,42720,3,530c3709dd87cef78f045149a377b451aa4f986687e868b485c863386557c51f
phase3_audit_full_v1,exploratory,audit,audit_benchmark,credit_card_fraud,pure_mavs_gc,confidence_distortion,0.8,audit,3,3,42720,42720,3,b21b36ae3e88a21e4c914de608c570ccc43b22257d6df1ecbdfa0bad877ca229
phase3_audit_full_v1,exploratory,audit,audit_benchmark,credit_card_fraud,single_model,confidence_distortion,0.8,shadow,2,2,28480,0,2,b12c3865ddcc35d3843c4eb3ea3f033f4047aa0f21e55089a5668e1161f014df
phase3_audit_full_v1,exploratory,audit,audit_benchmark,credit_card_fraud,mean_ensemble,confidence_distortion,0.8,shadow,2,2,28480,0,2,79bde97f2af91b6533967dc95c6c9cc3f7c4ed861273016849aa5bbe41283329
phase3_audit_full_v1,exploratory,audit,audit_benchmark,credit_card_fraud,static_weighted_ensemble,confidence_distortion,0.8,shadow,2,2,28480,0,2,06b81cda90c0669810e3b80fbf155d8e5f71782652c706232f491a65bf7335b3
phase3_audit_full_v1,exploratory,audit,audit_benchmark,credit_card_fraud,veto_mavs,confidence_distortion,0.8,shadow,2,2,28480,28480,2,70512eb61679a788b7d65b05dbb4345e76301aab5a0a5e829f7265a77b104f56
phase3_audit_full_v1,exploratory,audit,audit_benchmark,credit_card_fraud,pure_mavs_gc,confidence_distortion,0.8,shadow,2,2,28480,28480,2,6cd98a9d7be587098a9472ab0a1ac80175a1df904f194fa50b7ae0bb78f9d35e
phase3_audit_full_v1,exploratory,audit,audit_benchmark,credit_card_fraud,single_model,confidence_distortion,1.0,audit,3,3,42720,0,3,bb1356f5320e7ac1f86d1e22b709095d20c8f4a5ab62188a7d2624dd73516a86
phase3_audit_full_v1,exploratory,audit,audit_benchmark,credit_card_fraud,mean_ensemble,confidence_distortion,1.0,audit,3,3,42720,0,3,b72a55ab49f2b9b9a504bf471faab830584c8f54a055af7c8e21df26742bb7e8
phase3_audit_full_v1,exploratory,audit,audit_benchmark,credit_card_fraud,static_weighted_ensemble,confidence_distortion,1.0,audit,3,3,42720,0,3,d22731e37c479b085a827e6096d6fb833051aa761fa4e825f72faf73c5fbf8ae
phase3_audit_full_v1,exploratory,audit,audit_benchmark,credit_card_fraud,veto_mavs,confidence_distortion,1.0,audit,3,3,42720,42720,3,105b639e77f804eb009745c8ac3155b5e183b5c829a306f139cc83c2aaff6b4b
phase3_audit_full_v1,exploratory,audit,audit_benchmark,credit_card_fraud,pure_mavs_gc,confidence_distortion,1.0,audit,3,3,42720,42720,3,de7a758c1702587e9f5704939179bc39cade9c017ecbac5b0534f2d868bc7c3f
phase3_audit_full_v1,exploratory,audit,audit_benchmark,credit_card_fraud,single_model,confidence_distortion,1.0,shadow,2,2,28480,0,2,ad3609f4caa0d5b5f6e85ebb6e2ed4a1cce738cf3d1d4693ce7a328f08d8ad1b
phase3_audit_full_v1,exploratory,audit,audit_benchmark,credit_card_fraud,mean_ensemble,confidence_distortion,1.0,shadow,2,2,28480,0,2,3fbd78de7b735c76ecae9dd97c127cae982060c40a8b6647beddd954a9f3d6d4
phase3_audit_full_v1,exploratory,audit,audit_benchmark,credit_card_fraud,static_weighted_ensemble,confidence_distortion,1.0,shadow,2,2,28480,0,2,8aad673279086b00d7f746812c4b2b89edbbbc852fbabe4aadc7fa8eaa0fa86b
phase3_audit_full_v1,exploratory,audit,audit_benchmark,credit_card_fraud,veto_mavs,confidence_distortion,1.0,shadow,2,2,28480,28480,2,52ec83a86865def16541cb6153b10e18505ab6d45c697dedd58341207a63c87a
phase3_audit_full_v1,exploratory,audit,audit_benchmark,credit_card_fraud,pure_mavs_gc,confidence_distortion,1.0,shadow,2,2,28480,28480,2,3d80691746827617502dfa9b314496b334b17b7b89cf94ec4ddeda247e8150b2
phase3_audit_full_v1,exploratory,audit,audit_benchmark,credit_card_fraud,single_model,adversarial_confidence_inflation,0.0,audit,3,3,42720,0,3,bda4bc35424c808bd806a6488401b38b0dc43a0488ac2208d1f5c443f555a578
phase3_audit_full_v1,exploratory,audit,audit_benchmark,credit_card_fraud,mean_ensemble,adversarial_confidence_inflation,0.0,audit,3,3,42720,0,3,72a6deb404ee1338d6caceea971133001322b80fde6440653115fc3a4e5fdfbc
phase3_audit_full_v1,exploratory,audit,audit_benchmark,credit_card_fraud,static_weighted_ensemble,adversarial_confidence_inflation,0.0,audit,3,3,42720,0,3,5960c64df5300a9288ed0b3b1f67fe402cb875faa8500c5bf537e69279f8f0e1
phase3_audit_full_v1,exploratory,audit,audit_benchmark,credit_card_fraud,veto_mavs,adversarial_confidence_inflation,0.0,audit,3,3,42720,42720,3,37ddcd70c618760fe1ad8c1ed1acecd43d16974353ebc1b0f70869e959903cac
phase3_audit_full_v1,exploratory,audit,audit_benchmark,credit_card_fraud,pure_mavs_gc,adversarial_confidence_inflation,0.0,audit,3,3,42720,42720,3,fd090d82e2faa8f4dff8cfb4984d5297961deea342853ee597ec269386b878d4
phase3_audit_full_v1,exploratory,audit,audit_benchmark,credit_card_fraud,single_model,adversarial_confidence_inflation,0.0,shadow,2,2,28480,0,2,e15231627bc067d5e029128c0d7eee0dc31c7851f8b95b001a01cef86e5555f6
phase3_audit_full_v1,exploratory,audit,audit_benchmark,credit_card_fraud,mean_ensemble,adversarial_confidence_inflation,0.0,shadow,2,2,28480,0,2,c44b4c4e136b133bc01b18372b7c9b9a1c3b2e621907b3266fc90513ab93b28d
phase3_audit_full_v1,exploratory,audit,audit_benchmark,credit_card_fraud,static_weighted_ensemble,adversarial_confidence_inflation,0.0,shadow,2,2,28480,0,2,db0d10cc58fe80be04b13f4e9fa66f0cec7447510e21de21a9f6c35cd6788796
phase3_audit_full_v1,exploratory,audit,audit_benchmark,credit_card_fraud,veto_mavs,adversarial_confidence_inflation,0.0,shadow,2,2,28480,28480,2,7b8021a66f38d8faa8d7bb422a4b837f379410944f0c3a53da9950a1b7c39e0c
phase3_audit_full_v1,exploratory,audit,audit_benchmark,credit_card_fraud,pure_mavs_gc,adversarial_confidence_inflation,0.0,shadow,2,2,28480,28480,2,520a0566888fa22daf6661bbaa897fd39f54aa74ebbb96d7dbed3de157dd1062
phase3_audit_full_v1,exploratory,audit,audit_benchmark,credit_card_fraud,single_model,adversarial_confidence_inflation,0.05,audit,3,3,42720,0,3,2b37f2b09801ce108ee62a5e7c329a46a7f69729a77a329a908e9152892469e8
phase3_audit_full_v1,exploratory,audit,audit_benchmark,credit_card_fraud,mean_ensemble,adversarial_confidence_inflation,0.05,audit,3,3,42720,0,3,c560fe12069992c97a6063a7bb0d3c69ccaa5e20fa2549e7ad7f62e4b3be13e7
phase3_audit_full_v1,exploratory,audit,audit_benchmark,credit_card_fraud,static_weighted_ensemble,adversarial_confidence_inflation,0.05,audit,3,3,42720,0,3,07e763c4bcf6446fb21f07a8cfd0c43c9a43927c431d15d1622f7c02976c50dd
phase3_audit_full_v1,exploratory,audit,audit_benchmark,credit_card_fraud,veto_mavs,adversarial_confidence_inflation,0.05,audit,3,3,42720,42720,3,a923bd66e8f56fd13c649439644e489e5bf26cb7af728eb7f24e6c61538a6a62
phase3_audit_full_v1,exploratory,audit,audit_benchmark,credit_card_fraud,pure_mavs_gc,adversarial_confidence_inflation,0.05,audit,3,3,42720,42720,3,adaeca0ba322db0e953e56d6635b5b6e3dbfe0c045319338cfbf70a32eb37840
phase3_audit_full_v1,exploratory,audit,audit_benchmark,credit_card_fraud,single_model,adversarial_confidence_inflation,0.05,shadow,2,2,28480,0,2,bb8e92942c8c17e9dae0054b006d5b1f633b2edb934a26b73a0354b7361292cf
phase3_audit_full_v1,exploratory,audit,audit_benchmark,credit_card_fraud,mean_ensemble,adversarial_confidence_inflation,0.05,shadow,2,2,28480,0,2,4683c4d3dcbd047a2e1b70f752edd02c60c0e865b4291cf103b5e5455e14c4cb
phase3_audit_full_v1,exploratory,audit,audit_benchmark,credit_card_fraud,static_weighted_ensemble,adversarial_confidence_inflation,0.05,shadow,2,2,28480,0,2,f159bdb926633655ac0aa1fec7c2d449c3a2fc679d2183e9fb5b576ce8ba8121
phase3_audit_full_v1,exploratory,audit,audit_benchmark,credit_card_fraud,veto_mavs,adversarial_confidence_inflation,0.05,shadow,2,2,28480,28480,2,bb30c51f7b63abc8d83cd787b55b5350db6b7d76351d5a39398bdc2b2b0b4db1
phase3_audit_full_v1,exploratory,audit,audit_benchmark,credit_card_fraud,pure_mavs_gc,adversarial_confidence_inflation,0.05,shadow,2,2,28480,28480,2,4d0bf0a5fe7499ed500fe601f0a957ea06484da8e3cdb8c86a984d2f891cc645
phase3_audit_full_v1,exploratory,audit,audit_benchmark,credit_card_fraud,single_model,adversarial_confidence_inflation,0.1,audit,3,3,42720,0,3,bcb7b114dca899a2a8a7b90c5401d206d71219d4a4d7fcd934bbaa519c02292d
phase3_audit_full_v1,exploratory,audit,audit_benchmark,credit_card_fraud,mean_ensemble,adversarial_confidence_inflation,0.1,audit,3,3,42720,0,3,6aaa67c3fc5b77fcc5900d9e904da11104ffaf0973787c912314869a4fe22339
phase3_audit_full_v1,exploratory,audit,audit_benchmark,credit_card_fraud,static_weighted_ensemble,adversarial_confidence_inflation,0.1,audit,3,3,42720,0,3,3e8af851424b51ed4f3391a9265534fa814b785ecd63347be15a22b9fd56648d
phase3_audit_full_v1,exploratory,audit,audit_benchmark,credit_card_fraud,veto_mavs,adversarial_confidence_inflation,0.1,audit,3,3,42720,42720,3,123d46a9c8a521da8d83a4b7cabfcfafbede6f9cc5f8523ce2adaa915bab2d0e
phase3_audit_full_v1,exploratory,audit,audit_benchmark,credit_card_fraud,pure_mavs_gc,adversarial_confidence_inflation,0.1,audit,3,3,42720,42720,3,6b56e3c03f3e27782bb606643e490b7589f0a63c1ab6c1d2823470a9f0f8d828
phase3_audit_full_v1,exploratory,audit,audit_benchmark,credit_card_fraud,single_model,adversarial_confidence_inflation,0.1,shadow,2,2,28480,0,2,f5bbbe912cc5457a845399865b8c36736986f2a832dfdbb1af2257bd282c1a7f
phase3_audit_full_v1,exploratory,audit,audit_benchmark,credit_card_fraud,mean_ensemble,adversarial_confidence_inflation,0.1,shadow,2,2,28480,0,2,aa7521eec47f7e96947d9545decd9785676c23397d35495c0c9747f6db79517f
phase3_audit_full_v1,exploratory,audit,audit_benchmark,credit_card_fraud,static_weighted_ensemble,adversarial_confidence_inflation,0.1,shadow,2,2,28480,0,2,b4f3fff4d653f80395788b58219645bba40937f450aa3c20d4d098c1054c164f
phase3_audit_full_v1,exploratory,audit,audit_benchmark,credit_card_fraud,veto_mavs,adversarial_confidence_inflation,0.1,shadow,2,2,28480,28480,2,c8dff56826a0d285c81348b20118461c3eb5459a9f1ea6b1bbaa4b8b21262716
phase3_audit_full_v1,exploratory,audit,audit_benchmark,credit_card_fraud,pure_mavs_gc,adversarial_confidence_inflation,0.1,shadow,2,2,28480,28480,2,6cf6da47647b1c4f3069a8e3baad065eb8a5068e58ed1e99bf321210f88fb741
phase3_audit_full_v1,exploratory,audit,audit_benchmark,credit_card_fraud,single_model,adversarial_confidence_inflation,0.2,audit,3,3,42720,0,3,5e3d9b66d641a24fdb32a72c0864c0c711f3de9b82a303de95b5a65ce3bbb2a1
phase3_audit_full_v1,exploratory,audit,audit_benchmark,credit_card_fraud,mean_ensemble,adversarial_confidence_inflation,0.2,audit,3,3,42720,0,3,7e38f1472cc5bd7f749d0f994afc5a48c88a887e3b888e33e45f7f6ed76cac20
phase3_audit_full_v1,exploratory,audit,audit_benchmark,credit_card_fraud,static_weighted_ensemble,adversarial_confidence_inflation,0.2,audit,3,3,42720,0,3,339cdcfa63839c9421460153f884f3dd1ff9418c80680ed64e5099c391790c79
phase3_audit_full_v1,exploratory,audit,audit_benchmark,credit_card_fraud,veto_mavs,adversarial_confidence_inflation,0.2,audit,3,3,42720,42720,3,78b3b8eebf6fa63e476a17121620f2be6d26eb3b18fa4979ca74e9d172b3b08e
phase3_audit_full_v1,exploratory,audit,audit_benchmark,credit_card_fraud,pure_mavs_gc,adversarial_confidence_inflation,0.2,audit,3,3,42720,42720,3,8470483faff4fec8eaafae40715133afcf3603f9ca734a1caf1e587c2237b34e
phase3_audit_full_v1,exploratory,audit,audit_benchmark,credit_card_fraud,single_model,adversarial_confidence_inflation,0.2,shadow,2,2,28480,0,2,3d698748f02fe7f392e6c0882db4957efaa5ee5f0fc0e6ae37e4503808e0baa7
phase3_audit_full_v1,exploratory,audit,audit_benchmark,credit_card_fraud,mean_ensemble,adversarial_confidence_inflation,0.2,shadow,2,2,28480,0,2,b2038d827c03936261e4d610bfb4fa734c9b85f11d72677df23c19697a30e2d5
phase3_audit_full_v1,exploratory,audit,audit_benchmark,credit_card_fraud,static_weighted_ensemble,adversarial_confidence_inflation,0.2,shadow,2,2,28480,0,2,7710a286a232735f9c54178a8991440280cec7a04cb3f0b4e3d5bbbfdbf53f7f
phase3_audit_full_v1,exploratory,audit,audit_benchmark,credit_card_fraud,veto_mavs,adversarial_confidence_inflation,0.2,shadow,2,2,28480,28480,2,8adee49f19c1293d6fd9e693ac7453d40d7d98dc0acf845bcd35ed68b5fc953f
phase3_audit_full_v1,exploratory,audit,audit_benchmark,credit_card_fraud,pure_mavs_gc,adversarial_confidence_inflation,0.2,shadow,2,2,28480,28480,2,aadfe6147dd498c7aa21762d16a9a10917d07fac9a63a89f8e6baee1e29dfcdc
phase3_audit_full_v1,exploratory,audit,audit_benchmark,credit_card_fraud,single_model,adversarial_confidence_inflation,0.4,audit,3,3,42720,0,3,4c13cce276f36eacc559985d5f097e99e6c0db4123f7180ca8bb71462598b721
phase3_audit_full_v1,exploratory,audit,audit_benchmark,credit_card_fraud,mean_ensemble,adversarial_confidence_inflation,0.4,audit,3,3,42720,0,3,186d2ee5cb09facb664886792352ec01d89e315e6f2c5c5d1817163dc1439ec1
phase3_audit_full_v1,exploratory,audit,audit_benchmark,credit_card_fraud,static_weighted_ensemble,adversarial_confidence_inflation,0.4,audit,3,3,42720,0,3,de61d09480dc00efae6d31e8fdbe8c3197570b3bc8aa20154960e4fee91031b6
phase3_audit_full_v1,exploratory,audit,audit_benchmark,credit_card_fraud,veto_mavs,adversarial_confidence_inflation,0.4,audit,3,3,42720,42720,3,f78afa8283534841f2aa9d5680c21a00c358d8c125c81bac6a9748065dafca22
phase3_audit_full_v1,exploratory,audit,audit_benchmark,credit_card_fraud,pure_mavs_gc,adversarial_confidence_inflation,0.4,audit,3,3,42720,42720,3,5aa6759bf5b9fed081ad7d0f8c6bb64cea9c13ee0c44b5b036fc0d965f1ac1da
phase3_audit_full_v1,exploratory,audit,audit_benchmark,credit_card_fraud,single_model,adversarial_confidence_inflation,0.4,shadow,2,2,28480,0,2,a56a3ec6124cb107f6412f3dd9f504446d782b17f5e9191a4b70d1376e10b626
phase3_audit_full_v1,exploratory,audit,audit_benchmark,credit_card_fraud,mean_ensemble,adversarial_confidence_inflation,0.4,shadow,2,2,28480,0,2,b83b53a90ec2fd1a44dbbbf817baa3f6d6c2b668d9f09e4dfd3bc308767bc883
phase3_audit_full_v1,exploratory,audit,audit_benchmark,credit_card_fraud,static_weighted_ensemble,adversarial_confidence_inflation,0.4,shadow,2,2,28480,0,2,42cb8415c3f208ade5620e8635c1aa8788704d1bfa984aa398e42fd42802b764
phase3_audit_full_v1,exploratory,audit,audit_benchmark,credit_card_fraud,veto_mavs,adversarial_confidence_inflation,0.4,shadow,2,2,28480,28480,2,2fa964c6a942b0dc52d0a1d14449f51c3efdaf9d5c919707a27c2deff752df0a
phase3_audit_full_v1,exploratory,audit,audit_benchmark,credit_card_fraud,pure_mavs_gc,adversarial_confidence_inflation,0.4,shadow,2,2,28480,28480,2,75055e9f1d955e98484ad9ed8dbd24d41d05683ffff2a219b86f4d2bd26b6923
phase3_audit_full_v1,exploratory,audit,audit_benchmark,credit_card_fraud,single_model,adversarial_confidence_inflation,0.6,audit,3,3,42720,0,3,fd7128e8bc5f91b82fef049c3324a1cf02b5779013f72fa415cbe078f52c1e47
phase3_audit_full_v1,exploratory,audit,audit_benchmark,credit_card_fraud,mean_ensemble,adversarial_confidence_inflation,0.6,audit,3,3,42720,0,3,30a5bdc43fdf581b5b35a3c495a1ce765eb133718270efd6605b9b884b31c487
phase3_audit_full_v1,exploratory,audit,audit_benchmark,credit_card_fraud,static_weighted_ensemble,adversarial_confidence_inflation,0.6,audit,3,3,42720,0,3,db88584b08d61aa873c3b6ac916381d743a5aae53e943c100eba52d2a9f1421c
phase3_audit_full_v1,exploratory,audit,audit_benchmark,credit_card_fraud,veto_mavs,adversarial_confidence_inflation,0.6,audit,3,3,42720,42720,3,bf30f2c50935ba89acd0d22f4e93f31f8b4ce8846a1074a4204101c80fac499e
phase3_audit_full_v1,exploratory,audit,audit_benchmark,credit_card_fraud,pure_mavs_gc,adversarial_confidence_inflation,0.6,audit,3,3,42720,42720,3,c0146cfde01b27ee7ff25d3d2b66146ac9739b9aacbb559d468f92d25939f67b
phase3_audit_full_v1,exploratory,audit,audit_benchmark,credit_card_fraud,single_model,adversarial_confidence_inflation,0.6,shadow,2,2,28480,0,2,e747a315709ff033a7541ea1750c36fa31bd45914477646e9ceb180de4486efc
phase3_audit_full_v1,exploratory,audit,audit_benchmark,credit_card_fraud,mean_ensemble,adversarial_confidence_inflation,0.6,shadow,2,2,28480,0,2,61a2aa0929eccabea07147a6cad58341407522a58ab32781e2645b71657f86a5
phase3_audit_full_v1,exploratory,audit,audit_benchmark,credit_card_fraud,static_weighted_ensemble,adversarial_confidence_inflation,0.6,shadow,2,2,28480,0,2,bde0633c5644ac7e44a64e5da8f653ff44bb0b22b3a099597f4a2ed57052ae93
phase3_audit_full_v1,exploratory,audit,audit_benchmark,credit_card_fraud,veto_mavs,adversarial_confidence_inflation,0.6,shadow,2,2,28480,28480,2,ba78dd3147dd35939e25f477c840f0803ea8ed2fd7ed8bd89e3727d5046b5025
phase3_audit_full_v1,exploratory,audit,audit_benchmark,credit_card_fraud,pure_mavs_gc,adversarial_confidence_inflation,0.6,shadow,2,2,28480,28480,2,0238bdeb5232e4a871ac018237cb4ad01211a367213090b1885da0c7544f9288
phase3_audit_full_v1,exploratory,audit,audit_benchmark,credit_card_fraud,single_model,adversarial_confidence_inflation,0.8,audit,3,3,42720,0,3,e66bae3dacc5f78941e22a92c087a0883543104a8ac64918a9f81996752f9c12
phase3_audit_full_v1,exploratory,audit,audit_benchmark,credit_card_fraud,mean_ensemble,adversarial_confidence_inflation,0.8,audit,3,3,42720,0,3,f444b86651e1a2681d643cdc7fd7cec87dea23df12b287988f186f726134066b
phase3_audit_full_v1,exploratory,audit,audit_benchmark,credit_card_fraud,static_weighted_ensemble,adversarial_confidence_inflation,0.8,audit,3,3,42720,0,3,43be200610648dadaa62d049a556c30a640b4eb64e92257867f7bb12e4d00f28
phase3_audit_full_v1,exploratory,audit,audit_benchmark,credit_card_fraud,veto_mavs,adversarial_confidence_inflation,0.8,audit,3,3,42720,42720,3,6f0b834e5ae4cdfb18291bdd76319caf40091e6fcafa4d7836c89e087d76f773
phase3_audit_full_v1,exploratory,audit,audit_benchmark,credit_card_fraud,pure_mavs_gc,adversarial_confidence_inflation,0.8,audit,3,3,42720,42720,3,3be04f32199e4cb9ed0b4fddfbd11496f83700aef3626dbc4e93b88712a9eb1a
phase3_audit_full_v1,exploratory,audit,audit_benchmark,credit_card_fraud,single_model,adversarial_confidence_inflation,0.8,shadow,2,2,28480,0,2,a5c9048f3c37b2431729776071708629d15a53671665134f1c9888fd73c6842c
phase3_audit_full_v1,exploratory,audit,audit_benchmark,credit_card_fraud,mean_ensemble,adversarial_confidence_inflation,0.8,shadow,2,2,28480,0,2,bff6a63b31f2aeeb0a90e7ff97b56477dc82149308de278617c5637b58d9cfd1
phase3_audit_full_v1,exploratory,audit,audit_benchmark,credit_card_fraud,static_weighted_ensemble,adversarial_confidence_inflation,0.8,shadow,2,2,28480,0,2,6bcf68cd6ef9be2e95d3db4698bffdd212484452e4546c39056b5a4ee9554916
phase3_audit_full_v1,exploratory,audit,audit_benchmark,credit_card_fraud,veto_mavs,adversarial_confidence_inflation,0.8,shadow,2,2,28480,28480,2,094793c2a5ffc5032991c860a6ff374012e608405fd37807b80d0bec9c80fb12
phase3_audit_full_v1,exploratory,audit,audit_benchmark,credit_card_fraud,pure_mavs_gc,adversarial_confidence_inflation,0.8,shadow,2,2,28480,28480,2,c140ee60297d15ec0d713ea1398e4778bf4d7bd29cd93ef3d8930f0f2b4c9665
phase3_audit_full_v1,exploratory,audit,audit_benchmark,credit_card_fraud,single_model,adversarial_confidence_inflation,1.0,audit,3,3,42720,0,3,3f2751abbd4738c68e9233041fc65149ba46790d4822c913f0aeb00ba8d6d597
phase3_audit_full_v1,exploratory,audit,audit_benchmark,credit_card_fraud,mean_ensemble,adversarial_confidence_inflation,1.0,audit,3,3,42720,0,3,017f55d2f7117356c3c5ad762937a59b602fd21a22dc026561dd2ac7b43e65e6
phase3_audit_full_v1,exploratory,audit,audit_benchmark,credit_card_fraud,static_weighted_ensemble,adversarial_confidence_inflation,1.0,audit,3,3,42720,0,3,4a91944ffe147b3d92cf6b34edd91cc0577c14efd37362f3b06c07b89c98617a
phase3_audit_full_v1,exploratory,audit,audit_benchmark,credit_card_fraud,veto_mavs,adversarial_confidence_inflation,1.0,audit,3,3,42720,42720,3,e311744dca7e85e3e7565d500d1d8196361df6c8a6b00aa9fa2698d410a1580d
phase3_audit_full_v1,exploratory,audit,audit_benchmark,credit_card_fraud,pure_mavs_gc,adversarial_confidence_inflation,1.0,audit,3,3,42720,42720,3,cf82272f36ed877e26c239906f18c2cb057842ae6d634403ad1d24dd55994b00
phase3_audit_full_v1,exploratory,audit,audit_benchmark,credit_card_fraud,single_model,adversarial_confidence_inflation,1.0,shadow,2,2,28480,0,2,0ad0c994afb963f5932857e56664b7916acbe25eda5b3ba1ed4c5e5bea3b83ef
phase3_audit_full_v1,exploratory,audit,audit_benchmark,credit_card_fraud,mean_ensemble,adversarial_confidence_inflation,1.0,shadow,2,2,28480,0,2,c410abfa66c599bda184a1f683f23c9080fe435981c7adfbc7221e8a97b88210
phase3_audit_full_v1,exploratory,audit,audit_benchmark,credit_card_fraud,static_weighted_ensemble,adversarial_confidence_inflation,1.0,shadow,2,2,28480,0,2,af64517d4b5738b5d12a4c3aed905871e0bbe3a6c33ea77a5f26f4ad0a3fd53e
phase3_audit_full_v1,exploratory,audit,audit_benchmark,credit_card_fraud,veto_mavs,adversarial_confidence_inflation,1.0,shadow,2,2,28480,28480,2,b2c1cdd04b979ee413ccf9d087c71fb230bc5586dbc79a98a5a25764ad41be9c
phase3_audit_full_v1,exploratory,audit,audit_benchmark,credit_card_fraud,pure_mavs_gc,adversarial_confidence_inflation,1.0,shadow,2,2,28480,28480,2,77b919e38a45ee1dafbc25ec1972a2ea9f2db5fd8509ef73af804e1bf147f6ac
phase3_audit_full_v1,exploratory,audit,audit_benchmark,credit_card_fraud,single_model,distribution_shift,0.0,audit,3,3,42720,0,3,f1e9ae3d0a8a2790a5b8762788f23c64f98b09e93a4e42d0733e592cc72c00d9
phase3_audit_full_v1,exploratory,audit,audit_benchmark,credit_card_fraud,mean_ensemble,distribution_shift,0.0,audit,3,3,42720,0,3,335e13d89f3796d09a164ae70b3bb9f9c3e9cda5c66d85e0dce59ce5ed4c97b4
phase3_audit_full_v1,exploratory,audit,audit_benchmark,credit_card_fraud,static_weighted_ensemble,distribution_shift,0.0,audit,3,3,42720,0,3,f670d0779859129838ed1edcef9f580413131c0144be1c9d58c5f49039b10bfa
phase3_audit_full_v1,exploratory,audit,audit_benchmark,credit_card_fraud,veto_mavs,distribution_shift,0.0,audit,3,3,42720,42720,3,855520818b3542a2a3a0c66dbff68d4ff646e371f327f8a295d9a041060585ed
phase3_audit_full_v1,exploratory,audit,audit_benchmark,credit_card_fraud,pure_mavs_gc,distribution_shift,0.0,audit,3,3,42720,42720,3,259baefa0585c36852d351fbd11e77038405e3daea807593a5b54993d86125a6
phase3_audit_full_v1,exploratory,audit,audit_benchmark,credit_card_fraud,single_model,distribution_shift,0.0,shadow,2,2,28480,0,2,7c21c1056b9a9933536362f7365e9646495bee07e2421193d3793cc105659a7c
phase3_audit_full_v1,exploratory,audit,audit_benchmark,credit_card_fraud,mean_ensemble,distribution_shift,0.0,shadow,2,2,28480,0,2,6538d5a6904523305457cab903b77bb7560570e6b949aaa8cdebcb14693b6bff
phase3_audit_full_v1,exploratory,audit,audit_benchmark,credit_card_fraud,static_weighted_ensemble,distribution_shift,0.0,shadow,2,2,28480,0,2,e6796538b5212bf8c9ed52781a94a19f0ad553bdb4e93484f90ab7dedee1d3ef
phase3_audit_full_v1,exploratory,audit,audit_benchmark,credit_card_fraud,veto_mavs,distribution_shift,0.0,shadow,2,2,28480,28480,2,2f0a649386252d175435284a32b7fcd5b08cb09ee6e2c17cb6af15bcd3ebc862
phase3_audit_full_v1,exploratory,audit,audit_benchmark,credit_card_fraud,pure_mavs_gc,distribution_shift,0.0,shadow,2,2,28480,28480,2,412ec047dcc4e7b4acd6e30d19dfc4506b1f022c0965fe50ab8e60c7f5fbf4ba
phase3_audit_full_v1,exploratory,audit,audit_benchmark,credit_card_fraud,single_model,distribution_shift,0.05,audit,3,3,41334,0,3,ae3f904a7b746001e3363ea68b9e42650ae15359d0008169346a37c974c28dc1
phase3_audit_full_v1,exploratory,audit,audit_benchmark,credit_card_fraud,mean_ensemble,distribution_shift,0.05,audit,3,3,41334,0,3,60424137bcfecc26e1c027b6c23f4cd6b1491f2d605fe5b24fcd1137d4f97b63
phase3_audit_full_v1,exploratory,audit,audit_benchmark,credit_card_fraud,static_weighted_ensemble,distribution_shift,0.05,audit,3,3,41334,0,3,1b8e6aa709c9f68e83c9b5cf3bc4b392bc318e13a533ed33f5364e7b5c5af69d
phase3_audit_full_v1,exploratory,audit,audit_benchmark,credit_card_fraud,veto_mavs,distribution_shift,0.05,audit,3,3,41334,41334,3,acd963a89922f87f0b263357168191b0b4a79c9f5eceb843e78a8fe6c556043b
phase3_audit_full_v1,exploratory,audit,audit_benchmark,credit_card_fraud,pure_mavs_gc,distribution_shift,0.05,audit,3,3,41334,41334,3,b54667de8daf2becab4afe05c0d0f0e49dedf9353be0d2c6912d3c36e4b42835
phase3_audit_full_v1,exploratory,audit,audit_benchmark,credit_card_fraud,single_model,distribution_shift,0.05,shadow,2,2,27556,0,2,e419d38aeef4aded432efb358438c41743e5a458fe8f77539cea3d25399b78fc
phase3_audit_full_v1,exploratory,audit,audit_benchmark,credit_card_fraud,mean_ensemble,distribution_shift,0.05,shadow,2,2,27556,0,2,071ff3855cd4008e15f067f4ba5a2e91d8597a3bb950f74c6331c9dd71eabff9
phase3_audit_full_v1,exploratory,audit,audit_benchmark,credit_card_fraud,static_weighted_ensemble,distribution_shift,0.05,shadow,2,2,27556,0,2,18d63e757740c30997ac42c595477b4925478fb2a9eedfee9cce756493e25555
phase3_audit_full_v1,exploratory,audit,audit_benchmark,credit_card_fraud,veto_mavs,distribution_shift,0.05,shadow,2,2,27556,27556,2,86852287b22d38ed8b038ea84f4b4601eb25ad32702e81383823b5f4fa5a0764
phase3_audit_full_v1,exploratory,audit,audit_benchmark,credit_card_fraud,pure_mavs_gc,distribution_shift,0.05,shadow,2,2,27556,27556,2,3b5776beb6fd887597c74514142cadc7d45695cc5c904fb21da8fab166bb5967
phase3_audit_full_v1,exploratory,audit,audit_benchmark,credit_card_fraud,single_model,distribution_shift,0.1,audit,3,3,39945,0,3,0eedcd99633772c4e8e98851948a702c443e4c0cb4a14ebd6a78e1f66b233e06
phase3_audit_full_v1,exploratory,audit,audit_benchmark,credit_card_fraud,mean_ensemble,distribution_shift,0.1,audit,3,3,39945,0,3,e4d8cc82fd331cf1d376eefa5db7062ee35c7b70ac13d4d9d262298cc262aee9
phase3_audit_full_v1,exploratory,audit,audit_benchmark,credit_card_fraud,static_weighted_ensemble,distribution_shift,0.1,audit,3,3,39945,0,3,2a359f0f7acfa84c148eac57cb3a0b10bdcafe351f7a63efde6f0e1e019c0648
phase3_audit_full_v1,exploratory,audit,audit_benchmark,credit_card_fraud,veto_mavs,distribution_shift,0.1,audit,3,3,39945,39945,3,088ee5694bd0609351ebe0289d1bbfe53ff180d1ec01c98b844932b2fc2b23fe
phase3_audit_full_v1,exploratory,audit,audit_benchmark,credit_card_fraud,pure_mavs_gc,distribution_shift,0.1,audit,3,3,39945,39945,3,08b04be6e6e113cef9b99223950c447250c2825fa03ee07d587c89ca148a182f
phase3_audit_full_v1,exploratory,audit,audit_benchmark,credit_card_fraud,single_model,distribution_shift,0.1,shadow,2,2,26630,0,2,871aa3e39ef962fc6687f71f817953b03aefa1bc468e2eb4241c9cf753c405c4
phase3_audit_full_v1,exploratory,audit,audit_benchmark,credit_card_fraud,mean_ensemble,distribution_shift,0.1,shadow,2,2,26630,0,2,21bb8b357ce756ae6ea036a4aa170d48f6e2a4223174416d6dd0628830158de2
phase3_audit_full_v1,exploratory,audit,audit_benchmark,credit_card_fraud,static_weighted_ensemble,distribution_shift,0.1,shadow,2,2,26630,0,2,a4e27cb0580c5199a06708591af90029db340d8f4805f3982d410658c9675912
phase3_audit_full_v1,exploratory,audit,audit_benchmark,credit_card_fraud,veto_mavs,distribution_shift,0.1,shadow,2,2,26630,26630,2,908746edb2e490b64bd9ec1e533be6686564b75b3431c094a71e2368e86a1aef
phase3_audit_full_v1,exploratory,audit,audit_benchmark,credit_card_fraud,pure_mavs_gc,distribution_shift,0.1,shadow,2,2,26630,26630,2,fb070b997ff7daf32f09932dbba4bcc9dc7eadb4432bee485792ac010ea5854e
phase3_audit_full_v1,exploratory,audit,audit_benchmark,credit_card_fraud,single_model,distribution_shift,0.2,audit,3,3,37167,0,3,f611cb1a12493cb26a663b4fa9be8b27fda6ecbcc47af05c785a4693715c1b0d
phase3_audit_full_v1,exploratory,audit,audit_benchmark,credit_card_fraud,mean_ensemble,distribution_shift,0.2,audit,3,3,37167,0,3,4b4d096b2cd881265e57449027f7bad5d34b769a086815dff470cf32e65d713c
phase3_audit_full_v1,exploratory,audit,audit_benchmark,credit_card_fraud,static_weighted_ensemble,distribution_shift,0.2,audit,3,3,37167,0,3,79435d0083dae0d8b7345ededdbf5020e26aedcfa4c07acd330c6b3bc657efce
phase3_audit_full_v1,exploratory,audit,audit_benchmark,credit_card_fraud,veto_mavs,distribution_shift,0.2,audit,3,3,37167,37167,3,5c0cb41cd4836f1e6fb009fce35ef8849d1e14db00a67a4b8ccf1f72741784f0
phase3_audit_full_v1,exploratory,audit,audit_benchmark,credit_card_fraud,pure_mavs_gc,distribution_shift,0.2,audit,3,3,37167,37167,3,250eae38326454e5585e3eec25e6d4294fcd910b87ff655be59272fd1608eb1a
phase3_audit_full_v1,exploratory,audit,audit_benchmark,credit_card_fraud,single_model,distribution_shift,0.2,shadow,2,2,24778,0,2,300d2a8618514c0d733b809d0199e02d95eb446e6698eb82f025ef83ae1ec7f4
phase3_audit_full_v1,exploratory,audit,audit_benchmark,credit_card_fraud,mean_ensemble,distribution_shift,0.2,shadow,2,2,24778,0,2,e924ae691211866f1741ee31bc6883ec83b2f3dfc155de150b5bdf3a49abcd32
phase3_audit_full_v1,exploratory,audit,audit_benchmark,credit_card_fraud,static_weighted_ensemble,distribution_shift,0.2,shadow,2,2,24778,0,2,261a0c2b8860de1676f1564478b7eef52a779365b44b7553f7fd0f1e878e7f71
phase3_audit_full_v1,exploratory,audit,audit_benchmark,credit_card_fraud,veto_mavs,distribution_shift,0.2,shadow,2,2,24778,24778,2,c8c6b504a8beba290ea1bf8f92a49aa15ca419e88333b86fda607e9aff23d484
phase3_audit_full_v1,exploratory,audit,audit_benchmark,credit_card_fraud,pure_mavs_gc,distribution_shift,0.2,shadow,2,2,24778,24778,2,1ef914cfec1115ffa017df3c99cf0d31b02f44d5a4983d63227b77ab8b2699cb
phase3_audit_full_v1,exploratory,audit,audit_benchmark,credit_card_fraud,single_model,distribution_shift,0.4,audit,3,3,31614,0,3,32bc0d1414ed908128fbc5d067a1741143aec6c0a1d43f8179e30dbbf6cd5d0d
phase3_audit_full_v1,exploratory,audit,audit_benchmark,credit_card_fraud,mean_ensemble,distribution_shift,0.4,audit,3,3,31614,0,3,d3e0bc0c8ef7f463eae353f31c4fead66db0b7b820edc6826c4e2ab3cfc1a312
phase3_audit_full_v1,exploratory,audit,audit_benchmark,credit_card_fraud,static_weighted_ensemble,distribution_shift,0.4,audit,3,3,31614,0,3,b0158ee333bdbb919941515eae973eab5fe0ad27bf175bd7717afc010fb24eb9
phase3_audit_full_v1,exploratory,audit,audit_benchmark,credit_card_fraud,veto_mavs,distribution_shift,0.4,audit,3,3,31614,31614,3,b408f9d974ab202e82248affe45b8e7dd9a7f67fe951cfdc36559612a85cf441
phase3_audit_full_v1,exploratory,audit,audit_benchmark,credit_card_fraud,pure_mavs_gc,distribution_shift,0.4,audit,3,3,31614,31614,3,72c83cca30ec37bde3070c40c60ef472f47ba3a8bf9f1f580466789cbc97ce27
phase3_audit_full_v1,exploratory,audit,audit_benchmark,credit_card_fraud,single_model,distribution_shift,0.4,shadow,2,2,21076,0,2,4b538041d618c6d3fa6a6dc55def1aca1be052c4977e571a4292c857016b53e6
phase3_audit_full_v1,exploratory,audit,audit_benchmark,credit_card_fraud,mean_ensemble,distribution_shift,0.4,shadow,2,2,21076,0,2,e883b37ffbe0039cefd45df087396479fcb3a78134cf2932e17cbb9151e9aa10
phase3_audit_full_v1,exploratory,audit,audit_benchmark,credit_card_fraud,static_weighted_ensemble,distribution_shift,0.4,shadow,2,2,21076,0,2,9a760bc8ff379b063749c8ef72b6d97622018d84a28887063923f31d950c8400
phase3_audit_full_v1,exploratory,audit,audit_benchmark,credit_card_fraud,veto_mavs,distribution_shift,0.4,shadow,2,2,21076,21076,2,9294c35178747ee395471aadb8ac21cd229d70312b98137df1bcd8a67e2b01b2
phase3_audit_full_v1,exploratory,audit,audit_benchmark,credit_card_fraud,pure_mavs_gc,distribution_shift,0.4,shadow,2,2,21076,21076,2,d216f841aef47a2dfed960ed44e1dc1ff6b1aa565de0e5871c643ed69bab2007
phase3_audit_full_v1,exploratory,audit,audit_benchmark,credit_card_fraud,single_model,distribution_shift,0.6,audit,3,3,26061,0,3,1b6fff648ad01bf48f9ffd970dbc13c60793e59d655c622a08aa08fa4afd2e38
phase3_audit_full_v1,exploratory,audit,audit_benchmark,credit_card_fraud,mean_ensemble,distribution_shift,0.6,audit,3,3,26061,0,3,1f39a44d35f0200ea3e72dc41c5d27b96215d19ff452850aa6793b6e863a9615
phase3_audit_full_v1,exploratory,audit,audit_benchmark,credit_card_fraud,static_weighted_ensemble,distribution_shift,0.6,audit,3,3,26061,0,3,28dac6ec12d278cdbe2a8a80846ca6c041be9800fd8ecd0cf21fad802b26b6f3
phase3_audit_full_v1,exploratory,audit,audit_benchmark,credit_card_fraud,veto_mavs,distribution_shift,0.6,audit,3,3,26061,26061,3,2c36381eee9de5b021a277b5d8712c2335648be77936fa1632223aa7f10eaf6e
phase3_audit_full_v1,exploratory,audit,audit_benchmark,credit_card_fraud,pure_mavs_gc,distribution_shift,0.6,audit,3,3,26061,26061,3,b24736bb8da0140dbbc275bfa5487f88b8934acd5a15071f395bd762cb4ad246
phase3_audit_full_v1,exploratory,audit,audit_benchmark,credit_card_fraud,single_model,distribution_shift,0.6,shadow,2,2,17374,0,2,8a1838c43f33ea5d178176123faff71f8c9e9e6f5cde5a2b84c2e5284a8e571d
phase3_audit_full_v1,exploratory,audit,audit_benchmark,credit_card_fraud,mean_ensemble,distribution_shift,0.6,shadow,2,2,17374,0,2,ff5ec448490be629d6e91ce6e67e3218d2b2de6eaeb79d26110be48ba9cf8105
phase3_audit_full_v1,exploratory,audit,audit_benchmark,credit_card_fraud,static_weighted_ensemble,distribution_shift,0.6,shadow,2,2,17374,0,2,6856ddba37587f88aeefb907b772814e332a6e96682228ee1304de1441388498
phase3_audit_full_v1,exploratory,audit,audit_benchmark,credit_card_fraud,veto_mavs,distribution_shift,0.6,shadow,2,2,17374,17374,2,4bbecdb92ab802a2597c0dba0cb44da3dea20c5c270538a96fc4cdd48cd30299
phase3_audit_full_v1,exploratory,audit,audit_benchmark,credit_card_fraud,pure_mavs_gc,distribution_shift,0.6,shadow,2,2,17374,17374,2,a1e199641c6be8130bbdbad2d50e5d1f1c7e7ac29cff8bd4aeb51b5eccad49bd
phase3_audit_full_v1,exploratory,audit,audit_benchmark,credit_card_fraud,single_model,distribution_shift,0.8,audit,3,3,20508,0,3,5b285bedec93f5521a982b568ec8020672872426193273273f39cb1d1955304f
phase3_audit_full_v1,exploratory,audit,audit_benchmark,credit_card_fraud,mean_ensemble,distribution_shift,0.8,audit,3,3,20508,0,3,8df38fcb26ef8d20c5a1e8dfa4adf1925b35add1605a7ec2310deccec545e166
phase3_audit_full_v1,exploratory,audit,audit_benchmark,credit_card_fraud,static_weighted_ensemble,distribution_shift,0.8,audit,3,3,20508,0,3,e456b1cb61ad7237e00b260510ab2309e09124fe3deb4089a6fc3fb1a21da647
phase3_audit_full_v1,exploratory,audit,audit_benchmark,credit_card_fraud,veto_mavs,distribution_shift,0.8,audit,3,3,20508,20508,3,5003d6c62586432dbb828af72fb1a3645148c76a6f02e337d1386eb8209e1b69
phase3_audit_full_v1,exploratory,audit,audit_benchmark,credit_card_fraud,pure_mavs_gc,distribution_shift,0.8,audit,3,3,20508,20508,3,497039ed7fb60daadf1a1fd5b92f06f1a722dad4bdbca21a1576eb7b9f04429b
phase3_audit_full_v1,exploratory,audit,audit_benchmark,credit_card_fraud,single_model,distribution_shift,0.8,shadow,2,2,13672,0,2,af9dfa9d05cb98b4c121cc4b6ac4f3d00f33b84c243ed447460feac40f4bdf17
phase3_audit_full_v1,exploratory,audit,audit_benchmark,credit_card_fraud,mean_ensemble,distribution_shift,0.8,shadow,2,2,13672,0,2,d63191f6d5a0baf7b8a06c4b0787180f9497e480dfa6c909c1d74ce97a592db1
phase3_audit_full_v1,exploratory,audit,audit_benchmark,credit_card_fraud,static_weighted_ensemble,distribution_shift,0.8,shadow,2,2,13672,0,2,cc27d99c4190720991a3d57ddfdd75f6c4acdcee009bb175e570af9f87c36cda
phase3_audit_full_v1,exploratory,audit,audit_benchmark,credit_card_fraud,veto_mavs,distribution_shift,0.8,shadow,2,2,13672,13672,2,32c8f36ae7bfbda357baf5c153be7681d301ec5a5aff20da4f65e6964936bd75
phase3_audit_full_v1,exploratory,audit,audit_benchmark,credit_card_fraud,pure_mavs_gc,distribution_shift,0.8,shadow,2,2,13672,13672,2,fb3ac80676fb6032ffbaf32f319d93733f6cf500e1377684bf5972b1b525ea82
phase3_audit_full_v1,exploratory,audit,audit_benchmark,credit_card_fraud,single_model,distribution_shift,1.0,audit,3,3,14952,0,3,a7943b5cc1833539dc84eb5d5d105f4fbd33bceb7111046f7d40451da1b812e7
phase3_audit_full_v1,exploratory,audit,audit_benchmark,credit_card_fraud,mean_ensemble,distribution_shift,1.0,audit,3,3,14952,0,3,cf4a95014dc394e505e0060dbe711101b72e7419af0363f1b4f8f89e44536b75
phase3_audit_full_v1,exploratory,audit,audit_benchmark,credit_card_fraud,static_weighted_ensemble,distribution_shift,1.0,audit,3,3,14952,0,3,8cf715b5a64b739c62144c30c747c46082e639981eee469807aff42e4fbbd0ea
phase3_audit_full_v1,exploratory,audit,audit_benchmark,credit_card_fraud,veto_mavs,distribution_shift,1.0,audit,3,3,14952,14952,3,49449c5e84252aaa05637d0f811952d63341c4c3d616e5adf0824c4eb94c7c9b
phase3_audit_full_v1,exploratory,audit,audit_benchmark,credit_card_fraud,pure_mavs_gc,distribution_shift,1.0,audit,3,3,14952,14952,3,06a565e3d9c1d30e740c7d93ac7ede222e0dc30c570dc0e936b1b60d285caf80
phase3_audit_full_v1,exploratory,audit,audit_benchmark,credit_card_fraud,single_model,distribution_shift,1.0,shadow,2,2,9968,0,2,e85e5b9778c42fccb4a51fc8a2fc1fb15d85e5b5389a2efb79db2597d6460a7e
phase3_audit_full_v1,exploratory,audit,audit_benchmark,credit_card_fraud,mean_ensemble,distribution_shift,1.0,shadow,2,2,9968,0,2,c6202ee31baff407287bfb36e54d09762731cb353be15c45eb7636e827b647e7
phase3_audit_full_v1,exploratory,audit,audit_benchmark,credit_card_fraud,static_weighted_ensemble,distribution_shift,1.0,shadow,2,2,9968,0,2,b1deb52e9a8cbffed846ec4c7c76c0ed5ea1a1378debb07eacae45844b87dc9e
phase3_audit_full_v1,exploratory,audit,audit_benchmark,credit_card_fraud,veto_mavs,distribution_shift,1.0,shadow,2,2,9968,9968,2,86a43f2a58f8aa57b78965455836e4cb496fd80d15694d17f5b8f7ce3f4f4097
phase3_audit_full_v1,exploratory,audit,audit_benchmark,credit_card_fraud,pure_mavs_gc,distribution_shift,1.0,shadow,2,2,9968,9968,2,c33a439c816c2147b56feb9140ebe7288a297c0413bc21591addab9a1e4bcf04
phase3_audit_full_v1,exploratory,audit,audit_benchmark,credit_card_fraud,single_model,synthetic_sensor_failure,0.0,audit,3,3,42720,0,3,8d84aa9095dc032e3213e9da8dfb8e1769185adbf547494eb377d5af491a96f4
phase3_audit_full_v1,exploratory,audit,audit_benchmark,credit_card_fraud,mean_ensemble,synthetic_sensor_failure,0.0,audit,3,3,42720,0,3,22126f5f88c2e03da152da7910aee2f2ae504146865af925a7d4e5be276f63e6
phase3_audit_full_v1,exploratory,audit,audit_benchmark,credit_card_fraud,static_weighted_ensemble,synthetic_sensor_failure,0.0,audit,3,3,42720,0,3,20fc44ff2319d1f4cbf0cba25f2b162bc36c45d4355ada616fe041a2e82bcda4
phase3_audit_full_v1,exploratory,audit,audit_benchmark,credit_card_fraud,veto_mavs,synthetic_sensor_failure,0.0,audit,3,3,42720,42720,3,32cd1669a729a7f63c176f192e0b0d2bfce60b3415bf57237aa62b3ac0aaac5b
phase3_audit_full_v1,exploratory,audit,audit_benchmark,credit_card_fraud,pure_mavs_gc,synthetic_sensor_failure,0.0,audit,3,3,42720,42720,3,6bb6a5c7708e68939f5164d24fc2b83bec0eb4a8d5ba54f080a91df6f0ef1cf3
phase3_audit_full_v1,exploratory,audit,audit_benchmark,credit_card_fraud,single_model,synthetic_sensor_failure,0.0,shadow,2,2,28480,0,2,dd917b02f94ff16aa816b485312cef687f926d811e80fb119bfa43d27ba06474
phase3_audit_full_v1,exploratory,audit,audit_benchmark,credit_card_fraud,mean_ensemble,synthetic_sensor_failure,0.0,shadow,2,2,28480,0,2,ffd376fe50e008229e9897c8e54724c29118792253b55cc5d2ffcc2d14e0c254
phase3_audit_full_v1,exploratory,audit,audit_benchmark,credit_card_fraud,static_weighted_ensemble,synthetic_sensor_failure,0.0,shadow,2,2,28480,0,2,6c70a4f62c98700bd4a4f267e27adb887b3ba981b52dc0ed822c4209223047bb
phase3_audit_full_v1,exploratory,audit,audit_benchmark,credit_card_fraud,veto_mavs,synthetic_sensor_failure,0.0,shadow,2,2,28480,28480,2,081bd72310b0cd9a86df3fd46499b9b5f0057c798cd481a88a9b981e7c99e6a0
phase3_audit_full_v1,exploratory,audit,audit_benchmark,credit_card_fraud,pure_mavs_gc,synthetic_sensor_failure,0.0,shadow,2,2,28480,28480,2,b13f6e50ca078fa63649a6d15b459c54bef6a753146e822680413bb20fd05bc5
phase3_audit_full_v1,exploratory,audit,audit_benchmark,credit_card_fraud,single_model,synthetic_sensor_failure,0.05,audit,3,3,42720,0,3,8db972d2c1e53dc6d632e6f73f0481d641db0435f4ffa1ed1918733610e467be
phase3_audit_full_v1,exploratory,audit,audit_benchmark,credit_card_fraud,mean_ensemble,synthetic_sensor_failure,0.05,audit,3,3,42720,0,3,a6b891f7c91bf3542458743698534f27554ca9dd2feefd4c59ef23ed7535722b
phase3_audit_full_v1,exploratory,audit,audit_benchmark,credit_card_fraud,static_weighted_ensemble,synthetic_sensor_failure,0.05,audit,3,3,42720,0,3,4df4fd86be84c78806c61d02c35123e7fb86ff67ebcd7a5f68a39654c95377db
phase3_audit_full_v1,exploratory,audit,audit_benchmark,credit_card_fraud,veto_mavs,synthetic_sensor_failure,0.05,audit,3,3,42720,42720,3,1eaf988b6f0e235489de543bf35625d47da82c1582e82f5e983e0af396515a5c
phase3_audit_full_v1,exploratory,audit,audit_benchmark,credit_card_fraud,pure_mavs_gc,synthetic_sensor_failure,0.05,audit,3,3,42720,42720,3,a968869d69663f81e2c25f88ecea4b6005a0ad9971d415a1a947e552a038bdea
phase3_audit_full_v1,exploratory,audit,audit_benchmark,credit_card_fraud,single_model,synthetic_sensor_failure,0.05,shadow,2,2,28480,0,2,c2c7c08355f5e3c496847c7b5e3eac0e28ac13905ab29c7da2bc209e08e1c460
phase3_audit_full_v1,exploratory,audit,audit_benchmark,credit_card_fraud,mean_ensemble,synthetic_sensor_failure,0.05,shadow,2,2,28480,0,2,2e84502d08e5064130c687d7138a5b93fde934e0690a022b84c93a5aeb7c3b4f
phase3_audit_full_v1,exploratory,audit,audit_benchmark,credit_card_fraud,static_weighted_ensemble,synthetic_sensor_failure,0.05,shadow,2,2,28480,0,2,13b90a0cd061541c24a16ab4c186ae4694ec6f9fee7f9561f4a2d380402cf58d
phase3_audit_full_v1,exploratory,audit,audit_benchmark,credit_card_fraud,veto_mavs,synthetic_sensor_failure,0.05,shadow,2,2,28480,28480,2,3d6dedc8df9f4d75286b0874d3296f9aa4dc5b4ff14b9b96fba7eadaa84b561f
phase3_audit_full_v1,exploratory,audit,audit_benchmark,credit_card_fraud,pure_mavs_gc,synthetic_sensor_failure,0.05,shadow,2,2,28480,28480,2,01c194922c2b01ec966d9cdb482d4f6e72a4a6aaf3340d3009d13b6e78693918
phase3_audit_full_v1,exploratory,audit,audit_benchmark,credit_card_fraud,single_model,synthetic_sensor_failure,0.1,audit,3,3,42720,0,3,b1da8a94516213577c5010f21f03e42f72a1c640faa2d6c690679d36b0ac521b
phase3_audit_full_v1,exploratory,audit,audit_benchmark,credit_card_fraud,mean_ensemble,synthetic_sensor_failure,0.1,audit,3,3,42720,0,3,64022172b1b1acb7bf9678adc396864984d30dad9aecbb7724c6dbf74adcf190
phase3_audit_full_v1,exploratory,audit,audit_benchmark,credit_card_fraud,static_weighted_ensemble,synthetic_sensor_failure,0.1,audit,3,3,42720,0,3,71ecf3d2f6fd7dfd5d3d263fa00fc2ec1089309ecf5941199da1ef4b1484c06f
phase3_audit_full_v1,exploratory,audit,audit_benchmark,credit_card_fraud,veto_mavs,synthetic_sensor_failure,0.1,audit,3,3,42720,42720,3,5ec438742ec3cd549ac4c03353119e7720de2465cc1ff9788508f13aca7e33b6
phase3_audit_full_v1,exploratory,audit,audit_benchmark,credit_card_fraud,pure_mavs_gc,synthetic_sensor_failure,0.1,audit,3,3,42720,42720,3,96a807afd7db2cd6cc627de954844ae3addef63f00872837f5ee1977bc102978
phase3_audit_full_v1,exploratory,audit,audit_benchmark,credit_card_fraud,single_model,synthetic_sensor_failure,0.1,shadow,2,2,28480,0,2,816c31785f5628d40c13383920b0e69e689f9ba38812bdf6719130aa25976e39
phase3_audit_full_v1,exploratory,audit,audit_benchmark,credit_card_fraud,mean_ensemble,synthetic_sensor_failure,0.1,shadow,2,2,28480,0,2,6fc345dfb3abbc9e0d104fc9d8ef3cec1b09896bd207b9f32c70b0a052debc75
phase3_audit_full_v1,exploratory,audit,audit_benchmark,credit_card_fraud,static_weighted_ensemble,synthetic_sensor_failure,0.1,shadow,2,2,28480,0,2,6c1f38d13876fb5de600d057dd31a6af23406f387e32fda8097349b79867cdae
phase3_audit_full_v1,exploratory,audit,audit_benchmark,credit_card_fraud,veto_mavs,synthetic_sensor_failure,0.1,shadow,2,2,28480,28480,2,562bc26ab82ce4825c9d2598481aa2c0d212aef1c791242f450f1294b1a3c097
phase3_audit_full_v1,exploratory,audit,audit_benchmark,credit_card_fraud,pure_mavs_gc,synthetic_sensor_failure,0.1,shadow,2,2,28480,28480,2,a96b939bb4cb6feee9016c53a2e71d5939500dca6621dbd3fb3e4cfd8256d02a
phase3_audit_full_v1,exploratory,audit,audit_benchmark,credit_card_fraud,single_model,synthetic_sensor_failure,0.2,audit,3,3,42720,0,3,b23e607a35a1c8426d0087e6c92df929cba073abced0498f3d0ecd88b44c3825
phase3_audit_full_v1,exploratory,audit,audit_benchmark,credit_card_fraud,mean_ensemble,synthetic_sensor_failure,0.2,audit,3,3,42720,0,3,c11e438114c5463491b2f3e8f67bf603de27928cf2d8fc8a9469c8c67c2f5f14
phase3_audit_full_v1,exploratory,audit,audit_benchmark,credit_card_fraud,static_weighted_ensemble,synthetic_sensor_failure,0.2,audit,3,3,42720,0,3,89c55cec301f3dd4cf337be1f4951da5788a756a7072401991e4e75314140ab1
phase3_audit_full_v1,exploratory,audit,audit_benchmark,credit_card_fraud,veto_mavs,synthetic_sensor_failure,0.2,audit,3,3,42720,42720,3,ecf780f44d433d43b3da60f4df648e1f94080c1b0d878be4fb56ded2753147b1
phase3_audit_full_v1,exploratory,audit,audit_benchmark,credit_card_fraud,pure_mavs_gc,synthetic_sensor_failure,0.2,audit,3,3,42720,42720,3,71aa84ed3cf915d6d150ca70bb3e74ba6aecf618a240bfb0258696726cd371c6
phase3_audit_full_v1,exploratory,audit,audit_benchmark,credit_card_fraud,single_model,synthetic_sensor_failure,0.2,shadow,2,2,28480,0,2,9778d657f3ac3dc05d57081eca8f5864c6eac138b44a75c8a92afba6b55d03d1
phase3_audit_full_v1,exploratory,audit,audit_benchmark,credit_card_fraud,mean_ensemble,synthetic_sensor_failure,0.2,shadow,2,2,28480,0,2,d6893bb1699357e2f25b7bcfd00a0bafd140afd6b9ef7a392aa7fa3235cfe823
phase3_audit_full_v1,exploratory,audit,audit_benchmark,credit_card_fraud,static_weighted_ensemble,synthetic_sensor_failure,0.2,shadow,2,2,28480,0,2,24337435598df71838c364a241f3f89aca45368a35d9cdd007ac6f0b2df84f1a
phase3_audit_full_v1,exploratory,audit,audit_benchmark,credit_card_fraud,veto_mavs,synthetic_sensor_failure,0.2,shadow,2,2,28480,28480,2,36129cf5aad662580292b9a8f710d340fd22ba428618d17ea8cced63d233482a
phase3_audit_full_v1,exploratory,audit,audit_benchmark,credit_card_fraud,pure_mavs_gc,synthetic_sensor_failure,0.2,shadow,2,2,28480,28480,2,002b20cb011b3400d2e09f60424f65f345b1b60b96e21dd6edc3dfed2441fed9
phase3_audit_full_v1,exploratory,audit,audit_benchmark,credit_card_fraud,single_model,synthetic_sensor_failure,0.4,audit,3,3,42720,0,3,654c2d8dcf1da62bf7c80c4cc946e678061850cc0c91f494c3b5f137b7a241f9
phase3_audit_full_v1,exploratory,audit,audit_benchmark,credit_card_fraud,mean_ensemble,synthetic_sensor_failure,0.4,audit,3,3,42720,0,3,e566a5c5367c3d425f3554a299a9ec8cea8b45c1465d4edd42c4c547332951a6
phase3_audit_full_v1,exploratory,audit,audit_benchmark,credit_card_fraud,static_weighted_ensemble,synthetic_sensor_failure,0.4,audit,3,3,42720,0,3,129a12c128c940301dd08de3d0717cc01f98690dbe7e8543eeb9c48684685119
phase3_audit_full_v1,exploratory,audit,audit_benchmark,credit_card_fraud,veto_mavs,synthetic_sensor_failure,0.4,audit,3,3,42720,42720,3,532ee9cd39581b529d68eaaf6346c2802691eac74e9a32c592d8717a83d99087
phase3_audit_full_v1,exploratory,audit,audit_benchmark,credit_card_fraud,pure_mavs_gc,synthetic_sensor_failure,0.4,audit,3,3,42720,42720,3,d73977135cdc0c25d3fbb136b537720338a1ad1fc1ebdb1880ab3d6c58dd2dd0
phase3_audit_full_v1,exploratory,audit,audit_benchmark,credit_card_fraud,single_model,synthetic_sensor_failure,0.4,shadow,2,2,28480,0,2,1dba8563dbacdb1b2a444d8d3685407dfd2d2d2fc0ec6eeb44d373db9c2607b7
phase3_audit_full_v1,exploratory,audit,audit_benchmark,credit_card_fraud,mean_ensemble,synthetic_sensor_failure,0.4,shadow,2,2,28480,0,2,ddee97bbabb827e4a21fce67b44b3c54a2c4998229244abb89eb01f7ad2f008c
phase3_audit_full_v1,exploratory,audit,audit_benchmark,credit_card_fraud,static_weighted_ensemble,synthetic_sensor_failure,0.4,shadow,2,2,28480,0,2,a1cc4b1d26b49663b3a38c9c1f06ccd3009a40263ea21e13214f439d234e447f
phase3_audit_full_v1,exploratory,audit,audit_benchmark,credit_card_fraud,veto_mavs,synthetic_sensor_failure,0.4,shadow,2,2,28480,28480,2,f4b8ce4999905a424bf1d706afd0d7b78d7723eb9b5fcb34529e30393ced489e
phase3_audit_full_v1,exploratory,audit,audit_benchmark,credit_card_fraud,pure_mavs_gc,synthetic_sensor_failure,0.4,shadow,2,2,28480,28480,2,935b909a5b82219f7fa13e03838f4bfc972e6c804fcecc9ce1de52fd5e44250b
phase3_audit_full_v1,exploratory,audit,audit_benchmark,credit_card_fraud,single_model,synthetic_sensor_failure,0.6,audit,3,3,42720,0,3,e5ec0998d592046cee98aa9982771646a41da3ed08bea0a0fe6d88170cfac933
phase3_audit_full_v1,exploratory,audit,audit_benchmark,credit_card_fraud,mean_ensemble,synthetic_sensor_failure,0.6,audit,3,3,42720,0,3,04602ec0b8717037093747f6d3fe56f6ab2f60ca99e5d06d2f1d011302b0cdeb
phase3_audit_full_v1,exploratory,audit,audit_benchmark,credit_card_fraud,static_weighted_ensemble,synthetic_sensor_failure,0.6,audit,3,3,42720,0,3,16b72b116bc14e2b9b63c4cf44215329c3903d6f18f2405b7171513a3accdcda
phase3_audit_full_v1,exploratory,audit,audit_benchmark,credit_card_fraud,veto_mavs,synthetic_sensor_failure,0.6,audit,3,3,42720,42720,3,6b4ebaed9d29c65353470809ce9f3859b7f5c702b56ea366d68233d35be9de0e
phase3_audit_full_v1,exploratory,audit,audit_benchmark,credit_card_fraud,pure_mavs_gc,synthetic_sensor_failure,0.6,audit,3,3,42720,42720,3,602f971ffa76194539106203d4302550f797cf349d1d438573130d984cbfc1d6
phase3_audit_full_v1,exploratory,audit,audit_benchmark,credit_card_fraud,single_model,synthetic_sensor_failure,0.6,shadow,2,2,28480,0,2,f565c7939e1b9fcc2237d0241734569bae5cee8f99996fd36b5cd4540c803e17
phase3_audit_full_v1,exploratory,audit,audit_benchmark,credit_card_fraud,mean_ensemble,synthetic_sensor_failure,0.6,shadow,2,2,28480,0,2,51475b3226d2532dacea4be29d214ddb880d49aa81ced850fb5753f142e48095
phase3_audit_full_v1,exploratory,audit,audit_benchmark,credit_card_fraud,static_weighted_ensemble,synthetic_sensor_failure,0.6,shadow,2,2,28480,0,2,769efdd56205c083af150ba52d0860255798ed082b2f6cf1926100bfb0004425
phase3_audit_full_v1,exploratory,audit,audit_benchmark,credit_card_fraud,veto_mavs,synthetic_sensor_failure,0.6,shadow,2,2,28480,28480,2,389029f5e0e5903f0158aa3d3a967b9b362d1d9018815d6987aa28702fc16091
phase3_audit_full_v1,exploratory,audit,audit_benchmark,credit_card_fraud,pure_mavs_gc,synthetic_sensor_failure,0.6,shadow,2,2,28480,28480,2,1355dbdb387dd10eeba1bbb040a804dcdca509af1ac9cbf8da0432d35c891d29
phase3_audit_full_v1,exploratory,audit,audit_benchmark,credit_card_fraud,single_model,synthetic_sensor_failure,0.8,audit,3,3,42720,0,3,389c2fbbc7d51c8dac3b5c57f568f653fd261e289503e792c2f9ea8b076d6b86
phase3_audit_full_v1,exploratory,audit,audit_benchmark,credit_card_fraud,mean_ensemble,synthetic_sensor_failure,0.8,audit,3,3,42720,0,3,bc4ed833dd9d70846d9728cdd7029222b4818a28d78b4706b2e82a6a2fe64524
phase3_audit_full_v1,exploratory,audit,audit_benchmark,credit_card_fraud,static_weighted_ensemble,synthetic_sensor_failure,0.8,audit,3,3,42720,0,3,6b9ce97a02914f1dc9cdc4a9a5e8435b35f48c4ac5872dabe332dc9d87e0e96f
phase3_audit_full_v1,exploratory,audit,audit_benchmark,credit_card_fraud,veto_mavs,synthetic_sensor_failure,0.8,audit,3,3,42720,42720,3,1148dc6d26e4215e6f399869511546d024b888e1caafa36bdf0394f5fa561cfc
phase3_audit_full_v1,exploratory,audit,audit_benchmark,credit_card_fraud,pure_mavs_gc,synthetic_sensor_failure,0.8,audit,3,3,42720,42720,3,e2832f6f3554c0e73f3614c77fcbcf8fa06be04fb6af0d23ff26971fcb4d9e25
phase3_audit_full_v1,exploratory,audit,audit_benchmark,credit_card_fraud,single_model,synthetic_sensor_failure,0.8,shadow,2,2,28480,0,2,d86d3c6a64155cd32e001d4fc984f83cb9723ec4832aa41e5049102274e25909
phase3_audit_full_v1,exploratory,audit,audit_benchmark,credit_card_fraud,mean_ensemble,synthetic_sensor_failure,0.8,shadow,2,2,28480,0,2,88b66ea18540591362ea505776f66db16164a422f30603c655010b26ab8121ef
phase3_audit_full_v1,exploratory,audit,audit_benchmark,credit_card_fraud,static_weighted_ensemble,synthetic_sensor_failure,0.8,shadow,2,2,28480,0,2,71c8a0a490be971966a05516f403ae7ad4a9c2c7bfa8ce70288b54f945b80c34
phase3_audit_full_v1,exploratory,audit,audit_benchmark,credit_card_fraud,veto_mavs,synthetic_sensor_failure,0.8,shadow,2,2,28480,28480,2,e28e2d58dc48a40750e48ba1e82b2baab04ead3bd0dc768512cfc512ce9bbe56
phase3_audit_full_v1,exploratory,audit,audit_benchmark,credit_card_fraud,pure_mavs_gc,synthetic_sensor_failure,0.8,shadow,2,2,28480,28480,2,24a31e4edbda25f18f2bf201acaab2ca0e484c3577ab356ec81509c47e8d1169
phase3_audit_full_v1,exploratory,audit,audit_benchmark,credit_card_fraud,single_model,synthetic_sensor_failure,1.0,audit,3,3,42720,0,3,506a5d414083055340fc562b33ac68e630400a3294bf9d3c81e9c01c7c2cc600
phase3_audit_full_v1,exploratory,audit,audit_benchmark,credit_card_fraud,mean_ensemble,synthetic_sensor_failure,1.0,audit,3,3,42720,0,3,f0a14653e62255f93e1b83b2344aaea8f938fd3f75f6437856a94c056d30ec32
phase3_audit_full_v1,exploratory,audit,audit_benchmark,credit_card_fraud,static_weighted_ensemble,synthetic_sensor_failure,1.0,audit,3,3,42720,0,3,10cc46ee2796ae695f59205fc746ba115e40da94faca3904b1cd68373c09e9b9
phase3_audit_full_v1,exploratory,audit,audit_benchmark,credit_card_fraud,veto_mavs,synthetic_sensor_failure,1.0,audit,3,3,42720,42720,3,7ba93db32b1c7979b418d29ec9d758c0016e3f0c90143153838cc16265a0112c
phase3_audit_full_v1,exploratory,audit,audit_benchmark,credit_card_fraud,pure_mavs_gc,synthetic_sensor_failure,1.0,audit,3,3,42720,42720,3,1bc9ca4d39750b7ffc1be6a7455b5bff2306506f1eecbfb75f71f4bdd2fc77ce
phase3_audit_full_v1,exploratory,audit,audit_benchmark,credit_card_fraud,single_model,synthetic_sensor_failure,1.0,shadow,2,2,28480,0,2,d879e4d7d3e73161dd457587c8d4d53ba1c1e6575ac6fbd48c62141442486bbe
phase3_audit_full_v1,exploratory,audit,audit_benchmark,credit_card_fraud,mean_ensemble,synthetic_sensor_failure,1.0,shadow,2,2,28480,0,2,450cd757c295a328dac790bcad544e8c786219aba7a00445153c3cb6f9aa43fa
phase3_audit_full_v1,exploratory,audit,audit_benchmark,credit_card_fraud,static_weighted_ensemble,synthetic_sensor_failure,1.0,shadow,2,2,28480,0,2,284f6500c9db76feb6c3a76b58d53e1a2a944a062569564c7e89bb973a1cacd1
phase3_audit_full_v1,exploratory,audit,audit_benchmark,credit_card_fraud,veto_mavs,synthetic_sensor_failure,1.0,shadow,2,2,28480,28480,2,25879866e01b66afe4e80cd90e7652c8cebf59260688a450a4f6bf59008762b6
phase3_audit_full_v1,exploratory,audit,audit_benchmark,credit_card_fraud,pure_mavs_gc,synthetic_sensor_failure,1.0,shadow,2,2,28480,28480,2,e46ecd3858555dead2ec5930635c553c2610778ac96e8a92c60ed6b935727baf
phase3_audit_full_v1,exploratory,audit,audit_benchmark,credit_card_fraud,single_model,specialist_failure,0.0,audit,3,3,42720,0,3,4b08436384d43489f3786952faf77c33dcadf5a92623fc8dddfe57925a8394ee
phase3_audit_full_v1,exploratory,audit,audit_benchmark,credit_card_fraud,mean_ensemble,specialist_failure,0.0,audit,3,3,42720,0,3,3254e92cdfe09cdcebc6de47b8c2f132853a1bbfb51d2da6c9feb72e7f3deb33
phase3_audit_full_v1,exploratory,audit,audit_benchmark,credit_card_fraud,static_weighted_ensemble,specialist_failure,0.0,audit,3,3,42720,0,3,1145851b8dbfe43b7f91a31ae6799575e45c77fe21b1ebff39dcba51246b1fb2
phase3_audit_full_v1,exploratory,audit,audit_benchmark,credit_card_fraud,veto_mavs,specialist_failure,0.0,audit,3,3,42720,42720,3,184c10fb25e59e7e219ca5c30f225de6f1b9ec4f4a101a5881b492d5017f49aa
phase3_audit_full_v1,exploratory,audit,audit_benchmark,credit_card_fraud,pure_mavs_gc,specialist_failure,0.0,audit,3,3,42720,42720,3,ee667da40fc43ee651227adba0c40d6a4f2c06200429b981c72c42c9f92c80af
phase3_audit_full_v1,exploratory,audit,audit_benchmark,credit_card_fraud,single_model,specialist_failure,0.0,shadow,2,2,28480,0,2,dfdcb0eb4d620586e33249499601f74d9dde3fb55a86e887e1c9e93b00d711c5
phase3_audit_full_v1,exploratory,audit,audit_benchmark,credit_card_fraud,mean_ensemble,specialist_failure,0.0,shadow,2,2,28480,0,2,a3565d612693e96e924f68676282bd1fafd9a9037dd62f41ae450fcd0088cf9c
phase3_audit_full_v1,exploratory,audit,audit_benchmark,credit_card_fraud,static_weighted_ensemble,specialist_failure,0.0,shadow,2,2,28480,0,2,7d103771c77702dacae952a2af8dd56f90def4cd2bf4999f82d49e803e3b9340
phase3_audit_full_v1,exploratory,audit,audit_benchmark,credit_card_fraud,veto_mavs,specialist_failure,0.0,shadow,2,2,28480,28480,2,8674c0d64f5cec617be0ae275b38ff58b8a6c86906e37cd5826e8a590b29e665
phase3_audit_full_v1,exploratory,audit,audit_benchmark,credit_card_fraud,pure_mavs_gc,specialist_failure,0.0,shadow,2,2,28480,28480,2,874723a79fe93ab92c20f2802ef445f593275f47cd6c75dea912529261b56d0b
phase3_audit_full_v1,exploratory,audit,audit_benchmark,credit_card_fraud,single_model,specialist_failure,0.05,audit,3,3,42720,0,3,b92ebcce16089e2c93700498fb8e955d01438d4ec8ade23ccf97f9db7947efc4
phase3_audit_full_v1,exploratory,audit,audit_benchmark,credit_card_fraud,mean_ensemble,specialist_failure,0.05,audit,3,3,42720,0,3,28a35fd77fda12a3b0a05cde14746fdcee0b2ab6a6e66e68efac6bd683eb048e
phase3_audit_full_v1,exploratory,audit,audit_benchmark,credit_card_fraud,static_weighted_ensemble,specialist_failure,0.05,audit,3,3,42720,0,3,1799ceea91db0ba20a9995f1ba1009fb1a8eda61cd610203902bf83c1f785f23
phase3_audit_full_v1,exploratory,audit,audit_benchmark,credit_card_fraud,veto_mavs,specialist_failure,0.05,audit,3,3,42720,42720,3,1fd5fb663ecb245ffb5185968cecabfe449ebf405c0fd73c870901ab7f27e6b0
phase3_audit_full_v1,exploratory,audit,audit_benchmark,credit_card_fraud,pure_mavs_gc,specialist_failure,0.05,audit,3,3,42720,42720,3,bc9e450e440a893f2e6b44a721e551c43d9c8de7e17cc9e97b4c5977f4bb6c3c
phase3_audit_full_v1,exploratory,audit,audit_benchmark,credit_card_fraud,single_model,specialist_failure,0.05,shadow,2,2,28480,0,2,224246e220703552147e0a5a8c8a624ec859affbbfb8924fc02a0cd0b6e649d5
phase3_audit_full_v1,exploratory,audit,audit_benchmark,credit_card_fraud,mean_ensemble,specialist_failure,0.05,shadow,2,2,28480,0,2,20cc5fbca935aac06fe6b99ddc984b195ad8d062f44aee50c8052dea6c3b56b7
phase3_audit_full_v1,exploratory,audit,audit_benchmark,credit_card_fraud,static_weighted_ensemble,specialist_failure,0.05,shadow,2,2,28480,0,2,18373dbfff3eea13b657d4e4ecb677928e01b8368d7bdcc3016c73699852b501
phase3_audit_full_v1,exploratory,audit,audit_benchmark,credit_card_fraud,veto_mavs,specialist_failure,0.05,shadow,2,2,28480,28480,2,aea4ed9ecf4cd33a1a8dc38e3393668f61ba3360e84f3737e923473af47cead6
phase3_audit_full_v1,exploratory,audit,audit_benchmark,credit_card_fraud,pure_mavs_gc,specialist_failure,0.05,shadow,2,2,28480,28480,2,d7c1f0f9b67d6aad77e83ddae90116fdc527b3c0d77b64fb2517156516aa5e1c
phase3_audit_full_v1,exploratory,audit,audit_benchmark,credit_card_fraud,single_model,specialist_failure,0.1,audit,3,3,42720,0,3,88dc55b4bc6778fd9d32cbbe3a3e3428444c70a2a43fcf8e0342482e80603f75
phase3_audit_full_v1,exploratory,audit,audit_benchmark,credit_card_fraud,mean_ensemble,specialist_failure,0.1,audit,3,3,42720,0,3,49959f186805f9b6985866cc1218776c359ed94307218aeb702ebab80ec3bacb
phase3_audit_full_v1,exploratory,audit,audit_benchmark,credit_card_fraud,static_weighted_ensemble,specialist_failure,0.1,audit,3,3,42720,0,3,421a1964bf9c8609f2a00a135af176ac42fe769cba372aaad02d7b0d3086fb94
phase3_audit_full_v1,exploratory,audit,audit_benchmark,credit_card_fraud,veto_mavs,specialist_failure,0.1,audit,3,3,42720,42720,3,f547c71644303adb56aa43c7ef9d2a07d1768abb7a8cf9f209f4da4e467b25e9
phase3_audit_full_v1,exploratory,audit,audit_benchmark,credit_card_fraud,pure_mavs_gc,specialist_failure,0.1,audit,3,3,42720,42720,3,1f4c0208e122c6b5c475268931d16bdadca0bd2fb0a492670b57768f2465bfa9
phase3_audit_full_v1,exploratory,audit,audit_benchmark,credit_card_fraud,single_model,specialist_failure,0.1,shadow,2,2,28480,0,2,577fa1680c05e52b81a2d446f0a37e1e06a6e9d53816e16f322c6fd446d5224c
phase3_audit_full_v1,exploratory,audit,audit_benchmark,credit_card_fraud,mean_ensemble,specialist_failure,0.1,shadow,2,2,28480,0,2,a3869376db1887d1708fa8fd9f2ebf10265f43be3991e613c4704d91f3efcf42
phase3_audit_full_v1,exploratory,audit,audit_benchmark,credit_card_fraud,static_weighted_ensemble,specialist_failure,0.1,shadow,2,2,28480,0,2,7203d873ba7b429613c31747c7435cd823fdf450073c024ddcaa05ef0b1b286e
phase3_audit_full_v1,exploratory,audit,audit_benchmark,credit_card_fraud,veto_mavs,specialist_failure,0.1,shadow,2,2,28480,28480,2,72d88867ffceb2acb43b972deb10d3f648efd2060163b5f1e139f189ecdcaa34
phase3_audit_full_v1,exploratory,audit,audit_benchmark,credit_card_fraud,pure_mavs_gc,specialist_failure,0.1,shadow,2,2,28480,28480,2,7186d106e592cbdd0b2872e88698a62964addd692f9ee67f0c0927578031ef33
phase3_audit_full_v1,exploratory,audit,audit_benchmark,credit_card_fraud,single_model,specialist_failure,0.2,audit,3,3,42720,0,3,983b683f0b99c23c3eb41eea4f22d0ee4643f791fb20c2866ca37758150a4910
phase3_audit_full_v1,exploratory,audit,audit_benchmark,credit_card_fraud,mean_ensemble,specialist_failure,0.2,audit,3,3,42720,0,3,bd89c78b92c7df07ff18a074dd21c2917d30d109ef932b8acf064458af365a23
phase3_audit_full_v1,exploratory,audit,audit_benchmark,credit_card_fraud,static_weighted_ensemble,specialist_failure,0.2,audit,3,3,42720,0,3,5bab2c56a40529d9c4389fb8e7a5989bdf69efa8870a99ebc133a70d8f934416
phase3_audit_full_v1,exploratory,audit,audit_benchmark,credit_card_fraud,veto_mavs,specialist_failure,0.2,audit,3,3,42720,42720,3,d28d952f0c3a8ff08fb1fdee53380f1788d56c492c68e3c1eade4b31dfb2dfe8
phase3_audit_full_v1,exploratory,audit,audit_benchmark,credit_card_fraud,pure_mavs_gc,specialist_failure,0.2,audit,3,3,42720,42720,3,d3ef3f76432d2c491809851cbe2ed1c67bde8555f6c736539a8dbff9eacc81d6
phase3_audit_full_v1,exploratory,audit,audit_benchmark,credit_card_fraud,single_model,specialist_failure,0.2,shadow,2,2,28480,0,2,3deb808d2b42997596b3e05fbab8cc0768d25c361eab416a0c2f4cc5231da08a
phase3_audit_full_v1,exploratory,audit,audit_benchmark,credit_card_fraud,mean_ensemble,specialist_failure,0.2,shadow,2,2,28480,0,2,2a3043d06ac52a919f8611a1bf673e06faa7aab66819f5e29b01d661e1d15910
phase3_audit_full_v1,exploratory,audit,audit_benchmark,credit_card_fraud,static_weighted_ensemble,specialist_failure,0.2,shadow,2,2,28480,0,2,1605be7094e3a24d80067a0aba42165ca5f670a417b459867343275811ce27db
phase3_audit_full_v1,exploratory,audit,audit_benchmark,credit_card_fraud,veto_mavs,specialist_failure,0.2,shadow,2,2,28480,28480,2,b3ded32c8d62bed17de293697bffa77187d4d9971a617aa4f81eb037476867ab
phase3_audit_full_v1,exploratory,audit,audit_benchmark,credit_card_fraud,pure_mavs_gc,specialist_failure,0.2,shadow,2,2,28480,28480,2,19e6a7208e101c364d3709adbb6165550c0c64c62e12aea7bdf744b85deba827
phase3_audit_full_v1,exploratory,audit,audit_benchmark,credit_card_fraud,single_model,specialist_failure,0.4,audit,3,3,42720,0,3,6806bda464499e788480dcd7d21fdfabce5f70b88b5e9c549c0203a54afaf455
phase3_audit_full_v1,exploratory,audit,audit_benchmark,credit_card_fraud,mean_ensemble,specialist_failure,0.4,audit,3,3,42720,0,3,a880ed7e8b20216fe58e383198b003b168574e87ed459a14dcd11f39db235370
phase3_audit_full_v1,exploratory,audit,audit_benchmark,credit_card_fraud,static_weighted_ensemble,specialist_failure,0.4,audit,3,3,42720,0,3,285dff0cdf053e742dd3875ac07b669decfb6520a69139b1b93e3810288c34b8
phase3_audit_full_v1,exploratory,audit,audit_benchmark,credit_card_fraud,veto_mavs,specialist_failure,0.4,audit,3,3,42720,42720,3,5ab39e076b32f0aaf42e259eee52bc4ffadc56098b0b156c663610046e3976a8
phase3_audit_full_v1,exploratory,audit,audit_benchmark,credit_card_fraud,pure_mavs_gc,specialist_failure,0.4,audit,3,3,42720,42720,3,dbdf71a17da30389b1ce8e79036355038dd996d4c5ed121b34bccc249c956e13
phase3_audit_full_v1,exploratory,audit,audit_benchmark,credit_card_fraud,single_model,specialist_failure,0.4,shadow,2,2,28480,0,2,1e5e99adb369779dd7ca8167a85ce4751101b208babf8c1593fb86261e4d4dc9
phase3_audit_full_v1,exploratory,audit,audit_benchmark,credit_card_fraud,mean_ensemble,specialist_failure,0.4,shadow,2,2,28480,0,2,05f251355c45c0afb541b3e972f9c4b3a21af01a36b8827142e934a2452c6cb7
phase3_audit_full_v1,exploratory,audit,audit_benchmark,credit_card_fraud,static_weighted_ensemble,specialist_failure,0.4,shadow,2,2,28480,0,2,c2604011a37d31a28161da353ddb46331658eaa38ad3653c16709e050f2c4c74
phase3_audit_full_v1,exploratory,audit,audit_benchmark,credit_card_fraud,veto_mavs,specialist_failure,0.4,shadow,2,2,28480,28480,2,e49dac317d2333a96fe77fdc7e8ceef77096cfbda26117f437efc612e2fe41a5
phase3_audit_full_v1,exploratory,audit,audit_benchmark,credit_card_fraud,pure_mavs_gc,specialist_failure,0.4,shadow,2,2,28480,28480,2,78ca9a270f5e60c99e63dc56837e79027392d76ad31b786c6f90c389000a9cc5
phase3_audit_full_v1,exploratory,audit,audit_benchmark,credit_card_fraud,single_model,specialist_failure,0.6,audit,3,3,42720,0,3,f5f5b5cf4f955354c316d6fb5faf830582bdda08393b3f9d684f8e12e3e0e7f4
phase3_audit_full_v1,exploratory,audit,audit_benchmark,credit_card_fraud,mean_ensemble,specialist_failure,0.6,audit,3,3,42720,0,3,3b15ac1a341e6aa69d6a595c9f58d4844ba8d60c1b59f806668e156ca5f8788d
phase3_audit_full_v1,exploratory,audit,audit_benchmark,credit_card_fraud,static_weighted_ensemble,specialist_failure,0.6,audit,3,3,42720,0,3,e5b8896c5d42f5945a24fdc8d8989b78483d5240a2dcc0631fbd067cccf0aa95
phase3_audit_full_v1,exploratory,audit,audit_benchmark,credit_card_fraud,veto_mavs,specialist_failure,0.6,audit,3,3,42720,42720,3,95f94a2b8ce22d00ff5943f5790f781c64e084c8412d5caf6eaa661d8972d629
phase3_audit_full_v1,exploratory,audit,audit_benchmark,credit_card_fraud,pure_mavs_gc,specialist_failure,0.6,audit,3,3,42720,42720,3,d5d33f5a41cd04d7c94e2984b7cce8d957bc386be58c944227cf5fc1d28993c9
phase3_audit_full_v1,exploratory,audit,audit_benchmark,credit_card_fraud,single_model,specialist_failure,0.6,shadow,2,2,28480,0,2,9541181efcbe946dfa166a8ad510982ed06d34941a8b92af5efb7b6765d870d9
phase3_audit_full_v1,exploratory,audit,audit_benchmark,credit_card_fraud,mean_ensemble,specialist_failure,0.6,shadow,2,2,28480,0,2,3177a8536dbb223422a75926e2ece629ebf844e4fc3fb98427fe3160293e07d7
phase3_audit_full_v1,exploratory,audit,audit_benchmark,credit_card_fraud,static_weighted_ensemble,specialist_failure,0.6,shadow,2,2,28480,0,2,595e829314541370a96463b90a4062e149fd0bac0e7af72536d40e1600fc7a08
phase3_audit_full_v1,exploratory,audit,audit_benchmark,credit_card_fraud,veto_mavs,specialist_failure,0.6,shadow,2,2,28480,28480,2,c68f7ef2811e22cf6b0c6c6fd339a24058dcfe8e2183e8381187700c2eb471a5
phase3_audit_full_v1,exploratory,audit,audit_benchmark,credit_card_fraud,pure_mavs_gc,specialist_failure,0.6,shadow,2,2,28480,28480,2,96f13d59634287fd3fb90b8a58e2f488ae717e0e158e7682bb9cc1385b03a2b7
phase3_audit_full_v1,exploratory,audit,audit_benchmark,credit_card_fraud,single_model,specialist_failure,0.8,audit,3,3,42720,0,3,c95c676d3dd0f6e47ee626636ce6bb2c32198ab2485f527f6f2d9cebd81c0f1a
phase3_audit_full_v1,exploratory,audit,audit_benchmark,credit_card_fraud,mean_ensemble,specialist_failure,0.8,audit,3,3,42720,0,3,fe5c34249d32be13fd8c93a6793346b7f2715ff26ac90a34f46fb425cddf5128
phase3_audit_full_v1,exploratory,audit,audit_benchmark,credit_card_fraud,static_weighted_ensemble,specialist_failure,0.8,audit,3,3,42720,0,3,52ff4d95d1cb900f398c701035bd4dc3b8d1da60c69792075937a63f4a461ab2
phase3_audit_full_v1,exploratory,audit,audit_benchmark,credit_card_fraud,veto_mavs,specialist_failure,0.8,audit,3,3,42720,42720,3,a6e05eae9a20ceb5580df201e0bbea2b21455aa1925ee075f5bfad079b48c421
phase3_audit_full_v1,exploratory,audit,audit_benchmark,credit_card_fraud,pure_mavs_gc,specialist_failure,0.8,audit,3,3,42720,42720,3,9fa78043e6c0771300c96248c4c55d0ac7040867a20ca4c4c17534c61df37b58
phase3_audit_full_v1,exploratory,audit,audit_benchmark,credit_card_fraud,single_model,specialist_failure,0.8,shadow,2,2,28480,0,2,8216fb5c3c0ea64186d6c714b3945ff137db8bc67265b7c1defd60df7664e5fe
phase3_audit_full_v1,exploratory,audit,audit_benchmark,credit_card_fraud,mean_ensemble,specialist_failure,0.8,shadow,2,2,28480,0,2,ccce292583876505c5a7e302cb7b1dbd609e493ece6a0d66fdf22c5c4d68ea35
phase3_audit_full_v1,exploratory,audit,audit_benchmark,credit_card_fraud,static_weighted_ensemble,specialist_failure,0.8,shadow,2,2,28480,0,2,11a9b9ac604acc05d0dba02bde212e1f9a3c2a4d9dfb0bce0c86baa3135b4bc2
phase3_audit_full_v1,exploratory,audit,audit_benchmark,credit_card_fraud,veto_mavs,specialist_failure,0.8,shadow,2,2,28480,28480,2,ccde83374b35ab6f202333b9258411fb5ddf6b144bca6f856210759466da4d90
phase3_audit_full_v1,exploratory,audit,audit_benchmark,credit_card_fraud,pure_mavs_gc,specialist_failure,0.8,shadow,2,2,28480,28480,2,43309ac900bf07d274b7f22683dfc1ac3dd2b6615ddb98012b0bce75a8a6a4df
phase3_audit_full_v1,exploratory,audit,audit_benchmark,credit_card_fraud,single_model,specialist_failure,1.0,audit,3,3,42720,0,3,89fc82a7d80ecec6363488a12c06d4f83dad41b337ea8de3ad9aac34a5a2583b
phase3_audit_full_v1,exploratory,audit,audit_benchmark,credit_card_fraud,mean_ensemble,specialist_failure,1.0,audit,3,3,42720,0,3,1a0f443c554349a657c24b4431c8838b013b2d4348fa99051c0c7e6d40e3fc1c
phase3_audit_full_v1,exploratory,audit,audit_benchmark,credit_card_fraud,static_weighted_ensemble,specialist_failure,1.0,audit,3,3,42720,0,3,08ddb798033eaa9d54c56571be30137d2e3eee78e5e5ea00548f4424e8d5934d
phase3_audit_full_v1,exploratory,audit,audit_benchmark,credit_card_fraud,veto_mavs,specialist_failure,1.0,audit,3,3,42720,42720,3,aa9b02e5b701db8b16802dc8c83787d403ff014d4a11c4621b986ea0b484913e
phase3_audit_full_v1,exploratory,audit,audit_benchmark,credit_card_fraud,pure_mavs_gc,specialist_failure,1.0,audit,3,3,42720,42720,3,5d7eda7dbc92287179ba95774fd15f6ce0abc1c2395d441b4e20fcac42ad7f69
phase3_audit_full_v1,exploratory,audit,audit_benchmark,credit_card_fraud,single_model,specialist_failure,1.0,shadow,2,2,28480,0,2,1d421c6879299792dc9008d5051fa3108a91b03698a6261f942f51671e11c106
phase3_audit_full_v1,exploratory,audit,audit_benchmark,credit_card_fraud,mean_ensemble,specialist_failure,1.0,shadow,2,2,28480,0,2,f2ee530bc62b1269cb8ea2276ffd5520af3b0acdcee0a0bd15405c384bfdffd6
phase3_audit_full_v1,exploratory,audit,audit_benchmark,credit_card_fraud,static_weighted_ensemble,specialist_failure,1.0,shadow,2,2,28480,0,2,ddae8cf846980a0424d9ef258929ff935cbe18357b218720b6bad9a5e972684c
phase3_audit_full_v1,exploratory,audit,audit_benchmark,credit_card_fraud,veto_mavs,specialist_failure,1.0,shadow,2,2,28480,28480,2,480fbb2b30f9c3048fbeac141718b6f04f942a766f0cf1a503ca6d2106e78cef
phase3_audit_full_v1,exploratory,audit,audit_benchmark,credit_card_fraud,pure_mavs_gc,specialist_failure,1.0,shadow,2,2,28480,28480,2,e44b0e5452857e308ddb18ddf0247399513970a3ba8773fc40668b69647b5415
phase3_audit_full_v1,exploratory,audit,audit_benchmark,bank_marketing,single_model,feature_noise,0.0,audit,3,3,6780,0,3,81655ecda2313cdaa5a0bf72b15f584b513d15b2dc6e76b5fa74d9a3ff91db69
phase3_audit_full_v1,exploratory,audit,audit_benchmark,bank_marketing,mean_ensemble,feature_noise,0.0,audit,3,3,6780,0,3,693ac09ce0c227bcc7dd70770a07009197d653a6265fb691921296dc6818316e
phase3_audit_full_v1,exploratory,audit,audit_benchmark,bank_marketing,static_weighted_ensemble,feature_noise,0.0,audit,3,3,6780,0,3,b4151f6f0bc413cb3d61277d7c4b253a196b40bbd84f9c74a1a1db42b838ee6b
phase3_audit_full_v1,exploratory,audit,audit_benchmark,bank_marketing,veto_mavs,feature_noise,0.0,audit,3,3,6780,6780,3,59b172ba267d2521180f88bab20571b134a0ae5ce1f919e8437a97374b7afdef
phase3_audit_full_v1,exploratory,audit,audit_benchmark,bank_marketing,pure_mavs_gc,feature_noise,0.0,audit,3,3,6780,6780,3,00093944448676160c0a2e37404c116aafa0c0c22dc3d14dc111d781e25d0040
phase3_audit_full_v1,exploratory,audit,audit_benchmark,bank_marketing,single_model,feature_noise,0.0,shadow,2,2,4520,0,2,bb6ddcda33f85c4767d51e75e90fbf4fce0dddd78eb89f713b67d85b5edbf895
phase3_audit_full_v1,exploratory,audit,audit_benchmark,bank_marketing,mean_ensemble,feature_noise,0.0,shadow,2,2,4520,0,2,21c2b702458f61446ac8749fccbd8d9c521676ca6cebb80632b2ec7b40491935
phase3_audit_full_v1,exploratory,audit,audit_benchmark,bank_marketing,static_weighted_ensemble,feature_noise,0.0,shadow,2,2,4520,0,2,1c96e9ac2a610ca7379bd57775ff70646ddbcd6d71407dfa38757d25d9e451ac
phase3_audit_full_v1,exploratory,audit,audit_benchmark,bank_marketing,veto_mavs,feature_noise,0.0,shadow,2,2,4520,4520,2,988a8d316613ec46c796f2057ae5f7b61006a86440e193baca641bf5dbdd3d87
phase3_audit_full_v1,exploratory,audit,audit_benchmark,bank_marketing,pure_mavs_gc,feature_noise,0.0,shadow,2,2,4520,4520,2,a255e6898a6be7a332e4f05e01c7d33121551dd00064d1e7c9641c7f792d6618
phase3_audit_full_v1,exploratory,audit,audit_benchmark,bank_marketing,single_model,feature_noise,0.05,audit,3,3,6780,0,3,5a037f81b80f11da3c08b59717c9af81a16b5a62d50916848466a7a717106c2d
phase3_audit_full_v1,exploratory,audit,audit_benchmark,bank_marketing,mean_ensemble,feature_noise,0.05,audit,3,3,6780,0,3,c872c9ddab684d4300fb9750372eb82da275ab6191f15b7c55adbacf6c3fd7b0
phase3_audit_full_v1,exploratory,audit,audit_benchmark,bank_marketing,static_weighted_ensemble,feature_noise,0.05,audit,3,3,6780,0,3,0a96aef7a622dc117e77a2a222b1bb5299ebb5a79b572606804a1fdb2ca48178
phase3_audit_full_v1,exploratory,audit,audit_benchmark,bank_marketing,veto_mavs,feature_noise,0.05,audit,3,3,6780,6780,3,09ad5f8a71bae892e0ad8a7ba9f30fb4293990f22b12d7ec6a169e47092ddbe3
phase3_audit_full_v1,exploratory,audit,audit_benchmark,bank_marketing,pure_mavs_gc,feature_noise,0.05,audit,3,3,6780,6780,3,5eb1de1f27326ae5a4a09cb25fa811350140d654cf053f032b25f49db49fcb77
phase3_audit_full_v1,exploratory,audit,audit_benchmark,bank_marketing,single_model,feature_noise,0.05,shadow,2,2,4520,0,2,46f5cad6596cfdbbd888b2d86d48419d02a78ec5585dad658a3cba1e4e42463a
phase3_audit_full_v1,exploratory,audit,audit_benchmark,bank_marketing,mean_ensemble,feature_noise,0.05,shadow,2,2,4520,0,2,e4f61709983ff2dcd3f3e96af12f1b683f32931767a92b877080a9478ee1ac74
phase3_audit_full_v1,exploratory,audit,audit_benchmark,bank_marketing,static_weighted_ensemble,feature_noise,0.05,shadow,2,2,4520,0,2,6985386e2d9098f9a717431c860aa66f318ea68ee3ef252494d6a7162ffedebf
phase3_audit_full_v1,exploratory,audit,audit_benchmark,bank_marketing,veto_mavs,feature_noise,0.05,shadow,2,2,4520,4520,2,642ed8d137fe19a207d7f586ac26360a483d63a771a2fa71f0f7831d943a3fc4
phase3_audit_full_v1,exploratory,audit,audit_benchmark,bank_marketing,pure_mavs_gc,feature_noise,0.05,shadow,2,2,4520,4520,2,18c664c7e00fa414831199c69c65fc1dd1d1892c29bef0dc2885adb31ff58f43
phase3_audit_full_v1,exploratory,audit,audit_benchmark,bank_marketing,single_model,feature_noise,0.1,audit,3,3,6780,0,3,bb67b327fa53867ef4344268748ddb12d3115f48d2988f2717ac30db593752f0
phase3_audit_full_v1,exploratory,audit,audit_benchmark,bank_marketing,mean_ensemble,feature_noise,0.1,audit,3,3,6780,0,3,27f826fa18dd2589a9335dc41e360b89bdeeed962b025f67675ba35294668598
phase3_audit_full_v1,exploratory,audit,audit_benchmark,bank_marketing,static_weighted_ensemble,feature_noise,0.1,audit,3,3,6780,0,3,f501c622207fb3126f210c9253196e0becb1f1b70a8e7102a4d16f89524cfe83
phase3_audit_full_v1,exploratory,audit,audit_benchmark,bank_marketing,veto_mavs,feature_noise,0.1,audit,3,3,6780,6780,3,703e0313966fccc92a92743fad0fe745802260134b9cc618f4de83833663a3b7
phase3_audit_full_v1,exploratory,audit,audit_benchmark,bank_marketing,pure_mavs_gc,feature_noise,0.1,audit,3,3,6780,6780,3,f41002caee54fa9b3baee15f396892cc1ba43db28d25f4a65d403b9b940e45b0
phase3_audit_full_v1,exploratory,audit,audit_benchmark,bank_marketing,single_model,feature_noise,0.1,shadow,2,2,4520,0,2,5128b2cdeabd019bed5686abcd9e8f91814c679fb7f224f2414f55db2e57ed6f
phase3_audit_full_v1,exploratory,audit,audit_benchmark,bank_marketing,mean_ensemble,feature_noise,0.1,shadow,2,2,4520,0,2,42f9d940d1e697348e2110cfccdaeee81085718a9fc9a60a103873a7527ad528
phase3_audit_full_v1,exploratory,audit,audit_benchmark,bank_marketing,static_weighted_ensemble,feature_noise,0.1,shadow,2,2,4520,0,2,bc25823f6b65edb43f3a18984ca16748c0cd4d8d7fdbe97833301ccd5e0622a1
phase3_audit_full_v1,exploratory,audit,audit_benchmark,bank_marketing,veto_mavs,feature_noise,0.1,shadow,2,2,4520,4520,2,926dbb96f3b83c55b6943fced1524031e8d389fb2af6749b0282816d1bc9bbfb
phase3_audit_full_v1,exploratory,audit,audit_benchmark,bank_marketing,pure_mavs_gc,feature_noise,0.1,shadow,2,2,4520,4520,2,dc9682c079f78046bd77d7071266b37e5b13376b806eda1b3d077fd8cdd15c90
phase3_audit_full_v1,exploratory,audit,audit_benchmark,bank_marketing,single_model,feature_noise,0.2,audit,3,3,6780,0,3,591d41d17e2a84f005a583bdec1240b81d82ae4c53025b3592d24e1d481cccee
phase3_audit_full_v1,exploratory,audit,audit_benchmark,bank_marketing,mean_ensemble,feature_noise,0.2,audit,3,3,6780,0,3,aef081e583135995247791239f89908bcbf7d193b857a5493e0a4a4b1903da71
phase3_audit_full_v1,exploratory,audit,audit_benchmark,bank_marketing,static_weighted_ensemble,feature_noise,0.2,audit,3,3,6780,0,3,878d6c3c7bea1f9464e9d069d03d84ab853de8998ebbad2165d1acee2a65dd00
phase3_audit_full_v1,exploratory,audit,audit_benchmark,bank_marketing,veto_mavs,feature_noise,0.2,audit,3,3,6780,6780,3,bfa539460d08ea7455fbae7cdead7cb993db3678077e2d10fd0bdae4da4c1756
phase3_audit_full_v1,exploratory,audit,audit_benchmark,bank_marketing,pure_mavs_gc,feature_noise,0.2,audit,3,3,6780,6780,3,64449033bd283a095ec229f4bbd56e82437b98bbb16ef820189a15016cf0a392
phase3_audit_full_v1,exploratory,audit,audit_benchmark,bank_marketing,single_model,feature_noise,0.2,shadow,2,2,4520,0,2,e2b8a6cdf42799ddabfdb705eb8202a2a73e3df991a830ffcb1dee9dfda5bf90
phase3_audit_full_v1,exploratory,audit,audit_benchmark,bank_marketing,mean_ensemble,feature_noise,0.2,shadow,2,2,4520,0,2,9e73e40b9143c6a654578bbe20e71f26c29000929ab794193199617eabeb464b
phase3_audit_full_v1,exploratory,audit,audit_benchmark,bank_marketing,static_weighted_ensemble,feature_noise,0.2,shadow,2,2,4520,0,2,6fa5bde034f24445a11dc03d479b28511402ea948d2775df072c92cb0cf9dafd
phase3_audit_full_v1,exploratory,audit,audit_benchmark,bank_marketing,veto_mavs,feature_noise,0.2,shadow,2,2,4520,4520,2,d7282cd0d2838c33fab1906e804737e154bd157754e827f81fca2b32709ba4ad
phase3_audit_full_v1,exploratory,audit,audit_benchmark,bank_marketing,pure_mavs_gc,feature_noise,0.2,shadow,2,2,4520,4520,2,d55c89f8cc6b56fe1aafee9ff721a3d13e892bd2b7a5efadf077c3b4e509289a
phase3_audit_full_v1,exploratory,audit,audit_benchmark,bank_marketing,single_model,feature_noise,0.4,audit,3,3,6780,0,3,b97e9a023c1b0860da5e81464108d4dd3887b61eff82258f96ba4971da6e9724
phase3_audit_full_v1,exploratory,audit,audit_benchmark,bank_marketing,mean_ensemble,feature_noise,0.4,audit,3,3,6780,0,3,c32dd9db4c792e07dff493e08422b5c72211f3a9d3b7c20f663e9cad38d86ec4
phase3_audit_full_v1,exploratory,audit,audit_benchmark,bank_marketing,static_weighted_ensemble,feature_noise,0.4,audit,3,3,6780,0,3,0e37178c05460c0619841b552d20d7506469e325fcc6f7aef16206c20b1f0af9
phase3_audit_full_v1,exploratory,audit,audit_benchmark,bank_marketing,veto_mavs,feature_noise,0.4,audit,3,3,6780,6780,3,6f4fbaf0c1fc32d453c1b189a9bd1046e9e17e1e696656e35a569e2ae8ca6458
phase3_audit_full_v1,exploratory,audit,audit_benchmark,bank_marketing,pure_mavs_gc,feature_noise,0.4,audit,3,3,6780,6780,3,28626bbcee3ddbd0e31023bc9df83283aac1fda892ab0bed32e5216a4d1a7eed
phase3_audit_full_v1,exploratory,audit,audit_benchmark,bank_marketing,single_model,feature_noise,0.4,shadow,2,2,4520,0,2,41b7b46141d73bd5985793f7ae33b92765cededa836711db8bd3d19b7f60d42d
phase3_audit_full_v1,exploratory,audit,audit_benchmark,bank_marketing,mean_ensemble,feature_noise,0.4,shadow,2,2,4520,0,2,2ebfc2a4c9b9fb7b1d4f54f279543be668c07eda820675ba481830fe8c8171fc
phase3_audit_full_v1,exploratory,audit,audit_benchmark,bank_marketing,static_weighted_ensemble,feature_noise,0.4,shadow,2,2,4520,0,2,ed20b0e9ecc107839e9feda9ee2a5e4599e453716579e53887d3a45b66528e39
phase3_audit_full_v1,exploratory,audit,audit_benchmark,bank_marketing,veto_mavs,feature_noise,0.4,shadow,2,2,4520,4520,2,c2cb0d7abbbbe76d066577381d60af8d4e0c66ffc39fac381eed48c9812be297
phase3_audit_full_v1,exploratory,audit,audit_benchmark,bank_marketing,pure_mavs_gc,feature_noise,0.4,shadow,2,2,4520,4520,2,2161293add6cc2bb48e02e13711642e124e98bef055239bed314dc1519c50d92
phase3_audit_full_v1,exploratory,audit,audit_benchmark,bank_marketing,single_model,feature_noise,0.6,audit,3,3,6780,0,3,6b37e98ca0c20643c19b99035731128ce9aac9ba2410ca86f40d3b6af4b1bd3e
phase3_audit_full_v1,exploratory,audit,audit_benchmark,bank_marketing,mean_ensemble,feature_noise,0.6,audit,3,3,6780,0,3,070a3527f5f376be9162d360016dd94b169ffdb6220c73d107075e10e130ef07
phase3_audit_full_v1,exploratory,audit,audit_benchmark,bank_marketing,static_weighted_ensemble,feature_noise,0.6,audit,3,3,6780,0,3,e21e94b2fca194dc88cadc013412ef3a525c4ae7ca89aa2fe69ec730b96668b0
phase3_audit_full_v1,exploratory,audit,audit_benchmark,bank_marketing,veto_mavs,feature_noise,0.6,audit,3,3,6780,6780,3,ea74596486322a440af25d36ac4ff244ad1435f5f7a399762dbd6a7280f99da2
phase3_audit_full_v1,exploratory,audit,audit_benchmark,bank_marketing,pure_mavs_gc,feature_noise,0.6,audit,3,3,6780,6780,3,c45fae16dd322be627d45e26feddea80edaed6449b0966455cc8f32ff45a3412
phase3_audit_full_v1,exploratory,audit,audit_benchmark,bank_marketing,single_model,feature_noise,0.6,shadow,2,2,4520,0,2,b1c57fe255aa70b0b307641a8612a4883cc4535387ff18c144f72ddb051acf28
phase3_audit_full_v1,exploratory,audit,audit_benchmark,bank_marketing,mean_ensemble,feature_noise,0.6,shadow,2,2,4520,0,2,f97d7ae72a61e93b55ceff367dadf5ceb5dcae3c1921f93f97997cf1f92d91bf
phase3_audit_full_v1,exploratory,audit,audit_benchmark,bank_marketing,static_weighted_ensemble,feature_noise,0.6,shadow,2,2,4520,0,2,f4f5b46e13179f9fe278433fcf1604f7f186778ea5e1b1de4de557eb331e824d
phase3_audit_full_v1,exploratory,audit,audit_benchmark,bank_marketing,veto_mavs,feature_noise,0.6,shadow,2,2,4520,4520,2,0a0ebb9250aafde9d5b5ad8760f00bfb07845d4fdf4ec4304214029254aa0222
phase3_audit_full_v1,exploratory,audit,audit_benchmark,bank_marketing,pure_mavs_gc,feature_noise,0.6,shadow,2,2,4520,4520,2,088496a40d7a27b5262ba124448820028bc5bc66d687c3080fce73b248343bd1
phase3_audit_full_v1,exploratory,audit,audit_benchmark,bank_marketing,single_model,feature_noise,0.8,audit,3,3,6780,0,3,5ac93c82121623d34c100d7d21619ef2d8104490992f70a30734de023d302a95
phase3_audit_full_v1,exploratory,audit,audit_benchmark,bank_marketing,mean_ensemble,feature_noise,0.8,audit,3,3,6780,0,3,a0a7ee43e2fad2e4d6445fd16a46c0d57bbb908dbefc0f4abb0ee294ff08c072
phase3_audit_full_v1,exploratory,audit,audit_benchmark,bank_marketing,static_weighted_ensemble,feature_noise,0.8,audit,3,3,6780,0,3,8e807f7018bb24e1947352a9788e94eea3d20f57eb175cff6b5a988a31c4e597
phase3_audit_full_v1,exploratory,audit,audit_benchmark,bank_marketing,veto_mavs,feature_noise,0.8,audit,3,3,6780,6780,3,8b5ba0e450179681931f7226b0daa09229e7ae1234840e92ec636d62c8b7006f
phase3_audit_full_v1,exploratory,audit,audit_benchmark,bank_marketing,pure_mavs_gc,feature_noise,0.8,audit,3,3,6780,6780,3,9b140189eef8ce1f357f1d55646a8d4829be37d130e3f3810994728c98be7986
phase3_audit_full_v1,exploratory,audit,audit_benchmark,bank_marketing,single_model,feature_noise,0.8,shadow,2,2,4520,0,2,4fe7321b0663a9418d95a207b96cc477f4d855377b90370d5ca00564a19848c0
phase3_audit_full_v1,exploratory,audit,audit_benchmark,bank_marketing,mean_ensemble,feature_noise,0.8,shadow,2,2,4520,0,2,e7166083d600e3ed8bd6339935e932ebbfe6bac81ce7937953be4a9a0203ac58
phase3_audit_full_v1,exploratory,audit,audit_benchmark,bank_marketing,static_weighted_ensemble,feature_noise,0.8,shadow,2,2,4520,0,2,6852137bbf8fc687c6ca0fb8e9917d2f7ddb32d64efc7e0747e4a7a017bfd35c
phase3_audit_full_v1,exploratory,audit,audit_benchmark,bank_marketing,veto_mavs,feature_noise,0.8,shadow,2,2,4520,4520,2,ec29a03efae44a2e91c4a7a80566623ce231d96fb4e2a732896da482ba1dcdce
phase3_audit_full_v1,exploratory,audit,audit_benchmark,bank_marketing,pure_mavs_gc,feature_noise,0.8,shadow,2,2,4520,4520,2,6e116c7b5ad68318243265da71ab4c853a517fbcb0bc2c466ecf0004adfa4a57
phase3_audit_full_v1,exploratory,audit,audit_benchmark,bank_marketing,single_model,feature_noise,1.0,audit,3,3,6780,0,3,00385b3c926e4cbbb29b52ecc0eee955d0b4ec212d3b01dbdc4f81f5f8457421
phase3_audit_full_v1,exploratory,audit,audit_benchmark,bank_marketing,mean_ensemble,feature_noise,1.0,audit,3,3,6780,0,3,417f482799ebc5cff1869f90442b922478591c1c5651846a0a9cde6408e94d72
phase3_audit_full_v1,exploratory,audit,audit_benchmark,bank_marketing,static_weighted_ensemble,feature_noise,1.0,audit,3,3,6780,0,3,906d85986c78a8504f041ff88df2de2e854d1689a1a01d080370ede7d3a43ff6
phase3_audit_full_v1,exploratory,audit,audit_benchmark,bank_marketing,veto_mavs,feature_noise,1.0,audit,3,3,6780,6780,3,a71650da7cb3ddc1c40c6ab7d76b5d594e8a2068393fa9f7bec4f0b006d35c23
phase3_audit_full_v1,exploratory,audit,audit_benchmark,bank_marketing,pure_mavs_gc,feature_noise,1.0,audit,3,3,6780,6780,3,91280db502d1b8aefe87a0abefa00549210642277db9a7212c3ec25929dee694
phase3_audit_full_v1,exploratory,audit,audit_benchmark,bank_marketing,single_model,feature_noise,1.0,shadow,2,2,4520,0,2,c8f88e3fed170554c97c5163e2fe57f4f0b386727eb16ada059607d1fafc2479
phase3_audit_full_v1,exploratory,audit,audit_benchmark,bank_marketing,mean_ensemble,feature_noise,1.0,shadow,2,2,4520,0,2,4d4fbf45b3be909e860fab68789b1aae624d5085a9cc1aaed75ede8199b9ea2a
phase3_audit_full_v1,exploratory,audit,audit_benchmark,bank_marketing,static_weighted_ensemble,feature_noise,1.0,shadow,2,2,4520,0,2,1858737ce6a5a56c648423baacc6bdf5f6506444bfa64bd7e3f65897fe06b380
phase3_audit_full_v1,exploratory,audit,audit_benchmark,bank_marketing,veto_mavs,feature_noise,1.0,shadow,2,2,4520,4520,2,aa9ead5347e73a209ad555891f3d274f293bd0e78e7ee6343ac4ec2844bab63c
phase3_audit_full_v1,exploratory,audit,audit_benchmark,bank_marketing,pure_mavs_gc,feature_noise,1.0,shadow,2,2,4520,4520,2,7c7d309917e220db9eea6fb47316c568cf6e896410c9048d2490c54234a6e235
phase3_audit_full_v1,exploratory,audit,audit_benchmark,bank_marketing,single_model,missing_features,0.0,audit,3,3,6780,0,3,44c8b9ab747b263d52beecf47bc2924c38888bcddc6c3642344b467972823de4
phase3_audit_full_v1,exploratory,audit,audit_benchmark,bank_marketing,mean_ensemble,missing_features,0.0,audit,3,3,6780,0,3,25cbee31053731c54ef9a1f8342fddd9d9d4b4bef91b1dd277dc7a9828f30d6b
phase3_audit_full_v1,exploratory,audit,audit_benchmark,bank_marketing,static_weighted_ensemble,missing_features,0.0,audit,3,3,6780,0,3,2507389eb6e89af844c971cf881a07091dbb3e9b99efee29773ddbf3fe2ac6e3
phase3_audit_full_v1,exploratory,audit,audit_benchmark,bank_marketing,veto_mavs,missing_features,0.0,audit,3,3,6780,6780,3,db8419af6a1a0ad8e908f89b302cd630033e6c066848af7daeac6e0255058e3c
phase3_audit_full_v1,exploratory,audit,audit_benchmark,bank_marketing,pure_mavs_gc,missing_features,0.0,audit,3,3,6780,6780,3,0f7addc2b2d1031bcc413d18425a5627ae4a9448c963f4e7ad490e8e4f82a0a0
phase3_audit_full_v1,exploratory,audit,audit_benchmark,bank_marketing,single_model,missing_features,0.0,shadow,2,2,4520,0,2,35fc05f92d5f09d83962249a09b42534d77fd56967b381493d783cc5e3408db7
phase3_audit_full_v1,exploratory,audit,audit_benchmark,bank_marketing,mean_ensemble,missing_features,0.0,shadow,2,2,4520,0,2,fec168b812e3e1309806d898ec296a2cb550fd4747712edf985d5eecc9825caa
phase3_audit_full_v1,exploratory,audit,audit_benchmark,bank_marketing,static_weighted_ensemble,missing_features,0.0,shadow,2,2,4520,0,2,7d1eb4e6281215371fc1bd9a13e118aff429148bf0b5a86bfc156fb0ed856d6d
phase3_audit_full_v1,exploratory,audit,audit_benchmark,bank_marketing,veto_mavs,missing_features,0.0,shadow,2,2,4520,4520,2,e5048307f31875e2693e4468595aac9e05f9e03d75465cc76b36e9d17a532f11
phase3_audit_full_v1,exploratory,audit,audit_benchmark,bank_marketing,pure_mavs_gc,missing_features,0.0,shadow,2,2,4520,4520,2,755a752ab55cfaaab056185312414ec00db50eca62a321d558f424b32cd1494b
phase3_audit_full_v1,exploratory,audit,audit_benchmark,bank_marketing,single_model,missing_features,0.05,audit,3,3,6780,0,3,24f4bbde7a85c122cabdec51cada110da8e184348ec15a213144b9bc20b5d8ff
phase3_audit_full_v1,exploratory,audit,audit_benchmark,bank_marketing,mean_ensemble,missing_features,0.05,audit,3,3,6780,0,3,76a886a941db5e21a278ed152efd0a7e5fcd15488927970415a16652b3dce751
phase3_audit_full_v1,exploratory,audit,audit_benchmark,bank_marketing,static_weighted_ensemble,missing_features,0.05,audit,3,3,6780,0,3,7262d867dfce6a7da5a666583473bf3cb5393cad1da8a3b6b4b67543aecedd3e
phase3_audit_full_v1,exploratory,audit,audit_benchmark,bank_marketing,veto_mavs,missing_features,0.05,audit,3,3,6780,6780,3,29baa4db0488887023e90065f4a25b1f3b2f0160ae4ced3107bd147a086b26e5
phase3_audit_full_v1,exploratory,audit,audit_benchmark,bank_marketing,pure_mavs_gc,missing_features,0.05,audit,3,3,6780,6780,3,0949e24696a5d7d688667e448b9413aaebe66d4f1a2e007ef5a49f07e9595641
phase3_audit_full_v1,exploratory,audit,audit_benchmark,bank_marketing,single_model,missing_features,0.05,shadow,2,2,4520,0,2,1ffd3163ab825bc3949c8a2439bd35d7815ae5ab967304c352be34f1300d4a6e
phase3_audit_full_v1,exploratory,audit,audit_benchmark,bank_marketing,mean_ensemble,missing_features,0.05,shadow,2,2,4520,0,2,89bbc8d7e36be303b9a57174e12d62fe6733567bca78497dda413253f860e446
phase3_audit_full_v1,exploratory,audit,audit_benchmark,bank_marketing,static_weighted_ensemble,missing_features,0.05,shadow,2,2,4520,0,2,2b48f5237d8391eaa28ac607104f387c033e4eef35954040df59f46e998868c4
phase3_audit_full_v1,exploratory,audit,audit_benchmark,bank_marketing,veto_mavs,missing_features,0.05,shadow,2,2,4520,4520,2,2b1d48bf58b5a78965af78d300d6228e8b50941198349f7c0aa51cd8f1094f7d
phase3_audit_full_v1,exploratory,audit,audit_benchmark,bank_marketing,pure_mavs_gc,missing_features,0.05,shadow,2,2,4520,4520,2,840f0cd63a674f91c6139199a3f10e95b150204c1bb514c49b227c92aae8c6af
phase3_audit_full_v1,exploratory,audit,audit_benchmark,bank_marketing,single_model,missing_features,0.1,audit,3,3,6780,0,3,25b94a2d8ad95d3a39f96cf1ba7f07a8dce34ac8b2a456b01909986b48c5e39f
phase3_audit_full_v1,exploratory,audit,audit_benchmark,bank_marketing,mean_ensemble,missing_features,0.1,audit,3,3,6780,0,3,9e1850ab78f5ca42ff3e36b7e7a011cf94ad1961b799356f646d2f8475923eba
phase3_audit_full_v1,exploratory,audit,audit_benchmark,bank_marketing,static_weighted_ensemble,missing_features,0.1,audit,3,3,6780,0,3,6dc5dd072973011483543388cb7ba2202daa38515bd1fca8e97676c95973857f
phase3_audit_full_v1,exploratory,audit,audit_benchmark,bank_marketing,veto_mavs,missing_features,0.1,audit,3,3,6780,6780,3,1523e15acb8c3ae9984e838398641881d6bf111fbf6964e2f642f69fa2fe33c5
phase3_audit_full_v1,exploratory,audit,audit_benchmark,bank_marketing,pure_mavs_gc,missing_features,0.1,audit,3,3,6780,6780,3,e1825e6693491215532fb35cabcbc400c88a84007fc8420af9a403155ee51156
phase3_audit_full_v1,exploratory,audit,audit_benchmark,bank_marketing,single_model,missing_features,0.1,shadow,2,2,4520,0,2,46c1e606b00641408cee2b3450d1f3c8ea39920549bdffff33e6d0b9b55e1845
phase3_audit_full_v1,exploratory,audit,audit_benchmark,bank_marketing,mean_ensemble,missing_features,0.1,shadow,2,2,4520,0,2,3a5ebc46d3db1fa2e8a3d12870d070071970bb0aebaceb40ec4cec56826eece9
phase3_audit_full_v1,exploratory,audit,audit_benchmark,bank_marketing,static_weighted_ensemble,missing_features,0.1,shadow,2,2,4520,0,2,db9a7c2791f777eab77a52f357bb535ce8477add2649806e0ee8d21317a65fe2
phase3_audit_full_v1,exploratory,audit,audit_benchmark,bank_marketing,veto_mavs,missing_features,0.1,shadow,2,2,4520,4520,2,78b4ffe3011f760fdda42e4fc51dd277c7c71e7cd06c398f67d08b5b591d65b9
phase3_audit_full_v1,exploratory,audit,audit_benchmark,bank_marketing,pure_mavs_gc,missing_features,0.1,shadow,2,2,4520,4520,2,127616ceae13d2067e11bf8ac66839d9ed3d7d452cd154642fcb51d3c1c67621
phase3_audit_full_v1,exploratory,audit,audit_benchmark,bank_marketing,single_model,missing_features,0.2,audit,3,3,6780,0,3,b47a2c9953856cd3997a7af55592ed3388c9bc50369c0f2615c0f91a172d65fa
phase3_audit_full_v1,exploratory,audit,audit_benchmark,bank_marketing,mean_ensemble,missing_features,0.2,audit,3,3,6780,0,3,e9c5e308efd642131b21a9593284aec1ca348bce9dc583123713dd4d9239d209
phase3_audit_full_v1,exploratory,audit,audit_benchmark,bank_marketing,static_weighted_ensemble,missing_features,0.2,audit,3,3,6780,0,3,72624c812a60258b30bb4a12e24876202d94b195baa34fb6314d637fd15cbb8c
phase3_audit_full_v1,exploratory,audit,audit_benchmark,bank_marketing,veto_mavs,missing_features,0.2,audit,3,3,6780,6780,3,33eb6fb3c3e9f0f6580cae6ae67e79a1163abcf1bde013b12302a1680b100a3d
phase3_audit_full_v1,exploratory,audit,audit_benchmark,bank_marketing,pure_mavs_gc,missing_features,0.2,audit,3,3,6780,6780,3,9b3e4bc1dffe960ccc15e6e72b4879ffdb9dbbc590da65f87ef78dfbb058fba7
phase3_audit_full_v1,exploratory,audit,audit_benchmark,bank_marketing,single_model,missing_features,0.2,shadow,2,2,4520,0,2,f36b7fc16bf24559607f0aff1d7c44158eec19122c2b5de9c95b14da2ef5bc0d
phase3_audit_full_v1,exploratory,audit,audit_benchmark,bank_marketing,mean_ensemble,missing_features,0.2,shadow,2,2,4520,0,2,fafbdd8de0faf263a7705983b5ec8b06e911e1e9208bb0e3c6cc24cc6317185e
phase3_audit_full_v1,exploratory,audit,audit_benchmark,bank_marketing,static_weighted_ensemble,missing_features,0.2,shadow,2,2,4520,0,2,38f5f23084473f32316edf1b1820a7797a11d47815cb9e30c76503548f026edd
phase3_audit_full_v1,exploratory,audit,audit_benchmark,bank_marketing,veto_mavs,missing_features,0.2,shadow,2,2,4520,4520,2,3c1986a5004e97bfe1ac1fafc9cf1e040aaaa3ee6c841312dabeb83ec80b97c6
phase3_audit_full_v1,exploratory,audit,audit_benchmark,bank_marketing,pure_mavs_gc,missing_features,0.2,shadow,2,2,4520,4520,2,13278505db94cf5df44997189368cd08df995a7995b6eefaf82ac36eefd9ba15
phase3_audit_full_v1,exploratory,audit,audit_benchmark,bank_marketing,single_model,missing_features,0.4,audit,3,3,6780,0,3,b3d3e6e087869431e14468b3ac79426ae27a5061fef1d2038e1652b7b3abf485
phase3_audit_full_v1,exploratory,audit,audit_benchmark,bank_marketing,mean_ensemble,missing_features,0.4,audit,3,3,6780,0,3,d57ddf4b196dd04d131afebc3721122602370ccbbbc3fefdeeb3e5b6eec5effb
phase3_audit_full_v1,exploratory,audit,audit_benchmark,bank_marketing,static_weighted_ensemble,missing_features,0.4,audit,3,3,6780,0,3,ebd01c700bdf687d48eee4d8e55a2803335c76e3bf3d35df9e04b994a6520755
phase3_audit_full_v1,exploratory,audit,audit_benchmark,bank_marketing,veto_mavs,missing_features,0.4,audit,3,3,6780,6780,3,785bf619332f6e0d128c821db1d3fc94a4084adfc0e11efafdaf56304210cda8
phase3_audit_full_v1,exploratory,audit,audit_benchmark,bank_marketing,pure_mavs_gc,missing_features,0.4,audit,3,3,6780,6780,3,dad08b495937a802460ec1b5e777141432f2b8d79f319763dd79fdaab65b1bb3
phase3_audit_full_v1,exploratory,audit,audit_benchmark,bank_marketing,single_model,missing_features,0.4,shadow,2,2,4520,0,2,b4c5179b15ecc987b03d99078915534f991ca8e2804828a6d44b6ac6bb17dd3f
phase3_audit_full_v1,exploratory,audit,audit_benchmark,bank_marketing,mean_ensemble,missing_features,0.4,shadow,2,2,4520,0,2,cbaedf4d2fb401996757407fc4a2f773e9800ed85d5824315ad2d197bf2add18
phase3_audit_full_v1,exploratory,audit,audit_benchmark,bank_marketing,static_weighted_ensemble,missing_features,0.4,shadow,2,2,4520,0,2,ad02444b8427210ed587ef5693975f32d0129c6d7fd6495dc2a30014e62e0ff4
phase3_audit_full_v1,exploratory,audit,audit_benchmark,bank_marketing,veto_mavs,missing_features,0.4,shadow,2,2,4520,4520,2,541aec58daf115097cf0e639f0516dc6a7f45244896bc9d4cff6b6a19db78d4a
phase3_audit_full_v1,exploratory,audit,audit_benchmark,bank_marketing,pure_mavs_gc,missing_features,0.4,shadow,2,2,4520,4520,2,d0967ef935ea4fb9acc8fc58da30f899729529bdf5f1eedd81c0f317758efd73
phase3_audit_full_v1,exploratory,audit,audit_benchmark,bank_marketing,single_model,missing_features,0.6,audit,3,3,6780,0,3,db7568f5dec20ace07d753619ab00ee2d19b0eab7f4a3d1d13b303c4e58982d7
phase3_audit_full_v1,exploratory,audit,audit_benchmark,bank_marketing,mean_ensemble,missing_features,0.6,audit,3,3,6780,0,3,de00bde97dec1bcbfa8257132a376a37edd71283ed3e1c43f52958291ba33253
phase3_audit_full_v1,exploratory,audit,audit_benchmark,bank_marketing,static_weighted_ensemble,missing_features,0.6,audit,3,3,6780,0,3,7da0d3616641d693049dc2c32a43e0cbe1cc9b8c48be45517fbf30b410dac0d1
phase3_audit_full_v1,exploratory,audit,audit_benchmark,bank_marketing,veto_mavs,missing_features,0.6,audit,3,3,6780,6780,3,8716a920c924a69476d160170e66adbaa67a780d0e3577102e49394f31415a8d
phase3_audit_full_v1,exploratory,audit,audit_benchmark,bank_marketing,pure_mavs_gc,missing_features,0.6,audit,3,3,6780,6780,3,360d9c93dde76ae395dec36f0395eb89c0825282644328b9a9876437bd362d09
phase3_audit_full_v1,exploratory,audit,audit_benchmark,bank_marketing,single_model,missing_features,0.6,shadow,2,2,4520,0,2,00e42a06e56d7e8b31b1259bf0b00d4c138dc5744f1c183ae0789a376ee86b51
phase3_audit_full_v1,exploratory,audit,audit_benchmark,bank_marketing,mean_ensemble,missing_features,0.6,shadow,2,2,4520,0,2,c3af563ae334d463874097ac8daa882050a55dbca6badf997c9ac4547e3ca7e7
phase3_audit_full_v1,exploratory,audit,audit_benchmark,bank_marketing,static_weighted_ensemble,missing_features,0.6,shadow,2,2,4520,0,2,e40e2635f5f474277f9c8fd78cc907ddd9abe54a802408448cc5e46e5c251641
phase3_audit_full_v1,exploratory,audit,audit_benchmark,bank_marketing,veto_mavs,missing_features,0.6,shadow,2,2,4520,4520,2,11a34b8a6f3e838c3b80f21c78b6e68a454408c769f3c46152c3e7615f0e9ad0
phase3_audit_full_v1,exploratory,audit,audit_benchmark,bank_marketing,pure_mavs_gc,missing_features,0.6,shadow,2,2,4520,4520,2,1c1fcdac2c6feb36311d68d03b0b5b3dcf0d0d3bc235fca6066934b8370f0d05
phase3_audit_full_v1,exploratory,audit,audit_benchmark,bank_marketing,single_model,missing_features,0.8,audit,3,3,6780,0,3,9b5ab5617830ab7897db1c30df26d441f97e8328786ed4127b0d5ec0c2409f2c
phase3_audit_full_v1,exploratory,audit,audit_benchmark,bank_marketing,mean_ensemble,missing_features,0.8,audit,3,3,6780,0,3,986ee230c70988661d2ca18c05889b51b9cd96598274a057fca33855da5e6811
phase3_audit_full_v1,exploratory,audit,audit_benchmark,bank_marketing,static_weighted_ensemble,missing_features,0.8,audit,3,3,6780,0,3,dd95006b089d4582fb9ea9e3cc18a783069d53d99056aadd71c1ab6adc6694c3
phase3_audit_full_v1,exploratory,audit,audit_benchmark,bank_marketing,veto_mavs,missing_features,0.8,audit,3,3,6780,6780,3,86eb6bcba9d2d8360c27906f7aa3eb5016c2b5770c5e205e61fd27f249e229e3
phase3_audit_full_v1,exploratory,audit,audit_benchmark,bank_marketing,pure_mavs_gc,missing_features,0.8,audit,3,3,6780,6780,3,43a740655bae09231290128cc80c919060ed2ca5fc1d7ce77ff3def58db36e7d
phase3_audit_full_v1,exploratory,audit,audit_benchmark,bank_marketing,single_model,missing_features,0.8,shadow,2,2,4520,0,2,9cfff00ff8c873caf189298024ce96b166863ea7fd704f1e9b964911aefac6ff
phase3_audit_full_v1,exploratory,audit,audit_benchmark,bank_marketing,mean_ensemble,missing_features,0.8,shadow,2,2,4520,0,2,845886c69eee5df3f08d0558d67529d427460c37ba2f47cfcf52df8f769470f9
phase3_audit_full_v1,exploratory,audit,audit_benchmark,bank_marketing,static_weighted_ensemble,missing_features,0.8,shadow,2,2,4520,0,2,bc8cdeb8dff73e7b8f93cf24ca158efd9c15f3f290368aae082104c6adf05955
phase3_audit_full_v1,exploratory,audit,audit_benchmark,bank_marketing,veto_mavs,missing_features,0.8,shadow,2,2,4520,4520,2,871ec2c43ca324eac5a58f4bff53d7d0c16e5d37a936f05120bef0c0c545fddb
phase3_audit_full_v1,exploratory,audit,audit_benchmark,bank_marketing,pure_mavs_gc,missing_features,0.8,shadow,2,2,4520,4520,2,c593de7bac5a841b3e58bfba8eaea2d578472bbf2b220a9d89b5dff7e5de8a68
phase3_audit_full_v1,exploratory,audit,audit_benchmark,bank_marketing,single_model,missing_features,1.0,audit,3,3,6780,0,3,4a14fa5749881e9d83efea100a40f86b587260abb8ca0207f277900a216b3783
phase3_audit_full_v1,exploratory,audit,audit_benchmark,bank_marketing,mean_ensemble,missing_features,1.0,audit,3,3,6780,0,3,466200205cd2e5980999e1513242b02b90eeca8f38d5c67e36dbb9135f953a74
phase3_audit_full_v1,exploratory,audit,audit_benchmark,bank_marketing,static_weighted_ensemble,missing_features,1.0,audit,3,3,6780,0,3,6ea1760d19611b717dba07612a0a02d1907afde5fc18b96c1d0f1d7148fdde9e
phase3_audit_full_v1,exploratory,audit,audit_benchmark,bank_marketing,veto_mavs,missing_features,1.0,audit,3,3,6780,6780,3,775ef59e0fbd82d3913dda1d394aeb6ecfb3c7f8c0d037bf433e4426586f0e26
phase3_audit_full_v1,exploratory,audit,audit_benchmark,bank_marketing,pure_mavs_gc,missing_features,1.0,audit,3,3,6780,6780,3,807836ffa8fc25c8954bfe03e6f8768bd5ff724d9bb23ea5a6506d03d6dad100
phase3_audit_full_v1,exploratory,audit,audit_benchmark,bank_marketing,single_model,missing_features,1.0,shadow,2,2,4520,0,2,edf24c1fb8578d68edf29bd9641a553920e6bed06db3bdceac542ce1ec5e261f
phase3_audit_full_v1,exploratory,audit,audit_benchmark,bank_marketing,mean_ensemble,missing_features,1.0,shadow,2,2,4520,0,2,8b0906d571e530133264807362463d6542682f282ebd7ac2c6be5f3e228b7d81
phase3_audit_full_v1,exploratory,audit,audit_benchmark,bank_marketing,static_weighted_ensemble,missing_features,1.0,shadow,2,2,4520,0,2,0b5eb2158278392c6d6e7c840fb41fa9a3c7490e0ad544456e85397c5475f6d6
phase3_audit_full_v1,exploratory,audit,audit_benchmark,bank_marketing,veto_mavs,missing_features,1.0,shadow,2,2,4520,4520,2,a2fc95f6dce4852b33af4c8595610c344e1affd5799669aab037c97aba3b6548
phase3_audit_full_v1,exploratory,audit,audit_benchmark,bank_marketing,pure_mavs_gc,missing_features,1.0,shadow,2,2,4520,4520,2,f698ebe1ac5cb2478f3dac967fc438ca0849a8c524a47b274a6b9db1d827d4b6
phase3_audit_full_v1,exploratory,audit,audit_benchmark,bank_marketing,single_model,random_feature_deletion,0.0,audit,3,3,6780,0,3,082a40e16f0ae7371b037168de6050be9737521c0c5ba862ed461d8f95d880ec
phase3_audit_full_v1,exploratory,audit,audit_benchmark,bank_marketing,mean_ensemble,random_feature_deletion,0.0,audit,3,3,6780,0,3,2c085405ce719f0088c510c6ed81178a72b7839d59a0820add9df23a7bab6464
phase3_audit_full_v1,exploratory,audit,audit_benchmark,bank_marketing,static_weighted_ensemble,random_feature_deletion,0.0,audit,3,3,6780,0,3,3a001c6ce132ed5c6a29ac23da28017adfb918c535e3d85854659744c4cde50b
phase3_audit_full_v1,exploratory,audit,audit_benchmark,bank_marketing,veto_mavs,random_feature_deletion,0.0,audit,3,3,6780,6780,3,fc42ce3d83e14fe6e1a21ba70f9366374efdd6b663983fb39c465d8c8f6c644e
phase3_audit_full_v1,exploratory,audit,audit_benchmark,bank_marketing,pure_mavs_gc,random_feature_deletion,0.0,audit,3,3,6780,6780,3,2cba501d6951d33579b34174198234e252d7a843d5590e4c3ae5e0f816e94cec
phase3_audit_full_v1,exploratory,audit,audit_benchmark,bank_marketing,single_model,random_feature_deletion,0.0,shadow,2,2,4520,0,2,c743e3221ace5feee08e05b3a9254235189ac44bdc7635b2532f153cc6884f96
phase3_audit_full_v1,exploratory,audit,audit_benchmark,bank_marketing,mean_ensemble,random_feature_deletion,0.0,shadow,2,2,4520,0,2,8ff706c9888bbca9d7fd1c7aa9f63af443434b94a18e626e343b46d2115e0bee
phase3_audit_full_v1,exploratory,audit,audit_benchmark,bank_marketing,static_weighted_ensemble,random_feature_deletion,0.0,shadow,2,2,4520,0,2,ca3c59d79f24ef0b5dc89f4d246a0dee04301d769a72c68a09c1a30832ace077
phase3_audit_full_v1,exploratory,audit,audit_benchmark,bank_marketing,veto_mavs,random_feature_deletion,0.0,shadow,2,2,4520,4520,2,d7a43737b512eec6e2cc2dcbf27d0b97eee3c1a67d67f9a18e95eabb47bbe249
phase3_audit_full_v1,exploratory,audit,audit_benchmark,bank_marketing,pure_mavs_gc,random_feature_deletion,0.0,shadow,2,2,4520,4520,2,80678d8d3083a1895cc34dcd2a8c21d7d5a718d19f0a9e1bdfbec0d8607f6efa
phase3_audit_full_v1,exploratory,audit,audit_benchmark,bank_marketing,single_model,random_feature_deletion,0.05,audit,3,3,6780,0,3,7eee54d1f75af0139d5053ce1df919c9a6156ae385d52bbf9abab5aafc68fb1a
phase3_audit_full_v1,exploratory,audit,audit_benchmark,bank_marketing,mean_ensemble,random_feature_deletion,0.05,audit,3,3,6780,0,3,1d0f144db030c6524e12da326168f52820f6bf5298073d7bfdedaaaa8de5270a
phase3_audit_full_v1,exploratory,audit,audit_benchmark,bank_marketing,static_weighted_ensemble,random_feature_deletion,0.05,audit,3,3,6780,0,3,56282ae7db26b468e53573876c849b1a586b997cbee7947f989a48446cf23b8d
phase3_audit_full_v1,exploratory,audit,audit_benchmark,bank_marketing,veto_mavs,random_feature_deletion,0.05,audit,3,3,6780,6780,3,00093afd6ae1026ee746f9555b9acd23d9ff037959329629dc712a9670e990a4
phase3_audit_full_v1,exploratory,audit,audit_benchmark,bank_marketing,pure_mavs_gc,random_feature_deletion,0.05,audit,3,3,6780,6780,3,ac4bee3f26722165ed0cd0fef5da290bbdfa29cb7ad5319054b1cfaf2b825223
phase3_audit_full_v1,exploratory,audit,audit_benchmark,bank_marketing,single_model,random_feature_deletion,0.05,shadow,2,2,4520,0,2,a955f9105a652a2d1727016e7611209af52b7579f80522408e81868e4c661f40
phase3_audit_full_v1,exploratory,audit,audit_benchmark,bank_marketing,mean_ensemble,random_feature_deletion,0.05,shadow,2,2,4520,0,2,ef95d4821caa9f0c28b5a85c0e2360dd1a4f5d5e7f349fd24cd988d9f30d87ba
phase3_audit_full_v1,exploratory,audit,audit_benchmark,bank_marketing,static_weighted_ensemble,random_feature_deletion,0.05,shadow,2,2,4520,0,2,826508d0c4dc4d8be83d5e4bb3db39e4dca01925a157c361d2b2a30a4311202d
phase3_audit_full_v1,exploratory,audit,audit_benchmark,bank_marketing,veto_mavs,random_feature_deletion,0.05,shadow,2,2,4520,4520,2,e0cbcc406cd26893601b3fad3be65ae8d75930d069603cb28915cefcda4b0bb1
phase3_audit_full_v1,exploratory,audit,audit_benchmark,bank_marketing,pure_mavs_gc,random_feature_deletion,0.05,shadow,2,2,4520,4520,2,98865ea93c6bc56e4eedef31632a8f0a258cbc612edb4b318aaf3536f6439799
phase3_audit_full_v1,exploratory,audit,audit_benchmark,bank_marketing,single_model,random_feature_deletion,0.1,audit,3,3,6780,0,3,ef7ecbc87eb6ad2b11bd1959717c950c89f79b94e0f7e5800117ef2f99e4f5e4
phase3_audit_full_v1,exploratory,audit,audit_benchmark,bank_marketing,mean_ensemble,random_feature_deletion,0.1,audit,3,3,6780,0,3,6fb5a0a33788709933457371e69bcd6f222f1dd51a01b6c86215d6b038396af8
phase3_audit_full_v1,exploratory,audit,audit_benchmark,bank_marketing,static_weighted_ensemble,random_feature_deletion,0.1,audit,3,3,6780,0,3,ebc0fbd44f7466511943a425dab3f8aada32a0edbb223c72fed3bdfa0e0cab06
phase3_audit_full_v1,exploratory,audit,audit_benchmark,bank_marketing,veto_mavs,random_feature_deletion,0.1,audit,3,3,6780,6780,3,63858c63ca4817a003576aad23d964f00ba5cf5c730d4039b895f550162827a9
phase3_audit_full_v1,exploratory,audit,audit_benchmark,bank_marketing,pure_mavs_gc,random_feature_deletion,0.1,audit,3,3,6780,6780,3,14ad4fcae8e75efe1045f4bbc386640496aab46905af24f18bf16657678608c9
phase3_audit_full_v1,exploratory,audit,audit_benchmark,bank_marketing,single_model,random_feature_deletion,0.1,shadow,2,2,4520,0,2,f8a4cb548bee4267662e5154c1f6b701afef95d45dd010d43b399fd91796a213
phase3_audit_full_v1,exploratory,audit,audit_benchmark,bank_marketing,mean_ensemble,random_feature_deletion,0.1,shadow,2,2,4520,0,2,c9484345e07217045a13a00c8b42281f1a56ff72d15e36c969b467a2cb7b4463
phase3_audit_full_v1,exploratory,audit,audit_benchmark,bank_marketing,static_weighted_ensemble,random_feature_deletion,0.1,shadow,2,2,4520,0,2,a529dad6a48a42923166c3cb28f5c52306df96dba0580ef426e8bba9ffe00e3b
phase3_audit_full_v1,exploratory,audit,audit_benchmark,bank_marketing,veto_mavs,random_feature_deletion,0.1,shadow,2,2,4520,4520,2,938ab63696ab9ba9a8e702b60bb706fdd2b74ed9a36572793e56a542351d041b
phase3_audit_full_v1,exploratory,audit,audit_benchmark,bank_marketing,pure_mavs_gc,random_feature_deletion,0.1,shadow,2,2,4520,4520,2,a0c99895f4da0482c25db47b8eb52f56328b8e7f0713e92d529fa238dd7f7f87
phase3_audit_full_v1,exploratory,audit,audit_benchmark,bank_marketing,single_model,random_feature_deletion,0.2,audit,3,3,6780,0,3,6d22fb8aeb007321c03433a2f10bf40c84dbf0f252c2bff227f25925b3dc75ff
phase3_audit_full_v1,exploratory,audit,audit_benchmark,bank_marketing,mean_ensemble,random_feature_deletion,0.2,audit,3,3,6780,0,3,a4c5cd6e87a8b7e94076d92b0544f671250515e9aa9c70eae9f8144b87669675
phase3_audit_full_v1,exploratory,audit,audit_benchmark,bank_marketing,static_weighted_ensemble,random_feature_deletion,0.2,audit,3,3,6780,0,3,a4af94bf2a3bcf88145ff0c3f07c57f4b8e1defcdc716c42e8a93415ea58af17
phase3_audit_full_v1,exploratory,audit,audit_benchmark,bank_marketing,veto_mavs,random_feature_deletion,0.2,audit,3,3,6780,6780,3,d39ad0dfb683b0bcc26e027a4425a12ed21e0ef46d92d7271141dfb8d4da849e
phase3_audit_full_v1,exploratory,audit,audit_benchmark,bank_marketing,pure_mavs_gc,random_feature_deletion,0.2,audit,3,3,6780,6780,3,607d0fb105abbbb36b321e3fafd9e337d8d8088b20a1077cf0b6ab2975a847b8
phase3_audit_full_v1,exploratory,audit,audit_benchmark,bank_marketing,single_model,random_feature_deletion,0.2,shadow,2,2,4520,0,2,39279a046c6e1ab85368e18cbda1d056ff3472164e27ee547abbe5f4ef6f0c14
phase3_audit_full_v1,exploratory,audit,audit_benchmark,bank_marketing,mean_ensemble,random_feature_deletion,0.2,shadow,2,2,4520,0,2,3394b96883df803a9a40b4298fa924b61570cf4acc1ba23f5328173554029997
phase3_audit_full_v1,exploratory,audit,audit_benchmark,bank_marketing,static_weighted_ensemble,random_feature_deletion,0.2,shadow,2,2,4520,0,2,27276b482d90a17eb8954db5b1a0075c9b231073ccb42220c4cdc67fcde8ebbb
phase3_audit_full_v1,exploratory,audit,audit_benchmark,bank_marketing,veto_mavs,random_feature_deletion,0.2,shadow,2,2,4520,4520,2,a051ce51568d86b12306fb7addf09a139f94945977adbd07b1cbc5168a8bf7c9
phase3_audit_full_v1,exploratory,audit,audit_benchmark,bank_marketing,pure_mavs_gc,random_feature_deletion,0.2,shadow,2,2,4520,4520,2,051872b364aefaeb47be2f654c963d39dc4926485f921997291ff78fa180f869
phase3_audit_full_v1,exploratory,audit,audit_benchmark,bank_marketing,single_model,random_feature_deletion,0.4,audit,3,3,6780,0,3,19701b15ced7437690faecd8e6a92dce68d266e70d8d867d86f8a9a35af4999e
phase3_audit_full_v1,exploratory,audit,audit_benchmark,bank_marketing,mean_ensemble,random_feature_deletion,0.4,audit,3,3,6780,0,3,3c5452fbd5adb982b678d3293919187b230500a8daf1a7e40efbc5cb804dc514
phase3_audit_full_v1,exploratory,audit,audit_benchmark,bank_marketing,static_weighted_ensemble,random_feature_deletion,0.4,audit,3,3,6780,0,3,1e12b01eba316d96219ee8059f2a3ada75237cbb1f56d6d79c6dbb679ca410e0
phase3_audit_full_v1,exploratory,audit,audit_benchmark,bank_marketing,veto_mavs,random_feature_deletion,0.4,audit,3,3,6780,6780,3,6822a8fd691afe473ebcc0db869ce110789b72f3a9696506c55c5d811cc54d52
phase3_audit_full_v1,exploratory,audit,audit_benchmark,bank_marketing,pure_mavs_gc,random_feature_deletion,0.4,audit,3,3,6780,6780,3,0204fa370468bd36a7a541e7376ac66657630b88cd8d148055179603bba0c861
phase3_audit_full_v1,exploratory,audit,audit_benchmark,bank_marketing,single_model,random_feature_deletion,0.4,shadow,2,2,4520,0,2,441a9329cef99b70ed61c3895884db41c2ac57e7f38c239252dda30baea8ec41
phase3_audit_full_v1,exploratory,audit,audit_benchmark,bank_marketing,mean_ensemble,random_feature_deletion,0.4,shadow,2,2,4520,0,2,bf5435895f939e9962030eba95ee2606dc8bd619453d854fac4dfefed8bd446b
phase3_audit_full_v1,exploratory,audit,audit_benchmark,bank_marketing,static_weighted_ensemble,random_feature_deletion,0.4,shadow,2,2,4520,0,2,2b631f6638c3b7c11d53bff3ea467fcbcb365e66ca43924b715579df252c7d0e
phase3_audit_full_v1,exploratory,audit,audit_benchmark,bank_marketing,veto_mavs,random_feature_deletion,0.4,shadow,2,2,4520,4520,2,85b71c2f8c086c693e4b4bc8bbd88f8b8a80c7675844fa357acd8b61208bcebc
phase3_audit_full_v1,exploratory,audit,audit_benchmark,bank_marketing,pure_mavs_gc,random_feature_deletion,0.4,shadow,2,2,4520,4520,2,c50bca9f4c3aa8901cf4ded1970d420d3ddee2a3842e6c89aa92986ec7c2a88b
phase3_audit_full_v1,exploratory,audit,audit_benchmark,bank_marketing,single_model,random_feature_deletion,0.6,audit,3,3,6780,0,3,e3924b5ad2dcf1eb3d567bf762f71364d803c91676bbe25c6a1ea3c03f06bde3
phase3_audit_full_v1,exploratory,audit,audit_benchmark,bank_marketing,mean_ensemble,random_feature_deletion,0.6,audit,3,3,6780,0,3,4a3e95fe525309bc242286c32b2eed7a155f84297f4a6914ce3540a450d908a8
phase3_audit_full_v1,exploratory,audit,audit_benchmark,bank_marketing,static_weighted_ensemble,random_feature_deletion,0.6,audit,3,3,6780,0,3,38d36e8ddb21fcd8ceabdbd275cdbfa714084c96ca2116809fd68f036f0d6ccb
phase3_audit_full_v1,exploratory,audit,audit_benchmark,bank_marketing,veto_mavs,random_feature_deletion,0.6,audit,3,3,6780,6780,3,05f21bfc37ab8e798057f0520327a370817c0d98f1d9d702152deffae2cc6d8c
phase3_audit_full_v1,exploratory,audit,audit_benchmark,bank_marketing,pure_mavs_gc,random_feature_deletion,0.6,audit,3,3,6780,6780,3,930817d86a06e18cb2c52f78e5fdb63c758723489403a9f66080eebe46cc1936
phase3_audit_full_v1,exploratory,audit,audit_benchmark,bank_marketing,single_model,random_feature_deletion,0.6,shadow,2,2,4520,0,2,01f3f78126a566acba9891390c81e1c1f089339539d74127738c2578c7692c20
phase3_audit_full_v1,exploratory,audit,audit_benchmark,bank_marketing,mean_ensemble,random_feature_deletion,0.6,shadow,2,2,4520,0,2,89f384e22e6adc9ab73a4fabe5812f997cfff2a413488c0029df2768590e27e9
phase3_audit_full_v1,exploratory,audit,audit_benchmark,bank_marketing,static_weighted_ensemble,random_feature_deletion,0.6,shadow,2,2,4520,0,2,e29ecab1a121b1e3575454c3f6768562e10b48bbbeccfb4b5052139ba38d96be
phase3_audit_full_v1,exploratory,audit,audit_benchmark,bank_marketing,veto_mavs,random_feature_deletion,0.6,shadow,2,2,4520,4520,2,60a572af1e86d18acb278f0310f2c792f6e25bfb19d2f3afd0b3902782de5a0e
phase3_audit_full_v1,exploratory,audit,audit_benchmark,bank_marketing,pure_mavs_gc,random_feature_deletion,0.6,shadow,2,2,4520,4520,2,efaad02f938fbe5f6ea2fa305729755ee811d04eb08ba68d745efdc3cc046034
phase3_audit_full_v1,exploratory,audit,audit_benchmark,bank_marketing,single_model,random_feature_deletion,0.8,audit,3,3,6780,0,3,5e14d7986c504924b7ab6ba21e7bab1b518a2bc2372a1480488328a9c9396eae
phase3_audit_full_v1,exploratory,audit,audit_benchmark,bank_marketing,mean_ensemble,random_feature_deletion,0.8,audit,3,3,6780,0,3,a664fa221abf8d6a54bec307fdf18072a1ea13a0a4748fe813e5e26b05821e3e
phase3_audit_full_v1,exploratory,audit,audit_benchmark,bank_marketing,static_weighted_ensemble,random_feature_deletion,0.8,audit,3,3,6780,0,3,6d743c1931557d4ca01a5f9ae66a56ffb3e14d3c49295f7156a32e05f4cb051e
phase3_audit_full_v1,exploratory,audit,audit_benchmark,bank_marketing,veto_mavs,random_feature_deletion,0.8,audit,3,3,6780,6780,3,063c1b4f3e1baae0e73c0191b8a52621f4bc81cdd4ae7ab83df9f9f347cdb431
phase3_audit_full_v1,exploratory,audit,audit_benchmark,bank_marketing,pure_mavs_gc,random_feature_deletion,0.8,audit,3,3,6780,6780,3,761bf1c40971d557fbddeea203c99fcecf2e33b7d84805c146e8ed1c0c9a5c53
phase3_audit_full_v1,exploratory,audit,audit_benchmark,bank_marketing,single_model,random_feature_deletion,0.8,shadow,2,2,4520,0,2,16819bd9e8757ae2d2615004d9f2f8256dae0b32f37ca2ffa2a698844ccbd223
phase3_audit_full_v1,exploratory,audit,audit_benchmark,bank_marketing,mean_ensemble,random_feature_deletion,0.8,shadow,2,2,4520,0,2,84164026f3c6785238ef06def32600dd981a782d8427c25611450aabaa912a86
phase3_audit_full_v1,exploratory,audit,audit_benchmark,bank_marketing,static_weighted_ensemble,random_feature_deletion,0.8,shadow,2,2,4520,0,2,9d9ce8515fee21fb5578f4998884872e432b6424028258f59bb461507993bb7e
phase3_audit_full_v1,exploratory,audit,audit_benchmark,bank_marketing,veto_mavs,random_feature_deletion,0.8,shadow,2,2,4520,4520,2,cf1f4dc2e341673d2ff1adb3f7ac097b5621dcc0679d6255e10ec6a3c370ff3b
phase3_audit_full_v1,exploratory,audit,audit_benchmark,bank_marketing,pure_mavs_gc,random_feature_deletion,0.8,shadow,2,2,4520,4520,2,a94d8520706bd81add0f6e3110ff0b9e1f531739c83270e9cf04edab6729ef3d
phase3_audit_full_v1,exploratory,audit,audit_benchmark,bank_marketing,single_model,random_feature_deletion,1.0,audit,3,3,6780,0,3,790b6928bb4f35ea41a396066a87af56f93e15bc098368f65b6e1a27bf8f68a1
phase3_audit_full_v1,exploratory,audit,audit_benchmark,bank_marketing,mean_ensemble,random_feature_deletion,1.0,audit,3,3,6780,0,3,df77b7e3527c2c72f5d369b1f6a32fb3125e3f9c3c71951b700505114ecf65e6
phase3_audit_full_v1,exploratory,audit,audit_benchmark,bank_marketing,static_weighted_ensemble,random_feature_deletion,1.0,audit,3,3,6780,0,3,96528792fdc15c80458b996909991f26825ebf74ba14c2cdcb1ad5f0556971a7
phase3_audit_full_v1,exploratory,audit,audit_benchmark,bank_marketing,veto_mavs,random_feature_deletion,1.0,audit,3,3,6780,6780,3,63b73644d019f17f3e7f11f7f284ed971e3656296b247a6d8e9710aa36cba75e
phase3_audit_full_v1,exploratory,audit,audit_benchmark,bank_marketing,pure_mavs_gc,random_feature_deletion,1.0,audit,3,3,6780,6780,3,d9b95122f7e44d9dd5e62900fc13c154909a95e03a947a3ce0208e704a46a239
phase3_audit_full_v1,exploratory,audit,audit_benchmark,bank_marketing,single_model,random_feature_deletion,1.0,shadow,2,2,4520,0,2,d0c5609bdf0f36b0b368b08d12dbd3f4f8ae42ab61cb564a70a96e24509b70c7
phase3_audit_full_v1,exploratory,audit,audit_benchmark,bank_marketing,mean_ensemble,random_feature_deletion,1.0,shadow,2,2,4520,0,2,b8744a0552d9f5f95e304a1fcdb4e69e49def6f5e7ad40d58099f1c0d9cb82af
phase3_audit_full_v1,exploratory,audit,audit_benchmark,bank_marketing,static_weighted_ensemble,random_feature_deletion,1.0,shadow,2,2,4520,0,2,974f5f4867ab9d5cd5bfcfd32d2afa95316019d77a61b6c4fb9a51ec6d97824a
phase3_audit_full_v1,exploratory,audit,audit_benchmark,bank_marketing,veto_mavs,random_feature_deletion,1.0,shadow,2,2,4520,4520,2,3d6c6a49b180cb086c2fc505cb58769bef7933425865b6527def5df41677bae8
phase3_audit_full_v1,exploratory,audit,audit_benchmark,bank_marketing,pure_mavs_gc,random_feature_deletion,1.0,shadow,2,2,4520,4520,2,0eaf6117eb17571a9231ead332ca3528ac83a1b63a19b550a3c4bfadc3814f56
phase3_audit_full_v1,exploratory,audit,audit_benchmark,bank_marketing,single_model,label_noise,0.0,audit,3,3,6780,0,3,db42e45e7a0f4c181af06535dc9d2288697dc74fb0eacd6c3b5ce05620097fc5
phase3_audit_full_v1,exploratory,audit,audit_benchmark,bank_marketing,mean_ensemble,label_noise,0.0,audit,3,3,6780,0,3,7eb0ee5073a851283c5168fca27d97ef8877749815526ac35bd384d20806ba30
phase3_audit_full_v1,exploratory,audit,audit_benchmark,bank_marketing,static_weighted_ensemble,label_noise,0.0,audit,3,3,6780,0,3,da8f0ee88f2cdefa5d34514b9980ae6a5e1cddfd726c83215f5b0b06ae142dcc
phase3_audit_full_v1,exploratory,audit,audit_benchmark,bank_marketing,veto_mavs,label_noise,0.0,audit,3,3,6780,6780,3,61c9481e9d529d81649dcc791428adab5f266e62a98d88c177e0bea863a64886
phase3_audit_full_v1,exploratory,audit,audit_benchmark,bank_marketing,pure_mavs_gc,label_noise,0.0,audit,3,3,6780,6780,3,7bb1663f5f2e8a980b8ceb07935739d76abdb099a287f578d11410acf1dfa3f2
phase3_audit_full_v1,exploratory,audit,audit_benchmark,bank_marketing,single_model,label_noise,0.0,shadow,2,2,4520,0,2,48c02f38e7c022506d8185ebc97423fb1f1fe769b4948e3025e93e9281e954ed
phase3_audit_full_v1,exploratory,audit,audit_benchmark,bank_marketing,mean_ensemble,label_noise,0.0,shadow,2,2,4520,0,2,b931110227fe33c9f03ae809bd272799687c23954a2fa49eac6e1973c256f42e
phase3_audit_full_v1,exploratory,audit,audit_benchmark,bank_marketing,static_weighted_ensemble,label_noise,0.0,shadow,2,2,4520,0,2,0e8344526a87b455b316a7ee2da23ad0e2d55a7e9d0817441e11eb4235f0702e
phase3_audit_full_v1,exploratory,audit,audit_benchmark,bank_marketing,veto_mavs,label_noise,0.0,shadow,2,2,4520,4520,2,bf12173354eb19ae0cfdc5876e57c1428d3e7b25c4493dedeffad81166a74aeb
phase3_audit_full_v1,exploratory,audit,audit_benchmark,bank_marketing,pure_mavs_gc,label_noise,0.0,shadow,2,2,4520,4520,2,2fcaf7a8573a86361d9e7870a1d54cd5222fd7e3f0af591eddb7f9c71ec51b2e
phase3_audit_full_v1,exploratory,audit,audit_benchmark,bank_marketing,single_model,label_noise,0.05,audit,3,3,6780,0,3,6794e4556dcef9cb7bfc2d70eda84a70c28d52c9f0ef15ee0730efb9dbc9723f
phase3_audit_full_v1,exploratory,audit,audit_benchmark,bank_marketing,mean_ensemble,label_noise,0.05,audit,3,3,6780,0,3,7b19f45168c4476e224fb5b83b43ee4857ead37c8fbc470704a851acdeb8b431
phase3_audit_full_v1,exploratory,audit,audit_benchmark,bank_marketing,static_weighted_ensemble,label_noise,0.05,audit,3,3,6780,0,3,f3c0853a1733d312842b213ae75bfceb436a17662d582c6704c5c56b4614af23
phase3_audit_full_v1,exploratory,audit,audit_benchmark,bank_marketing,veto_mavs,label_noise,0.05,audit,3,3,6780,6780,3,fefc0050bf127095b31f2142d4bf9a39ff2526b4992b12442c403e92348a4ca8
phase3_audit_full_v1,exploratory,audit,audit_benchmark,bank_marketing,pure_mavs_gc,label_noise,0.05,audit,3,3,6780,6780,3,00082a46abdd21d2d67c5153b817a8967fce33adcdf036f693d084285348b94d
phase3_audit_full_v1,exploratory,audit,audit_benchmark,bank_marketing,single_model,label_noise,0.05,shadow,2,2,4520,0,2,6645a0b6190a350555195b9f35e6bf9721bba12b0b17d1d50e9cd17742f4d1d0
phase3_audit_full_v1,exploratory,audit,audit_benchmark,bank_marketing,mean_ensemble,label_noise,0.05,shadow,2,2,4520,0,2,1d41ab46bd7d6d74a49663a7b10f4451c3d8b01dd59abfe027127e37f503a9a0
phase3_audit_full_v1,exploratory,audit,audit_benchmark,bank_marketing,static_weighted_ensemble,label_noise,0.05,shadow,2,2,4520,0,2,942cad26e2d9aa44f735ae45d6794e54db00e9d9451bb3057e9b6c1e0faaa474
phase3_audit_full_v1,exploratory,audit,audit_benchmark,bank_marketing,veto_mavs,label_noise,0.05,shadow,2,2,4520,4520,2,4d738a819fa3ae3ca112feb48095d5665b6a190da4e586be8d00fc63c2425760
phase3_audit_full_v1,exploratory,audit,audit_benchmark,bank_marketing,pure_mavs_gc,label_noise,0.05,shadow,2,2,4520,4520,2,15476a2b20ba7b4db7104eb7d3851cdd397edc8c39276740304fb8be985d4857
phase3_audit_full_v1,exploratory,audit,audit_benchmark,bank_marketing,single_model,label_noise,0.1,audit,3,3,6780,0,3,ee30281c3d2de78a4f830704d20c91e49844ca76c66d21f80d9791cadc0579ab
phase3_audit_full_v1,exploratory,audit,audit_benchmark,bank_marketing,mean_ensemble,label_noise,0.1,audit,3,3,6780,0,3,773e7340d2cc11330b403f7012fd2fdc60e6d4480bdb09ff62719fb9aea41675
phase3_audit_full_v1,exploratory,audit,audit_benchmark,bank_marketing,static_weighted_ensemble,label_noise,0.1,audit,3,3,6780,0,3,d9583509ecce87a95c6608805d6c47ec9ff4d7c8932de6b28561c710efb83298
phase3_audit_full_v1,exploratory,audit,audit_benchmark,bank_marketing,veto_mavs,label_noise,0.1,audit,3,3,6780,6780,3,98d369964753d53c374c1e979e09c21caf24b7dcbad832dfc265165b72d2a0ff
phase3_audit_full_v1,exploratory,audit,audit_benchmark,bank_marketing,pure_mavs_gc,label_noise,0.1,audit,3,3,6780,6780,3,f6173126e058f6927e9d7bb770c103981e09f531eab7697e2b25589cdd31130d
phase3_audit_full_v1,exploratory,audit,audit_benchmark,bank_marketing,single_model,label_noise,0.1,shadow,2,2,4520,0,2,7435c82b46e694d191dc28479e671d4247984454b34c2aeea53ca1d88a0e483c
phase3_audit_full_v1,exploratory,audit,audit_benchmark,bank_marketing,mean_ensemble,label_noise,0.1,shadow,2,2,4520,0,2,d65f82ba1485beeca8534bcf8da6cfc6a26e9f93e31e99ab46f23657c81ca369
phase3_audit_full_v1,exploratory,audit,audit_benchmark,bank_marketing,static_weighted_ensemble,label_noise,0.1,shadow,2,2,4520,0,2,21bb285a8403b709f2e0f437449dc2626a1e2954901f2885ad4be06bccb7a2de
phase3_audit_full_v1,exploratory,audit,audit_benchmark,bank_marketing,veto_mavs,label_noise,0.1,shadow,2,2,4520,4520,2,89c6338027a991cf2fc06998d5b92a6cbc512b5ef9392837ed03c7a16a84d3f2
phase3_audit_full_v1,exploratory,audit,audit_benchmark,bank_marketing,pure_mavs_gc,label_noise,0.1,shadow,2,2,4520,4520,2,1e6b0b84bf9d12b5fe01be7df1b9811565fc4f676135d3e210bb97c3751cc726
phase3_audit_full_v1,exploratory,audit,audit_benchmark,bank_marketing,single_model,label_noise,0.2,audit,3,3,6780,0,3,a1e7d3e5cc778f054fb3fc0b82c9d82204a63badbfe17e04674e6234a15bf0e2
phase3_audit_full_v1,exploratory,audit,audit_benchmark,bank_marketing,mean_ensemble,label_noise,0.2,audit,3,3,6780,0,3,b84fa23bc552051cee1bececcc67f45ee87ffd8c7e64f35859d921e67a392f36
phase3_audit_full_v1,exploratory,audit,audit_benchmark,bank_marketing,static_weighted_ensemble,label_noise,0.2,audit,3,3,6780,0,3,fb02e947b37fb35a195fd9eb10d1f743d97952ca6304bcaac8294e26d5cfbb72
phase3_audit_full_v1,exploratory,audit,audit_benchmark,bank_marketing,veto_mavs,label_noise,0.2,audit,3,3,6780,6780,3,23197c002bf2b579bfbaa3b7050708f5d1c25a3082f3307de5c6d27fd1780dfc
phase3_audit_full_v1,exploratory,audit,audit_benchmark,bank_marketing,pure_mavs_gc,label_noise,0.2,audit,3,3,6780,6780,3,754d7d039da02bb7f7be45fdbb8a05607a1ba0dd1b1f4ee7118466ed4c26738d
phase3_audit_full_v1,exploratory,audit,audit_benchmark,bank_marketing,single_model,label_noise,0.2,shadow,2,2,4520,0,2,9eb0f5b7666bd4e0093b4235bf0cf3ad32c365e6cde16b8540d34011165d03d7
phase3_audit_full_v1,exploratory,audit,audit_benchmark,bank_marketing,mean_ensemble,label_noise,0.2,shadow,2,2,4520,0,2,a3055d72e8f7ccf4078be810071e76091cc2100bd1daec8f673397b024f20b1a
phase3_audit_full_v1,exploratory,audit,audit_benchmark,bank_marketing,static_weighted_ensemble,label_noise,0.2,shadow,2,2,4520,0,2,abbc7f5689516a70c251f48aac72729e18179945f88d4fdc42f36a0894c9402d
phase3_audit_full_v1,exploratory,audit,audit_benchmark,bank_marketing,veto_mavs,label_noise,0.2,shadow,2,2,4520,4520,2,164df0812ad0011b109c148da7d33fb9844bc3b2cc93359ca9de6c752a05262d
phase3_audit_full_v1,exploratory,audit,audit_benchmark,bank_marketing,pure_mavs_gc,label_noise,0.2,shadow,2,2,4520,4520,2,316926b02417966df7e61e1e299b1de18e0b7db1b8ba690ee236b95b5ed8a467
phase3_audit_full_v1,exploratory,audit,audit_benchmark,bank_marketing,single_model,label_noise,0.4,audit,3,3,6780,0,3,16caf3dd1346edd0d88fcae9a78f15ff2ff462b9262fb627ee00a47fbbc2eb4b
phase3_audit_full_v1,exploratory,audit,audit_benchmark,bank_marketing,mean_ensemble,label_noise,0.4,audit,3,3,6780,0,3,3d7bce85bd251d4c3baa253b185580149851c3a889384c327f51da77da550721
phase3_audit_full_v1,exploratory,audit,audit_benchmark,bank_marketing,static_weighted_ensemble,label_noise,0.4,audit,3,3,6780,0,3,4a23b314eccbaebcb6d8bfde108a3d37310b40f06a30fd41178ecf7a86800732
phase3_audit_full_v1,exploratory,audit,audit_benchmark,bank_marketing,veto_mavs,label_noise,0.4,audit,3,3,6780,6780,3,f5ccee875b7a1cbc28194a6f605776b242e652a18e1743c7592e8daa85d3e2c6
phase3_audit_full_v1,exploratory,audit,audit_benchmark,bank_marketing,pure_mavs_gc,label_noise,0.4,audit,3,3,6780,6780,3,a5be8fb3afd2800080bc3511981446f6e92bd1a289a67ea23b4829c01d4464e1
phase3_audit_full_v1,exploratory,audit,audit_benchmark,bank_marketing,single_model,label_noise,0.4,shadow,2,2,4520,0,2,ac503202ab63b672587b5626bfbdf36d7177cc18245df4e3379c448b4fc1284c
phase3_audit_full_v1,exploratory,audit,audit_benchmark,bank_marketing,mean_ensemble,label_noise,0.4,shadow,2,2,4520,0,2,8160d529ca7e1dbdcc1489b0b2c551e873787e1a02b8a1898e5640c0ed61e7dd
phase3_audit_full_v1,exploratory,audit,audit_benchmark,bank_marketing,static_weighted_ensemble,label_noise,0.4,shadow,2,2,4520,0,2,d38e9b501c68ab8e3d861904db57801526c937abc9136cb1e12009d4e64e4913
phase3_audit_full_v1,exploratory,audit,audit_benchmark,bank_marketing,veto_mavs,label_noise,0.4,shadow,2,2,4520,4520,2,644f56ecc6e26c8ef7a58f0398cefffb985186689a4fcb260c635281231cf557
phase3_audit_full_v1,exploratory,audit,audit_benchmark,bank_marketing,pure_mavs_gc,label_noise,0.4,shadow,2,2,4520,4520,2,bc5ecf995c1493fb6bae6424b6fca20a4ebcfc55214d2ac4430592cd28be05cf
phase3_audit_full_v1,exploratory,audit,audit_benchmark,bank_marketing,single_model,label_noise,0.6,audit,3,3,6780,0,3,5de1cd0ffca8c4fc734c5eaf36222d5b66ee62bfd39beebe59991112261eb4ce
phase3_audit_full_v1,exploratory,audit,audit_benchmark,bank_marketing,mean_ensemble,label_noise,0.6,audit,3,3,6780,0,3,33cea2bea342cdcbf32ef8e1b067a8579b8d06a89ea314584ec54003f0b1c050
phase3_audit_full_v1,exploratory,audit,audit_benchmark,bank_marketing,static_weighted_ensemble,label_noise,0.6,audit,3,3,6780,0,3,4112b2a026b268eade730778ef40dbd51549b805b220451fb9d16284c315267d
phase3_audit_full_v1,exploratory,audit,audit_benchmark,bank_marketing,veto_mavs,label_noise,0.6,audit,3,3,6780,6780,3,00f8f27c329786774ce08c828ffbf954646d3dc4e009dfbffb04b7b3e567c235
phase3_audit_full_v1,exploratory,audit,audit_benchmark,bank_marketing,pure_mavs_gc,label_noise,0.6,audit,3,3,6780,6780,3,55741ba88baa773ed13606e18cc4e48776c305c088156d0efcb64b4a339161e4
phase3_audit_full_v1,exploratory,audit,audit_benchmark,bank_marketing,single_model,label_noise,0.6,shadow,2,2,4520,0,2,f06e47a540d0715fc8e14cfd7d495229fcae76080beed9c99d890eac05343a2f
phase3_audit_full_v1,exploratory,audit,audit_benchmark,bank_marketing,mean_ensemble,label_noise,0.6,shadow,2,2,4520,0,2,f30a16c6fb280e6aa974517182b0264e865a2fcf2216441f13a49ac5577f5fc3
phase3_audit_full_v1,exploratory,audit,audit_benchmark,bank_marketing,static_weighted_ensemble,label_noise,0.6,shadow,2,2,4520,0,2,37e5a20062898f6b1609ea4b2c5a6bf8c58812ee60c12e959731a4cdf4c053f8
phase3_audit_full_v1,exploratory,audit,audit_benchmark,bank_marketing,veto_mavs,label_noise,0.6,shadow,2,2,4520,4520,2,3e982462470e15752a89043dd0dd387030d256d74fc863b9236df686c4adc6cc
phase3_audit_full_v1,exploratory,audit,audit_benchmark,bank_marketing,pure_mavs_gc,label_noise,0.6,shadow,2,2,4520,4520,2,531534d17c5fb7faf6920179815b73eed1611f12cd04fe40c1794f17a6de6efe
phase3_audit_full_v1,exploratory,audit,audit_benchmark,bank_marketing,single_model,label_noise,0.8,audit,3,3,6780,0,3,10ccf07e54f95507074276c8fe42a1a10499985003b4e05e9c8e241033d2b191
phase3_audit_full_v1,exploratory,audit,audit_benchmark,bank_marketing,mean_ensemble,label_noise,0.8,audit,3,3,6780,0,3,d1af6f265a9210c638d51d08fd0f1ffb092d32fe2f3ab092f45204454370d8b3
phase3_audit_full_v1,exploratory,audit,audit_benchmark,bank_marketing,static_weighted_ensemble,label_noise,0.8,audit,3,3,6780,0,3,fd9b01653a3106c525b246f3a8c4fb796d9e7ef8568db5f9f4505f2272e6e609
phase3_audit_full_v1,exploratory,audit,audit_benchmark,bank_marketing,veto_mavs,label_noise,0.8,audit,3,3,6780,6780,3,9883b69dad88d3500e6eaaf5d66bd149c2e52ba07f4775025506e732b7101799
phase3_audit_full_v1,exploratory,audit,audit_benchmark,bank_marketing,pure_mavs_gc,label_noise,0.8,audit,3,3,6780,6780,3,21a7715453d758e45e65f08a9b34b859ad1ea71516e3c06d5784a6488bda8fed
phase3_audit_full_v1,exploratory,audit,audit_benchmark,bank_marketing,single_model,label_noise,0.8,shadow,2,2,4520,0,2,b1b891e174b99862f257d3b5a4b4af2888910d0431da64ad2fe65de0c4f5997e
phase3_audit_full_v1,exploratory,audit,audit_benchmark,bank_marketing,mean_ensemble,label_noise,0.8,shadow,2,2,4520,0,2,82da5dc70a4fed8725053b8bbd0c07213cb7dc63e823a89f7d584d6554fbc37e
phase3_audit_full_v1,exploratory,audit,audit_benchmark,bank_marketing,static_weighted_ensemble,label_noise,0.8,shadow,2,2,4520,0,2,088b94ab25908a4dc2db37f280d0b6fdc7140ddb3ab37258896aea161e4a2b6e
phase3_audit_full_v1,exploratory,audit,audit_benchmark,bank_marketing,veto_mavs,label_noise,0.8,shadow,2,2,4520,4520,2,ce3ab878a1117e624b33c3c9d93d8e20f78033eb7bc400ce6efa64b3ff81ff8b
phase3_audit_full_v1,exploratory,audit,audit_benchmark,bank_marketing,pure_mavs_gc,label_noise,0.8,shadow,2,2,4520,4520,2,699b739874034e3e7c456aa4e2257b4f0f33f587701117f3b3d99f9ebe1716de
phase3_audit_full_v1,exploratory,audit,audit_benchmark,bank_marketing,single_model,label_noise,1.0,audit,3,3,6780,0,3,4a8c2b5ca90065633077c2beee79d021eaec6e8fc06c7ec4baa69648f98c1083
phase3_audit_full_v1,exploratory,audit,audit_benchmark,bank_marketing,mean_ensemble,label_noise,1.0,audit,3,3,6780,0,3,91a781d7202887b2ec3aec2bf3604fc55af62afcb148217a14c562b69a29c598
phase3_audit_full_v1,exploratory,audit,audit_benchmark,bank_marketing,static_weighted_ensemble,label_noise,1.0,audit,3,3,6780,0,3,5da103a3d91c0858bdcb933d4a68b13f9cec52b4bfb585363c128acc834d80aa
phase3_audit_full_v1,exploratory,audit,audit_benchmark,bank_marketing,veto_mavs,label_noise,1.0,audit,3,3,6780,6780,3,ba0f35e80835a0b642c53daf9609f42c88fdd4f729e669388b43ebc74a9e1fa8
phase3_audit_full_v1,exploratory,audit,audit_benchmark,bank_marketing,pure_mavs_gc,label_noise,1.0,audit,3,3,6780,6780,3,0ef20494bb94a07ccf862f42071d35504bb85bd882edd0a55c5cb84dad448ad6
phase3_audit_full_v1,exploratory,audit,audit_benchmark,bank_marketing,single_model,label_noise,1.0,shadow,2,2,4520,0,2,00cf54d291e66def1e38d2b513ea9e1e846fc7e80b5f7040aa975076ad9a28b0
phase3_audit_full_v1,exploratory,audit,audit_benchmark,bank_marketing,mean_ensemble,label_noise,1.0,shadow,2,2,4520,0,2,03d992e72a7010c6ccc62ec31ddba66bc3343ff2c837563fe7e3466655a9307a
phase3_audit_full_v1,exploratory,audit,audit_benchmark,bank_marketing,static_weighted_ensemble,label_noise,1.0,shadow,2,2,4520,0,2,a6e77081806b4b9c4c1e9e48fbc65b2b87b884fde78b67de44912cb6c6e30181
phase3_audit_full_v1,exploratory,audit,audit_benchmark,bank_marketing,veto_mavs,label_noise,1.0,shadow,2,2,4520,4520,2,d06f7e5f0cdc99a1e73d435ba5a78740ac3d7837e26845b652f7a0a8ed647f49
phase3_audit_full_v1,exploratory,audit,audit_benchmark,bank_marketing,pure_mavs_gc,label_noise,1.0,shadow,2,2,4520,4520,2,322a52a53145ebddf8fe4bd27c1b182e68d9b6adf99c779184e544e013838193
phase3_audit_full_v1,exploratory,audit,audit_benchmark,bank_marketing,single_model,confidence_distortion,0.0,audit,3,3,6780,0,3,14bfb4aaef4cd6b91f05d532bda61d9ae21af2b6c506cf506a2b2f9a093cd976
phase3_audit_full_v1,exploratory,audit,audit_benchmark,bank_marketing,mean_ensemble,confidence_distortion,0.0,audit,3,3,6780,0,3,b77f96c5e13b505a328ff7c144a9118c24ae8784e4a655b566d7c831c3a4a60c
phase3_audit_full_v1,exploratory,audit,audit_benchmark,bank_marketing,static_weighted_ensemble,confidence_distortion,0.0,audit,3,3,6780,0,3,a920cdab5136dd548fe448b7c0126cb6a45fb35918cd0b69f3c574a72eaba02e
phase3_audit_full_v1,exploratory,audit,audit_benchmark,bank_marketing,veto_mavs,confidence_distortion,0.0,audit,3,3,6780,6780,3,9dc9284489480d63e8e0be8fec4a167d0e3c8c89a09ae56a25f4c316fac23722
phase3_audit_full_v1,exploratory,audit,audit_benchmark,bank_marketing,pure_mavs_gc,confidence_distortion,0.0,audit,3,3,6780,6780,3,1fae9b82dc4a7f646b3cffcc26e051d92ccd91ea232010c6de0fa8ea7d2bfdf3
phase3_audit_full_v1,exploratory,audit,audit_benchmark,bank_marketing,single_model,confidence_distortion,0.0,shadow,2,2,4520,0,2,d3aa5c417fbee033562e44acc5647d5d6faa66bc40f217994cc9788679ffda5f
phase3_audit_full_v1,exploratory,audit,audit_benchmark,bank_marketing,mean_ensemble,confidence_distortion,0.0,shadow,2,2,4520,0,2,54d66c99d4db3dde93d4584341a3c14e0c449aa1cb5e32dfe45851d77a77b377
phase3_audit_full_v1,exploratory,audit,audit_benchmark,bank_marketing,static_weighted_ensemble,confidence_distortion,0.0,shadow,2,2,4520,0,2,e72d11b6e0becfc97c8045d4a09487da2330243a1392b8ae1638ced26ce214c4
phase3_audit_full_v1,exploratory,audit,audit_benchmark,bank_marketing,veto_mavs,confidence_distortion,0.0,shadow,2,2,4520,4520,2,b9e6bf6ade3cbe9f1df0fafbef9d976edef91591a0062f7c7061d989667287c6
phase3_audit_full_v1,exploratory,audit,audit_benchmark,bank_marketing,pure_mavs_gc,confidence_distortion,0.0,shadow,2,2,4520,4520,2,3e86419b3b9945ca805289da21537d7a3e692e418760415f0b8b96082de4f6c7
phase3_audit_full_v1,exploratory,audit,audit_benchmark,bank_marketing,single_model,confidence_distortion,0.05,audit,3,3,6780,0,3,90d1d5b964dded67b6af4568b1f25b0e8e927e8543e32cf765f61a240579c86d
phase3_audit_full_v1,exploratory,audit,audit_benchmark,bank_marketing,mean_ensemble,confidence_distortion,0.05,audit,3,3,6780,0,3,ff5bf6a05a77aa645c962a4f7ccf189fdc5c6b9d50fcbe1729e310d43c244bed
phase3_audit_full_v1,exploratory,audit,audit_benchmark,bank_marketing,static_weighted_ensemble,confidence_distortion,0.05,audit,3,3,6780,0,3,718213ebefc3474d3998a86a550e8984ad2031ef7cb577d89e37332df90e4c5e
phase3_audit_full_v1,exploratory,audit,audit_benchmark,bank_marketing,veto_mavs,confidence_distortion,0.05,audit,3,3,6780,6780,3,a8f01dc01751bd61e3325db34366624eb034ec8afdf61a9cddc13af42ce75cfd
phase3_audit_full_v1,exploratory,audit,audit_benchmark,bank_marketing,pure_mavs_gc,confidence_distortion,0.05,audit,3,3,6780,6780,3,c9a33e21f8b69fd65f5f77b5b05cd424bab2b199d708a719edb6858a6a907b11
phase3_audit_full_v1,exploratory,audit,audit_benchmark,bank_marketing,single_model,confidence_distortion,0.05,shadow,2,2,4520,0,2,f5a2187173feafc4a58d53137c2a8d02d61e6ece72c2dae177a46ae2db3e10b7
phase3_audit_full_v1,exploratory,audit,audit_benchmark,bank_marketing,mean_ensemble,confidence_distortion,0.05,shadow,2,2,4520,0,2,72e8230584d2dec9a59c996fd068472a155c6b6514a3108679b7c0eb07193af1
phase3_audit_full_v1,exploratory,audit,audit_benchmark,bank_marketing,static_weighted_ensemble,confidence_distortion,0.05,shadow,2,2,4520,0,2,3c7cd72559de45ec82d2a1a2d69d20ebedf7de7027dd58dc4e6852651d3319b2
phase3_audit_full_v1,exploratory,audit,audit_benchmark,bank_marketing,veto_mavs,confidence_distortion,0.05,shadow,2,2,4520,4520,2,6af7b97be72c41b06ca62680d53d5c08e3705d6d628c776fee6efdb599cb6a36
phase3_audit_full_v1,exploratory,audit,audit_benchmark,bank_marketing,pure_mavs_gc,confidence_distortion,0.05,shadow,2,2,4520,4520,2,422e37b4edcb9eb5578a7a4c3dee8fff3c4ee38cd9a9f1e298c5106510aa2936
phase3_audit_full_v1,exploratory,audit,audit_benchmark,bank_marketing,single_model,confidence_distortion,0.1,audit,3,3,6780,0,3,c3fc2abd524968493814e930db1898cb020b652c67ea300ec76291c6def2ff6b
phase3_audit_full_v1,exploratory,audit,audit_benchmark,bank_marketing,mean_ensemble,confidence_distortion,0.1,audit,3,3,6780,0,3,68e36faa8b63ad48e96ba7109eef1a724f19e4db4f991ede6c4ca7484782e668
phase3_audit_full_v1,exploratory,audit,audit_benchmark,bank_marketing,static_weighted_ensemble,confidence_distortion,0.1,audit,3,3,6780,0,3,b0a7fa01c09615eb0d1c41c967f54fab8eb10714c62f272159c4e072dc6d38b1
phase3_audit_full_v1,exploratory,audit,audit_benchmark,bank_marketing,veto_mavs,confidence_distortion,0.1,audit,3,3,6780,6780,3,1dbbb7b8ccabe31f0152fd45890fe8e28919fd647415cd5925557a6d6be3e726
phase3_audit_full_v1,exploratory,audit,audit_benchmark,bank_marketing,pure_mavs_gc,confidence_distortion,0.1,audit,3,3,6780,6780,3,f2953a810002ffb987622ea8e76bfaf39d95d854f6a6321d84b45600664a0812
phase3_audit_full_v1,exploratory,audit,audit_benchmark,bank_marketing,single_model,confidence_distortion,0.1,shadow,2,2,4520,0,2,2744aa0f1d2145660cb4a2cc7bbfb7ef6ebd255a5d74aa0be2ff297e697c291d
phase3_audit_full_v1,exploratory,audit,audit_benchmark,bank_marketing,mean_ensemble,confidence_distortion,0.1,shadow,2,2,4520,0,2,bb8494880be29a0c64e4a408748c70cf0874cb09c6bac414ea8035308ced078a
phase3_audit_full_v1,exploratory,audit,audit_benchmark,bank_marketing,static_weighted_ensemble,confidence_distortion,0.1,shadow,2,2,4520,0,2,5e1635fa229f172d16c2e7af8fb80eb2b7d57e2eadd294422df4376a66bf115c
phase3_audit_full_v1,exploratory,audit,audit_benchmark,bank_marketing,veto_mavs,confidence_distortion,0.1,shadow,2,2,4520,4520,2,6c07686a47dd3a66e331bb2cf919c007d02233a279091b51a4fa1b58af7ba94e
phase3_audit_full_v1,exploratory,audit,audit_benchmark,bank_marketing,pure_mavs_gc,confidence_distortion,0.1,shadow,2,2,4520,4520,2,131f95c7b89d7beebf77f98da16075ba46e80ec90610597e2a7553e7c7e3b9e5
phase3_audit_full_v1,exploratory,audit,audit_benchmark,bank_marketing,single_model,confidence_distortion,0.2,audit,3,3,6780,0,3,1d0339ec10eed49f8ddb99e01fc34d3324de4d6a853a2102eb0334ab9eed602b
phase3_audit_full_v1,exploratory,audit,audit_benchmark,bank_marketing,mean_ensemble,confidence_distortion,0.2,audit,3,3,6780,0,3,8b241425d1294c3757b15814817975ef9b168ad9f920ed105384df6d4aa4fa42
phase3_audit_full_v1,exploratory,audit,audit_benchmark,bank_marketing,static_weighted_ensemble,confidence_distortion,0.2,audit,3,3,6780,0,3,33e64e8dfcc45810386ec8a4f083502c6067ef3317d2994da64dc15414aa8de1
phase3_audit_full_v1,exploratory,audit,audit_benchmark,bank_marketing,veto_mavs,confidence_distortion,0.2,audit,3,3,6780,6780,3,481f3ef0dd9d34ae4c6be892a4d261bdf7fdb7dc74cd096ab208d31fe091f1d3
phase3_audit_full_v1,exploratory,audit,audit_benchmark,bank_marketing,pure_mavs_gc,confidence_distortion,0.2,audit,3,3,6780,6780,3,1d5149cd1306c94a13bdafb7c7138d6ad7c72daf471bf3caf35c9608f9fe4164
phase3_audit_full_v1,exploratory,audit,audit_benchmark,bank_marketing,single_model,confidence_distortion,0.2,shadow,2,2,4520,0,2,46098a55f0611debb5865dc5cc19ccb834fabcaf12686555db8cedf3f1db554a
phase3_audit_full_v1,exploratory,audit,audit_benchmark,bank_marketing,mean_ensemble,confidence_distortion,0.2,shadow,2,2,4520,0,2,ac880d0d43fd503bf16f3ef992146c525fd3d8faf3ac6345bec430c4028f8ecf
phase3_audit_full_v1,exploratory,audit,audit_benchmark,bank_marketing,static_weighted_ensemble,confidence_distortion,0.2,shadow,2,2,4520,0,2,a4dae8cb25b3b6c2e3580284a734920704d2205ccf201e3df3f2d47166fb1231
phase3_audit_full_v1,exploratory,audit,audit_benchmark,bank_marketing,veto_mavs,confidence_distortion,0.2,shadow,2,2,4520,4520,2,c591576edbad46d9f0c66fbbfed0d15b12df39a9974b2cfc79b64824fc5105be
phase3_audit_full_v1,exploratory,audit,audit_benchmark,bank_marketing,pure_mavs_gc,confidence_distortion,0.2,shadow,2,2,4520,4520,2,4411d255adf1b53fe38350a7a9620be55961dd208183b26148b536e6b563c2cc
phase3_audit_full_v1,exploratory,audit,audit_benchmark,bank_marketing,single_model,confidence_distortion,0.4,audit,3,3,6780,0,3,738f283559770051444cf001f7ecc2a1f71a517df9be4000f97bea151a07abe6
phase3_audit_full_v1,exploratory,audit,audit_benchmark,bank_marketing,mean_ensemble,confidence_distortion,0.4,audit,3,3,6780,0,3,9344514e214f1fd27dbe89c66ad009dda1423da5ce90dfc54879642cb5526899
phase3_audit_full_v1,exploratory,audit,audit_benchmark,bank_marketing,static_weighted_ensemble,confidence_distortion,0.4,audit,3,3,6780,0,3,512b81d1a761a886fe3ccea408df6cf49b87dea919799195a79a0e1b289f322b
phase3_audit_full_v1,exploratory,audit,audit_benchmark,bank_marketing,veto_mavs,confidence_distortion,0.4,audit,3,3,6780,6780,3,a333f01e8ba00eef403f45f0a9d1e940f3345906b47d3d9c9b04062b1bc5c8ed
phase3_audit_full_v1,exploratory,audit,audit_benchmark,bank_marketing,pure_mavs_gc,confidence_distortion,0.4,audit,3,3,6780,6780,3,670523f4d98177c026911a08bdda10f3f6adfd7dc09ee64423d6db4e043b1725
phase3_audit_full_v1,exploratory,audit,audit_benchmark,bank_marketing,single_model,confidence_distortion,0.4,shadow,2,2,4520,0,2,4c8d2096eb2b15a3b57e59ec5821efae6f7a85fc77a14631c62aa3d635480baa
phase3_audit_full_v1,exploratory,audit,audit_benchmark,bank_marketing,mean_ensemble,confidence_distortion,0.4,shadow,2,2,4520,0,2,6c45453063dcc3321af286a3bfa6afc229b6369fe0f1002799917825fc747e4c
phase3_audit_full_v1,exploratory,audit,audit_benchmark,bank_marketing,static_weighted_ensemble,confidence_distortion,0.4,shadow,2,2,4520,0,2,5227a98cddddd019faebe1332145da8d5f6e81bd0fc54c0d3d1c3b734e512cc3
phase3_audit_full_v1,exploratory,audit,audit_benchmark,bank_marketing,veto_mavs,confidence_distortion,0.4,shadow,2,2,4520,4520,2,c73f56123afc49002d02150b2b3c4cf979b37ebed4b52471b372ed60b0951a18
phase3_audit_full_v1,exploratory,audit,audit_benchmark,bank_marketing,pure_mavs_gc,confidence_distortion,0.4,shadow,2,2,4520,4520,2,7282b6ff9c045456066be3a9e358017ec9f8ec61c5055c6b1d5972dca83e665d
phase3_audit_full_v1,exploratory,audit,audit_benchmark,bank_marketing,single_model,confidence_distortion,0.6,audit,3,3,6780,0,3,29b34d267b646f2307b76e7c36f1f5e68c6c825473d423651a3b4b2cc80a2837
phase3_audit_full_v1,exploratory,audit,audit_benchmark,bank_marketing,mean_ensemble,confidence_distortion,0.6,audit,3,3,6780,0,3,1ad680e233211d3cc9294d0300016a865e79a590ac551625370e587feae8a835
phase3_audit_full_v1,exploratory,audit,audit_benchmark,bank_marketing,static_weighted_ensemble,confidence_distortion,0.6,audit,3,3,6780,0,3,dfe0b2f105aafc7a105cdcdac67ccd47ece62279c0ebf866387b0b349825f4b1
phase3_audit_full_v1,exploratory,audit,audit_benchmark,bank_marketing,veto_mavs,confidence_distortion,0.6,audit,3,3,6780,6780,3,3142f8c9077cbe1b025d0e30b4b43ace817f420e244014a1698b7092792967bf
phase3_audit_full_v1,exploratory,audit,audit_benchmark,bank_marketing,pure_mavs_gc,confidence_distortion,0.6,audit,3,3,6780,6780,3,b819f777364396feeb9c4cc5e823a83169145449ae1e79d7216375a35e17059f
phase3_audit_full_v1,exploratory,audit,audit_benchmark,bank_marketing,single_model,confidence_distortion,0.6,shadow,2,2,4520,0,2,ff0f5a8193a29513ae187546aa9831e3fcc5578bf60f2166e59b6e2e33e1301c
phase3_audit_full_v1,exploratory,audit,audit_benchmark,bank_marketing,mean_ensemble,confidence_distortion,0.6,shadow,2,2,4520,0,2,31436f99f9a0e1b9567f2637185449d7da8ca7ab6b96d126a64f04456fb4929b
phase3_audit_full_v1,exploratory,audit,audit_benchmark,bank_marketing,static_weighted_ensemble,confidence_distortion,0.6,shadow,2,2,4520,0,2,208d609f39c5c663d825c66617cfe79b4ee4fee9cf01cc3f93564bb96449567f
phase3_audit_full_v1,exploratory,audit,audit_benchmark,bank_marketing,veto_mavs,confidence_distortion,0.6,shadow,2,2,4520,4520,2,ae19296480471867534b62eb317ddbc4fa40a9503807ef6cb10aa24d74af5a17
phase3_audit_full_v1,exploratory,audit,audit_benchmark,bank_marketing,pure_mavs_gc,confidence_distortion,0.6,shadow,2,2,4520,4520,2,967f5dfd2d6cbbe564f0ee05864cfa5335fdcc683459796c8f824731ad069ad8
phase3_audit_full_v1,exploratory,audit,audit_benchmark,bank_marketing,single_model,confidence_distortion,0.8,audit,3,3,6780,0,3,cb18c3d81d4d78ca67d1f39cc5cf1e8e74c41898e7951c019b0c1d7c0c898b3d
phase3_audit_full_v1,exploratory,audit,audit_benchmark,bank_marketing,mean_ensemble,confidence_distortion,0.8,audit,3,3,6780,0,3,9bff40e05d01bd2eac775fa02d0e95ef8587cf87ead45bce87c52f33ff63f4a3
phase3_audit_full_v1,exploratory,audit,audit_benchmark,bank_marketing,static_weighted_ensemble,confidence_distortion,0.8,audit,3,3,6780,0,3,1693000a78e51ba466965701569420eb889501ef7499a95f22d9f95d46e9b129
phase3_audit_full_v1,exploratory,audit,audit_benchmark,bank_marketing,veto_mavs,confidence_distortion,0.8,audit,3,3,6780,6780,3,931c1aa735307c327f25d317e0a176b154317a082995f0e1d24ad699aabb4c40
phase3_audit_full_v1,exploratory,audit,audit_benchmark,bank_marketing,pure_mavs_gc,confidence_distortion,0.8,audit,3,3,6780,6780,3,be277e06a43ada0008d6d15dd3292cae4dc19a7c5a13df744abf3e898492a883
phase3_audit_full_v1,exploratory,audit,audit_benchmark,bank_marketing,single_model,confidence_distortion,0.8,shadow,2,2,4520,0,2,faf10554d744ea40dc0227b3f949285a9400b8aef5dcba610b0cbdabd7f8c78f
phase3_audit_full_v1,exploratory,audit,audit_benchmark,bank_marketing,mean_ensemble,confidence_distortion,0.8,shadow,2,2,4520,0,2,2f2d89ae315f19a894515ec96ee8b7ed647d45873b96e0464620cda0ec7ee158
phase3_audit_full_v1,exploratory,audit,audit_benchmark,bank_marketing,static_weighted_ensemble,confidence_distortion,0.8,shadow,2,2,4520,0,2,2f0256de5422ff19c0040526b1dc6a3b0d9953c941875c05310d0405ecea8711
phase3_audit_full_v1,exploratory,audit,audit_benchmark,bank_marketing,veto_mavs,confidence_distortion,0.8,shadow,2,2,4520,4520,2,9e6bcf719cfe600f6f8927e45b66a1053d98520c2fc4d6839b5b284d6ba106c5
phase3_audit_full_v1,exploratory,audit,audit_benchmark,bank_marketing,pure_mavs_gc,confidence_distortion,0.8,shadow,2,2,4520,4520,2,9035dc40a9a0094bf63fe1cd5be9f8aa7140011205585ef974e5485f366e454e
phase3_audit_full_v1,exploratory,audit,audit_benchmark,bank_marketing,single_model,confidence_distortion,1.0,audit,3,3,6780,0,3,3fccdba34621c1bfbbf398bb369f32192f8d541d48334ad03525c34957fb980f
phase3_audit_full_v1,exploratory,audit,audit_benchmark,bank_marketing,mean_ensemble,confidence_distortion,1.0,audit,3,3,6780,0,3,4db586d22696302b8c25fff797d9effc28ed71cd32751675bc06c77be1e42e9b
phase3_audit_full_v1,exploratory,audit,audit_benchmark,bank_marketing,static_weighted_ensemble,confidence_distortion,1.0,audit,3,3,6780,0,3,af5e43330aa158cd5afd15295c512bda3cb75d976456a75bddb78d5df7452c4c
phase3_audit_full_v1,exploratory,audit,audit_benchmark,bank_marketing,veto_mavs,confidence_distortion,1.0,audit,3,3,6780,6780,3,e3d3e234940e22c6dfe4e8dd886cc05cec7f2d74c24eabf90b03f0e999859a20
phase3_audit_full_v1,exploratory,audit,audit_benchmark,bank_marketing,pure_mavs_gc,confidence_distortion,1.0,audit,3,3,6780,6780,3,96addc22c71460bfee896912a1234a4f68ca4c18f05fd4c4ec7c8e05af3c8ed8
phase3_audit_full_v1,exploratory,audit,audit_benchmark,bank_marketing,single_model,confidence_distortion,1.0,shadow,2,2,4520,0,2,03615cd40ae7c1738f03f6d7461159b4a3fcf794d34b5c9a29a5a124d1316a31
phase3_audit_full_v1,exploratory,audit,audit_benchmark,bank_marketing,mean_ensemble,confidence_distortion,1.0,shadow,2,2,4520,0,2,b0b96bb095b8a0c022096d6d49a02b646597c357693f9b34618b4d050bfd648a
phase3_audit_full_v1,exploratory,audit,audit_benchmark,bank_marketing,static_weighted_ensemble,confidence_distortion,1.0,shadow,2,2,4520,0,2,c92db5d6ac23c7b40714ed34f4af474fba2ffc29ddbbb428f62328ee9ad98cff
phase3_audit_full_v1,exploratory,audit,audit_benchmark,bank_marketing,veto_mavs,confidence_distortion,1.0,shadow,2,2,4520,4520,2,da10f662e2e0ad8b4c30937a6fe9e5c9d6644b5672a78a2f4cb60cccb8617f65
phase3_audit_full_v1,exploratory,audit,audit_benchmark,bank_marketing,pure_mavs_gc,confidence_distortion,1.0,shadow,2,2,4520,4520,2,af6be23fd4ce2f14c765117d641aad7760a934585b136f7a3eed038dbf62f992
phase3_audit_full_v1,exploratory,audit,audit_benchmark,bank_marketing,single_model,adversarial_confidence_inflation,0.0,audit,3,3,6780,0,3,ea7f8f757c8a45c3f9ce1a8dadafbd2e1cdd0d89902122714bc9f0a1d647169b
phase3_audit_full_v1,exploratory,audit,audit_benchmark,bank_marketing,mean_ensemble,adversarial_confidence_inflation,0.0,audit,3,3,6780,0,3,601146b281e31c4f02e20dcc02c1c0d058930b84e59c449ba67636f140fa626d
phase3_audit_full_v1,exploratory,audit,audit_benchmark,bank_marketing,static_weighted_ensemble,adversarial_confidence_inflation,0.0,audit,3,3,6780,0,3,553ae423e7d6ffe523628e81170e6a514015a9c61405e6ececbfe06f77075a94
phase3_audit_full_v1,exploratory,audit,audit_benchmark,bank_marketing,veto_mavs,adversarial_confidence_inflation,0.0,audit,3,3,6780,6780,3,f7810497da9ccdb47619dbe84b3ca5f8bffc759d8c3568ecf3bd1b0c40a1fd9b
phase3_audit_full_v1,exploratory,audit,audit_benchmark,bank_marketing,pure_mavs_gc,adversarial_confidence_inflation,0.0,audit,3,3,6780,6780,3,cd5ac29ec42c3def1d3a1454fa7dddac2989cc5d10d0c0cd5455a6fd3d7e4977
phase3_audit_full_v1,exploratory,audit,audit_benchmark,bank_marketing,single_model,adversarial_confidence_inflation,0.0,shadow,2,2,4520,0,2,08f105a4515a94cd3af5bbf27eea4e382787b36d7a8efce27cb47f2c7d8edb5b
phase3_audit_full_v1,exploratory,audit,audit_benchmark,bank_marketing,mean_ensemble,adversarial_confidence_inflation,0.0,shadow,2,2,4520,0,2,452ea6a2293d6b8cc2fb431f51def62326e007c6d82d51ed6414bdbb59a24465
phase3_audit_full_v1,exploratory,audit,audit_benchmark,bank_marketing,static_weighted_ensemble,adversarial_confidence_inflation,0.0,shadow,2,2,4520,0,2,8d6c8cb0afdd6d672b7f31cb5d758f91f698aea13ab8e398e1d6e971c93817af
phase3_audit_full_v1,exploratory,audit,audit_benchmark,bank_marketing,veto_mavs,adversarial_confidence_inflation,0.0,shadow,2,2,4520,4520,2,414112f7acf6e723ca463cc5da490bcbf4e49d9997dbf93bfb92c441abd2b247
phase3_audit_full_v1,exploratory,audit,audit_benchmark,bank_marketing,pure_mavs_gc,adversarial_confidence_inflation,0.0,shadow,2,2,4520,4520,2,37aff7e6270dbc28e6b12499715a9a1d4318a67f3c33763b361aefc83b2eeffb
phase3_audit_full_v1,exploratory,audit,audit_benchmark,bank_marketing,single_model,adversarial_confidence_inflation,0.05,audit,3,3,6780,0,3,2bbc89a9bf32fd9378a33cb30228f7217064924e4a379528d49c0cb12b359031
phase3_audit_full_v1,exploratory,audit,audit_benchmark,bank_marketing,mean_ensemble,adversarial_confidence_inflation,0.05,audit,3,3,6780,0,3,e603c052aecd8c0a591406c16ac4aa1b14829b27417db9ed8085b6308da6d8d1
phase3_audit_full_v1,exploratory,audit,audit_benchmark,bank_marketing,static_weighted_ensemble,adversarial_confidence_inflation,0.05,audit,3,3,6780,0,3,6b42ab9a77230cb0ea6ce342739687cf4467fe5b07371307ad9e144f69e40972
phase3_audit_full_v1,exploratory,audit,audit_benchmark,bank_marketing,veto_mavs,adversarial_confidence_inflation,0.05,audit,3,3,6780,6780,3,91a0b59659a947cbbe8588d909ad67abab3bbf086a6404648a132038893556f3
phase3_audit_full_v1,exploratory,audit,audit_benchmark,bank_marketing,pure_mavs_gc,adversarial_confidence_inflation,0.05,audit,3,3,6780,6780,3,667f7b872c224a5df50d23369df863d3bb4392bcc82f48ff0b15000fc3d45aa5
phase3_audit_full_v1,exploratory,audit,audit_benchmark,bank_marketing,single_model,adversarial_confidence_inflation,0.05,shadow,2,2,4520,0,2,845eae5cbbb1f50acfb12ee9a959d274fa9ae03707a7e624b27fc637e1bbcdcf
phase3_audit_full_v1,exploratory,audit,audit_benchmark,bank_marketing,mean_ensemble,adversarial_confidence_inflation,0.05,shadow,2,2,4520,0,2,94e938c5b3fa7d1a7fa2a2f2aab88db61302da3e073562ff2a8c66ec749a3374
phase3_audit_full_v1,exploratory,audit,audit_benchmark,bank_marketing,static_weighted_ensemble,adversarial_confidence_inflation,0.05,shadow,2,2,4520,0,2,7be9b6ca16b37aa8815d686f78d3d2da9e0253d7b95e127019d18f51c133b03a
phase3_audit_full_v1,exploratory,audit,audit_benchmark,bank_marketing,veto_mavs,adversarial_confidence_inflation,0.05,shadow,2,2,4520,4520,2,d8df2e541c2b1321cf415cc456911efd3f7ca81dae3c0e9300f8842ed6ab5e71
phase3_audit_full_v1,exploratory,audit,audit_benchmark,bank_marketing,pure_mavs_gc,adversarial_confidence_inflation,0.05,shadow,2,2,4520,4520,2,4dade0d8a303dcf8a1b5ec18db169111f1f361514c5640243906cab7a758acb3
phase3_audit_full_v1,exploratory,audit,audit_benchmark,bank_marketing,single_model,adversarial_confidence_inflation,0.1,audit,3,3,6780,0,3,5d11c9f88d815cc588c9379e740b079543cd636ceaa7cbb1c7e2681f46c574bb
phase3_audit_full_v1,exploratory,audit,audit_benchmark,bank_marketing,mean_ensemble,adversarial_confidence_inflation,0.1,audit,3,3,6780,0,3,1270d5685d0bdf96f7729554c109f721e7acadf3ba4bbe78e7fb36f5fc62020d
phase3_audit_full_v1,exploratory,audit,audit_benchmark,bank_marketing,static_weighted_ensemble,adversarial_confidence_inflation,0.1,audit,3,3,6780,0,3,5be35a0d87bbd93bcb4a8a68784a9911ce5c8f19211c33f20f4f10eb9db04ba8
phase3_audit_full_v1,exploratory,audit,audit_benchmark,bank_marketing,veto_mavs,adversarial_confidence_inflation,0.1,audit,3,3,6780,6780,3,652f077f1676eda2695bf2eff51ea95b782eda574a5e20c822f5fa0e82a4f619
phase3_audit_full_v1,exploratory,audit,audit_benchmark,bank_marketing,pure_mavs_gc,adversarial_confidence_inflation,0.1,audit,3,3,6780,6780,3,e7bffabf1fcd836cb484dad1fdd8678a7c5dde04546e936fa26e4a853e3f8b43
phase3_audit_full_v1,exploratory,audit,audit_benchmark,bank_marketing,single_model,adversarial_confidence_inflation,0.1,shadow,2,2,4520,0,2,7549cc96ee84e404ab6dda5b2bae187f52b3a3c7e4172636b23f5638c58e0122
phase3_audit_full_v1,exploratory,audit,audit_benchmark,bank_marketing,mean_ensemble,adversarial_confidence_inflation,0.1,shadow,2,2,4520,0,2,b41bb56f372c060d3a8d4a4380bb1691fdcb43273702f1a78f9feb5c8640f82a
phase3_audit_full_v1,exploratory,audit,audit_benchmark,bank_marketing,static_weighted_ensemble,adversarial_confidence_inflation,0.1,shadow,2,2,4520,0,2,3736b4a9957df36ccdef97b9f4c6e881c618f448b613c8b2c83289f21068ac5c
phase3_audit_full_v1,exploratory,audit,audit_benchmark,bank_marketing,veto_mavs,adversarial_confidence_inflation,0.1,shadow,2,2,4520,4520,2,4e37979dd753b8b254c9490e4c19073918738dc663895a403b4430b68177f1ec
phase3_audit_full_v1,exploratory,audit,audit_benchmark,bank_marketing,pure_mavs_gc,adversarial_confidence_inflation,0.1,shadow,2,2,4520,4520,2,4fe576ac6b3b001974a921c56fe3481f115906ca789d31f5c18936a142212a90
phase3_audit_full_v1,exploratory,audit,audit_benchmark,bank_marketing,single_model,adversarial_confidence_inflation,0.2,audit,3,3,6780,0,3,bdce677d17455ba8801753224d04042584d93d975ec97f62b83e80364dbf4fcc
phase3_audit_full_v1,exploratory,audit,audit_benchmark,bank_marketing,mean_ensemble,adversarial_confidence_inflation,0.2,audit,3,3,6780,0,3,0f420fde9ed50396d99c3157986df2ea492f03d836db18a6dd0232896a4f73ba
phase3_audit_full_v1,exploratory,audit,audit_benchmark,bank_marketing,static_weighted_ensemble,adversarial_confidence_inflation,0.2,audit,3,3,6780,0,3,d0f89de7320388141afb5d20072fff3295c265abc9c836c32fb5363f7c4f75d3
phase3_audit_full_v1,exploratory,audit,audit_benchmark,bank_marketing,veto_mavs,adversarial_confidence_inflation,0.2,audit,3,3,6780,6780,3,292b2b22aee1fea52151c09cdfac17e644ba6f2c673d4e0faad1893a511a2178
phase3_audit_full_v1,exploratory,audit,audit_benchmark,bank_marketing,pure_mavs_gc,adversarial_confidence_inflation,0.2,audit,3,3,6780,6780,3,5da386a6823297703142c9831454e97b16d3159f7d35dd0d949372c8bb301ef9
phase3_audit_full_v1,exploratory,audit,audit_benchmark,bank_marketing,single_model,adversarial_confidence_inflation,0.2,shadow,2,2,4520,0,2,55b8e34300124ea571334a9e8f1fcd0c4f528e331bee74bfadcf07c62b59bf47
phase3_audit_full_v1,exploratory,audit,audit_benchmark,bank_marketing,mean_ensemble,adversarial_confidence_inflation,0.2,shadow,2,2,4520,0,2,2527f94366eb7f9bf277def42c57e37e826ebfc919b4ef7b4cb26ce387cf462b
phase3_audit_full_v1,exploratory,audit,audit_benchmark,bank_marketing,static_weighted_ensemble,adversarial_confidence_inflation,0.2,shadow,2,2,4520,0,2,0c7929be83adc42932ab02adb0f56d594ca05221a80652cea3890f59cd20b29d
phase3_audit_full_v1,exploratory,audit,audit_benchmark,bank_marketing,veto_mavs,adversarial_confidence_inflation,0.2,shadow,2,2,4520,4520,2,7ca4f330a4fdc66ec546cc2f419b04cf72bd8fff0a12324fb089c203d429025e
phase3_audit_full_v1,exploratory,audit,audit_benchmark,bank_marketing,pure_mavs_gc,adversarial_confidence_inflation,0.2,shadow,2,2,4520,4520,2,6bab0349c6af772f1465d8342eb802630ac682a24f06ba67f512c23d92f61503
phase3_audit_full_v1,exploratory,audit,audit_benchmark,bank_marketing,single_model,adversarial_confidence_inflation,0.4,audit,3,3,6780,0,3,e416166520993076622855ebfcde1b72052665b065a1a96db1ce62f16130b7f9
phase3_audit_full_v1,exploratory,audit,audit_benchmark,bank_marketing,mean_ensemble,adversarial_confidence_inflation,0.4,audit,3,3,6780,0,3,6d45d15557d28b05e2951aeb22384d81495a945a431eb782a58300bf5d6c2df0
phase3_audit_full_v1,exploratory,audit,audit_benchmark,bank_marketing,static_weighted_ensemble,adversarial_confidence_inflation,0.4,audit,3,3,6780,0,3,338a6122ed3731aa7a7c2c80300f1419a77d521564027162e119eeae50b6f17d
phase3_audit_full_v1,exploratory,audit,audit_benchmark,bank_marketing,veto_mavs,adversarial_confidence_inflation,0.4,audit,3,3,6780,6780,3,046fa33aea2c486d8bfd3cf6a03e2c3844130d15318980378365cc75cfa7e37e
phase3_audit_full_v1,exploratory,audit,audit_benchmark,bank_marketing,pure_mavs_gc,adversarial_confidence_inflation,0.4,audit,3,3,6780,6780,3,f6b59c355e7794c5b2cb16f6868381be9e755a650709213d8b40f4f9e1fe55e6
phase3_audit_full_v1,exploratory,audit,audit_benchmark,bank_marketing,single_model,adversarial_confidence_inflation,0.4,shadow,2,2,4520,0,2,002fc72b04d72e96d746bc319d4792799b457af9ac660683131c55017dac2a9e
phase3_audit_full_v1,exploratory,audit,audit_benchmark,bank_marketing,mean_ensemble,adversarial_confidence_inflation,0.4,shadow,2,2,4520,0,2,f03ddb3486e36b34f33e765b81ff1ad176ba06708c2e0acd69eff68115406f88
phase3_audit_full_v1,exploratory,audit,audit_benchmark,bank_marketing,static_weighted_ensemble,adversarial_confidence_inflation,0.4,shadow,2,2,4520,0,2,e6413c996672f9e8bcd0adf25ef46aadaef80c467f0dcee0f1d6bf9dacdb60c6
phase3_audit_full_v1,exploratory,audit,audit_benchmark,bank_marketing,veto_mavs,adversarial_confidence_inflation,0.4,shadow,2,2,4520,4520,2,445eb98ac2dffbff5b3e9ba54323bb188a1505ba375f3b8fef95019cdd8e5708
phase3_audit_full_v1,exploratory,audit,audit_benchmark,bank_marketing,pure_mavs_gc,adversarial_confidence_inflation,0.4,shadow,2,2,4520,4520,2,c437077d1715522430f0cb77cfc4f8f0acfe00b8873da582726bfb5b4ec112fd
phase3_audit_full_v1,exploratory,audit,audit_benchmark,bank_marketing,single_model,adversarial_confidence_inflation,0.6,audit,3,3,6780,0,3,a45a99225410a179aa119f60e1cd59971ffc2fa944f509dd88727589bad72f08
phase3_audit_full_v1,exploratory,audit,audit_benchmark,bank_marketing,mean_ensemble,adversarial_confidence_inflation,0.6,audit,3,3,6780,0,3,2d5ecdf0198d3f804217094fc5594984695e956da435bc696394490a6e4af2e8
phase3_audit_full_v1,exploratory,audit,audit_benchmark,bank_marketing,static_weighted_ensemble,adversarial_confidence_inflation,0.6,audit,3,3,6780,0,3,0ff985ba6baa730e25f1efefe17c73400cf2ba4fae1003161f784a0fc1251138
phase3_audit_full_v1,exploratory,audit,audit_benchmark,bank_marketing,veto_mavs,adversarial_confidence_inflation,0.6,audit,3,3,6780,6780,3,9b8261071424c33ef12cd66fa9f83037bef84464d00934fe451b987d00f2c4c6
phase3_audit_full_v1,exploratory,audit,audit_benchmark,bank_marketing,pure_mavs_gc,adversarial_confidence_inflation,0.6,audit,3,3,6780,6780,3,92d2e61b5f6ba9d1cbe3c6a93a5243951a646761dfcbf39c413dc9a64d72820a
phase3_audit_full_v1,exploratory,audit,audit_benchmark,bank_marketing,single_model,adversarial_confidence_inflation,0.6,shadow,2,2,4520,0,2,572a67e1626605da066c47d732f3bb9c21d5804070cbdc23587dc62eef7cacdf
phase3_audit_full_v1,exploratory,audit,audit_benchmark,bank_marketing,mean_ensemble,adversarial_confidence_inflation,0.6,shadow,2,2,4520,0,2,462279919a4003c1e676f487cafe50a999076fe23c0bbe93241175ca9562f18c
phase3_audit_full_v1,exploratory,audit,audit_benchmark,bank_marketing,static_weighted_ensemble,adversarial_confidence_inflation,0.6,shadow,2,2,4520,0,2,c79f16da0a52c43cabc0d7181eec70125de71d3ac45f1e362ed115685588fcc0
phase3_audit_full_v1,exploratory,audit,audit_benchmark,bank_marketing,veto_mavs,adversarial_confidence_inflation,0.6,shadow,2,2,4520,4520,2,c2a0cf53bcf4b41574d6606f30c1ee5e7fd20ae43f1e843e483379b478d548b2
phase3_audit_full_v1,exploratory,audit,audit_benchmark,bank_marketing,pure_mavs_gc,adversarial_confidence_inflation,0.6,shadow,2,2,4520,4520,2,b43d39467798ba710810831984e733da148a01ac4c0fed2bd1bf04b605f9495a
phase3_audit_full_v1,exploratory,audit,audit_benchmark,bank_marketing,single_model,adversarial_confidence_inflation,0.8,audit,3,3,6780,0,3,d5f3fdc050c21c0df86fc2c9af0f7d0e1bc4a24a7af3bb78c27e66589fa1fc37
phase3_audit_full_v1,exploratory,audit,audit_benchmark,bank_marketing,mean_ensemble,adversarial_confidence_inflation,0.8,audit,3,3,6780,0,3,d89e639384c76dab6874fa79028f867d342eafb6c361708e82fe121132efad57
phase3_audit_full_v1,exploratory,audit,audit_benchmark,bank_marketing,static_weighted_ensemble,adversarial_confidence_inflation,0.8,audit,3,3,6780,0,3,ebd3d83c8a5209cb9f08e558efe62e2eb4f2b08c7b0596699827b1d282d2b003
phase3_audit_full_v1,exploratory,audit,audit_benchmark,bank_marketing,veto_mavs,adversarial_confidence_inflation,0.8,audit,3,3,6780,6780,3,9cd88f8759d32b6709481e8ca5928930d838bc6ae394ca870f3f68ca3a85400b
phase3_audit_full_v1,exploratory,audit,audit_benchmark,bank_marketing,pure_mavs_gc,adversarial_confidence_inflation,0.8,audit,3,3,6780,6780,3,9a57a10a31841450517698d68dfc9e3c754a306392e306568bcea62964d19abc
phase3_audit_full_v1,exploratory,audit,audit_benchmark,bank_marketing,single_model,adversarial_confidence_inflation,0.8,shadow,2,2,4520,0,2,7931d311af00ff0afbef77e78aedcfacae4ae42929892cfd9f33bf60049e0341
phase3_audit_full_v1,exploratory,audit,audit_benchmark,bank_marketing,mean_ensemble,adversarial_confidence_inflation,0.8,shadow,2,2,4520,0,2,c8e3b642bd49106d394f4059d93c5addbb605453d5cf4bc52aa78bf0915d21ba
phase3_audit_full_v1,exploratory,audit,audit_benchmark,bank_marketing,static_weighted_ensemble,adversarial_confidence_inflation,0.8,shadow,2,2,4520,0,2,20957929452885634696bc633804a8ad8d23f3cb3fd059c74aa90d1faf11d735
phase3_audit_full_v1,exploratory,audit,audit_benchmark,bank_marketing,veto_mavs,adversarial_confidence_inflation,0.8,shadow,2,2,4520,4520,2,4d70214f8fa7e5bfd1b78523d1d3129c32c6f9132c74e4c76d53635607e2e809
phase3_audit_full_v1,exploratory,audit,audit_benchmark,bank_marketing,pure_mavs_gc,adversarial_confidence_inflation,0.8,shadow,2,2,4520,4520,2,d1a5538a8c1215cbc82461a994148e7d39f811a11e61e29b9aff4f4e0f7f5e91
phase3_audit_full_v1,exploratory,audit,audit_benchmark,bank_marketing,single_model,adversarial_confidence_inflation,1.0,audit,3,3,6780,0,3,a3cc9d0a4a38cb3fcf8e5292b580db391c411afff5f1eed1ec2addc2b52a5d7c
phase3_audit_full_v1,exploratory,audit,audit_benchmark,bank_marketing,mean_ensemble,adversarial_confidence_inflation,1.0,audit,3,3,6780,0,3,13a9584fd49846df79aa35a2f51088872be3e5488a8948bb1aa26e27a46c9f6d
phase3_audit_full_v1,exploratory,audit,audit_benchmark,bank_marketing,static_weighted_ensemble,adversarial_confidence_inflation,1.0,audit,3,3,6780,0,3,c7a365cf36aeec524271a3e2ad0041be96c2aabdbda418b06632d7ba5724eebd
phase3_audit_full_v1,exploratory,audit,audit_benchmark,bank_marketing,veto_mavs,adversarial_confidence_inflation,1.0,audit,3,3,6780,6780,3,5dd0e6b7c122eb2bb4c1607f0d58aa6e68fe38ce1c2f6ac2db36c36885844cc3
phase3_audit_full_v1,exploratory,audit,audit_benchmark,bank_marketing,pure_mavs_gc,adversarial_confidence_inflation,1.0,audit,3,3,6780,6780,3,e37cda08facf2066f88658001fa87f0194af8e6c2dd1c72fa49bc2f81987bf9c
phase3_audit_full_v1,exploratory,audit,audit_benchmark,bank_marketing,single_model,adversarial_confidence_inflation,1.0,shadow,2,2,4520,0,2,9592ff4bab4619d4de7cb3fd3dedfaf615faeeb4f4d68e0c78dfd3ece2f8dd95
phase3_audit_full_v1,exploratory,audit,audit_benchmark,bank_marketing,mean_ensemble,adversarial_confidence_inflation,1.0,shadow,2,2,4520,0,2,4b1af84cf620fe5598706bd8ae02efa28801c2dad2085ae6984f1e2137d251d6
phase3_audit_full_v1,exploratory,audit,audit_benchmark,bank_marketing,static_weighted_ensemble,adversarial_confidence_inflation,1.0,shadow,2,2,4520,0,2,2f1d51b6920c87f389dc4b14ed0d85a26c13b718208a3f750899c661146511d6
phase3_audit_full_v1,exploratory,audit,audit_benchmark,bank_marketing,veto_mavs,adversarial_confidence_inflation,1.0,shadow,2,2,4520,4520,2,d3496c3d12c66e9f60a5b19ba73283132c946444c24b8c12bf8f0adcd0c08ee1
phase3_audit_full_v1,exploratory,audit,audit_benchmark,bank_marketing,pure_mavs_gc,adversarial_confidence_inflation,1.0,shadow,2,2,4520,4520,2,3224e6a598aae6947aafa99849b758f5df9a02e8be181a99ad66c72c1b6d4351
phase3_audit_full_v1,exploratory,audit,audit_benchmark,bank_marketing,single_model,distribution_shift,0.0,audit,3,3,6780,0,3,7436625ba2046a8a31e5de753e0a815341059bc043a9fdc532ff3d66451b3992
phase3_audit_full_v1,exploratory,audit,audit_benchmark,bank_marketing,mean_ensemble,distribution_shift,0.0,audit,3,3,6780,0,3,b6f9ec5ecac35743add07e1ab7ce3340e784701fb7bf261725b89606cecd4cee
phase3_audit_full_v1,exploratory,audit,audit_benchmark,bank_marketing,static_weighted_ensemble,distribution_shift,0.0,audit,3,3,6780,0,3,ba122c2f196888366eae67d804681c25282fdeff2cafc0477f426ff36fed6e41
phase3_audit_full_v1,exploratory,audit,audit_benchmark,bank_marketing,veto_mavs,distribution_shift,0.0,audit,3,3,6780,6780,3,4613af15697d801a8afef8bba825ef319dd4157a36e8f0a248b045b93c30b510
phase3_audit_full_v1,exploratory,audit,audit_benchmark,bank_marketing,pure_mavs_gc,distribution_shift,0.0,audit,3,3,6780,6780,3,d4aa4d8cc12aeb1f2214d7e92363654c12e953c8ed99d4dbb03f7db963a5dc24
phase3_audit_full_v1,exploratory,audit,audit_benchmark,bank_marketing,single_model,distribution_shift,0.0,shadow,2,2,4520,0,2,d66361c5f9b56817ff99f49280c667769c3def65a2a0789ccfd083ae14a8a878
phase3_audit_full_v1,exploratory,audit,audit_benchmark,bank_marketing,mean_ensemble,distribution_shift,0.0,shadow,2,2,4520,0,2,bad7f0d5d12490f48f5e3f2837865174c15dd6f6c3829683e951eeee5b2db7cd
phase3_audit_full_v1,exploratory,audit,audit_benchmark,bank_marketing,static_weighted_ensemble,distribution_shift,0.0,shadow,2,2,4520,0,2,41b6acc6d9f4fcf27df21e1ec97aa648fb156fc22a3ef221ac7fb9c1be7d03db
phase3_audit_full_v1,exploratory,audit,audit_benchmark,bank_marketing,veto_mavs,distribution_shift,0.0,shadow,2,2,4520,4520,2,8d9acc978022c8329f501f98d9f0446b348fe2699cdc4dfc66cc20c4404ebced
phase3_audit_full_v1,exploratory,audit,audit_benchmark,bank_marketing,pure_mavs_gc,distribution_shift,0.0,shadow,2,2,4520,4520,2,84bfea11ac23e25fe55601acc72a154b7d43caa05276a4a5323793047588a46d
phase3_audit_full_v1,exploratory,audit,audit_benchmark,bank_marketing,single_model,distribution_shift,0.05,audit,3,3,6561,0,3,8051100e0593ae9327f9141634038f776956bb8405fb1e17d367daf11de40c8b
phase3_audit_full_v1,exploratory,audit,audit_benchmark,bank_marketing,mean_ensemble,distribution_shift,0.05,audit,3,3,6561,0,3,f6c959ce14c121de101473e9a8ce8eedc6e906f6e239a81b05cc05533fde831f
phase3_audit_full_v1,exploratory,audit,audit_benchmark,bank_marketing,static_weighted_ensemble,distribution_shift,0.05,audit,3,3,6561,0,3,c23758e392825665b0bb0ad26875af7a02fc7632d782083f07626c8ffdf7e1cf
phase3_audit_full_v1,exploratory,audit,audit_benchmark,bank_marketing,veto_mavs,distribution_shift,0.05,audit,3,3,6561,6561,3,89063398eae95bd91346a55b1b769bd04e7fa942da036495d247c3df1747b2d1
phase3_audit_full_v1,exploratory,audit,audit_benchmark,bank_marketing,pure_mavs_gc,distribution_shift,0.05,audit,3,3,6561,6561,3,ec13b2f65cce3ee39cf29d7b180aff705ce75c2108bbc6e1c4307a7d507d2ebd
phase3_audit_full_v1,exploratory,audit,audit_benchmark,bank_marketing,single_model,distribution_shift,0.05,shadow,2,2,4374,0,2,9e356935422e3660de708312d86a162c9a9667dc00e13536d07c68f6b5fd6006
phase3_audit_full_v1,exploratory,audit,audit_benchmark,bank_marketing,mean_ensemble,distribution_shift,0.05,shadow,2,2,4374,0,2,350e93b0f70d2cd8d72c21bc659fcc511fb24d564b851070991e54db1c5f12cd
phase3_audit_full_v1,exploratory,audit,audit_benchmark,bank_marketing,static_weighted_ensemble,distribution_shift,0.05,shadow,2,2,4374,0,2,fbdd0e40c763dc5038edf49b9ae79a2d1048a3689adf2dbbb1b6bab277ae3a16
phase3_audit_full_v1,exploratory,audit,audit_benchmark,bank_marketing,veto_mavs,distribution_shift,0.05,shadow,2,2,4374,4374,2,7785647eed715ba83b5d2360fb06bd2cf011b0cda4a3e448d53f29f5eeecd6b2
phase3_audit_full_v1,exploratory,audit,audit_benchmark,bank_marketing,pure_mavs_gc,distribution_shift,0.05,shadow,2,2,4374,4374,2,d9e77850b8f80da26a89bb5ee5ab1b80d92299f57702d8e8e543e890aa7d15c1
phase3_audit_full_v1,exploratory,audit,audit_benchmark,bank_marketing,single_model,distribution_shift,0.1,audit,3,3,6342,0,3,940bac6942996a65b391dbbffb78c7491edeb40bfa4587e86c9108e4c28712cb
phase3_audit_full_v1,exploratory,audit,audit_benchmark,bank_marketing,mean_ensemble,distribution_shift,0.1,audit,3,3,6342,0,3,c75e94ce3efd16937e51eaafd429f31f2e061e9fe9b757a0fb4f33869893cfd6
phase3_audit_full_v1,exploratory,audit,audit_benchmark,bank_marketing,static_weighted_ensemble,distribution_shift,0.1,audit,3,3,6342,0,3,966798711d330411ad1c1ad78cbc218d1916e4b44414bea15a3469265eeeef68
phase3_audit_full_v1,exploratory,audit,audit_benchmark,bank_marketing,veto_mavs,distribution_shift,0.1,audit,3,3,6342,6342,3,ba505dcb242b7fe35b162d29c6937531f6c2dfc5749c246c727747a11922a636
phase3_audit_full_v1,exploratory,audit,audit_benchmark,bank_marketing,pure_mavs_gc,distribution_shift,0.1,audit,3,3,6342,6342,3,c45ceab616e2d54a361d86b3fa52b9bf447b5aa2261b5d024a906bb03ba0c403
phase3_audit_full_v1,exploratory,audit,audit_benchmark,bank_marketing,single_model,distribution_shift,0.1,shadow,2,2,4228,0,2,d4a6b273d380d854dd402b7281ad1552104e04e39c90ed34ae9da7c5ae75f29f
phase3_audit_full_v1,exploratory,audit,audit_benchmark,bank_marketing,mean_ensemble,distribution_shift,0.1,shadow,2,2,4228,0,2,2e04746f5224e56620bc05237697603d05a01dc39aa5f439e200202c662111c8
phase3_audit_full_v1,exploratory,audit,audit_benchmark,bank_marketing,static_weighted_ensemble,distribution_shift,0.1,shadow,2,2,4228,0,2,3d7ada4048901044fff949228f792fa19fade8e0bb5de77c1ff50d97e85b200c
phase3_audit_full_v1,exploratory,audit,audit_benchmark,bank_marketing,veto_mavs,distribution_shift,0.1,shadow,2,2,4228,4228,2,4679ee15b51ba3a6362509e712015905f0c15e2165f391b8f7d54ea5f66d9ec0
phase3_audit_full_v1,exploratory,audit,audit_benchmark,bank_marketing,pure_mavs_gc,distribution_shift,0.1,shadow,2,2,4228,4228,2,2d13a3c8420263306eca0bc236b5479591e0a63fcf4db19b32d14485675badd9
phase3_audit_full_v1,exploratory,audit,audit_benchmark,bank_marketing,single_model,distribution_shift,0.2,audit,3,3,5901,0,3,c1e43894b1055507cac917703159f581f4462fb127596ae176f1c0dc634e3ebd
phase3_audit_full_v1,exploratory,audit,audit_benchmark,bank_marketing,mean_ensemble,distribution_shift,0.2,audit,3,3,5901,0,3,f427d224915975a2939af4b06b635bcba32152824a4f9c791697a85b0a34795d
phase3_audit_full_v1,exploratory,audit,audit_benchmark,bank_marketing,static_weighted_ensemble,distribution_shift,0.2,audit,3,3,5901,0,3,03fc5d6393255a3ddc88bf5b2641a5d4f7671271008d271f6a89058bd49e8a1d
phase3_audit_full_v1,exploratory,audit,audit_benchmark,bank_marketing,veto_mavs,distribution_shift,0.2,audit,3,3,5901,5901,3,223da6748ce46c303ef20604d6e82893af866086efad4361b35f6aaf3e2ec344
phase3_audit_full_v1,exploratory,audit,audit_benchmark,bank_marketing,pure_mavs_gc,distribution_shift,0.2,audit,3,3,5901,5901,3,5cb4b4a93b5ff7fb6aa1ec0e951db2bf165b2e7b0a23cf10b04f8a06f913e9c1
phase3_audit_full_v1,exploratory,audit,audit_benchmark,bank_marketing,single_model,distribution_shift,0.2,shadow,2,2,3934,0,2,d0320ed0af48ad77d81b971e7b4a4dcb9049657e4eb2556b95ef3a28b8275f5d
phase3_audit_full_v1,exploratory,audit,audit_benchmark,bank_marketing,mean_ensemble,distribution_shift,0.2,shadow,2,2,3934,0,2,1b8849523261d927e761e3bbc37380d26f2b715ce607ce0dfdec37e80e946cd1
phase3_audit_full_v1,exploratory,audit,audit_benchmark,bank_marketing,static_weighted_ensemble,distribution_shift,0.2,shadow,2,2,3934,0,2,32ee55fa94d9341a42475aef16e3b1694b9f6a9bfe10b14d92d55ba929269116
phase3_audit_full_v1,exploratory,audit,audit_benchmark,bank_marketing,veto_mavs,distribution_shift,0.2,shadow,2,2,3934,3934,2,8a03a3d3f4c2dc0474a27d8836586424cc5dab16db269f050cfd0cb44be2b7a0
phase3_audit_full_v1,exploratory,audit,audit_benchmark,bank_marketing,pure_mavs_gc,distribution_shift,0.2,shadow,2,2,3934,3934,2,0b6745c81c7988a678969dd334e574abc8ad4b1bc7c0052a2a054fc4c7ea8e82
phase3_audit_full_v1,exploratory,audit,audit_benchmark,bank_marketing,single_model,distribution_shift,0.4,audit,3,3,5019,0,3,dcfdee7dcedfe954bd3b781aac72685810a7ccb1a62e915b910c12ed709420cd
phase3_audit_full_v1,exploratory,audit,audit_benchmark,bank_marketing,mean_ensemble,distribution_shift,0.4,audit,3,3,5019,0,3,79ef7d9a042a88dcfd6f1ea398fa81ee1e114f3a4878119cb868e12cad9ebc10
phase3_audit_full_v1,exploratory,audit,audit_benchmark,bank_marketing,static_weighted_ensemble,distribution_shift,0.4,audit,3,3,5019,0,3,d94dada3b32a87d4a09b18b6b2f29d08764cc47189df9a48133bfe5166f5ce90
phase3_audit_full_v1,exploratory,audit,audit_benchmark,bank_marketing,veto_mavs,distribution_shift,0.4,audit,3,3,5019,5019,3,da2812d24a7331a9e072dbffd9230219cc79afae7f20c55c36311376cf781152
phase3_audit_full_v1,exploratory,audit,audit_benchmark,bank_marketing,pure_mavs_gc,distribution_shift,0.4,audit,3,3,5019,5019,3,c18d3196bcc896aef946a7d914e10234ca29913e8545a0137e5832e526077023
phase3_audit_full_v1,exploratory,audit,audit_benchmark,bank_marketing,single_model,distribution_shift,0.4,shadow,2,2,3346,0,2,f0ac18212ff21b0c1cdaa57bc2c7f7a3ccce64b66537ff8611638d15ff0c606d
phase3_audit_full_v1,exploratory,audit,audit_benchmark,bank_marketing,mean_ensemble,distribution_shift,0.4,shadow,2,2,3346,0,2,f1332d809b5351223ed3c42b21d57f8db6d9e6e0c7b05ecc162f8b21be567ae3
phase3_audit_full_v1,exploratory,audit,audit_benchmark,bank_marketing,static_weighted_ensemble,distribution_shift,0.4,shadow,2,2,3346,0,2,56810d94dea719fe8292d9b50472803198183496465331fb08925b9de0b0d9fe
phase3_audit_full_v1,exploratory,audit,audit_benchmark,bank_marketing,veto_mavs,distribution_shift,0.4,shadow,2,2,3346,3346,2,16174baa2d8190f67e95639c528c5965c79687c4a0000f77b9ceeb686d8765c0
phase3_audit_full_v1,exploratory,audit,audit_benchmark,bank_marketing,pure_mavs_gc,distribution_shift,0.4,shadow,2,2,3346,3346,2,e6674a73e7b3b8c51b10adbfbd822974ee6d04567b998b988ed0adf83a800082
phase3_audit_full_v1,exploratory,audit,audit_benchmark,bank_marketing,single_model,distribution_shift,0.6,audit,3,3,4137,0,3,cfc5fb7a829d8e3bddb4246b451c7f7160a25358a87d9417086974bc44c17d97
phase3_audit_full_v1,exploratory,audit,audit_benchmark,bank_marketing,mean_ensemble,distribution_shift,0.6,audit,3,3,4137,0,3,5e23d2ac97f0bfe5beb11e43a0d1f80fb1338279cd6347a76343cc50895f2470
phase3_audit_full_v1,exploratory,audit,audit_benchmark,bank_marketing,static_weighted_ensemble,distribution_shift,0.6,audit,3,3,4137,0,3,f388f1b61601fde78859675733dd61aede8e77e6cdde86618fc3d3984a9d660e
phase3_audit_full_v1,exploratory,audit,audit_benchmark,bank_marketing,veto_mavs,distribution_shift,0.6,audit,3,3,4137,4137,3,104d899e5cfcb2bf67c281ad5742163e0be30b1c41f389b41dc2bb79a1318fd3
phase3_audit_full_v1,exploratory,audit,audit_benchmark,bank_marketing,pure_mavs_gc,distribution_shift,0.6,audit,3,3,4137,4137,3,3ef34200318ab1465048da97379693872ab72c8149f83bb8800890ceb1a2d1e9
phase3_audit_full_v1,exploratory,audit,audit_benchmark,bank_marketing,single_model,distribution_shift,0.6,shadow,2,2,2758,0,2,26ef703c9fd00fdb7d206d6fc3f54285cb6062c89f8ba8608eaf28fe95724f6a
phase3_audit_full_v1,exploratory,audit,audit_benchmark,bank_marketing,mean_ensemble,distribution_shift,0.6,shadow,2,2,2758,0,2,b9bc61648bc7333be09b09eb3243d7f1fae76d2467722d8e4720f45d259c92b7
phase3_audit_full_v1,exploratory,audit,audit_benchmark,bank_marketing,static_weighted_ensemble,distribution_shift,0.6,shadow,2,2,2758,0,2,fcf1989e170980560b6f90f475cfd835fc393410b2e0df13c3bf9b344d728b1b
phase3_audit_full_v1,exploratory,audit,audit_benchmark,bank_marketing,veto_mavs,distribution_shift,0.6,shadow,2,2,2758,2758,2,fc6a35f104ed6f4a530b343d33517783146333a5c14ec2063a14203b6922b952
phase3_audit_full_v1,exploratory,audit,audit_benchmark,bank_marketing,pure_mavs_gc,distribution_shift,0.6,shadow,2,2,2758,2758,2,888ae2de84a6657b46735136e707ae61c6449e7ac69ecfe942cc7bda283e8a0a
phase3_audit_full_v1,exploratory,audit,audit_benchmark,bank_marketing,single_model,distribution_shift,0.8,audit,3,3,3255,0,3,627eebb5d27361fb996757c0f145613440afb11ba1126bab0e03b5bb210423bc
phase3_audit_full_v1,exploratory,audit,audit_benchmark,bank_marketing,mean_ensemble,distribution_shift,0.8,audit,3,3,3255,0,3,932c5efbe9398ba35d23f565517c254074e2e8906cc676496d38e4e7ed9a6155
phase3_audit_full_v1,exploratory,audit,audit_benchmark,bank_marketing,static_weighted_ensemble,distribution_shift,0.8,audit,3,3,3255,0,3,fb1b535db2cd01d3f59416d5aa3428ed850136f26a481c31e35808932fea2580
phase3_audit_full_v1,exploratory,audit,audit_benchmark,bank_marketing,veto_mavs,distribution_shift,0.8,audit,3,3,3255,3255,3,4dde1f4d9412913ba10b91a9a2fa04797387f218576fbe2374338ecf1fd77328
phase3_audit_full_v1,exploratory,audit,audit_benchmark,bank_marketing,pure_mavs_gc,distribution_shift,0.8,audit,3,3,3255,3255,3,4beacf04e850a8cecd82a651b29e2e33ae7c7254f3467c025e0d52fd46184369
phase3_audit_full_v1,exploratory,audit,audit_benchmark,bank_marketing,single_model,distribution_shift,0.8,shadow,2,2,2170,0,2,ab4f5b11c7745691d768e90492699a7cd234b88cb16fb80856b6fb202ecdc3e4
phase3_audit_full_v1,exploratory,audit,audit_benchmark,bank_marketing,mean_ensemble,distribution_shift,0.8,shadow,2,2,2170,0,2,0ef18b1ece0fceac8206b7d81a20c3d1268c0437a8e6b09c230f1502cab797c9
phase3_audit_full_v1,exploratory,audit,audit_benchmark,bank_marketing,static_weighted_ensemble,distribution_shift,0.8,shadow,2,2,2170,0,2,086846129ab7c15ca9d49ed434441d766268b2c7f75c389201609dd0ad942ef2
phase3_audit_full_v1,exploratory,audit,audit_benchmark,bank_marketing,veto_mavs,distribution_shift,0.8,shadow,2,2,2170,2170,2,9e94cbbf045adf7532c783b4a4289ff3dbe65221098074bb5a6fede6915ab091
phase3_audit_full_v1,exploratory,audit,audit_benchmark,bank_marketing,pure_mavs_gc,distribution_shift,0.8,shadow,2,2,2170,2170,2,70496904e2fbab31b72fd554d6f6113b7027fa079fbf630db9b15776ae8340ac
phase3_audit_full_v1,exploratory,audit,audit_benchmark,bank_marketing,single_model,distribution_shift,1.0,audit,3,3,2373,0,3,3403ffad60788d2c0e702256837c5fb21285d669d3c3ef8a8007ac6e3e15df6d
phase3_audit_full_v1,exploratory,audit,audit_benchmark,bank_marketing,mean_ensemble,distribution_shift,1.0,audit,3,3,2373,0,3,228222ea32faadddebe10a6a28ed48323f42254ea64a59e4688e96bb79d3dec7
phase3_audit_full_v1,exploratory,audit,audit_benchmark,bank_marketing,static_weighted_ensemble,distribution_shift,1.0,audit,3,3,2373,0,3,deee127bbe271c003f03801cd37563a17cc813cf72f47708bf73f1d700142f76
phase3_audit_full_v1,exploratory,audit,audit_benchmark,bank_marketing,veto_mavs,distribution_shift,1.0,audit,3,3,2373,2373,3,919e7c3d25460725c420834c0327856473681dafc22e3c8cbc8830f68af5b656
phase3_audit_full_v1,exploratory,audit,audit_benchmark,bank_marketing,pure_mavs_gc,distribution_shift,1.0,audit,3,3,2373,2373,3,4092642f84ef9780a05706ecf100f68673babda0fe11bb8fa9c7d237d433e6bd
phase3_audit_full_v1,exploratory,audit,audit_benchmark,bank_marketing,single_model,distribution_shift,1.0,shadow,2,2,1582,0,2,dfe229226bebe78a6fa144bc91c8ce832024949446b64a15284d51a7a54595e8
phase3_audit_full_v1,exploratory,audit,audit_benchmark,bank_marketing,mean_ensemble,distribution_shift,1.0,shadow,2,2,1582,0,2,aed962fb57f9d8afa97e004902b8d9c6d75d396531c748d4c40184a4bb9ec2be
phase3_audit_full_v1,exploratory,audit,audit_benchmark,bank_marketing,static_weighted_ensemble,distribution_shift,1.0,shadow,2,2,1582,0,2,e663a558df1843fa86ae51302de7d3e78e5b687f1254eaf8d5b8fee0dc50627b
phase3_audit_full_v1,exploratory,audit,audit_benchmark,bank_marketing,veto_mavs,distribution_shift,1.0,shadow,2,2,1582,1582,2,08b9cd375a49b6492437cf3c6509db9399097f1f826d343451033f8434bd5941
phase3_audit_full_v1,exploratory,audit,audit_benchmark,bank_marketing,pure_mavs_gc,distribution_shift,1.0,shadow,2,2,1582,1582,2,cb3c7ef798df1692a284d7f6ca17209646407c0db2d6dda0ed8bdd75955bd121
phase3_audit_full_v1,exploratory,audit,audit_benchmark,bank_marketing,single_model,synthetic_sensor_failure,0.0,audit,3,3,6780,0,3,1b827dc78727c6de7e72f8c6c78c124abc9931721079a6bf673c8eb832f514f9
phase3_audit_full_v1,exploratory,audit,audit_benchmark,bank_marketing,mean_ensemble,synthetic_sensor_failure,0.0,audit,3,3,6780,0,3,2b4ce2b68a75e95f84b3fe613aa470129aca948470d72a99a6d1f88fbad9d8fb
phase3_audit_full_v1,exploratory,audit,audit_benchmark,bank_marketing,static_weighted_ensemble,synthetic_sensor_failure,0.0,audit,3,3,6780,0,3,6a9c86eb78e0b1369f8fd4be3323b13e7a0a3ea6c3846bf8e7be73df8b75dc14
phase3_audit_full_v1,exploratory,audit,audit_benchmark,bank_marketing,veto_mavs,synthetic_sensor_failure,0.0,audit,3,3,6780,6780,3,e08e9380972184ad93b0dbb49b899246602c7f57a8813a7e73366943c88115e0
phase3_audit_full_v1,exploratory,audit,audit_benchmark,bank_marketing,pure_mavs_gc,synthetic_sensor_failure,0.0,audit,3,3,6780,6780,3,419d3651fd60383b42b75618c555d1e3b4b504d13c750d8263e012b316a27ac8
phase3_audit_full_v1,exploratory,audit,audit_benchmark,bank_marketing,single_model,synthetic_sensor_failure,0.0,shadow,2,2,4520,0,2,e521bf4da3a6822e3869d803f27f8ad2f37ce29dad6e1241db61dc0f48afcccf
phase3_audit_full_v1,exploratory,audit,audit_benchmark,bank_marketing,mean_ensemble,synthetic_sensor_failure,0.0,shadow,2,2,4520,0,2,8fd7c7afe58eff2a4f96b5cf6166a63c5d784796a4993498e7713f42de121a8a
phase3_audit_full_v1,exploratory,audit,audit_benchmark,bank_marketing,static_weighted_ensemble,synthetic_sensor_failure,0.0,shadow,2,2,4520,0,2,63929c6d92ce555b5e3b75d5bb5c34c5af3fcbe573cd4efae9b360ab52cffb6e
phase3_audit_full_v1,exploratory,audit,audit_benchmark,bank_marketing,veto_mavs,synthetic_sensor_failure,0.0,shadow,2,2,4520,4520,2,dca1a7248dc389fc6966f1d0a789aee3e31b1972b7b5415e67f1d05f0d425594
phase3_audit_full_v1,exploratory,audit,audit_benchmark,bank_marketing,pure_mavs_gc,synthetic_sensor_failure,0.0,shadow,2,2,4520,4520,2,8b08102022fc3b2cd4e74f165cf120440954a49cf8c5a71dac753bc0243bd617
phase3_audit_full_v1,exploratory,audit,audit_benchmark,bank_marketing,single_model,synthetic_sensor_failure,0.05,audit,3,3,6780,0,3,6d780a36e1752c85b186d940550ecf44b9941ce298ef924e6df666281a6b1624
phase3_audit_full_v1,exploratory,audit,audit_benchmark,bank_marketing,mean_ensemble,synthetic_sensor_failure,0.05,audit,3,3,6780,0,3,df9cac8c3f542730b5b7f0989d86fc6b3bb835387a51d7434e65d116f9333b5d
phase3_audit_full_v1,exploratory,audit,audit_benchmark,bank_marketing,static_weighted_ensemble,synthetic_sensor_failure,0.05,audit,3,3,6780,0,3,cf47f1a0772a0489688518bb53461e09b34021dc5858c5b3748bff9fa7032c9e
phase3_audit_full_v1,exploratory,audit,audit_benchmark,bank_marketing,veto_mavs,synthetic_sensor_failure,0.05,audit,3,3,6780,6780,3,5a4d656e183f134c416e5ff6ef4a6959068708b47be5bef299aef417e44fa61a
phase3_audit_full_v1,exploratory,audit,audit_benchmark,bank_marketing,pure_mavs_gc,synthetic_sensor_failure,0.05,audit,3,3,6780,6780,3,d4ee2dd539998782930db39c1f40f8723a7ff82455ab15d5cfd1b160e6fae297
phase3_audit_full_v1,exploratory,audit,audit_benchmark,bank_marketing,single_model,synthetic_sensor_failure,0.05,shadow,2,2,4520,0,2,4693c7b89bc9f757876b5c1de010719cbddea464c218f4bcbcbfef076436a070
phase3_audit_full_v1,exploratory,audit,audit_benchmark,bank_marketing,mean_ensemble,synthetic_sensor_failure,0.05,shadow,2,2,4520,0,2,50b4a9226546c1e33b221f2f67a947fda0503985084de16329621578b7e21a98
phase3_audit_full_v1,exploratory,audit,audit_benchmark,bank_marketing,static_weighted_ensemble,synthetic_sensor_failure,0.05,shadow,2,2,4520,0,2,8c9e4160ac60d43f36605818e2f26e067726beb7989d4e9bdffa2158f9131bea
phase3_audit_full_v1,exploratory,audit,audit_benchmark,bank_marketing,veto_mavs,synthetic_sensor_failure,0.05,shadow,2,2,4520,4520,2,d10e48a9ac552f372ab01622792f46b201c0b9d4d8ef84f6f7d02adb9dcca727
phase3_audit_full_v1,exploratory,audit,audit_benchmark,bank_marketing,pure_mavs_gc,synthetic_sensor_failure,0.05,shadow,2,2,4520,4520,2,e1e2228e513ed1ee5d9f624235b506d7e9d6c0bd95673ec8dfd28a8d5d9cb265
phase3_audit_full_v1,exploratory,audit,audit_benchmark,bank_marketing,single_model,synthetic_sensor_failure,0.1,audit,3,3,6780,0,3,543aa03d0c6f60ce9313cf0f173f3e4ec0b134f4e785f2f00a4ec8899a1380f8
phase3_audit_full_v1,exploratory,audit,audit_benchmark,bank_marketing,mean_ensemble,synthetic_sensor_failure,0.1,audit,3,3,6780,0,3,0fa67f4e244147fe1cbe45ce8af637c49d89bbfe7eb3cddcec8a9a8c05eb6f7b
phase3_audit_full_v1,exploratory,audit,audit_benchmark,bank_marketing,static_weighted_ensemble,synthetic_sensor_failure,0.1,audit,3,3,6780,0,3,f8b0926f520bde40c6237a7298b52f434761d8bf4d873226a689c3c4399a093f
phase3_audit_full_v1,exploratory,audit,audit_benchmark,bank_marketing,veto_mavs,synthetic_sensor_failure,0.1,audit,3,3,6780,6780,3,3c84b9a0f3bcafdc806c6d809e1561599e6d97a086cbc4ecbf9cc91b47883b7f
phase3_audit_full_v1,exploratory,audit,audit_benchmark,bank_marketing,pure_mavs_gc,synthetic_sensor_failure,0.1,audit,3,3,6780,6780,3,f5fef20ad7c83aaba5637d7e407814da58b9b9009d38078639d81a6b56a15b2f
phase3_audit_full_v1,exploratory,audit,audit_benchmark,bank_marketing,single_model,synthetic_sensor_failure,0.1,shadow,2,2,4520,0,2,79bc3749c722b5066867bef4b79aca469dda62e9fa184caa58c57976e4365864
phase3_audit_full_v1,exploratory,audit,audit_benchmark,bank_marketing,mean_ensemble,synthetic_sensor_failure,0.1,shadow,2,2,4520,0,2,914bcf299f509d602992848a51ea0a4ad385e2330b16b613117ad8e50ce190bc
phase3_audit_full_v1,exploratory,audit,audit_benchmark,bank_marketing,static_weighted_ensemble,synthetic_sensor_failure,0.1,shadow,2,2,4520,0,2,eb9a7e9f3eab64c25fa192f906924688c03d8d7c3427a793e945dbf75d4fdb06
phase3_audit_full_v1,exploratory,audit,audit_benchmark,bank_marketing,veto_mavs,synthetic_sensor_failure,0.1,shadow,2,2,4520,4520,2,0284f10b2d92f43e8ac9ecfd15afe656227eabeed91063c4d65e8d7ef7812f1c
phase3_audit_full_v1,exploratory,audit,audit_benchmark,bank_marketing,pure_mavs_gc,synthetic_sensor_failure,0.1,shadow,2,2,4520,4520,2,052a8ad1611699ac1f977404593517fc342ad61274718fbbc78b75aa21101059
phase3_audit_full_v1,exploratory,audit,audit_benchmark,bank_marketing,single_model,synthetic_sensor_failure,0.2,audit,3,3,6780,0,3,abd5025230728cb349e041f6e4b485373d0261b12e0dfcb72b9b7e44a2e28dae
phase3_audit_full_v1,exploratory,audit,audit_benchmark,bank_marketing,mean_ensemble,synthetic_sensor_failure,0.2,audit,3,3,6780,0,3,73c4eff5c526e65900a1970aebdc6d286a28c56c1de32e215a962a78ddf6fa49
phase3_audit_full_v1,exploratory,audit,audit_benchmark,bank_marketing,static_weighted_ensemble,synthetic_sensor_failure,0.2,audit,3,3,6780,0,3,da15dcb8893085c537f19ebe7e5206aa14d291a2ede62c0b6cb81afb50d353b2
phase3_audit_full_v1,exploratory,audit,audit_benchmark,bank_marketing,veto_mavs,synthetic_sensor_failure,0.2,audit,3,3,6780,6780,3,14c94c0f7cb6de97a253ea928ac411f6caaa817ec61424d0bcd573a3656e950a
phase3_audit_full_v1,exploratory,audit,audit_benchmark,bank_marketing,pure_mavs_gc,synthetic_sensor_failure,0.2,audit,3,3,6780,6780,3,69a5617235feb52d6eea3818de4dc8836b35d369d2fcff19892bba6a08b1e5d7
phase3_audit_full_v1,exploratory,audit,audit_benchmark,bank_marketing,single_model,synthetic_sensor_failure,0.2,shadow,2,2,4520,0,2,8425f39286bf4438ecd99a18266779ddb37e0e8e6f4837da6c4df368bb969fae
phase3_audit_full_v1,exploratory,audit,audit_benchmark,bank_marketing,mean_ensemble,synthetic_sensor_failure,0.2,shadow,2,2,4520,0,2,20840a3b3be00f7f98de504797d48d9d7d2adb547bcfe99d070f9f203c856c17
phase3_audit_full_v1,exploratory,audit,audit_benchmark,bank_marketing,static_weighted_ensemble,synthetic_sensor_failure,0.2,shadow,2,2,4520,0,2,79217401010fded0a588aa48099d98fc38142c96bd9c3b35badbb4d573d29b50
phase3_audit_full_v1,exploratory,audit,audit_benchmark,bank_marketing,veto_mavs,synthetic_sensor_failure,0.2,shadow,2,2,4520,4520,2,18aaa6ecba1b277dfb2d0ffa71f12f815aede3bdc974dd1166c952a6da1ad2e4
phase3_audit_full_v1,exploratory,audit,audit_benchmark,bank_marketing,pure_mavs_gc,synthetic_sensor_failure,0.2,shadow,2,2,4520,4520,2,5c5f9da808150c1b9782baf4204a8cc64dc02a6d114b2b7a5bf803dccdb0bd2c
phase3_audit_full_v1,exploratory,audit,audit_benchmark,bank_marketing,single_model,synthetic_sensor_failure,0.4,audit,3,3,6780,0,3,d44fbdbecb3c83b4dc1d3654d104d35e613a8dab29f3edbf191c59b038a138ef
phase3_audit_full_v1,exploratory,audit,audit_benchmark,bank_marketing,mean_ensemble,synthetic_sensor_failure,0.4,audit,3,3,6780,0,3,83c841dac7fe2ba1f8a3bf4994aeb08b21ca1f38aafdc097994221de725c4927
phase3_audit_full_v1,exploratory,audit,audit_benchmark,bank_marketing,static_weighted_ensemble,synthetic_sensor_failure,0.4,audit,3,3,6780,0,3,5ad968944698d796a5cc6680a3fb5b636790d66a0a343d3274764295dfe273be
phase3_audit_full_v1,exploratory,audit,audit_benchmark,bank_marketing,veto_mavs,synthetic_sensor_failure,0.4,audit,3,3,6780,6780,3,382a7d2c1e1f71b825dcc731212247bd391bf969b039cf4cf219b710e431a793
phase3_audit_full_v1,exploratory,audit,audit_benchmark,bank_marketing,pure_mavs_gc,synthetic_sensor_failure,0.4,audit,3,3,6780,6780,3,f37db486c9254af1e73808aaf9e00447781900eb2fa18ec4bdab2f594f233fb5
phase3_audit_full_v1,exploratory,audit,audit_benchmark,bank_marketing,single_model,synthetic_sensor_failure,0.4,shadow,2,2,4520,0,2,530572f3daf4639e62cb504c1494f220439bfd515c0907ad2da156739b5b848c
phase3_audit_full_v1,exploratory,audit,audit_benchmark,bank_marketing,mean_ensemble,synthetic_sensor_failure,0.4,shadow,2,2,4520,0,2,132ad2ee2c8d0512aa5dd89369bb3ad86322eb74cbcf94be8c0dda885e9f9767
phase3_audit_full_v1,exploratory,audit,audit_benchmark,bank_marketing,static_weighted_ensemble,synthetic_sensor_failure,0.4,shadow,2,2,4520,0,2,d3d9e96b2b45a36341566c7e52853301761448dfead38e4e972acc6c79ed76cb
phase3_audit_full_v1,exploratory,audit,audit_benchmark,bank_marketing,veto_mavs,synthetic_sensor_failure,0.4,shadow,2,2,4520,4520,2,b764b6bb631564ac0677131cab104386eeb0e6cbd660183678322ab6289fa567
phase3_audit_full_v1,exploratory,audit,audit_benchmark,bank_marketing,pure_mavs_gc,synthetic_sensor_failure,0.4,shadow,2,2,4520,4520,2,0f2ee42eb4451fb74f3b93b0fda303002ab1e0420f5446216c208bd2b6bd153e
phase3_audit_full_v1,exploratory,audit,audit_benchmark,bank_marketing,single_model,synthetic_sensor_failure,0.6,audit,3,3,6780,0,3,98df607cc90cafc3d32f1d4f6a4948594909ebaa344fb19e6e34be3f84c82360
phase3_audit_full_v1,exploratory,audit,audit_benchmark,bank_marketing,mean_ensemble,synthetic_sensor_failure,0.6,audit,3,3,6780,0,3,26150dc84f536018cd2c91c7eaaedede6908e9eb801e7a6ae29bc6a192f9e53f
phase3_audit_full_v1,exploratory,audit,audit_benchmark,bank_marketing,static_weighted_ensemble,synthetic_sensor_failure,0.6,audit,3,3,6780,0,3,2dff9a54e25550a3aadd380211f58794c1083383e38ca00232229602b5f61241
phase3_audit_full_v1,exploratory,audit,audit_benchmark,bank_marketing,veto_mavs,synthetic_sensor_failure,0.6,audit,3,3,6780,6780,3,548d9a21b00b5bd11c993193a14c552bf824100d1a1a9700031043a1e000a172
phase3_audit_full_v1,exploratory,audit,audit_benchmark,bank_marketing,pure_mavs_gc,synthetic_sensor_failure,0.6,audit,3,3,6780,6780,3,a8001e6abab14844863eea9eef5fb8de95d7b4757c3aa98953dd152689a61f61
phase3_audit_full_v1,exploratory,audit,audit_benchmark,bank_marketing,single_model,synthetic_sensor_failure,0.6,shadow,2,2,4520,0,2,d64f8b94d49829ea19b4c58591c4a04f032b0a64596ad4cd303e73dd7ba64ba1
phase3_audit_full_v1,exploratory,audit,audit_benchmark,bank_marketing,mean_ensemble,synthetic_sensor_failure,0.6,shadow,2,2,4520,0,2,cb1629dd7c3addb944192fde227ca05f73f5b5a665af210d4d80965e72beb8fb
phase3_audit_full_v1,exploratory,audit,audit_benchmark,bank_marketing,static_weighted_ensemble,synthetic_sensor_failure,0.6,shadow,2,2,4520,0,2,681d54a8990eaeb8dda2069ebb199cc22dfb52460b71b7f03b519bcd46a1fc84
phase3_audit_full_v1,exploratory,audit,audit_benchmark,bank_marketing,veto_mavs,synthetic_sensor_failure,0.6,shadow,2,2,4520,4520,2,c7614af00c90485334120f14ad114793c27652d2607116e4afcae515d49925ae
phase3_audit_full_v1,exploratory,audit,audit_benchmark,bank_marketing,pure_mavs_gc,synthetic_sensor_failure,0.6,shadow,2,2,4520,4520,2,4d076d6ddc247c5f7587c76710d5164dbd76a06a1106affca5609f8b651af2df
phase3_audit_full_v1,exploratory,audit,audit_benchmark,bank_marketing,single_model,synthetic_sensor_failure,0.8,audit,3,3,6780,0,3,b6d6f44753925e365ec3ea0a39737a0e860d2f14272cc9beb650ccd98d5638fb
phase3_audit_full_v1,exploratory,audit,audit_benchmark,bank_marketing,mean_ensemble,synthetic_sensor_failure,0.8,audit,3,3,6780,0,3,04f011fdd61b12d5d6bd77c1aa9737db498207ea5af4409596015f7c17ff2429
phase3_audit_full_v1,exploratory,audit,audit_benchmark,bank_marketing,static_weighted_ensemble,synthetic_sensor_failure,0.8,audit,3,3,6780,0,3,ee5063a8a2296028ab00f543e27e00fcab3c5701c06d51f95d3ec6fcb27cab89
phase3_audit_full_v1,exploratory,audit,audit_benchmark,bank_marketing,veto_mavs,synthetic_sensor_failure,0.8,audit,3,3,6780,6780,3,5f16d3d50fb6494526104ebc61920da4e6963410b601dcd89bbb1c57bba18aa7
phase3_audit_full_v1,exploratory,audit,audit_benchmark,bank_marketing,pure_mavs_gc,synthetic_sensor_failure,0.8,audit,3,3,6780,6780,3,e0f0168ef50fa7f18bd1d35c4f9d673241db7065740181994fd09a0efa518b79
phase3_audit_full_v1,exploratory,audit,audit_benchmark,bank_marketing,single_model,synthetic_sensor_failure,0.8,shadow,2,2,4520,0,2,a1af44e9a30603fa2f0d3db39fab7ea0330586eef9cdc53d5ed19ac0110400e2
phase3_audit_full_v1,exploratory,audit,audit_benchmark,bank_marketing,mean_ensemble,synthetic_sensor_failure,0.8,shadow,2,2,4520,0,2,c4b462e7407792a77f2929a20071da13dc0dd53ff2aeabc44d2f44b51346cf23
phase3_audit_full_v1,exploratory,audit,audit_benchmark,bank_marketing,static_weighted_ensemble,synthetic_sensor_failure,0.8,shadow,2,2,4520,0,2,0dc95a7eadc2cc0368229fd7b18d50de21ef6e659a752ff3d81763a5a567046c
phase3_audit_full_v1,exploratory,audit,audit_benchmark,bank_marketing,veto_mavs,synthetic_sensor_failure,0.8,shadow,2,2,4520,4520,2,012b903bd433c243977d2d0361beedb2bdc80ede8065599cf432ff32e6d76540
phase3_audit_full_v1,exploratory,audit,audit_benchmark,bank_marketing,pure_mavs_gc,synthetic_sensor_failure,0.8,shadow,2,2,4520,4520,2,80fe2954878ef3f8f810df0d7499417464bc95c0463162f5b4d9f0e247a1219a
phase3_audit_full_v1,exploratory,audit,audit_benchmark,bank_marketing,single_model,synthetic_sensor_failure,1.0,audit,3,3,6780,0,3,a0ed394fdaf6ca7bc8c20aba650a9a77bab110796ea84a9126966e2583d3fc99
phase3_audit_full_v1,exploratory,audit,audit_benchmark,bank_marketing,mean_ensemble,synthetic_sensor_failure,1.0,audit,3,3,6780,0,3,ce8ed01d760929c0c8625f1823bae6bf39411f503c88953f20fbe5d0ac59bcc1
phase3_audit_full_v1,exploratory,audit,audit_benchmark,bank_marketing,static_weighted_ensemble,synthetic_sensor_failure,1.0,audit,3,3,6780,0,3,48c8a3ef33a713b014b496309595a17409c8857b3fb8ee5e59fb028632b40df7
phase3_audit_full_v1,exploratory,audit,audit_benchmark,bank_marketing,veto_mavs,synthetic_sensor_failure,1.0,audit,3,3,6780,6780,3,b87782f7335a528b0fbdbc073597fed9a5e891132479e06d589ae319150ee69c
phase3_audit_full_v1,exploratory,audit,audit_benchmark,bank_marketing,pure_mavs_gc,synthetic_sensor_failure,1.0,audit,3,3,6780,6780,3,e79714ddc007042f1e5eefac5913a058649d83080fedbb8278d434e00e41b36a
phase3_audit_full_v1,exploratory,audit,audit_benchmark,bank_marketing,single_model,synthetic_sensor_failure,1.0,shadow,2,2,4520,0,2,f1eaefc06f89784b5cbc5d322787bb53f6e97433bbdb7fee9887027bf912e57d
phase3_audit_full_v1,exploratory,audit,audit_benchmark,bank_marketing,mean_ensemble,synthetic_sensor_failure,1.0,shadow,2,2,4520,0,2,868b31111e2b85bab8ab67c2ae919fcf9c7e9f96a9f6664ea63adbee734b8c87
phase3_audit_full_v1,exploratory,audit,audit_benchmark,bank_marketing,static_weighted_ensemble,synthetic_sensor_failure,1.0,shadow,2,2,4520,0,2,fba7563fcb5a2a77215ad70f9ccdbbabca2072956e70823828195bdffa8aa2a4
phase3_audit_full_v1,exploratory,audit,audit_benchmark,bank_marketing,veto_mavs,synthetic_sensor_failure,1.0,shadow,2,2,4520,4520,2,1c2b67c80cdce89e94eb1cfaff291fdfb5f015ff0f3ff4321df19bdf43244401
phase3_audit_full_v1,exploratory,audit,audit_benchmark,bank_marketing,pure_mavs_gc,synthetic_sensor_failure,1.0,shadow,2,2,4520,4520,2,e783761b4821749238ea7a5fa2ffe720ef0567c3b0a750f83d714970f7a366ef
phase3_audit_full_v1,exploratory,audit,audit_benchmark,bank_marketing,single_model,specialist_failure,0.0,audit,3,3,6780,0,3,e16b76e74ebfb80230c0c4d4855fe6b157b15e1b4dc4b2b67fa18389bc4582d3
phase3_audit_full_v1,exploratory,audit,audit_benchmark,bank_marketing,mean_ensemble,specialist_failure,0.0,audit,3,3,6780,0,3,06249ca90a678f1c39b5f48edf4f93b5614e3a582a06d16994c6c6e43109400f
phase3_audit_full_v1,exploratory,audit,audit_benchmark,bank_marketing,static_weighted_ensemble,specialist_failure,0.0,audit,3,3,6780,0,3,daa599ba932fa00146bd7e32bb37fd1fcdc1663c93758303228971631f1cecf6
phase3_audit_full_v1,exploratory,audit,audit_benchmark,bank_marketing,veto_mavs,specialist_failure,0.0,audit,3,3,6780,6780,3,320d55db6eaea77ef8220b419e1d088b54b28ace7097d35346fe9294194e0137
phase3_audit_full_v1,exploratory,audit,audit_benchmark,bank_marketing,pure_mavs_gc,specialist_failure,0.0,audit,3,3,6780,6780,3,4a072434cfdcc49074923400725a380637008ff9771258b8d21e8d8ba237e7d1
phase3_audit_full_v1,exploratory,audit,audit_benchmark,bank_marketing,single_model,specialist_failure,0.0,shadow,2,2,4520,0,2,ef2945751a80b3a858be4dcec0c50836f7b407f750a213f148c235aae5994ee9
phase3_audit_full_v1,exploratory,audit,audit_benchmark,bank_marketing,mean_ensemble,specialist_failure,0.0,shadow,2,2,4520,0,2,91128bdf3767bbd9758a8a2262af13e97b04e579b9d19b0fcded0f91a331feb1
phase3_audit_full_v1,exploratory,audit,audit_benchmark,bank_marketing,static_weighted_ensemble,specialist_failure,0.0,shadow,2,2,4520,0,2,9732ec2c849f1609f1531d29f729ddc2931462ba9b6c61e5f06400ea69d79bc6
phase3_audit_full_v1,exploratory,audit,audit_benchmark,bank_marketing,veto_mavs,specialist_failure,0.0,shadow,2,2,4520,4520,2,39f87015a6ec854f69e3edcabe1d84623c4f36cbdd731cbd0b4f17d4ca3004d3
phase3_audit_full_v1,exploratory,audit,audit_benchmark,bank_marketing,pure_mavs_gc,specialist_failure,0.0,shadow,2,2,4520,4520,2,114924f2d4e9fe46937a203042ca0b31c09ee189b54d265a830b16bec2b37ec4
phase3_audit_full_v1,exploratory,audit,audit_benchmark,bank_marketing,single_model,specialist_failure,0.05,audit,3,3,6780,0,3,ce3aef2c3be3dd1bd5fcdd62e1cfcea317dc6b086b4b32d178f4c1caeb0e8151
phase3_audit_full_v1,exploratory,audit,audit_benchmark,bank_marketing,mean_ensemble,specialist_failure,0.05,audit,3,3,6780,0,3,710f9a4d712156d649acadf7556d317543e1118ca9a7443d7b6d32cec03d4362
phase3_audit_full_v1,exploratory,audit,audit_benchmark,bank_marketing,static_weighted_ensemble,specialist_failure,0.05,audit,3,3,6780,0,3,9f8e9447b79491ea38a835b5b1b00e4c3ae15269af870fc2b5b8ac57031a19a9
phase3_audit_full_v1,exploratory,audit,audit_benchmark,bank_marketing,veto_mavs,specialist_failure,0.05,audit,3,3,6780,6780,3,01d24c01dd8ae16cb95bedeb6e1614d4f6fe50333a4f1a866a85d2fcab8a3376
phase3_audit_full_v1,exploratory,audit,audit_benchmark,bank_marketing,pure_mavs_gc,specialist_failure,0.05,audit,3,3,6780,6780,3,8dcf70ccce09529c890b77df59bb4f192a6d6389568e9e67600d630f2d09658d
phase3_audit_full_v1,exploratory,audit,audit_benchmark,bank_marketing,single_model,specialist_failure,0.05,shadow,2,2,4520,0,2,ffe67bcbde87cdaf3991386779ca6c95911dd7dc17a836308c5ed743dd29172b
phase3_audit_full_v1,exploratory,audit,audit_benchmark,bank_marketing,mean_ensemble,specialist_failure,0.05,shadow,2,2,4520,0,2,c46734fa02333249e4e3f3ade46cd4a05347ac569bc9fbc6ccaacf710fc9811c
phase3_audit_full_v1,exploratory,audit,audit_benchmark,bank_marketing,static_weighted_ensemble,specialist_failure,0.05,shadow,2,2,4520,0,2,7f68d9b14f8589740af8f3d15b0fe1f15162c9b1decebf1388944bc3cac65f62
phase3_audit_full_v1,exploratory,audit,audit_benchmark,bank_marketing,veto_mavs,specialist_failure,0.05,shadow,2,2,4520,4520,2,996c682696fea37d3416ca2fb96fea4c987a7c0a4fa1ed8af3312b784fe87f9c
phase3_audit_full_v1,exploratory,audit,audit_benchmark,bank_marketing,pure_mavs_gc,specialist_failure,0.05,shadow,2,2,4520,4520,2,454695cbc4589344fbd724d8ebb3fd2b2a5cffc06a919e2f78f8c70740ce9196
phase3_audit_full_v1,exploratory,audit,audit_benchmark,bank_marketing,single_model,specialist_failure,0.1,audit,3,3,6780,0,3,d3b4ec3778767d001d0957547511c0e91b597d84481f3be8c0866ba6e2eb34e8
phase3_audit_full_v1,exploratory,audit,audit_benchmark,bank_marketing,mean_ensemble,specialist_failure,0.1,audit,3,3,6780,0,3,2f3cf5dd83396150f14fe529904746623276d20f896f17a2d0bde6f04559c242
phase3_audit_full_v1,exploratory,audit,audit_benchmark,bank_marketing,static_weighted_ensemble,specialist_failure,0.1,audit,3,3,6780,0,3,f96082f5955230a1cc0b5acf4b7f290e129b34f70cb56348d130bc0a6c1c1d0d
phase3_audit_full_v1,exploratory,audit,audit_benchmark,bank_marketing,veto_mavs,specialist_failure,0.1,audit,3,3,6780,6780,3,fb195fcec98fbb8467a3ce73c0f2029bac3a713559554a6805eb245ade13061b
phase3_audit_full_v1,exploratory,audit,audit_benchmark,bank_marketing,pure_mavs_gc,specialist_failure,0.1,audit,3,3,6780,6780,3,b75943f58dcd7258ae1ed834bb80221a366f2fdc958958fd3bd56053363b0d2f
phase3_audit_full_v1,exploratory,audit,audit_benchmark,bank_marketing,single_model,specialist_failure,0.1,shadow,2,2,4520,0,2,0c91fca69b1d97d42bc588161201e61587d5dad82902bebe097d1ae21dd3e4a7
phase3_audit_full_v1,exploratory,audit,audit_benchmark,bank_marketing,mean_ensemble,specialist_failure,0.1,shadow,2,2,4520,0,2,8d93601371f42b273577ace5f43ab8015a1ea78d94cbc91fcb95d74b6be014f3
phase3_audit_full_v1,exploratory,audit,audit_benchmark,bank_marketing,static_weighted_ensemble,specialist_failure,0.1,shadow,2,2,4520,0,2,b2b55a908ba616c45e75962857541b9cea879915ca494e73ac3ca2d01469a852
phase3_audit_full_v1,exploratory,audit,audit_benchmark,bank_marketing,veto_mavs,specialist_failure,0.1,shadow,2,2,4520,4520,2,79ebd5e52a430575ccba2c03244b10fa20014878585258d9c48f48ca4e8c493a
phase3_audit_full_v1,exploratory,audit,audit_benchmark,bank_marketing,pure_mavs_gc,specialist_failure,0.1,shadow,2,2,4520,4520,2,c7af7b88382d5ff867ca123c8c1a55aa449baa1f7b579f4e8b4da991355545cd
phase3_audit_full_v1,exploratory,audit,audit_benchmark,bank_marketing,single_model,specialist_failure,0.2,audit,3,3,6780,0,3,99bed0bb261afcedaa6afe361c5bbcdf78783085e8737eba2494d96f979d25d5
phase3_audit_full_v1,exploratory,audit,audit_benchmark,bank_marketing,mean_ensemble,specialist_failure,0.2,audit,3,3,6780,0,3,8c5847e91ecdc2c6096e30e05aba1419b679adcbec18a12f4f92f14beba3ca26
phase3_audit_full_v1,exploratory,audit,audit_benchmark,bank_marketing,static_weighted_ensemble,specialist_failure,0.2,audit,3,3,6780,0,3,26ce16ae55bcea1ec1114a4d1ab6c110c3cb5abaa21a60925a39ac154b81d6f6
phase3_audit_full_v1,exploratory,audit,audit_benchmark,bank_marketing,veto_mavs,specialist_failure,0.2,audit,3,3,6780,6780,3,eb38bf8973091d0ffb6d21438bffae9455b98bedbf0965893145f655af849b93
phase3_audit_full_v1,exploratory,audit,audit_benchmark,bank_marketing,pure_mavs_gc,specialist_failure,0.2,audit,3,3,6780,6780,3,1de63f76db2d09eba10df1e4dbbd55bf7e50e2628340aa2213c6d30fe6bfa796
phase3_audit_full_v1,exploratory,audit,audit_benchmark,bank_marketing,single_model,specialist_failure,0.2,shadow,2,2,4520,0,2,9696d5e5050afae46b7879778d63ae670dbcc76512644db7025d554c7f57f559
phase3_audit_full_v1,exploratory,audit,audit_benchmark,bank_marketing,mean_ensemble,specialist_failure,0.2,shadow,2,2,4520,0,2,1ce53ea058c6d2ef07a6054ec3bf7357106da86dbc4eff251c85650d4078f794
phase3_audit_full_v1,exploratory,audit,audit_benchmark,bank_marketing,static_weighted_ensemble,specialist_failure,0.2,shadow,2,2,4520,0,2,3f64f81e27df546bef47614de872c1fb1c80990706a310de79729c18330fb532
phase3_audit_full_v1,exploratory,audit,audit_benchmark,bank_marketing,veto_mavs,specialist_failure,0.2,shadow,2,2,4520,4520,2,1572e87d600d704e2673d7ea59028931d1fd94d1fe23a208bd462168b19f5153
phase3_audit_full_v1,exploratory,audit,audit_benchmark,bank_marketing,pure_mavs_gc,specialist_failure,0.2,shadow,2,2,4520,4520,2,32be8efe6c2dc141052f82f9cfacc98a3d6c0679a50492f5c5fffd6337bd89b3
phase3_audit_full_v1,exploratory,audit,audit_benchmark,bank_marketing,single_model,specialist_failure,0.4,audit,3,3,6780,0,3,2d75182493fca4f1cf039a955ea0994e187e4dc5809d2ee7817cb945bec6cb7c
phase3_audit_full_v1,exploratory,audit,audit_benchmark,bank_marketing,mean_ensemble,specialist_failure,0.4,audit,3,3,6780,0,3,389fd74c34ec6520464d26d2736c4db9da9ae77dea3960990f7398b620ca3a67
phase3_audit_full_v1,exploratory,audit,audit_benchmark,bank_marketing,static_weighted_ensemble,specialist_failure,0.4,audit,3,3,6780,0,3,4c297827c7e0bd1b288280f3c5253a6bc8a067518e0fea039079c42c7c039cf0
phase3_audit_full_v1,exploratory,audit,audit_benchmark,bank_marketing,veto_mavs,specialist_failure,0.4,audit,3,3,6780,6780,3,56131f866c19f16d0b7d17d64ac2d5ec36ab292906b0a81a4c95a613f67cf92a
phase3_audit_full_v1,exploratory,audit,audit_benchmark,bank_marketing,pure_mavs_gc,specialist_failure,0.4,audit,3,3,6780,6780,3,50a6e89b951b98a09d2d1b60bc850f892784ccf0f91086abdde9a672a9f79665
phase3_audit_full_v1,exploratory,audit,audit_benchmark,bank_marketing,single_model,specialist_failure,0.4,shadow,2,2,4520,0,2,fab34b151e43a786dba6134203650a92c7fb636a700f660a4c2c430c967386fa
phase3_audit_full_v1,exploratory,audit,audit_benchmark,bank_marketing,mean_ensemble,specialist_failure,0.4,shadow,2,2,4520,0,2,4b140a815d9ae79af0b98d18de3f7b6cbd7a2ba6610a616c1aa090ca26c4b996
phase3_audit_full_v1,exploratory,audit,audit_benchmark,bank_marketing,static_weighted_ensemble,specialist_failure,0.4,shadow,2,2,4520,0,2,9fb1bef9dbd8cffb990bbc32add3bd6f5bdba4a0ce29ab820c74c3f347d12218
phase3_audit_full_v1,exploratory,audit,audit_benchmark,bank_marketing,veto_mavs,specialist_failure,0.4,shadow,2,2,4520,4520,2,3b5277781a5a965aca0c9ff46e730ca8696af5eda0f5e54e220435d0ea88b8d5
phase3_audit_full_v1,exploratory,audit,audit_benchmark,bank_marketing,pure_mavs_gc,specialist_failure,0.4,shadow,2,2,4520,4520,2,76342f2f9244e00052d9221cd03b37aefb65f24c63fd539e8e4a1c50bfe499f8
phase3_audit_full_v1,exploratory,audit,audit_benchmark,bank_marketing,single_model,specialist_failure,0.6,audit,3,3,6780,0,3,a982ce603010730a838628a171cc6e9a61b48b4ae9d21277ef5d04ed4bc0615e
phase3_audit_full_v1,exploratory,audit,audit_benchmark,bank_marketing,mean_ensemble,specialist_failure,0.6,audit,3,3,6780,0,3,5cccd3049fd946b186fc0db1efa81a2210d07842ee5081044896bbbc7942255a
phase3_audit_full_v1,exploratory,audit,audit_benchmark,bank_marketing,static_weighted_ensemble,specialist_failure,0.6,audit,3,3,6780,0,3,9683cb23c2bd1c0a80b1d2079ec31a6b1ac67f090a129132a01b2f2e68381499
phase3_audit_full_v1,exploratory,audit,audit_benchmark,bank_marketing,veto_mavs,specialist_failure,0.6,audit,3,3,6780,6780,3,4bddbaa9a18c47c0b9a656a859547a9676bebb66096cb3437bf753e9964f3951
phase3_audit_full_v1,exploratory,audit,audit_benchmark,bank_marketing,pure_mavs_gc,specialist_failure,0.6,audit,3,3,6780,6780,3,825ebc25c2c2f88226ed209cc97c94027810baf8234ca6a1056bb15843290019
phase3_audit_full_v1,exploratory,audit,audit_benchmark,bank_marketing,single_model,specialist_failure,0.6,shadow,2,2,4520,0,2,eff81245394729dd833947a3a61f2c0143ce3dd0e4273ff3f80f623d2c60578f
phase3_audit_full_v1,exploratory,audit,audit_benchmark,bank_marketing,mean_ensemble,specialist_failure,0.6,shadow,2,2,4520,0,2,95f13455a8d96414e7b2f63a80bc4d8fb2838d9032625f404156bfc35b55e0b6
phase3_audit_full_v1,exploratory,audit,audit_benchmark,bank_marketing,static_weighted_ensemble,specialist_failure,0.6,shadow,2,2,4520,0,2,d325e09d13f5a21e8d66ae9fce8bb5151a2e4e31ed557c5cc2fcdb254e38ea5a
phase3_audit_full_v1,exploratory,audit,audit_benchmark,bank_marketing,veto_mavs,specialist_failure,0.6,shadow,2,2,4520,4520,2,b0d44d60b9d72777e53db1a70dd20f329f56f47c50b3e6f5798cb07f73bc181b
phase3_audit_full_v1,exploratory,audit,audit_benchmark,bank_marketing,pure_mavs_gc,specialist_failure,0.6,shadow,2,2,4520,4520,2,d49aaae2699a97eb6a1ebea8e076b4be971a2128569db4cf8b92e455208267f1
phase3_audit_full_v1,exploratory,audit,audit_benchmark,bank_marketing,single_model,specialist_failure,0.8,audit,3,3,6780,0,3,d9aa5a2767d0bdb54cf0fa813dc508226123eb058aa5115d2ef4c7ee03150b26
phase3_audit_full_v1,exploratory,audit,audit_benchmark,bank_marketing,mean_ensemble,specialist_failure,0.8,audit,3,3,6780,0,3,82767d2bb701d444615f8e085a69ec20dcbcd6e14ff21991c0e4cd4163a23bf1
phase3_audit_full_v1,exploratory,audit,audit_benchmark,bank_marketing,static_weighted_ensemble,specialist_failure,0.8,audit,3,3,6780,0,3,4c2e42d3365fd8ce9d22546e98c10b6d753062f8e765f8ce4c5f3ff4dbc7cb52
phase3_audit_full_v1,exploratory,audit,audit_benchmark,bank_marketing,veto_mavs,specialist_failure,0.8,audit,3,3,6780,6780,3,94ceb23e29ee911d8445b35d983628b5a743cb55ba74a874fe508888bed18b8b
phase3_audit_full_v1,exploratory,audit,audit_benchmark,bank_marketing,pure_mavs_gc,specialist_failure,0.8,audit,3,3,6780,6780,3,d39cdd4dea64eec6add9e1dd466b827a29499fd7c44d01e19fb9d82dbeee4be7
phase3_audit_full_v1,exploratory,audit,audit_benchmark,bank_marketing,single_model,specialist_failure,0.8,shadow,2,2,4520,0,2,96cdb477765bb4d47d2fda9565d80b923034b93c6ab1eaa2c6e381306bfe2053
phase3_audit_full_v1,exploratory,audit,audit_benchmark,bank_marketing,mean_ensemble,specialist_failure,0.8,shadow,2,2,4520,0,2,aa1195f11083c28fb1beecd0d6a67b38b5cb6d66d27889c506cabea861da0c96
phase3_audit_full_v1,exploratory,audit,audit_benchmark,bank_marketing,static_weighted_ensemble,specialist_failure,0.8,shadow,2,2,4520,0,2,dbc2f8a7c6c95e81eb338ef321ceec94c128e7b1008d655136b1a6e909829b91
phase3_audit_full_v1,exploratory,audit,audit_benchmark,bank_marketing,veto_mavs,specialist_failure,0.8,shadow,2,2,4520,4520,2,45dbe586cd28b893da0759e27481e1557010ecc970663a66f5c713b646bd6c20
phase3_audit_full_v1,exploratory,audit,audit_benchmark,bank_marketing,pure_mavs_gc,specialist_failure,0.8,shadow,2,2,4520,4520,2,a6864e586a73bd6e76fa99d3c95671a0a3d35d873085f349ed60787cf9f8f528
phase3_audit_full_v1,exploratory,audit,audit_benchmark,bank_marketing,single_model,specialist_failure,1.0,audit,3,3,6780,0,3,956e4ab7d509529a3b59ddb374b6d2a9a0d41deaefb308f03da6da3d54b7bda1
phase3_audit_full_v1,exploratory,audit,audit_benchmark,bank_marketing,mean_ensemble,specialist_failure,1.0,audit,3,3,6780,0,3,15a6af41aede8566d6bda8a176eeb071b96344f4c7dbe969f8913401692e600a
phase3_audit_full_v1,exploratory,audit,audit_benchmark,bank_marketing,static_weighted_ensemble,specialist_failure,1.0,audit,3,3,6780,0,3,edb30864181f73c42efb719828cd267dd55f849d466a4a9576fa48648a7d7c5f
phase3_audit_full_v1,exploratory,audit,audit_benchmark,bank_marketing,veto_mavs,specialist_failure,1.0,audit,3,3,6780,6780,3,fa57a88a792238f109eebba15ddce829e5e6f4d6aeac8038633abdbecaf6a918
phase3_audit_full_v1,exploratory,audit,audit_benchmark,bank_marketing,pure_mavs_gc,specialist_failure,1.0,audit,3,3,6780,6780,3,8e21dcf41300b7e5613a805b47b622b94ca5cb78b17c746c2a95d9bf863c9bbb
phase3_audit_full_v1,exploratory,audit,audit_benchmark,bank_marketing,single_model,specialist_failure,1.0,shadow,2,2,4520,0,2,5c9173f9902bada8b3c84d8461d2ee3e0345a7cb2f6f8a7ccd6fc22c90342852
phase3_audit_full_v1,exploratory,audit,audit_benchmark,bank_marketing,mean_ensemble,specialist_failure,1.0,shadow,2,2,4520,0,2,df14235b35ae921cff6ec600476b801152caf4af6186f463ee4aeed1387e8974
phase3_audit_full_v1,exploratory,audit,audit_benchmark,bank_marketing,static_weighted_ensemble,specialist_failure,1.0,shadow,2,2,4520,0,2,b80152fd8d8ce81e7d0524418ad38316196e85096f243c6628a3b119f8c1e516
phase3_audit_full_v1,exploratory,audit,audit_benchmark,bank_marketing,veto_mavs,specialist_failure,1.0,shadow,2,2,4520,4520,2,3ab6663c3f47a49c06f970e35a8f46102f2b30c18d90779b3be5c6da97e61791
phase3_audit_full_v1,exploratory,audit,audit_benchmark,bank_marketing,pure_mavs_gc,specialist_failure,1.0,shadow,2,2,4520,4520,2,563c389bb8463dc5d258bcf23ffb5b3096c274ae5f68d29cea90e47f8cdb1c97
