run_id,run_mode,split_label,split,dataset_id,system_id,corruption_family,corruption_level,seed_role,seed_count,system_run_count,prediction_rows,trace_rows,prediction_artifact_count,aggregate_hash
phase3_locked_full_v1,exploratory,locked,locked_benchmark,breast_cancer_wisconsin,single_model,feature_noise,0.0,primary,3,3,171,0,3,e99f169c862e15443f238b31b1ced4b34be5dc56d8c921e202276bfa7b92c777
phase3_locked_full_v1,exploratory,locked,locked_benchmark,breast_cancer_wisconsin,mean_ensemble,feature_noise,0.0,primary,3,3,171,0,3,4008f77067da791d511a710b15850874ef117aa69feb42697bfd68773d195f3e
phase3_locked_full_v1,exploratory,locked,locked_benchmark,breast_cancer_wisconsin,static_weighted_ensemble,feature_noise,0.0,primary,3,3,171,0,3,0ed26d40311adf025e06af5c26d904b7c3caf33a1870f84860e4e936c891911c
phase3_locked_full_v1,exploratory,locked,locked_benchmark,breast_cancer_wisconsin,veto_mavs,feature_noise,0.0,primary,3,3,171,171,3,0e5c5e287b2ca66921cadfcc01d5092c52af7bbe4ac2770cd7b116a72efe6e05
phase3_locked_full_v1,exploratory,locked,locked_benchmark,breast_cancer_wisconsin,pure_mavs_gc,feature_noise,0.0,primary,3,3,171,171,3,056d529a1399a915bccfeec15038ec2e7742f3350f3e52a95afd37c6bdd5827a
phase3_locked_full_v1,exploratory,locked,locked_benchmark,breast_cancer_wisconsin,single_model,feature_noise,0.0,shadow,2,2,114,0,2,47e01d2b7fe93824952dbf60bd8a6311fd0c0f2a0b4a5b7a4d29dc7619aa09b0
phase3_locked_full_v1,exploratory,locked,locked_benchmark,breast_cancer_wisconsin,mean_ensemble,feature_noise,0.0,shadow,2,2,114,0,2,886b8a4cd2b3d02475cec92d68248b24e9e2da8c6737828d257df0ab06f1b7a7
phase3_locked_full_v1,exploratory,locked,locked_benchmark,breast_cancer_wisconsin,static_weighted_ensemble,feature_noise,0.0,shadow,2,2,114,0,2,98408d219ceeb7d8fbf6e70a264a14a4114d5289c093b7f745923900cf7d31f3
phase3_locked_full_v1,exploratory,locked,locked_benchmark,breast_cancer_wisconsin,veto_mavs,feature_noise,0.0,shadow,2,2,114,114,2,91f23bb75434b7060b745a931b601e0637bf6ddd58cfb3a022368ae9a0c58982
phase3_locked_full_v1,exploratory,locked,locked_benchmark,breast_cancer_wisconsin,pure_mavs_gc,feature_noise,0.0,shadow,2,2,114,114,2,47906aa76303d3ca40e2943cd7dec857f10640d79a559f0e02cea69b793e57c3
phase3_locked_full_v1,exploratory,locked,locked_benchmark,breast_cancer_wisconsin,single_model,feature_noise,0.05,primary,3,3,171,0,3,e8eccea99f7309bea02903ab682b35166ceb5f0d537a3670c9fe28d58cc1266d
phase3_locked_full_v1,exploratory,locked,locked_benchmark,breast_cancer_wisconsin,mean_ensemble,feature_noise,0.05,primary,3,3,171,0,3,98b4d813218e4bcce195694b181a4bf6fa9ab7b4675495210b061d60f4fd6291
phase3_locked_full_v1,exploratory,locked,locked_benchmark,breast_cancer_wisconsin,static_weighted_ensemble,feature_noise,0.05,primary,3,3,171,0,3,4b7c1406b78831e3410ca975c4a0d93d38859ed21e93bd8b031e9bd79979e42c
phase3_locked_full_v1,exploratory,locked,locked_benchmark,breast_cancer_wisconsin,veto_mavs,feature_noise,0.05,primary,3,3,171,171,3,28b1a9981d9aa80adf3b44d61f35ad26f2c9d4c75e3a4045fa10ccfcaffed200
phase3_locked_full_v1,exploratory,locked,locked_benchmark,breast_cancer_wisconsin,pure_mavs_gc,feature_noise,0.05,primary,3,3,171,171,3,0fe205188b27e981e4da61cf75df0fc5efdf8be604923e4b8df4b387ebded7e1
phase3_locked_full_v1,exploratory,locked,locked_benchmark,breast_cancer_wisconsin,single_model,feature_noise,0.05,shadow,2,2,114,0,2,5a209c860aab1127325ce3d1bdec376459f8f7086f38c12bbe9c5ab9ec008a76
phase3_locked_full_v1,exploratory,locked,locked_benchmark,breast_cancer_wisconsin,mean_ensemble,feature_noise,0.05,shadow,2,2,114,0,2,ebc2a649e12b2902db40234799cde324d3d038191f087ab5a3f4a4f0fc18a855
phase3_locked_full_v1,exploratory,locked,locked_benchmark,breast_cancer_wisconsin,static_weighted_ensemble,feature_noise,0.05,shadow,2,2,114,0,2,3f6431b46a79fad17aad114c15bccd4482b3b45ec4b4a8a2f576249e3acccfe7
phase3_locked_full_v1,exploratory,locked,locked_benchmark,breast_cancer_wisconsin,veto_mavs,feature_noise,0.05,shadow,2,2,114,114,2,665c29feccb2d11df1d8f4224074d73c96b22031d3a54c1de0630148175d85d4
phase3_locked_full_v1,exploratory,locked,locked_benchmark,breast_cancer_wisconsin,pure_mavs_gc,feature_noise,0.05,shadow,2,2,114,114,2,f4a48cdd559c45a58b87a26b10a7d96f2ed58b5f587d1b2b2facc973694ecbe2
phase3_locked_full_v1,exploratory,locked,locked_benchmark,breast_cancer_wisconsin,single_model,feature_noise,0.1,primary,3,3,171,0,3,c0867d7c416ef2c5defd64ff05b8e738f445b71f2f471b33ef689042bbbb1958
phase3_locked_full_v1,exploratory,locked,locked_benchmark,breast_cancer_wisconsin,mean_ensemble,feature_noise,0.1,primary,3,3,171,0,3,e240e6a9ea327938a2f5351496b9c7e85488688ee8def8d2aa886ffdca1ff821
phase3_locked_full_v1,exploratory,locked,locked_benchmark,breast_cancer_wisconsin,static_weighted_ensemble,feature_noise,0.1,primary,3,3,171,0,3,1527630e9fbfa713a01e2b21e3cae1cb5dae2dbd6f4936a94e186a344763cf0f
phase3_locked_full_v1,exploratory,locked,locked_benchmark,breast_cancer_wisconsin,veto_mavs,feature_noise,0.1,primary,3,3,171,171,3,cac669de75437a4ca8754941a54831958d6fc6168e31e33b32e8529f99cebb5d
phase3_locked_full_v1,exploratory,locked,locked_benchmark,breast_cancer_wisconsin,pure_mavs_gc,feature_noise,0.1,primary,3,3,171,171,3,b3c91d59393f0cff5f4d741333fecaa30aabfd10c9d9814ca840fc0f296e972a
phase3_locked_full_v1,exploratory,locked,locked_benchmark,breast_cancer_wisconsin,single_model,feature_noise,0.1,shadow,2,2,114,0,2,fe326a2bdf8ca9d4ea59bbdf8268ce95797c56130e157afcf00df1fdba9933cd
phase3_locked_full_v1,exploratory,locked,locked_benchmark,breast_cancer_wisconsin,mean_ensemble,feature_noise,0.1,shadow,2,2,114,0,2,d1b70fe9141fb2ff0eb741354e42dedc7857b5264297c234286954b2330cc959
phase3_locked_full_v1,exploratory,locked,locked_benchmark,breast_cancer_wisconsin,static_weighted_ensemble,feature_noise,0.1,shadow,2,2,114,0,2,cc7c6fbdb8d88380ebf842b8fbc1135aab7b2b46f22849934efdf6e96c968759
phase3_locked_full_v1,exploratory,locked,locked_benchmark,breast_cancer_wisconsin,veto_mavs,feature_noise,0.1,shadow,2,2,114,114,2,dae09d7c2d06ae29b1e5442924ea29b815bb32b7533e8710217bf66572295fe4
phase3_locked_full_v1,exploratory,locked,locked_benchmark,breast_cancer_wisconsin,pure_mavs_gc,feature_noise,0.1,shadow,2,2,114,114,2,99a1eb2c72e042697a4d07816b239768f997993552e660acb6279c7748959841
phase3_locked_full_v1,exploratory,locked,locked_benchmark,breast_cancer_wisconsin,single_model,feature_noise,0.2,primary,3,3,171,0,3,9f1e38858aadbdc099a4b252422806c2b93eef60c7c2bb86737ce0a248065ac8
phase3_locked_full_v1,exploratory,locked,locked_benchmark,breast_cancer_wisconsin,mean_ensemble,feature_noise,0.2,primary,3,3,171,0,3,a3e9492255187fbeeed9fe240ce82e9df5a015c931b1bc235e805af7b4b77a0b
phase3_locked_full_v1,exploratory,locked,locked_benchmark,breast_cancer_wisconsin,static_weighted_ensemble,feature_noise,0.2,primary,3,3,171,0,3,e580120074eff35de4c8d7be41f51b04070493247d77b8e6e0d47f848a437156
phase3_locked_full_v1,exploratory,locked,locked_benchmark,breast_cancer_wisconsin,veto_mavs,feature_noise,0.2,primary,3,3,171,171,3,cdc4cd851831158ad45980da4d23f2d72c92e6f674e1d0d3d42ad32354e89f50
phase3_locked_full_v1,exploratory,locked,locked_benchmark,breast_cancer_wisconsin,pure_mavs_gc,feature_noise,0.2,primary,3,3,171,171,3,b30c0345d83e4efa1fd7a8b496c1d9ae95f4eec6ed1de3ddf98999ca89e5cad1
phase3_locked_full_v1,exploratory,locked,locked_benchmark,breast_cancer_wisconsin,single_model,feature_noise,0.2,shadow,2,2,114,0,2,3c28c4380fff32c65859f0fdfd6a5b254c71bb5dfa1f949c96c41a9ffb448bc5
phase3_locked_full_v1,exploratory,locked,locked_benchmark,breast_cancer_wisconsin,mean_ensemble,feature_noise,0.2,shadow,2,2,114,0,2,c049a383fa90fb2fbca63218951cfc76841994aa43414100c45cf262756c6217
phase3_locked_full_v1,exploratory,locked,locked_benchmark,breast_cancer_wisconsin,static_weighted_ensemble,feature_noise,0.2,shadow,2,2,114,0,2,6240b42bc49a59111c0718a7a35379d9bc92c9d7b78859800a289d710d5e96ea
phase3_locked_full_v1,exploratory,locked,locked_benchmark,breast_cancer_wisconsin,veto_mavs,feature_noise,0.2,shadow,2,2,114,114,2,237b4b9835c0bfd6184c1b1ff1fbec7349c99a0318e4937b872548ce2989a3ec
phase3_locked_full_v1,exploratory,locked,locked_benchmark,breast_cancer_wisconsin,pure_mavs_gc,feature_noise,0.2,shadow,2,2,114,114,2,c3ac1b5ebc977c541ad8b4557bdc0b8c01fabcd2f2fce349c84b230442afbf8d
phase3_locked_full_v1,exploratory,locked,locked_benchmark,breast_cancer_wisconsin,single_model,feature_noise,0.4,primary,3,3,171,0,3,570de07503c03c6dfe9585c691a34851709c37c585ad0347f22289e5e8afdddb
phase3_locked_full_v1,exploratory,locked,locked_benchmark,breast_cancer_wisconsin,mean_ensemble,feature_noise,0.4,primary,3,3,171,0,3,f6d60bba0f3e56fe0cff4263e0f9136bc19a09882bcbabf6b2644ed23a774f80
phase3_locked_full_v1,exploratory,locked,locked_benchmark,breast_cancer_wisconsin,static_weighted_ensemble,feature_noise,0.4,primary,3,3,171,0,3,225b1528f7aec56331c652c2e0b861b94089c4be92a2e207cf7c102c3cd4d012
phase3_locked_full_v1,exploratory,locked,locked_benchmark,breast_cancer_wisconsin,veto_mavs,feature_noise,0.4,primary,3,3,171,171,3,0f092c405f6892557d2294c15bc8589e664b2de2c79877e6a9138e0e68ee3b27
phase3_locked_full_v1,exploratory,locked,locked_benchmark,breast_cancer_wisconsin,pure_mavs_gc,feature_noise,0.4,primary,3,3,171,171,3,1afaaeacea62d6d1432c63956371e4b120b19c47a1a35d9b7336604032f93277
phase3_locked_full_v1,exploratory,locked,locked_benchmark,breast_cancer_wisconsin,single_model,feature_noise,0.4,shadow,2,2,114,0,2,424427def63fd66d604cd7db6d9c6a71fdf81979bab4a26bf2bea1a335b7db0a
phase3_locked_full_v1,exploratory,locked,locked_benchmark,breast_cancer_wisconsin,mean_ensemble,feature_noise,0.4,shadow,2,2,114,0,2,8576d12911b9dee114be0a4ca0863a3c10c129ca5f8f5bdf1ec07c3f21b0d999
phase3_locked_full_v1,exploratory,locked,locked_benchmark,breast_cancer_wisconsin,static_weighted_ensemble,feature_noise,0.4,shadow,2,2,114,0,2,36615d17681a5a776e66ae33ffe8a6f37b4c2cba22aa9c270a5cfe892c898a45
phase3_locked_full_v1,exploratory,locked,locked_benchmark,breast_cancer_wisconsin,veto_mavs,feature_noise,0.4,shadow,2,2,114,114,2,bc85b450e90301084bc96921c4e54568ed14dd4e8372f4f1021e2e8009e18550
phase3_locked_full_v1,exploratory,locked,locked_benchmark,breast_cancer_wisconsin,pure_mavs_gc,feature_noise,0.4,shadow,2,2,114,114,2,eb6cdd4d422227260d6f3a00fb811f95bafdf8bd1eb0575527a5dd4a31eab1b7
phase3_locked_full_v1,exploratory,locked,locked_benchmark,breast_cancer_wisconsin,single_model,feature_noise,0.6,primary,3,3,171,0,3,ab5402a49a7604a5d13b8807d03de7965a4eb73167a7acb8be8b1af4c6d9fc34
phase3_locked_full_v1,exploratory,locked,locked_benchmark,breast_cancer_wisconsin,mean_ensemble,feature_noise,0.6,primary,3,3,171,0,3,750b9089a65af41c46fe82814b0c5b72283fa0f566da91945d7f2c7fa5319751
phase3_locked_full_v1,exploratory,locked,locked_benchmark,breast_cancer_wisconsin,static_weighted_ensemble,feature_noise,0.6,primary,3,3,171,0,3,f90559e3709ea1737df91b11e8fcfc36a56d64a26d168fd969ca51b7a473e3a1
phase3_locked_full_v1,exploratory,locked,locked_benchmark,breast_cancer_wisconsin,veto_mavs,feature_noise,0.6,primary,3,3,171,171,3,6af1ecd36fe3409220297cfd3bab1e0f3b93fed0f3bff4440f920ac116f79e4c
phase3_locked_full_v1,exploratory,locked,locked_benchmark,breast_cancer_wisconsin,pure_mavs_gc,feature_noise,0.6,primary,3,3,171,171,3,7432f0615152dbfeb489aabf0900441b51e9a4181a3f4dacbded400806e15659
phase3_locked_full_v1,exploratory,locked,locked_benchmark,breast_cancer_wisconsin,single_model,feature_noise,0.6,shadow,2,2,114,0,2,1d5bfd25f79846f486771dcad6f14f96285d33e323894b677c072380ba8083db
phase3_locked_full_v1,exploratory,locked,locked_benchmark,breast_cancer_wisconsin,mean_ensemble,feature_noise,0.6,shadow,2,2,114,0,2,f2689692641053ce69f2b5780698d4fb387658b66aceed5171029f4655e0b34b
phase3_locked_full_v1,exploratory,locked,locked_benchmark,breast_cancer_wisconsin,static_weighted_ensemble,feature_noise,0.6,shadow,2,2,114,0,2,275b3c86c7811a686f223ef821f33f9cd18139c3c40083e2e5c203e61165242f
phase3_locked_full_v1,exploratory,locked,locked_benchmark,breast_cancer_wisconsin,veto_mavs,feature_noise,0.6,shadow,2,2,114,114,2,e91a3e4521b9685998bc1ad15b8817cc47db13e31ad670b0ddcd3e8d31421626
phase3_locked_full_v1,exploratory,locked,locked_benchmark,breast_cancer_wisconsin,pure_mavs_gc,feature_noise,0.6,shadow,2,2,114,114,2,2dc493786ccb038eb4477d10c894f09a9db595755b1094dc9aea5c616527bf49
phase3_locked_full_v1,exploratory,locked,locked_benchmark,breast_cancer_wisconsin,single_model,feature_noise,0.8,primary,3,3,171,0,3,d639b14090ad7b8319413b0d1cd8354a3c56f886eba715c8d1468a0ebe012f90
phase3_locked_full_v1,exploratory,locked,locked_benchmark,breast_cancer_wisconsin,mean_ensemble,feature_noise,0.8,primary,3,3,171,0,3,a1e2656fcb4bc7cf70af1ed5d5279b1581d7bc5708bafd2c55169f1525110e03
phase3_locked_full_v1,exploratory,locked,locked_benchmark,breast_cancer_wisconsin,static_weighted_ensemble,feature_noise,0.8,primary,3,3,171,0,3,f9475ee49c2704b8d254265485db501ff2909dc4f4e172235945bf458d7410b1
phase3_locked_full_v1,exploratory,locked,locked_benchmark,breast_cancer_wisconsin,veto_mavs,feature_noise,0.8,primary,3,3,171,171,3,90f031d1ba6be80fa1c5a974bb7e1f5f23d1c73e0c1aac2969a6748aca5536a8
phase3_locked_full_v1,exploratory,locked,locked_benchmark,breast_cancer_wisconsin,pure_mavs_gc,feature_noise,0.8,primary,3,3,171,171,3,52e7f088fa16b5e4eb1c94487807ae9bd6334550ba43a983f3295069998d2a68
phase3_locked_full_v1,exploratory,locked,locked_benchmark,breast_cancer_wisconsin,single_model,feature_noise,0.8,shadow,2,2,114,0,2,c01520f042bbd7622ecdd615f420e6d8943afc4610f73674ce7b9eabddfff526
phase3_locked_full_v1,exploratory,locked,locked_benchmark,breast_cancer_wisconsin,mean_ensemble,feature_noise,0.8,shadow,2,2,114,0,2,17ef92efabf82592b557e85180509afad2a109e8f0c5582769ddd72edcb2603b
phase3_locked_full_v1,exploratory,locked,locked_benchmark,breast_cancer_wisconsin,static_weighted_ensemble,feature_noise,0.8,shadow,2,2,114,0,2,1d5950bf8d0ca8effff41fec3092d7d82f1421d1f56710e7783c6bf7efee49bf
phase3_locked_full_v1,exploratory,locked,locked_benchmark,breast_cancer_wisconsin,veto_mavs,feature_noise,0.8,shadow,2,2,114,114,2,ef2c8aebc54bedd133f36fd36428e7cee85b9be0f59a97a2428529906a1fc079
phase3_locked_full_v1,exploratory,locked,locked_benchmark,breast_cancer_wisconsin,pure_mavs_gc,feature_noise,0.8,shadow,2,2,114,114,2,a2c1e76081b2a371c18825a38cd515c435c76d3f27f18b9fea0782303311db2e
phase3_locked_full_v1,exploratory,locked,locked_benchmark,breast_cancer_wisconsin,single_model,feature_noise,1.0,primary,3,3,171,0,3,e5d0934fc321d0b62c8b064fe4f06b6509b10ff18a382582888d9142c67cc903
phase3_locked_full_v1,exploratory,locked,locked_benchmark,breast_cancer_wisconsin,mean_ensemble,feature_noise,1.0,primary,3,3,171,0,3,c3432df87b43f014a34b0b88c58c7555d2f8fd32aa19c2c889e30ece34eeede3
phase3_locked_full_v1,exploratory,locked,locked_benchmark,breast_cancer_wisconsin,static_weighted_ensemble,feature_noise,1.0,primary,3,3,171,0,3,f77297c30fe294f8e20500b7d3b980b2eceb5cbda1618addcda692767b0f0e73
phase3_locked_full_v1,exploratory,locked,locked_benchmark,breast_cancer_wisconsin,veto_mavs,feature_noise,1.0,primary,3,3,171,171,3,a5c7c141dbdcfa03af6a918a2a4841621fccd1080cbddaffd7aa62f27574106e
phase3_locked_full_v1,exploratory,locked,locked_benchmark,breast_cancer_wisconsin,pure_mavs_gc,feature_noise,1.0,primary,3,3,171,171,3,ecaf7cc605d8652bd26aa22835c9b01be468d6a85e33cab029482cc77b3943cb
phase3_locked_full_v1,exploratory,locked,locked_benchmark,breast_cancer_wisconsin,single_model,feature_noise,1.0,shadow,2,2,114,0,2,8c7d05e4d49520d2bf5b7821e59d188ba81747375ab90f021f31d2e84a5800eb
phase3_locked_full_v1,exploratory,locked,locked_benchmark,breast_cancer_wisconsin,mean_ensemble,feature_noise,1.0,shadow,2,2,114,0,2,a55999b470666044a522dfdd2e7f652533fe24dc9e5c130ccf62f5cad881ae20
phase3_locked_full_v1,exploratory,locked,locked_benchmark,breast_cancer_wisconsin,static_weighted_ensemble,feature_noise,1.0,shadow,2,2,114,0,2,6a038c7491caa4cf27bb26082b1ae64b95bc7ac52aecc69de375febff903952d
phase3_locked_full_v1,exploratory,locked,locked_benchmark,breast_cancer_wisconsin,veto_mavs,feature_noise,1.0,shadow,2,2,114,114,2,5ad9ba544f980ee6eb6cee69ab6c18dea66e90c54316d1d5edb63340b6824137
phase3_locked_full_v1,exploratory,locked,locked_benchmark,breast_cancer_wisconsin,pure_mavs_gc,feature_noise,1.0,shadow,2,2,114,114,2,bdf5cd7f16af7075b80401f61b22150aeb099c0547a4d3ce43ac2fbd71c97d9f
phase3_locked_full_v1,exploratory,locked,locked_benchmark,breast_cancer_wisconsin,single_model,missing_features,0.0,primary,3,3,171,0,3,74c8541a9c38896f36d251a795a768ee0607002329337dabc19028e7b91bae48
phase3_locked_full_v1,exploratory,locked,locked_benchmark,breast_cancer_wisconsin,mean_ensemble,missing_features,0.0,primary,3,3,171,0,3,acaa9aa0cb917413f411c0afc4f10f443d9bd3a5e88371ac3d9c3d591b4cd3df
phase3_locked_full_v1,exploratory,locked,locked_benchmark,breast_cancer_wisconsin,static_weighted_ensemble,missing_features,0.0,primary,3,3,171,0,3,139d0768c88a28c97e6948eb9d4cd3508df6051700b197cb2026c32f2b4d348c
phase3_locked_full_v1,exploratory,locked,locked_benchmark,breast_cancer_wisconsin,veto_mavs,missing_features,0.0,primary,3,3,171,171,3,4b8ee72f7e624b539027e4ec586e98384fa8b00d2d137786a9902d267cad58c2
phase3_locked_full_v1,exploratory,locked,locked_benchmark,breast_cancer_wisconsin,pure_mavs_gc,missing_features,0.0,primary,3,3,171,171,3,999d2480b52cae50c25762d2e5dac7ea705d951a05f2df85cbbe7a8f8b6eb3a3
phase3_locked_full_v1,exploratory,locked,locked_benchmark,breast_cancer_wisconsin,single_model,missing_features,0.0,shadow,2,2,114,0,2,7df1beda81486354e1f74bcd2fa2908272da5fd5ecd438d4c6e38cbaf3314157
phase3_locked_full_v1,exploratory,locked,locked_benchmark,breast_cancer_wisconsin,mean_ensemble,missing_features,0.0,shadow,2,2,114,0,2,cb872351471a6d087efc3132f7cf37ab9c5a0ff4150c82bde649069b4ba621ff
phase3_locked_full_v1,exploratory,locked,locked_benchmark,breast_cancer_wisconsin,static_weighted_ensemble,missing_features,0.0,shadow,2,2,114,0,2,2a7bf5c0c38dd4015efd6c8a8e71466b2929e0201ef781232703b64f6e18d8b9
phase3_locked_full_v1,exploratory,locked,locked_benchmark,breast_cancer_wisconsin,veto_mavs,missing_features,0.0,shadow,2,2,114,114,2,71b6e3382585440ce1059a4426d9f3e79e69417099329a1e1695219a9aad9b00
phase3_locked_full_v1,exploratory,locked,locked_benchmark,breast_cancer_wisconsin,pure_mavs_gc,missing_features,0.0,shadow,2,2,114,114,2,b8350559a52bad082a4ee73dd3b9340ce642e6d393ba9cf03f9a75206cb0cc83
phase3_locked_full_v1,exploratory,locked,locked_benchmark,breast_cancer_wisconsin,single_model,missing_features,0.05,primary,3,3,171,0,3,2f829bc00997cf98fa038149494a75b104be809c68eeceb22a57b2ef3c286dc2
phase3_locked_full_v1,exploratory,locked,locked_benchmark,breast_cancer_wisconsin,mean_ensemble,missing_features,0.05,primary,3,3,171,0,3,78df9b06ba9d137d5cd3b34a704cc21e520184153a62bf34aa37327914e1c95d
phase3_locked_full_v1,exploratory,locked,locked_benchmark,breast_cancer_wisconsin,static_weighted_ensemble,missing_features,0.05,primary,3,3,171,0,3,84d300089eaa1dcb5eb4c0b7413bdf54f70069549ed1850a8c46198c7c0460ef
phase3_locked_full_v1,exploratory,locked,locked_benchmark,breast_cancer_wisconsin,veto_mavs,missing_features,0.05,primary,3,3,171,171,3,7f0c214248b48985491a2c1933a9d02762f00c214aae69096f71246bb5c12084
phase3_locked_full_v1,exploratory,locked,locked_benchmark,breast_cancer_wisconsin,pure_mavs_gc,missing_features,0.05,primary,3,3,171,171,3,12922c11e5883b35ff2a0fe0b1af1d1e47b44f7bf6bedc76a93907f737216f79
phase3_locked_full_v1,exploratory,locked,locked_benchmark,breast_cancer_wisconsin,single_model,missing_features,0.05,shadow,2,2,114,0,2,cdbfca3bfc5954bcef04e63b542fa056798cc716dac037b16881f93802f2d9a3
phase3_locked_full_v1,exploratory,locked,locked_benchmark,breast_cancer_wisconsin,mean_ensemble,missing_features,0.05,shadow,2,2,114,0,2,61071ba34a6b8726522ded82ba50a28dc407e498db504ce2a386a19065b9e977
phase3_locked_full_v1,exploratory,locked,locked_benchmark,breast_cancer_wisconsin,static_weighted_ensemble,missing_features,0.05,shadow,2,2,114,0,2,6316bce1dd7768e07cd6d7a6f09e2dad111592ac1e21fe21cc94a15d6174dcb5
phase3_locked_full_v1,exploratory,locked,locked_benchmark,breast_cancer_wisconsin,veto_mavs,missing_features,0.05,shadow,2,2,114,114,2,88f675b29e446f9fd52f403ebe5dcb5d6ed68de0016ab1c775fd7d4bd1fb83ec
phase3_locked_full_v1,exploratory,locked,locked_benchmark,breast_cancer_wisconsin,pure_mavs_gc,missing_features,0.05,shadow,2,2,114,114,2,e21ac0d4f6f61b7ff1049cbca17551794a5bc199cde3822c7124174c6c531e42
phase3_locked_full_v1,exploratory,locked,locked_benchmark,breast_cancer_wisconsin,single_model,missing_features,0.1,primary,3,3,171,0,3,a1d7f12eada8742a5b29bf701f00b6fa73bb21cf832dff7f96428e723a3c47b6
phase3_locked_full_v1,exploratory,locked,locked_benchmark,breast_cancer_wisconsin,mean_ensemble,missing_features,0.1,primary,3,3,171,0,3,ed7844dac4208dd8b894d6c9c82668e5b8ceec109edcb6d4bf926eabfb871a80
phase3_locked_full_v1,exploratory,locked,locked_benchmark,breast_cancer_wisconsin,static_weighted_ensemble,missing_features,0.1,primary,3,3,171,0,3,decde79b9b40b4772360ae9b4574e5f495811499af28cfd93430eb58bb1d9fdf
phase3_locked_full_v1,exploratory,locked,locked_benchmark,breast_cancer_wisconsin,veto_mavs,missing_features,0.1,primary,3,3,171,171,3,d06c2e51d3d9a0907a24d2ad3d25abacacd4691caab98ce38e6747c10d82e0b1
phase3_locked_full_v1,exploratory,locked,locked_benchmark,breast_cancer_wisconsin,pure_mavs_gc,missing_features,0.1,primary,3,3,171,171,3,967216948867a9f1d9b3f443ff292959ea32554c0444d1c98f83889bdc72e4ef
phase3_locked_full_v1,exploratory,locked,locked_benchmark,breast_cancer_wisconsin,single_model,missing_features,0.1,shadow,2,2,114,0,2,7bd937222ac9ec5f6d84fc90bd1fe49dfc89c9173e53efa582684b6a7f72af95
phase3_locked_full_v1,exploratory,locked,locked_benchmark,breast_cancer_wisconsin,mean_ensemble,missing_features,0.1,shadow,2,2,114,0,2,a47219c31e28c21cf080b998d3757312c600c93acfa3383a322de285b3b5e025
phase3_locked_full_v1,exploratory,locked,locked_benchmark,breast_cancer_wisconsin,static_weighted_ensemble,missing_features,0.1,shadow,2,2,114,0,2,667fcfd390dc111722984d8c85298dbd08d83e1c9635198014ac538202739710
phase3_locked_full_v1,exploratory,locked,locked_benchmark,breast_cancer_wisconsin,veto_mavs,missing_features,0.1,shadow,2,2,114,114,2,191d1c1cbb9b299199eaa130d062d44c7050c5bac4a30e4922b0795ba406b408
phase3_locked_full_v1,exploratory,locked,locked_benchmark,breast_cancer_wisconsin,pure_mavs_gc,missing_features,0.1,shadow,2,2,114,114,2,cec0bd829e21c56615fc0b0aba1b499f0eccdbd2c99bbae75752ec3fcacd4040
phase3_locked_full_v1,exploratory,locked,locked_benchmark,breast_cancer_wisconsin,single_model,missing_features,0.2,primary,3,3,171,0,3,ffefaf4328b7f176a4c95292cd080c520a5b75ea1bf0d1dbf48d99c1143c0171
phase3_locked_full_v1,exploratory,locked,locked_benchmark,breast_cancer_wisconsin,mean_ensemble,missing_features,0.2,primary,3,3,171,0,3,43517de554c40a206db351c57b32edf413b61679d63e391aa23750d5b85225a7
phase3_locked_full_v1,exploratory,locked,locked_benchmark,breast_cancer_wisconsin,static_weighted_ensemble,missing_features,0.2,primary,3,3,171,0,3,ace131b0f444f5e67a9139619bc8d1ca2e0ef447e1a9949469656529db0dec54
phase3_locked_full_v1,exploratory,locked,locked_benchmark,breast_cancer_wisconsin,veto_mavs,missing_features,0.2,primary,3,3,171,171,3,adbdcd286b32dc3d400e7e88799d4848c45533797b6c7e5d3506c6eb64f70ae2
phase3_locked_full_v1,exploratory,locked,locked_benchmark,breast_cancer_wisconsin,pure_mavs_gc,missing_features,0.2,primary,3,3,171,171,3,e8028b658c605dd05bf9e7ee3f7bb2f828ff9ef1ce0ac51fbfdce57a98c39212
phase3_locked_full_v1,exploratory,locked,locked_benchmark,breast_cancer_wisconsin,single_model,missing_features,0.2,shadow,2,2,114,0,2,f64dfbbba187c98e29f3ebc40e5e1c46fdcc4fbe163da246f56414069a76e8f4
phase3_locked_full_v1,exploratory,locked,locked_benchmark,breast_cancer_wisconsin,mean_ensemble,missing_features,0.2,shadow,2,2,114,0,2,76d0e83d6165fc7bdebcaea69401dbe26346b7042f62ece22c22da1a63748ecc
phase3_locked_full_v1,exploratory,locked,locked_benchmark,breast_cancer_wisconsin,static_weighted_ensemble,missing_features,0.2,shadow,2,2,114,0,2,96fcad5dc30c6cc21eb48a0a3e6a35050592c702b72228a785bd0069c7a13790
phase3_locked_full_v1,exploratory,locked,locked_benchmark,breast_cancer_wisconsin,veto_mavs,missing_features,0.2,shadow,2,2,114,114,2,8e14e3e09a022e042ce5847bfccf5741806de2e9e9d777137e97fff6cc484f07
phase3_locked_full_v1,exploratory,locked,locked_benchmark,breast_cancer_wisconsin,pure_mavs_gc,missing_features,0.2,shadow,2,2,114,114,2,b1aecdbf5df3fe87378a00a380718079b446e57cbd603a4906f51da5e2ea06ad
phase3_locked_full_v1,exploratory,locked,locked_benchmark,breast_cancer_wisconsin,single_model,missing_features,0.4,primary,3,3,171,0,3,9289979ec12ad199529031933adc006d00e508e3031a25ae0605232b28ccb4f6
phase3_locked_full_v1,exploratory,locked,locked_benchmark,breast_cancer_wisconsin,mean_ensemble,missing_features,0.4,primary,3,3,171,0,3,4fb149791785636e94e499c26022403b7fb3045f1df11fe80050f018e60ffd83
phase3_locked_full_v1,exploratory,locked,locked_benchmark,breast_cancer_wisconsin,static_weighted_ensemble,missing_features,0.4,primary,3,3,171,0,3,3ef58253738bf589456d686a0124b15304cdbd4fa17e02fa711d78792a588f97
phase3_locked_full_v1,exploratory,locked,locked_benchmark,breast_cancer_wisconsin,veto_mavs,missing_features,0.4,primary,3,3,171,171,3,da8d05c827f18e1f3b9948c5f6e2bcaa9038c52ada1b8f85cffeb3ed48357b3c
phase3_locked_full_v1,exploratory,locked,locked_benchmark,breast_cancer_wisconsin,pure_mavs_gc,missing_features,0.4,primary,3,3,171,171,3,c4fe7cae5dc5afbac7b0774d632ace16175becbdacd3b306ec766d45b369eca4
phase3_locked_full_v1,exploratory,locked,locked_benchmark,breast_cancer_wisconsin,single_model,missing_features,0.4,shadow,2,2,114,0,2,6ac362ae801226862b0d822eb992ac98725166f0c57d68ceff323347382c8c11
phase3_locked_full_v1,exploratory,locked,locked_benchmark,breast_cancer_wisconsin,mean_ensemble,missing_features,0.4,shadow,2,2,114,0,2,03c711e9e5ab0ef2ff164f6bbfe49d66903f5a9f4439bf9f200fe5016ac97399
phase3_locked_full_v1,exploratory,locked,locked_benchmark,breast_cancer_wisconsin,static_weighted_ensemble,missing_features,0.4,shadow,2,2,114,0,2,22fe5c1d640e4a9cff55f4d63fb818862d1be2ec162465f9d9e3fa618658bd79
phase3_locked_full_v1,exploratory,locked,locked_benchmark,breast_cancer_wisconsin,veto_mavs,missing_features,0.4,shadow,2,2,114,114,2,ad574e3c7047b0a269ee1531da362b6775289dc701324df66beeebe10bda76c2
phase3_locked_full_v1,exploratory,locked,locked_benchmark,breast_cancer_wisconsin,pure_mavs_gc,missing_features,0.4,shadow,2,2,114,114,2,f5ce28e6880b53cc1a244bc6b96826ec0b1ac8691618ce425655d691c19bc4bf
phase3_locked_full_v1,exploratory,locked,locked_benchmark,breast_cancer_wisconsin,single_model,missing_features,0.6,primary,3,3,171,0,3,6496799c07dded9d0b8f00a148b477260aae281413a5b9a1acf531ca105e5fc7
phase3_locked_full_v1,exploratory,locked,locked_benchmark,breast_cancer_wisconsin,mean_ensemble,missing_features,0.6,primary,3,3,171,0,3,f3bb65869d9d543c139aca8a4ac47b8de272336c55c6762e457c10ff48243648
phase3_locked_full_v1,exploratory,locked,locked_benchmark,breast_cancer_wisconsin,static_weighted_ensemble,missing_features,0.6,primary,3,3,171,0,3,ffc5f79199a9974010fa5b0e5a4862a914ed01117a02dc98f87f23be4dd9f22a
phase3_locked_full_v1,exploratory,locked,locked_benchmark,breast_cancer_wisconsin,veto_mavs,missing_features,0.6,primary,3,3,171,171,3,7b92ae81149ad2aec224b535f6f5f0b88a0694609f30d6e4376b34ca9bdb1c84
phase3_locked_full_v1,exploratory,locked,locked_benchmark,breast_cancer_wisconsin,pure_mavs_gc,missing_features,0.6,primary,3,3,171,171,3,af5f7dc9ceca8574d5aee8ed9fb889d5c5b47a8af3bef9383d28ab70754cd66b
phase3_locked_full_v1,exploratory,locked,locked_benchmark,breast_cancer_wisconsin,single_model,missing_features,0.6,shadow,2,2,114,0,2,36168184f4803128a98338094928d19c7ff025333982724399981d9ad0a5196b
phase3_locked_full_v1,exploratory,locked,locked_benchmark,breast_cancer_wisconsin,mean_ensemble,missing_features,0.6,shadow,2,2,114,0,2,361b4fd1e6c6058e77d13f6fd2b82af7cf1659679d1e75456a160d505ee35653
phase3_locked_full_v1,exploratory,locked,locked_benchmark,breast_cancer_wisconsin,static_weighted_ensemble,missing_features,0.6,shadow,2,2,114,0,2,4b0745b9e82634451e000e25031b399541b2e539916bf8892f986b55318a9da5
phase3_locked_full_v1,exploratory,locked,locked_benchmark,breast_cancer_wisconsin,veto_mavs,missing_features,0.6,shadow,2,2,114,114,2,15e5c7caf95fabf136eaa3dc8036f24c566c0986459bddc1b9047d18a0b10c38
phase3_locked_full_v1,exploratory,locked,locked_benchmark,breast_cancer_wisconsin,pure_mavs_gc,missing_features,0.6,shadow,2,2,114,114,2,6aa4b453eb5f5836466b7024349a0416bac401242a1c4d633a9419c57a418a1e
phase3_locked_full_v1,exploratory,locked,locked_benchmark,breast_cancer_wisconsin,single_model,missing_features,0.8,primary,3,3,171,0,3,d29c3b138ad8609c2b35afa5c3074f947049e5e898a38fc150f15fcd74258167
phase3_locked_full_v1,exploratory,locked,locked_benchmark,breast_cancer_wisconsin,mean_ensemble,missing_features,0.8,primary,3,3,171,0,3,555e442458755b50a70c36962130cc4d37ecc4680ee5364858395340f1ed6d72
phase3_locked_full_v1,exploratory,locked,locked_benchmark,breast_cancer_wisconsin,static_weighted_ensemble,missing_features,0.8,primary,3,3,171,0,3,2729b78ff42d32943c5f6d45c5f8a3e3675ab1a69fcbad74b38b2f712d546bbc
phase3_locked_full_v1,exploratory,locked,locked_benchmark,breast_cancer_wisconsin,veto_mavs,missing_features,0.8,primary,3,3,171,171,3,4943dd2f0ee55de0295e1113f6b04b3deab955d5333068f8d60b36daf57e6e44
phase3_locked_full_v1,exploratory,locked,locked_benchmark,breast_cancer_wisconsin,pure_mavs_gc,missing_features,0.8,primary,3,3,171,171,3,3bac4dce5deb641d0a57c6508e69f2ddddaec18fd2268d771f7e41cb0da5e313
phase3_locked_full_v1,exploratory,locked,locked_benchmark,breast_cancer_wisconsin,single_model,missing_features,0.8,shadow,2,2,114,0,2,79d504692fbcac2aa14394875d31c05cb355d88f7bd783c32981d5a486837be1
phase3_locked_full_v1,exploratory,locked,locked_benchmark,breast_cancer_wisconsin,mean_ensemble,missing_features,0.8,shadow,2,2,114,0,2,aea9dfb322c49634a233582c57d555b4e421051cf71e24acb467d21259a79726
phase3_locked_full_v1,exploratory,locked,locked_benchmark,breast_cancer_wisconsin,static_weighted_ensemble,missing_features,0.8,shadow,2,2,114,0,2,a7677fa415e0ff519640e5253d85bd184148f44c079ae7f58bf47e744d77281d
phase3_locked_full_v1,exploratory,locked,locked_benchmark,breast_cancer_wisconsin,veto_mavs,missing_features,0.8,shadow,2,2,114,114,2,5121b2a6160282930bdb1ccfc9ccfef112f826254511006c9ace820458f6e831
phase3_locked_full_v1,exploratory,locked,locked_benchmark,breast_cancer_wisconsin,pure_mavs_gc,missing_features,0.8,shadow,2,2,114,114,2,a21608a213f33d1d52d3287c45a7aaf678507c2320bcf37d17fd37430a16b331
phase3_locked_full_v1,exploratory,locked,locked_benchmark,breast_cancer_wisconsin,single_model,missing_features,1.0,primary,3,3,171,0,3,7de224e85c044ea0c53c950df7bddb48c69381f3059ded16f82437b8936f2787
phase3_locked_full_v1,exploratory,locked,locked_benchmark,breast_cancer_wisconsin,mean_ensemble,missing_features,1.0,primary,3,3,171,0,3,3203b149050ea51c9c81fb72f95c9b983f2d58b6a0ee9271612caaeac90b4e09
phase3_locked_full_v1,exploratory,locked,locked_benchmark,breast_cancer_wisconsin,static_weighted_ensemble,missing_features,1.0,primary,3,3,171,0,3,87ca166a1224ad2ce7e60906bb62d705b37842df7d5a47820671f05419d89aa2
phase3_locked_full_v1,exploratory,locked,locked_benchmark,breast_cancer_wisconsin,veto_mavs,missing_features,1.0,primary,3,3,171,171,3,4fcbd49a038a4681ab6d35931781d3be8b0f3a6ae0a51f5c6e3d3be48848f047
phase3_locked_full_v1,exploratory,locked,locked_benchmark,breast_cancer_wisconsin,pure_mavs_gc,missing_features,1.0,primary,3,3,171,171,3,727eb6809ab78909067b73d8cb96b433e087aaeed628c7de0271250e44add293
phase3_locked_full_v1,exploratory,locked,locked_benchmark,breast_cancer_wisconsin,single_model,missing_features,1.0,shadow,2,2,114,0,2,dfe3386950f3ca4d30d29308386c37fe536a1adaef0a49c467886fbd557b16d0
phase3_locked_full_v1,exploratory,locked,locked_benchmark,breast_cancer_wisconsin,mean_ensemble,missing_features,1.0,shadow,2,2,114,0,2,abdc893e71915ea97cebc911c1c423825d3a8348db2576f2f2cb03c9a4f15e89
phase3_locked_full_v1,exploratory,locked,locked_benchmark,breast_cancer_wisconsin,static_weighted_ensemble,missing_features,1.0,shadow,2,2,114,0,2,146b1a90c121cd9b8d8ab52fd3b862051770f691171f59546de95279fed1eb35
phase3_locked_full_v1,exploratory,locked,locked_benchmark,breast_cancer_wisconsin,veto_mavs,missing_features,1.0,shadow,2,2,114,114,2,041d6e57f95ad4f252ba3f3257702964c734c2b13a074de877c2b97f796ae31e
phase3_locked_full_v1,exploratory,locked,locked_benchmark,breast_cancer_wisconsin,pure_mavs_gc,missing_features,1.0,shadow,2,2,114,114,2,0a70087ef5000e4f886cb90a52b3ac8a0817a20e8a682e5395d7a225e92e08b7
phase3_locked_full_v1,exploratory,locked,locked_benchmark,breast_cancer_wisconsin,single_model,random_feature_deletion,0.0,primary,3,3,171,0,3,cf8e8221fbc7b53f0357af85663627e2ad236aea6de312093e02313ef52e3089
phase3_locked_full_v1,exploratory,locked,locked_benchmark,breast_cancer_wisconsin,mean_ensemble,random_feature_deletion,0.0,primary,3,3,171,0,3,d5027a2f470d7dd91480938557c527af75831247304a3434e33d480177e6d3d1
phase3_locked_full_v1,exploratory,locked,locked_benchmark,breast_cancer_wisconsin,static_weighted_ensemble,random_feature_deletion,0.0,primary,3,3,171,0,3,5624ae96edc5b2ae631841e12a62ca992e90262b826890770a6201f03c32c258
phase3_locked_full_v1,exploratory,locked,locked_benchmark,breast_cancer_wisconsin,veto_mavs,random_feature_deletion,0.0,primary,3,3,171,171,3,c1af3c66c0a8bc9f5d08e7c6a4dfcb03e2de120e4299cf7b4d7e3a081d296a35
phase3_locked_full_v1,exploratory,locked,locked_benchmark,breast_cancer_wisconsin,pure_mavs_gc,random_feature_deletion,0.0,primary,3,3,171,171,3,1e1921db1101640827a5f2c48d81d18230ae29b794d4ad973b1f66bb22fc558d
phase3_locked_full_v1,exploratory,locked,locked_benchmark,breast_cancer_wisconsin,single_model,random_feature_deletion,0.0,shadow,2,2,114,0,2,cde132260383cad2de2c51f3768568513436ff62bfedb3ca1fecb18c29ab81d6
phase3_locked_full_v1,exploratory,locked,locked_benchmark,breast_cancer_wisconsin,mean_ensemble,random_feature_deletion,0.0,shadow,2,2,114,0,2,4d87619b6a82a60fea70385253c1cee10d787580bd42bdf5e682a592bca89502
phase3_locked_full_v1,exploratory,locked,locked_benchmark,breast_cancer_wisconsin,static_weighted_ensemble,random_feature_deletion,0.0,shadow,2,2,114,0,2,bb56811ca5b39b44899758ed053c296e788362c7f7c6aa1673db6092b54844c2
phase3_locked_full_v1,exploratory,locked,locked_benchmark,breast_cancer_wisconsin,veto_mavs,random_feature_deletion,0.0,shadow,2,2,114,114,2,b697331473ddc945259fdc4605c398d08abc7562b0426a2ce607232e0a231871
phase3_locked_full_v1,exploratory,locked,locked_benchmark,breast_cancer_wisconsin,pure_mavs_gc,random_feature_deletion,0.0,shadow,2,2,114,114,2,d11f2ff853d2a099012e051c4fa6c3cd6ae1d328cfeffefee2d2e20ad93149fa
phase3_locked_full_v1,exploratory,locked,locked_benchmark,breast_cancer_wisconsin,single_model,random_feature_deletion,0.05,primary,3,3,171,0,3,c58a33a68250ae4fbbce2b9287b6e8036aabc5f09328e6bbeeedb2a3cba159f8
phase3_locked_full_v1,exploratory,locked,locked_benchmark,breast_cancer_wisconsin,mean_ensemble,random_feature_deletion,0.05,primary,3,3,171,0,3,0067e4b6599f79049627620f1b46a20663ed2d6d30f10d04e37bb9f068d878af
phase3_locked_full_v1,exploratory,locked,locked_benchmark,breast_cancer_wisconsin,static_weighted_ensemble,random_feature_deletion,0.05,primary,3,3,171,0,3,90e466b582ff9e2e6f9df72218f6a2c32a48c4bb9856eb9343875c488be93495
phase3_locked_full_v1,exploratory,locked,locked_benchmark,breast_cancer_wisconsin,veto_mavs,random_feature_deletion,0.05,primary,3,3,171,171,3,2abc5ec72dda7635d58d07fd6b7d258b9f4a07c2ed7192d2de42b23ef6be02e4
phase3_locked_full_v1,exploratory,locked,locked_benchmark,breast_cancer_wisconsin,pure_mavs_gc,random_feature_deletion,0.05,primary,3,3,171,171,3,4e3ae1532f258c716fd2324385d02743e59657ef77a4666433daaac0f6f931a2
phase3_locked_full_v1,exploratory,locked,locked_benchmark,breast_cancer_wisconsin,single_model,random_feature_deletion,0.05,shadow,2,2,114,0,2,33811b62f4ec95ce55e0e11cf0ce89147dc183876b74cb689fb8761f22341d3a
phase3_locked_full_v1,exploratory,locked,locked_benchmark,breast_cancer_wisconsin,mean_ensemble,random_feature_deletion,0.05,shadow,2,2,114,0,2,5340f611225572e66c903f3435a6f5d9d74580000dec0fbdcaa664d85d08e2db
phase3_locked_full_v1,exploratory,locked,locked_benchmark,breast_cancer_wisconsin,static_weighted_ensemble,random_feature_deletion,0.05,shadow,2,2,114,0,2,949196565f947a10389ef8985dfe2981a625580555332588e3e0f3593fac05f9
phase3_locked_full_v1,exploratory,locked,locked_benchmark,breast_cancer_wisconsin,veto_mavs,random_feature_deletion,0.05,shadow,2,2,114,114,2,a55cc2eee7d8c121bf8c895be23f082a92cf9eb4c621c746d238806da4af69cf
phase3_locked_full_v1,exploratory,locked,locked_benchmark,breast_cancer_wisconsin,pure_mavs_gc,random_feature_deletion,0.05,shadow,2,2,114,114,2,ba5a6ac0db9e5207e43322bd20697b8ba63895be6cfe441ea53a8ce82cf1bd83
phase3_locked_full_v1,exploratory,locked,locked_benchmark,breast_cancer_wisconsin,single_model,random_feature_deletion,0.1,primary,3,3,171,0,3,7b70aefa687a5809fe62c56858922307a61b02746f9b578be09970e8c4f30164
phase3_locked_full_v1,exploratory,locked,locked_benchmark,breast_cancer_wisconsin,mean_ensemble,random_feature_deletion,0.1,primary,3,3,171,0,3,4c13d658d1b46ef6f8191ef197db4c8656830d6a65a5e97aaf4d54d80f4aaa45
phase3_locked_full_v1,exploratory,locked,locked_benchmark,breast_cancer_wisconsin,static_weighted_ensemble,random_feature_deletion,0.1,primary,3,3,171,0,3,ce70918ff679de58f94a15c6978edbfae219ae1fabacd707304ddc5b65d38165
phase3_locked_full_v1,exploratory,locked,locked_benchmark,breast_cancer_wisconsin,veto_mavs,random_feature_deletion,0.1,primary,3,3,171,171,3,caccc408f528727cbf086094278bef891db31864502123ead99b7adc6aeccf68
phase3_locked_full_v1,exploratory,locked,locked_benchmark,breast_cancer_wisconsin,pure_mavs_gc,random_feature_deletion,0.1,primary,3,3,171,171,3,89594120267287c4151e8ed3276d8f8c3a31ab6d8baa680504076968ca4536dc
phase3_locked_full_v1,exploratory,locked,locked_benchmark,breast_cancer_wisconsin,single_model,random_feature_deletion,0.1,shadow,2,2,114,0,2,012f469ad71e40c3b67690837e4bdca4d565eec3ed194641c9967415243c4e49
phase3_locked_full_v1,exploratory,locked,locked_benchmark,breast_cancer_wisconsin,mean_ensemble,random_feature_deletion,0.1,shadow,2,2,114,0,2,cf4a0dbe1eacba084e6893fda8508f6704a0b889f9766dd36f9acf05585ab402
phase3_locked_full_v1,exploratory,locked,locked_benchmark,breast_cancer_wisconsin,static_weighted_ensemble,random_feature_deletion,0.1,shadow,2,2,114,0,2,a23b1dc55362eb6bb370ff7c4212d1fe79892a71ad0c6b3a8657eeb7b5b80661
phase3_locked_full_v1,exploratory,locked,locked_benchmark,breast_cancer_wisconsin,veto_mavs,random_feature_deletion,0.1,shadow,2,2,114,114,2,9a585fb85bfb49b32d10c4a044533b998dfe1b5f862a82f83325d49e0b9cae49
phase3_locked_full_v1,exploratory,locked,locked_benchmark,breast_cancer_wisconsin,pure_mavs_gc,random_feature_deletion,0.1,shadow,2,2,114,114,2,a70f5ae393d89530f30815d2449e844092bc32c3d131fe97a3b53805e5edbd24
phase3_locked_full_v1,exploratory,locked,locked_benchmark,breast_cancer_wisconsin,single_model,random_feature_deletion,0.2,primary,3,3,171,0,3,13703f4ba90026cd47106e6895f0b82be1cdf1ae91278cb957ac6103dcd4e485
phase3_locked_full_v1,exploratory,locked,locked_benchmark,breast_cancer_wisconsin,mean_ensemble,random_feature_deletion,0.2,primary,3,3,171,0,3,e82336d7905dba486bef840258e477ebc349631bfbc506fc56ad871e87fca336
phase3_locked_full_v1,exploratory,locked,locked_benchmark,breast_cancer_wisconsin,static_weighted_ensemble,random_feature_deletion,0.2,primary,3,3,171,0,3,953ba76989005cf2e5b4f195f46f4f50e20b4cee4fdd871208f869af02875f55
phase3_locked_full_v1,exploratory,locked,locked_benchmark,breast_cancer_wisconsin,veto_mavs,random_feature_deletion,0.2,primary,3,3,171,171,3,1d95d85995e5639415809fb675b74e38293f5f041abf0109502a1eeeb69e595e
phase3_locked_full_v1,exploratory,locked,locked_benchmark,breast_cancer_wisconsin,pure_mavs_gc,random_feature_deletion,0.2,primary,3,3,171,171,3,37dc7eaaa5cdf94d6e9cdc2fd2b87a0f67ee85562e0815146c8dbb8e5858451c
phase3_locked_full_v1,exploratory,locked,locked_benchmark,breast_cancer_wisconsin,single_model,random_feature_deletion,0.2,shadow,2,2,114,0,2,b8c43e13eff6b0579c5b5081de6854dbbbc6f2439f1ce133f42fc4a69ffb8a31
phase3_locked_full_v1,exploratory,locked,locked_benchmark,breast_cancer_wisconsin,mean_ensemble,random_feature_deletion,0.2,shadow,2,2,114,0,2,e7d2a53cadc7a13fdcc92f28910a0a07386f62613671b822d3e91b5e9b71902d
phase3_locked_full_v1,exploratory,locked,locked_benchmark,breast_cancer_wisconsin,static_weighted_ensemble,random_feature_deletion,0.2,shadow,2,2,114,0,2,4a0ec52d12edaeff4bc20e53c19e43c261a7c89be1be38389a76994a381cc04a
phase3_locked_full_v1,exploratory,locked,locked_benchmark,breast_cancer_wisconsin,veto_mavs,random_feature_deletion,0.2,shadow,2,2,114,114,2,7a04fc5cd83092ae29ff033d5747917857e2e96e4c118643ffed0207ba208f80
phase3_locked_full_v1,exploratory,locked,locked_benchmark,breast_cancer_wisconsin,pure_mavs_gc,random_feature_deletion,0.2,shadow,2,2,114,114,2,eb0d8f079029b2324b1657b042d1d7c9445def50d49d648f092f8cc3bb91a247
phase3_locked_full_v1,exploratory,locked,locked_benchmark,breast_cancer_wisconsin,single_model,random_feature_deletion,0.4,primary,3,3,171,0,3,1c97bdf933f059d89710f765909a4802910893f18514e1485334a9560e83898f
phase3_locked_full_v1,exploratory,locked,locked_benchmark,breast_cancer_wisconsin,mean_ensemble,random_feature_deletion,0.4,primary,3,3,171,0,3,a8e26cc65a1fa16c69fcaa3c5e3c6ca40dd28708422454bcef5dc2fb4eb4cc2e
phase3_locked_full_v1,exploratory,locked,locked_benchmark,breast_cancer_wisconsin,static_weighted_ensemble,random_feature_deletion,0.4,primary,3,3,171,0,3,bbf48edca02d031aba17678e559be2c0779db5340afe5ea42ff51e9ad842ad24
phase3_locked_full_v1,exploratory,locked,locked_benchmark,breast_cancer_wisconsin,veto_mavs,random_feature_deletion,0.4,primary,3,3,171,171,3,98f9cdcc396661ab792e0af0ee87171129fba98ad2c85186c4f6828773181c2e
phase3_locked_full_v1,exploratory,locked,locked_benchmark,breast_cancer_wisconsin,pure_mavs_gc,random_feature_deletion,0.4,primary,3,3,171,171,3,ba982411f788ad3252019b571c004fa90f05c52b00c62faea9f6ec4965c307f4
phase3_locked_full_v1,exploratory,locked,locked_benchmark,breast_cancer_wisconsin,single_model,random_feature_deletion,0.4,shadow,2,2,114,0,2,528f4c4282cf6e286db69bb92012e565ac2cd2533f01c97d2e8a0b053f0a2ad9
phase3_locked_full_v1,exploratory,locked,locked_benchmark,breast_cancer_wisconsin,mean_ensemble,random_feature_deletion,0.4,shadow,2,2,114,0,2,620bb2857e66fc55dfd0babd750ac2b3b3e2469b56e8270e8db5a0bca72dc49c
phase3_locked_full_v1,exploratory,locked,locked_benchmark,breast_cancer_wisconsin,static_weighted_ensemble,random_feature_deletion,0.4,shadow,2,2,114,0,2,7e2c81981cbf9ce31e9d30dca81151c8a58c8f5f1edcee9b940ac5c3114780a1
phase3_locked_full_v1,exploratory,locked,locked_benchmark,breast_cancer_wisconsin,veto_mavs,random_feature_deletion,0.4,shadow,2,2,114,114,2,eb6e5d5a629bed584ad3d0959fbba1e5bfa8f0e6b75faecfce5c87cbf7acfc5c
phase3_locked_full_v1,exploratory,locked,locked_benchmark,breast_cancer_wisconsin,pure_mavs_gc,random_feature_deletion,0.4,shadow,2,2,114,114,2,7c3a7b9a304032e341c706d345e4252ffe472844311415646aea3f9590df5f5f
phase3_locked_full_v1,exploratory,locked,locked_benchmark,breast_cancer_wisconsin,single_model,random_feature_deletion,0.6,primary,3,3,171,0,3,c01f815b83105c23d70cf11de8fb88caeb1bcfab66d8211e3c76647464f13478
phase3_locked_full_v1,exploratory,locked,locked_benchmark,breast_cancer_wisconsin,mean_ensemble,random_feature_deletion,0.6,primary,3,3,171,0,3,5b86644a1a8d1c80a0b25a147bcaddcb545d7f4ef480d774e3facd2ecab477c6
phase3_locked_full_v1,exploratory,locked,locked_benchmark,breast_cancer_wisconsin,static_weighted_ensemble,random_feature_deletion,0.6,primary,3,3,171,0,3,0573d01d7a4eddc601c78805cfe4ef2e1e910fb911def61904bb3c286a55e879
phase3_locked_full_v1,exploratory,locked,locked_benchmark,breast_cancer_wisconsin,veto_mavs,random_feature_deletion,0.6,primary,3,3,171,171,3,6bae87e67e9ca8002ebcd7f5f74bdad6dea7742d1cde071192ba9376e9176f78
phase3_locked_full_v1,exploratory,locked,locked_benchmark,breast_cancer_wisconsin,pure_mavs_gc,random_feature_deletion,0.6,primary,3,3,171,171,3,e4c3ce3a2d18ca8db12064148c179f031ea0f48230886dca16378bddd9a05c80
phase3_locked_full_v1,exploratory,locked,locked_benchmark,breast_cancer_wisconsin,single_model,random_feature_deletion,0.6,shadow,2,2,114,0,2,88975d91106b8f825940833b9471fb37032c643354261bb18096ca23f025b0ca
phase3_locked_full_v1,exploratory,locked,locked_benchmark,breast_cancer_wisconsin,mean_ensemble,random_feature_deletion,0.6,shadow,2,2,114,0,2,ae122ebf373ef8c0d5945338f5d2f9872d67d0ffe519d953f39134ba973ea97b
phase3_locked_full_v1,exploratory,locked,locked_benchmark,breast_cancer_wisconsin,static_weighted_ensemble,random_feature_deletion,0.6,shadow,2,2,114,0,2,df980ae7b2622927a6e2e141aa12137be013214fb41577625d48ba30f17f2612
phase3_locked_full_v1,exploratory,locked,locked_benchmark,breast_cancer_wisconsin,veto_mavs,random_feature_deletion,0.6,shadow,2,2,114,114,2,4768566e7582bb4013ee4106416032f3d07fd45a12f2ae3e4a28a5d9897f42ab
phase3_locked_full_v1,exploratory,locked,locked_benchmark,breast_cancer_wisconsin,pure_mavs_gc,random_feature_deletion,0.6,shadow,2,2,114,114,2,e2ec28686658b88e57f04d6fc5a9bd5f563c468dbf61b780386ed8b72e1fdbbf
phase3_locked_full_v1,exploratory,locked,locked_benchmark,breast_cancer_wisconsin,single_model,random_feature_deletion,0.8,primary,3,3,171,0,3,cf68ee16533a6bf3fd70b92839aa329c83fca6567e656e779bd2950225b2e8d8
phase3_locked_full_v1,exploratory,locked,locked_benchmark,breast_cancer_wisconsin,mean_ensemble,random_feature_deletion,0.8,primary,3,3,171,0,3,43b6458fe489e9b930bf936a76f9ef40c243c2242ee8e57d3c9451719ea21e7f
phase3_locked_full_v1,exploratory,locked,locked_benchmark,breast_cancer_wisconsin,static_weighted_ensemble,random_feature_deletion,0.8,primary,3,3,171,0,3,1b3d7db59e8a9cd2abb0ef0427f779695bce310ccbb3c2703e0df56fa33f635d
phase3_locked_full_v1,exploratory,locked,locked_benchmark,breast_cancer_wisconsin,veto_mavs,random_feature_deletion,0.8,primary,3,3,171,171,3,2829abcac42dc7576f9ab730ba781d2d9eebc5b4413694afd18993142567c616
phase3_locked_full_v1,exploratory,locked,locked_benchmark,breast_cancer_wisconsin,pure_mavs_gc,random_feature_deletion,0.8,primary,3,3,171,171,3,bffb09f4eba8e2d5df0fe158412de3b9753c8ff49840ca563ecbdf6ebebefb5f
phase3_locked_full_v1,exploratory,locked,locked_benchmark,breast_cancer_wisconsin,single_model,random_feature_deletion,0.8,shadow,2,2,114,0,2,43086347890d03bb5a940ee6b1e5f2c97d24b35c82d98575ff6e85d18aacf7f7
phase3_locked_full_v1,exploratory,locked,locked_benchmark,breast_cancer_wisconsin,mean_ensemble,random_feature_deletion,0.8,shadow,2,2,114,0,2,f9e2c037e52c7ffb18d0db652b358274e4d19660335d8783fcdde5db4177e8b0
phase3_locked_full_v1,exploratory,locked,locked_benchmark,breast_cancer_wisconsin,static_weighted_ensemble,random_feature_deletion,0.8,shadow,2,2,114,0,2,b765c32d69c97988d24717b474bfbd607ad56a47e5d8f019c198d38086550de4
phase3_locked_full_v1,exploratory,locked,locked_benchmark,breast_cancer_wisconsin,veto_mavs,random_feature_deletion,0.8,shadow,2,2,114,114,2,bc67a7833c53c1d7801143cc734117002e418f6a237b417482364b48f6db4419
phase3_locked_full_v1,exploratory,locked,locked_benchmark,breast_cancer_wisconsin,pure_mavs_gc,random_feature_deletion,0.8,shadow,2,2,114,114,2,8be7623c32492ba67e0034e95cc0e8c317463d9df38b054c88dd562ff05cc564
phase3_locked_full_v1,exploratory,locked,locked_benchmark,breast_cancer_wisconsin,single_model,random_feature_deletion,1.0,primary,3,3,171,0,3,3f3c24113de74deae7c507dab0b8d689a7ee7adf6a7691aca41cdfba84895519
phase3_locked_full_v1,exploratory,locked,locked_benchmark,breast_cancer_wisconsin,mean_ensemble,random_feature_deletion,1.0,primary,3,3,171,0,3,65f45871b05f4ca92a5100f60a0186e91c067529b6d6d59060abbe3bcf1602c2
phase3_locked_full_v1,exploratory,locked,locked_benchmark,breast_cancer_wisconsin,static_weighted_ensemble,random_feature_deletion,1.0,primary,3,3,171,0,3,9b16e8613f0bcfafcca9081f12fb86925c60bbbbe898ff4cbd8d24aa86dcb295
phase3_locked_full_v1,exploratory,locked,locked_benchmark,breast_cancer_wisconsin,veto_mavs,random_feature_deletion,1.0,primary,3,3,171,171,3,a8615ddbd45187f39717bc27f6a50ee1128a699d4672a5dedb00e9c9251e8ed0
phase3_locked_full_v1,exploratory,locked,locked_benchmark,breast_cancer_wisconsin,pure_mavs_gc,random_feature_deletion,1.0,primary,3,3,171,171,3,df400ea8c87688f45ccde83956010b2768de36c12d67f5f3d40c63debf3fb02c
phase3_locked_full_v1,exploratory,locked,locked_benchmark,breast_cancer_wisconsin,single_model,random_feature_deletion,1.0,shadow,2,2,114,0,2,d2e3e16a327014fb598ef8422d9985eb9b7f98dcec054bdadcb3b09805a4e9b8
phase3_locked_full_v1,exploratory,locked,locked_benchmark,breast_cancer_wisconsin,mean_ensemble,random_feature_deletion,1.0,shadow,2,2,114,0,2,81e57056ae18555913a3f9fa8fa317b1d7043757c45ae45fa91b96bcc131e88b
phase3_locked_full_v1,exploratory,locked,locked_benchmark,breast_cancer_wisconsin,static_weighted_ensemble,random_feature_deletion,1.0,shadow,2,2,114,0,2,fabfebe3aeac3462945eaa150f6b2e9c36cc26defda210058a4f68e9ba3642dd
phase3_locked_full_v1,exploratory,locked,locked_benchmark,breast_cancer_wisconsin,veto_mavs,random_feature_deletion,1.0,shadow,2,2,114,114,2,5ec9cdf543f0f5cbf0ca1cdfb4fe64458ef2a9a213d92cb47f2f0e14a3d4976a
phase3_locked_full_v1,exploratory,locked,locked_benchmark,breast_cancer_wisconsin,pure_mavs_gc,random_feature_deletion,1.0,shadow,2,2,114,114,2,64ba264547ebe0178d69c0e824cdfa2dc224cdaae33b872950b8b92d5f46a469
phase3_locked_full_v1,exploratory,locked,locked_benchmark,breast_cancer_wisconsin,single_model,label_noise,0.0,primary,3,3,171,0,3,26265e5964fce4032660450eb773adc65974ef5be4c695df48234c50450a8a23
phase3_locked_full_v1,exploratory,locked,locked_benchmark,breast_cancer_wisconsin,mean_ensemble,label_noise,0.0,primary,3,3,171,0,3,3281384bcd7f56e70abc6fa8e1a9acf5afab62440a09a3bb4e7fff89f0b8303b
phase3_locked_full_v1,exploratory,locked,locked_benchmark,breast_cancer_wisconsin,static_weighted_ensemble,label_noise,0.0,primary,3,3,171,0,3,f36b3bca50d9464fdab109f826cb4d399814e9b81ae7ca4fa09fb35e52bf223c
phase3_locked_full_v1,exploratory,locked,locked_benchmark,breast_cancer_wisconsin,veto_mavs,label_noise,0.0,primary,3,3,171,171,3,1fbe8abb852e6b9bb4f5d7e05ff6f803f3f17b3a67db22ef586756dd10a50e54
phase3_locked_full_v1,exploratory,locked,locked_benchmark,breast_cancer_wisconsin,pure_mavs_gc,label_noise,0.0,primary,3,3,171,171,3,30e7b1975ed5541fd558ccf60017d89380e59c6a5cdce27fac39a811675174d6
phase3_locked_full_v1,exploratory,locked,locked_benchmark,breast_cancer_wisconsin,single_model,label_noise,0.0,shadow,2,2,114,0,2,afb89304feac1de03cedf68aecde936a8f18edd5745a38ee1374fa0994e60f6b
phase3_locked_full_v1,exploratory,locked,locked_benchmark,breast_cancer_wisconsin,mean_ensemble,label_noise,0.0,shadow,2,2,114,0,2,3415da026625aedcdb2abecca6448d8d0cde2c9d0be8cedcbbe84da8c740b87f
phase3_locked_full_v1,exploratory,locked,locked_benchmark,breast_cancer_wisconsin,static_weighted_ensemble,label_noise,0.0,shadow,2,2,114,0,2,20ab8bd9025fc1a26c6ed59e3dfaa759e176bc4ec800dc7c511b68121ba37ce7
phase3_locked_full_v1,exploratory,locked,locked_benchmark,breast_cancer_wisconsin,veto_mavs,label_noise,0.0,shadow,2,2,114,114,2,db2339e0bcf1980953d640308f61569786dad45dee4bc0f31a3cc9a8d017f03d
phase3_locked_full_v1,exploratory,locked,locked_benchmark,breast_cancer_wisconsin,pure_mavs_gc,label_noise,0.0,shadow,2,2,114,114,2,365b536770df47b4115f7e24e0ff0ac77765ad3b3bc8ddfec23409e36a621c96
phase3_locked_full_v1,exploratory,locked,locked_benchmark,breast_cancer_wisconsin,single_model,label_noise,0.05,primary,3,3,171,0,3,c232ed990c6904cabc517b215860cf3115578c7382bd06bde014a5874a6022b1
phase3_locked_full_v1,exploratory,locked,locked_benchmark,breast_cancer_wisconsin,mean_ensemble,label_noise,0.05,primary,3,3,171,0,3,74ea7aed1f3a6901ebfd300f5427210f4fcf24faf5221ba0f2a87e9538245d6a
phase3_locked_full_v1,exploratory,locked,locked_benchmark,breast_cancer_wisconsin,static_weighted_ensemble,label_noise,0.05,primary,3,3,171,0,3,489cfd7907db7e2d1c056891c3f64d1fd10e5a6eb2a444b6822ccbe4a92dd17c
phase3_locked_full_v1,exploratory,locked,locked_benchmark,breast_cancer_wisconsin,veto_mavs,label_noise,0.05,primary,3,3,171,171,3,7026a40ef95bceb489e686dec347bf131bbf52df7f7e3b3728e200a2c2cac574
phase3_locked_full_v1,exploratory,locked,locked_benchmark,breast_cancer_wisconsin,pure_mavs_gc,label_noise,0.05,primary,3,3,171,171,3,f74c0e8e747ec46ecb81223ccbc9c0f0eb9df574bc273f7ce35c006b48dcaa4a
phase3_locked_full_v1,exploratory,locked,locked_benchmark,breast_cancer_wisconsin,single_model,label_noise,0.05,shadow,2,2,114,0,2,ab4d9aa868bde5d23ffd550c8168032688900116f1ddb37eb61520e04a94c6f1
phase3_locked_full_v1,exploratory,locked,locked_benchmark,breast_cancer_wisconsin,mean_ensemble,label_noise,0.05,shadow,2,2,114,0,2,9a1c8d8cfb5825cced733ed54ab75bda09cf2084517dcfa7d46c82a9cd72f76c
phase3_locked_full_v1,exploratory,locked,locked_benchmark,breast_cancer_wisconsin,static_weighted_ensemble,label_noise,0.05,shadow,2,2,114,0,2,4a031076e50aee2896d6f5d6dcc9e9a32d08cc4bd740fb17befb44fc26782cbb
phase3_locked_full_v1,exploratory,locked,locked_benchmark,breast_cancer_wisconsin,veto_mavs,label_noise,0.05,shadow,2,2,114,114,2,297ea0b2b449600076e16f81626956927343785a918062e7c0d166d139e61701
phase3_locked_full_v1,exploratory,locked,locked_benchmark,breast_cancer_wisconsin,pure_mavs_gc,label_noise,0.05,shadow,2,2,114,114,2,c4955280eb7f84cbe3da5f225619ad76119d253baff1b44b14e7d5a5e981ff03
phase3_locked_full_v1,exploratory,locked,locked_benchmark,breast_cancer_wisconsin,single_model,label_noise,0.1,primary,3,3,171,0,3,4f3a69349354dafeefdbfbac48434d634a6ac1e0cee9f15ffcd51ce29266ad75
phase3_locked_full_v1,exploratory,locked,locked_benchmark,breast_cancer_wisconsin,mean_ensemble,label_noise,0.1,primary,3,3,171,0,3,f6343fd926bbbd372799edebac8a8179765df66d6b1f950b586743adcff825f5
phase3_locked_full_v1,exploratory,locked,locked_benchmark,breast_cancer_wisconsin,static_weighted_ensemble,label_noise,0.1,primary,3,3,171,0,3,906eaf620a870d8aedb15a4ea0d5682c26c0ce0f533a373a72d7882f9d942b3b
phase3_locked_full_v1,exploratory,locked,locked_benchmark,breast_cancer_wisconsin,veto_mavs,label_noise,0.1,primary,3,3,171,171,3,d047e6067506cb04b2bbb62a926ac3c381b80ebe1c9e71d2d642c892255513ae
phase3_locked_full_v1,exploratory,locked,locked_benchmark,breast_cancer_wisconsin,pure_mavs_gc,label_noise,0.1,primary,3,3,171,171,3,5e2c1d4ba8c23c87fea9527041485608c977af7e1a99cb706c7f7a3cb9223cea
phase3_locked_full_v1,exploratory,locked,locked_benchmark,breast_cancer_wisconsin,single_model,label_noise,0.1,shadow,2,2,114,0,2,bc31dfa974e51c7409138e19de431dcea31c7456748e691549d48d86a3ab4190
phase3_locked_full_v1,exploratory,locked,locked_benchmark,breast_cancer_wisconsin,mean_ensemble,label_noise,0.1,shadow,2,2,114,0,2,61d4bcf1674c4d19402a79cc8d0e38116704e5d448b197bc666c0548b2de7759
phase3_locked_full_v1,exploratory,locked,locked_benchmark,breast_cancer_wisconsin,static_weighted_ensemble,label_noise,0.1,shadow,2,2,114,0,2,65727bf88b27a20f624aa46bc61bf9e938f77b7cef6fe793fea47aa64d33a253
phase3_locked_full_v1,exploratory,locked,locked_benchmark,breast_cancer_wisconsin,veto_mavs,label_noise,0.1,shadow,2,2,114,114,2,f700e0359f7fcdafa83aa6656bd04d4a62989eb7e646922fb53d783f2487b0b1
phase3_locked_full_v1,exploratory,locked,locked_benchmark,breast_cancer_wisconsin,pure_mavs_gc,label_noise,0.1,shadow,2,2,114,114,2,4a86fd66e5fdadff4e3920a547fbd38bc7d1e6b36aaff6ac74ea37cb6702f3e3
phase3_locked_full_v1,exploratory,locked,locked_benchmark,breast_cancer_wisconsin,single_model,label_noise,0.2,primary,3,3,171,0,3,f60c7cec504c58cdc51e25f9d2b69f310f9d6c9525af2f04a3be0c3cd08c835c
phase3_locked_full_v1,exploratory,locked,locked_benchmark,breast_cancer_wisconsin,mean_ensemble,label_noise,0.2,primary,3,3,171,0,3,196235667fef24f9b666911ef9c364b9e6d272362d17bce97e94561bf15cad88
phase3_locked_full_v1,exploratory,locked,locked_benchmark,breast_cancer_wisconsin,static_weighted_ensemble,label_noise,0.2,primary,3,3,171,0,3,ba93d7dd7b6836b5fe96c2be272ff18ad7d89b82a2fadce6c30f930ab8d4ff40
phase3_locked_full_v1,exploratory,locked,locked_benchmark,breast_cancer_wisconsin,veto_mavs,label_noise,0.2,primary,3,3,171,171,3,ac41c678b639d527b7c448c63db321efe31bf24fdcdd633fd4b0f4e1eb2a72e5
phase3_locked_full_v1,exploratory,locked,locked_benchmark,breast_cancer_wisconsin,pure_mavs_gc,label_noise,0.2,primary,3,3,171,171,3,c8dacfd997c6bdda68d958a49b16b93955d14e0107489fabfaa4ba310be1d0ff
phase3_locked_full_v1,exploratory,locked,locked_benchmark,breast_cancer_wisconsin,single_model,label_noise,0.2,shadow,2,2,114,0,2,e265fea50522578734bb2781fa6f2089a1615a604d5ad38b4dfdd6b7516a38e9
phase3_locked_full_v1,exploratory,locked,locked_benchmark,breast_cancer_wisconsin,mean_ensemble,label_noise,0.2,shadow,2,2,114,0,2,3758db7b9f192c09d3a8d6803d14868df4ac944f9c6ee8d87a4b2be8a8e2a85b
phase3_locked_full_v1,exploratory,locked,locked_benchmark,breast_cancer_wisconsin,static_weighted_ensemble,label_noise,0.2,shadow,2,2,114,0,2,ee8952d3c4b6616afbcee317b8b301cb81ffb28f597bd06eab096604f7488020
phase3_locked_full_v1,exploratory,locked,locked_benchmark,breast_cancer_wisconsin,veto_mavs,label_noise,0.2,shadow,2,2,114,114,2,ad6457bab2c92e60b8b228cf34c1680da7d3f5f5e537ada5a971647bbf65a212
phase3_locked_full_v1,exploratory,locked,locked_benchmark,breast_cancer_wisconsin,pure_mavs_gc,label_noise,0.2,shadow,2,2,114,114,2,25665b951d80ac0525aad42e7e0b5138a7e950ba9e732450273b917c19d75064
phase3_locked_full_v1,exploratory,locked,locked_benchmark,breast_cancer_wisconsin,single_model,label_noise,0.4,primary,3,3,171,0,3,709f62938cc7837e4afa3cfa2cce8cb6e208fe465d51abd453bcd4fc028629fc
phase3_locked_full_v1,exploratory,locked,locked_benchmark,breast_cancer_wisconsin,mean_ensemble,label_noise,0.4,primary,3,3,171,0,3,6eefcf1cc8d69cd7836bcbb140669b9bfdf3b6418c73af0d8a3104dd1aee4180
phase3_locked_full_v1,exploratory,locked,locked_benchmark,breast_cancer_wisconsin,static_weighted_ensemble,label_noise,0.4,primary,3,3,171,0,3,9afc56ca4ff9f01b08e0aa53779c8e5203f6298d9704ecd6f60bd52d7d030bf5
phase3_locked_full_v1,exploratory,locked,locked_benchmark,breast_cancer_wisconsin,veto_mavs,label_noise,0.4,primary,3,3,171,171,3,8ac1c095429d1fbd025c0c525f32a0944dd18a79c7d273ce2665579c499fca2b
phase3_locked_full_v1,exploratory,locked,locked_benchmark,breast_cancer_wisconsin,pure_mavs_gc,label_noise,0.4,primary,3,3,171,171,3,16b24ef1f097fd069910ca517f5caf8b2ea03afb884cb17fba1935efef420abe
phase3_locked_full_v1,exploratory,locked,locked_benchmark,breast_cancer_wisconsin,single_model,label_noise,0.4,shadow,2,2,114,0,2,77aa58be9950a6300b8965faa845e132e064bb04fbd068fcb14cec43128e980a
phase3_locked_full_v1,exploratory,locked,locked_benchmark,breast_cancer_wisconsin,mean_ensemble,label_noise,0.4,shadow,2,2,114,0,2,27231e272aaa363e263701f8957c9a04967209641e94bfdede0b4cff8028ad0f
phase3_locked_full_v1,exploratory,locked,locked_benchmark,breast_cancer_wisconsin,static_weighted_ensemble,label_noise,0.4,shadow,2,2,114,0,2,83b17b0b5ec51c7a014e766ad817414ee091f890d60aff853230775982b6b76b
phase3_locked_full_v1,exploratory,locked,locked_benchmark,breast_cancer_wisconsin,veto_mavs,label_noise,0.4,shadow,2,2,114,114,2,fc1a7bde82baa7f0453296c5594b0bd5922eb8098fdca9621b8803bd853e1ba0
phase3_locked_full_v1,exploratory,locked,locked_benchmark,breast_cancer_wisconsin,pure_mavs_gc,label_noise,0.4,shadow,2,2,114,114,2,122fa9cb6d4dd5087864b5825f73fc8c2767bb620031fd3d4dbe779f937fdaba
phase3_locked_full_v1,exploratory,locked,locked_benchmark,breast_cancer_wisconsin,single_model,label_noise,0.6,primary,3,3,171,0,3,3d1894169e3a817c1c3659c4105251fb7ddf446c6af679453a465a24a23327a1
phase3_locked_full_v1,exploratory,locked,locked_benchmark,breast_cancer_wisconsin,mean_ensemble,label_noise,0.6,primary,3,3,171,0,3,c83f84f009b96ae889d8f80c2d6087bdc15b380ca3987bb27b358f16c41b13fd
phase3_locked_full_v1,exploratory,locked,locked_benchmark,breast_cancer_wisconsin,static_weighted_ensemble,label_noise,0.6,primary,3,3,171,0,3,a0abdb8888a2cf95963f3f1d1bab415f11de3a26ad2a9d5958e299684bb0aeb3
phase3_locked_full_v1,exploratory,locked,locked_benchmark,breast_cancer_wisconsin,veto_mavs,label_noise,0.6,primary,3,3,171,171,3,992f55bb5c3f93e75ea14f215dfb37a6c71b6b551b4cea95c83d463049e9997d
phase3_locked_full_v1,exploratory,locked,locked_benchmark,breast_cancer_wisconsin,pure_mavs_gc,label_noise,0.6,primary,3,3,171,171,3,c77b2825c91b027f8604d5aecb9b8d70acbad0cd1c686ffa0737b1708c78bc81
phase3_locked_full_v1,exploratory,locked,locked_benchmark,breast_cancer_wisconsin,single_model,label_noise,0.6,shadow,2,2,114,0,2,6cec602db308b7c9344d1ac50ba4e8a03ac467a609361495db368db3f0e29d74
phase3_locked_full_v1,exploratory,locked,locked_benchmark,breast_cancer_wisconsin,mean_ensemble,label_noise,0.6,shadow,2,2,114,0,2,ef46b777db753dab3bc89ed57ba0cdfd4da7d7d3566889aca5f868b485e41ecb
phase3_locked_full_v1,exploratory,locked,locked_benchmark,breast_cancer_wisconsin,static_weighted_ensemble,label_noise,0.6,shadow,2,2,114,0,2,0cf0c54c7cad6965c64d7bb390c75a870f171350632ef388ac62bbd5f161bf2b
phase3_locked_full_v1,exploratory,locked,locked_benchmark,breast_cancer_wisconsin,veto_mavs,label_noise,0.6,shadow,2,2,114,114,2,6880f4ff69bb80f47ebb5798f89b0a91ea9040d9a75fd4f2ff6e3b8d2b9502ec
phase3_locked_full_v1,exploratory,locked,locked_benchmark,breast_cancer_wisconsin,pure_mavs_gc,label_noise,0.6,shadow,2,2,114,114,2,4430ee96cb056dbeab12dba4145aeb7c765de7d723d8a028b40fb5417a9a3d6f
phase3_locked_full_v1,exploratory,locked,locked_benchmark,breast_cancer_wisconsin,single_model,label_noise,0.8,primary,3,3,171,0,3,3b3f25e671b3860490922b29a807fa133cd9dd95d296711e7b9c5ece3d621b1c
phase3_locked_full_v1,exploratory,locked,locked_benchmark,breast_cancer_wisconsin,mean_ensemble,label_noise,0.8,primary,3,3,171,0,3,f2c1d69dddba05e19e440819f4d8d75e2fffe84b56c9e09da2b8ccfa8f66fce0
phase3_locked_full_v1,exploratory,locked,locked_benchmark,breast_cancer_wisconsin,static_weighted_ensemble,label_noise,0.8,primary,3,3,171,0,3,fabf57d37fc1fccb5c440c0e1b1af466242930321535586a3f678083f780ed7d
phase3_locked_full_v1,exploratory,locked,locked_benchmark,breast_cancer_wisconsin,veto_mavs,label_noise,0.8,primary,3,3,171,171,3,4f111c1fc2464829e88c185cfeb78bf9e0053c3d17094d5eaacde38ce1de7cf1
phase3_locked_full_v1,exploratory,locked,locked_benchmark,breast_cancer_wisconsin,pure_mavs_gc,label_noise,0.8,primary,3,3,171,171,3,9604d854f75c4b3968b24121659f9db6eaaef283f2a648bf70d16c648cc2896b
phase3_locked_full_v1,exploratory,locked,locked_benchmark,breast_cancer_wisconsin,single_model,label_noise,0.8,shadow,2,2,114,0,2,7ea1fe3008aead35ec9134c1c72d1fb5ca087a2c6e6e755d75dbbf5f19ae8d9b
phase3_locked_full_v1,exploratory,locked,locked_benchmark,breast_cancer_wisconsin,mean_ensemble,label_noise,0.8,shadow,2,2,114,0,2,68068a90c7f1fd62d9918c679b84dd0f74bb1adde5c502a35897d8f241d60fe7
phase3_locked_full_v1,exploratory,locked,locked_benchmark,breast_cancer_wisconsin,static_weighted_ensemble,label_noise,0.8,shadow,2,2,114,0,2,d06489debb18bb73b10424d5e0fe63755db23599c8dc6ed9268e4a86d4086794
phase3_locked_full_v1,exploratory,locked,locked_benchmark,breast_cancer_wisconsin,veto_mavs,label_noise,0.8,shadow,2,2,114,114,2,0d63b28d6c136fbae96f00db10d4ff00974ccf3154e1ea55de93dc211b92ae27
phase3_locked_full_v1,exploratory,locked,locked_benchmark,breast_cancer_wisconsin,pure_mavs_gc,label_noise,0.8,shadow,2,2,114,114,2,c2435b5e225e5762f4984e3fe56b942a43c912ae81b4f8c9aedd779adb848e70
phase3_locked_full_v1,exploratory,locked,locked_benchmark,breast_cancer_wisconsin,single_model,label_noise,1.0,primary,3,3,171,0,3,a95644b5507c3149548cb7de4ea75689736f303764fe77afeca1fa810580e72e
phase3_locked_full_v1,exploratory,locked,locked_benchmark,breast_cancer_wisconsin,mean_ensemble,label_noise,1.0,primary,3,3,171,0,3,cdeaf11d58cf015dc6a236e35f18e4b90ff35a2885cb6cb3eefcdf6b99e33ee2
phase3_locked_full_v1,exploratory,locked,locked_benchmark,breast_cancer_wisconsin,static_weighted_ensemble,label_noise,1.0,primary,3,3,171,0,3,f5f1d115d9b34e7aec1b707be3b3e1147c0a2454f9c08f4f414e25de3e0f1d78
phase3_locked_full_v1,exploratory,locked,locked_benchmark,breast_cancer_wisconsin,veto_mavs,label_noise,1.0,primary,3,3,171,171,3,b8bfcb475e9a8ab3fc6ed76d58dc53c5cf757791c04e5b8498cbd59c7e67e94a
phase3_locked_full_v1,exploratory,locked,locked_benchmark,breast_cancer_wisconsin,pure_mavs_gc,label_noise,1.0,primary,3,3,171,171,3,408b78e48bc7ce6dc57b3a782657b910a53cd24b96b0152974de0bb3541e4a83
phase3_locked_full_v1,exploratory,locked,locked_benchmark,breast_cancer_wisconsin,single_model,label_noise,1.0,shadow,2,2,114,0,2,07c830dae62fd9f45a8f745af0742e0ef7b5e93732920662b617683e374d3639
phase3_locked_full_v1,exploratory,locked,locked_benchmark,breast_cancer_wisconsin,mean_ensemble,label_noise,1.0,shadow,2,2,114,0,2,82c9300d203a28d295a207a4f84240fb2091b487be10a8ab976f91cb7eb92bce
phase3_locked_full_v1,exploratory,locked,locked_benchmark,breast_cancer_wisconsin,static_weighted_ensemble,label_noise,1.0,shadow,2,2,114,0,2,56e2a21f8c46adbf4deb56773d56d94fca11683c6cf30c040a841f8490aab308
phase3_locked_full_v1,exploratory,locked,locked_benchmark,breast_cancer_wisconsin,veto_mavs,label_noise,1.0,shadow,2,2,114,114,2,85c2957be01a537a5c8950412c38178d6671980694a54f19bdeac1dfa89c15e1
phase3_locked_full_v1,exploratory,locked,locked_benchmark,breast_cancer_wisconsin,pure_mavs_gc,label_noise,1.0,shadow,2,2,114,114,2,f288eed6c85c7611597ce49805e4c793c567a0141d03e981c025bfb2304c47b5
phase3_locked_full_v1,exploratory,locked,locked_benchmark,breast_cancer_wisconsin,single_model,confidence_distortion,0.0,primary,3,3,171,0,3,94d7b5d2e56b6d91a7e75c8576a1c99a0ad39c3eda51d98059c91f301c751f49
phase3_locked_full_v1,exploratory,locked,locked_benchmark,breast_cancer_wisconsin,mean_ensemble,confidence_distortion,0.0,primary,3,3,171,0,3,4a511b8f37e5d62a6f91a231aad540db88bf96716e1e21eb6d9d1461976b7161
phase3_locked_full_v1,exploratory,locked,locked_benchmark,breast_cancer_wisconsin,static_weighted_ensemble,confidence_distortion,0.0,primary,3,3,171,0,3,5aef08b1eb2ecacbae3d61f2258278bf1c8c8f15a2658e2dc58dffd213cd3e8f
phase3_locked_full_v1,exploratory,locked,locked_benchmark,breast_cancer_wisconsin,veto_mavs,confidence_distortion,0.0,primary,3,3,171,171,3,1f71810531fc47b9ace0fe6633368ff7c7a0c9cb27fa0bac5b672547adc5e4c0
phase3_locked_full_v1,exploratory,locked,locked_benchmark,breast_cancer_wisconsin,pure_mavs_gc,confidence_distortion,0.0,primary,3,3,171,171,3,b04448292597b316fec781107d3da3fc5b5db97d866320edd32b8c46861b5b03
phase3_locked_full_v1,exploratory,locked,locked_benchmark,breast_cancer_wisconsin,single_model,confidence_distortion,0.0,shadow,2,2,114,0,2,a4269064756ec94b9912b2e5aa68851e18d76da5f672b4e440f2294b2d71f020
phase3_locked_full_v1,exploratory,locked,locked_benchmark,breast_cancer_wisconsin,mean_ensemble,confidence_distortion,0.0,shadow,2,2,114,0,2,aa36908dcb9f2c1ffdb4f02534ba3074e8545a580d4a6ec15da3ae96fd34ea2f
phase3_locked_full_v1,exploratory,locked,locked_benchmark,breast_cancer_wisconsin,static_weighted_ensemble,confidence_distortion,0.0,shadow,2,2,114,0,2,669adceff9973998099c8b2dd32b68e4b883033dfcd9fe68ecd7e13fd034e92f
phase3_locked_full_v1,exploratory,locked,locked_benchmark,breast_cancer_wisconsin,veto_mavs,confidence_distortion,0.0,shadow,2,2,114,114,2,6ce45eced09672223591f1dac8d9e303a620abd6f7420614abd66ecbfa94939b
phase3_locked_full_v1,exploratory,locked,locked_benchmark,breast_cancer_wisconsin,pure_mavs_gc,confidence_distortion,0.0,shadow,2,2,114,114,2,9e1cdc44983c348c5ed9e2a115c13fba2174ee5be37058c2fe7677597ae6a288
phase3_locked_full_v1,exploratory,locked,locked_benchmark,breast_cancer_wisconsin,single_model,confidence_distortion,0.05,primary,3,3,171,0,3,25bf70b507aeaf2441c749afc33120fd862c81106eaca5e197c12ab5b70c51cb
phase3_locked_full_v1,exploratory,locked,locked_benchmark,breast_cancer_wisconsin,mean_ensemble,confidence_distortion,0.05,primary,3,3,171,0,3,202166d37fccfb36c768cff4ec9610e00b43771a8919a80fd60bd5c6001a5eb5
phase3_locked_full_v1,exploratory,locked,locked_benchmark,breast_cancer_wisconsin,static_weighted_ensemble,confidence_distortion,0.05,primary,3,3,171,0,3,fa5950e65d6a216d494b487498fb70845e441d017bf4e5de1ec40f1b1dd54482
phase3_locked_full_v1,exploratory,locked,locked_benchmark,breast_cancer_wisconsin,veto_mavs,confidence_distortion,0.05,primary,3,3,171,171,3,f4e1542e3ba8439bd5288319681021e2202d5c96f8462b84b317c129a82d5b6f
phase3_locked_full_v1,exploratory,locked,locked_benchmark,breast_cancer_wisconsin,pure_mavs_gc,confidence_distortion,0.05,primary,3,3,171,171,3,459e51d199272f2a99db75a0faf88d9d1ba3e6f4f275554172321fb15496fa3b
phase3_locked_full_v1,exploratory,locked,locked_benchmark,breast_cancer_wisconsin,single_model,confidence_distortion,0.05,shadow,2,2,114,0,2,8b9d0da2f0d548ec936df054c6b84e323c3a3e60f52f5e88d6758e484c65d55f
phase3_locked_full_v1,exploratory,locked,locked_benchmark,breast_cancer_wisconsin,mean_ensemble,confidence_distortion,0.05,shadow,2,2,114,0,2,fb89e582f2496d54c71df34abeffd72e6c6a7c5f84aea26c8a920c71905f471a
phase3_locked_full_v1,exploratory,locked,locked_benchmark,breast_cancer_wisconsin,static_weighted_ensemble,confidence_distortion,0.05,shadow,2,2,114,0,2,620612d435a0f2941fe831a193ef98ddbcdef9b0f92ef40da5bb9aa4180ce701
phase3_locked_full_v1,exploratory,locked,locked_benchmark,breast_cancer_wisconsin,veto_mavs,confidence_distortion,0.05,shadow,2,2,114,114,2,95fb8aa1607d489f85d7037b8cb300d2f9ad81d94239e8b5b69c9e287f7ab838
phase3_locked_full_v1,exploratory,locked,locked_benchmark,breast_cancer_wisconsin,pure_mavs_gc,confidence_distortion,0.05,shadow,2,2,114,114,2,496299d7db21acf28fa59cdb6744d06edcd384353667395df2e8085b9be1b82c
phase3_locked_full_v1,exploratory,locked,locked_benchmark,breast_cancer_wisconsin,single_model,confidence_distortion,0.1,primary,3,3,171,0,3,65164907192630eb4f393078cfd0f5aabaf8731dfdfab165c8e8310cf2639efb
phase3_locked_full_v1,exploratory,locked,locked_benchmark,breast_cancer_wisconsin,mean_ensemble,confidence_distortion,0.1,primary,3,3,171,0,3,ba72ddc36491eea89dddcd0d43bd99ffc483b5f3ea987a52f74ffcd2cdd8eff0
phase3_locked_full_v1,exploratory,locked,locked_benchmark,breast_cancer_wisconsin,static_weighted_ensemble,confidence_distortion,0.1,primary,3,3,171,0,3,d19bcd7790f196f701a2d3bd0ef535f1791bfc8e2bb984f85111de32264789d4
phase3_locked_full_v1,exploratory,locked,locked_benchmark,breast_cancer_wisconsin,veto_mavs,confidence_distortion,0.1,primary,3,3,171,171,3,379ea3669e5e9d912922537a5d75ce3e8ef22292cd53a92573108524b1adc865
phase3_locked_full_v1,exploratory,locked,locked_benchmark,breast_cancer_wisconsin,pure_mavs_gc,confidence_distortion,0.1,primary,3,3,171,171,3,5218f9dd6361e4bd7db1db043d5bbda540bfbd98e04b84984cdf4eae870aa10c
phase3_locked_full_v1,exploratory,locked,locked_benchmark,breast_cancer_wisconsin,single_model,confidence_distortion,0.1,shadow,2,2,114,0,2,3b9b08f79efdceb799b0ccab62706ba4c69cf636254024fa0956c0596eb713eb
phase3_locked_full_v1,exploratory,locked,locked_benchmark,breast_cancer_wisconsin,mean_ensemble,confidence_distortion,0.1,shadow,2,2,114,0,2,72662c0373f4c21576dc504da2b203b450e5821e7ffba2f26fe56c87dd0cec52
phase3_locked_full_v1,exploratory,locked,locked_benchmark,breast_cancer_wisconsin,static_weighted_ensemble,confidence_distortion,0.1,shadow,2,2,114,0,2,7c26e1bda220a1445fdbd05ba0c3402ed9c43c2a924460ff99e39cf8a4e35330
phase3_locked_full_v1,exploratory,locked,locked_benchmark,breast_cancer_wisconsin,veto_mavs,confidence_distortion,0.1,shadow,2,2,114,114,2,0f9f71a22ab04fa5ec709c225db1cd363ca75057607d99b1fc6f5e3f82946cad
phase3_locked_full_v1,exploratory,locked,locked_benchmark,breast_cancer_wisconsin,pure_mavs_gc,confidence_distortion,0.1,shadow,2,2,114,114,2,94216e8471a6c3cee7af96983811877194496bcd442f32fd4171ec298b72ec28
phase3_locked_full_v1,exploratory,locked,locked_benchmark,breast_cancer_wisconsin,single_model,confidence_distortion,0.2,primary,3,3,171,0,3,fd7f7e0e4fe1635783f2313279bcc928f1153c4647e97374f350f33b7b733f28
phase3_locked_full_v1,exploratory,locked,locked_benchmark,breast_cancer_wisconsin,mean_ensemble,confidence_distortion,0.2,primary,3,3,171,0,3,2c25eceecbcd14c49cbf5b0e06b91565a57dfc8b07a461c156241511323a66fe
phase3_locked_full_v1,exploratory,locked,locked_benchmark,breast_cancer_wisconsin,static_weighted_ensemble,confidence_distortion,0.2,primary,3,3,171,0,3,bbb8ed76a7e15b0b1109866eeded8a2d65df94fc642157b8b1f3d0fed37e83ad
phase3_locked_full_v1,exploratory,locked,locked_benchmark,breast_cancer_wisconsin,veto_mavs,confidence_distortion,0.2,primary,3,3,171,171,3,b17d9546da362018890d19fc885517d190949d2ba504cef256351cf0d006c9ad
phase3_locked_full_v1,exploratory,locked,locked_benchmark,breast_cancer_wisconsin,pure_mavs_gc,confidence_distortion,0.2,primary,3,3,171,171,3,961e2238964f53c0c26afa2db0cac19532764b3061d628c5d831249b3eec0d76
phase3_locked_full_v1,exploratory,locked,locked_benchmark,breast_cancer_wisconsin,single_model,confidence_distortion,0.2,shadow,2,2,114,0,2,42c37eb527692c02382000b4a527d0ee04719678b4121e7590ea1fc665b315b1
phase3_locked_full_v1,exploratory,locked,locked_benchmark,breast_cancer_wisconsin,mean_ensemble,confidence_distortion,0.2,shadow,2,2,114,0,2,14eef495a5bfd5835bdb7fd72b2b9c6dcac2e400d633a64c4f9c45595adf82eb
phase3_locked_full_v1,exploratory,locked,locked_benchmark,breast_cancer_wisconsin,static_weighted_ensemble,confidence_distortion,0.2,shadow,2,2,114,0,2,2e0d564713eb4ac466d84b0740e35bbfa6df575c46ea90c11fe9ae04f18af86f
phase3_locked_full_v1,exploratory,locked,locked_benchmark,breast_cancer_wisconsin,veto_mavs,confidence_distortion,0.2,shadow,2,2,114,114,2,196f299049f33ac9cb165758d3778bd00d84040876abe5af26cdd5aa05a9170e
phase3_locked_full_v1,exploratory,locked,locked_benchmark,breast_cancer_wisconsin,pure_mavs_gc,confidence_distortion,0.2,shadow,2,2,114,114,2,4d93a82c3977bb3a3d298d5b96067a6fdf10d19ebcfe30e031e916b041439f08
phase3_locked_full_v1,exploratory,locked,locked_benchmark,breast_cancer_wisconsin,single_model,confidence_distortion,0.4,primary,3,3,171,0,3,07fd2f3cd420e22921e6880007abe77b25fdcf367969d1a978f27d834f6fa3a1
phase3_locked_full_v1,exploratory,locked,locked_benchmark,breast_cancer_wisconsin,mean_ensemble,confidence_distortion,0.4,primary,3,3,171,0,3,afc2b723d8b14f4810e14a84d6d5148a280db0b2a0e50a7da70843ff2d4faa31
phase3_locked_full_v1,exploratory,locked,locked_benchmark,breast_cancer_wisconsin,static_weighted_ensemble,confidence_distortion,0.4,primary,3,3,171,0,3,cbd0f8632b9327ebd54a2e8024e4833b40a592bac9e21131a173cbfdd97f8f97
phase3_locked_full_v1,exploratory,locked,locked_benchmark,breast_cancer_wisconsin,veto_mavs,confidence_distortion,0.4,primary,3,3,171,171,3,a32c22c84b0fde4f4068b5fc85da9009679c6cb10d83b75a77a9851a381d9dc3
phase3_locked_full_v1,exploratory,locked,locked_benchmark,breast_cancer_wisconsin,pure_mavs_gc,confidence_distortion,0.4,primary,3,3,171,171,3,8abf4bf313256f3ae8d8928a4dc517dfed59d52d4db97239b09003746b1b01ca
phase3_locked_full_v1,exploratory,locked,locked_benchmark,breast_cancer_wisconsin,single_model,confidence_distortion,0.4,shadow,2,2,114,0,2,09c7cb8ff8a0ee0bfee57547d70c9268890f76f7b66658949242f2bcd3613dd2
phase3_locked_full_v1,exploratory,locked,locked_benchmark,breast_cancer_wisconsin,mean_ensemble,confidence_distortion,0.4,shadow,2,2,114,0,2,f0a8e9bb338db42206926c1f698dfbcbec5c54a624c51a2f87683d27cd92e4f5
phase3_locked_full_v1,exploratory,locked,locked_benchmark,breast_cancer_wisconsin,static_weighted_ensemble,confidence_distortion,0.4,shadow,2,2,114,0,2,6748e2342c1cee0fd81f4ac98595c4d92a4b4951c265773127424c9536f27fc7
phase3_locked_full_v1,exploratory,locked,locked_benchmark,breast_cancer_wisconsin,veto_mavs,confidence_distortion,0.4,shadow,2,2,114,114,2,8ba00902703d04daa1e1178850d84ce9db523654b6bf0b9bd4a05a43ae356b2d
phase3_locked_full_v1,exploratory,locked,locked_benchmark,breast_cancer_wisconsin,pure_mavs_gc,confidence_distortion,0.4,shadow,2,2,114,114,2,72f903afbaf59ab45f56bdf83f327e6cc27b3435c2ad7c9f3a0cb76066484ec1
phase3_locked_full_v1,exploratory,locked,locked_benchmark,breast_cancer_wisconsin,single_model,confidence_distortion,0.6,primary,3,3,171,0,3,87038d7654050ef619d108a22b748354279c00791335d2fbd5aa69d2348a359d
phase3_locked_full_v1,exploratory,locked,locked_benchmark,breast_cancer_wisconsin,mean_ensemble,confidence_distortion,0.6,primary,3,3,171,0,3,68697c8cd6b033c497ed5fb2a5f4c1dfa4ff312e396f80cf8ce260f3119c47ba
phase3_locked_full_v1,exploratory,locked,locked_benchmark,breast_cancer_wisconsin,static_weighted_ensemble,confidence_distortion,0.6,primary,3,3,171,0,3,cb7e74a49abdbeca24f0bad80be4c4306930f879334f0858c8ce28f99cb8f6e0
phase3_locked_full_v1,exploratory,locked,locked_benchmark,breast_cancer_wisconsin,veto_mavs,confidence_distortion,0.6,primary,3,3,171,171,3,583524922b7689221c0f540d00df3e04946fe007ab8607520e14a783e13c8341
phase3_locked_full_v1,exploratory,locked,locked_benchmark,breast_cancer_wisconsin,pure_mavs_gc,confidence_distortion,0.6,primary,3,3,171,171,3,9ed677f0765c74e836b66e6845d968219e96506b6fdcd5277023d7a5240f6883
phase3_locked_full_v1,exploratory,locked,locked_benchmark,breast_cancer_wisconsin,single_model,confidence_distortion,0.6,shadow,2,2,114,0,2,6e1c913fa5d6c7a1a713e337e7d6087858e100c017e3c0a123f186c050189f8d
phase3_locked_full_v1,exploratory,locked,locked_benchmark,breast_cancer_wisconsin,mean_ensemble,confidence_distortion,0.6,shadow,2,2,114,0,2,361d5f0cfb9957a9c8829aef54e4609e744550628beb08f66eac25db93ed2208
phase3_locked_full_v1,exploratory,locked,locked_benchmark,breast_cancer_wisconsin,static_weighted_ensemble,confidence_distortion,0.6,shadow,2,2,114,0,2,21ec2f869a5fd239489fb18a518586cf6d0b79e15f3199c5a039b0299fe6ba5f
phase3_locked_full_v1,exploratory,locked,locked_benchmark,breast_cancer_wisconsin,veto_mavs,confidence_distortion,0.6,shadow,2,2,114,114,2,60047c66fa9e42c83979f2dabbae11330aede3df5455ab3cd015e8b7fafc5be2
phase3_locked_full_v1,exploratory,locked,locked_benchmark,breast_cancer_wisconsin,pure_mavs_gc,confidence_distortion,0.6,shadow,2,2,114,114,2,b60e108e32ac973efe73fd0afe0b23d077d62ee60acf317ce92175b3cb948778
phase3_locked_full_v1,exploratory,locked,locked_benchmark,breast_cancer_wisconsin,single_model,confidence_distortion,0.8,primary,3,3,171,0,3,d3604b0304f6e823bd8268fc87f30f3c1c51af108b6f82f89d4276c587f15941
phase3_locked_full_v1,exploratory,locked,locked_benchmark,breast_cancer_wisconsin,mean_ensemble,confidence_distortion,0.8,primary,3,3,171,0,3,a80ffa88b39f15e68e556d4268b9f3f59b086cdf8caca9801faa8d4bedae4f8f
phase3_locked_full_v1,exploratory,locked,locked_benchmark,breast_cancer_wisconsin,static_weighted_ensemble,confidence_distortion,0.8,primary,3,3,171,0,3,aec4e50a6adf66cb749f2e0e6a9f3cdc16fd16f7fb9760ee23b32ad56b95e107
phase3_locked_full_v1,exploratory,locked,locked_benchmark,breast_cancer_wisconsin,veto_mavs,confidence_distortion,0.8,primary,3,3,171,171,3,550a7e3733ba2281f648b79d536fc645fb356059e5229d907291b59b212e50c0
phase3_locked_full_v1,exploratory,locked,locked_benchmark,breast_cancer_wisconsin,pure_mavs_gc,confidence_distortion,0.8,primary,3,3,171,171,3,8bc4406cb68d4ffeb88982e1fb54ee291e6c98e7c47a11fa46f3076d40e35575
phase3_locked_full_v1,exploratory,locked,locked_benchmark,breast_cancer_wisconsin,single_model,confidence_distortion,0.8,shadow,2,2,114,0,2,414d9b2d153ea647372bcc5a4ff59d6d795faa845dddeeec23124dcb261226b2
phase3_locked_full_v1,exploratory,locked,locked_benchmark,breast_cancer_wisconsin,mean_ensemble,confidence_distortion,0.8,shadow,2,2,114,0,2,5616dd498eb8a067233c0a5d777716f87dca3baac911a8ca9109b37eb53464bc
phase3_locked_full_v1,exploratory,locked,locked_benchmark,breast_cancer_wisconsin,static_weighted_ensemble,confidence_distortion,0.8,shadow,2,2,114,0,2,6308b9f6cee642d8af322d902c124e5d1d17271b57b0aa70c5a3a8599cb32884
phase3_locked_full_v1,exploratory,locked,locked_benchmark,breast_cancer_wisconsin,veto_mavs,confidence_distortion,0.8,shadow,2,2,114,114,2,6b7ed15f44a797a8e942a056de59be5721ca3628fecc51548120fb4dfe60c7c5
phase3_locked_full_v1,exploratory,locked,locked_benchmark,breast_cancer_wisconsin,pure_mavs_gc,confidence_distortion,0.8,shadow,2,2,114,114,2,a47e51b9a15b7e5ec6d704a899bd4a39057f0662168b8018fd483c096082d5bc
phase3_locked_full_v1,exploratory,locked,locked_benchmark,breast_cancer_wisconsin,single_model,confidence_distortion,1.0,primary,3,3,171,0,3,21a17255784de7b89cf04a51c03b6943f7a5d33c9a286521ca1a23201d61baf5
phase3_locked_full_v1,exploratory,locked,locked_benchmark,breast_cancer_wisconsin,mean_ensemble,confidence_distortion,1.0,primary,3,3,171,0,3,89b85ffd031a4f538d0a29b3b7bd4ce117642e66be226654017705ff5ae789dc
phase3_locked_full_v1,exploratory,locked,locked_benchmark,breast_cancer_wisconsin,static_weighted_ensemble,confidence_distortion,1.0,primary,3,3,171,0,3,90ef4313ae20d67b433fe30f583262a1236b2aa1d605cfb86dbe1f1717ce0691
phase3_locked_full_v1,exploratory,locked,locked_benchmark,breast_cancer_wisconsin,veto_mavs,confidence_distortion,1.0,primary,3,3,171,171,3,921e4ec02619b086ed5eac56733a6825cf754e81939d1a495a241fdd64f7ab5b
phase3_locked_full_v1,exploratory,locked,locked_benchmark,breast_cancer_wisconsin,pure_mavs_gc,confidence_distortion,1.0,primary,3,3,171,171,3,7a305cbdfcb34e4d436de71c191b93f81a029e0b670b3694466fb29d690a2d4e
phase3_locked_full_v1,exploratory,locked,locked_benchmark,breast_cancer_wisconsin,single_model,confidence_distortion,1.0,shadow,2,2,114,0,2,309c87f85b5a00c73688652c076aca22c651ee27c0ab523be32730ccac9144c7
phase3_locked_full_v1,exploratory,locked,locked_benchmark,breast_cancer_wisconsin,mean_ensemble,confidence_distortion,1.0,shadow,2,2,114,0,2,617e444cc0abae76c5dea00adbe3e26d186313aa051983d7da712187581cec9b
phase3_locked_full_v1,exploratory,locked,locked_benchmark,breast_cancer_wisconsin,static_weighted_ensemble,confidence_distortion,1.0,shadow,2,2,114,0,2,a586948592a2b56b6e4271a29bfbfa154cfca12860d89037dbb499ba2811b720
phase3_locked_full_v1,exploratory,locked,locked_benchmark,breast_cancer_wisconsin,veto_mavs,confidence_distortion,1.0,shadow,2,2,114,114,2,0830611fe625406f07278c38b9f66183af74eb733748007fa7e38c8fbc2a3ed4
phase3_locked_full_v1,exploratory,locked,locked_benchmark,breast_cancer_wisconsin,pure_mavs_gc,confidence_distortion,1.0,shadow,2,2,114,114,2,9c51ac4fa339126d5b952e96d8d147a502cb2dadee99de2e9df3874cfbd82f27
phase3_locked_full_v1,exploratory,locked,locked_benchmark,breast_cancer_wisconsin,single_model,adversarial_confidence_inflation,0.0,primary,3,3,171,0,3,fbf65e486bc8171c0caeb73cc1fed7edca0fec4b3400aacecda6056ad9f06ce1
phase3_locked_full_v1,exploratory,locked,locked_benchmark,breast_cancer_wisconsin,mean_ensemble,adversarial_confidence_inflation,0.0,primary,3,3,171,0,3,179582fdf60217d3430bf1cec8e38126c75a5737b0c6655514d1a799b378fb70
phase3_locked_full_v1,exploratory,locked,locked_benchmark,breast_cancer_wisconsin,static_weighted_ensemble,adversarial_confidence_inflation,0.0,primary,3,3,171,0,3,7d2356ca4c1594b006186ad606316c7a7026613377101ab105786b43ed74b6f7
phase3_locked_full_v1,exploratory,locked,locked_benchmark,breast_cancer_wisconsin,veto_mavs,adversarial_confidence_inflation,0.0,primary,3,3,171,171,3,ba96eedb76e18ba32717398346e4f64fce447d7cdce4712fb337cd16807fa236
phase3_locked_full_v1,exploratory,locked,locked_benchmark,breast_cancer_wisconsin,pure_mavs_gc,adversarial_confidence_inflation,0.0,primary,3,3,171,171,3,1a71a9c3c2ceab970981b90a26cc721a6a1489aa680ff14e9ed0ea219362c01b
phase3_locked_full_v1,exploratory,locked,locked_benchmark,breast_cancer_wisconsin,single_model,adversarial_confidence_inflation,0.0,shadow,2,2,114,0,2,bdb54cb6d12bf61553098bdcabf0905cbe8c0f0c0ec7dc384b49a6d07ff2b5a5
phase3_locked_full_v1,exploratory,locked,locked_benchmark,breast_cancer_wisconsin,mean_ensemble,adversarial_confidence_inflation,0.0,shadow,2,2,114,0,2,3e27a07219731e2b01696eb3dc8db8c7e0fd460c0a4139135bb745f7617191ba
phase3_locked_full_v1,exploratory,locked,locked_benchmark,breast_cancer_wisconsin,static_weighted_ensemble,adversarial_confidence_inflation,0.0,shadow,2,2,114,0,2,95ca72ee40faae0732f95c35b15d00c5d951c4e018094db26c00893773230bd3
phase3_locked_full_v1,exploratory,locked,locked_benchmark,breast_cancer_wisconsin,veto_mavs,adversarial_confidence_inflation,0.0,shadow,2,2,114,114,2,4910258185d17233642ec5da35d4f9db55b2049f2f8add87da6fca5cdf4492cd
phase3_locked_full_v1,exploratory,locked,locked_benchmark,breast_cancer_wisconsin,pure_mavs_gc,adversarial_confidence_inflation,0.0,shadow,2,2,114,114,2,60362f5bdacd2ffe54d2be524037774483dc2033b04d415667af13ce624c28ff
phase3_locked_full_v1,exploratory,locked,locked_benchmark,breast_cancer_wisconsin,single_model,adversarial_confidence_inflation,0.05,primary,3,3,171,0,3,e2d56dc653d0f14a60ca51ddc87a2940a4a5406303b2405d45acffc18ba5453c
phase3_locked_full_v1,exploratory,locked,locked_benchmark,breast_cancer_wisconsin,mean_ensemble,adversarial_confidence_inflation,0.05,primary,3,3,171,0,3,92d771422a3eacec7012967388c3ed739a065130252d11f7f9c10842d46905b9
phase3_locked_full_v1,exploratory,locked,locked_benchmark,breast_cancer_wisconsin,static_weighted_ensemble,adversarial_confidence_inflation,0.05,primary,3,3,171,0,3,b32109f353a3e6f096e067cd271de18eea5e34173be18ba2e9c95683d3aea642
phase3_locked_full_v1,exploratory,locked,locked_benchmark,breast_cancer_wisconsin,veto_mavs,adversarial_confidence_inflation,0.05,primary,3,3,171,171,3,05775feb3418b4e0ca68dc56927d6953008b8fd5f811dae8dafc80a324ff8964
phase3_locked_full_v1,exploratory,locked,locked_benchmark,breast_cancer_wisconsin,pure_mavs_gc,adversarial_confidence_inflation,0.05,primary,3,3,171,171,3,f4f84c41f7c426d94b243d5c94482042025d7e3a1eef471bd4a4226866002ee0
phase3_locked_full_v1,exploratory,locked,locked_benchmark,breast_cancer_wisconsin,single_model,adversarial_confidence_inflation,0.05,shadow,2,2,114,0,2,569593f82e52223fd2569adef9f6f4a1a2ff284dff58aaaa52fab17d148b32fb
phase3_locked_full_v1,exploratory,locked,locked_benchmark,breast_cancer_wisconsin,mean_ensemble,adversarial_confidence_inflation,0.05,shadow,2,2,114,0,2,8397419db4c3fae424bafcbb966031e88c1da7d821cc764d347b0424849dac60
phase3_locked_full_v1,exploratory,locked,locked_benchmark,breast_cancer_wisconsin,static_weighted_ensemble,adversarial_confidence_inflation,0.05,shadow,2,2,114,0,2,2e4cd939f0b860674dbcf10e652142f7ef07a95db604dfb1bcc5420bb37f1d3c
phase3_locked_full_v1,exploratory,locked,locked_benchmark,breast_cancer_wisconsin,veto_mavs,adversarial_confidence_inflation,0.05,shadow,2,2,114,114,2,02a38bbc9986fffdff47fc19cfdf752f21a8e0183109c33d9b2fcc0072c6c628
phase3_locked_full_v1,exploratory,locked,locked_benchmark,breast_cancer_wisconsin,pure_mavs_gc,adversarial_confidence_inflation,0.05,shadow,2,2,114,114,2,27ba023c4e032e92e9c123256a70d7fb062d929c65529af619e7b25ebb8ce129
phase3_locked_full_v1,exploratory,locked,locked_benchmark,breast_cancer_wisconsin,single_model,adversarial_confidence_inflation,0.1,primary,3,3,171,0,3,81590b1f416b8400e995b5043604dd83844d7e991b2c83f0bfac5deb3cbace43
phase3_locked_full_v1,exploratory,locked,locked_benchmark,breast_cancer_wisconsin,mean_ensemble,adversarial_confidence_inflation,0.1,primary,3,3,171,0,3,d351dabdb1a75a94161f6cd791c0ea3cc778aad146cf5e2a5ed1873b70365c5d
phase3_locked_full_v1,exploratory,locked,locked_benchmark,breast_cancer_wisconsin,static_weighted_ensemble,adversarial_confidence_inflation,0.1,primary,3,3,171,0,3,3372d526b508f3896b1d6450a4febada6a52903f60cf98c62d591aacccbd53e6
phase3_locked_full_v1,exploratory,locked,locked_benchmark,breast_cancer_wisconsin,veto_mavs,adversarial_confidence_inflation,0.1,primary,3,3,171,171,3,855d01bf1bfa748924c2c32553bd630372c00f89fbb805a3d40a26fc082ee311
phase3_locked_full_v1,exploratory,locked,locked_benchmark,breast_cancer_wisconsin,pure_mavs_gc,adversarial_confidence_inflation,0.1,primary,3,3,171,171,3,d51fd1a6b1e6e8290f27020c051b07c7dbf9db8ac830dcbf35b2471bb711bc2b
phase3_locked_full_v1,exploratory,locked,locked_benchmark,breast_cancer_wisconsin,single_model,adversarial_confidence_inflation,0.1,shadow,2,2,114,0,2,48bbcf96aab229b5f979ec81c03e8b495f03beb3327d0d141b4f9847e96a1704
phase3_locked_full_v1,exploratory,locked,locked_benchmark,breast_cancer_wisconsin,mean_ensemble,adversarial_confidence_inflation,0.1,shadow,2,2,114,0,2,5894001931be3fb857929d051871507e899c9aee202cf668a9beea267471bcb1
phase3_locked_full_v1,exploratory,locked,locked_benchmark,breast_cancer_wisconsin,static_weighted_ensemble,adversarial_confidence_inflation,0.1,shadow,2,2,114,0,2,eaab09d2f9d06fec00420a5f18689b3e747f94b1ceb11b3c776a8f34e41faf67
phase3_locked_full_v1,exploratory,locked,locked_benchmark,breast_cancer_wisconsin,veto_mavs,adversarial_confidence_inflation,0.1,shadow,2,2,114,114,2,20939628b4f50a96467e3a6ebdb12fb49ed35e0a989b26047fdb4dd710ec10e5
phase3_locked_full_v1,exploratory,locked,locked_benchmark,breast_cancer_wisconsin,pure_mavs_gc,adversarial_confidence_inflation,0.1,shadow,2,2,114,114,2,4e51c8c100db271cf76457df2361eb7f1cd703ac8902e95988d2e02f45e51954
phase3_locked_full_v1,exploratory,locked,locked_benchmark,breast_cancer_wisconsin,single_model,adversarial_confidence_inflation,0.2,primary,3,3,171,0,3,0cb866594d6d33eb1914a67e4e4d0148af995ac8b8f9b773b0eef1fd302d93d8
phase3_locked_full_v1,exploratory,locked,locked_benchmark,breast_cancer_wisconsin,mean_ensemble,adversarial_confidence_inflation,0.2,primary,3,3,171,0,3,2e7c0320e1d273b9ab21245b2c5ed7140f899f5841e833d1af629d1e6c48a63b
phase3_locked_full_v1,exploratory,locked,locked_benchmark,breast_cancer_wisconsin,static_weighted_ensemble,adversarial_confidence_inflation,0.2,primary,3,3,171,0,3,51f6b170c08179a091e9c1cdf1ea18d4c09755889c822aa2bc7728bbb5257790
phase3_locked_full_v1,exploratory,locked,locked_benchmark,breast_cancer_wisconsin,veto_mavs,adversarial_confidence_inflation,0.2,primary,3,3,171,171,3,fddc081c4ff84eb015053d410029e4eefd773addc84be149d2475b48599a8950
phase3_locked_full_v1,exploratory,locked,locked_benchmark,breast_cancer_wisconsin,pure_mavs_gc,adversarial_confidence_inflation,0.2,primary,3,3,171,171,3,61eede13d88bc8ed62d1acaf657f65f697f10646ef57d5e7ac3a759c1064f1b4
phase3_locked_full_v1,exploratory,locked,locked_benchmark,breast_cancer_wisconsin,single_model,adversarial_confidence_inflation,0.2,shadow,2,2,114,0,2,6ccb27c06e02b5ca3ab351e785971acf44ec33036fde1c6404d2a9c23ec5264b
phase3_locked_full_v1,exploratory,locked,locked_benchmark,breast_cancer_wisconsin,mean_ensemble,adversarial_confidence_inflation,0.2,shadow,2,2,114,0,2,edbb05c7d7da6b4a6c4eb5b8fed1a91939bbd136373ad054526b505b336364c0
phase3_locked_full_v1,exploratory,locked,locked_benchmark,breast_cancer_wisconsin,static_weighted_ensemble,adversarial_confidence_inflation,0.2,shadow,2,2,114,0,2,55ccd68b9e66efc38588f24c303a9f47241c0915d90b4f0b952704dc3d621472
phase3_locked_full_v1,exploratory,locked,locked_benchmark,breast_cancer_wisconsin,veto_mavs,adversarial_confidence_inflation,0.2,shadow,2,2,114,114,2,19da53b979b344585759c4284697aed096f50dd89c511ae50349990f8140ad40
phase3_locked_full_v1,exploratory,locked,locked_benchmark,breast_cancer_wisconsin,pure_mavs_gc,adversarial_confidence_inflation,0.2,shadow,2,2,114,114,2,3a0020bd2eda918300e2ba50709cb96e6b0855eff82e773691092a123acce9df
phase3_locked_full_v1,exploratory,locked,locked_benchmark,breast_cancer_wisconsin,single_model,adversarial_confidence_inflation,0.4,primary,3,3,171,0,3,944ea3a4023c576091c45c894a909c6af356ca3f0eb91a5b6d06f42a27eedc4e
phase3_locked_full_v1,exploratory,locked,locked_benchmark,breast_cancer_wisconsin,mean_ensemble,adversarial_confidence_inflation,0.4,primary,3,3,171,0,3,23e543dbf04e91b10353b6878d0621988904260a824c342c720044b6f4a1857c
phase3_locked_full_v1,exploratory,locked,locked_benchmark,breast_cancer_wisconsin,static_weighted_ensemble,adversarial_confidence_inflation,0.4,primary,3,3,171,0,3,f7c70414d804fc0488930288958226b36ac4d6db71779cc9a2284719ec0ed990
phase3_locked_full_v1,exploratory,locked,locked_benchmark,breast_cancer_wisconsin,veto_mavs,adversarial_confidence_inflation,0.4,primary,3,3,171,171,3,c29693432a3d745fa71e317a068df83724093b33328024fa6b2a983bfa50907f
phase3_locked_full_v1,exploratory,locked,locked_benchmark,breast_cancer_wisconsin,pure_mavs_gc,adversarial_confidence_inflation,0.4,primary,3,3,171,171,3,c6f52f296d9cf25682c46b31fc263ec98c83d76f91166fbfe537b8317c96787b
phase3_locked_full_v1,exploratory,locked,locked_benchmark,breast_cancer_wisconsin,single_model,adversarial_confidence_inflation,0.4,shadow,2,2,114,0,2,3e75553dbf105800f1ac8c8c6bac7b7c7344fb02aa45bf1c234a48d2ac6f2d90
phase3_locked_full_v1,exploratory,locked,locked_benchmark,breast_cancer_wisconsin,mean_ensemble,adversarial_confidence_inflation,0.4,shadow,2,2,114,0,2,38f367bf03da7794326b0348500a24bf3ac1bd170d1ee00bc4e09936f9da161b
phase3_locked_full_v1,exploratory,locked,locked_benchmark,breast_cancer_wisconsin,static_weighted_ensemble,adversarial_confidence_inflation,0.4,shadow,2,2,114,0,2,61e1c3fd03a153031d7fa3dd7fd81bb8b6c039b11895c26370be915aafafe83e
phase3_locked_full_v1,exploratory,locked,locked_benchmark,breast_cancer_wisconsin,veto_mavs,adversarial_confidence_inflation,0.4,shadow,2,2,114,114,2,7dde1240a18812bcc3eba040d8345984d3623f54e51bd3db3ec52c1148ea771b
phase3_locked_full_v1,exploratory,locked,locked_benchmark,breast_cancer_wisconsin,pure_mavs_gc,adversarial_confidence_inflation,0.4,shadow,2,2,114,114,2,19fb7e3d94f4abaa5e87e4db3594e977ce4e1413da4a4fed084a3a2e9ce5316f
phase3_locked_full_v1,exploratory,locked,locked_benchmark,breast_cancer_wisconsin,single_model,adversarial_confidence_inflation,0.6,primary,3,3,171,0,3,816d678afd965e3d4fce0c528e11820ca82fc7e355349c3b316041e1631537cc
phase3_locked_full_v1,exploratory,locked,locked_benchmark,breast_cancer_wisconsin,mean_ensemble,adversarial_confidence_inflation,0.6,primary,3,3,171,0,3,d0266fe9d9a67c16cb1921479c019c7e608a219e91ff67c2960e3d9763ed81e2
phase3_locked_full_v1,exploratory,locked,locked_benchmark,breast_cancer_wisconsin,static_weighted_ensemble,adversarial_confidence_inflation,0.6,primary,3,3,171,0,3,a37750a7ff35e09e7c8f4b3971647ed8fb6907baa9c79dfd28b35e34ab71a31f
phase3_locked_full_v1,exploratory,locked,locked_benchmark,breast_cancer_wisconsin,veto_mavs,adversarial_confidence_inflation,0.6,primary,3,3,171,171,3,5b4634b53c69cbb52f0bc71d9a52669d6cdf06d40a73a655abe6043043ae39a0
phase3_locked_full_v1,exploratory,locked,locked_benchmark,breast_cancer_wisconsin,pure_mavs_gc,adversarial_confidence_inflation,0.6,primary,3,3,171,171,3,234ababccff3cac3dab2262bb74aa1f7716edc9c1ca2936b7812f06bea149048
phase3_locked_full_v1,exploratory,locked,locked_benchmark,breast_cancer_wisconsin,single_model,adversarial_confidence_inflation,0.6,shadow,2,2,114,0,2,6c5f2b6e7210a9a57dd3cc96286a3c78894f1dadcefbaafb281d268e13da264b
phase3_locked_full_v1,exploratory,locked,locked_benchmark,breast_cancer_wisconsin,mean_ensemble,adversarial_confidence_inflation,0.6,shadow,2,2,114,0,2,268fd9f667a46ebfe330f2b18b4732d0414b4f3978f338776cb29145934fb696
phase3_locked_full_v1,exploratory,locked,locked_benchmark,breast_cancer_wisconsin,static_weighted_ensemble,adversarial_confidence_inflation,0.6,shadow,2,2,114,0,2,0f47b664d520b2dac3b69e883bcdcc48e0aa2556f37bd6f64b6bde13ae9d8236
phase3_locked_full_v1,exploratory,locked,locked_benchmark,breast_cancer_wisconsin,veto_mavs,adversarial_confidence_inflation,0.6,shadow,2,2,114,114,2,a29bb9647b95b65b07f9e51ae9b7ded2d87fb8c151aae614db5724c57614f904
phase3_locked_full_v1,exploratory,locked,locked_benchmark,breast_cancer_wisconsin,pure_mavs_gc,adversarial_confidence_inflation,0.6,shadow,2,2,114,114,2,edb7a2b9ac714f09c29e381f46d99ff92dbe7320be074fe61ebbe0a39c334fdc
phase3_locked_full_v1,exploratory,locked,locked_benchmark,breast_cancer_wisconsin,single_model,adversarial_confidence_inflation,0.8,primary,3,3,171,0,3,da14c8f63459e302bef77e8ea29f69a5d0502fb9ff0aed9ae02ca2da7b62e49a
phase3_locked_full_v1,exploratory,locked,locked_benchmark,breast_cancer_wisconsin,mean_ensemble,adversarial_confidence_inflation,0.8,primary,3,3,171,0,3,2420005a7bc3816e95b816f03c6f0055b3e317a2bb7b4927d04d8fbfdaf3caa4
phase3_locked_full_v1,exploratory,locked,locked_benchmark,breast_cancer_wisconsin,static_weighted_ensemble,adversarial_confidence_inflation,0.8,primary,3,3,171,0,3,6c68200ef959d8920a1a7163fe5854cd039bc15c165ad30cb297f12cf49697a3
phase3_locked_full_v1,exploratory,locked,locked_benchmark,breast_cancer_wisconsin,veto_mavs,adversarial_confidence_inflation,0.8,primary,3,3,171,171,3,42b237bfab49c2b41604e0ba06cad9354ba7000cc49f6178af56b88fe798126b
phase3_locked_full_v1,exploratory,locked,locked_benchmark,breast_cancer_wisconsin,pure_mavs_gc,adversarial_confidence_inflation,0.8,primary,3,3,171,171,3,c86ff87f4493459582ba319b39062ea66823e77e388c7c4f1632184e9befdb4a
phase3_locked_full_v1,exploratory,locked,locked_benchmark,breast_cancer_wisconsin,single_model,adversarial_confidence_inflation,0.8,shadow,2,2,114,0,2,94eb8d4bb5a1ea3ab95502845d6518b987aa1e3fd8b4f92d998288a136f4b0c6
phase3_locked_full_v1,exploratory,locked,locked_benchmark,breast_cancer_wisconsin,mean_ensemble,adversarial_confidence_inflation,0.8,shadow,2,2,114,0,2,1e214712274a8142a45f18e271180878dbde0e321a90fbd098429f1aec629b5b
phase3_locked_full_v1,exploratory,locked,locked_benchmark,breast_cancer_wisconsin,static_weighted_ensemble,adversarial_confidence_inflation,0.8,shadow,2,2,114,0,2,c82a03fb36ee04ed77d5cecefe16000ea068905c9ce25abfa2293ee4e6b95c8f
phase3_locked_full_v1,exploratory,locked,locked_benchmark,breast_cancer_wisconsin,veto_mavs,adversarial_confidence_inflation,0.8,shadow,2,2,114,114,2,6f65b9175a6e9bba2338dc5e84cd452b984538149fe8ae2912753b0c98efa548
phase3_locked_full_v1,exploratory,locked,locked_benchmark,breast_cancer_wisconsin,pure_mavs_gc,adversarial_confidence_inflation,0.8,shadow,2,2,114,114,2,b55c2e96cc6649c12221491c0c43a3063ff1c03bfee4f7edf69fe7c3e23d87bb
phase3_locked_full_v1,exploratory,locked,locked_benchmark,breast_cancer_wisconsin,single_model,adversarial_confidence_inflation,1.0,primary,3,3,171,0,3,cb510794cc42a527ef695cd3a053109111594d44816efb251fd3cfc85acdd373
phase3_locked_full_v1,exploratory,locked,locked_benchmark,breast_cancer_wisconsin,mean_ensemble,adversarial_confidence_inflation,1.0,primary,3,3,171,0,3,cd5491051d1e62a4ada9abb891028aba33b0a675d72cf96c4d65665381190edf
phase3_locked_full_v1,exploratory,locked,locked_benchmark,breast_cancer_wisconsin,static_weighted_ensemble,adversarial_confidence_inflation,1.0,primary,3,3,171,0,3,478408c77273cc6d91aefd043c026b148de655b588f47860fb1eca942f858a7e
phase3_locked_full_v1,exploratory,locked,locked_benchmark,breast_cancer_wisconsin,veto_mavs,adversarial_confidence_inflation,1.0,primary,3,3,171,171,3,387a25ee26f17e19b977bc41932d78e7596090c61a6ed7a45a842640a55e4745
phase3_locked_full_v1,exploratory,locked,locked_benchmark,breast_cancer_wisconsin,pure_mavs_gc,adversarial_confidence_inflation,1.0,primary,3,3,171,171,3,c6db64fa459c1ced679299028b5b08460edaffa5c9d7959a0da0c2807f577db0
phase3_locked_full_v1,exploratory,locked,locked_benchmark,breast_cancer_wisconsin,single_model,adversarial_confidence_inflation,1.0,shadow,2,2,114,0,2,54c967d0e3a60ceae5c12d9308e4c1e234adedb6f5d72fdde7a0483aefce843a
phase3_locked_full_v1,exploratory,locked,locked_benchmark,breast_cancer_wisconsin,mean_ensemble,adversarial_confidence_inflation,1.0,shadow,2,2,114,0,2,f278c43f7339df7fb14e89473da6b10e48d8184a30d57e2dd42944300a5f7d37
phase3_locked_full_v1,exploratory,locked,locked_benchmark,breast_cancer_wisconsin,static_weighted_ensemble,adversarial_confidence_inflation,1.0,shadow,2,2,114,0,2,692ab3654479ba2c4bb242116c9f5fcf936637efc470e20fef31ad4f8c0bf35c
phase3_locked_full_v1,exploratory,locked,locked_benchmark,breast_cancer_wisconsin,veto_mavs,adversarial_confidence_inflation,1.0,shadow,2,2,114,114,2,1894599d71470a002bfc460b796261fb271809f9c143035ce656b8677287ee0a
phase3_locked_full_v1,exploratory,locked,locked_benchmark,breast_cancer_wisconsin,pure_mavs_gc,adversarial_confidence_inflation,1.0,shadow,2,2,114,114,2,64b27e2a2b443313bb68fdd6cca9bbbe363810395d70d6640f0cc16d696f7054
phase3_locked_full_v1,exploratory,locked,locked_benchmark,breast_cancer_wisconsin,single_model,distribution_shift,0.0,primary,3,3,171,0,3,07810375291be6b4e7d0cc0a5291a07a7297281ca9626bbe618c58b13460db69
phase3_locked_full_v1,exploratory,locked,locked_benchmark,breast_cancer_wisconsin,mean_ensemble,distribution_shift,0.0,primary,3,3,171,0,3,9b317f3292784ab22ca924f06915b41d2335990eb4cd2eaa8921a8b08879b28c
phase3_locked_full_v1,exploratory,locked,locked_benchmark,breast_cancer_wisconsin,static_weighted_ensemble,distribution_shift,0.0,primary,3,3,171,0,3,fe67a3da594f6d23ea70bb72db775183294127eb5f4a563e08b5b00a9f1f26be
phase3_locked_full_v1,exploratory,locked,locked_benchmark,breast_cancer_wisconsin,veto_mavs,distribution_shift,0.0,primary,3,3,171,171,3,ec59b55b2eb48c11bd96bf2f27010dcb5d6b03d153d439878c7eb3b60816542f
phase3_locked_full_v1,exploratory,locked,locked_benchmark,breast_cancer_wisconsin,pure_mavs_gc,distribution_shift,0.0,primary,3,3,171,171,3,d61b66e4472389a3bd18ae92fcfd4becd9b10ca90bd0e96828659ca80a5d1264
phase3_locked_full_v1,exploratory,locked,locked_benchmark,breast_cancer_wisconsin,single_model,distribution_shift,0.0,shadow,2,2,114,0,2,3fb3746e3c438b4212d005b346e5416c81f84914627301e1ec99e88a808df666
phase3_locked_full_v1,exploratory,locked,locked_benchmark,breast_cancer_wisconsin,mean_ensemble,distribution_shift,0.0,shadow,2,2,114,0,2,43ec87dfa138805e8ea8f185aa29a1bc1bdbf9b2d905a89afa146fc86eeb31d6
phase3_locked_full_v1,exploratory,locked,locked_benchmark,breast_cancer_wisconsin,static_weighted_ensemble,distribution_shift,0.0,shadow,2,2,114,0,2,7a2bc31704da36c39124b06446cd1c7f648a6261f4268da70827278da6fd9048
phase3_locked_full_v1,exploratory,locked,locked_benchmark,breast_cancer_wisconsin,veto_mavs,distribution_shift,0.0,shadow,2,2,114,114,2,0411070dff09ddeee99217064793d920d1c113c20d388f171c06501d87acaf9a
phase3_locked_full_v1,exploratory,locked,locked_benchmark,breast_cancer_wisconsin,pure_mavs_gc,distribution_shift,0.0,shadow,2,2,114,114,2,1e8be47d1c954ebb8259900b59a3af54ee8a0523e0113ea3ee84115189fb05a5
phase3_locked_full_v1,exploratory,locked,locked_benchmark,breast_cancer_wisconsin,single_model,distribution_shift,0.05,primary,3,3,168,0,3,f18051ea494806b0e489d156227718c7adbe4143172e36e1e810e5d4369e0652
phase3_locked_full_v1,exploratory,locked,locked_benchmark,breast_cancer_wisconsin,mean_ensemble,distribution_shift,0.05,primary,3,3,168,0,3,1cf05742fed6c514b58e5a5601520ce6ad3fe2fc13723a1b5a7bf426d9d352bc
phase3_locked_full_v1,exploratory,locked,locked_benchmark,breast_cancer_wisconsin,static_weighted_ensemble,distribution_shift,0.05,primary,3,3,168,0,3,a683d00c56033f3a6e6944c27410ca5ab19aead3de5e5a47fcf13b43b96299c7
phase3_locked_full_v1,exploratory,locked,locked_benchmark,breast_cancer_wisconsin,veto_mavs,distribution_shift,0.05,primary,3,3,168,168,3,edb3a06ff1b524d3c7037eb15aa685fe2237ed9027826aba6142f22fd3b7c324
phase3_locked_full_v1,exploratory,locked,locked_benchmark,breast_cancer_wisconsin,pure_mavs_gc,distribution_shift,0.05,primary,3,3,168,168,3,8b0207aac3c53eb865a58cc9eba11db24f2b969031fa08e2c44f80abde0831ea
phase3_locked_full_v1,exploratory,locked,locked_benchmark,breast_cancer_wisconsin,single_model,distribution_shift,0.05,shadow,2,2,112,0,2,da6e86d42808a28b5144924c7909362c5d0623df07ea6766ca5c8cbb000a9e89
phase3_locked_full_v1,exploratory,locked,locked_benchmark,breast_cancer_wisconsin,mean_ensemble,distribution_shift,0.05,shadow,2,2,112,0,2,d29db0e310e9ae3084522630fe4668ba074e26b93cb672f771731689c67c85b9
phase3_locked_full_v1,exploratory,locked,locked_benchmark,breast_cancer_wisconsin,static_weighted_ensemble,distribution_shift,0.05,shadow,2,2,112,0,2,cedad96fb1b119637f87ae6fff2a1d567c1e6e3b1026499595c06c16f0a33906
phase3_locked_full_v1,exploratory,locked,locked_benchmark,breast_cancer_wisconsin,veto_mavs,distribution_shift,0.05,shadow,2,2,112,112,2,a2e4a1c6211b9776c85ff0a581666f9d514bbe05f2bbb149db1737d83dbfa924
phase3_locked_full_v1,exploratory,locked,locked_benchmark,breast_cancer_wisconsin,pure_mavs_gc,distribution_shift,0.05,shadow,2,2,112,112,2,d464b8177f7bd92dadd2b1fab0a135f83f3cea826fac5b792bb3c7a25f7bc4d2
phase3_locked_full_v1,exploratory,locked,locked_benchmark,breast_cancer_wisconsin,single_model,distribution_shift,0.1,primary,3,3,162,0,3,3027a5d7f950814ff43d5375fe52639e44c47678a25b75ce4fac5acae08eab25
phase3_locked_full_v1,exploratory,locked,locked_benchmark,breast_cancer_wisconsin,mean_ensemble,distribution_shift,0.1,primary,3,3,162,0,3,4cacc2120ba796ec0929723873265168d297a550d28b2879247c922093104888
phase3_locked_full_v1,exploratory,locked,locked_benchmark,breast_cancer_wisconsin,static_weighted_ensemble,distribution_shift,0.1,primary,3,3,162,0,3,a158fea0d41220d9c9e08c54c4aba47d1fa955f802e616fdc3800d8b621b55b7
phase3_locked_full_v1,exploratory,locked,locked_benchmark,breast_cancer_wisconsin,veto_mavs,distribution_shift,0.1,primary,3,3,162,162,3,a617d8f3a0b49090c41751f0bbb493d5b5c28610e3c457a5401b1ff6765bd19b
phase3_locked_full_v1,exploratory,locked,locked_benchmark,breast_cancer_wisconsin,pure_mavs_gc,distribution_shift,0.1,primary,3,3,162,162,3,2d3949e8bbdb18818a870c81e7f121b594310af3910351064423932e44296c0c
phase3_locked_full_v1,exploratory,locked,locked_benchmark,breast_cancer_wisconsin,single_model,distribution_shift,0.1,shadow,2,2,108,0,2,6f4717f0f0ef96b6621f3100a01d69578dd59f27674a13b7ef3364495393fad3
phase3_locked_full_v1,exploratory,locked,locked_benchmark,breast_cancer_wisconsin,mean_ensemble,distribution_shift,0.1,shadow,2,2,108,0,2,aed9c6bc0c1f20edb00621f8aa7b657c324d1380b834a33815d84651ab7ed57a
phase3_locked_full_v1,exploratory,locked,locked_benchmark,breast_cancer_wisconsin,static_weighted_ensemble,distribution_shift,0.1,shadow,2,2,108,0,2,1c765dc97699e02eb56eed96bbd3fadcd8f2349788af095e82111e6fa3e1be98
phase3_locked_full_v1,exploratory,locked,locked_benchmark,breast_cancer_wisconsin,veto_mavs,distribution_shift,0.1,shadow,2,2,108,108,2,4a29e030b9c4d12628451b8888e351fcf89a349b02ad90d6e95f181d6786661c
phase3_locked_full_v1,exploratory,locked,locked_benchmark,breast_cancer_wisconsin,pure_mavs_gc,distribution_shift,0.1,shadow,2,2,108,108,2,fe8cc55b302ec958a65d93737549174cbcb630ee75e1adbfd0f4cf92449631cf
phase3_locked_full_v1,exploratory,locked,locked_benchmark,breast_cancer_wisconsin,single_model,distribution_shift,0.2,primary,3,3,150,0,3,231f7f2d902e38fd46cf47b4710aec66ffc5dd8d03ac939b4b6da551fe4a1a46
phase3_locked_full_v1,exploratory,locked,locked_benchmark,breast_cancer_wisconsin,mean_ensemble,distribution_shift,0.2,primary,3,3,150,0,3,3bc2f86527b5e6173abded034a69c6bdbc12b97e2750d0ff07a9a82bb22b6b3c
phase3_locked_full_v1,exploratory,locked,locked_benchmark,breast_cancer_wisconsin,static_weighted_ensemble,distribution_shift,0.2,primary,3,3,150,0,3,31a80b07b914face59afc92aa8a8077351ff2037603eed244723908b1bca53c6
phase3_locked_full_v1,exploratory,locked,locked_benchmark,breast_cancer_wisconsin,veto_mavs,distribution_shift,0.2,primary,3,3,150,150,3,094c09db1c2512dd865e274b1f26cac3aecd14601167c8701da9937f389603e2
phase3_locked_full_v1,exploratory,locked,locked_benchmark,breast_cancer_wisconsin,pure_mavs_gc,distribution_shift,0.2,primary,3,3,150,150,3,997b5026255f60adf7ef03bcf155fec3682355b3a750bc3d94fe337479310f01
phase3_locked_full_v1,exploratory,locked,locked_benchmark,breast_cancer_wisconsin,single_model,distribution_shift,0.2,shadow,2,2,100,0,2,7a8d56b1c7fcc7b0b20509f4fd83dcc191c4aa7ba95512a8acd228bee1b8aeb1
phase3_locked_full_v1,exploratory,locked,locked_benchmark,breast_cancer_wisconsin,mean_ensemble,distribution_shift,0.2,shadow,2,2,100,0,2,0192a2b97bebbf69fd51ca14ff6fdec5125d141a2d48ce48130cd124c396081b
phase3_locked_full_v1,exploratory,locked,locked_benchmark,breast_cancer_wisconsin,static_weighted_ensemble,distribution_shift,0.2,shadow,2,2,100,0,2,88b945a7c598c7ed4111f8647ee4a31eff9e78107e85f171f19a1850b4aa37c9
phase3_locked_full_v1,exploratory,locked,locked_benchmark,breast_cancer_wisconsin,veto_mavs,distribution_shift,0.2,shadow,2,2,100,100,2,3cbc852d3f769cabfe02ca866ac797f30d7434ff52593bca16327773b61215c0
phase3_locked_full_v1,exploratory,locked,locked_benchmark,breast_cancer_wisconsin,pure_mavs_gc,distribution_shift,0.2,shadow,2,2,100,100,2,260de6217eebdca49c99a8a88b54c1e3f2c4ffac25b792d0736aac9289ee7d4f
phase3_locked_full_v1,exploratory,locked,locked_benchmark,breast_cancer_wisconsin,single_model,distribution_shift,0.4,primary,3,3,129,0,3,0ff48860f4e4ff72f2c3da60a6cc8c09c2a3b3e876993bd1492323471ce5ee6f
phase3_locked_full_v1,exploratory,locked,locked_benchmark,breast_cancer_wisconsin,mean_ensemble,distribution_shift,0.4,primary,3,3,129,0,3,7fcf50800b3f6f3921ad00fc6fbdf08558ea18a4d7879213120351b2ea11bf07
phase3_locked_full_v1,exploratory,locked,locked_benchmark,breast_cancer_wisconsin,static_weighted_ensemble,distribution_shift,0.4,primary,3,3,129,0,3,7765fe3064926dfc9be09286196270b68feea9dcbc63583b2939580b29e74eaa
phase3_locked_full_v1,exploratory,locked,locked_benchmark,breast_cancer_wisconsin,veto_mavs,distribution_shift,0.4,primary,3,3,129,129,3,798252ecbec853274342d6b1ca8820789d1d69fe9dddc1846301abed720e3b80
phase3_locked_full_v1,exploratory,locked,locked_benchmark,breast_cancer_wisconsin,pure_mavs_gc,distribution_shift,0.4,primary,3,3,129,129,3,70f186bb393b98a217597214bd7b368bca5b2a6cb50a32170dd2ba2c505f14dd
phase3_locked_full_v1,exploratory,locked,locked_benchmark,breast_cancer_wisconsin,single_model,distribution_shift,0.4,shadow,2,2,86,0,2,3b730fee0f6e1fe265df95dffe942d05dc4388a8f03ed7b8a1e57cd7fac35764
phase3_locked_full_v1,exploratory,locked,locked_benchmark,breast_cancer_wisconsin,mean_ensemble,distribution_shift,0.4,shadow,2,2,86,0,2,ce061a98406883736c954c38e777bc6b058c00834c54d0af9b97c93732bf95bf
phase3_locked_full_v1,exploratory,locked,locked_benchmark,breast_cancer_wisconsin,static_weighted_ensemble,distribution_shift,0.4,shadow,2,2,86,0,2,d5ced536ab191dbecd9ccea7abb7b7b5910d925137cbe717305dc56b714ca659
phase3_locked_full_v1,exploratory,locked,locked_benchmark,breast_cancer_wisconsin,veto_mavs,distribution_shift,0.4,shadow,2,2,86,86,2,5a5439312f9b85a239eec68843a9eb047e7459c3d8333801cc8f4550bf321f3e
phase3_locked_full_v1,exploratory,locked,locked_benchmark,breast_cancer_wisconsin,pure_mavs_gc,distribution_shift,0.4,shadow,2,2,86,86,2,0ea46a3589c1da803170cdb689e6f34392831fb2204e2e8cd6744b4604239ad9
phase3_locked_full_v1,exploratory,locked,locked_benchmark,breast_cancer_wisconsin,single_model,distribution_shift,0.6,primary,3,3,105,0,3,1d6b5ad748ce8f9b10e94b612b95b3a3d1f9edb279c07585edcedebbce650912
phase3_locked_full_v1,exploratory,locked,locked_benchmark,breast_cancer_wisconsin,mean_ensemble,distribution_shift,0.6,primary,3,3,105,0,3,0eb102b3a8cff74172a67993857ceb7af77586eface6a8733a81fdef72e0324b
phase3_locked_full_v1,exploratory,locked,locked_benchmark,breast_cancer_wisconsin,static_weighted_ensemble,distribution_shift,0.6,primary,3,3,105,0,3,c49450d41243bbe6eeb9450954d899ad0d6065094e16b94b4554f28d46e85855
phase3_locked_full_v1,exploratory,locked,locked_benchmark,breast_cancer_wisconsin,veto_mavs,distribution_shift,0.6,primary,3,3,105,105,3,c83d8ce413795575760091cf30a0213140d48b1143ccff112f08ca5099f344d7
phase3_locked_full_v1,exploratory,locked,locked_benchmark,breast_cancer_wisconsin,pure_mavs_gc,distribution_shift,0.6,primary,3,3,105,105,3,d8c7d19ddfaee0efa4334f16ac44b8146e1d970c6b0e91aa41f35a1e4098860a
phase3_locked_full_v1,exploratory,locked,locked_benchmark,breast_cancer_wisconsin,single_model,distribution_shift,0.6,shadow,2,2,70,0,2,686dca85cab81f2c1228dd6715327cd567b8ba7a6d1a270e702b23bfce85dcab
phase3_locked_full_v1,exploratory,locked,locked_benchmark,breast_cancer_wisconsin,mean_ensemble,distribution_shift,0.6,shadow,2,2,70,0,2,aa8b84f5fc5b6f2cb7090f77462a3f26f8365e9713c8a20dc67e79e93ef044fc
phase3_locked_full_v1,exploratory,locked,locked_benchmark,breast_cancer_wisconsin,static_weighted_ensemble,distribution_shift,0.6,shadow,2,2,70,0,2,a1f5f26ea731628e4017f668c1f1d589649c4121cb562e3ac19a60c2b5714c62
phase3_locked_full_v1,exploratory,locked,locked_benchmark,breast_cancer_wisconsin,veto_mavs,distribution_shift,0.6,shadow,2,2,70,70,2,f8065fee306770cdab90819696ea8b5a49efe6da06920804125e9c7526e0e351
phase3_locked_full_v1,exploratory,locked,locked_benchmark,breast_cancer_wisconsin,pure_mavs_gc,distribution_shift,0.6,shadow,2,2,70,70,2,f23e56e9173bb31694f346329e05b6f538b0582db9b713eb46afc9637afa7210
phase3_locked_full_v1,exploratory,locked,locked_benchmark,breast_cancer_wisconsin,single_model,distribution_shift,0.8,primary,3,3,84,0,3,a3c768a08529a83dacc51dda7e043457b86b40d9d233b063957b3c5ce67ec840
phase3_locked_full_v1,exploratory,locked,locked_benchmark,breast_cancer_wisconsin,mean_ensemble,distribution_shift,0.8,primary,3,3,84,0,3,3165280b49efae4176bef6dc8ddbf4fd1c300c4d812c986437bdeef19b1b4e5d
phase3_locked_full_v1,exploratory,locked,locked_benchmark,breast_cancer_wisconsin,static_weighted_ensemble,distribution_shift,0.8,primary,3,3,84,0,3,e1f4c382219a45460e4ae329bdafb182070563a39fed17a894ccb56a23792b27
phase3_locked_full_v1,exploratory,locked,locked_benchmark,breast_cancer_wisconsin,veto_mavs,distribution_shift,0.8,primary,3,3,84,84,3,3e4746aaee551f6f9168b14d6dcdbd1bfd5e0356d4a78130a5e411722b345ce7
phase3_locked_full_v1,exploratory,locked,locked_benchmark,breast_cancer_wisconsin,pure_mavs_gc,distribution_shift,0.8,primary,3,3,84,84,3,79ce7767bffe09abfaed9450e0673cef96d17275762ca51cffb4a71a4aa463f0
phase3_locked_full_v1,exploratory,locked,locked_benchmark,breast_cancer_wisconsin,single_model,distribution_shift,0.8,shadow,2,2,56,0,2,4ba69d89bbd9048ffa338fd55a597dc8ff8236bbbca38b25576df05016d87cb0
phase3_locked_full_v1,exploratory,locked,locked_benchmark,breast_cancer_wisconsin,mean_ensemble,distribution_shift,0.8,shadow,2,2,56,0,2,bcb8b7dfb8d0c7491512cec381754fdb3f74843132a18a3994dcde754dfe33e9
phase3_locked_full_v1,exploratory,locked,locked_benchmark,breast_cancer_wisconsin,static_weighted_ensemble,distribution_shift,0.8,shadow,2,2,56,0,2,ac70bda325688f262650edc342d11d81ed6e74652119aad2ddcc5a0aa9203317
phase3_locked_full_v1,exploratory,locked,locked_benchmark,breast_cancer_wisconsin,veto_mavs,distribution_shift,0.8,shadow,2,2,56,56,2,f0baf6afdb7cdfc26cb36a1a9e2ca037f46cc1c84949ea3860aa0b55f9f5d6ef
phase3_locked_full_v1,exploratory,locked,locked_benchmark,breast_cancer_wisconsin,pure_mavs_gc,distribution_shift,0.8,shadow,2,2,56,56,2,a927cc317ce4811c4d2a5663bef041be3d8a071fcc03ca43a4a80958fca6a118
phase3_locked_full_v1,exploratory,locked,locked_benchmark,breast_cancer_wisconsin,single_model,distribution_shift,1.0,primary,3,3,60,0,3,937baabafd8b33c0152b5f25e69ff21624f26d94b03f415ae2bd4a43d30b257f
phase3_locked_full_v1,exploratory,locked,locked_benchmark,breast_cancer_wisconsin,mean_ensemble,distribution_shift,1.0,primary,3,3,60,0,3,9212936d046e21ca9ee0471bac3190aebb0c7227a5c337524c1fe2180fbfe16a
phase3_locked_full_v1,exploratory,locked,locked_benchmark,breast_cancer_wisconsin,static_weighted_ensemble,distribution_shift,1.0,primary,3,3,60,0,3,015598b2a9d93cb336ec3073515150f8e1b295105ac95e4473b1e13fe3a8ff53
phase3_locked_full_v1,exploratory,locked,locked_benchmark,breast_cancer_wisconsin,veto_mavs,distribution_shift,1.0,primary,3,3,60,60,3,0d8fcb6328daeb951b7036c32befd378a654a33159f109703484cfdd86809990
phase3_locked_full_v1,exploratory,locked,locked_benchmark,breast_cancer_wisconsin,pure_mavs_gc,distribution_shift,1.0,primary,3,3,60,60,3,73b7f3c2d6abd40bc8b9abdf4924f28580f9bd8600c4ff341c988a4edcbe2719
phase3_locked_full_v1,exploratory,locked,locked_benchmark,breast_cancer_wisconsin,single_model,distribution_shift,1.0,shadow,2,2,40,0,2,dc5e35b6dcf5f87ec17bc0c8f1061c42a7b317da6006033d612749c0d17c072e
phase3_locked_full_v1,exploratory,locked,locked_benchmark,breast_cancer_wisconsin,mean_ensemble,distribution_shift,1.0,shadow,2,2,40,0,2,bc693c4ec059a0957846c07e6dbb43d04e13e7f1492bdab2607824ac9cf9d577
phase3_locked_full_v1,exploratory,locked,locked_benchmark,breast_cancer_wisconsin,static_weighted_ensemble,distribution_shift,1.0,shadow,2,2,40,0,2,861a8a0bff03455fcc45de1297c82612aa708355cfff711f378f42e74a8b7347
phase3_locked_full_v1,exploratory,locked,locked_benchmark,breast_cancer_wisconsin,veto_mavs,distribution_shift,1.0,shadow,2,2,40,40,2,61710ef7a6f0bf207cab435909b32713d405b6690631ac6a966e03ee26bd1d5d
phase3_locked_full_v1,exploratory,locked,locked_benchmark,breast_cancer_wisconsin,pure_mavs_gc,distribution_shift,1.0,shadow,2,2,40,40,2,e317f5fc3634fc293b030525a53d590312171296a386d224c08ebd0137f3d849
phase3_locked_full_v1,exploratory,locked,locked_benchmark,breast_cancer_wisconsin,single_model,synthetic_sensor_failure,0.0,primary,3,3,171,0,3,f05b00a9351d3382337221b7798bbb2861fcd20fd5fbf6e022aef2b0bf85c456
phase3_locked_full_v1,exploratory,locked,locked_benchmark,breast_cancer_wisconsin,mean_ensemble,synthetic_sensor_failure,0.0,primary,3,3,171,0,3,1f0756bfe3a3bbe7412cc3b49de7d1fe861dbfc188ba1d3c92021cc98ce68f17
phase3_locked_full_v1,exploratory,locked,locked_benchmark,breast_cancer_wisconsin,static_weighted_ensemble,synthetic_sensor_failure,0.0,primary,3,3,171,0,3,5e984f828bd797efb4788745065918fabc53fa34ede9a9e17bd2678bc34b1db8
phase3_locked_full_v1,exploratory,locked,locked_benchmark,breast_cancer_wisconsin,veto_mavs,synthetic_sensor_failure,0.0,primary,3,3,171,171,3,613dc55889eeb595d2437707a1c445fcda9624f48b5b79b97d3c2d785eb11d79
phase3_locked_full_v1,exploratory,locked,locked_benchmark,breast_cancer_wisconsin,pure_mavs_gc,synthetic_sensor_failure,0.0,primary,3,3,171,171,3,40ad1b85249abb2f0f0fa2563ea2ad155d2722bf4083f665eb88407865345cd0
phase3_locked_full_v1,exploratory,locked,locked_benchmark,breast_cancer_wisconsin,single_model,synthetic_sensor_failure,0.0,shadow,2,2,114,0,2,77c2381966191571dfdc917571479fafbf104247858db0d6d50dd8265b289444
phase3_locked_full_v1,exploratory,locked,locked_benchmark,breast_cancer_wisconsin,mean_ensemble,synthetic_sensor_failure,0.0,shadow,2,2,114,0,2,90ab8e0dcb6a9f8e797d4f92b745b62357b6a07e39218d27964c850e98c8a1b8
phase3_locked_full_v1,exploratory,locked,locked_benchmark,breast_cancer_wisconsin,static_weighted_ensemble,synthetic_sensor_failure,0.0,shadow,2,2,114,0,2,4290a9f7f64139325ad1ee3de1901e7423ad67e5ff1531fdadfc188e2ec0432f
phase3_locked_full_v1,exploratory,locked,locked_benchmark,breast_cancer_wisconsin,veto_mavs,synthetic_sensor_failure,0.0,shadow,2,2,114,114,2,a4e1dc1a3d49206ec290c40ddc05004573740c0fa8d6e276597299fadad1be03
phase3_locked_full_v1,exploratory,locked,locked_benchmark,breast_cancer_wisconsin,pure_mavs_gc,synthetic_sensor_failure,0.0,shadow,2,2,114,114,2,a5b1016ba4f064af98b76786122b32899f91d52e41d34e1316f6d79f2d5fa962
phase3_locked_full_v1,exploratory,locked,locked_benchmark,breast_cancer_wisconsin,single_model,synthetic_sensor_failure,0.05,primary,3,3,171,0,3,fdcf01f9fe9c49b2360ff5c6f2aec0f40ac5f62ed0c28599b30d0b8342760120
phase3_locked_full_v1,exploratory,locked,locked_benchmark,breast_cancer_wisconsin,mean_ensemble,synthetic_sensor_failure,0.05,primary,3,3,171,0,3,f08ea170df06c916ece6997de49758011c1382ca8c2eae34135798e7963b4896
phase3_locked_full_v1,exploratory,locked,locked_benchmark,breast_cancer_wisconsin,static_weighted_ensemble,synthetic_sensor_failure,0.05,primary,3,3,171,0,3,0cdd0b378f7e4f9b4945ce502b1f4f8c9cc2d9608a469148ca9c4f4838bd6372
phase3_locked_full_v1,exploratory,locked,locked_benchmark,breast_cancer_wisconsin,veto_mavs,synthetic_sensor_failure,0.05,primary,3,3,171,171,3,d28acdcb70cdda597711d1bc2d202e2e1ff83477ed9d60c9e93426898bb2bf4b
phase3_locked_full_v1,exploratory,locked,locked_benchmark,breast_cancer_wisconsin,pure_mavs_gc,synthetic_sensor_failure,0.05,primary,3,3,171,171,3,dc3b6660fdf3c2d30b34fed90e9221221ad585024bb7818457af67ba5262485d
phase3_locked_full_v1,exploratory,locked,locked_benchmark,breast_cancer_wisconsin,single_model,synthetic_sensor_failure,0.05,shadow,2,2,114,0,2,9b2b7e3a4c55049b7c633b7b7ad1001e8a2b4b285685cbb427e791adfbd655a2
phase3_locked_full_v1,exploratory,locked,locked_benchmark,breast_cancer_wisconsin,mean_ensemble,synthetic_sensor_failure,0.05,shadow,2,2,114,0,2,1a92193e82d95ec6f67912d50e8aa7a2afd518e220a2610629ee95c9171211ff
phase3_locked_full_v1,exploratory,locked,locked_benchmark,breast_cancer_wisconsin,static_weighted_ensemble,synthetic_sensor_failure,0.05,shadow,2,2,114,0,2,d20f63eed8a30ede1d465a71af68f8cac8148af913cec7db3cd93313d23272d6
phase3_locked_full_v1,exploratory,locked,locked_benchmark,breast_cancer_wisconsin,veto_mavs,synthetic_sensor_failure,0.05,shadow,2,2,114,114,2,c3cbebf23189e43b547bd7eae04c40c6fab587dd2f3e23fd79e296ce1ce051ef
phase3_locked_full_v1,exploratory,locked,locked_benchmark,breast_cancer_wisconsin,pure_mavs_gc,synthetic_sensor_failure,0.05,shadow,2,2,114,114,2,66c1b34fb69abd5362b064e4cd8846d2c5fc8611b3c3a11d6a94c4ec8a5392f9
phase3_locked_full_v1,exploratory,locked,locked_benchmark,breast_cancer_wisconsin,single_model,synthetic_sensor_failure,0.1,primary,3,3,171,0,3,54f1468e8d2b91b87b5ec4f7f3838fac999b853e98b99844ddaae35b0c79db5e
phase3_locked_full_v1,exploratory,locked,locked_benchmark,breast_cancer_wisconsin,mean_ensemble,synthetic_sensor_failure,0.1,primary,3,3,171,0,3,3bfab788b663f478217dda21f55c7564cf84dc2d390097bfee922ed4ebc88ddd
phase3_locked_full_v1,exploratory,locked,locked_benchmark,breast_cancer_wisconsin,static_weighted_ensemble,synthetic_sensor_failure,0.1,primary,3,3,171,0,3,6f925c4ecf92c3ea0f57e61145855059db1945711958cb90c70d083b452621d2
phase3_locked_full_v1,exploratory,locked,locked_benchmark,breast_cancer_wisconsin,veto_mavs,synthetic_sensor_failure,0.1,primary,3,3,171,171,3,23d12c76df4afcb8e7095cc6b9e2b66c9c822fdcb98a8adbfe1ece89afc6cd56
phase3_locked_full_v1,exploratory,locked,locked_benchmark,breast_cancer_wisconsin,pure_mavs_gc,synthetic_sensor_failure,0.1,primary,3,3,171,171,3,c9614a2bfca181eab0d186b31435e9e8ab194c619d6854a683a61a0d02488cad
phase3_locked_full_v1,exploratory,locked,locked_benchmark,breast_cancer_wisconsin,single_model,synthetic_sensor_failure,0.1,shadow,2,2,114,0,2,afdb780d8662214abeff6805e8d7049b9f1ed19a3e409ed1ec791586f383ff8d
phase3_locked_full_v1,exploratory,locked,locked_benchmark,breast_cancer_wisconsin,mean_ensemble,synthetic_sensor_failure,0.1,shadow,2,2,114,0,2,e5442d8761a7c02e53886ca4cfe4dda8f63dbe4457a0687a5e2ba3a6a22bcacb
phase3_locked_full_v1,exploratory,locked,locked_benchmark,breast_cancer_wisconsin,static_weighted_ensemble,synthetic_sensor_failure,0.1,shadow,2,2,114,0,2,4746a7e17bfeb3ebbbb4ae8dafb851258acc1e9b4ad52b76df92bdfe563fc724
phase3_locked_full_v1,exploratory,locked,locked_benchmark,breast_cancer_wisconsin,veto_mavs,synthetic_sensor_failure,0.1,shadow,2,2,114,114,2,ca03f003f6fa544669a663c431c147a3147da4d8b3c65fd1c35e4538cb618fc8
phase3_locked_full_v1,exploratory,locked,locked_benchmark,breast_cancer_wisconsin,pure_mavs_gc,synthetic_sensor_failure,0.1,shadow,2,2,114,114,2,74d0984390b2e6be8fa5713248d8a2670a8ee2293368bab36bde3194a97ebc1d
phase3_locked_full_v1,exploratory,locked,locked_benchmark,breast_cancer_wisconsin,single_model,synthetic_sensor_failure,0.2,primary,3,3,171,0,3,f042ed8517cee31a94cd5c97eb294bdbcb8cb707e9fc55c1837ce3774bffb6f1
phase3_locked_full_v1,exploratory,locked,locked_benchmark,breast_cancer_wisconsin,mean_ensemble,synthetic_sensor_failure,0.2,primary,3,3,171,0,3,9cecf5f9d80d56ece0657a043e7469f2d566cbc85c55462bfccb2c87b1521267
phase3_locked_full_v1,exploratory,locked,locked_benchmark,breast_cancer_wisconsin,static_weighted_ensemble,synthetic_sensor_failure,0.2,primary,3,3,171,0,3,16ac9348d71dd7c86d04b1f66a5a5b7481202955b3c5b6bc8b78f91ea9e8bdeb
phase3_locked_full_v1,exploratory,locked,locked_benchmark,breast_cancer_wisconsin,veto_mavs,synthetic_sensor_failure,0.2,primary,3,3,171,171,3,99ba4d0a76bfd3d661f3015e1ce69582eb07596ce8d0980d8f92a7fcca911556
phase3_locked_full_v1,exploratory,locked,locked_benchmark,breast_cancer_wisconsin,pure_mavs_gc,synthetic_sensor_failure,0.2,primary,3,3,171,171,3,6d4e8509f788bcc80befb2c3537b15ebe5bbc94b35e7da4eeb17de30e7623ae8
phase3_locked_full_v1,exploratory,locked,locked_benchmark,breast_cancer_wisconsin,single_model,synthetic_sensor_failure,0.2,shadow,2,2,114,0,2,a6a01d4768d81951557aa5269366472a3a9217414c0e060a148d427f67988eb3
phase3_locked_full_v1,exploratory,locked,locked_benchmark,breast_cancer_wisconsin,mean_ensemble,synthetic_sensor_failure,0.2,shadow,2,2,114,0,2,10e6e3d140f20fe6c908a996dbfee79cfd4c7aeb9a6e9616b202a4d04ecebf3b
phase3_locked_full_v1,exploratory,locked,locked_benchmark,breast_cancer_wisconsin,static_weighted_ensemble,synthetic_sensor_failure,0.2,shadow,2,2,114,0,2,9fa994bd4f3504c43fc3780358d8caf0ebc814923266ec856a9951305b69d888
phase3_locked_full_v1,exploratory,locked,locked_benchmark,breast_cancer_wisconsin,veto_mavs,synthetic_sensor_failure,0.2,shadow,2,2,114,114,2,3e6efe9a9fb2257aefaa692131a8684008164dced246dd433c300042623fa335
phase3_locked_full_v1,exploratory,locked,locked_benchmark,breast_cancer_wisconsin,pure_mavs_gc,synthetic_sensor_failure,0.2,shadow,2,2,114,114,2,7f38c2edef83e6ba6c66ea58d61698c95a18f3ec8dcff52b064ed8d33e419c81
phase3_locked_full_v1,exploratory,locked,locked_benchmark,breast_cancer_wisconsin,single_model,synthetic_sensor_failure,0.4,primary,3,3,171,0,3,e1eff1c837d0fcd038758c802d8dbf2b9b12d03b710b6ed14574943e18ec4eee
phase3_locked_full_v1,exploratory,locked,locked_benchmark,breast_cancer_wisconsin,mean_ensemble,synthetic_sensor_failure,0.4,primary,3,3,171,0,3,6afab00b52e63f0dd3297989e1f4802625503207370916e499e671a0e310be75
phase3_locked_full_v1,exploratory,locked,locked_benchmark,breast_cancer_wisconsin,static_weighted_ensemble,synthetic_sensor_failure,0.4,primary,3,3,171,0,3,d6c860b221489206190c78ba169a1d6b76a7556182ab0514ccc627232dfb4181
phase3_locked_full_v1,exploratory,locked,locked_benchmark,breast_cancer_wisconsin,veto_mavs,synthetic_sensor_failure,0.4,primary,3,3,171,171,3,ab2ba717601ac5b9c45b4a015e4442958dc66d442bb334ea181ec536f27e3e4f
phase3_locked_full_v1,exploratory,locked,locked_benchmark,breast_cancer_wisconsin,pure_mavs_gc,synthetic_sensor_failure,0.4,primary,3,3,171,171,3,05e8a71f5b36488156647a5da03e723cb0cb4ed15f5f4943453a36098314cef1
phase3_locked_full_v1,exploratory,locked,locked_benchmark,breast_cancer_wisconsin,single_model,synthetic_sensor_failure,0.4,shadow,2,2,114,0,2,c2984d6087a232e07b7aed45595fd69e9d6f98b99edc304040b0cf9a2358b84b
phase3_locked_full_v1,exploratory,locked,locked_benchmark,breast_cancer_wisconsin,mean_ensemble,synthetic_sensor_failure,0.4,shadow,2,2,114,0,2,a699277698ad2e77870dd97c3c71ded3732c29182c90512741520ae37e0b6535
phase3_locked_full_v1,exploratory,locked,locked_benchmark,breast_cancer_wisconsin,static_weighted_ensemble,synthetic_sensor_failure,0.4,shadow,2,2,114,0,2,6b59174abf44683d90eb262dbbc2eb4e693846908060c4936f0a6a09955ae2cb
phase3_locked_full_v1,exploratory,locked,locked_benchmark,breast_cancer_wisconsin,veto_mavs,synthetic_sensor_failure,0.4,shadow,2,2,114,114,2,66abb199ef2145208db568735339e3bcc8e1dcb0f515ed648eb1374d06b611ac
phase3_locked_full_v1,exploratory,locked,locked_benchmark,breast_cancer_wisconsin,pure_mavs_gc,synthetic_sensor_failure,0.4,shadow,2,2,114,114,2,330a51b81a3e12059a971ecb8dc0e324e13ff6a2ae9334dab7909de4758b8789
phase3_locked_full_v1,exploratory,locked,locked_benchmark,breast_cancer_wisconsin,single_model,synthetic_sensor_failure,0.6,primary,3,3,171,0,3,2593aee937bd97669f21117923571f5fa5f87649429b554e5353236f10a27156
phase3_locked_full_v1,exploratory,locked,locked_benchmark,breast_cancer_wisconsin,mean_ensemble,synthetic_sensor_failure,0.6,primary,3,3,171,0,3,d0a2402fabd3295562ef06f798c38569095a139536367276b15fe95b6420fbda
phase3_locked_full_v1,exploratory,locked,locked_benchmark,breast_cancer_wisconsin,static_weighted_ensemble,synthetic_sensor_failure,0.6,primary,3,3,171,0,3,adb16bc8b2c03f6a9222612e27c89046fa731e7ddda1d857ea566b34a3903f16
phase3_locked_full_v1,exploratory,locked,locked_benchmark,breast_cancer_wisconsin,veto_mavs,synthetic_sensor_failure,0.6,primary,3,3,171,171,3,fcf114cabf9d094e5b3fac5b2dae56db2174384761d1081d78c14ebfecf3d699
phase3_locked_full_v1,exploratory,locked,locked_benchmark,breast_cancer_wisconsin,pure_mavs_gc,synthetic_sensor_failure,0.6,primary,3,3,171,171,3,e7003442198b4247275fd61b78038b9a9dd3e3c70f05e8dd03599aa97bdf1d8b
phase3_locked_full_v1,exploratory,locked,locked_benchmark,breast_cancer_wisconsin,single_model,synthetic_sensor_failure,0.6,shadow,2,2,114,0,2,5a6f84b564dc8911687f23831a1b0af3570584fb68ae94442baf38bf0029c1ed
phase3_locked_full_v1,exploratory,locked,locked_benchmark,breast_cancer_wisconsin,mean_ensemble,synthetic_sensor_failure,0.6,shadow,2,2,114,0,2,76da1ab507e23a3d26d2254579b124768f92ecb528248c18fa41418b55538474
phase3_locked_full_v1,exploratory,locked,locked_benchmark,breast_cancer_wisconsin,static_weighted_ensemble,synthetic_sensor_failure,0.6,shadow,2,2,114,0,2,a9d61dab4d8f2b7d0e7a046612ace72bab920fda42fa0b6a052c3f23b37ae668
phase3_locked_full_v1,exploratory,locked,locked_benchmark,breast_cancer_wisconsin,veto_mavs,synthetic_sensor_failure,0.6,shadow,2,2,114,114,2,d08f86bd4c4bbd1a43bfef72182fd6642cc3603ca14111968046f492b1c0ff62
phase3_locked_full_v1,exploratory,locked,locked_benchmark,breast_cancer_wisconsin,pure_mavs_gc,synthetic_sensor_failure,0.6,shadow,2,2,114,114,2,0ab1bbdde83db9eb3070ab94f4cd32b4771a9771f3690d60b1fdc6134a7ce980
phase3_locked_full_v1,exploratory,locked,locked_benchmark,breast_cancer_wisconsin,single_model,synthetic_sensor_failure,0.8,primary,3,3,171,0,3,80d0242e2d8595a169b95feddd86fdba21a7b1b8056c1654398b988fbef72acd
phase3_locked_full_v1,exploratory,locked,locked_benchmark,breast_cancer_wisconsin,mean_ensemble,synthetic_sensor_failure,0.8,primary,3,3,171,0,3,bddb8d30f9389f6d7e7622b9decc98a94d3dcb50b1c8d9c700cd921d7685fd3c
phase3_locked_full_v1,exploratory,locked,locked_benchmark,breast_cancer_wisconsin,static_weighted_ensemble,synthetic_sensor_failure,0.8,primary,3,3,171,0,3,dfc2a9c81e6e0c0f3253ae08359f2f5fcf988923c83671c1f173be32083232a9
phase3_locked_full_v1,exploratory,locked,locked_benchmark,breast_cancer_wisconsin,veto_mavs,synthetic_sensor_failure,0.8,primary,3,3,171,171,3,f6243282a1f6dd6eada5f1b1dd5c6b0b17054c75da32eacbe8388e26d2426ba0
phase3_locked_full_v1,exploratory,locked,locked_benchmark,breast_cancer_wisconsin,pure_mavs_gc,synthetic_sensor_failure,0.8,primary,3,3,171,171,3,ec4612b3505feb6e6db015f63b983f2b8a213607564e51969cf14dd30dfeb5b8
phase3_locked_full_v1,exploratory,locked,locked_benchmark,breast_cancer_wisconsin,single_model,synthetic_sensor_failure,0.8,shadow,2,2,114,0,2,9e308a546583c1fede1c42c050d23545d46459f65de6f2e5efad70a8a8d1f74e
phase3_locked_full_v1,exploratory,locked,locked_benchmark,breast_cancer_wisconsin,mean_ensemble,synthetic_sensor_failure,0.8,shadow,2,2,114,0,2,6ae8757a9a1050bc3b42fb4cf3e52c965a932ffd9726ac733a3fcd5cafa3053e
phase3_locked_full_v1,exploratory,locked,locked_benchmark,breast_cancer_wisconsin,static_weighted_ensemble,synthetic_sensor_failure,0.8,shadow,2,2,114,0,2,4996a5d1e4cd5201d7c0a59fad308354666ee5f30bbad9c3bdc4605211c20364
phase3_locked_full_v1,exploratory,locked,locked_benchmark,breast_cancer_wisconsin,veto_mavs,synthetic_sensor_failure,0.8,shadow,2,2,114,114,2,92c68b4521667cb4f804c1a1d906e018436d0865e3bf966ef924d46086666318
phase3_locked_full_v1,exploratory,locked,locked_benchmark,breast_cancer_wisconsin,pure_mavs_gc,synthetic_sensor_failure,0.8,shadow,2,2,114,114,2,abfbb25d07ae1ff426a5ba8a716b17b19911959296e92760ecce77e4b219a1c4
phase3_locked_full_v1,exploratory,locked,locked_benchmark,breast_cancer_wisconsin,single_model,synthetic_sensor_failure,1.0,primary,3,3,171,0,3,0c131c23d33fa7fdc6a79a3897951c654612269fb7baa8c46cf7467ecd80c783
phase3_locked_full_v1,exploratory,locked,locked_benchmark,breast_cancer_wisconsin,mean_ensemble,synthetic_sensor_failure,1.0,primary,3,3,171,0,3,9aad7ce61b7aff582df8e65104c80a945d0089abaaa0affbea0d8b8ecfe3d939
phase3_locked_full_v1,exploratory,locked,locked_benchmark,breast_cancer_wisconsin,static_weighted_ensemble,synthetic_sensor_failure,1.0,primary,3,3,171,0,3,6606c42d5116ffc64f3a3981e9dab6a1064e6ecfc480f24d6abf39f0ab5fb9a8
phase3_locked_full_v1,exploratory,locked,locked_benchmark,breast_cancer_wisconsin,veto_mavs,synthetic_sensor_failure,1.0,primary,3,3,171,171,3,66aa89ebec694a0982baa9b79cc2400663338d43e3348864e53085d15f8b506b
phase3_locked_full_v1,exploratory,locked,locked_benchmark,breast_cancer_wisconsin,pure_mavs_gc,synthetic_sensor_failure,1.0,primary,3,3,171,171,3,a4560d2aed5189ff8a7dfacf35b9cb4664f24dd9f378e2111648e321a9d7527f
phase3_locked_full_v1,exploratory,locked,locked_benchmark,breast_cancer_wisconsin,single_model,synthetic_sensor_failure,1.0,shadow,2,2,114,0,2,1b0c06e94ab5b0f59930cd8ce8dbf0a3c2abf09fe4f0d3c61357ab0a29cd224d
phase3_locked_full_v1,exploratory,locked,locked_benchmark,breast_cancer_wisconsin,mean_ensemble,synthetic_sensor_failure,1.0,shadow,2,2,114,0,2,fe58b284096ebaefa81c2ab14a3a65b6400c2101745798339798a48ecf11d4ff
phase3_locked_full_v1,exploratory,locked,locked_benchmark,breast_cancer_wisconsin,static_weighted_ensemble,synthetic_sensor_failure,1.0,shadow,2,2,114,0,2,744cdeef7b15ac6491b3645c87453bd4f9737d52fb45d4d2f34e9edbba682d17
phase3_locked_full_v1,exploratory,locked,locked_benchmark,breast_cancer_wisconsin,veto_mavs,synthetic_sensor_failure,1.0,shadow,2,2,114,114,2,79c2f6b64b9897aeaf4c60c0e02dd8614a7ccf1ea9f35d2e6b6b908da02d9d27
phase3_locked_full_v1,exploratory,locked,locked_benchmark,breast_cancer_wisconsin,pure_mavs_gc,synthetic_sensor_failure,1.0,shadow,2,2,114,114,2,a2f14083c71f6020a336c9da478cb1f0d938ded8b3e3e720978f9175d5c48cb4
phase3_locked_full_v1,exploratory,locked,locked_benchmark,breast_cancer_wisconsin,single_model,specialist_failure,0.0,primary,3,3,171,0,3,beabdb90637d1028defbe896a9fdb23a0f17f397e91c3d77580fa8383a6e79ed
phase3_locked_full_v1,exploratory,locked,locked_benchmark,breast_cancer_wisconsin,mean_ensemble,specialist_failure,0.0,primary,3,3,171,0,3,8052535acb8caf812a53b314439608e8c8bf28ffaca30bb8539fa798d99c2903
phase3_locked_full_v1,exploratory,locked,locked_benchmark,breast_cancer_wisconsin,static_weighted_ensemble,specialist_failure,0.0,primary,3,3,171,0,3,8399994ca371927507062b06c5bb44fb29f4328e91d221161662e122f7fa3e94
phase3_locked_full_v1,exploratory,locked,locked_benchmark,breast_cancer_wisconsin,veto_mavs,specialist_failure,0.0,primary,3,3,171,171,3,493a027b184896df2f1f86af41353b10b87a0e58693d5465adda77b03b635482
phase3_locked_full_v1,exploratory,locked,locked_benchmark,breast_cancer_wisconsin,pure_mavs_gc,specialist_failure,0.0,primary,3,3,171,171,3,cac0de68353317a9980d489bdde1044679e3076a227cb48e1edff28a80eca12a
phase3_locked_full_v1,exploratory,locked,locked_benchmark,breast_cancer_wisconsin,single_model,specialist_failure,0.0,shadow,2,2,114,0,2,bf4216e1dfbac3a96636ae6470fdf0bbcbe8ce0e92170816f6ddefeebea2f857
phase3_locked_full_v1,exploratory,locked,locked_benchmark,breast_cancer_wisconsin,mean_ensemble,specialist_failure,0.0,shadow,2,2,114,0,2,dcb134c524ac1868af910b877957b97a05463dda57115f06ec75bf9c3427bbf4
phase3_locked_full_v1,exploratory,locked,locked_benchmark,breast_cancer_wisconsin,static_weighted_ensemble,specialist_failure,0.0,shadow,2,2,114,0,2,74ad9684d4d7acb6a3442425df4e75b69cdbaa6a619e00136debdbf47094088e
phase3_locked_full_v1,exploratory,locked,locked_benchmark,breast_cancer_wisconsin,veto_mavs,specialist_failure,0.0,shadow,2,2,114,114,2,66728691362d6ce46fa4e7fdc4d0406e986655aac99016b45a143bde6c759e32
phase3_locked_full_v1,exploratory,locked,locked_benchmark,breast_cancer_wisconsin,pure_mavs_gc,specialist_failure,0.0,shadow,2,2,114,114,2,1ae93435f139749a944a3fa66a0139f3138cf6004f2094999fe73b5c8b5932c2
phase3_locked_full_v1,exploratory,locked,locked_benchmark,breast_cancer_wisconsin,single_model,specialist_failure,0.05,primary,3,3,171,0,3,2014d6a1bb2d58edec6d8c0723be80dc2e93de69ae8e604524008a7bafa6a177
phase3_locked_full_v1,exploratory,locked,locked_benchmark,breast_cancer_wisconsin,mean_ensemble,specialist_failure,0.05,primary,3,3,171,0,3,3ef8eec639c925519f596b43923d22627f8cc21aa1634e4c73350c29570da089
phase3_locked_full_v1,exploratory,locked,locked_benchmark,breast_cancer_wisconsin,static_weighted_ensemble,specialist_failure,0.05,primary,3,3,171,0,3,b72eff3a785cbbf4315e986f8a9365a4218cfbf354d4d01e0e31a699556f60cc
phase3_locked_full_v1,exploratory,locked,locked_benchmark,breast_cancer_wisconsin,veto_mavs,specialist_failure,0.05,primary,3,3,171,171,3,ea52dfe1dfeccec8bb7e99f20481a45b05106503ed48a3c78cc7556e1b80b203
phase3_locked_full_v1,exploratory,locked,locked_benchmark,breast_cancer_wisconsin,pure_mavs_gc,specialist_failure,0.05,primary,3,3,171,171,3,5eb547d3dfe7dc92c851c4187ca1b93e62feec1724fbd5ce23410b77280f7c68
phase3_locked_full_v1,exploratory,locked,locked_benchmark,breast_cancer_wisconsin,single_model,specialist_failure,0.05,shadow,2,2,114,0,2,fec729c6217456eb46e1d90b487e5089bcee731c544348c9aeec4aa25fe0ff7e
phase3_locked_full_v1,exploratory,locked,locked_benchmark,breast_cancer_wisconsin,mean_ensemble,specialist_failure,0.05,shadow,2,2,114,0,2,56144e721445b23456b1bd539fc79db4c5cbd954d1e191a2d164334e6b9df1fb
phase3_locked_full_v1,exploratory,locked,locked_benchmark,breast_cancer_wisconsin,static_weighted_ensemble,specialist_failure,0.05,shadow,2,2,114,0,2,0a6f9e8624142f38208bd956eb72eb45efab7280a22d951e10f588f3786ffc57
phase3_locked_full_v1,exploratory,locked,locked_benchmark,breast_cancer_wisconsin,veto_mavs,specialist_failure,0.05,shadow,2,2,114,114,2,2769613107384347b3803c93e7b7168c99714bbe5a1d48dba2a3e353d0363ff4
phase3_locked_full_v1,exploratory,locked,locked_benchmark,breast_cancer_wisconsin,pure_mavs_gc,specialist_failure,0.05,shadow,2,2,114,114,2,7ff99cb05a0b8bcdbd5825d0ad3a48fda883cb40b2fd245572a2f6e77d910a78
phase3_locked_full_v1,exploratory,locked,locked_benchmark,breast_cancer_wisconsin,single_model,specialist_failure,0.1,primary,3,3,171,0,3,d34486a4a5270a7a3fb2ce9f264cba69e85207dee9a62327e82540ae91d881ba
phase3_locked_full_v1,exploratory,locked,locked_benchmark,breast_cancer_wisconsin,mean_ensemble,specialist_failure,0.1,primary,3,3,171,0,3,33ab40aed688a410e09ed05e2c95d07d7c4e6b1d606b298df45e4022daddd381
phase3_locked_full_v1,exploratory,locked,locked_benchmark,breast_cancer_wisconsin,static_weighted_ensemble,specialist_failure,0.1,primary,3,3,171,0,3,8edad3954f1fefa549139ea35b5feb339a43efaa10effb00d3c7cdb78b0e349a
phase3_locked_full_v1,exploratory,locked,locked_benchmark,breast_cancer_wisconsin,veto_mavs,specialist_failure,0.1,primary,3,3,171,171,3,e0acf8e86a595a27d362871c8f30d75430e6f5fdb70434db80e3be2e49db2b3a
phase3_locked_full_v1,exploratory,locked,locked_benchmark,breast_cancer_wisconsin,pure_mavs_gc,specialist_failure,0.1,primary,3,3,171,171,3,544a09335e67c542b24597dd279626956b766bf19f2380f71fd51b47d065d1c4
phase3_locked_full_v1,exploratory,locked,locked_benchmark,breast_cancer_wisconsin,single_model,specialist_failure,0.1,shadow,2,2,114,0,2,88a2d353fe5c989e1fb35a33bce256a07f735e26a05ac34c9d72f0715efcc381
phase3_locked_full_v1,exploratory,locked,locked_benchmark,breast_cancer_wisconsin,mean_ensemble,specialist_failure,0.1,shadow,2,2,114,0,2,f79ffd61d64d3e3b922ddc415468c4965e908a2abc036ca1c2f00f9475520e60
phase3_locked_full_v1,exploratory,locked,locked_benchmark,breast_cancer_wisconsin,static_weighted_ensemble,specialist_failure,0.1,shadow,2,2,114,0,2,e22a429d31ae75f32425e381d30bcfc3ab821df9061299f47590daab9f4b8a55
phase3_locked_full_v1,exploratory,locked,locked_benchmark,breast_cancer_wisconsin,veto_mavs,specialist_failure,0.1,shadow,2,2,114,114,2,487dfda840f74336b14f9bf1e225739e58099d3a0ddd8e8c1e4f69f2acd53c0b
phase3_locked_full_v1,exploratory,locked,locked_benchmark,breast_cancer_wisconsin,pure_mavs_gc,specialist_failure,0.1,shadow,2,2,114,114,2,604bde81c2e69c0b90962fc517f0892e153e1d47b447c79ef8806b38f0193984
phase3_locked_full_v1,exploratory,locked,locked_benchmark,breast_cancer_wisconsin,single_model,specialist_failure,0.2,primary,3,3,171,0,3,89684b6f972e159d2f280a6e12e22162978f39c657071877f745c4683577a77e
phase3_locked_full_v1,exploratory,locked,locked_benchmark,breast_cancer_wisconsin,mean_ensemble,specialist_failure,0.2,primary,3,3,171,0,3,f761a135b383af3f0e83649fea065902ba0b53592b2ae2f98ea57db81633df69
phase3_locked_full_v1,exploratory,locked,locked_benchmark,breast_cancer_wisconsin,static_weighted_ensemble,specialist_failure,0.2,primary,3,3,171,0,3,c8be6893594ce6d284ec63afd9e26fe1fe93b697de1e94e0df3b513044ed4a3d
phase3_locked_full_v1,exploratory,locked,locked_benchmark,breast_cancer_wisconsin,veto_mavs,specialist_failure,0.2,primary,3,3,171,171,3,7c0eb63a7fa3bc5a55ed271ff9e46ca031b619c20ce3308f6b47d6ea25a90ef1
phase3_locked_full_v1,exploratory,locked,locked_benchmark,breast_cancer_wisconsin,pure_mavs_gc,specialist_failure,0.2,primary,3,3,171,171,3,9872e0106f51525ce80bcaf2c9c21191f1bd9a29aee397104a59738899aa72c0
phase3_locked_full_v1,exploratory,locked,locked_benchmark,breast_cancer_wisconsin,single_model,specialist_failure,0.2,shadow,2,2,114,0,2,c89e16d106f472ad4ff9db6ce4b589c73e3837623f8e6bfeb0e4f97f204e0a85
phase3_locked_full_v1,exploratory,locked,locked_benchmark,breast_cancer_wisconsin,mean_ensemble,specialist_failure,0.2,shadow,2,2,114,0,2,8fe9932f718b122c7747106bd77a4f9441fb865b0128298a4be19b75df1c8668
phase3_locked_full_v1,exploratory,locked,locked_benchmark,breast_cancer_wisconsin,static_weighted_ensemble,specialist_failure,0.2,shadow,2,2,114,0,2,a797dc743c20b709deb76196062c3a778d9242d6a2a2da23ac8f2b07b6225442
phase3_locked_full_v1,exploratory,locked,locked_benchmark,breast_cancer_wisconsin,veto_mavs,specialist_failure,0.2,shadow,2,2,114,114,2,d1222e46f6ed6982ccad405ab0333ac62d025ac05850a9907cb0357d842a7347
phase3_locked_full_v1,exploratory,locked,locked_benchmark,breast_cancer_wisconsin,pure_mavs_gc,specialist_failure,0.2,shadow,2,2,114,114,2,aceb7866863681116ee33ac88117b953a845f45186884917b3c9738b6e3af3e1
phase3_locked_full_v1,exploratory,locked,locked_benchmark,breast_cancer_wisconsin,single_model,specialist_failure,0.4,primary,3,3,171,0,3,8d8490088e7e39eefcf43872cb1aa846a3c65097bcdeb919e7b1737e7f80bf5f
phase3_locked_full_v1,exploratory,locked,locked_benchmark,breast_cancer_wisconsin,mean_ensemble,specialist_failure,0.4,primary,3,3,171,0,3,59e7fffa8c0a18e9c810a2d96fbcc95ce4e19ecd82163125fe2e36c35427f065
phase3_locked_full_v1,exploratory,locked,locked_benchmark,breast_cancer_wisconsin,static_weighted_ensemble,specialist_failure,0.4,primary,3,3,171,0,3,66919acd709a0f9cf570ce4f5ae4b10c5a4cd6d3458d37c1e1f361bb035a326f
phase3_locked_full_v1,exploratory,locked,locked_benchmark,breast_cancer_wisconsin,veto_mavs,specialist_failure,0.4,primary,3,3,171,171,3,8df383750923359034fcfb8ceb9b29a6ec2251f2fc04b901449ac8fa7ab6872c
phase3_locked_full_v1,exploratory,locked,locked_benchmark,breast_cancer_wisconsin,pure_mavs_gc,specialist_failure,0.4,primary,3,3,171,171,3,a5f9bb173043a1b5751edfe211101f0825a05c3c7ee073ff1158019b94e01db2
phase3_locked_full_v1,exploratory,locked,locked_benchmark,breast_cancer_wisconsin,single_model,specialist_failure,0.4,shadow,2,2,114,0,2,4d67e4a9bc6c78aae43e2a230c1e6c57188694f3987d4e2360043a7966b97f61
phase3_locked_full_v1,exploratory,locked,locked_benchmark,breast_cancer_wisconsin,mean_ensemble,specialist_failure,0.4,shadow,2,2,114,0,2,f71a966473f7f0376a6b162dfe862b275880af837b7cd55532bba8e2fd251687
phase3_locked_full_v1,exploratory,locked,locked_benchmark,breast_cancer_wisconsin,static_weighted_ensemble,specialist_failure,0.4,shadow,2,2,114,0,2,3bad320dec725a50fe01e078f4197838e69074d3296f2fd39cffda51ca201f86
phase3_locked_full_v1,exploratory,locked,locked_benchmark,breast_cancer_wisconsin,veto_mavs,specialist_failure,0.4,shadow,2,2,114,114,2,30d19f0b1cf0bd74b3fb6b5a0a62ac1844b8703b8e96f47bcf8edb2d6b4ccbd8
phase3_locked_full_v1,exploratory,locked,locked_benchmark,breast_cancer_wisconsin,pure_mavs_gc,specialist_failure,0.4,shadow,2,2,114,114,2,c1f293a059d1dd3bab52f89007bfc0184b3eadb27eb2e5af81c308b08e9a2652
phase3_locked_full_v1,exploratory,locked,locked_benchmark,breast_cancer_wisconsin,single_model,specialist_failure,0.6,primary,3,3,171,0,3,436e27fb7ad1f7b1bf30eb0c28ff8387f350763bd9331abd16376c83f4075fb1
phase3_locked_full_v1,exploratory,locked,locked_benchmark,breast_cancer_wisconsin,mean_ensemble,specialist_failure,0.6,primary,3,3,171,0,3,b73d23c75d3c6817ef8b382080b82653ebcdbda734e5176ae9b21901bb64bf7b
phase3_locked_full_v1,exploratory,locked,locked_benchmark,breast_cancer_wisconsin,static_weighted_ensemble,specialist_failure,0.6,primary,3,3,171,0,3,5cc7cc8053f9ff61d8bb89acd44dccd9858012981847e439345b333ef3b71c2b
phase3_locked_full_v1,exploratory,locked,locked_benchmark,breast_cancer_wisconsin,veto_mavs,specialist_failure,0.6,primary,3,3,171,171,3,d49cb0c1d7204d6b4628b5e933f77fe48b20889b2e83e252db288cb18953d944
phase3_locked_full_v1,exploratory,locked,locked_benchmark,breast_cancer_wisconsin,pure_mavs_gc,specialist_failure,0.6,primary,3,3,171,171,3,65927d185ed19eb3cb0ed74d3556fbd8240ea17840cee8fed0645836198abe08
phase3_locked_full_v1,exploratory,locked,locked_benchmark,breast_cancer_wisconsin,single_model,specialist_failure,0.6,shadow,2,2,114,0,2,da3cbb3b7a163f5b5c326e35e5d57eb51d265c2be1ee8cc06609faed09c8bf73
phase3_locked_full_v1,exploratory,locked,locked_benchmark,breast_cancer_wisconsin,mean_ensemble,specialist_failure,0.6,shadow,2,2,114,0,2,0fa756261663a5826ea014d835c098d4caaa661cb59379b2ff9c69902b1669e4
phase3_locked_full_v1,exploratory,locked,locked_benchmark,breast_cancer_wisconsin,static_weighted_ensemble,specialist_failure,0.6,shadow,2,2,114,0,2,d08905b1affa5275a012217c34b6cd8d8f5615a8a7376e2eec624b2d9ba883fa
phase3_locked_full_v1,exploratory,locked,locked_benchmark,breast_cancer_wisconsin,veto_mavs,specialist_failure,0.6,shadow,2,2,114,114,2,ebc2ce2a13d90951cef109ff951b7ab5bfe7023aeebea8c7d16590fa7120e89b
phase3_locked_full_v1,exploratory,locked,locked_benchmark,breast_cancer_wisconsin,pure_mavs_gc,specialist_failure,0.6,shadow,2,2,114,114,2,9aecb89ce8088bf6d4f64fe8bb8fbc7c473515f7d43fc76e47f164a35634a690
phase3_locked_full_v1,exploratory,locked,locked_benchmark,breast_cancer_wisconsin,single_model,specialist_failure,0.8,primary,3,3,171,0,3,19fbe5fe0fb53e3079371884a58fc3a86d6efeba56365d99c82724a7a1b3146f
phase3_locked_full_v1,exploratory,locked,locked_benchmark,breast_cancer_wisconsin,mean_ensemble,specialist_failure,0.8,primary,3,3,171,0,3,149b7107658945a89fbe5a1edf388d5ad0490e5fb556f90f11d0704a510f3002
phase3_locked_full_v1,exploratory,locked,locked_benchmark,breast_cancer_wisconsin,static_weighted_ensemble,specialist_failure,0.8,primary,3,3,171,0,3,2d318a13bd53e77d981aee2b9b321ad2aef161d6fa07cfb3e247b82f87039446
phase3_locked_full_v1,exploratory,locked,locked_benchmark,breast_cancer_wisconsin,veto_mavs,specialist_failure,0.8,primary,3,3,171,171,3,43c32c67020b064d6d7fd17ed001307e484c4f068368fee8158d2818f85e1a32
phase3_locked_full_v1,exploratory,locked,locked_benchmark,breast_cancer_wisconsin,pure_mavs_gc,specialist_failure,0.8,primary,3,3,171,171,3,d0ca1c52b44d067e0af7df457f8750b7277d9f6216c8a9623f55d97e05cbee47
phase3_locked_full_v1,exploratory,locked,locked_benchmark,breast_cancer_wisconsin,single_model,specialist_failure,0.8,shadow,2,2,114,0,2,43918eb2b8b27d6d433123dae04a76dd7bff8568605109087437aca0f8a4151b
phase3_locked_full_v1,exploratory,locked,locked_benchmark,breast_cancer_wisconsin,mean_ensemble,specialist_failure,0.8,shadow,2,2,114,0,2,407c563c493fb29cbc27da8ca6ad20e265d7753f65b8b27328095c411c932e43
phase3_locked_full_v1,exploratory,locked,locked_benchmark,breast_cancer_wisconsin,static_weighted_ensemble,specialist_failure,0.8,shadow,2,2,114,0,2,a9b0d1cfc7b7d4581ba471161b4284a5e4082add47fded8bf14e010b52fd0579
phase3_locked_full_v1,exploratory,locked,locked_benchmark,breast_cancer_wisconsin,veto_mavs,specialist_failure,0.8,shadow,2,2,114,114,2,814ef6166351056672af3ef8d738bb0d35c1e8f32d04cd4c338f0b2d787cafa1
phase3_locked_full_v1,exploratory,locked,locked_benchmark,breast_cancer_wisconsin,pure_mavs_gc,specialist_failure,0.8,shadow,2,2,114,114,2,441e64c31aac7467986512df0529679695488ad6115db0cd4ec64cbbda321e9b
phase3_locked_full_v1,exploratory,locked,locked_benchmark,breast_cancer_wisconsin,single_model,specialist_failure,1.0,primary,3,3,171,0,3,4128dde8b7440dd00431d76dc56f16741925165233af92fa19a55ed12f6f0d01
phase3_locked_full_v1,exploratory,locked,locked_benchmark,breast_cancer_wisconsin,mean_ensemble,specialist_failure,1.0,primary,3,3,171,0,3,e97f77bc42350453ff1b26bbbcfbfec47359fd9957aa92b6cdf9c413eaa6ff93
phase3_locked_full_v1,exploratory,locked,locked_benchmark,breast_cancer_wisconsin,static_weighted_ensemble,specialist_failure,1.0,primary,3,3,171,0,3,e0d3fef9e627d61098a22e4922c6db2cdbf54cd0eb71159e190ca9a7002d19c2
phase3_locked_full_v1,exploratory,locked,locked_benchmark,breast_cancer_wisconsin,veto_mavs,specialist_failure,1.0,primary,3,3,171,171,3,0598b2ce05efa2bcf5632e849ca42751daeda21e0ce1738a72da9be6a0a9b52e
phase3_locked_full_v1,exploratory,locked,locked_benchmark,breast_cancer_wisconsin,pure_mavs_gc,specialist_failure,1.0,primary,3,3,171,171,3,a05cc293518cd2a67b3e329a2a39f250f46b0ec45f4d44f16f0a82d138aad1e2
phase3_locked_full_v1,exploratory,locked,locked_benchmark,breast_cancer_wisconsin,single_model,specialist_failure,1.0,shadow,2,2,114,0,2,2d6b7d280fbc54a7d8fee791e4e82ad41cdae13e950f1c1cddfe265933135076
phase3_locked_full_v1,exploratory,locked,locked_benchmark,breast_cancer_wisconsin,mean_ensemble,specialist_failure,1.0,shadow,2,2,114,0,2,39497832a5edd3a1ac3007e1088db2cf55b2f8e221ca01a8f09bf8a140f9dca6
phase3_locked_full_v1,exploratory,locked,locked_benchmark,breast_cancer_wisconsin,static_weighted_ensemble,specialist_failure,1.0,shadow,2,2,114,0,2,4107021e5faadb433f09b3f5a5b21cf50228f09e467e7a62613ed3f79f44e2dc
phase3_locked_full_v1,exploratory,locked,locked_benchmark,breast_cancer_wisconsin,veto_mavs,specialist_failure,1.0,shadow,2,2,114,114,2,c992a127a2252e827d58f3e51fe18575fc344a5eeb10f98dc12548408b9c7bfe
phase3_locked_full_v1,exploratory,locked,locked_benchmark,breast_cancer_wisconsin,pure_mavs_gc,specialist_failure,1.0,shadow,2,2,114,114,2,4e0c4c0455489139625d0616e13cbb9b5f1bdb5813e353f6b2bdb717572d2f05
phase3_locked_full_v1,exploratory,locked,locked_benchmark,adult_income,single_model,feature_noise,0.0,primary,3,3,14652,0,3,108c1becfca01bc2646b321e10984940f19be1ca85fdf27c52445034ad41d343
phase3_locked_full_v1,exploratory,locked,locked_benchmark,adult_income,mean_ensemble,feature_noise,0.0,primary,3,3,14652,0,3,064f681c5efecb82122325239016d35a3e78b7d2c2c15a59070e1e685ce81549
phase3_locked_full_v1,exploratory,locked,locked_benchmark,adult_income,static_weighted_ensemble,feature_noise,0.0,primary,3,3,14652,0,3,c9398ae258bce38c98979768e4372f0d84b0b67e6bde079c9dd0976371ee1a39
phase3_locked_full_v1,exploratory,locked,locked_benchmark,adult_income,veto_mavs,feature_noise,0.0,primary,3,3,14652,14652,3,e8fde510a92a8397e14820604d15a257ca7a80b983a0c1d55eaf4932a5eb71cc
phase3_locked_full_v1,exploratory,locked,locked_benchmark,adult_income,pure_mavs_gc,feature_noise,0.0,primary,3,3,14652,14652,3,e9d48b93dbc5e31b7b76940075c78fc1462a9905a25c9e4400c6344e7fd2c3df
phase3_locked_full_v1,exploratory,locked,locked_benchmark,adult_income,single_model,feature_noise,0.0,shadow,2,2,9768,0,2,c8b4dbe0bc7ce67105b0cb45b223bb0ced7f116ee0a252a672c1419500f29d5d
phase3_locked_full_v1,exploratory,locked,locked_benchmark,adult_income,mean_ensemble,feature_noise,0.0,shadow,2,2,9768,0,2,6c742cfade0ff834a38176d95d5ba6d885d861afd8ea986842072cb7ba79575d
phase3_locked_full_v1,exploratory,locked,locked_benchmark,adult_income,static_weighted_ensemble,feature_noise,0.0,shadow,2,2,9768,0,2,2d61705540d81612524771b4ea5b55e2487cc3af7c77a70b5b555fd067d12c79
phase3_locked_full_v1,exploratory,locked,locked_benchmark,adult_income,veto_mavs,feature_noise,0.0,shadow,2,2,9768,9768,2,e8009a5e202de407cb2bf8e6c447ee289d3ec03b7f09bbb197d19c4a0b008a26
phase3_locked_full_v1,exploratory,locked,locked_benchmark,adult_income,pure_mavs_gc,feature_noise,0.0,shadow,2,2,9768,9768,2,620df8bd2ac8a5b1dee82fa9bed37bbe2a9bc7774da6333a7d43307c20e1c829
phase3_locked_full_v1,exploratory,locked,locked_benchmark,adult_income,single_model,feature_noise,0.05,primary,3,3,14652,0,3,ec42fd12e944195f72c1261eb94843ace9194678a926d20d3b5484ee9960f37a
phase3_locked_full_v1,exploratory,locked,locked_benchmark,adult_income,mean_ensemble,feature_noise,0.05,primary,3,3,14652,0,3,b545b94c152836e5d98ded42782a1969e35362a39448bb5d5c2a150ae5c16a05
phase3_locked_full_v1,exploratory,locked,locked_benchmark,adult_income,static_weighted_ensemble,feature_noise,0.05,primary,3,3,14652,0,3,ae837f0d12e579560179bc332cd699234328649657ae6ff05f1dad486e0421d3
phase3_locked_full_v1,exploratory,locked,locked_benchmark,adult_income,veto_mavs,feature_noise,0.05,primary,3,3,14652,14652,3,d6f26af83c3d0337b41f9fae3612b04e5f32105983b81aa8af59eb87486b4aa4
phase3_locked_full_v1,exploratory,locked,locked_benchmark,adult_income,pure_mavs_gc,feature_noise,0.05,primary,3,3,14652,14652,3,9cb7c57f30503960a21ac95a6f109eacee83cd795b98294f56f58202569eaa21
phase3_locked_full_v1,exploratory,locked,locked_benchmark,adult_income,single_model,feature_noise,0.05,shadow,2,2,9768,0,2,40c9bb7a4eb9b79f1c128ddbba1af3ec0f1e63b9b30dacb540a3eaec763f44be
phase3_locked_full_v1,exploratory,locked,locked_benchmark,adult_income,mean_ensemble,feature_noise,0.05,shadow,2,2,9768,0,2,f8a731fdb58d4cb95dbfa2aa09645df12cc8c1853807f9b3742bf98487716cf8
phase3_locked_full_v1,exploratory,locked,locked_benchmark,adult_income,static_weighted_ensemble,feature_noise,0.05,shadow,2,2,9768,0,2,3640825e0aa543c7e6e6ce5ff634cd062ef2586071300c08034f9402f4d97624
phase3_locked_full_v1,exploratory,locked,locked_benchmark,adult_income,veto_mavs,feature_noise,0.05,shadow,2,2,9768,9768,2,aa732c9db8e2b65e4ab13721361c1648f7a11892f3946103f5d17d9ea219e42e
phase3_locked_full_v1,exploratory,locked,locked_benchmark,adult_income,pure_mavs_gc,feature_noise,0.05,shadow,2,2,9768,9768,2,6acc20cae92ae8731799caf49d87f7d259bb9ed72a805f7a1a85ac9493403f0d
phase3_locked_full_v1,exploratory,locked,locked_benchmark,adult_income,single_model,feature_noise,0.1,primary,3,3,14652,0,3,5fe439da247097c750ddd2d019b56c448c0e9d6aa589cf97c310d17675068abd
phase3_locked_full_v1,exploratory,locked,locked_benchmark,adult_income,mean_ensemble,feature_noise,0.1,primary,3,3,14652,0,3,5ba1294a8745cf04cf89e8c2b52afc0bc217dcadd8e1cb2d5fd62fa4f674de02
phase3_locked_full_v1,exploratory,locked,locked_benchmark,adult_income,static_weighted_ensemble,feature_noise,0.1,primary,3,3,14652,0,3,7b31015f25a764697e6afcbe3d5a6768e3e92f880ef3f6523e16f1bb2acd70ae
phase3_locked_full_v1,exploratory,locked,locked_benchmark,adult_income,veto_mavs,feature_noise,0.1,primary,3,3,14652,14652,3,e701a74a0cbd2d5dcdca2f7edbc3ec3101e8599059a74b75f17513f4a5330483
phase3_locked_full_v1,exploratory,locked,locked_benchmark,adult_income,pure_mavs_gc,feature_noise,0.1,primary,3,3,14652,14652,3,a3b527071f6e538ee18dcafa3354d3abcb76ca1b4a90279f8423549152c8a99a
phase3_locked_full_v1,exploratory,locked,locked_benchmark,adult_income,single_model,feature_noise,0.1,shadow,2,2,9768,0,2,e5039fbcad897b39f90dceaf4ecf9894f4b5aeb75706ef939ce959dfd5269b1a
phase3_locked_full_v1,exploratory,locked,locked_benchmark,adult_income,mean_ensemble,feature_noise,0.1,shadow,2,2,9768,0,2,465d99c9b48f0cc7e26ec949ae891e47ed862e9991af0a4801a5b3477bb150fa
phase3_locked_full_v1,exploratory,locked,locked_benchmark,adult_income,static_weighted_ensemble,feature_noise,0.1,shadow,2,2,9768,0,2,268e787a9f49e923451ebacc3076bf43821bac4b980afe383fd46cf73362d7e1
phase3_locked_full_v1,exploratory,locked,locked_benchmark,adult_income,veto_mavs,feature_noise,0.1,shadow,2,2,9768,9768,2,dea438e69e68c7d9332eabc3f7dd73d76c72f4a5e5128b9bca8446fcb117133c
phase3_locked_full_v1,exploratory,locked,locked_benchmark,adult_income,pure_mavs_gc,feature_noise,0.1,shadow,2,2,9768,9768,2,0946d3b54082a8190aafb44157532157e37ecf7eb30280e6e1001240567f90d8
phase3_locked_full_v1,exploratory,locked,locked_benchmark,adult_income,single_model,feature_noise,0.2,primary,3,3,14652,0,3,81d21dd269eb060a771d2bbcb3098e729c088448ed8e4442fc3aeb19da8cb1bd
phase3_locked_full_v1,exploratory,locked,locked_benchmark,adult_income,mean_ensemble,feature_noise,0.2,primary,3,3,14652,0,3,ddd65186506da6c4b0ceae93fe4779488681907a8290de5c032e3b4334ae5c94
phase3_locked_full_v1,exploratory,locked,locked_benchmark,adult_income,static_weighted_ensemble,feature_noise,0.2,primary,3,3,14652,0,3,dceac266a018c2d80a982c499f72883db929702bca9d7ab19e81717d30fa4fc8
phase3_locked_full_v1,exploratory,locked,locked_benchmark,adult_income,veto_mavs,feature_noise,0.2,primary,3,3,14652,14652,3,2262776717e2f402ae6905f199bdf70afc6e9b4eb3185ecf87d6e74b88671647
phase3_locked_full_v1,exploratory,locked,locked_benchmark,adult_income,pure_mavs_gc,feature_noise,0.2,primary,3,3,14652,14652,3,107f23beed024396829f9393837cf2eee2d7c5540676aa22ca5c660e8f17b012
phase3_locked_full_v1,exploratory,locked,locked_benchmark,adult_income,single_model,feature_noise,0.2,shadow,2,2,9768,0,2,751b3cc15ff99878323076b2582a2e943b4a1ed8c45f6fe949e9e9e523c8c947
phase3_locked_full_v1,exploratory,locked,locked_benchmark,adult_income,mean_ensemble,feature_noise,0.2,shadow,2,2,9768,0,2,14f779e271f7de5f0760ca92e60e65b38f91daa93becd22cd512d07a6c5fcf25
phase3_locked_full_v1,exploratory,locked,locked_benchmark,adult_income,static_weighted_ensemble,feature_noise,0.2,shadow,2,2,9768,0,2,047bd2e12f0d05fe474affac8ec753b0958ea27d6542a243e2a193575976ae49
phase3_locked_full_v1,exploratory,locked,locked_benchmark,adult_income,veto_mavs,feature_noise,0.2,shadow,2,2,9768,9768,2,ff20b2e786f3fd4e49f118e833285536cb27db750f799d1a02750a8578433fcd
phase3_locked_full_v1,exploratory,locked,locked_benchmark,adult_income,pure_mavs_gc,feature_noise,0.2,shadow,2,2,9768,9768,2,5bd564e01f12060fb12e2865b192cc165875acfb91497b87b2158b5218f9bb81
phase3_locked_full_v1,exploratory,locked,locked_benchmark,adult_income,single_model,feature_noise,0.4,primary,3,3,14652,0,3,0a15a22c7937524aada31d44052327d9ff2e0a916620b027c0418fbe5c2d62b6
phase3_locked_full_v1,exploratory,locked,locked_benchmark,adult_income,mean_ensemble,feature_noise,0.4,primary,3,3,14652,0,3,25907df31540e48fc3231c3f1c5348ec561cd75bfa7acd2f03513b23e1438cb8
phase3_locked_full_v1,exploratory,locked,locked_benchmark,adult_income,static_weighted_ensemble,feature_noise,0.4,primary,3,3,14652,0,3,e89de66b8601ed84a78ebb03a7e62650d3451ce7a8c200931ac5375a36c14925
phase3_locked_full_v1,exploratory,locked,locked_benchmark,adult_income,veto_mavs,feature_noise,0.4,primary,3,3,14652,14652,3,acb44d46fa66ff6453d32c2b85c55262f3d86b1a815f3296c5ffd6d5da7e9180
phase3_locked_full_v1,exploratory,locked,locked_benchmark,adult_income,pure_mavs_gc,feature_noise,0.4,primary,3,3,14652,14652,3,b4e2a4906d2143dbd37a0f9b77a7b6ac49001be0c73b86327303c3ee16d0f17b
phase3_locked_full_v1,exploratory,locked,locked_benchmark,adult_income,single_model,feature_noise,0.4,shadow,2,2,9768,0,2,c27befeb55cb69015d7ecfd0a6e2c2d61db3011d3e40c086b99e515a6bc9b9cc
phase3_locked_full_v1,exploratory,locked,locked_benchmark,adult_income,mean_ensemble,feature_noise,0.4,shadow,2,2,9768,0,2,8ab60ddc0d8425556968ee5529369787ab27d84625af68add8c6c06ee7b7cf3a
phase3_locked_full_v1,exploratory,locked,locked_benchmark,adult_income,static_weighted_ensemble,feature_noise,0.4,shadow,2,2,9768,0,2,d0e5dbfb24bc87ca1b625f964e3cd06eb5ce11b91b2852ddb47651e732b868d1
phase3_locked_full_v1,exploratory,locked,locked_benchmark,adult_income,veto_mavs,feature_noise,0.4,shadow,2,2,9768,9768,2,16bf51792f0f2fcf8ca3383448d5519e94876bec380408178d062ce95f0fc0c5
phase3_locked_full_v1,exploratory,locked,locked_benchmark,adult_income,pure_mavs_gc,feature_noise,0.4,shadow,2,2,9768,9768,2,017b6d06efb62d747c84c4698e2759104ac2651f5c3ac7148726899f7566d8f7
phase3_locked_full_v1,exploratory,locked,locked_benchmark,adult_income,single_model,feature_noise,0.6,primary,3,3,14652,0,3,9b4adb063bf05f57241ac0fde74a8036794b6d714f02e67f03ebeb501964b701
phase3_locked_full_v1,exploratory,locked,locked_benchmark,adult_income,mean_ensemble,feature_noise,0.6,primary,3,3,14652,0,3,7c02053b07022a4d10b905b69edff1d9a62a527db55161b9e0b949a1a09d00c3
phase3_locked_full_v1,exploratory,locked,locked_benchmark,adult_income,static_weighted_ensemble,feature_noise,0.6,primary,3,3,14652,0,3,520fe24ab6755f03d0a026b84be32dd64f4c4703904bcae27ca9b434e5f8084c
phase3_locked_full_v1,exploratory,locked,locked_benchmark,adult_income,veto_mavs,feature_noise,0.6,primary,3,3,14652,14652,3,80b09352709a89acfcd69811597c9b642adcd8bed4438dd786a20ff54794505c
phase3_locked_full_v1,exploratory,locked,locked_benchmark,adult_income,pure_mavs_gc,feature_noise,0.6,primary,3,3,14652,14652,3,d8b6a89fcb548844814406f041719b792e15e674640ce96b177ccbbe1878c743
phase3_locked_full_v1,exploratory,locked,locked_benchmark,adult_income,single_model,feature_noise,0.6,shadow,2,2,9768,0,2,e5c9fe86e863cc671a0d7ebf28ebf14de9cc32e857ad8da80c15a8cc4445f2e7
phase3_locked_full_v1,exploratory,locked,locked_benchmark,adult_income,mean_ensemble,feature_noise,0.6,shadow,2,2,9768,0,2,5e28cee3c9919f593883d6054a84bf6b0ccfafa8281f07c61179516aae248b19
phase3_locked_full_v1,exploratory,locked,locked_benchmark,adult_income,static_weighted_ensemble,feature_noise,0.6,shadow,2,2,9768,0,2,1da0d5d2d2325663f8d6552bc20d42b2a4aaf18bc83059bca0c1d0210b5d6d49
phase3_locked_full_v1,exploratory,locked,locked_benchmark,adult_income,veto_mavs,feature_noise,0.6,shadow,2,2,9768,9768,2,6be7c7722d22c5d9c45256433775434c02413fbfc9c269ee3e1fdb029845ac0e
phase3_locked_full_v1,exploratory,locked,locked_benchmark,adult_income,pure_mavs_gc,feature_noise,0.6,shadow,2,2,9768,9768,2,c7ec77a9926a975f184c43a6b1c0a7f1d4e3067587e4cfc6d209677e716d53a8
phase3_locked_full_v1,exploratory,locked,locked_benchmark,adult_income,single_model,feature_noise,0.8,primary,3,3,14652,0,3,32f987f21a103473de7e0380a8cd1b55ca9af11e73f4eb87ea9ab73b2839e09c
phase3_locked_full_v1,exploratory,locked,locked_benchmark,adult_income,mean_ensemble,feature_noise,0.8,primary,3,3,14652,0,3,4e7bc65a60828e094b886fa54b45ef0c2d4b55dec401bad998bd6823c6ce5f45
phase3_locked_full_v1,exploratory,locked,locked_benchmark,adult_income,static_weighted_ensemble,feature_noise,0.8,primary,3,3,14652,0,3,1d1dc5f8660ffaa22fede40896a57045ec5c60530e141fe4ed13474c7abfc2f9
phase3_locked_full_v1,exploratory,locked,locked_benchmark,adult_income,veto_mavs,feature_noise,0.8,primary,3,3,14652,14652,3,30816bdf26d2fd3362dbea22fb57d190280bb5debed217bd64ef752e71f6526c
phase3_locked_full_v1,exploratory,locked,locked_benchmark,adult_income,pure_mavs_gc,feature_noise,0.8,primary,3,3,14652,14652,3,7ca674e726f9231b97ef6cb1d9c9583154ef86434d4f44dad9c6f9891223286e
phase3_locked_full_v1,exploratory,locked,locked_benchmark,adult_income,single_model,feature_noise,0.8,shadow,2,2,9768,0,2,85efdeb8a5baa3f75141f5e5c0e2ebc7ff24476c474b61ff6d7f7e033af4aaf4
phase3_locked_full_v1,exploratory,locked,locked_benchmark,adult_income,mean_ensemble,feature_noise,0.8,shadow,2,2,9768,0,2,b461feb592d52cc51af6cef0c9d5daba277c0bc7474e05f4c5bf4a4b8c36fe93
phase3_locked_full_v1,exploratory,locked,locked_benchmark,adult_income,static_weighted_ensemble,feature_noise,0.8,shadow,2,2,9768,0,2,29c7e8248b3a518b4e817db40e4ffb11a96db835774fef45bf74e016559a4114
phase3_locked_full_v1,exploratory,locked,locked_benchmark,adult_income,veto_mavs,feature_noise,0.8,shadow,2,2,9768,9768,2,b988912b47b12b02a5cce3b9042a3aaf1753c9cf5b6286da1563715b864e1272
phase3_locked_full_v1,exploratory,locked,locked_benchmark,adult_income,pure_mavs_gc,feature_noise,0.8,shadow,2,2,9768,9768,2,de2bfc7597d46c15f03e0aa78ce02365f622344f31023b17714a8b4c6d39e883
phase3_locked_full_v1,exploratory,locked,locked_benchmark,adult_income,single_model,feature_noise,1.0,primary,3,3,14652,0,3,841659d30b7fe7807877a24b105001987ef0ab3ea1bb4e37aec1401da7eef6b4
phase3_locked_full_v1,exploratory,locked,locked_benchmark,adult_income,mean_ensemble,feature_noise,1.0,primary,3,3,14652,0,3,223d0b337b46f48e795b5b3d5e9473f2bab895013442c3b925c62e9acf10aa71
phase3_locked_full_v1,exploratory,locked,locked_benchmark,adult_income,static_weighted_ensemble,feature_noise,1.0,primary,3,3,14652,0,3,52f063f17dbaa695aebfe1fdbdb7c1a898b747caebe8339ae0e21b153c56daba
phase3_locked_full_v1,exploratory,locked,locked_benchmark,adult_income,veto_mavs,feature_noise,1.0,primary,3,3,14652,14652,3,1e37128b867d3d2024b5a1347583d5851cdb9c193d368dab56ca235e140f29f2
phase3_locked_full_v1,exploratory,locked,locked_benchmark,adult_income,pure_mavs_gc,feature_noise,1.0,primary,3,3,14652,14652,3,c075a63c0b9b47f031e69cdb89df1f09a9adc3f0d791479d15e265fb5fad02ab
phase3_locked_full_v1,exploratory,locked,locked_benchmark,adult_income,single_model,feature_noise,1.0,shadow,2,2,9768,0,2,5155a1aa165c83893d0841f1050e92dac612b6e661db2cd4921cdd7aa86e5033
phase3_locked_full_v1,exploratory,locked,locked_benchmark,adult_income,mean_ensemble,feature_noise,1.0,shadow,2,2,9768,0,2,8e44718f3f9bcefcbbfa98f6c36ca42b28cbac00e0c5355accf832ae76284ad2
phase3_locked_full_v1,exploratory,locked,locked_benchmark,adult_income,static_weighted_ensemble,feature_noise,1.0,shadow,2,2,9768,0,2,f4695228b9ec1c1bd2e0e43ff2b18c12a981edf1d17c7a069e3ae3727549b326
phase3_locked_full_v1,exploratory,locked,locked_benchmark,adult_income,veto_mavs,feature_noise,1.0,shadow,2,2,9768,9768,2,a7bdb679af29e4949836477b4cdc1153efe1f1017dd5e1f857ec8dc4fa7c19c9
phase3_locked_full_v1,exploratory,locked,locked_benchmark,adult_income,pure_mavs_gc,feature_noise,1.0,shadow,2,2,9768,9768,2,73d6c6e391a0e5ddb2e1074596b43ebd7eb1d8515923343a42ced5e7c7fa4317
phase3_locked_full_v1,exploratory,locked,locked_benchmark,adult_income,single_model,missing_features,0.0,primary,3,3,14652,0,3,804f0c364ebb6676b96ab1852cddb067d19dc968fbf867398410831557bffcb8
phase3_locked_full_v1,exploratory,locked,locked_benchmark,adult_income,mean_ensemble,missing_features,0.0,primary,3,3,14652,0,3,4cf68f05a3058fe53e8e81d075cf95c8d4b4f06e11742289569a53470db74e34
phase3_locked_full_v1,exploratory,locked,locked_benchmark,adult_income,static_weighted_ensemble,missing_features,0.0,primary,3,3,14652,0,3,7132a1f538bc11ebb2054fa0009b3ba8897743e54606c7dbb1484a012df961a2
phase3_locked_full_v1,exploratory,locked,locked_benchmark,adult_income,veto_mavs,missing_features,0.0,primary,3,3,14652,14652,3,eaba5e863f36b11a5f68029a3f1d898b327305e674b21ccf9027488b4277be82
phase3_locked_full_v1,exploratory,locked,locked_benchmark,adult_income,pure_mavs_gc,missing_features,0.0,primary,3,3,14652,14652,3,2205904b4481ffc36a8390d06997f7702f70da43f54d5412411a8f31b1d48852
phase3_locked_full_v1,exploratory,locked,locked_benchmark,adult_income,single_model,missing_features,0.0,shadow,2,2,9768,0,2,de22a9cabb29303d8fcff58df80f0eb72f7f5924f4e5d1920b9effa2393a16e7
phase3_locked_full_v1,exploratory,locked,locked_benchmark,adult_income,mean_ensemble,missing_features,0.0,shadow,2,2,9768,0,2,b8b37a8ad93f30dc0935aa2957f0c80a72e4d7297a5ccdfb5b0adf7a32b98a5f
phase3_locked_full_v1,exploratory,locked,locked_benchmark,adult_income,static_weighted_ensemble,missing_features,0.0,shadow,2,2,9768,0,2,d1c221b7fe32ccd0493beaef4740b05e6a5e88d0f3c54d4a6f81457b572339a7
phase3_locked_full_v1,exploratory,locked,locked_benchmark,adult_income,veto_mavs,missing_features,0.0,shadow,2,2,9768,9768,2,7331780486dd8584604ae28ed41ea20e25629cec1785d3d85a5e58a8b7bcf6cc
phase3_locked_full_v1,exploratory,locked,locked_benchmark,adult_income,pure_mavs_gc,missing_features,0.0,shadow,2,2,9768,9768,2,ce5abda4cca6fb955e41023ed0a085087f46cb9267db748199470e5c801e7a98
phase3_locked_full_v1,exploratory,locked,locked_benchmark,adult_income,single_model,missing_features,0.05,primary,3,3,14652,0,3,e0f8869bbf958ecb0f72425ab184456b8c18b70919921dc6f8660c405ba63e80
phase3_locked_full_v1,exploratory,locked,locked_benchmark,adult_income,mean_ensemble,missing_features,0.05,primary,3,3,14652,0,3,1895721a20e93f0cf4cba85ede502aa874c9d267729b42331c51a890e641dffa
phase3_locked_full_v1,exploratory,locked,locked_benchmark,adult_income,static_weighted_ensemble,missing_features,0.05,primary,3,3,14652,0,3,5fd5aeb3bbe598dcbdf5aaadc85d4c15ff8a94ea7a81cd116a5718d8868c8db0
phase3_locked_full_v1,exploratory,locked,locked_benchmark,adult_income,veto_mavs,missing_features,0.05,primary,3,3,14652,14652,3,690f02b0341fa315aa969f5dbe219d3dcc482a4e6df70c040acf5a42849c7ec8
phase3_locked_full_v1,exploratory,locked,locked_benchmark,adult_income,pure_mavs_gc,missing_features,0.05,primary,3,3,14652,14652,3,c12694783aa08837785cd3f04bf6a3b63a3bfb4f70b2cf9dff6bc1cbffa0f4bc
phase3_locked_full_v1,exploratory,locked,locked_benchmark,adult_income,single_model,missing_features,0.05,shadow,2,2,9768,0,2,aafc5faf0f70b8b7d908de9e1da651856c27232172a853ac1bb016b4c4f7739b
phase3_locked_full_v1,exploratory,locked,locked_benchmark,adult_income,mean_ensemble,missing_features,0.05,shadow,2,2,9768,0,2,a34ffeff15d35f2ae396e54e88f9639868375f9a0e06e4feeb87c492df984b61
phase3_locked_full_v1,exploratory,locked,locked_benchmark,adult_income,static_weighted_ensemble,missing_features,0.05,shadow,2,2,9768,0,2,349df642c395dafe1f34b461e1e7de3eb3bb9ec3cf0e0b415309382cf67af9fc
phase3_locked_full_v1,exploratory,locked,locked_benchmark,adult_income,veto_mavs,missing_features,0.05,shadow,2,2,9768,9768,2,cce599b168e6367f2d374695332f6b1b16c9ff9585d9fb9581b3f2993fe054cc
phase3_locked_full_v1,exploratory,locked,locked_benchmark,adult_income,pure_mavs_gc,missing_features,0.05,shadow,2,2,9768,9768,2,3d96d695ad8b7033002fd3e3acfaf3d266817d7ba8c8164b59053b7e2e0aabf4
phase3_locked_full_v1,exploratory,locked,locked_benchmark,adult_income,single_model,missing_features,0.1,primary,3,3,14652,0,3,12c0ca12f33293f098d6b7fd0b750c179ae586280a2a95d8752a8f33c49d808b
phase3_locked_full_v1,exploratory,locked,locked_benchmark,adult_income,mean_ensemble,missing_features,0.1,primary,3,3,14652,0,3,2affc015e6d6e8b24777d32adf89f6132e902a71ef1befce7db400d6ad091bb3
phase3_locked_full_v1,exploratory,locked,locked_benchmark,adult_income,static_weighted_ensemble,missing_features,0.1,primary,3,3,14652,0,3,2f6130499d15fc50bdf04fd13407bf93274a47baf762c0d87e569e406e93d26f
phase3_locked_full_v1,exploratory,locked,locked_benchmark,adult_income,veto_mavs,missing_features,0.1,primary,3,3,14652,14652,3,c813367aa8b441f7e6e049137e3f0c1de4f3898a1981c823de36c6009b70f401
phase3_locked_full_v1,exploratory,locked,locked_benchmark,adult_income,pure_mavs_gc,missing_features,0.1,primary,3,3,14652,14652,3,2aef015ae0e16058a5389c22c1a4e545e5b42d667c5e2e65e3382763815723f3
phase3_locked_full_v1,exploratory,locked,locked_benchmark,adult_income,single_model,missing_features,0.1,shadow,2,2,9768,0,2,1118711d34d3e2fb2452241daddf6aad8b93cf383e5ee9180bf315adb2f2635c
phase3_locked_full_v1,exploratory,locked,locked_benchmark,adult_income,mean_ensemble,missing_features,0.1,shadow,2,2,9768,0,2,729d17e3d3deb7f3cbbb79d455b0ecd57d89348e14fb10d86f1ce292548010ec
phase3_locked_full_v1,exploratory,locked,locked_benchmark,adult_income,static_weighted_ensemble,missing_features,0.1,shadow,2,2,9768,0,2,2403f704d5e333f394ac640baa478b7a5e5938e78fdf41a0deed76f63745af5e
phase3_locked_full_v1,exploratory,locked,locked_benchmark,adult_income,veto_mavs,missing_features,0.1,shadow,2,2,9768,9768,2,b4efcc909afebc14c93b50a29d51f851937aa6efb87acec06e9168cf94ebd515
phase3_locked_full_v1,exploratory,locked,locked_benchmark,adult_income,pure_mavs_gc,missing_features,0.1,shadow,2,2,9768,9768,2,903f5c5de101c2622644bde96e25a9d0d8c94d177724b573c8a70afee76615ff
phase3_locked_full_v1,exploratory,locked,locked_benchmark,adult_income,single_model,missing_features,0.2,primary,3,3,14652,0,3,dbf75d4870590c467dec3079a4bcbcff0642eb8daa6a9954803c60980fb3251c
phase3_locked_full_v1,exploratory,locked,locked_benchmark,adult_income,mean_ensemble,missing_features,0.2,primary,3,3,14652,0,3,a346a88f16e3c27048af4791c1d8e02ac055a583f611f81accf37efe4553a5d7
phase3_locked_full_v1,exploratory,locked,locked_benchmark,adult_income,static_weighted_ensemble,missing_features,0.2,primary,3,3,14652,0,3,c654fc275b7a4aa8ff4a8c8f96a6206449b9d09962e5fc6efc8f0503fd449074
phase3_locked_full_v1,exploratory,locked,locked_benchmark,adult_income,veto_mavs,missing_features,0.2,primary,3,3,14652,14652,3,3508b687a9b9660b15274dac23f086c64bb67facc9a12ce65c7b197ea7f0a656
phase3_locked_full_v1,exploratory,locked,locked_benchmark,adult_income,pure_mavs_gc,missing_features,0.2,primary,3,3,14652,14652,3,b14ba563b64cd2189e4e8be3f37b4e9b357d4efb104999f515f053d093102b83
phase3_locked_full_v1,exploratory,locked,locked_benchmark,adult_income,single_model,missing_features,0.2,shadow,2,2,9768,0,2,105feda926d55fc0c04d55fc7855bbafaf47cf758309d1880217a076ab1232be
phase3_locked_full_v1,exploratory,locked,locked_benchmark,adult_income,mean_ensemble,missing_features,0.2,shadow,2,2,9768,0,2,184df6465be15b079a0cad1cc63630202b1a7585bd02078b575a5917f64ce086
phase3_locked_full_v1,exploratory,locked,locked_benchmark,adult_income,static_weighted_ensemble,missing_features,0.2,shadow,2,2,9768,0,2,66a365c69f22ec14fac1360dd0729788bee267e55047c83cecd54ae9a34171fc
phase3_locked_full_v1,exploratory,locked,locked_benchmark,adult_income,veto_mavs,missing_features,0.2,shadow,2,2,9768,9768,2,73312c3cf01b92da9041a8efee5c2cc9d30c0ee4b3920c4cc4c0d536fd804a73
phase3_locked_full_v1,exploratory,locked,locked_benchmark,adult_income,pure_mavs_gc,missing_features,0.2,shadow,2,2,9768,9768,2,e3dc2ced36d1192a0d4d1a1d5e6fdc8a5c4149a4e6424b6308bd551c72a95cfc
phase3_locked_full_v1,exploratory,locked,locked_benchmark,adult_income,single_model,missing_features,0.4,primary,3,3,14652,0,3,83bddd528c2952c94ca765bd738dc86d074d530c3de963d01d11d11ecd4074c1
phase3_locked_full_v1,exploratory,locked,locked_benchmark,adult_income,mean_ensemble,missing_features,0.4,primary,3,3,14652,0,3,58eda15deb3a965198a89b6d0a4cbbb68b3fc50f3319c323c4a3e0f942172401
phase3_locked_full_v1,exploratory,locked,locked_benchmark,adult_income,static_weighted_ensemble,missing_features,0.4,primary,3,3,14652,0,3,024658865281e83bc6de9c2b345062b5a5293e7c6f04c8d86ebcef349a6a773f
phase3_locked_full_v1,exploratory,locked,locked_benchmark,adult_income,veto_mavs,missing_features,0.4,primary,3,3,14652,14652,3,d59c5f81bb0894e18ea9118d2a0af6250dc8c9ea3ed5ff866a6554d99591f4db
phase3_locked_full_v1,exploratory,locked,locked_benchmark,adult_income,pure_mavs_gc,missing_features,0.4,primary,3,3,14652,14652,3,ec45498afcf58d1c8da4b7a030cf6fad3744d29098eac062438654cf1388ee1f
phase3_locked_full_v1,exploratory,locked,locked_benchmark,adult_income,single_model,missing_features,0.4,shadow,2,2,9768,0,2,518964b6f6917877f03c285d57d0c004626dd905b669db327f9cab7161a82338
phase3_locked_full_v1,exploratory,locked,locked_benchmark,adult_income,mean_ensemble,missing_features,0.4,shadow,2,2,9768,0,2,85db59e9b6bd47c1723eb032aff00729f91fbc3cea4315146d8ec848ab1151e4
phase3_locked_full_v1,exploratory,locked,locked_benchmark,adult_income,static_weighted_ensemble,missing_features,0.4,shadow,2,2,9768,0,2,77c7b4577969b45a9ed7b32dfc218cda70e73922ffea6bd313d899ab8f7fad4c
phase3_locked_full_v1,exploratory,locked,locked_benchmark,adult_income,veto_mavs,missing_features,0.4,shadow,2,2,9768,9768,2,ff093dfc65da639889e9f259a98e20bae9c6f449228ac257f8ae2998baaa3747
phase3_locked_full_v1,exploratory,locked,locked_benchmark,adult_income,pure_mavs_gc,missing_features,0.4,shadow,2,2,9768,9768,2,8cf82b0a0fe610a715891356227e0c5b18aeacd0373fb7cbd0fd341272e0ebe1
phase3_locked_full_v1,exploratory,locked,locked_benchmark,adult_income,single_model,missing_features,0.6,primary,3,3,14652,0,3,2d7ffd85ac6bffdc81acfce2bd857d2063478e4b686224f3dd14211820216f8c
phase3_locked_full_v1,exploratory,locked,locked_benchmark,adult_income,mean_ensemble,missing_features,0.6,primary,3,3,14652,0,3,93ac4243a7719752c6cb0c1e32095f839a6991e98849b3ddaab93d8b1284afbf
phase3_locked_full_v1,exploratory,locked,locked_benchmark,adult_income,static_weighted_ensemble,missing_features,0.6,primary,3,3,14652,0,3,1bbc13c6de9228ea233c35db01e360c4dd354ed26c0500fdd108d8796ac78162
phase3_locked_full_v1,exploratory,locked,locked_benchmark,adult_income,veto_mavs,missing_features,0.6,primary,3,3,14652,14652,3,60cc774b7827036a6e7675c95a30410a7bf20a88368a8c7ba1745da61363a9ce
phase3_locked_full_v1,exploratory,locked,locked_benchmark,adult_income,pure_mavs_gc,missing_features,0.6,primary,3,3,14652,14652,3,18721902246a295bc88818c58055c6b5f9684178ccf2cab1181993b82f91bf78
phase3_locked_full_v1,exploratory,locked,locked_benchmark,adult_income,single_model,missing_features,0.6,shadow,2,2,9768,0,2,13ec8194bf5bbeb43cea5e92418193ad2e4ff353a46c2ae2b5f2a43638559157
phase3_locked_full_v1,exploratory,locked,locked_benchmark,adult_income,mean_ensemble,missing_features,0.6,shadow,2,2,9768,0,2,21f23868392e07266675b44c795d56c526f22dce505d14a9383ddf38b987ca47
phase3_locked_full_v1,exploratory,locked,locked_benchmark,adult_income,static_weighted_ensemble,missing_features,0.6,shadow,2,2,9768,0,2,49863b0eadeeb3eca9ecf774cc2d68ca57ebf3ae81c0b9ffc6284660ffe1b96a
phase3_locked_full_v1,exploratory,locked,locked_benchmark,adult_income,veto_mavs,missing_features,0.6,shadow,2,2,9768,9768,2,a83cc07bfaaec5b426b023d86912018eb42097ad8229e7a92970435280506f42
phase3_locked_full_v1,exploratory,locked,locked_benchmark,adult_income,pure_mavs_gc,missing_features,0.6,shadow,2,2,9768,9768,2,d4d5ab5f1aac5abd5be9b7ca66895b439ab55a0011da64d4a11e62f431c455db
phase3_locked_full_v1,exploratory,locked,locked_benchmark,adult_income,single_model,missing_features,0.8,primary,3,3,14652,0,3,e97039288ffda8939184759810e58449c6e8c8b0c605776f2a6bf62d39ad80ac
phase3_locked_full_v1,exploratory,locked,locked_benchmark,adult_income,mean_ensemble,missing_features,0.8,primary,3,3,14652,0,3,a01716ea9c5dc8c0527d797cd052bd939fecf8964520db3593186a0f9fabfef1
phase3_locked_full_v1,exploratory,locked,locked_benchmark,adult_income,static_weighted_ensemble,missing_features,0.8,primary,3,3,14652,0,3,3efd0d488aa5ed080558d2da4f847573a82cd20862e0f017be046739ed2c24e3
phase3_locked_full_v1,exploratory,locked,locked_benchmark,adult_income,veto_mavs,missing_features,0.8,primary,3,3,14652,14652,3,6806667f355d1eb3b63b1649f8285b3d7751447bf13da5ca85277074998604d0
phase3_locked_full_v1,exploratory,locked,locked_benchmark,adult_income,pure_mavs_gc,missing_features,0.8,primary,3,3,14652,14652,3,3c34653674637162f417cb90d1db4dcab57d4777d27f0e50668acca5b3097978
phase3_locked_full_v1,exploratory,locked,locked_benchmark,adult_income,single_model,missing_features,0.8,shadow,2,2,9768,0,2,e593300112076e68a5d6c0226a346b5b7d6748b5d8b4d7abb30d116b1edbc0a9
phase3_locked_full_v1,exploratory,locked,locked_benchmark,adult_income,mean_ensemble,missing_features,0.8,shadow,2,2,9768,0,2,8eea941950dc0002c67479d7c3eb42c8cb650337b5c8dba1fca489c53f19b5b6
phase3_locked_full_v1,exploratory,locked,locked_benchmark,adult_income,static_weighted_ensemble,missing_features,0.8,shadow,2,2,9768,0,2,9e594f187b656cb99bb74465141749edf8d14488d24eb028b56e23fa11f15275
phase3_locked_full_v1,exploratory,locked,locked_benchmark,adult_income,veto_mavs,missing_features,0.8,shadow,2,2,9768,9768,2,2fd304eeb21f6b92df1d2dca0cc4c2a51f6cdfa3e7237da3aba3e7ec567b0ec0
phase3_locked_full_v1,exploratory,locked,locked_benchmark,adult_income,pure_mavs_gc,missing_features,0.8,shadow,2,2,9768,9768,2,04b886b456454ad312961a55140d532bb5b78c9db03632d60a4fde0dd224027a
phase3_locked_full_v1,exploratory,locked,locked_benchmark,adult_income,single_model,missing_features,1.0,primary,3,3,14652,0,3,828b71d480542f59df9a66e6beb7278476c6ef7fce24657ab4353a8bbd76415d
phase3_locked_full_v1,exploratory,locked,locked_benchmark,adult_income,mean_ensemble,missing_features,1.0,primary,3,3,14652,0,3,2ab6a05dbf2bb844c2b4d4cd142ef2b3b3a8aae7915c5409585d384a1aadc7f9
phase3_locked_full_v1,exploratory,locked,locked_benchmark,adult_income,static_weighted_ensemble,missing_features,1.0,primary,3,3,14652,0,3,fcd492f67c406f4ac66361e7f81a4b1012259edd9a8556156a10d2920d3ce693
phase3_locked_full_v1,exploratory,locked,locked_benchmark,adult_income,veto_mavs,missing_features,1.0,primary,3,3,14652,14652,3,e6b33909d343991624a0faddc15e7bd1212db6897f62c51b30e012ee778f5415
phase3_locked_full_v1,exploratory,locked,locked_benchmark,adult_income,pure_mavs_gc,missing_features,1.0,primary,3,3,14652,14652,3,a7c95f7704b29f485fe17cdfdda5c904ffe3b4d5de333626bdf267905897cf54
phase3_locked_full_v1,exploratory,locked,locked_benchmark,adult_income,single_model,missing_features,1.0,shadow,2,2,9768,0,2,090a3c6984c5fc3c0993124dcde25821d9d331e43e7a4afcb9e5998954c53104
phase3_locked_full_v1,exploratory,locked,locked_benchmark,adult_income,mean_ensemble,missing_features,1.0,shadow,2,2,9768,0,2,d858e76becc5ab63116246c33eb330083ab81e3991d7665a3bc411426b420a0a
phase3_locked_full_v1,exploratory,locked,locked_benchmark,adult_income,static_weighted_ensemble,missing_features,1.0,shadow,2,2,9768,0,2,8879a9985c93f0b6ccff89b9c5d2abbe05c6c703564424f34c50705986ce5263
phase3_locked_full_v1,exploratory,locked,locked_benchmark,adult_income,veto_mavs,missing_features,1.0,shadow,2,2,9768,9768,2,0eb17ccccdcc94bf849a23d3e109aaac5c37628c65ce25b89aba982535e5dce9
phase3_locked_full_v1,exploratory,locked,locked_benchmark,adult_income,pure_mavs_gc,missing_features,1.0,shadow,2,2,9768,9768,2,1cee5720089df2863a4b56140fd98e27fc640faa3f42e4e261f2ca0a51d340c0
phase3_locked_full_v1,exploratory,locked,locked_benchmark,adult_income,single_model,random_feature_deletion,0.0,primary,3,3,14652,0,3,8a60d79f984f423bf3830c5876211b94e693ac779eac6fa37abf81bbbd2b137f
phase3_locked_full_v1,exploratory,locked,locked_benchmark,adult_income,mean_ensemble,random_feature_deletion,0.0,primary,3,3,14652,0,3,ed56741ac97c92527ca0e06e10077a82abfab33a2fec0becfef7355db1db61bc
phase3_locked_full_v1,exploratory,locked,locked_benchmark,adult_income,static_weighted_ensemble,random_feature_deletion,0.0,primary,3,3,14652,0,3,257b02a9e677cf89e20d9a0b390a5888c00871527f8d5affd957ab104ad6ceac
phase3_locked_full_v1,exploratory,locked,locked_benchmark,adult_income,veto_mavs,random_feature_deletion,0.0,primary,3,3,14652,14652,3,cca5e512518bcb0af41ab378d468770f230aebe2950bdb647775f338a997b89a
phase3_locked_full_v1,exploratory,locked,locked_benchmark,adult_income,pure_mavs_gc,random_feature_deletion,0.0,primary,3,3,14652,14652,3,954eb757f89f6c5889aa13f67f2944cb50bc34cf4c08dd2bb808308fc1cc5fb4
phase3_locked_full_v1,exploratory,locked,locked_benchmark,adult_income,single_model,random_feature_deletion,0.0,shadow,2,2,9768,0,2,c6186da41f7f0542b58a6d2825438accea3bd55bb6c7d91f5b13c31a897104e7
phase3_locked_full_v1,exploratory,locked,locked_benchmark,adult_income,mean_ensemble,random_feature_deletion,0.0,shadow,2,2,9768,0,2,de92354e5427f648b5e56a3311134aade83c114fea12c8ae36f7bccd3d4ce17a
phase3_locked_full_v1,exploratory,locked,locked_benchmark,adult_income,static_weighted_ensemble,random_feature_deletion,0.0,shadow,2,2,9768,0,2,4471f02c4f49f5a142027e3597d0da1fe06459cee596146305c9e12d9d3dc57f
phase3_locked_full_v1,exploratory,locked,locked_benchmark,adult_income,veto_mavs,random_feature_deletion,0.0,shadow,2,2,9768,9768,2,24ea1c2ff9a49106d5d755652e570e695ca00e989fb6c2d42340e012391c31f5
phase3_locked_full_v1,exploratory,locked,locked_benchmark,adult_income,pure_mavs_gc,random_feature_deletion,0.0,shadow,2,2,9768,9768,2,b99a761a41b83204bde5674bf149e2fc677b6fd2ac88ecf2348850383d15fc25
phase3_locked_full_v1,exploratory,locked,locked_benchmark,adult_income,single_model,random_feature_deletion,0.05,primary,3,3,14652,0,3,f9b37f46668bae8987572c21cdbf8c36690ebcc85c80cee660b03f1f80a121cd
phase3_locked_full_v1,exploratory,locked,locked_benchmark,adult_income,mean_ensemble,random_feature_deletion,0.05,primary,3,3,14652,0,3,ed465841b6588b5d1492e99a1cf8b00cdd7238aabc9501ab3965c907033aa3bd
phase3_locked_full_v1,exploratory,locked,locked_benchmark,adult_income,static_weighted_ensemble,random_feature_deletion,0.05,primary,3,3,14652,0,3,8259b354beaac294193b59f2b520a8376a51c4331a5a2c5ad20a6061ac78c151
phase3_locked_full_v1,exploratory,locked,locked_benchmark,adult_income,veto_mavs,random_feature_deletion,0.05,primary,3,3,14652,14652,3,aaf7812c1fe737b819ba00dfd0d6751b0569e529178edb26615a86b202058a6c
phase3_locked_full_v1,exploratory,locked,locked_benchmark,adult_income,pure_mavs_gc,random_feature_deletion,0.05,primary,3,3,14652,14652,3,bd4c2ec5646342791b2d339f181a8946361f11eecd521e3df59c3b0d71bea785
phase3_locked_full_v1,exploratory,locked,locked_benchmark,adult_income,single_model,random_feature_deletion,0.05,shadow,2,2,9768,0,2,d9559f36d8c093c77314ab414a59984e800e2770ef9f8bea016ca4804ef6cefb
phase3_locked_full_v1,exploratory,locked,locked_benchmark,adult_income,mean_ensemble,random_feature_deletion,0.05,shadow,2,2,9768,0,2,df5ab01ed03fe13892668d3e4fd9fd57097e732918ee68cc7357840b6098320b
phase3_locked_full_v1,exploratory,locked,locked_benchmark,adult_income,static_weighted_ensemble,random_feature_deletion,0.05,shadow,2,2,9768,0,2,f253c7e545c8348756f8d454911da8ce2d7be5d6ef6dd4f0f81cb11ac24589dc
phase3_locked_full_v1,exploratory,locked,locked_benchmark,adult_income,veto_mavs,random_feature_deletion,0.05,shadow,2,2,9768,9768,2,7bbe3f59b3a879849c8186344b87cee6a052e8feeba38a633b623734bb741a23
phase3_locked_full_v1,exploratory,locked,locked_benchmark,adult_income,pure_mavs_gc,random_feature_deletion,0.05,shadow,2,2,9768,9768,2,87f2a7f297859f67855285c71213bb9aaf520d36723ce9adf4f58d3becdca24a
phase3_locked_full_v1,exploratory,locked,locked_benchmark,adult_income,single_model,random_feature_deletion,0.1,primary,3,3,14652,0,3,2e3ce37468918490c2055ee534335faff675ccb1bfeae471c2e71a50ab6edf0e
phase3_locked_full_v1,exploratory,locked,locked_benchmark,adult_income,mean_ensemble,random_feature_deletion,0.1,primary,3,3,14652,0,3,73d81bb9417bd6448eefd5961c55b56b7e0a989d957509b3caecc4adf013577b
phase3_locked_full_v1,exploratory,locked,locked_benchmark,adult_income,static_weighted_ensemble,random_feature_deletion,0.1,primary,3,3,14652,0,3,6b668464da5bc13f4fa0ed13c20d9e376f864ecc06ac0fef18c148c11d362012
phase3_locked_full_v1,exploratory,locked,locked_benchmark,adult_income,veto_mavs,random_feature_deletion,0.1,primary,3,3,14652,14652,3,9a915cb99e298a869bdf257991add37f52936864a0341339a1f2ecc9bb46423b
phase3_locked_full_v1,exploratory,locked,locked_benchmark,adult_income,pure_mavs_gc,random_feature_deletion,0.1,primary,3,3,14652,14652,3,cf1fb9a673b361c44cddf2b934c5b019e0ae8a0222a7b0415dc6360bc97d0879
phase3_locked_full_v1,exploratory,locked,locked_benchmark,adult_income,single_model,random_feature_deletion,0.1,shadow,2,2,9768,0,2,40f241e6892860cd1080f1b69e98c691cd9277701d85c5112e061c993b037762
phase3_locked_full_v1,exploratory,locked,locked_benchmark,adult_income,mean_ensemble,random_feature_deletion,0.1,shadow,2,2,9768,0,2,3bafd29af40e26c65c9c33169a69ad91d7d01b736ed3cc0f4c0a0cd31662ca80
phase3_locked_full_v1,exploratory,locked,locked_benchmark,adult_income,static_weighted_ensemble,random_feature_deletion,0.1,shadow,2,2,9768,0,2,0d967e5821006f7938aea351463eda529c6b5bf0f80066c0de9806404f3981a7
phase3_locked_full_v1,exploratory,locked,locked_benchmark,adult_income,veto_mavs,random_feature_deletion,0.1,shadow,2,2,9768,9768,2,a79d311fc3295674fe822ad4704579a831078e6b47c9e60b778f7826a3501423
phase3_locked_full_v1,exploratory,locked,locked_benchmark,adult_income,pure_mavs_gc,random_feature_deletion,0.1,shadow,2,2,9768,9768,2,de36e24cc5d14dce04c78042cee8ed2f979bfae984687a129255a2dd3915aaf4
phase3_locked_full_v1,exploratory,locked,locked_benchmark,adult_income,single_model,random_feature_deletion,0.2,primary,3,3,14652,0,3,f01b0e18bbb58097554fac15a38497171f608981fcaa140377fedbe285fc564a
phase3_locked_full_v1,exploratory,locked,locked_benchmark,adult_income,mean_ensemble,random_feature_deletion,0.2,primary,3,3,14652,0,3,e9ac32eddbb05f710cbc780cfca9a130fe1dd1b02840b20cc985be5f7407bc93
phase3_locked_full_v1,exploratory,locked,locked_benchmark,adult_income,static_weighted_ensemble,random_feature_deletion,0.2,primary,3,3,14652,0,3,2566f5a1481fd7f091586ec84ea08f8b5022b39a53fc88e1b0d87a715a98d8cd
phase3_locked_full_v1,exploratory,locked,locked_benchmark,adult_income,veto_mavs,random_feature_deletion,0.2,primary,3,3,14652,14652,3,45edb9a4e156501d3f86d64ee051595675917db67bacd270194007d07f80888b
phase3_locked_full_v1,exploratory,locked,locked_benchmark,adult_income,pure_mavs_gc,random_feature_deletion,0.2,primary,3,3,14652,14652,3,e594dd4997d0481e3d1360b0d673665cc1e2085d281401f913ed118b6430c51b
phase3_locked_full_v1,exploratory,locked,locked_benchmark,adult_income,single_model,random_feature_deletion,0.2,shadow,2,2,9768,0,2,9792a72d26736176e6f212871fd4e493ec900394a446aee00d36b31a9b641c1d
phase3_locked_full_v1,exploratory,locked,locked_benchmark,adult_income,mean_ensemble,random_feature_deletion,0.2,shadow,2,2,9768,0,2,4ab1b2177c2b1d0d285c03b0ab89c17a2c3200e7ad68f7bb029d5a6999fa5921
phase3_locked_full_v1,exploratory,locked,locked_benchmark,adult_income,static_weighted_ensemble,random_feature_deletion,0.2,shadow,2,2,9768,0,2,383f523dce2f34707ea952f018590a35cdbbd24a0322c842cf3606821ac5db7b
phase3_locked_full_v1,exploratory,locked,locked_benchmark,adult_income,veto_mavs,random_feature_deletion,0.2,shadow,2,2,9768,9768,2,c34b3d34cd3d1ccf4a700bc1d829117a99ac82ea45bde59ae65b273acb35c57a
phase3_locked_full_v1,exploratory,locked,locked_benchmark,adult_income,pure_mavs_gc,random_feature_deletion,0.2,shadow,2,2,9768,9768,2,1ebfa36c94a3e57f1dd284b18142991158ff26e0514aee4a42785be02cabbdf2
phase3_locked_full_v1,exploratory,locked,locked_benchmark,adult_income,single_model,random_feature_deletion,0.4,primary,3,3,14652,0,3,1dd4cbd650d5e77a9c0a46464efd9ca5366ad60be6f9c7819641bd7a300f0f85
phase3_locked_full_v1,exploratory,locked,locked_benchmark,adult_income,mean_ensemble,random_feature_deletion,0.4,primary,3,3,14652,0,3,746d4b9776c87c677d0e91a6b359ba8cfec5e680edf64d12146539c49d93737f
phase3_locked_full_v1,exploratory,locked,locked_benchmark,adult_income,static_weighted_ensemble,random_feature_deletion,0.4,primary,3,3,14652,0,3,415a14076d16c9428f62fe3c3c15a9d666ca603642cd94dbd1c9fc37a2942c5e
phase3_locked_full_v1,exploratory,locked,locked_benchmark,adult_income,veto_mavs,random_feature_deletion,0.4,primary,3,3,14652,14652,3,40bc95562e6bce087d086723e1c410c066b2a36522d59957a8e76f23ad94ca00
phase3_locked_full_v1,exploratory,locked,locked_benchmark,adult_income,pure_mavs_gc,random_feature_deletion,0.4,primary,3,3,14652,14652,3,d0daef939580a86f9120e594544624883420c82368be254e17211bb200ba9d01
phase3_locked_full_v1,exploratory,locked,locked_benchmark,adult_income,single_model,random_feature_deletion,0.4,shadow,2,2,9768,0,2,caf7a194398c30dd6f68db74e6b0344717544bec73867a4d66384bba513e34ef
phase3_locked_full_v1,exploratory,locked,locked_benchmark,adult_income,mean_ensemble,random_feature_deletion,0.4,shadow,2,2,9768,0,2,9c75e8c86b84e04adfbc0e7164c6f8fbbfb21b37f2add652af9edf567e4b0faa
phase3_locked_full_v1,exploratory,locked,locked_benchmark,adult_income,static_weighted_ensemble,random_feature_deletion,0.4,shadow,2,2,9768,0,2,a713bc8ffdc4dc00894f7f73d42855ca2c72776d379a8bdb917eb273ffb3c4ca
phase3_locked_full_v1,exploratory,locked,locked_benchmark,adult_income,veto_mavs,random_feature_deletion,0.4,shadow,2,2,9768,9768,2,b95ac4e5f58062ce8d46f280ea9e124e59a939611841b3246df79dcc7f9cc259
phase3_locked_full_v1,exploratory,locked,locked_benchmark,adult_income,pure_mavs_gc,random_feature_deletion,0.4,shadow,2,2,9768,9768,2,f211dc21950569081bf8fc9e1840a7072e654b88934d726f6cd6e9b507748385
phase3_locked_full_v1,exploratory,locked,locked_benchmark,adult_income,single_model,random_feature_deletion,0.6,primary,3,3,14652,0,3,04a4515830c05afef67c3aea970057179bccf0c2709906810a0af3a613f1b8f6
phase3_locked_full_v1,exploratory,locked,locked_benchmark,adult_income,mean_ensemble,random_feature_deletion,0.6,primary,3,3,14652,0,3,7f3fbe2e449223ea673b9a971b348ea61c0d34436b6c2c8658593897b8988fd4
phase3_locked_full_v1,exploratory,locked,locked_benchmark,adult_income,static_weighted_ensemble,random_feature_deletion,0.6,primary,3,3,14652,0,3,3cc61f99d04c2d08d93c5f9e2cc7c6d44383d317be1c7eb5c74e007a7b5ef8a3
phase3_locked_full_v1,exploratory,locked,locked_benchmark,adult_income,veto_mavs,random_feature_deletion,0.6,primary,3,3,14652,14652,3,7f76d96d9b7a4ece3608ef455a3892f19dd9c360866d81ec0f44319d066207c0
phase3_locked_full_v1,exploratory,locked,locked_benchmark,adult_income,pure_mavs_gc,random_feature_deletion,0.6,primary,3,3,14652,14652,3,70a4f076fdcd9d6c1709529919bb4acc577780e5aa7003e383eb06ef1554e6a7
phase3_locked_full_v1,exploratory,locked,locked_benchmark,adult_income,single_model,random_feature_deletion,0.6,shadow,2,2,9768,0,2,9120a8d4eae69c755a318a490598d975c5b21e1fd8933d819e91cf1b5e00f651
phase3_locked_full_v1,exploratory,locked,locked_benchmark,adult_income,mean_ensemble,random_feature_deletion,0.6,shadow,2,2,9768,0,2,2282f0cc5e13fe41cfac11ee7d8e1f22553a729cef3974acdd34fd16f1f09a24
phase3_locked_full_v1,exploratory,locked,locked_benchmark,adult_income,static_weighted_ensemble,random_feature_deletion,0.6,shadow,2,2,9768,0,2,130f4e1f482d02551759c8108d20c920ffa7040c8b0b5deb7514b94bcd6d6a6e
phase3_locked_full_v1,exploratory,locked,locked_benchmark,adult_income,veto_mavs,random_feature_deletion,0.6,shadow,2,2,9768,9768,2,4d24b13cbb3a29f83b16e824b2ece6fbdd9246efa13121fdcd0f41f528a4bb62
phase3_locked_full_v1,exploratory,locked,locked_benchmark,adult_income,pure_mavs_gc,random_feature_deletion,0.6,shadow,2,2,9768,9768,2,8de31fab8ff71e4aef7cd3dfc53aa0f02a6e0c4df45a327d51a43043def1960c
phase3_locked_full_v1,exploratory,locked,locked_benchmark,adult_income,single_model,random_feature_deletion,0.8,primary,3,3,14652,0,3,a64688d14a2995639ce98f7029772c385613523aaae8cdab753ef1ba29cdea2e
phase3_locked_full_v1,exploratory,locked,locked_benchmark,adult_income,mean_ensemble,random_feature_deletion,0.8,primary,3,3,14652,0,3,25dc393262ff74d47c4291170a463564091607b9a025ef261a0ae287119fbc32
phase3_locked_full_v1,exploratory,locked,locked_benchmark,adult_income,static_weighted_ensemble,random_feature_deletion,0.8,primary,3,3,14652,0,3,77513c29c8468212199eded88c910583e4dca79d40602412594a7c0889e6a0dd
phase3_locked_full_v1,exploratory,locked,locked_benchmark,adult_income,veto_mavs,random_feature_deletion,0.8,primary,3,3,14652,14652,3,caedbf65e06f9601a84485c976c8bd07d77dbfc552ee2b0137c8b334db7b3d93
phase3_locked_full_v1,exploratory,locked,locked_benchmark,adult_income,pure_mavs_gc,random_feature_deletion,0.8,primary,3,3,14652,14652,3,f94e15ce9f7091316a91c508f0d4174bc6cdacd7b91aa48be4322a1ca81d8202
phase3_locked_full_v1,exploratory,locked,locked_benchmark,adult_income,single_model,random_feature_deletion,0.8,shadow,2,2,9768,0,2,8051398f9ff3b8d8f081b58088a6661c131e690fb3620445edfcd15dbfd48fe9
phase3_locked_full_v1,exploratory,locked,locked_benchmark,adult_income,mean_ensemble,random_feature_deletion,0.8,shadow,2,2,9768,0,2,dc0e8b6f5b12c818e488f50d2f8e0103357f28df508285f5bf13849d8baed14e
phase3_locked_full_v1,exploratory,locked,locked_benchmark,adult_income,static_weighted_ensemble,random_feature_deletion,0.8,shadow,2,2,9768,0,2,fc4c132fa86fbf43843c59db242ac1c2e59964f5d60b0aac092753072b7a164f
phase3_locked_full_v1,exploratory,locked,locked_benchmark,adult_income,veto_mavs,random_feature_deletion,0.8,shadow,2,2,9768,9768,2,e9e89ac5959817d5b0edc688368e2aa27ea00045b433a5148a15c68ff61e2057
phase3_locked_full_v1,exploratory,locked,locked_benchmark,adult_income,pure_mavs_gc,random_feature_deletion,0.8,shadow,2,2,9768,9768,2,58c88ddd79dccabe217a65d68209decd162b4061e80d82d3088332f1522404c3
phase3_locked_full_v1,exploratory,locked,locked_benchmark,adult_income,single_model,random_feature_deletion,1.0,primary,3,3,14652,0,3,9570cdc7782a24e0b3603f013ec2908ece2ee30bb2f90c4208b333802f4c0327
phase3_locked_full_v1,exploratory,locked,locked_benchmark,adult_income,mean_ensemble,random_feature_deletion,1.0,primary,3,3,14652,0,3,26dbbe2e6ad9af7b3707d933d47fb30660e6fa4f2575a247e16cd2a1cad4d55a
phase3_locked_full_v1,exploratory,locked,locked_benchmark,adult_income,static_weighted_ensemble,random_feature_deletion,1.0,primary,3,3,14652,0,3,9ff7df596236ce5bbfdc54a0963829dbf02b1a82fa46494432665baeafced7c1
phase3_locked_full_v1,exploratory,locked,locked_benchmark,adult_income,veto_mavs,random_feature_deletion,1.0,primary,3,3,14652,14652,3,cdd32f43161d1915ea7811c41ac7fca6c2d5956fea46a8a05b4f014e4e183ea8
phase3_locked_full_v1,exploratory,locked,locked_benchmark,adult_income,pure_mavs_gc,random_feature_deletion,1.0,primary,3,3,14652,14652,3,2682e05c388173e6074740bd94df909fee6f515ba5472d7fcead75d2c9cd8d13
phase3_locked_full_v1,exploratory,locked,locked_benchmark,adult_income,single_model,random_feature_deletion,1.0,shadow,2,2,9768,0,2,703681d7e7e128bf577a1b5b87540ebb5ae63276488e9cfb07b7ffed31b7d0cb
phase3_locked_full_v1,exploratory,locked,locked_benchmark,adult_income,mean_ensemble,random_feature_deletion,1.0,shadow,2,2,9768,0,2,42c2c1bd814111d9c69805deb43a0541341dfb466ec541324aebf46daff7aea2
phase3_locked_full_v1,exploratory,locked,locked_benchmark,adult_income,static_weighted_ensemble,random_feature_deletion,1.0,shadow,2,2,9768,0,2,2fe7c2d744d07f592db2df865baed2027e606493b791f102bd95ac25ca659bc5
phase3_locked_full_v1,exploratory,locked,locked_benchmark,adult_income,veto_mavs,random_feature_deletion,1.0,shadow,2,2,9768,9768,2,1eefd42d6db8c030c98444fb0a4dad6344a74d2fb3e69b868b18344a9a5687ca
phase3_locked_full_v1,exploratory,locked,locked_benchmark,adult_income,pure_mavs_gc,random_feature_deletion,1.0,shadow,2,2,9768,9768,2,d98d56cec697fe016e4b7061596f3d975e3d207bb9a5b93dec05fd075bfb645b
phase3_locked_full_v1,exploratory,locked,locked_benchmark,adult_income,single_model,label_noise,0.0,primary,3,3,14652,0,3,de785d5d5caca558dc4e01ce156ee604c172a307f347e7f0103c5730905aa8d2
phase3_locked_full_v1,exploratory,locked,locked_benchmark,adult_income,mean_ensemble,label_noise,0.0,primary,3,3,14652,0,3,7f5e3d086b1258a473e64eae4132008d82c76bacec106fc8e197b811d20ec3c9
phase3_locked_full_v1,exploratory,locked,locked_benchmark,adult_income,static_weighted_ensemble,label_noise,0.0,primary,3,3,14652,0,3,62f0418b490fbf3dd3c680d0779ec5905de50b288b4059048a25f4886ed8051c
phase3_locked_full_v1,exploratory,locked,locked_benchmark,adult_income,veto_mavs,label_noise,0.0,primary,3,3,14652,14652,3,2bb2ec1dadda350432c884cede508fca0f89ca6658b1bd93d8f84bde5e9dcf36
phase3_locked_full_v1,exploratory,locked,locked_benchmark,adult_income,pure_mavs_gc,label_noise,0.0,primary,3,3,14652,14652,3,8724e6d350e503077670e0e7787479f0b006a630056f66c1961f8376f0724ca3
phase3_locked_full_v1,exploratory,locked,locked_benchmark,adult_income,single_model,label_noise,0.0,shadow,2,2,9768,0,2,763a251b637b3dd753cde0f217ad400e4e8be6c666baf1f74a9d2caf5428e219
phase3_locked_full_v1,exploratory,locked,locked_benchmark,adult_income,mean_ensemble,label_noise,0.0,shadow,2,2,9768,0,2,02ad0ab03079e6718f36ad7b1f8fd13bed33507f8ce43e49e94ba952af2ec577
phase3_locked_full_v1,exploratory,locked,locked_benchmark,adult_income,static_weighted_ensemble,label_noise,0.0,shadow,2,2,9768,0,2,e4f9b46634b514f69bba9a15c3f9bcceec94b12f05e23583c7e52a771f90350a
phase3_locked_full_v1,exploratory,locked,locked_benchmark,adult_income,veto_mavs,label_noise,0.0,shadow,2,2,9768,9768,2,43c2bd05d33a3f8dccb119581897a945816caad32032012a4aace66c1f49a401
phase3_locked_full_v1,exploratory,locked,locked_benchmark,adult_income,pure_mavs_gc,label_noise,0.0,shadow,2,2,9768,9768,2,8f83e109343021c1c4001e6eebdbbe2197b7562f6031a6e7712084a499dffc19
phase3_locked_full_v1,exploratory,locked,locked_benchmark,adult_income,single_model,label_noise,0.05,primary,3,3,14652,0,3,a4bbb451698817839465c14a67c4d631b72adaa0b95489aeb8f66c16e7af7dee
phase3_locked_full_v1,exploratory,locked,locked_benchmark,adult_income,mean_ensemble,label_noise,0.05,primary,3,3,14652,0,3,c48af0154775b710924c1fef4f3d3714dd11bfd33f199d55251b73197a19ff7c
phase3_locked_full_v1,exploratory,locked,locked_benchmark,adult_income,static_weighted_ensemble,label_noise,0.05,primary,3,3,14652,0,3,378a19dc103e19a762ec3653fdf43cd2a9deb1aadbde113e4b8e7b8f8a2ff09b
phase3_locked_full_v1,exploratory,locked,locked_benchmark,adult_income,veto_mavs,label_noise,0.05,primary,3,3,14652,14652,3,f9ce09730f38ad6a1380c5d2ba2096b2b719633f1428071e30de8bfe2fcae6b4
phase3_locked_full_v1,exploratory,locked,locked_benchmark,adult_income,pure_mavs_gc,label_noise,0.05,primary,3,3,14652,14652,3,8f41a4f431f1e08c068f122722114ba0953178a98379fdc7d53ad9debd7f16c8
phase3_locked_full_v1,exploratory,locked,locked_benchmark,adult_income,single_model,label_noise,0.05,shadow,2,2,9768,0,2,93a5b9dec9285623de71352937706cf4c23cd24709e0d4ea7f9ce1e0c22db89d
phase3_locked_full_v1,exploratory,locked,locked_benchmark,adult_income,mean_ensemble,label_noise,0.05,shadow,2,2,9768,0,2,1c5995b6bb6b49cc3835142606445db4a3d66aedac0691f008009593fd8b362d
phase3_locked_full_v1,exploratory,locked,locked_benchmark,adult_income,static_weighted_ensemble,label_noise,0.05,shadow,2,2,9768,0,2,68a1e761c112192e1355fbe7e05dd2dfdea993d39ed99b373b06e6b5c6ff0f00
phase3_locked_full_v1,exploratory,locked,locked_benchmark,adult_income,veto_mavs,label_noise,0.05,shadow,2,2,9768,9768,2,3fed1b41ad3f0e3ed0ee2eef44aa0cc7274210f632ddc75f7dbc0d49e04d281d
phase3_locked_full_v1,exploratory,locked,locked_benchmark,adult_income,pure_mavs_gc,label_noise,0.05,shadow,2,2,9768,9768,2,d697f402d666043eb2181616f26732fdc83eafee3fb7c9c6e178bd0f6acfee8c
phase3_locked_full_v1,exploratory,locked,locked_benchmark,adult_income,single_model,label_noise,0.1,primary,3,3,14652,0,3,c6c9036c34d4b0e83d868c487d44844fde55529568ba23d2c9b730b6d313c26a
phase3_locked_full_v1,exploratory,locked,locked_benchmark,adult_income,mean_ensemble,label_noise,0.1,primary,3,3,14652,0,3,e95012d6346e8fdf1d75245c5e1d9e59c7d85d43936da2c73251aa629e0da322
phase3_locked_full_v1,exploratory,locked,locked_benchmark,adult_income,static_weighted_ensemble,label_noise,0.1,primary,3,3,14652,0,3,2af3a048abbf423d2bcc0437e7a9d3bf3df7528ea86a47e93cc21c04ed14ebc8
phase3_locked_full_v1,exploratory,locked,locked_benchmark,adult_income,veto_mavs,label_noise,0.1,primary,3,3,14652,14652,3,839345fc3a346015c0731c378e30173a1cc125751dba2b604ab515b649e771c8
phase3_locked_full_v1,exploratory,locked,locked_benchmark,adult_income,pure_mavs_gc,label_noise,0.1,primary,3,3,14652,14652,3,3c73658e6cfc50787a09a88cf3ba1d896a12235006beb1473871c5bedb891b0c
phase3_locked_full_v1,exploratory,locked,locked_benchmark,adult_income,single_model,label_noise,0.1,shadow,2,2,9768,0,2,c475d3884a1f444b9171c7de142cfe95d397798e63fc932c1f0613b7d4983a50
phase3_locked_full_v1,exploratory,locked,locked_benchmark,adult_income,mean_ensemble,label_noise,0.1,shadow,2,2,9768,0,2,ac25ffd3f2f668d87a7ab9843ad0614d90bea3a4b1b3954a2f1bf6d7e1f58edb
phase3_locked_full_v1,exploratory,locked,locked_benchmark,adult_income,static_weighted_ensemble,label_noise,0.1,shadow,2,2,9768,0,2,2f48040eae7d2b558e0b9ffcb50b46fe21e9aeb535139b1d2b986ce918e1c907
phase3_locked_full_v1,exploratory,locked,locked_benchmark,adult_income,veto_mavs,label_noise,0.1,shadow,2,2,9768,9768,2,a1b25c9fc6448ff39e5e63fbaccb96500750d47c54874516e197c5cac1a933a8
phase3_locked_full_v1,exploratory,locked,locked_benchmark,adult_income,pure_mavs_gc,label_noise,0.1,shadow,2,2,9768,9768,2,bec231c923ef13c81c8ae3fbaa4cc81f43b7332e9aae7bd16b1c7071ed87b49e
phase3_locked_full_v1,exploratory,locked,locked_benchmark,adult_income,single_model,label_noise,0.2,primary,3,3,14652,0,3,7895536719a705a2b420f82df7b3465cdfcf6dab6ed30419cda0e3eb83e0c708
phase3_locked_full_v1,exploratory,locked,locked_benchmark,adult_income,mean_ensemble,label_noise,0.2,primary,3,3,14652,0,3,af4724b6872f9dfce9965303b9a8ac80e6200187f0636ac81ce79acf060ac9a2
phase3_locked_full_v1,exploratory,locked,locked_benchmark,adult_income,static_weighted_ensemble,label_noise,0.2,primary,3,3,14652,0,3,16148bba753984f37128981c3051ed59bdd0747bd39e04998e7fddd3fee7d1b3
phase3_locked_full_v1,exploratory,locked,locked_benchmark,adult_income,veto_mavs,label_noise,0.2,primary,3,3,14652,14652,3,082b027ea0f5b4dfd4559ec0869d076ed82bb03b216288f916b5addbd6616c9f
phase3_locked_full_v1,exploratory,locked,locked_benchmark,adult_income,pure_mavs_gc,label_noise,0.2,primary,3,3,14652,14652,3,f61a380539aff6e325136ccabaa9ec309752a98ade4ac8cf546cb462be150b23
phase3_locked_full_v1,exploratory,locked,locked_benchmark,adult_income,single_model,label_noise,0.2,shadow,2,2,9768,0,2,c25347088dedca8047a9e35471dca79d922c24b7eae0c91c12cdf9752b5be7f6
phase3_locked_full_v1,exploratory,locked,locked_benchmark,adult_income,mean_ensemble,label_noise,0.2,shadow,2,2,9768,0,2,d2f33b0d139fd4a60ef1b36cb2afc49096cacb11c4f1793d6380b3bcb00cead9
phase3_locked_full_v1,exploratory,locked,locked_benchmark,adult_income,static_weighted_ensemble,label_noise,0.2,shadow,2,2,9768,0,2,dc465e2716e8ed41221b3a1eb085be6999081458fd8f3d857a91611985b7f85a
phase3_locked_full_v1,exploratory,locked,locked_benchmark,adult_income,veto_mavs,label_noise,0.2,shadow,2,2,9768,9768,2,ce1cef587c755e63751bbec40f550a6479151545de1bb60d3a3c6db491968d30
phase3_locked_full_v1,exploratory,locked,locked_benchmark,adult_income,pure_mavs_gc,label_noise,0.2,shadow,2,2,9768,9768,2,725955576da6affe32e9de84a0bbe0c303f9d85d6869c0f523e460e89bf1db75
phase3_locked_full_v1,exploratory,locked,locked_benchmark,adult_income,single_model,label_noise,0.4,primary,3,3,14652,0,3,ad177074c1db41015f991bb10e95e7eca50efd1b8f23689ab6a1904861d67b8e
phase3_locked_full_v1,exploratory,locked,locked_benchmark,adult_income,mean_ensemble,label_noise,0.4,primary,3,3,14652,0,3,efcb6ec4ab861fe1c44d769024d5c5d761fb35ca80c32584b2743e52fdb4b949
phase3_locked_full_v1,exploratory,locked,locked_benchmark,adult_income,static_weighted_ensemble,label_noise,0.4,primary,3,3,14652,0,3,56383d4e3a5299360169265f20a678cabddea24ae6dcc6678d1877b354311ef7
phase3_locked_full_v1,exploratory,locked,locked_benchmark,adult_income,veto_mavs,label_noise,0.4,primary,3,3,14652,14652,3,5d7194c5ef1c9ac3a25b513c81abd3baea30128ab7105e35bdec4449c61291cb
phase3_locked_full_v1,exploratory,locked,locked_benchmark,adult_income,pure_mavs_gc,label_noise,0.4,primary,3,3,14652,14652,3,72d8d5da58c7f29b35c27b8b58c0da455478affb976824389b3232f548b18329
phase3_locked_full_v1,exploratory,locked,locked_benchmark,adult_income,single_model,label_noise,0.4,shadow,2,2,9768,0,2,9497d5b5316a3fc48bc968da3d73391657956e60feb2d7ec0a0e874343814704
phase3_locked_full_v1,exploratory,locked,locked_benchmark,adult_income,mean_ensemble,label_noise,0.4,shadow,2,2,9768,0,2,e129b5d14790557458757b3b89b7db7b9c70730637008fa3c65344dfdfe373ff
phase3_locked_full_v1,exploratory,locked,locked_benchmark,adult_income,static_weighted_ensemble,label_noise,0.4,shadow,2,2,9768,0,2,7e9162544a9b0870dde9f56a6bf6e3daae9edd8320210b7ba50a925652d7ee69
phase3_locked_full_v1,exploratory,locked,locked_benchmark,adult_income,veto_mavs,label_noise,0.4,shadow,2,2,9768,9768,2,82c1b4ee62e16acbb15557cea516d443f38c184e9c918669ba9d2f0017c09872
phase3_locked_full_v1,exploratory,locked,locked_benchmark,adult_income,pure_mavs_gc,label_noise,0.4,shadow,2,2,9768,9768,2,63347919535efe8adc5cd9290fbacc1d7268c7a7d34a1ae80b7a29eb612c458c
phase3_locked_full_v1,exploratory,locked,locked_benchmark,adult_income,single_model,label_noise,0.6,primary,3,3,14652,0,3,b84334b649ce150673686297ae5b344c90b7adca74092138f972c973db8c7e46
phase3_locked_full_v1,exploratory,locked,locked_benchmark,adult_income,mean_ensemble,label_noise,0.6,primary,3,3,14652,0,3,546dccb96e39a59c7aedeec5b5cdd6249b8b0bea5d88a75871ce030f41f36181
phase3_locked_full_v1,exploratory,locked,locked_benchmark,adult_income,static_weighted_ensemble,label_noise,0.6,primary,3,3,14652,0,3,601bf8720971620f9df85d68ed9bf71c32d146c0ee4c2d29027cf7d53b59127c
phase3_locked_full_v1,exploratory,locked,locked_benchmark,adult_income,veto_mavs,label_noise,0.6,primary,3,3,14652,14652,3,534e885061f1d47380062a856ed26155b1bc380405282f3e6aa8e2e965b8b097
phase3_locked_full_v1,exploratory,locked,locked_benchmark,adult_income,pure_mavs_gc,label_noise,0.6,primary,3,3,14652,14652,3,9c6f3b2e611883409b05ee4b1a808f28a8d886d8a15d2daa6936756dd0a4c5e4
phase3_locked_full_v1,exploratory,locked,locked_benchmark,adult_income,single_model,label_noise,0.6,shadow,2,2,9768,0,2,3cb909595c1fecde5170d500f777aaddf0194b75b9aede5fcdf71ebcb2655f97
phase3_locked_full_v1,exploratory,locked,locked_benchmark,adult_income,mean_ensemble,label_noise,0.6,shadow,2,2,9768,0,2,2820bde4136beb62729a0df88d43c1c41b0c831939bb65a1e02fb079504e2f18
phase3_locked_full_v1,exploratory,locked,locked_benchmark,adult_income,static_weighted_ensemble,label_noise,0.6,shadow,2,2,9768,0,2,4d6fd0b0c6fc6b6cc23149ad162a7d24fa766f48e4a553d8ada5ef8321aec1b5
phase3_locked_full_v1,exploratory,locked,locked_benchmark,adult_income,veto_mavs,label_noise,0.6,shadow,2,2,9768,9768,2,f9e5929a3fdb223242d136b7558591c2aa849afb553a0baa1b8eb145d86864bb
phase3_locked_full_v1,exploratory,locked,locked_benchmark,adult_income,pure_mavs_gc,label_noise,0.6,shadow,2,2,9768,9768,2,531b7239e9721ce2f043b0c7d27b36fefcbcac94e45e06e2325d11b2c57e795e
phase3_locked_full_v1,exploratory,locked,locked_benchmark,adult_income,single_model,label_noise,0.8,primary,3,3,14652,0,3,958062555b62619bf46233c5fad7437796a69793d62916693550851909e5cf68
phase3_locked_full_v1,exploratory,locked,locked_benchmark,adult_income,mean_ensemble,label_noise,0.8,primary,3,3,14652,0,3,08e22d60a7708b141efcf34969cdd7eeabfca53e2e66091d3580d065223ea436
phase3_locked_full_v1,exploratory,locked,locked_benchmark,adult_income,static_weighted_ensemble,label_noise,0.8,primary,3,3,14652,0,3,12e60390d934172b5f8f52c236500e89a0fa0f760af04fc87e424bf9da02e1d9
phase3_locked_full_v1,exploratory,locked,locked_benchmark,adult_income,veto_mavs,label_noise,0.8,primary,3,3,14652,14652,3,d20a41fd566fda98bc1fb20ee6d3955a8078ba5365a17a0196970e51239f9548
phase3_locked_full_v1,exploratory,locked,locked_benchmark,adult_income,pure_mavs_gc,label_noise,0.8,primary,3,3,14652,14652,3,1abf0f46813fa9711b58c949c6f91dca236bea52bbd5a566277438a55003a562
phase3_locked_full_v1,exploratory,locked,locked_benchmark,adult_income,single_model,label_noise,0.8,shadow,2,2,9768,0,2,e788a5170f40b1a5e0df8c6d8ed1f598bf58852be5a86ccdc7dffc4e29c11105
phase3_locked_full_v1,exploratory,locked,locked_benchmark,adult_income,mean_ensemble,label_noise,0.8,shadow,2,2,9768,0,2,76b4852b0be9175ccf4dc2436cfc3813b24163912499047bb3e13b740b25903a
phase3_locked_full_v1,exploratory,locked,locked_benchmark,adult_income,static_weighted_ensemble,label_noise,0.8,shadow,2,2,9768,0,2,3e586115029641ba8e050861e8a7c730cae5f569e5e7695b7412cc8a2ee960e9
phase3_locked_full_v1,exploratory,locked,locked_benchmark,adult_income,veto_mavs,label_noise,0.8,shadow,2,2,9768,9768,2,9c801bbf3d50879204fcf9b4624ad3cadb78a1b6e835089e641fdadbdc51033b
phase3_locked_full_v1,exploratory,locked,locked_benchmark,adult_income,pure_mavs_gc,label_noise,0.8,shadow,2,2,9768,9768,2,4606c2a110d4a6483ad810b1e620379380b6f742ceddb39a5f13c9e1368bce2f
phase3_locked_full_v1,exploratory,locked,locked_benchmark,adult_income,single_model,label_noise,1.0,primary,3,3,14652,0,3,685eabc763137bd06dd965be25fffcbdc6b19e8d3d4839032c8099cc04596ca9
phase3_locked_full_v1,exploratory,locked,locked_benchmark,adult_income,mean_ensemble,label_noise,1.0,primary,3,3,14652,0,3,8c1ee69e43ce69cdf96b6800c430c1bc05f682f371d5e6e7352c7f13d626586a
phase3_locked_full_v1,exploratory,locked,locked_benchmark,adult_income,static_weighted_ensemble,label_noise,1.0,primary,3,3,14652,0,3,e0e51c35172517a4ff4ea7b0759b90f77deaf86aca04d573afa350c1ac39fcfa
phase3_locked_full_v1,exploratory,locked,locked_benchmark,adult_income,veto_mavs,label_noise,1.0,primary,3,3,14652,14652,3,8989daea5152c17213262ebc5f69fe7858d42bfb39b4556870ae9138d4e2f7b8
phase3_locked_full_v1,exploratory,locked,locked_benchmark,adult_income,pure_mavs_gc,label_noise,1.0,primary,3,3,14652,14652,3,10a94b46d3b8ca2ae0d8c2388d291c427456de2abb3059202343b0ea658dea36
phase3_locked_full_v1,exploratory,locked,locked_benchmark,adult_income,single_model,label_noise,1.0,shadow,2,2,9768,0,2,6b1ef315d0fc53da1f894bd8983c73ef94dd1c81465d7b7098f396a6327d146d
phase3_locked_full_v1,exploratory,locked,locked_benchmark,adult_income,mean_ensemble,label_noise,1.0,shadow,2,2,9768,0,2,6cdae1e5176b2c6559a532d539a225fcef2c56f3c732ea523e45efe0fad20d84
phase3_locked_full_v1,exploratory,locked,locked_benchmark,adult_income,static_weighted_ensemble,label_noise,1.0,shadow,2,2,9768,0,2,82482f1a6da4f7a988b8276eb4da35265c60fa3060203f08e01ae3e982395f2d
phase3_locked_full_v1,exploratory,locked,locked_benchmark,adult_income,veto_mavs,label_noise,1.0,shadow,2,2,9768,9768,2,b9872440bdbfb12e82a8ca0e9c1f40f812479c263716a89677125a1e734645df
phase3_locked_full_v1,exploratory,locked,locked_benchmark,adult_income,pure_mavs_gc,label_noise,1.0,shadow,2,2,9768,9768,2,36d6650d8ddb8651f7812724660a3476afc56d5e57be7d3f7628cd851329b769
phase3_locked_full_v1,exploratory,locked,locked_benchmark,adult_income,single_model,confidence_distortion,0.0,primary,3,3,14652,0,3,a9f5e61276fa834c11b94819fe31462e982ea7f6a143dd4a45a6c0c7f20aa371
phase3_locked_full_v1,exploratory,locked,locked_benchmark,adult_income,mean_ensemble,confidence_distortion,0.0,primary,3,3,14652,0,3,b63c1a0847debbceb5e682ebe80bada912e8b8f89cc7eed4527571910106a6be
phase3_locked_full_v1,exploratory,locked,locked_benchmark,adult_income,static_weighted_ensemble,confidence_distortion,0.0,primary,3,3,14652,0,3,5524bbfe98d22e4d0074e798c0bdf582723fe8c572ea2a77d140666f1e401080
phase3_locked_full_v1,exploratory,locked,locked_benchmark,adult_income,veto_mavs,confidence_distortion,0.0,primary,3,3,14652,14652,3,785f22d2ff0385ba0017bfa23cb2cdf39a0afdc1a60a59b9a05d3df5a9f04d2e
phase3_locked_full_v1,exploratory,locked,locked_benchmark,adult_income,pure_mavs_gc,confidence_distortion,0.0,primary,3,3,14652,14652,3,e7328268eb9621b37ec9d07bcf96cfc24fbc27698c8ac35262448b39e998e6a8
phase3_locked_full_v1,exploratory,locked,locked_benchmark,adult_income,single_model,confidence_distortion,0.0,shadow,2,2,9768,0,2,4de4572098a8929098bf5f4d3a4594dfd109daa0d78374e1f25c8aba7d3b6b9d
phase3_locked_full_v1,exploratory,locked,locked_benchmark,adult_income,mean_ensemble,confidence_distortion,0.0,shadow,2,2,9768,0,2,c2538f089ae7beef55e164298fef90e925957b72cac05bcd5fcbbe8a0641773a
phase3_locked_full_v1,exploratory,locked,locked_benchmark,adult_income,static_weighted_ensemble,confidence_distortion,0.0,shadow,2,2,9768,0,2,d46845b6b1d70c7c414cbd113af0ca966cb551b1fe52d00a722f7ea2d1eaecd9
phase3_locked_full_v1,exploratory,locked,locked_benchmark,adult_income,veto_mavs,confidence_distortion,0.0,shadow,2,2,9768,9768,2,fecd57b8bdc04502d7de39ad70d14433b829a7acc5f8320f672cae494734a6d4
phase3_locked_full_v1,exploratory,locked,locked_benchmark,adult_income,pure_mavs_gc,confidence_distortion,0.0,shadow,2,2,9768,9768,2,32aebe6f4366f5775f57fb413f081d56d3880a32f7de0b807dccff45b9943e43
phase3_locked_full_v1,exploratory,locked,locked_benchmark,adult_income,single_model,confidence_distortion,0.05,primary,3,3,14652,0,3,fb8550644fe931eb327b21b958bb19f26a72c9980d93e7feab442cd93b6ba2b1
phase3_locked_full_v1,exploratory,locked,locked_benchmark,adult_income,mean_ensemble,confidence_distortion,0.05,primary,3,3,14652,0,3,9b6c3f5b516c355a7f0348d44fefadea363eb60ddc88a0220a887741d3a3bf75
phase3_locked_full_v1,exploratory,locked,locked_benchmark,adult_income,static_weighted_ensemble,confidence_distortion,0.05,primary,3,3,14652,0,3,04eb8c225b91e022e52e2623d976dad1fbdf5170fba3744aca973afca70625e1
phase3_locked_full_v1,exploratory,locked,locked_benchmark,adult_income,veto_mavs,confidence_distortion,0.05,primary,3,3,14652,14652,3,74dceccf54bc4b066e8af080122807616621e72bb340c3ff3b2f162b61405edf
phase3_locked_full_v1,exploratory,locked,locked_benchmark,adult_income,pure_mavs_gc,confidence_distortion,0.05,primary,3,3,14652,14652,3,4b36f6232111afa275fee5035b77235518abb988e6cd6b5beae9b46bbe656ec5
phase3_locked_full_v1,exploratory,locked,locked_benchmark,adult_income,single_model,confidence_distortion,0.05,shadow,2,2,9768,0,2,7ea97d94ef036e9e604493ca4cc799ec547d5178332355dbffd9d825763f130a
phase3_locked_full_v1,exploratory,locked,locked_benchmark,adult_income,mean_ensemble,confidence_distortion,0.05,shadow,2,2,9768,0,2,9f982db92cdd7b2f7769c44f9ad0371173cf9ae4aea2c6bf5f8128c533108f07
phase3_locked_full_v1,exploratory,locked,locked_benchmark,adult_income,static_weighted_ensemble,confidence_distortion,0.05,shadow,2,2,9768,0,2,33b7fe1a97982cda22727b301b068bbf1664dfa1270640b28dc38e2434c7e988
phase3_locked_full_v1,exploratory,locked,locked_benchmark,adult_income,veto_mavs,confidence_distortion,0.05,shadow,2,2,9768,9768,2,0bef9d8550026e8e7e13be7a3413b97a01396df474104a219810d2627b3c9fce
phase3_locked_full_v1,exploratory,locked,locked_benchmark,adult_income,pure_mavs_gc,confidence_distortion,0.05,shadow,2,2,9768,9768,2,44ca6de8deac9303839d3829d334ecbd0cc36ddcdba72a5350911657a4656523
phase3_locked_full_v1,exploratory,locked,locked_benchmark,adult_income,single_model,confidence_distortion,0.1,primary,3,3,14652,0,3,54bc1c8648d8aed6c482dba5879082d8d77a64d14cb81b3065385a868eaa96c3
phase3_locked_full_v1,exploratory,locked,locked_benchmark,adult_income,mean_ensemble,confidence_distortion,0.1,primary,3,3,14652,0,3,d68ba88eeddfdb7e89b0d4a5d6e4614b84205634ea053f2b2c7d367dec23b707
phase3_locked_full_v1,exploratory,locked,locked_benchmark,adult_income,static_weighted_ensemble,confidence_distortion,0.1,primary,3,3,14652,0,3,d7dbfe82b5e5243011cfbdbe8aaa1b1906c671d855bbc9a951fbbcc660422937
phase3_locked_full_v1,exploratory,locked,locked_benchmark,adult_income,veto_mavs,confidence_distortion,0.1,primary,3,3,14652,14652,3,8bbb46f9f5d1ed15ad43f890679705b80b5af5a300ac850cdcc9a0bf2425efe4
phase3_locked_full_v1,exploratory,locked,locked_benchmark,adult_income,pure_mavs_gc,confidence_distortion,0.1,primary,3,3,14652,14652,3,855cc24b30671d4fb7bea9554a71c0f87d7e8f46c28e3016374326a17342720b
phase3_locked_full_v1,exploratory,locked,locked_benchmark,adult_income,single_model,confidence_distortion,0.1,shadow,2,2,9768,0,2,532edf5e2689365daf15f26920b0d08270a9830244f7518ed4a86c3554e3a589
phase3_locked_full_v1,exploratory,locked,locked_benchmark,adult_income,mean_ensemble,confidence_distortion,0.1,shadow,2,2,9768,0,2,95fda6bbbc307d720610219db13da7bf7250e1e0e883e2797b2764a2c544f433
phase3_locked_full_v1,exploratory,locked,locked_benchmark,adult_income,static_weighted_ensemble,confidence_distortion,0.1,shadow,2,2,9768,0,2,2b2d90cedd1285df240047a9d5608a0dce843d69de13277020be7e5222ed1225
phase3_locked_full_v1,exploratory,locked,locked_benchmark,adult_income,veto_mavs,confidence_distortion,0.1,shadow,2,2,9768,9768,2,8b20f786909982a17b29441b46196f56a9f97e5af19b5b3dd3d1e1247ba9836a
phase3_locked_full_v1,exploratory,locked,locked_benchmark,adult_income,pure_mavs_gc,confidence_distortion,0.1,shadow,2,2,9768,9768,2,97cfd63f76fcd75cebd9bfc7f45f28ba006deeee78c45107d134ebb41668d3d5
phase3_locked_full_v1,exploratory,locked,locked_benchmark,adult_income,single_model,confidence_distortion,0.2,primary,3,3,14652,0,3,9c0857968aebe9942ec4d0da1c0927328e2e70ad19cde383d9726c0f02250b25
phase3_locked_full_v1,exploratory,locked,locked_benchmark,adult_income,mean_ensemble,confidence_distortion,0.2,primary,3,3,14652,0,3,1f7995b3178663d2215fa618aab62701f276f2b545b6656a281aa4e2b90d3a8f
phase3_locked_full_v1,exploratory,locked,locked_benchmark,adult_income,static_weighted_ensemble,confidence_distortion,0.2,primary,3,3,14652,0,3,2a7ee257ede512ced162abf43156ee389aafc385f1661e931f5bf430cf48ba25
phase3_locked_full_v1,exploratory,locked,locked_benchmark,adult_income,veto_mavs,confidence_distortion,0.2,primary,3,3,14652,14652,3,c1c56fd1fff3b657a1229b3de45a483b693c23345e42c79e1e4a1f6530972058
phase3_locked_full_v1,exploratory,locked,locked_benchmark,adult_income,pure_mavs_gc,confidence_distortion,0.2,primary,3,3,14652,14652,3,792bbe52b49af8ee84bf14ff762d3007e8bd445713c744ad2f754f704accfcb7
phase3_locked_full_v1,exploratory,locked,locked_benchmark,adult_income,single_model,confidence_distortion,0.2,shadow,2,2,9768,0,2,b5e9caa0e0c32e87949900b142e08511143022c2dd15f9d0721eb2fb77e3214f
phase3_locked_full_v1,exploratory,locked,locked_benchmark,adult_income,mean_ensemble,confidence_distortion,0.2,shadow,2,2,9768,0,2,9d1dceb2179c99bc33510cf881a4f6dac00317def4440d077eca02d72a72890e
phase3_locked_full_v1,exploratory,locked,locked_benchmark,adult_income,static_weighted_ensemble,confidence_distortion,0.2,shadow,2,2,9768,0,2,57046e248c0a8a0937f9567c1901010106a338b20bfedfa510b286b18d6771b8
phase3_locked_full_v1,exploratory,locked,locked_benchmark,adult_income,veto_mavs,confidence_distortion,0.2,shadow,2,2,9768,9768,2,e6a225347a16e510c8ca29dcf379c1a00890afe4b381243957765381caaa9f03
phase3_locked_full_v1,exploratory,locked,locked_benchmark,adult_income,pure_mavs_gc,confidence_distortion,0.2,shadow,2,2,9768,9768,2,4e1df75b8f03ff0e5e726e5e0f5ecae77244094c58add6ed7eec1af36ad7462f
phase3_locked_full_v1,exploratory,locked,locked_benchmark,adult_income,single_model,confidence_distortion,0.4,primary,3,3,14652,0,3,8f55d59e69f8287330a25f326c512871f9faab53a1ab76a6a918ef633be99148
phase3_locked_full_v1,exploratory,locked,locked_benchmark,adult_income,mean_ensemble,confidence_distortion,0.4,primary,3,3,14652,0,3,f662b3fb62541bd8327d2390c019d1a0478d7a25fd3b720b2e1c303db4b7bddf
phase3_locked_full_v1,exploratory,locked,locked_benchmark,adult_income,static_weighted_ensemble,confidence_distortion,0.4,primary,3,3,14652,0,3,af2c8486e593287b6b1cc19cdcd8b6dd2cd68742b2d4e6ae3a2591d6cc9907b0
phase3_locked_full_v1,exploratory,locked,locked_benchmark,adult_income,veto_mavs,confidence_distortion,0.4,primary,3,3,14652,14652,3,ea7161ec104a0762f1b1f98f0df792dcdaef6acd68ecd7c5e897c3396e3e7124
phase3_locked_full_v1,exploratory,locked,locked_benchmark,adult_income,pure_mavs_gc,confidence_distortion,0.4,primary,3,3,14652,14652,3,252b6731c54b1a028272bbe3b1739d4adbe0b9cd0845d9a54cc8162de1b66c98
phase3_locked_full_v1,exploratory,locked,locked_benchmark,adult_income,single_model,confidence_distortion,0.4,shadow,2,2,9768,0,2,b936d192acadec9899ae3d09f8a9124d0ef962f94e94a9268167a822fd8b7de4
phase3_locked_full_v1,exploratory,locked,locked_benchmark,adult_income,mean_ensemble,confidence_distortion,0.4,shadow,2,2,9768,0,2,d82c7513c3ecbc279c365d319b544d167b6b442072e9e13315e38e90fa68b25f
phase3_locked_full_v1,exploratory,locked,locked_benchmark,adult_income,static_weighted_ensemble,confidence_distortion,0.4,shadow,2,2,9768,0,2,3ca9d4481a5821ee3420715ff228dadebcf16cae62f06110624496c576bbc9d3
phase3_locked_full_v1,exploratory,locked,locked_benchmark,adult_income,veto_mavs,confidence_distortion,0.4,shadow,2,2,9768,9768,2,e75bdc2d6706e1a10e1ff7ae82f3178c458059f343e5310ada36a29bcfb45107
phase3_locked_full_v1,exploratory,locked,locked_benchmark,adult_income,pure_mavs_gc,confidence_distortion,0.4,shadow,2,2,9768,9768,2,87fab8c2ce65f461499faaf3da47cb3de9dbb98810b7afa7d754406f7f25d07e
phase3_locked_full_v1,exploratory,locked,locked_benchmark,adult_income,single_model,confidence_distortion,0.6,primary,3,3,14652,0,3,4109c9accc76425f86765f81786feaee451a9f662992f0269a1b7019d4516dd0
phase3_locked_full_v1,exploratory,locked,locked_benchmark,adult_income,mean_ensemble,confidence_distortion,0.6,primary,3,3,14652,0,3,fa45099696481bae3c242e6dc8377fd5dee3e5a8cacd6834152182bfb111e201
phase3_locked_full_v1,exploratory,locked,locked_benchmark,adult_income,static_weighted_ensemble,confidence_distortion,0.6,primary,3,3,14652,0,3,e18625f8323314dccd1377e3058088b1c9afda3a7357c08d5aaadf665dee97bb
phase3_locked_full_v1,exploratory,locked,locked_benchmark,adult_income,veto_mavs,confidence_distortion,0.6,primary,3,3,14652,14652,3,7a16c9975787797fecb0dddfb299b4adb4aea6d16edd493e439ed87f2a15052c
phase3_locked_full_v1,exploratory,locked,locked_benchmark,adult_income,pure_mavs_gc,confidence_distortion,0.6,primary,3,3,14652,14652,3,79988cae185fad1422a0ef6c60bb8a2b9d1d46517d2e255b8ce03bf93ced2d05
phase3_locked_full_v1,exploratory,locked,locked_benchmark,adult_income,single_model,confidence_distortion,0.6,shadow,2,2,9768,0,2,4c447351d62a268e55f140e5be4a3fe0f46a9aeaa8594e1744d1abcb4056845d
phase3_locked_full_v1,exploratory,locked,locked_benchmark,adult_income,mean_ensemble,confidence_distortion,0.6,shadow,2,2,9768,0,2,93e39188cbd0eb7decd5e7ee1ee9d76dee68389da73a460181adf7f20466369a
phase3_locked_full_v1,exploratory,locked,locked_benchmark,adult_income,static_weighted_ensemble,confidence_distortion,0.6,shadow,2,2,9768,0,2,f0d71295a39c985aa3c94a9a8ed63cbcb4b7379183b17a052d30f9d16cd585a7
phase3_locked_full_v1,exploratory,locked,locked_benchmark,adult_income,veto_mavs,confidence_distortion,0.6,shadow,2,2,9768,9768,2,647025892ea2025881669cb5fb9aa91321ed31c1ea6a8509d16126d5d3f177fc
phase3_locked_full_v1,exploratory,locked,locked_benchmark,adult_income,pure_mavs_gc,confidence_distortion,0.6,shadow,2,2,9768,9768,2,88c9843f366401b5fd4407ac3024095533ea4e342eb6a1eb768142d752d478a2
phase3_locked_full_v1,exploratory,locked,locked_benchmark,adult_income,single_model,confidence_distortion,0.8,primary,3,3,14652,0,3,8c4c5b29cca04fc2b4008bc444e0f3ae33f7b3b2441543ef8bbad8c5b010441e
phase3_locked_full_v1,exploratory,locked,locked_benchmark,adult_income,mean_ensemble,confidence_distortion,0.8,primary,3,3,14652,0,3,dfa1d93195c055d0ad99a4c88021637309ba22390e400610de0d28a6e025c522
phase3_locked_full_v1,exploratory,locked,locked_benchmark,adult_income,static_weighted_ensemble,confidence_distortion,0.8,primary,3,3,14652,0,3,85dd6518ebbe98dae4bd286bef3e0b10736ebd9f925d0e16f242d64c5bf19405
phase3_locked_full_v1,exploratory,locked,locked_benchmark,adult_income,veto_mavs,confidence_distortion,0.8,primary,3,3,14652,14652,3,48a70cfc59a533759ca4f25e7929252cc054466e871c9bd5c20076329dc9a1fe
phase3_locked_full_v1,exploratory,locked,locked_benchmark,adult_income,pure_mavs_gc,confidence_distortion,0.8,primary,3,3,14652,14652,3,cee5dfc783a58e949036f7d2278988bd8adbf2af3c3e41a8c536aaf008d32756
phase3_locked_full_v1,exploratory,locked,locked_benchmark,adult_income,single_model,confidence_distortion,0.8,shadow,2,2,9768,0,2,7fabb8d01e86be8360c241337a630db4440064e034c19b86b24a8ffd77af2443
phase3_locked_full_v1,exploratory,locked,locked_benchmark,adult_income,mean_ensemble,confidence_distortion,0.8,shadow,2,2,9768,0,2,f1c13fc6fef8c85cc5cd6d2eda7dd64437c0e1e65380b4c5d50116a037d3fd69
phase3_locked_full_v1,exploratory,locked,locked_benchmark,adult_income,static_weighted_ensemble,confidence_distortion,0.8,shadow,2,2,9768,0,2,e22b91e24a5c541d4ec2458bb33514acfbf20c0c029d3e0158795ec15033a375
phase3_locked_full_v1,exploratory,locked,locked_benchmark,adult_income,veto_mavs,confidence_distortion,0.8,shadow,2,2,9768,9768,2,ba42773e575e30ef9088f00c9b5d64997395f91cd2b3a6aaa11af52ecb935b47
phase3_locked_full_v1,exploratory,locked,locked_benchmark,adult_income,pure_mavs_gc,confidence_distortion,0.8,shadow,2,2,9768,9768,2,23d6202cd50faec2261c9e7a224380e57d2152134a9677edaacf67b62091ccc4
phase3_locked_full_v1,exploratory,locked,locked_benchmark,adult_income,single_model,confidence_distortion,1.0,primary,3,3,14652,0,3,4e649cb25d34a82082ddebd6c10b558819e89e232a12990eabde3bd539d1dc8e
phase3_locked_full_v1,exploratory,locked,locked_benchmark,adult_income,mean_ensemble,confidence_distortion,1.0,primary,3,3,14652,0,3,0aebe2a2cfb2e4e8d33d871a5b9d4da682f563190ab2fa979e3f620fafd7ca95
phase3_locked_full_v1,exploratory,locked,locked_benchmark,adult_income,static_weighted_ensemble,confidence_distortion,1.0,primary,3,3,14652,0,3,a258fe1d5f16c7dfcbedc75dbad4a6a5e81d71765c3b6f398e9d08ed3a107d59
phase3_locked_full_v1,exploratory,locked,locked_benchmark,adult_income,veto_mavs,confidence_distortion,1.0,primary,3,3,14652,14652,3,606f90b47cb7eae50dac23abc48102b5971944a3445a35f355a5642d23aac00f
phase3_locked_full_v1,exploratory,locked,locked_benchmark,adult_income,pure_mavs_gc,confidence_distortion,1.0,primary,3,3,14652,14652,3,d3fbc6b6760e916563de6977edd8cbd5d8c2e5f2d6f79ef7ba2e579dcc287509
phase3_locked_full_v1,exploratory,locked,locked_benchmark,adult_income,single_model,confidence_distortion,1.0,shadow,2,2,9768,0,2,6ac4a9eb34be21c137d4aac45b25b36347817bafc85ecec29c710166f4a0c934
phase3_locked_full_v1,exploratory,locked,locked_benchmark,adult_income,mean_ensemble,confidence_distortion,1.0,shadow,2,2,9768,0,2,17494383ff74863757844bc89192a21696eaf7afe88db3308f2c3cb4ed8e6d12
phase3_locked_full_v1,exploratory,locked,locked_benchmark,adult_income,static_weighted_ensemble,confidence_distortion,1.0,shadow,2,2,9768,0,2,43a0677c46257e3044cb9829b13d4016153b8594f55e28df49af274e8fb73673
phase3_locked_full_v1,exploratory,locked,locked_benchmark,adult_income,veto_mavs,confidence_distortion,1.0,shadow,2,2,9768,9768,2,8dc5d97e44ae5feb5ece498083de0b5eb43f6e30fc616a3009fc518801098dc2
phase3_locked_full_v1,exploratory,locked,locked_benchmark,adult_income,pure_mavs_gc,confidence_distortion,1.0,shadow,2,2,9768,9768,2,5085d2b330136aa0ba9794029ddc69ed48e89a17d1e29660bae3d0f139ea67ea
phase3_locked_full_v1,exploratory,locked,locked_benchmark,adult_income,single_model,adversarial_confidence_inflation,0.0,primary,3,3,14652,0,3,676e8eec720171773d23f9d93f809033e3c259b8a21976bf1054c4e96e5539ea
phase3_locked_full_v1,exploratory,locked,locked_benchmark,adult_income,mean_ensemble,adversarial_confidence_inflation,0.0,primary,3,3,14652,0,3,910793b430b0edab6be3ca571f0174f9a3e5d0e67c08a8a8d96952dbc6960013
phase3_locked_full_v1,exploratory,locked,locked_benchmark,adult_income,static_weighted_ensemble,adversarial_confidence_inflation,0.0,primary,3,3,14652,0,3,5d664f05fca99e753f3c22cd12c18701d5a380b86092571f078a928cc452bf57
phase3_locked_full_v1,exploratory,locked,locked_benchmark,adult_income,veto_mavs,adversarial_confidence_inflation,0.0,primary,3,3,14652,14652,3,7255c5f0b88f4f18a69d797b9b891ad52fa9e8d5cbde43dad7cb87d06381c258
phase3_locked_full_v1,exploratory,locked,locked_benchmark,adult_income,pure_mavs_gc,adversarial_confidence_inflation,0.0,primary,3,3,14652,14652,3,321ac40a99b7e5414e4e784e8701a355891d9b3344e9264c6b4345b71f324c74
phase3_locked_full_v1,exploratory,locked,locked_benchmark,adult_income,single_model,adversarial_confidence_inflation,0.0,shadow,2,2,9768,0,2,6e10a3d2c6338f79d95be8299fb9868d7c092f8b0eb0282669299c16546f7927
phase3_locked_full_v1,exploratory,locked,locked_benchmark,adult_income,mean_ensemble,adversarial_confidence_inflation,0.0,shadow,2,2,9768,0,2,e918fe330f1ea3af719b159fff5a8ab0c8f7277c3ad619c7ad7806a2b522a8a6
phase3_locked_full_v1,exploratory,locked,locked_benchmark,adult_income,static_weighted_ensemble,adversarial_confidence_inflation,0.0,shadow,2,2,9768,0,2,1fbbf48000140f930fd76874b523321b61e13d4cc622ab9d333c66228e2550b2
phase3_locked_full_v1,exploratory,locked,locked_benchmark,adult_income,veto_mavs,adversarial_confidence_inflation,0.0,shadow,2,2,9768,9768,2,7467edf8c22551f708d8456b206c20e01e2056a50e9a187e6a812113fe92d3ba
phase3_locked_full_v1,exploratory,locked,locked_benchmark,adult_income,pure_mavs_gc,adversarial_confidence_inflation,0.0,shadow,2,2,9768,9768,2,2d0fefe03b9cae25c8ad6bc2255d98464deb406c3d6faa307d2c40234f574966
phase3_locked_full_v1,exploratory,locked,locked_benchmark,adult_income,single_model,adversarial_confidence_inflation,0.05,primary,3,3,14652,0,3,959c44f24c0f8785678bab834d4177953d63f9f176e1efa3ffc1b394851c6857
phase3_locked_full_v1,exploratory,locked,locked_benchmark,adult_income,mean_ensemble,adversarial_confidence_inflation,0.05,primary,3,3,14652,0,3,9af2000e0648fbd3625db310c75aa2306bdbab78bc5960598370e96202dc3d47
phase3_locked_full_v1,exploratory,locked,locked_benchmark,adult_income,static_weighted_ensemble,adversarial_confidence_inflation,0.05,primary,3,3,14652,0,3,e38f2f973931db720a18349324ae321bfefcac74a568c57ccbb325ba06f56a7d
phase3_locked_full_v1,exploratory,locked,locked_benchmark,adult_income,veto_mavs,adversarial_confidence_inflation,0.05,primary,3,3,14652,14652,3,227989bfbaf4c64da41969ea7cf39f27603c330c1b2569c2b106cca19d0abddb
phase3_locked_full_v1,exploratory,locked,locked_benchmark,adult_income,pure_mavs_gc,adversarial_confidence_inflation,0.05,primary,3,3,14652,14652,3,5fdaf94294bd2031da76a21850baa1def856f4a492e90ef0bc4d5fb5d1f00ad0
phase3_locked_full_v1,exploratory,locked,locked_benchmark,adult_income,single_model,adversarial_confidence_inflation,0.05,shadow,2,2,9768,0,2,c9906d4fd19f127acef630724ab682d3003e77ad3608605597e6f8abb7d428c7
phase3_locked_full_v1,exploratory,locked,locked_benchmark,adult_income,mean_ensemble,adversarial_confidence_inflation,0.05,shadow,2,2,9768,0,2,e98f245176761de4f5666ff4fc6fdbac86a32e04bdcabffb63de4a75c7d9bd0e
phase3_locked_full_v1,exploratory,locked,locked_benchmark,adult_income,static_weighted_ensemble,adversarial_confidence_inflation,0.05,shadow,2,2,9768,0,2,6fab0f4b240a592ac70813054f64c6d3d62be5f4b1539bdd0b4dbca272c62e53
phase3_locked_full_v1,exploratory,locked,locked_benchmark,adult_income,veto_mavs,adversarial_confidence_inflation,0.05,shadow,2,2,9768,9768,2,f923c2a0e9807fdbd36e8dde7645b5ab9e4e47fd2fb82d350ab822309cf13795
phase3_locked_full_v1,exploratory,locked,locked_benchmark,adult_income,pure_mavs_gc,adversarial_confidence_inflation,0.05,shadow,2,2,9768,9768,2,f2052eac4990ac20294e053786910b154c947d619004df75c4e7423a95852fda
phase3_locked_full_v1,exploratory,locked,locked_benchmark,adult_income,single_model,adversarial_confidence_inflation,0.1,primary,3,3,14652,0,3,a1db47c6dbffe74f8c1bce748fa929b2eb54e74ea1edf6ba361277e5e6599fec
phase3_locked_full_v1,exploratory,locked,locked_benchmark,adult_income,mean_ensemble,adversarial_confidence_inflation,0.1,primary,3,3,14652,0,3,6ae3f30516a515ea4a8f5510c2f2f41e0e65b6081530b7aff0147486b23805d3
phase3_locked_full_v1,exploratory,locked,locked_benchmark,adult_income,static_weighted_ensemble,adversarial_confidence_inflation,0.1,primary,3,3,14652,0,3,257a1e8c9ff175560833c3edd018a503f051598222e6eb3a9b63579f04f75eeb
phase3_locked_full_v1,exploratory,locked,locked_benchmark,adult_income,veto_mavs,adversarial_confidence_inflation,0.1,primary,3,3,14652,14652,3,04c94f70d57be07de9e18a3caee1c11e6f747035c7a8abca048aa97ff08949d6
phase3_locked_full_v1,exploratory,locked,locked_benchmark,adult_income,pure_mavs_gc,adversarial_confidence_inflation,0.1,primary,3,3,14652,14652,3,1f1548cc480117e351b8892be6bf5fb29f0353e7a2974e4050842524ee26891c
phase3_locked_full_v1,exploratory,locked,locked_benchmark,adult_income,single_model,adversarial_confidence_inflation,0.1,shadow,2,2,9768,0,2,ce11031eab93f2c46df9d9f7cddcdd87e539d4d030eb7eeb67becf3a6127c4d2
phase3_locked_full_v1,exploratory,locked,locked_benchmark,adult_income,mean_ensemble,adversarial_confidence_inflation,0.1,shadow,2,2,9768,0,2,84675bf3aed7b16e4342d9f04e0ef8e80af390e27ca101f8c26e7994cfabc233
phase3_locked_full_v1,exploratory,locked,locked_benchmark,adult_income,static_weighted_ensemble,adversarial_confidence_inflation,0.1,shadow,2,2,9768,0,2,652ffb13d0b7b3fc7db3c0d162ee35a43a865ec107785e631c88a6fd94138e37
phase3_locked_full_v1,exploratory,locked,locked_benchmark,adult_income,veto_mavs,adversarial_confidence_inflation,0.1,shadow,2,2,9768,9768,2,3ae1d4a650b64f024c5d02c3ad8dd8ba09df8ca62d4346857afbca55f8301bc2
phase3_locked_full_v1,exploratory,locked,locked_benchmark,adult_income,pure_mavs_gc,adversarial_confidence_inflation,0.1,shadow,2,2,9768,9768,2,8865d86b94c33036441e801d3cf63e9e9201a4270a47c0ae468d4579e4b37baa
phase3_locked_full_v1,exploratory,locked,locked_benchmark,adult_income,single_model,adversarial_confidence_inflation,0.2,primary,3,3,14652,0,3,b4e935d6dcd8060b4abc30cce2e8b73333007e16ec7495f06664817e31c8595f
phase3_locked_full_v1,exploratory,locked,locked_benchmark,adult_income,mean_ensemble,adversarial_confidence_inflation,0.2,primary,3,3,14652,0,3,7bca455eca1c13460cbe3fd6d7de9c83891503f06c383fd56999b636e3b3a38f
phase3_locked_full_v1,exploratory,locked,locked_benchmark,adult_income,static_weighted_ensemble,adversarial_confidence_inflation,0.2,primary,3,3,14652,0,3,0e29d9234488faf7dee4ac3c6c3d13aea24262a51034238443cb29578072d85a
phase3_locked_full_v1,exploratory,locked,locked_benchmark,adult_income,veto_mavs,adversarial_confidence_inflation,0.2,primary,3,3,14652,14652,3,7966476936aeb2d3f5c9921a28a89a7fb4402cdede522a33953bae33c858324c
phase3_locked_full_v1,exploratory,locked,locked_benchmark,adult_income,pure_mavs_gc,adversarial_confidence_inflation,0.2,primary,3,3,14652,14652,3,9fd72f26e1cdf6fcb23139e0712a36d0072b412e2dfb79ac54a04d144f4faffd
phase3_locked_full_v1,exploratory,locked,locked_benchmark,adult_income,single_model,adversarial_confidence_inflation,0.2,shadow,2,2,9768,0,2,44cf5ce01da31604b696a490db284fe887cd00713cc19c2d7d8b237f813372d6
phase3_locked_full_v1,exploratory,locked,locked_benchmark,adult_income,mean_ensemble,adversarial_confidence_inflation,0.2,shadow,2,2,9768,0,2,dffccb88918c3cf698224c8552e245c84fba3486975dbcc298d0f1bb5620a172
phase3_locked_full_v1,exploratory,locked,locked_benchmark,adult_income,static_weighted_ensemble,adversarial_confidence_inflation,0.2,shadow,2,2,9768,0,2,1f93a937a0c24b138a68f77388ab66060594d0dfb74ad9a3b7b0787844f9a6ce
phase3_locked_full_v1,exploratory,locked,locked_benchmark,adult_income,veto_mavs,adversarial_confidence_inflation,0.2,shadow,2,2,9768,9768,2,68dbdfbc4309f518ef0f2797246c46a54da902a444ff74bab8b2f2eceba494ab
phase3_locked_full_v1,exploratory,locked,locked_benchmark,adult_income,pure_mavs_gc,adversarial_confidence_inflation,0.2,shadow,2,2,9768,9768,2,356ddd9fd8b6fd7cf6fa352e96e014effe1186a648ac7d42715874f0c1607f97
phase3_locked_full_v1,exploratory,locked,locked_benchmark,adult_income,single_model,adversarial_confidence_inflation,0.4,primary,3,3,14652,0,3,bb37a9010c202e4348e393bfe379bc83c6fd421fa083706226432af6cbde13a5
phase3_locked_full_v1,exploratory,locked,locked_benchmark,adult_income,mean_ensemble,adversarial_confidence_inflation,0.4,primary,3,3,14652,0,3,f681286fb882cca94ab0b3f0bd37dfd8c643ae2cd08b1a68f740c61157421853
phase3_locked_full_v1,exploratory,locked,locked_benchmark,adult_income,static_weighted_ensemble,adversarial_confidence_inflation,0.4,primary,3,3,14652,0,3,e081436584796723d281bc27373ffb46e1d9394fafa2a0a465217d8afb5ac0eb
phase3_locked_full_v1,exploratory,locked,locked_benchmark,adult_income,veto_mavs,adversarial_confidence_inflation,0.4,primary,3,3,14652,14652,3,1b463db432ded5d7c636190430a9c1992a08de3f2cac9da0e075185f56822e31
phase3_locked_full_v1,exploratory,locked,locked_benchmark,adult_income,pure_mavs_gc,adversarial_confidence_inflation,0.4,primary,3,3,14652,14652,3,15e592b6a13e4d971b296b6343926994551c4bff7b3263a74a2710a38b6ed611
phase3_locked_full_v1,exploratory,locked,locked_benchmark,adult_income,single_model,adversarial_confidence_inflation,0.4,shadow,2,2,9768,0,2,f73d1ee17f76efd0de91723ca81974ae80b82e5928af14314328851c5aff0cad
phase3_locked_full_v1,exploratory,locked,locked_benchmark,adult_income,mean_ensemble,adversarial_confidence_inflation,0.4,shadow,2,2,9768,0,2,d68edb6d90b8c370e24603989da9085e34d651aa97bd9db50d2a96b359373d2f
phase3_locked_full_v1,exploratory,locked,locked_benchmark,adult_income,static_weighted_ensemble,adversarial_confidence_inflation,0.4,shadow,2,2,9768,0,2,0664340af0778eceaadfbb4728079ae4dbc8351900248d3e0bf4def149ab2e38
phase3_locked_full_v1,exploratory,locked,locked_benchmark,adult_income,veto_mavs,adversarial_confidence_inflation,0.4,shadow,2,2,9768,9768,2,e6f997444c0dfa3f282bb150154d27050ef04003dcf1d08200e0e3fb12084a3c
phase3_locked_full_v1,exploratory,locked,locked_benchmark,adult_income,pure_mavs_gc,adversarial_confidence_inflation,0.4,shadow,2,2,9768,9768,2,279c7236b155a172df6fdb58033b0321c7e481a0583b662e9453eb9a8ea52c23
phase3_locked_full_v1,exploratory,locked,locked_benchmark,adult_income,single_model,adversarial_confidence_inflation,0.6,primary,3,3,14652,0,3,42d4919557360ab0fb3d783285f42e8c833caa5793ae17129e3e8d1e6a1abc85
phase3_locked_full_v1,exploratory,locked,locked_benchmark,adult_income,mean_ensemble,adversarial_confidence_inflation,0.6,primary,3,3,14652,0,3,ff861159205dd51fb366fe3a4fe7a19e621ac33a050e56d5de4e40b4c4f4bd61
phase3_locked_full_v1,exploratory,locked,locked_benchmark,adult_income,static_weighted_ensemble,adversarial_confidence_inflation,0.6,primary,3,3,14652,0,3,2bcd5f5091ae55f86565bb6dfcae11eee263aa946294765f4af9ffd160d4300e
phase3_locked_full_v1,exploratory,locked,locked_benchmark,adult_income,veto_mavs,adversarial_confidence_inflation,0.6,primary,3,3,14652,14652,3,9f1f38fab95e61a911f5a90270d66a52a2624ba83724fd3c561167be42be5a63
phase3_locked_full_v1,exploratory,locked,locked_benchmark,adult_income,pure_mavs_gc,adversarial_confidence_inflation,0.6,primary,3,3,14652,14652,3,3c2b07deb048fa5ff31072b1cce879bdc8e8a4d95d2b21f1960b28a9f099a698
phase3_locked_full_v1,exploratory,locked,locked_benchmark,adult_income,single_model,adversarial_confidence_inflation,0.6,shadow,2,2,9768,0,2,2e6fe2704202755608740b393ba31e85f3a9e9ee78dfcf0fc93883d25c932948
phase3_locked_full_v1,exploratory,locked,locked_benchmark,adult_income,mean_ensemble,adversarial_confidence_inflation,0.6,shadow,2,2,9768,0,2,5eb5be420a7bcc439c34a85d309721e99d888ad3b24de7629e56d85a881bafa3
phase3_locked_full_v1,exploratory,locked,locked_benchmark,adult_income,static_weighted_ensemble,adversarial_confidence_inflation,0.6,shadow,2,2,9768,0,2,4f17ee8e809c79cde6eb7d910b96099937965b5fa1d2322af3c57c16a2a87769
phase3_locked_full_v1,exploratory,locked,locked_benchmark,adult_income,veto_mavs,adversarial_confidence_inflation,0.6,shadow,2,2,9768,9768,2,0edadd686633037d654303b0df07b2b2cc5ec0b71c2a2bfe239c37dcba2fc09c
phase3_locked_full_v1,exploratory,locked,locked_benchmark,adult_income,pure_mavs_gc,adversarial_confidence_inflation,0.6,shadow,2,2,9768,9768,2,59f8df2543ed84dbf8add92be0e31dc3ea13468659a169dcb01a5e70d5948135
phase3_locked_full_v1,exploratory,locked,locked_benchmark,adult_income,single_model,adversarial_confidence_inflation,0.8,primary,3,3,14652,0,3,fc2b92daf842b28eb827218e48e4d577cb54307eb96543ad7d5fb69a235c7cab
phase3_locked_full_v1,exploratory,locked,locked_benchmark,adult_income,mean_ensemble,adversarial_confidence_inflation,0.8,primary,3,3,14652,0,3,cae2cbc1d8f97a199d0ba5259a9b76c6ee1e2e35f22ee59e199a3dbf56d492cd
phase3_locked_full_v1,exploratory,locked,locked_benchmark,adult_income,static_weighted_ensemble,adversarial_confidence_inflation,0.8,primary,3,3,14652,0,3,f3cb469a3707d2b5987bf793e8267028f0b5be54ebef6e236e51ccbac7588718
phase3_locked_full_v1,exploratory,locked,locked_benchmark,adult_income,veto_mavs,adversarial_confidence_inflation,0.8,primary,3,3,14652,14652,3,756e878619c821d27611b971660a2563ca0756f4ddcd2b17fcb1d16f3838d853
phase3_locked_full_v1,exploratory,locked,locked_benchmark,adult_income,pure_mavs_gc,adversarial_confidence_inflation,0.8,primary,3,3,14652,14652,3,946f2662d5aaf6fd7f73888000fd17b841a3ac2d866b5c4ea1641ec5c3b79bcc
phase3_locked_full_v1,exploratory,locked,locked_benchmark,adult_income,single_model,adversarial_confidence_inflation,0.8,shadow,2,2,9768,0,2,642797bc2bd731436f3aa9823452b6e6c68d6bd65edf46c1548fcb7aa9a7d2f0
phase3_locked_full_v1,exploratory,locked,locked_benchmark,adult_income,mean_ensemble,adversarial_confidence_inflation,0.8,shadow,2,2,9768,0,2,1579f040cc573c8362af11e6ff7577c087635d5723c7bf8b7966c239b733c853
phase3_locked_full_v1,exploratory,locked,locked_benchmark,adult_income,static_weighted_ensemble,adversarial_confidence_inflation,0.8,shadow,2,2,9768,0,2,770ddc653dc7701a61a76b985d4339213e63cc623914dde54be858e1d3f6f48e
phase3_locked_full_v1,exploratory,locked,locked_benchmark,adult_income,veto_mavs,adversarial_confidence_inflation,0.8,shadow,2,2,9768,9768,2,2722d215bf4e9e18e15c7f1f94ddff21f8762b2f02c377fee6af3626d902fbd7
phase3_locked_full_v1,exploratory,locked,locked_benchmark,adult_income,pure_mavs_gc,adversarial_confidence_inflation,0.8,shadow,2,2,9768,9768,2,3123bfa634343ce3fc6b8a337a82b653e8c6e2e60a1e19c70a72af141854b37f
phase3_locked_full_v1,exploratory,locked,locked_benchmark,adult_income,single_model,adversarial_confidence_inflation,1.0,primary,3,3,14652,0,3,9a801d0bbe9636562be94a6722f0bdb096c4797de5395c36d8c56d66939926eb
phase3_locked_full_v1,exploratory,locked,locked_benchmark,adult_income,mean_ensemble,adversarial_confidence_inflation,1.0,primary,3,3,14652,0,3,92e230557f7b02b4414c8c575c764549c41720a8ea6c87019401960bc60ecba8
phase3_locked_full_v1,exploratory,locked,locked_benchmark,adult_income,static_weighted_ensemble,adversarial_confidence_inflation,1.0,primary,3,3,14652,0,3,c13bd00d0d16b0a2bb9f9b157e78e924d98f611b3ee6523dd88f7bd697b0f99d
phase3_locked_full_v1,exploratory,locked,locked_benchmark,adult_income,veto_mavs,adversarial_confidence_inflation,1.0,primary,3,3,14652,14652,3,46e603425f40613eb902b674f4197c9023d95b9e8c42ad26174126da50ef7b74
phase3_locked_full_v1,exploratory,locked,locked_benchmark,adult_income,pure_mavs_gc,adversarial_confidence_inflation,1.0,primary,3,3,14652,14652,3,208cb51326b5b19b2e85b20ce5f62bdc15afa80b7708daf60a3bcf2cc8fde8ca
phase3_locked_full_v1,exploratory,locked,locked_benchmark,adult_income,single_model,adversarial_confidence_inflation,1.0,shadow,2,2,9768,0,2,47f8fb16018bce87f3aa94ccf69f8b7174c3b3f5e0e275290f1dc2c0e2d9d42b
phase3_locked_full_v1,exploratory,locked,locked_benchmark,adult_income,mean_ensemble,adversarial_confidence_inflation,1.0,shadow,2,2,9768,0,2,d3cee963d12d0829261e3231caf80e2e88571116cf626bfd09cb535d49bbf721
phase3_locked_full_v1,exploratory,locked,locked_benchmark,adult_income,static_weighted_ensemble,adversarial_confidence_inflation,1.0,shadow,2,2,9768,0,2,97438624b65ea97a1426f6d49633b4ab11150f529a3c6e3ca5b93c72b54a0279
phase3_locked_full_v1,exploratory,locked,locked_benchmark,adult_income,veto_mavs,adversarial_confidence_inflation,1.0,shadow,2,2,9768,9768,2,ce8cf4d2c03a97e3f1a179e1a06f797635e83abefad3512e1c40fe278b382bcd
phase3_locked_full_v1,exploratory,locked,locked_benchmark,adult_income,pure_mavs_gc,adversarial_confidence_inflation,1.0,shadow,2,2,9768,9768,2,0cf9539c5f53e9819baf7dca24bda0f78a592b61986a3fbb8ea4eab86622b511
phase3_locked_full_v1,exploratory,locked,locked_benchmark,adult_income,single_model,distribution_shift,0.0,primary,3,3,14652,0,3,664ec33855a985248e377308194e62712037b08fe051eceb193ea44e665525fd
phase3_locked_full_v1,exploratory,locked,locked_benchmark,adult_income,mean_ensemble,distribution_shift,0.0,primary,3,3,14652,0,3,57ed45565c86d5fa43fa112978952a0f313c81d2cb484b42b77dcd1ba9482bb0
phase3_locked_full_v1,exploratory,locked,locked_benchmark,adult_income,static_weighted_ensemble,distribution_shift,0.0,primary,3,3,14652,0,3,3e0a697cd69f51ac45c2d2ef74836396ce5f29c35d0af18f8bba784fa02441ad
phase3_locked_full_v1,exploratory,locked,locked_benchmark,adult_income,veto_mavs,distribution_shift,0.0,primary,3,3,14652,14652,3,d1e85ae266cdd069fe6037d672a13abfa44cdee7f26973e1be735600e18df626
phase3_locked_full_v1,exploratory,locked,locked_benchmark,adult_income,pure_mavs_gc,distribution_shift,0.0,primary,3,3,14652,14652,3,2d4a649448e1ded1ead2ff778bc2f1dbdef11ca9eadd811e81196afe3d263935
phase3_locked_full_v1,exploratory,locked,locked_benchmark,adult_income,single_model,distribution_shift,0.0,shadow,2,2,9768,0,2,5d13bfb66e6dd0704bf6376a7b16987606d7bd011b32e707176e1b070321a862
phase3_locked_full_v1,exploratory,locked,locked_benchmark,adult_income,mean_ensemble,distribution_shift,0.0,shadow,2,2,9768,0,2,8a932b479251a18fcb85af376f0f74c6778847e8549f19d6bf2132fdb7b9049f
phase3_locked_full_v1,exploratory,locked,locked_benchmark,adult_income,static_weighted_ensemble,distribution_shift,0.0,shadow,2,2,9768,0,2,81be9cd48117ee65a3446aaaa270686bb68e1c3293a567a358b4c3917b193a32
phase3_locked_full_v1,exploratory,locked,locked_benchmark,adult_income,veto_mavs,distribution_shift,0.0,shadow,2,2,9768,9768,2,af370712d7e8874f08f92d2b6c61a0bfc5156e65f11946bc09ff74682a5b6907
phase3_locked_full_v1,exploratory,locked,locked_benchmark,adult_income,pure_mavs_gc,distribution_shift,0.0,shadow,2,2,9768,9768,2,edd0ddac46342449ff0479ab684de2a16a65c0f85958fcb5b941de9119b1d022
phase3_locked_full_v1,exploratory,locked,locked_benchmark,adult_income,single_model,distribution_shift,0.05,primary,3,3,14178,0,3,c59af7b6a268ee753f2ebaad078a97b6d73f53eb8ea5e5cd75328a38ba0f1113
phase3_locked_full_v1,exploratory,locked,locked_benchmark,adult_income,mean_ensemble,distribution_shift,0.05,primary,3,3,14178,0,3,fc36aa9fd435ab6044201dc9f5dfe231e995e350b1f3e6ec6ebf878416e9d543
phase3_locked_full_v1,exploratory,locked,locked_benchmark,adult_income,static_weighted_ensemble,distribution_shift,0.05,primary,3,3,14178,0,3,44826c2f7c74080f5af556a1178fac28838e81d07c2aedc2e01dc9a3892ed32b
phase3_locked_full_v1,exploratory,locked,locked_benchmark,adult_income,veto_mavs,distribution_shift,0.05,primary,3,3,14178,14178,3,4a607981c578c21649ce49e7b5b5e0c5a3b5cdd94481f3e6889f1d42c7ab5e15
phase3_locked_full_v1,exploratory,locked,locked_benchmark,adult_income,pure_mavs_gc,distribution_shift,0.05,primary,3,3,14178,14178,3,e2352df114d247db22f08c3bc0c5316c6bb36f6e99d459768703942046b80475
phase3_locked_full_v1,exploratory,locked,locked_benchmark,adult_income,single_model,distribution_shift,0.05,shadow,2,2,9452,0,2,2b49249a8ddd1078ddea326336a0e9dfd942ddcbe4de82975f403f294330fad7
phase3_locked_full_v1,exploratory,locked,locked_benchmark,adult_income,mean_ensemble,distribution_shift,0.05,shadow,2,2,9452,0,2,e033bf5c46900dc4af83b5714b811b7470ceacabcab00b2e52e895b1fb80fc13
phase3_locked_full_v1,exploratory,locked,locked_benchmark,adult_income,static_weighted_ensemble,distribution_shift,0.05,shadow,2,2,9452,0,2,9e88e68e8d6c2f006ec7a863aa1d46856f925cfeb89945579468adb8183bc397
phase3_locked_full_v1,exploratory,locked,locked_benchmark,adult_income,veto_mavs,distribution_shift,0.05,shadow,2,2,9452,9452,2,0af7e14fd50e1e68d8c91f18078902a393a6d944ab92e747e87ca3ff19fa4543
phase3_locked_full_v1,exploratory,locked,locked_benchmark,adult_income,pure_mavs_gc,distribution_shift,0.05,shadow,2,2,9452,9452,2,bebda7b1db2fef23bd3835eb2e57559f889cc2f8826037f2acc7c1e28b30077d
phase3_locked_full_v1,exploratory,locked,locked_benchmark,adult_income,single_model,distribution_shift,0.1,primary,3,3,13701,0,3,add9abd72f8df1f075198ffe2831e378af1c0e33c408e99e5586c7f407db3c0d
phase3_locked_full_v1,exploratory,locked,locked_benchmark,adult_income,mean_ensemble,distribution_shift,0.1,primary,3,3,13701,0,3,0a3fcd89ea25bab804282862888afaf23727e482a9ca477b13d52ff2a9bdd807
phase3_locked_full_v1,exploratory,locked,locked_benchmark,adult_income,static_weighted_ensemble,distribution_shift,0.1,primary,3,3,13701,0,3,3f22dc4ac2d6ee1bf4d6c4cf091b07320d04fd25287f3472960ac0f48ff2e3ca
phase3_locked_full_v1,exploratory,locked,locked_benchmark,adult_income,veto_mavs,distribution_shift,0.1,primary,3,3,13701,13701,3,7d99edf62c238b22b868a7672a5cacb65e36c0c0a86c298ec5f5605441bed794
phase3_locked_full_v1,exploratory,locked,locked_benchmark,adult_income,pure_mavs_gc,distribution_shift,0.1,primary,3,3,13701,13701,3,450d15ec9a00bbfee86ddab4b31aa6b23faa608ca00e54ffc1f76738afd644fc
phase3_locked_full_v1,exploratory,locked,locked_benchmark,adult_income,single_model,distribution_shift,0.1,shadow,2,2,9134,0,2,949e67fb3ba5f413571c86a8e67cb05bdd70fa6c314a6e47aff9adf1ce08d846
phase3_locked_full_v1,exploratory,locked,locked_benchmark,adult_income,mean_ensemble,distribution_shift,0.1,shadow,2,2,9134,0,2,1f14d4a6d14170c6ec262743dd4dbd10e6f9b4ed2f0b529c55ce800362c68b12
phase3_locked_full_v1,exploratory,locked,locked_benchmark,adult_income,static_weighted_ensemble,distribution_shift,0.1,shadow,2,2,9134,0,2,8bd6e8576bd1ae8f09db59ff28e80e28bcc9fac198d4c32e01d3cf0f025a7422
phase3_locked_full_v1,exploratory,locked,locked_benchmark,adult_income,veto_mavs,distribution_shift,0.1,shadow,2,2,9134,9134,2,7a610ab7947b05483729eac6238d5c5d5380f6a41916c93283406413def3c02e
phase3_locked_full_v1,exploratory,locked,locked_benchmark,adult_income,pure_mavs_gc,distribution_shift,0.1,shadow,2,2,9134,9134,2,fed16ecf0b7415c5567ba8e5c6e5de0eb134c047d5996ac7978130c0cbaadf7a
phase3_locked_full_v1,exploratory,locked,locked_benchmark,adult_income,single_model,distribution_shift,0.2,primary,3,3,12750,0,3,77557966f60024117e4ac79d47962f692af34270cfd56044e6e7244f59938fe6
phase3_locked_full_v1,exploratory,locked,locked_benchmark,adult_income,mean_ensemble,distribution_shift,0.2,primary,3,3,12750,0,3,cb96f35e0057c44f7e4e78b6ae00064f923bbe0da226978c69c7c99781071ad8
phase3_locked_full_v1,exploratory,locked,locked_benchmark,adult_income,static_weighted_ensemble,distribution_shift,0.2,primary,3,3,12750,0,3,8618397c0eb5d7e18a7c0d333ae38283e3d93fc2de5b843d1ddf526518d14138
phase3_locked_full_v1,exploratory,locked,locked_benchmark,adult_income,veto_mavs,distribution_shift,0.2,primary,3,3,12750,12750,3,b536dde99246d467b1ca87de494034a0cc5e31cda3cc64afebc243993bbc0495
phase3_locked_full_v1,exploratory,locked,locked_benchmark,adult_income,pure_mavs_gc,distribution_shift,0.2,primary,3,3,12750,12750,3,81d681403027d862763dcef5cd15c88b436a1e1a453be890d237f4c9a93a27b7
phase3_locked_full_v1,exploratory,locked,locked_benchmark,adult_income,single_model,distribution_shift,0.2,shadow,2,2,8500,0,2,48ae5bcccb73663253ecf63d19502faa5490b58bbdd0a2a18c33572303196129
phase3_locked_full_v1,exploratory,locked,locked_benchmark,adult_income,mean_ensemble,distribution_shift,0.2,shadow,2,2,8500,0,2,56c149aa9d10c5d1e2c3721e2f19ecbe0bc33c6727a54e3f63500c72cd2082ba
phase3_locked_full_v1,exploratory,locked,locked_benchmark,adult_income,static_weighted_ensemble,distribution_shift,0.2,shadow,2,2,8500,0,2,d9493b10d7f3101c5c470338f817f0a709a7b6d02ce1f275409efb4690f256fe
phase3_locked_full_v1,exploratory,locked,locked_benchmark,adult_income,veto_mavs,distribution_shift,0.2,shadow,2,2,8500,8500,2,f38d9ddcc1d1b75b6e8d124af8fb3b97888a875bb71ececb9d805ff0cb289ff4
phase3_locked_full_v1,exploratory,locked,locked_benchmark,adult_income,pure_mavs_gc,distribution_shift,0.2,shadow,2,2,8500,8500,2,15b7520e6173c6e520ecd73afee09a4988a6252274de7e5cc72027dc37e3d8d4
phase3_locked_full_v1,exploratory,locked,locked_benchmark,adult_income,single_model,distribution_shift,0.4,primary,3,3,10845,0,3,606094a37e607770bb1e18f467540eb6d98262d6ac8b3305227b2653c58215d5
phase3_locked_full_v1,exploratory,locked,locked_benchmark,adult_income,mean_ensemble,distribution_shift,0.4,primary,3,3,10845,0,3,438cb66aef71e19f1e11bbf337c191488561b9b6c636b25140680b7470885c9a
phase3_locked_full_v1,exploratory,locked,locked_benchmark,adult_income,static_weighted_ensemble,distribution_shift,0.4,primary,3,3,10845,0,3,37a4d8bda695570386c96ed16d5471603b4c43450a568a9bf787a02fc7dec1fc
phase3_locked_full_v1,exploratory,locked,locked_benchmark,adult_income,veto_mavs,distribution_shift,0.4,primary,3,3,10845,10845,3,08e47063106d125bbebe3c80eadc0de58e0d633085ef5e40be72aecaa4ae9028
phase3_locked_full_v1,exploratory,locked,locked_benchmark,adult_income,pure_mavs_gc,distribution_shift,0.4,primary,3,3,10845,10845,3,8e5b9de152458e2ed99121246e71e5da59d010cd6f53baf6be6a869794ea108b
phase3_locked_full_v1,exploratory,locked,locked_benchmark,adult_income,single_model,distribution_shift,0.4,shadow,2,2,7230,0,2,0ca1a8ff45eaf52dfd27bda1f41ec08e601a0942ff52d9d7dbc8a90243dc1ee3
phase3_locked_full_v1,exploratory,locked,locked_benchmark,adult_income,mean_ensemble,distribution_shift,0.4,shadow,2,2,7230,0,2,78649785ef58674add47ba7a363f5363b4ca8c951ff9d2af07cea123182cdd34
phase3_locked_full_v1,exploratory,locked,locked_benchmark,adult_income,static_weighted_ensemble,distribution_shift,0.4,shadow,2,2,7230,0,2,62f3b1e4877ee16c5f13482f04c613734bdb16f8789d8e09c78709ffe63020af
phase3_locked_full_v1,exploratory,locked,locked_benchmark,adult_income,veto_mavs,distribution_shift,0.4,shadow,2,2,7230,7230,2,fc01fe829bc96b1777da2d869e2476d86ea731ef1344fe2776d52b24359c2da5
phase3_locked_full_v1,exploratory,locked,locked_benchmark,adult_income,pure_mavs_gc,distribution_shift,0.4,shadow,2,2,7230,7230,2,bf698b5bb8fd3cb8224b2a3c01ccfa9999df63ff44a8ac9d03e2bfab7bbdc9dd
phase3_locked_full_v1,exploratory,locked,locked_benchmark,adult_income,single_model,distribution_shift,0.6,primary,3,3,8940,0,3,124f0e6e3dda026bf4eaedad11d1553a7fd4a00ba5135c597c2881e17893aa8b
phase3_locked_full_v1,exploratory,locked,locked_benchmark,adult_income,mean_ensemble,distribution_shift,0.6,primary,3,3,8940,0,3,20b093790216518a2dbfeb9061cd44e4391f765bd04701cb039214f857f4b5e0
phase3_locked_full_v1,exploratory,locked,locked_benchmark,adult_income,static_weighted_ensemble,distribution_shift,0.6,primary,3,3,8940,0,3,75828d5f97693fb007ff4ca379d7704925069bac5dc8964a40f19daf11c6e9b6
phase3_locked_full_v1,exploratory,locked,locked_benchmark,adult_income,veto_mavs,distribution_shift,0.6,primary,3,3,8940,8940,3,7678347652af80be75a9cd196edf9cd4a6bfb329a58103f9b87376b2f3ac66d5
phase3_locked_full_v1,exploratory,locked,locked_benchmark,adult_income,pure_mavs_gc,distribution_shift,0.6,primary,3,3,8940,8940,3,d3751f90c34778f1c878f65a0b4604539ac9cb9c0db01a9541df6a4774d7c3f3
phase3_locked_full_v1,exploratory,locked,locked_benchmark,adult_income,single_model,distribution_shift,0.6,shadow,2,2,5960,0,2,796841b95b263b123e8ecbc3dc186632496129e0b9eb91f8251a73c353456a95
phase3_locked_full_v1,exploratory,locked,locked_benchmark,adult_income,mean_ensemble,distribution_shift,0.6,shadow,2,2,5960,0,2,653f49f989368f978ecc2a495e6b3a500def219f65369bab5b5d295716919c18
phase3_locked_full_v1,exploratory,locked,locked_benchmark,adult_income,static_weighted_ensemble,distribution_shift,0.6,shadow,2,2,5960,0,2,b6a4b7371ceca6f63d130cf8a67fa90b9cbe174339286aafadfe0299f9d5d9df
phase3_locked_full_v1,exploratory,locked,locked_benchmark,adult_income,veto_mavs,distribution_shift,0.6,shadow,2,2,5960,5960,2,88cf105f5735e7f8872b7390d0d05c306fc3bbf723ac3c77ab9ae8afb5ade703
phase3_locked_full_v1,exploratory,locked,locked_benchmark,adult_income,pure_mavs_gc,distribution_shift,0.6,shadow,2,2,5960,5960,2,9ac4a1996be316a581a5476f812f3f12560c57f044c5c8174e999120872feee3
phase3_locked_full_v1,exploratory,locked,locked_benchmark,adult_income,single_model,distribution_shift,0.8,primary,3,3,7035,0,3,aa9caaea54379236749b0dfeb7d2df4d16b324d5e5bb02bab2893f964c84cbb1
phase3_locked_full_v1,exploratory,locked,locked_benchmark,adult_income,mean_ensemble,distribution_shift,0.8,primary,3,3,7035,0,3,9a2a9c9fe2ba76f18fb6a7b84b00f963471fb96e7744a24ceb6f5c3b23867b8a
phase3_locked_full_v1,exploratory,locked,locked_benchmark,adult_income,static_weighted_ensemble,distribution_shift,0.8,primary,3,3,7035,0,3,383f21dc2b7b0667b4e8639d37909b3943f7e0324996c3166f493faa2993cfb4
phase3_locked_full_v1,exploratory,locked,locked_benchmark,adult_income,veto_mavs,distribution_shift,0.8,primary,3,3,7035,7035,3,f112fbffd57a53e55d0011ddba97ef5480b3820d415e1b78e9c690802880029a
phase3_locked_full_v1,exploratory,locked,locked_benchmark,adult_income,pure_mavs_gc,distribution_shift,0.8,primary,3,3,7035,7035,3,120919799891c19e08bbfb80ec6964f1d306b867f5c52e9f6fd15ddd16e2ea1a
phase3_locked_full_v1,exploratory,locked,locked_benchmark,adult_income,single_model,distribution_shift,0.8,shadow,2,2,4690,0,2,0fcb43d7ce276b1e15c1ef0be080ab0b6623898c6bc567260e413104b6c9172e
phase3_locked_full_v1,exploratory,locked,locked_benchmark,adult_income,mean_ensemble,distribution_shift,0.8,shadow,2,2,4690,0,2,581595c2cc31438ceb9b9791c57603fbfc661e06d5f594111580c706e69ea801
phase3_locked_full_v1,exploratory,locked,locked_benchmark,adult_income,static_weighted_ensemble,distribution_shift,0.8,shadow,2,2,4690,0,2,74fcac8f6ec41e12ab0f8fbcbe33891281b2534c6a3630762832113bbca9b794
phase3_locked_full_v1,exploratory,locked,locked_benchmark,adult_income,veto_mavs,distribution_shift,0.8,shadow,2,2,4690,4690,2,9ef4deb4212ff9c3feb75ff5a1e989d00b2404567bc1c80e5a78773bc66e1541
phase3_locked_full_v1,exploratory,locked,locked_benchmark,adult_income,pure_mavs_gc,distribution_shift,0.8,shadow,2,2,4690,4690,2,fc00ffe99fe9974da49641e6e206b5a775f91354c8941c0afe70c32342097fdf
phase3_locked_full_v1,exploratory,locked,locked_benchmark,adult_income,single_model,distribution_shift,1.0,primary,3,3,5130,0,3,2888781c568e4a8416fa53b875a3b6920d42d6a637ca175264edd48f236a6eb5
phase3_locked_full_v1,exploratory,locked,locked_benchmark,adult_income,mean_ensemble,distribution_shift,1.0,primary,3,3,5130,0,3,7f3dcd2afa180aa3434fa335430e7cc5cd32387ac8bdc87b9cff6b52d48300df
phase3_locked_full_v1,exploratory,locked,locked_benchmark,adult_income,static_weighted_ensemble,distribution_shift,1.0,primary,3,3,5130,0,3,73916217dd636c8330869b8cce182732f6f690961999a420eabe5ca82e6b4d6b
phase3_locked_full_v1,exploratory,locked,locked_benchmark,adult_income,veto_mavs,distribution_shift,1.0,primary,3,3,5130,5130,3,e57d611a9cf17ab8c038ded0c3a209056dcc6b1fa2d422669c3a56070b9c81e5
phase3_locked_full_v1,exploratory,locked,locked_benchmark,adult_income,pure_mavs_gc,distribution_shift,1.0,primary,3,3,5130,5130,3,37a1afc012a596a268b4c9f1a4afc817ec688f5c71b36a2ae8b78769d1785d70
phase3_locked_full_v1,exploratory,locked,locked_benchmark,adult_income,single_model,distribution_shift,1.0,shadow,2,2,3420,0,2,7476c8e90a170b28ceecfac73e121fda65dafd34ae53a4f7e0fe28d60611a12a
phase3_locked_full_v1,exploratory,locked,locked_benchmark,adult_income,mean_ensemble,distribution_shift,1.0,shadow,2,2,3420,0,2,dcb61f121e617ceb20f6130fc190de8037508874027c58f966170d22f1d1eb22
phase3_locked_full_v1,exploratory,locked,locked_benchmark,adult_income,static_weighted_ensemble,distribution_shift,1.0,shadow,2,2,3420,0,2,708cc59e458e76e52374bd824f3b7350ca8667af848a2612eb4dd7a138471120
phase3_locked_full_v1,exploratory,locked,locked_benchmark,adult_income,veto_mavs,distribution_shift,1.0,shadow,2,2,3420,3420,2,edc504e911ec261141d5206671b4c13ee5a73c26c78d4732e7b623ca54605b15
phase3_locked_full_v1,exploratory,locked,locked_benchmark,adult_income,pure_mavs_gc,distribution_shift,1.0,shadow,2,2,3420,3420,2,c6367cd06711dde9d3709738028648d5382348f517f836d986efce7ac098e7bf
phase3_locked_full_v1,exploratory,locked,locked_benchmark,adult_income,single_model,synthetic_sensor_failure,0.0,primary,3,3,14652,0,3,ad13499cab1b30ee95c9ad1776ad5d4d9ca2464bc5c82f496dc4a6ccee889329
phase3_locked_full_v1,exploratory,locked,locked_benchmark,adult_income,mean_ensemble,synthetic_sensor_failure,0.0,primary,3,3,14652,0,3,4331f4f97ec215891279cfac30e054030efa1f869e001ce36781b2fb3f590659
phase3_locked_full_v1,exploratory,locked,locked_benchmark,adult_income,static_weighted_ensemble,synthetic_sensor_failure,0.0,primary,3,3,14652,0,3,706f3b4b7159a564bfaa4cb3be21de9b736ca4977ad61816b6472d7f5b7f4f15
phase3_locked_full_v1,exploratory,locked,locked_benchmark,adult_income,veto_mavs,synthetic_sensor_failure,0.0,primary,3,3,14652,14652,3,0ac0f6ed762d70b7414f3cf61c471455c282dd5c565918bf97584024fd2ff50d
phase3_locked_full_v1,exploratory,locked,locked_benchmark,adult_income,pure_mavs_gc,synthetic_sensor_failure,0.0,primary,3,3,14652,14652,3,db3f13af926cd73f86fa51329ae553fa36eaa7b4cdf3e61f2a9c0f37a41c3aa7
phase3_locked_full_v1,exploratory,locked,locked_benchmark,adult_income,single_model,synthetic_sensor_failure,0.0,shadow,2,2,9768,0,2,344fb5aa71e45c668b7ad12cb0e9876875c561026b295ebd0d94a2f20f126f9a
phase3_locked_full_v1,exploratory,locked,locked_benchmark,adult_income,mean_ensemble,synthetic_sensor_failure,0.0,shadow,2,2,9768,0,2,3324e29fa5dd4aa5c4448c9b95474741981dcec43bab46cc07c8fb65fd85e31a
phase3_locked_full_v1,exploratory,locked,locked_benchmark,adult_income,static_weighted_ensemble,synthetic_sensor_failure,0.0,shadow,2,2,9768,0,2,6f7b70214b7c5dad7d703dc6d6e3e8cf02a8c4be8bb1d02a6878cc0f9ae45612
phase3_locked_full_v1,exploratory,locked,locked_benchmark,adult_income,veto_mavs,synthetic_sensor_failure,0.0,shadow,2,2,9768,9768,2,963b3ecb00fedd8f9570f2d8bb2f9645f98c59d01ca3922e7abd195b44687700
phase3_locked_full_v1,exploratory,locked,locked_benchmark,adult_income,pure_mavs_gc,synthetic_sensor_failure,0.0,shadow,2,2,9768,9768,2,e0b3d112aa16663d3d9180ce91fc8ac67309d1a2822efb159d24d2ee82e593ff
phase3_locked_full_v1,exploratory,locked,locked_benchmark,adult_income,single_model,synthetic_sensor_failure,0.05,primary,3,3,14652,0,3,7d8289b69c11db959e9756d01a1e864010d6eace8c10dc1b0bb838c6375847ce
phase3_locked_full_v1,exploratory,locked,locked_benchmark,adult_income,mean_ensemble,synthetic_sensor_failure,0.05,primary,3,3,14652,0,3,59a91b94f7690aa5eb2119c47f5da70f2297eee16fcb74ee3b192b75da5f83f6
phase3_locked_full_v1,exploratory,locked,locked_benchmark,adult_income,static_weighted_ensemble,synthetic_sensor_failure,0.05,primary,3,3,14652,0,3,95787a6c289d16d4afecee442a79b45790bd20180de93368c9289c9740a6c065
phase3_locked_full_v1,exploratory,locked,locked_benchmark,adult_income,veto_mavs,synthetic_sensor_failure,0.05,primary,3,3,14652,14652,3,ccc7ca7ae44491abef5e6bbbbc4ef0003139c2ed6e044b9a5be6ff50ddeff638
phase3_locked_full_v1,exploratory,locked,locked_benchmark,adult_income,pure_mavs_gc,synthetic_sensor_failure,0.05,primary,3,3,14652,14652,3,6453e37ec551c09dc6877b0962ee81ca1e50102d00912489298c55cfa9194441
phase3_locked_full_v1,exploratory,locked,locked_benchmark,adult_income,single_model,synthetic_sensor_failure,0.05,shadow,2,2,9768,0,2,478fcd682c024b28b36607f1d082aacf88099bc353af6cf3cc3fc70a70687773
phase3_locked_full_v1,exploratory,locked,locked_benchmark,adult_income,mean_ensemble,synthetic_sensor_failure,0.05,shadow,2,2,9768,0,2,fc5da4382dcd5e71f7da385ef5f60a044a8464890c6754dfb76df89afac5b2cb
phase3_locked_full_v1,exploratory,locked,locked_benchmark,adult_income,static_weighted_ensemble,synthetic_sensor_failure,0.05,shadow,2,2,9768,0,2,47a3096f78cf180c4b924aae2bd9f208ed48646c922bd73be60cb2ca64bc05ea
phase3_locked_full_v1,exploratory,locked,locked_benchmark,adult_income,veto_mavs,synthetic_sensor_failure,0.05,shadow,2,2,9768,9768,2,f96f76b30d574478d79c67f0e4b1db0ce342be23feca407955a46a1aabad4ad5
phase3_locked_full_v1,exploratory,locked,locked_benchmark,adult_income,pure_mavs_gc,synthetic_sensor_failure,0.05,shadow,2,2,9768,9768,2,1cea7570bf42d4ee91f97d148dcbf39c40038e88816d7d0d3dc5bfece5d06e4c
phase3_locked_full_v1,exploratory,locked,locked_benchmark,adult_income,single_model,synthetic_sensor_failure,0.1,primary,3,3,14652,0,3,49ebe60ebf287f9421266aaf732beaf70aa4fb646fb66998d0b6b56f3125eb2c
phase3_locked_full_v1,exploratory,locked,locked_benchmark,adult_income,mean_ensemble,synthetic_sensor_failure,0.1,primary,3,3,14652,0,3,6a9a2562a2343cdcc9101413d26a15eb7c159cd172b90130e7dd5c0a57dfc342
phase3_locked_full_v1,exploratory,locked,locked_benchmark,adult_income,static_weighted_ensemble,synthetic_sensor_failure,0.1,primary,3,3,14652,0,3,511ee84f1afff312b404f483afecebf5ce3171e82ef09bd86f768dbad197de4e
phase3_locked_full_v1,exploratory,locked,locked_benchmark,adult_income,veto_mavs,synthetic_sensor_failure,0.1,primary,3,3,14652,14652,3,34a0785da2445baeebd8a4bcfea889538b3f10d182e33a75854064ddacab42ab
phase3_locked_full_v1,exploratory,locked,locked_benchmark,adult_income,pure_mavs_gc,synthetic_sensor_failure,0.1,primary,3,3,14652,14652,3,8bbb45852aaa760eb98d68e3cc53c1ee183e5b62e5d4914c642a6346a31734ed
phase3_locked_full_v1,exploratory,locked,locked_benchmark,adult_income,single_model,synthetic_sensor_failure,0.1,shadow,2,2,9768,0,2,19052685919cd3b9fa2ec0e12b46223636aa28357bc55aba15c5e3b3eb82946f
phase3_locked_full_v1,exploratory,locked,locked_benchmark,adult_income,mean_ensemble,synthetic_sensor_failure,0.1,shadow,2,2,9768,0,2,cd42d46a722dff8528f161aa2af86dc4132e7f58e54a731d47b69fd9346ae405
phase3_locked_full_v1,exploratory,locked,locked_benchmark,adult_income,static_weighted_ensemble,synthetic_sensor_failure,0.1,shadow,2,2,9768,0,2,8dcf715e89358efccce7ae6ada08d07238448e547f32646e4b1fd2544541cb26
phase3_locked_full_v1,exploratory,locked,locked_benchmark,adult_income,veto_mavs,synthetic_sensor_failure,0.1,shadow,2,2,9768,9768,2,14f21b0c8cee064639d25c01a32807750ce28e7cb90b146a5f3674fc7870ae09
phase3_locked_full_v1,exploratory,locked,locked_benchmark,adult_income,pure_mavs_gc,synthetic_sensor_failure,0.1,shadow,2,2,9768,9768,2,efc11a09a3ba883e9fe1c4f031134682a579ca887f295d9d8f1e923b4cecf220
phase3_locked_full_v1,exploratory,locked,locked_benchmark,adult_income,single_model,synthetic_sensor_failure,0.2,primary,3,3,14652,0,3,5f50d0120fa52cc9a6dcd7ae4e7843347240e165868ba988b153908836a8c236
phase3_locked_full_v1,exploratory,locked,locked_benchmark,adult_income,mean_ensemble,synthetic_sensor_failure,0.2,primary,3,3,14652,0,3,71254b5ba8d9b0026c70c17589d07de75e6ca502c2722054eaa28440521a21bb
phase3_locked_full_v1,exploratory,locked,locked_benchmark,adult_income,static_weighted_ensemble,synthetic_sensor_failure,0.2,primary,3,3,14652,0,3,30db266269e41c027e46013599b3225a6cf08a2593cbd3b9c83a6fbf416c399e
phase3_locked_full_v1,exploratory,locked,locked_benchmark,adult_income,veto_mavs,synthetic_sensor_failure,0.2,primary,3,3,14652,14652,3,d5b2e52323adb6e5399f97c3bd8f2d267ca30cc06c71969e4466ccddc212882a
phase3_locked_full_v1,exploratory,locked,locked_benchmark,adult_income,pure_mavs_gc,synthetic_sensor_failure,0.2,primary,3,3,14652,14652,3,6d012b3a2e9b726146db1d6a47b30362ed5c9e148db1aebf1a9ed6569237300b
phase3_locked_full_v1,exploratory,locked,locked_benchmark,adult_income,single_model,synthetic_sensor_failure,0.2,shadow,2,2,9768,0,2,bcf786ff0836c45d785993ea1cebc2660cf62e23fc0372700b155bd34da761f9
phase3_locked_full_v1,exploratory,locked,locked_benchmark,adult_income,mean_ensemble,synthetic_sensor_failure,0.2,shadow,2,2,9768,0,2,9908a565dbc785b0953b8242e2dd3ddfe1761847aa61070a0b7c0075d68e84a1
phase3_locked_full_v1,exploratory,locked,locked_benchmark,adult_income,static_weighted_ensemble,synthetic_sensor_failure,0.2,shadow,2,2,9768,0,2,fcfd29a88a0bd185acc0965f3ea1bed8fc2df4c5e6b095c8ab276d0bc2e5f780
phase3_locked_full_v1,exploratory,locked,locked_benchmark,adult_income,veto_mavs,synthetic_sensor_failure,0.2,shadow,2,2,9768,9768,2,420cfed25cde4eb7d67639a1ab19deb096a3962379da971525545c08b16ebaf0
phase3_locked_full_v1,exploratory,locked,locked_benchmark,adult_income,pure_mavs_gc,synthetic_sensor_failure,0.2,shadow,2,2,9768,9768,2,bc3983705be189d157e3552fd76526197b25e94106b0cbf2f999e464690a9b9c
phase3_locked_full_v1,exploratory,locked,locked_benchmark,adult_income,single_model,synthetic_sensor_failure,0.4,primary,3,3,14652,0,3,24bfc545385e412415c7c5a031ab12986eeb14c9300e9c43cba9f5c86dac7783
phase3_locked_full_v1,exploratory,locked,locked_benchmark,adult_income,mean_ensemble,synthetic_sensor_failure,0.4,primary,3,3,14652,0,3,6fe0156c60ced6cb5e43a28dc67d557de05dfa8342fb2c656582c89e92df7274
phase3_locked_full_v1,exploratory,locked,locked_benchmark,adult_income,static_weighted_ensemble,synthetic_sensor_failure,0.4,primary,3,3,14652,0,3,1f3932b84f95432a434394b04d5ae65b717c930378e703a658e5f12add8c81a0
phase3_locked_full_v1,exploratory,locked,locked_benchmark,adult_income,veto_mavs,synthetic_sensor_failure,0.4,primary,3,3,14652,14652,3,749ac1086e3d2aea2e0f312094d49814d88dc790682136eb1d012b3300adcec1
phase3_locked_full_v1,exploratory,locked,locked_benchmark,adult_income,pure_mavs_gc,synthetic_sensor_failure,0.4,primary,3,3,14652,14652,3,105f98531ce65acd3d66fa8140ec75267da5495da5f1959cb562b119b468c142
phase3_locked_full_v1,exploratory,locked,locked_benchmark,adult_income,single_model,synthetic_sensor_failure,0.4,shadow,2,2,9768,0,2,7dccf232aba9372fb3933adefb47b649bebf11f3942c979c4966b34718b5a64f
phase3_locked_full_v1,exploratory,locked,locked_benchmark,adult_income,mean_ensemble,synthetic_sensor_failure,0.4,shadow,2,2,9768,0,2,dce0e9e95ca6bd2647bfb31d89d2527f29b2aa5b96ff3021c60ab2e5c9a6587d
phase3_locked_full_v1,exploratory,locked,locked_benchmark,adult_income,static_weighted_ensemble,synthetic_sensor_failure,0.4,shadow,2,2,9768,0,2,dc67f7f0db47bae35be0233f260914b9cf1bda056d780b1452ea2a99fe86d6c0
phase3_locked_full_v1,exploratory,locked,locked_benchmark,adult_income,veto_mavs,synthetic_sensor_failure,0.4,shadow,2,2,9768,9768,2,2c6ea142bf14d0fc325911729b8b560b93f10aa3bc5b45044ee3df88fe6a46af
phase3_locked_full_v1,exploratory,locked,locked_benchmark,adult_income,pure_mavs_gc,synthetic_sensor_failure,0.4,shadow,2,2,9768,9768,2,fb7ca4f9dc9ac79d0a47e655df48280643ddcef0e1d6e83310851dbb9d10c7b9
phase3_locked_full_v1,exploratory,locked,locked_benchmark,adult_income,single_model,synthetic_sensor_failure,0.6,primary,3,3,14652,0,3,693a37f9ed9f4845d0d7abc5be2dfdecc0b31f802816d9a20f254ce83e3ffab7
phase3_locked_full_v1,exploratory,locked,locked_benchmark,adult_income,mean_ensemble,synthetic_sensor_failure,0.6,primary,3,3,14652,0,3,bf85f5ad3f07612c8ee88562d012bba67188b618f25ddb45209f8850b2c724f5
phase3_locked_full_v1,exploratory,locked,locked_benchmark,adult_income,static_weighted_ensemble,synthetic_sensor_failure,0.6,primary,3,3,14652,0,3,fa0d289fd99a8fe1a56a75c3e1b179e486a6550cf770e69e2be0e7d781b61e76
phase3_locked_full_v1,exploratory,locked,locked_benchmark,adult_income,veto_mavs,synthetic_sensor_failure,0.6,primary,3,3,14652,14652,3,f8e9e1682cef1d5a9289c5e5a940d181be62cdec08b4b0f1a22dcba8f546922b
phase3_locked_full_v1,exploratory,locked,locked_benchmark,adult_income,pure_mavs_gc,synthetic_sensor_failure,0.6,primary,3,3,14652,14652,3,ee22f9d28240e8caeecdf09ebdb0e5fb78e4ef9e478ef16c0c024e8995f73867
phase3_locked_full_v1,exploratory,locked,locked_benchmark,adult_income,single_model,synthetic_sensor_failure,0.6,shadow,2,2,9768,0,2,6eb78871a2f6c13940e13c4a88bcaf8b9468f0bac80652957cec14b45867f5a8
phase3_locked_full_v1,exploratory,locked,locked_benchmark,adult_income,mean_ensemble,synthetic_sensor_failure,0.6,shadow,2,2,9768,0,2,6269d4669a7ecd1da149ad1e1519095ee5a0c2bb63dce81f592f176b0e94639f
phase3_locked_full_v1,exploratory,locked,locked_benchmark,adult_income,static_weighted_ensemble,synthetic_sensor_failure,0.6,shadow,2,2,9768,0,2,ef4edc3bc1d44d3de25ebec0f5813afdc4e055468440f450d86cc2e54bfaf262
phase3_locked_full_v1,exploratory,locked,locked_benchmark,adult_income,veto_mavs,synthetic_sensor_failure,0.6,shadow,2,2,9768,9768,2,9bf2d75ec0c50f1796e1ae7fed4bda3945266176d7b4d3a65edd2154052f3384
phase3_locked_full_v1,exploratory,locked,locked_benchmark,adult_income,pure_mavs_gc,synthetic_sensor_failure,0.6,shadow,2,2,9768,9768,2,1b0f8f0df675542ced4687832ed7c6136b41d7a0ca38f74544889cef8eba0d58
phase3_locked_full_v1,exploratory,locked,locked_benchmark,adult_income,single_model,synthetic_sensor_failure,0.8,primary,3,3,14652,0,3,0a816bb662cfdee6593c5b7b839c4309bf7a8ffa27518e9fe0ab3e258e5607a3
phase3_locked_full_v1,exploratory,locked,locked_benchmark,adult_income,mean_ensemble,synthetic_sensor_failure,0.8,primary,3,3,14652,0,3,9c564ea9cc1b2784a07f851156d54c7de3ef56752cb8d68905f5b02d3818b345
phase3_locked_full_v1,exploratory,locked,locked_benchmark,adult_income,static_weighted_ensemble,synthetic_sensor_failure,0.8,primary,3,3,14652,0,3,60aff74d2b5be39255d66c903e59bac536ba44dd8c3a2ab838396eaa9307a8f6
phase3_locked_full_v1,exploratory,locked,locked_benchmark,adult_income,veto_mavs,synthetic_sensor_failure,0.8,primary,3,3,14652,14652,3,2cb44f8da9262b2ff865512e28c340d868e1d67fb58e8ac68ce8e251f654995d
phase3_locked_full_v1,exploratory,locked,locked_benchmark,adult_income,pure_mavs_gc,synthetic_sensor_failure,0.8,primary,3,3,14652,14652,3,37f569f7e3a6d07dc1e24e4a8b9f132f9b0cc83dcdaf20d2c7bb0d799db95826
phase3_locked_full_v1,exploratory,locked,locked_benchmark,adult_income,single_model,synthetic_sensor_failure,0.8,shadow,2,2,9768,0,2,bcc04e146c307a1c352ac1efa2eed77a17323486c08668eb58f3711f591002a3
phase3_locked_full_v1,exploratory,locked,locked_benchmark,adult_income,mean_ensemble,synthetic_sensor_failure,0.8,shadow,2,2,9768,0,2,ff4b104d425bfd040f6ccb2115bef91173fa99d4d6a89a8709e3acbbf1e1560e
phase3_locked_full_v1,exploratory,locked,locked_benchmark,adult_income,static_weighted_ensemble,synthetic_sensor_failure,0.8,shadow,2,2,9768,0,2,c63a8bd5550f3ee82ce50abd6d81f8dd7439fa279d075f9e7d2d9eefe2e26e9c
phase3_locked_full_v1,exploratory,locked,locked_benchmark,adult_income,veto_mavs,synthetic_sensor_failure,0.8,shadow,2,2,9768,9768,2,05f15b4bfdf1f2d334c680851efe873cceb04b4a0ce30fbe39b09a2e585b1181
phase3_locked_full_v1,exploratory,locked,locked_benchmark,adult_income,pure_mavs_gc,synthetic_sensor_failure,0.8,shadow,2,2,9768,9768,2,62fb2a2b6d55dc96513f9ffea80f291501a10c9cac502cb2bb333a7f7cf596fc
phase3_locked_full_v1,exploratory,locked,locked_benchmark,adult_income,single_model,synthetic_sensor_failure,1.0,primary,3,3,14652,0,3,9aefa821327f38bd046d1d0bbe695ee3f716a31609d6998d319d3b950e68f948
phase3_locked_full_v1,exploratory,locked,locked_benchmark,adult_income,mean_ensemble,synthetic_sensor_failure,1.0,primary,3,3,14652,0,3,250a3673395aaf666a5683b2366fba8d310545f1340e35ed6eca713b02929425
phase3_locked_full_v1,exploratory,locked,locked_benchmark,adult_income,static_weighted_ensemble,synthetic_sensor_failure,1.0,primary,3,3,14652,0,3,308b137fa43ad1248fd2b0f3d5293ae960aee0e09e0b6a6558de68a00a86401d
phase3_locked_full_v1,exploratory,locked,locked_benchmark,adult_income,veto_mavs,synthetic_sensor_failure,1.0,primary,3,3,14652,14652,3,c65f77116f386db9f25b83465da19f3b68a7838465cce621e2e0e135f0e87e32
phase3_locked_full_v1,exploratory,locked,locked_benchmark,adult_income,pure_mavs_gc,synthetic_sensor_failure,1.0,primary,3,3,14652,14652,3,4ad22cbac3a7ed1b7c0c82b01f3cffce855358bd7602e80ebc1f158ee0caec4b
phase3_locked_full_v1,exploratory,locked,locked_benchmark,adult_income,single_model,synthetic_sensor_failure,1.0,shadow,2,2,9768,0,2,ed301b45ab3c55381229c7c30e12f01a82e322199b30c7a52a018fd5739d0577
phase3_locked_full_v1,exploratory,locked,locked_benchmark,adult_income,mean_ensemble,synthetic_sensor_failure,1.0,shadow,2,2,9768,0,2,8cee287f1feacad841ed804b99037cf456abd7f23645232211be5586179bdffb
phase3_locked_full_v1,exploratory,locked,locked_benchmark,adult_income,static_weighted_ensemble,synthetic_sensor_failure,1.0,shadow,2,2,9768,0,2,ed8fada1bbbbf1fd2012e57a3f696877dd3cc2253e28469882d0c943e75baf4b
phase3_locked_full_v1,exploratory,locked,locked_benchmark,adult_income,veto_mavs,synthetic_sensor_failure,1.0,shadow,2,2,9768,9768,2,4335724ff885da31615043fa6a6e0729e4994aa71d1cc6130a29de8ca53c0df2
phase3_locked_full_v1,exploratory,locked,locked_benchmark,adult_income,pure_mavs_gc,synthetic_sensor_failure,1.0,shadow,2,2,9768,9768,2,1317f09911640f4a67b89b3686ce6378f599b0ac0d846c9fb95ee1ead2f77977
phase3_locked_full_v1,exploratory,locked,locked_benchmark,adult_income,single_model,specialist_failure,0.0,primary,3,3,14652,0,3,b610aa8db3d1799ca15f7baa36150d8fb2be58fce1d7c5ab370ebb4fd6c22af1
phase3_locked_full_v1,exploratory,locked,locked_benchmark,adult_income,mean_ensemble,specialist_failure,0.0,primary,3,3,14652,0,3,5d039637590b2aa227a407820089ba39cf1396251a8e0c2e434a8f74372c758f
phase3_locked_full_v1,exploratory,locked,locked_benchmark,adult_income,static_weighted_ensemble,specialist_failure,0.0,primary,3,3,14652,0,3,d741df75a0ecf635c7a4f673630c425795076a06c343ef055f40f15b30d529e2
phase3_locked_full_v1,exploratory,locked,locked_benchmark,adult_income,veto_mavs,specialist_failure,0.0,primary,3,3,14652,14652,3,0b51818b59cfdfbd762483f78205b8f639ebb241f79da8c2e32ef69db980946f
phase3_locked_full_v1,exploratory,locked,locked_benchmark,adult_income,pure_mavs_gc,specialist_failure,0.0,primary,3,3,14652,14652,3,bf7fc3f2a54f7c8cedbc3e8eb4884dbd35caa28564314c12d1f5a5b6ce752eeb
phase3_locked_full_v1,exploratory,locked,locked_benchmark,adult_income,single_model,specialist_failure,0.0,shadow,2,2,9768,0,2,33ab50823b2749f798edfcad671acdf6ddf3ce8fcf84eba86cc791754a826cba
phase3_locked_full_v1,exploratory,locked,locked_benchmark,adult_income,mean_ensemble,specialist_failure,0.0,shadow,2,2,9768,0,2,402fbd56420ee97a3bcf552dc6102d5ccc4f1b6a6616009a2c544a178e7bd327
phase3_locked_full_v1,exploratory,locked,locked_benchmark,adult_income,static_weighted_ensemble,specialist_failure,0.0,shadow,2,2,9768,0,2,1bc1cc40214b750b83baa075afb4f3beceb19d79f3a8be8ff9751b0d16ec308c
phase3_locked_full_v1,exploratory,locked,locked_benchmark,adult_income,veto_mavs,specialist_failure,0.0,shadow,2,2,9768,9768,2,b264de8b32bf9ff8577bb46629adcfccb4a7e40b7f00568d30307710baa1f3ed
phase3_locked_full_v1,exploratory,locked,locked_benchmark,adult_income,pure_mavs_gc,specialist_failure,0.0,shadow,2,2,9768,9768,2,d260e87800e7621596abb60ec7d79bfe6d6c1dfee22da721856b88362006b976
phase3_locked_full_v1,exploratory,locked,locked_benchmark,adult_income,single_model,specialist_failure,0.05,primary,3,3,14652,0,3,a7ef2ee917a882852dc805616a2266f2dc50c1007c683795617831b524e37380
phase3_locked_full_v1,exploratory,locked,locked_benchmark,adult_income,mean_ensemble,specialist_failure,0.05,primary,3,3,14652,0,3,b2786a22e0b6146f5fc54ead8dcdaf62725a2f2427cb5a10b9f16e1d37c768da
phase3_locked_full_v1,exploratory,locked,locked_benchmark,adult_income,static_weighted_ensemble,specialist_failure,0.05,primary,3,3,14652,0,3,77ec007910c6a9ae9ae6cbf8609fe790d5ef875bfe2bf45bd2c258692369ea41
phase3_locked_full_v1,exploratory,locked,locked_benchmark,adult_income,veto_mavs,specialist_failure,0.05,primary,3,3,14652,14652,3,24ceff159140b4958d11a3bb31b33ed1af25ba28f3bfe5060daeef416e710ff3
phase3_locked_full_v1,exploratory,locked,locked_benchmark,adult_income,pure_mavs_gc,specialist_failure,0.05,primary,3,3,14652,14652,3,89ea96efc9ad7b3a4c503c611e7903ec827921ae214cae372ad3f3e81c1cb05f
phase3_locked_full_v1,exploratory,locked,locked_benchmark,adult_income,single_model,specialist_failure,0.05,shadow,2,2,9768,0,2,b62aa23957189ab75317834788e0d5431cc0464682139ca2ad027c27cce4d1f7
phase3_locked_full_v1,exploratory,locked,locked_benchmark,adult_income,mean_ensemble,specialist_failure,0.05,shadow,2,2,9768,0,2,93d3fa1b3ac8e1fe5f6dc48e928dc233e458b06f5ff6a0542bfa4cf0487d5950
phase3_locked_full_v1,exploratory,locked,locked_benchmark,adult_income,static_weighted_ensemble,specialist_failure,0.05,shadow,2,2,9768,0,2,0275fe5a58ec50e063e4161c25036b95f7bfaa098569b9d085ace0a5f673b80b
phase3_locked_full_v1,exploratory,locked,locked_benchmark,adult_income,veto_mavs,specialist_failure,0.05,shadow,2,2,9768,9768,2,d6a8e373fe7537385c9254d3ea2a15ab8d97a5bc1b3d03955f1743c401c738bf
phase3_locked_full_v1,exploratory,locked,locked_benchmark,adult_income,pure_mavs_gc,specialist_failure,0.05,shadow,2,2,9768,9768,2,430c6d68a6a5e86e3c2df9cdc06023d76d8eba681e8c65daf34e573f1d63403a
phase3_locked_full_v1,exploratory,locked,locked_benchmark,adult_income,single_model,specialist_failure,0.1,primary,3,3,14652,0,3,c1aa683ea082f2caa016892ada00a52f891a3a64e384fb070ecf7d02c295095f
phase3_locked_full_v1,exploratory,locked,locked_benchmark,adult_income,mean_ensemble,specialist_failure,0.1,primary,3,3,14652,0,3,ddaf6716c0f68af1e3ffa7c45e571756ae8f07df218f1c3166cde27118384fb5
phase3_locked_full_v1,exploratory,locked,locked_benchmark,adult_income,static_weighted_ensemble,specialist_failure,0.1,primary,3,3,14652,0,3,30bf5523c5805cf580a2489a1561b603bbd51567fc39708826474696b6d24e06
phase3_locked_full_v1,exploratory,locked,locked_benchmark,adult_income,veto_mavs,specialist_failure,0.1,primary,3,3,14652,14652,3,2abb8aa9b94f7960feb36719a930965c0a44961daebba003538f6ec6cc38abc0
phase3_locked_full_v1,exploratory,locked,locked_benchmark,adult_income,pure_mavs_gc,specialist_failure,0.1,primary,3,3,14652,14652,3,ea66d9c0c963b45ccc4ad77823590991934a9aed2916553ebe2de90a1d00bc6f
phase3_locked_full_v1,exploratory,locked,locked_benchmark,adult_income,single_model,specialist_failure,0.1,shadow,2,2,9768,0,2,d11546217ad16c7f9eaf4014ca5fcfec7b6bfee5b9a39074b0421198dce6bbff
phase3_locked_full_v1,exploratory,locked,locked_benchmark,adult_income,mean_ensemble,specialist_failure,0.1,shadow,2,2,9768,0,2,8cf8482688bc9401b58f45671a572b8457ca06306feba7b4bb80713ddfb30753
phase3_locked_full_v1,exploratory,locked,locked_benchmark,adult_income,static_weighted_ensemble,specialist_failure,0.1,shadow,2,2,9768,0,2,e084a9f366b06d0589497bafc555e5c1b450d834c084f80b7cf03f5359bd0741
phase3_locked_full_v1,exploratory,locked,locked_benchmark,adult_income,veto_mavs,specialist_failure,0.1,shadow,2,2,9768,9768,2,1b614f6bef955ec788113ca11b6a89bd61ef6f8c65f10573b9918a46517c2e63
phase3_locked_full_v1,exploratory,locked,locked_benchmark,adult_income,pure_mavs_gc,specialist_failure,0.1,shadow,2,2,9768,9768,2,16ffa1902cc85e65dad5206bd3e72dedd152d921d0dcb299371241ce558f23ee
phase3_locked_full_v1,exploratory,locked,locked_benchmark,adult_income,single_model,specialist_failure,0.2,primary,3,3,14652,0,3,659a6ebf50a7e2907f264e3b4c0f494b444082a01baee4cda9cc2a25ab680345
phase3_locked_full_v1,exploratory,locked,locked_benchmark,adult_income,mean_ensemble,specialist_failure,0.2,primary,3,3,14652,0,3,215e3272dbb9c3e8dee1807a52ab18e516b81d6fdc6a56fe3fa9972d545546a0
phase3_locked_full_v1,exploratory,locked,locked_benchmark,adult_income,static_weighted_ensemble,specialist_failure,0.2,primary,3,3,14652,0,3,2b9f65c1e81d9f1509daa8d04227ee4049113b2301ddaf5b9b6853e4c935b11e
phase3_locked_full_v1,exploratory,locked,locked_benchmark,adult_income,veto_mavs,specialist_failure,0.2,primary,3,3,14652,14652,3,c11d76dd4ada2a3b7630404144b90be7972fa1e7703002b0372a5a0bdf13200c
phase3_locked_full_v1,exploratory,locked,locked_benchmark,adult_income,pure_mavs_gc,specialist_failure,0.2,primary,3,3,14652,14652,3,b35a5c2705b4d827a7ae6c972e6cf84704fe5fa87061aff5d1c239ab4261900b
phase3_locked_full_v1,exploratory,locked,locked_benchmark,adult_income,single_model,specialist_failure,0.2,shadow,2,2,9768,0,2,5f0d7c4d15236247cde4e359b1d14d3ddf9b4d3f2d9a090d178217a0fe1a4417
phase3_locked_full_v1,exploratory,locked,locked_benchmark,adult_income,mean_ensemble,specialist_failure,0.2,shadow,2,2,9768,0,2,7e9a1e77f2739dabe90d63c8e74d4e49ab853a355ac2a0f3a65b67945f7d7247
phase3_locked_full_v1,exploratory,locked,locked_benchmark,adult_income,static_weighted_ensemble,specialist_failure,0.2,shadow,2,2,9768,0,2,5657a24ff682db5ee43cf271e5c059d67cac5b1f72e2ca85fc06e0ce880e1d0a
phase3_locked_full_v1,exploratory,locked,locked_benchmark,adult_income,veto_mavs,specialist_failure,0.2,shadow,2,2,9768,9768,2,c1378c903c94f26583b2d7769567b0177a32597067ebdbd7d145547dab68a7bc
phase3_locked_full_v1,exploratory,locked,locked_benchmark,adult_income,pure_mavs_gc,specialist_failure,0.2,shadow,2,2,9768,9768,2,2f9682fbb37dd4dd6c19e6545cd972fd52abfa3581bc3c42b3723f3ae0500bb9
phase3_locked_full_v1,exploratory,locked,locked_benchmark,adult_income,single_model,specialist_failure,0.4,primary,3,3,14652,0,3,b46ad0b504c4b3721d9a4c3edc145161778cd706f98c943adcd004f6258ece19
phase3_locked_full_v1,exploratory,locked,locked_benchmark,adult_income,mean_ensemble,specialist_failure,0.4,primary,3,3,14652,0,3,19d3878e93579e0c05b100800b8375fe881bedf70a7aaff6b31ca97f516366c2
phase3_locked_full_v1,exploratory,locked,locked_benchmark,adult_income,static_weighted_ensemble,specialist_failure,0.4,primary,3,3,14652,0,3,e50eedff35e210c9d40472f7d86a66eeb06eca48cc4d37f17c6de671a934e679
phase3_locked_full_v1,exploratory,locked,locked_benchmark,adult_income,veto_mavs,specialist_failure,0.4,primary,3,3,14652,14652,3,d56e992c44088c7078085df52231e2c76ef133a3aad5c54bab4772ed8d6022e4
phase3_locked_full_v1,exploratory,locked,locked_benchmark,adult_income,pure_mavs_gc,specialist_failure,0.4,primary,3,3,14652,14652,3,ab8931b381393162b16ee8b0244a2c9d745cdfc4bd25e62a7aaf0e6b1ecd6451
phase3_locked_full_v1,exploratory,locked,locked_benchmark,adult_income,single_model,specialist_failure,0.4,shadow,2,2,9768,0,2,0a8b2248a03314edf74d524a32d2ba256bd0f078577d8f0b2764176521575503
phase3_locked_full_v1,exploratory,locked,locked_benchmark,adult_income,mean_ensemble,specialist_failure,0.4,shadow,2,2,9768,0,2,095d31be75f24efbc98cfdd5021808362bc7eda399666cbf314571406a7a9198
phase3_locked_full_v1,exploratory,locked,locked_benchmark,adult_income,static_weighted_ensemble,specialist_failure,0.4,shadow,2,2,9768,0,2,85b9badc61bc37bf2c9af2202de12490091896a79b98f0335c7a98b8fce612b3
phase3_locked_full_v1,exploratory,locked,locked_benchmark,adult_income,veto_mavs,specialist_failure,0.4,shadow,2,2,9768,9768,2,0c39e8a7b9da2248cbd55f1b7a8cda0ee8bf42708d99fcbdc81d67b06db5d768
phase3_locked_full_v1,exploratory,locked,locked_benchmark,adult_income,pure_mavs_gc,specialist_failure,0.4,shadow,2,2,9768,9768,2,018b78980c5caf6725473535eb5a9bb3b7894231f3cf73f661d61934a1e62ad2
phase3_locked_full_v1,exploratory,locked,locked_benchmark,adult_income,single_model,specialist_failure,0.6,primary,3,3,14652,0,3,16f42d2d1d4e761c2fb783be590ed5e18d59aaa8da6662fcb76bc444172a2bc0
phase3_locked_full_v1,exploratory,locked,locked_benchmark,adult_income,mean_ensemble,specialist_failure,0.6,primary,3,3,14652,0,3,bae51975cb690ca05f15dc3973d400a488b330a980c9e68ac188c46eeaf7754d
phase3_locked_full_v1,exploratory,locked,locked_benchmark,adult_income,static_weighted_ensemble,specialist_failure,0.6,primary,3,3,14652,0,3,8a0f7a34f94d0be1cc24ad90a2b2a2636aa04f40a82e67119d7182398991158b
phase3_locked_full_v1,exploratory,locked,locked_benchmark,adult_income,veto_mavs,specialist_failure,0.6,primary,3,3,14652,14652,3,29998f25994c84e0ce4edfa616b9be6f0f69becb697d95582a837fd70773f522
phase3_locked_full_v1,exploratory,locked,locked_benchmark,adult_income,pure_mavs_gc,specialist_failure,0.6,primary,3,3,14652,14652,3,bc65f2b28d4577b9bc2672ad3cebb02e03bd748fabb8907e13229bf623f367bd
phase3_locked_full_v1,exploratory,locked,locked_benchmark,adult_income,single_model,specialist_failure,0.6,shadow,2,2,9768,0,2,0defa9c56ac35d01b8d79dac98608d1599d3fb01121fa235ae0908b91009020c
phase3_locked_full_v1,exploratory,locked,locked_benchmark,adult_income,mean_ensemble,specialist_failure,0.6,shadow,2,2,9768,0,2,8e23a9f67829400bc62ad7601e1ce674fc669b3c955ea28403e2be92585ddf9e
phase3_locked_full_v1,exploratory,locked,locked_benchmark,adult_income,static_weighted_ensemble,specialist_failure,0.6,shadow,2,2,9768,0,2,88302643272d131767b14c3d7579f663623c33398226cd21fc314c93325f6e9c
phase3_locked_full_v1,exploratory,locked,locked_benchmark,adult_income,veto_mavs,specialist_failure,0.6,shadow,2,2,9768,9768,2,3b2187d5b7d609a1cab1e1b3dfcdd1eacab5e7ba10a2e725801cd5182a884551
phase3_locked_full_v1,exploratory,locked,locked_benchmark,adult_income,pure_mavs_gc,specialist_failure,0.6,shadow,2,2,9768,9768,2,4148000002b259b1d801606abefa3a6b6eebeb458d8007712bba26bc76e01e76
phase3_locked_full_v1,exploratory,locked,locked_benchmark,adult_income,single_model,specialist_failure,0.8,primary,3,3,14652,0,3,5d16365417ec4cbd0eef628d1673ca4d19737109638b9c8050bdfb34fc8225f3
phase3_locked_full_v1,exploratory,locked,locked_benchmark,adult_income,mean_ensemble,specialist_failure,0.8,primary,3,3,14652,0,3,5ce0feb099f0575d6b25987c6ffb8de394764fc2648ad2d62fb60dee11b92897
phase3_locked_full_v1,exploratory,locked,locked_benchmark,adult_income,static_weighted_ensemble,specialist_failure,0.8,primary,3,3,14652,0,3,2cea39ababf704ae96647d8de2c28d54a31c56e3b96c756b702d4d7e2c74ddc9
phase3_locked_full_v1,exploratory,locked,locked_benchmark,adult_income,veto_mavs,specialist_failure,0.8,primary,3,3,14652,14652,3,9edafb81891aaf5af313360e292d4e7c9e50a059e81a504e09e5e512e177a166
phase3_locked_full_v1,exploratory,locked,locked_benchmark,adult_income,pure_mavs_gc,specialist_failure,0.8,primary,3,3,14652,14652,3,397b8a9126f0c782e4b57e6f0797432034b0b42c2c64cacd97bd4e878a44f9a7
phase3_locked_full_v1,exploratory,locked,locked_benchmark,adult_income,single_model,specialist_failure,0.8,shadow,2,2,9768,0,2,c8dcd70e65b90d21ecdc5ccaedc98f345522391ff8840704d1bdcc672edb7b10
phase3_locked_full_v1,exploratory,locked,locked_benchmark,adult_income,mean_ensemble,specialist_failure,0.8,shadow,2,2,9768,0,2,01ab3b85e85d73e16902e2e65cf398fa85ebe6ebd89572527358a513ab543278
phase3_locked_full_v1,exploratory,locked,locked_benchmark,adult_income,static_weighted_ensemble,specialist_failure,0.8,shadow,2,2,9768,0,2,4ac21cda9dba6ec0a342cca55f8147df80c5b61cd709a1b317640f3a827e7587
phase3_locked_full_v1,exploratory,locked,locked_benchmark,adult_income,veto_mavs,specialist_failure,0.8,shadow,2,2,9768,9768,2,4d72d1cac32fbdd8af6d2e75b1070a6f9e91eb73210c94cff90daed44e997b6f
phase3_locked_full_v1,exploratory,locked,locked_benchmark,adult_income,pure_mavs_gc,specialist_failure,0.8,shadow,2,2,9768,9768,2,b7a96688ef4880c981b20d3fbd850ea690f4ecd4966a51b6604cd0c6bc0571e5
phase3_locked_full_v1,exploratory,locked,locked_benchmark,adult_income,single_model,specialist_failure,1.0,primary,3,3,14652,0,3,e16cba3aca00794bd3f07a084f1a462dcd2d2cf38c431493e4b8f148aceab673
phase3_locked_full_v1,exploratory,locked,locked_benchmark,adult_income,mean_ensemble,specialist_failure,1.0,primary,3,3,14652,0,3,c13ee9e566b944bb76648a8d96f8f164d7aa181425a6ff09ba34d948cfc72291
phase3_locked_full_v1,exploratory,locked,locked_benchmark,adult_income,static_weighted_ensemble,specialist_failure,1.0,primary,3,3,14652,0,3,f4a4420059a3526c9da2c9b0ee380ccbb8bc490ca0b8e34fbc3d5e6b8c1c7008
phase3_locked_full_v1,exploratory,locked,locked_benchmark,adult_income,veto_mavs,specialist_failure,1.0,primary,3,3,14652,14652,3,9ea8abcaf44ce6b649b7b78dde812dd409769d7f40cdac7988b03cc2055bde88
phase3_locked_full_v1,exploratory,locked,locked_benchmark,adult_income,pure_mavs_gc,specialist_failure,1.0,primary,3,3,14652,14652,3,ca71249d8bd1e4866d2685dc32b11078abb7cfe9db788f73a58a283b602ff29c
phase3_locked_full_v1,exploratory,locked,locked_benchmark,adult_income,single_model,specialist_failure,1.0,shadow,2,2,9768,0,2,eeade10050469386e2d35ffd42d15e745dd0d3e8a9d62a30b1e818bbf55463bb
phase3_locked_full_v1,exploratory,locked,locked_benchmark,adult_income,mean_ensemble,specialist_failure,1.0,shadow,2,2,9768,0,2,05a76f1ec90f3bf6c38049a07e2ea539dac9711899c02fdcd4e2fc975689c32d
phase3_locked_full_v1,exploratory,locked,locked_benchmark,adult_income,static_weighted_ensemble,specialist_failure,1.0,shadow,2,2,9768,0,2,a98424c1802d898c17e6a1828e4cd0aa03d4c7864687c7dff7ee6bdfe57cf47d
phase3_locked_full_v1,exploratory,locked,locked_benchmark,adult_income,veto_mavs,specialist_failure,1.0,shadow,2,2,9768,9768,2,47d1db2be1b579943e54cfb9e5bf866e39a680f5230faa96cfa2bda771f28585
phase3_locked_full_v1,exploratory,locked,locked_benchmark,adult_income,pure_mavs_gc,specialist_failure,1.0,shadow,2,2,9768,9768,2,fd01868c7c840d58a4ae8361f43601f8a824a5a78b86ae037cae50bdcf2eefd6
phase3_locked_full_v1,exploratory,locked,locked_benchmark,credit_card_fraud,single_model,feature_noise,0.0,primary,3,3,85443,0,3,aef7ba793e016e9b7b1fc5e7b521b38669265293a607cb0b1a5a5dae7af007d2
phase3_locked_full_v1,exploratory,locked,locked_benchmark,credit_card_fraud,mean_ensemble,feature_noise,0.0,primary,3,3,85443,0,3,77e55de9b5e646d6aefb0ee22b11d5f2e1e0b33a7d975bc2f03bca7d53b13d56
phase3_locked_full_v1,exploratory,locked,locked_benchmark,credit_card_fraud,static_weighted_ensemble,feature_noise,0.0,primary,3,3,85443,0,3,0e81e0df9f61b89421f5ce4ca414ab7a0f3428056f6916397a92b0c87fae5b7d
phase3_locked_full_v1,exploratory,locked,locked_benchmark,credit_card_fraud,veto_mavs,feature_noise,0.0,primary,3,3,85443,85443,3,5dbfd0590e933b31990b030cf2570b49f06a2e8b118eeb24910a5ad33cacec9d
phase3_locked_full_v1,exploratory,locked,locked_benchmark,credit_card_fraud,pure_mavs_gc,feature_noise,0.0,primary,3,3,85443,85443,3,bc6cf93c4cdaefdfb7763ba817909ca719ca46618cf639e026e6ae861b6f87b0
phase3_locked_full_v1,exploratory,locked,locked_benchmark,credit_card_fraud,single_model,feature_noise,0.0,shadow,2,2,56962,0,2,22a9c442bd60300b70e753c088051da59af4461d9b864eb80f719479cd8b6123
phase3_locked_full_v1,exploratory,locked,locked_benchmark,credit_card_fraud,mean_ensemble,feature_noise,0.0,shadow,2,2,56962,0,2,696f55e805734e9a1563a780913b8ba5ce1d99066b280c0fb436479dd6c7e1e2
phase3_locked_full_v1,exploratory,locked,locked_benchmark,credit_card_fraud,static_weighted_ensemble,feature_noise,0.0,shadow,2,2,56962,0,2,8a6ed2916626db25d53a6c271e0469c52f73b8c9d79a333e83ece9f89ef5acb3
phase3_locked_full_v1,exploratory,locked,locked_benchmark,credit_card_fraud,veto_mavs,feature_noise,0.0,shadow,2,2,56962,56962,2,cdcd24da1a6d3bee25369a53f44e9e564c031f57cdf3d770b89e183e5c99b321
phase3_locked_full_v1,exploratory,locked,locked_benchmark,credit_card_fraud,pure_mavs_gc,feature_noise,0.0,shadow,2,2,56962,56962,2,de9e72d3683b150909ba6456cc6405e4d0d4fa82f855b77bf7ea454fca2e6856
phase3_locked_full_v1,exploratory,locked,locked_benchmark,credit_card_fraud,single_model,feature_noise,0.05,primary,3,3,85443,0,3,e2f2928ee09b181f88f0f8769e4ad2a107bd92e8d58b445139712f48b885ba9b
phase3_locked_full_v1,exploratory,locked,locked_benchmark,credit_card_fraud,mean_ensemble,feature_noise,0.05,primary,3,3,85443,0,3,b87d76bb9113455eac1787ae4a3628a39d85f497ef123df60c58f5bb4f5f5466
phase3_locked_full_v1,exploratory,locked,locked_benchmark,credit_card_fraud,static_weighted_ensemble,feature_noise,0.05,primary,3,3,85443,0,3,67be5521438de7fb4f94c737d50fd9b1cbb69fb2b8df4dad40fdf8c5bebc8847
phase3_locked_full_v1,exploratory,locked,locked_benchmark,credit_card_fraud,veto_mavs,feature_noise,0.05,primary,3,3,85443,85443,3,32c4e23fe590d8f3cc0719306f2f937a87b8017fae57a247a900365064dd54fe
phase3_locked_full_v1,exploratory,locked,locked_benchmark,credit_card_fraud,pure_mavs_gc,feature_noise,0.05,primary,3,3,85443,85443,3,f1e5f74a5d506f262cee2e889cc5b9e67f4797eb73bf544aa4f503faf97e73f8
phase3_locked_full_v1,exploratory,locked,locked_benchmark,credit_card_fraud,single_model,feature_noise,0.05,shadow,2,2,56962,0,2,f11b4a96b764eaf276304ce6c949a5e94c3bc12aa980c04de72c853e907dd4db
phase3_locked_full_v1,exploratory,locked,locked_benchmark,credit_card_fraud,mean_ensemble,feature_noise,0.05,shadow,2,2,56962,0,2,e8f290b8c68c61094e7f81e48a874b284ddcaf86edda488fba8ba9fb8c26fbdb
phase3_locked_full_v1,exploratory,locked,locked_benchmark,credit_card_fraud,static_weighted_ensemble,feature_noise,0.05,shadow,2,2,56962,0,2,966289f5268d4f5fa88ec4851b4b6e2b6890e853736b83b5367e9265c6b671ec
phase3_locked_full_v1,exploratory,locked,locked_benchmark,credit_card_fraud,veto_mavs,feature_noise,0.05,shadow,2,2,56962,56962,2,1886c3e4a9fffca8bbc4e990be19dc346b07d1baae5d6302f6ed924e2874a01f
phase3_locked_full_v1,exploratory,locked,locked_benchmark,credit_card_fraud,pure_mavs_gc,feature_noise,0.05,shadow,2,2,56962,56962,2,b07a25b471d722ada114393c4a313fe020fc5fc65c4adde7ab7f4ee8d4e0175a
phase3_locked_full_v1,exploratory,locked,locked_benchmark,credit_card_fraud,single_model,feature_noise,0.1,primary,3,3,85443,0,3,e0b9d6075353238d31ba9f578f80cec61a278b8761b0685ccf6b40613173aefc
phase3_locked_full_v1,exploratory,locked,locked_benchmark,credit_card_fraud,mean_ensemble,feature_noise,0.1,primary,3,3,85443,0,3,fbd5239b8d47851a583b76874ffced51072b5275e5a1d9c88a0673c7e5a8ff94
phase3_locked_full_v1,exploratory,locked,locked_benchmark,credit_card_fraud,static_weighted_ensemble,feature_noise,0.1,primary,3,3,85443,0,3,6bc5c3642dac9371d87b5a8f8d72deed76a874ddfb52dba18c9be52e77de1a65
phase3_locked_full_v1,exploratory,locked,locked_benchmark,credit_card_fraud,veto_mavs,feature_noise,0.1,primary,3,3,85443,85443,3,db9612fbfa16c960707b673c1db1dd15e6045afffd50984657e1c8160bf2b10b
phase3_locked_full_v1,exploratory,locked,locked_benchmark,credit_card_fraud,pure_mavs_gc,feature_noise,0.1,primary,3,3,85443,85443,3,cdf83e755ca5cbaf9e6f813bb29e6c3dddb7049c47b256e3dbdfba89e57cd2cb
phase3_locked_full_v1,exploratory,locked,locked_benchmark,credit_card_fraud,single_model,feature_noise,0.1,shadow,2,2,56962,0,2,948f28310754a0466e4d998749afdf2bae7fcf227f86509e5e425e2b096befed
phase3_locked_full_v1,exploratory,locked,locked_benchmark,credit_card_fraud,mean_ensemble,feature_noise,0.1,shadow,2,2,56962,0,2,7d2c2f1204e49ab4ff58f2af4190fdd9481b6893905db34926bcaa62773901c0
phase3_locked_full_v1,exploratory,locked,locked_benchmark,credit_card_fraud,static_weighted_ensemble,feature_noise,0.1,shadow,2,2,56962,0,2,1fdd4c5de7b4cc91e6831f1fe0af5eca1c87455a27ac979ebc8356196f526cf3
phase3_locked_full_v1,exploratory,locked,locked_benchmark,credit_card_fraud,veto_mavs,feature_noise,0.1,shadow,2,2,56962,56962,2,f38cfdf5ac32bca4684fdef72007e7512c07951597c8ba98dbf3a22cc90975c6
phase3_locked_full_v1,exploratory,locked,locked_benchmark,credit_card_fraud,pure_mavs_gc,feature_noise,0.1,shadow,2,2,56962,56962,2,8f5efc8e35798e00cb6d130cd1604714313148e8cf2cf4d8d12a8367e9de1018
phase3_locked_full_v1,exploratory,locked,locked_benchmark,credit_card_fraud,single_model,feature_noise,0.2,primary,3,3,85443,0,3,f48e3f90669ed90030e05b806c3921508d4e0a76b73dc6e7ba020c086b891863
phase3_locked_full_v1,exploratory,locked,locked_benchmark,credit_card_fraud,mean_ensemble,feature_noise,0.2,primary,3,3,85443,0,3,1c0b6c639a5cf5d2fd4d1b036559a864232fe17d29e9b0b9f4826251223045e8
phase3_locked_full_v1,exploratory,locked,locked_benchmark,credit_card_fraud,static_weighted_ensemble,feature_noise,0.2,primary,3,3,85443,0,3,ef8012a4540fdad940863f063c8163ee8157e3397cf44d95d91b280a9a7ade51
phase3_locked_full_v1,exploratory,locked,locked_benchmark,credit_card_fraud,veto_mavs,feature_noise,0.2,primary,3,3,85443,85443,3,2796f703c140c302b6e32feecacb9f817059876f038fe10454eb9a6809bc7c87
phase3_locked_full_v1,exploratory,locked,locked_benchmark,credit_card_fraud,pure_mavs_gc,feature_noise,0.2,primary,3,3,85443,85443,3,d33467d833025448d0b4c00eb749d220e821f15c1dcb47e90752689170bf2cb0
phase3_locked_full_v1,exploratory,locked,locked_benchmark,credit_card_fraud,single_model,feature_noise,0.2,shadow,2,2,56962,0,2,9802af00bec94f28c137d6a15b6dc7aae473adcc098025a2082b3741655cd60e
phase3_locked_full_v1,exploratory,locked,locked_benchmark,credit_card_fraud,mean_ensemble,feature_noise,0.2,shadow,2,2,56962,0,2,cf31d0a9102c1c4a76880e3a6b149e422af35bd8449137fd80a29d6f540f681c
phase3_locked_full_v1,exploratory,locked,locked_benchmark,credit_card_fraud,static_weighted_ensemble,feature_noise,0.2,shadow,2,2,56962,0,2,801726c4068e4d4e6aadd4019dea1dee207ec68df12570327a26c980aa70f86b
phase3_locked_full_v1,exploratory,locked,locked_benchmark,credit_card_fraud,veto_mavs,feature_noise,0.2,shadow,2,2,56962,56962,2,1151b69f198becb8cb2a7e7327e01fd66e087a4b595505a761950d68d3c5e43f
phase3_locked_full_v1,exploratory,locked,locked_benchmark,credit_card_fraud,pure_mavs_gc,feature_noise,0.2,shadow,2,2,56962,56962,2,f0f51f9c743e7fd55c3923a4766d9e2e5711adc0c339803484c283ae7e316aa4
phase3_locked_full_v1,exploratory,locked,locked_benchmark,credit_card_fraud,single_model,feature_noise,0.4,primary,3,3,85443,0,3,7187123dbe60e28a6856f12228231f920b78c82eb3f98e00eba0e0c1308cb000
phase3_locked_full_v1,exploratory,locked,locked_benchmark,credit_card_fraud,mean_ensemble,feature_noise,0.4,primary,3,3,85443,0,3,4a6e6ee8c4ab572fb0510a7df26f350b19345d0da094f205b2a877af0ab425a5
phase3_locked_full_v1,exploratory,locked,locked_benchmark,credit_card_fraud,static_weighted_ensemble,feature_noise,0.4,primary,3,3,85443,0,3,b91b9130eef17563aadb0b4c9f579f2d810f26b698daaac4a2e64e393fa64947
phase3_locked_full_v1,exploratory,locked,locked_benchmark,credit_card_fraud,veto_mavs,feature_noise,0.4,primary,3,3,85443,85443,3,ba58f62893cf635b047bc9d1508570309a041fe9edd3f433fb12a1bd5a44a6c6
phase3_locked_full_v1,exploratory,locked,locked_benchmark,credit_card_fraud,pure_mavs_gc,feature_noise,0.4,primary,3,3,85443,85443,3,3d39ce02c77fc58365cd5e95714463ed084e6a842908660b5568437bb7671f1c
phase3_locked_full_v1,exploratory,locked,locked_benchmark,credit_card_fraud,single_model,feature_noise,0.4,shadow,2,2,56962,0,2,3626d53273984fc6931206626cf712297ce475ea3a36d3b5dd0baa44651faa26
phase3_locked_full_v1,exploratory,locked,locked_benchmark,credit_card_fraud,mean_ensemble,feature_noise,0.4,shadow,2,2,56962,0,2,a64d41956b465e9e93fc1523c27afeb515dad69988832117d1beffffe0e6b8da
phase3_locked_full_v1,exploratory,locked,locked_benchmark,credit_card_fraud,static_weighted_ensemble,feature_noise,0.4,shadow,2,2,56962,0,2,4ba6a818d8bc98498e40615a8f828037b54b3e0ad626863d5e0fa719d7537275
phase3_locked_full_v1,exploratory,locked,locked_benchmark,credit_card_fraud,veto_mavs,feature_noise,0.4,shadow,2,2,56962,56962,2,3f3c752a891d33301d29be55164401b5d6feeb8c8f05322a4f86f87848745938
phase3_locked_full_v1,exploratory,locked,locked_benchmark,credit_card_fraud,pure_mavs_gc,feature_noise,0.4,shadow,2,2,56962,56962,2,c4d67203f479b899088d7566a6439890c0d40c5bb0f20a9e811a66561c1f7522
phase3_locked_full_v1,exploratory,locked,locked_benchmark,credit_card_fraud,single_model,feature_noise,0.6,primary,3,3,85443,0,3,113b25b866f70575a004b2b766238f6276f5cd62da0a74d2b9444f400fe7233c
phase3_locked_full_v1,exploratory,locked,locked_benchmark,credit_card_fraud,mean_ensemble,feature_noise,0.6,primary,3,3,85443,0,3,3f9e152e249504b5928c3e1161d1a84b9795b05a2f947d4d29f869ed035a49a9
phase3_locked_full_v1,exploratory,locked,locked_benchmark,credit_card_fraud,static_weighted_ensemble,feature_noise,0.6,primary,3,3,85443,0,3,ca0c98726a376ac988247ffd3e5124d3540fe1597532cbf30a57b564a0473673
phase3_locked_full_v1,exploratory,locked,locked_benchmark,credit_card_fraud,veto_mavs,feature_noise,0.6,primary,3,3,85443,85443,3,420e02e748885a2575fa5559d47f2f9b9f5074e322b758e7e9b57ffa4df0dc0e
phase3_locked_full_v1,exploratory,locked,locked_benchmark,credit_card_fraud,pure_mavs_gc,feature_noise,0.6,primary,3,3,85443,85443,3,caea76dd1fd7550bb70568f216669b0d6c8198b76853f25eac1f9c4459a91c4e
phase3_locked_full_v1,exploratory,locked,locked_benchmark,credit_card_fraud,single_model,feature_noise,0.6,shadow,2,2,56962,0,2,cbff24ed2b4957faf7641937a4e708b9070cc8d9c15ccf7a27ac65596f97cc19
phase3_locked_full_v1,exploratory,locked,locked_benchmark,credit_card_fraud,mean_ensemble,feature_noise,0.6,shadow,2,2,56962,0,2,5839050a6a0a7c189d20a1ee1f287823a20bffa02201de9667fdca68bc76cdd8
phase3_locked_full_v1,exploratory,locked,locked_benchmark,credit_card_fraud,static_weighted_ensemble,feature_noise,0.6,shadow,2,2,56962,0,2,680439022f099d73bec0da80db79f4a037b2c21315213ced337fbe11e0797b4e
phase3_locked_full_v1,exploratory,locked,locked_benchmark,credit_card_fraud,veto_mavs,feature_noise,0.6,shadow,2,2,56962,56962,2,b48ae339b00da667a72eae383c7269765d0110a21a1f07af1363658590a00ea8
phase3_locked_full_v1,exploratory,locked,locked_benchmark,credit_card_fraud,pure_mavs_gc,feature_noise,0.6,shadow,2,2,56962,56962,2,af58d823073ea9a2cb51bdb9cfdc052abcf318f07cd0adb410e556e616b5976c
phase3_locked_full_v1,exploratory,locked,locked_benchmark,credit_card_fraud,single_model,feature_noise,0.8,primary,3,3,85443,0,3,1ab7711428afbdedab043472fc09efcca3e1f26e5c09d470441990d1748e44b7
phase3_locked_full_v1,exploratory,locked,locked_benchmark,credit_card_fraud,mean_ensemble,feature_noise,0.8,primary,3,3,85443,0,3,adde5dce1b98f3e2bb900b2f6728c6566fbdb7425a8c39871b6164b12f05b798
phase3_locked_full_v1,exploratory,locked,locked_benchmark,credit_card_fraud,static_weighted_ensemble,feature_noise,0.8,primary,3,3,85443,0,3,f68e2ac0d231f36ef36d5ae734c6b81690a64723807346c35007bc7b0a04607c
phase3_locked_full_v1,exploratory,locked,locked_benchmark,credit_card_fraud,veto_mavs,feature_noise,0.8,primary,3,3,85443,85443,3,0d5b6eff54eb1f3936185836f16c953b22b2522c6318db6f62e5dec607edd5c3
phase3_locked_full_v1,exploratory,locked,locked_benchmark,credit_card_fraud,pure_mavs_gc,feature_noise,0.8,primary,3,3,85443,85443,3,33315ae6d540ecb03d970dae127acdd06992fcb87faf7653aefe919c5a70aed0
phase3_locked_full_v1,exploratory,locked,locked_benchmark,credit_card_fraud,single_model,feature_noise,0.8,shadow,2,2,56962,0,2,3cd0b72a8ccd09ed10869fa0da7db5b52b1eda410a9e37a1f7ebe284951017b4
phase3_locked_full_v1,exploratory,locked,locked_benchmark,credit_card_fraud,mean_ensemble,feature_noise,0.8,shadow,2,2,56962,0,2,6daf6570de162b53b3488dea8dc9c7f5b595281c51e01ac4077df665d2eef009
phase3_locked_full_v1,exploratory,locked,locked_benchmark,credit_card_fraud,static_weighted_ensemble,feature_noise,0.8,shadow,2,2,56962,0,2,3b1e5676347ef41a7853c1f68cea3ada3587f83646740523f61a35e0c1c4346c
phase3_locked_full_v1,exploratory,locked,locked_benchmark,credit_card_fraud,veto_mavs,feature_noise,0.8,shadow,2,2,56962,56962,2,a83e7c7a492277ffe85e28355e9e5b4828329fb1132bd533cad9e653a8b15abc
phase3_locked_full_v1,exploratory,locked,locked_benchmark,credit_card_fraud,pure_mavs_gc,feature_noise,0.8,shadow,2,2,56962,56962,2,e6ba5ec93f93d52706c211612965e6a8f08f1a017a1dbbd51cb026b23abdf73e
phase3_locked_full_v1,exploratory,locked,locked_benchmark,credit_card_fraud,single_model,feature_noise,1.0,primary,3,3,85443,0,3,701fbeaaa5f91800e62959a8c3d298956a306b3c38e32d42eaf5bc92dce535f1
phase3_locked_full_v1,exploratory,locked,locked_benchmark,credit_card_fraud,mean_ensemble,feature_noise,1.0,primary,3,3,85443,0,3,f5fae3a53b12db0aa7b52c6021c3737f3467da2205ba9ab9615c44428aeb9f61
phase3_locked_full_v1,exploratory,locked,locked_benchmark,credit_card_fraud,static_weighted_ensemble,feature_noise,1.0,primary,3,3,85443,0,3,517e01413282bdbe4ace9bedd22396d5dd8351187b55f51bdfea6e51c46a6a7b
phase3_locked_full_v1,exploratory,locked,locked_benchmark,credit_card_fraud,veto_mavs,feature_noise,1.0,primary,3,3,85443,85443,3,76c5e6e686499f0e313fca93c0200bd62de35747ab119460c80b18adc2d746e9
phase3_locked_full_v1,exploratory,locked,locked_benchmark,credit_card_fraud,pure_mavs_gc,feature_noise,1.0,primary,3,3,85443,85443,3,9e814e07b12ea45fd0f3987d5e133d8f3146d43a04a8aea808ba57be133864e9
phase3_locked_full_v1,exploratory,locked,locked_benchmark,credit_card_fraud,single_model,feature_noise,1.0,shadow,2,2,56962,0,2,41fdfccbe4bc9956ef6f1e968f26a2c8e07f6cc4a07944ae459a55a101ffbe3f
phase3_locked_full_v1,exploratory,locked,locked_benchmark,credit_card_fraud,mean_ensemble,feature_noise,1.0,shadow,2,2,56962,0,2,22bcc6afefee0e49edf9b358788926af6facff6142ff1c7743a46fbcd507aa5f
phase3_locked_full_v1,exploratory,locked,locked_benchmark,credit_card_fraud,static_weighted_ensemble,feature_noise,1.0,shadow,2,2,56962,0,2,06664fce87237a71778693c0ef7b60864f88cf0c8dc2b5d9b9ca960d6cb7ea18
phase3_locked_full_v1,exploratory,locked,locked_benchmark,credit_card_fraud,veto_mavs,feature_noise,1.0,shadow,2,2,56962,56962,2,0ee58df5dd49632a61a8d0cb9fb023b4a910c51c00f91361980ddc44ba90f874
phase3_locked_full_v1,exploratory,locked,locked_benchmark,credit_card_fraud,pure_mavs_gc,feature_noise,1.0,shadow,2,2,56962,56962,2,a136fea00919a3df712cfc91f16eb2c7df873521aa15f994f76854effa5e3434
phase3_locked_full_v1,exploratory,locked,locked_benchmark,credit_card_fraud,single_model,missing_features,0.0,primary,3,3,85443,0,3,7f58fed23f54b91762d967a610b99c630272066da9d727c7857cdf642aa06436
phase3_locked_full_v1,exploratory,locked,locked_benchmark,credit_card_fraud,mean_ensemble,missing_features,0.0,primary,3,3,85443,0,3,477901df4b8960f02adf6f43c85eebad9895e7fe8cf1291b1e14944cb1d28068
phase3_locked_full_v1,exploratory,locked,locked_benchmark,credit_card_fraud,static_weighted_ensemble,missing_features,0.0,primary,3,3,85443,0,3,922cd9bdeef39d8b7309befb3e9d8b9cbb16ec6c22122e9a1b754ea956a6452b
phase3_locked_full_v1,exploratory,locked,locked_benchmark,credit_card_fraud,veto_mavs,missing_features,0.0,primary,3,3,85443,85443,3,531b0901448206ecc877ddd762ee559b5f5ac1795875a13b777f805518f8e01c
phase3_locked_full_v1,exploratory,locked,locked_benchmark,credit_card_fraud,pure_mavs_gc,missing_features,0.0,primary,3,3,85443,85443,3,56bedf6fef0e6564be4aae418c48eeb56365167d15340cc8a5378d2d2436e47e
phase3_locked_full_v1,exploratory,locked,locked_benchmark,credit_card_fraud,single_model,missing_features,0.0,shadow,2,2,56962,0,2,b06a32c2af614f1a034ae056bd51eaac25705e734bc9d82c23d86d4a43dff40f
phase3_locked_full_v1,exploratory,locked,locked_benchmark,credit_card_fraud,mean_ensemble,missing_features,0.0,shadow,2,2,56962,0,2,e4844322fd3829f70804749c5f7d40fa0716be66343ca131958d6ef6f833aa69
phase3_locked_full_v1,exploratory,locked,locked_benchmark,credit_card_fraud,static_weighted_ensemble,missing_features,0.0,shadow,2,2,56962,0,2,db80fa89368a7e0f8916953493095a3be713b4e2a1d984fe3f70356534a515d6
phase3_locked_full_v1,exploratory,locked,locked_benchmark,credit_card_fraud,veto_mavs,missing_features,0.0,shadow,2,2,56962,56962,2,ea64ce4321c1ea7c8dc4cf42156067777623e81ea9073e9927ebddc2b7310441
phase3_locked_full_v1,exploratory,locked,locked_benchmark,credit_card_fraud,pure_mavs_gc,missing_features,0.0,shadow,2,2,56962,56962,2,73b7ac997d8425e019bb5a5ae9814cd268f178383fee202abf30756f42d3f2a4
phase3_locked_full_v1,exploratory,locked,locked_benchmark,credit_card_fraud,single_model,missing_features,0.05,primary,3,3,85443,0,3,013382f0cae865d197f04151eeccc6838a795d940dbddd23d06f4d59c76d8906
phase3_locked_full_v1,exploratory,locked,locked_benchmark,credit_card_fraud,mean_ensemble,missing_features,0.05,primary,3,3,85443,0,3,6aa0c16c3cc03b3232b0fe40b363ca468c2111ed37849b41cf2d3fb2c83167db
phase3_locked_full_v1,exploratory,locked,locked_benchmark,credit_card_fraud,static_weighted_ensemble,missing_features,0.05,primary,3,3,85443,0,3,dbce053ff473dad95083ade441c620753fcb88b33548bba9d3cd869d17af3849
phase3_locked_full_v1,exploratory,locked,locked_benchmark,credit_card_fraud,veto_mavs,missing_features,0.05,primary,3,3,85443,85443,3,16ffb461fe225208e64e9241d77797efa1383e946fda0dd6176c7157421181ee
phase3_locked_full_v1,exploratory,locked,locked_benchmark,credit_card_fraud,pure_mavs_gc,missing_features,0.05,primary,3,3,85443,85443,3,b4d9d3294512911b5372ec6a304bab05d112c40104b74a83dcb9b7491f78d005
phase3_locked_full_v1,exploratory,locked,locked_benchmark,credit_card_fraud,single_model,missing_features,0.05,shadow,2,2,56962,0,2,bdde2b156cff858769d450438c2ac7db570be336e60bb1fa94cd9339b8b1bb6b
phase3_locked_full_v1,exploratory,locked,locked_benchmark,credit_card_fraud,mean_ensemble,missing_features,0.05,shadow,2,2,56962,0,2,bb9c2daff4dfd8468630151e786c3bac2bb74102fd0033fac3942cada7b10b7c
phase3_locked_full_v1,exploratory,locked,locked_benchmark,credit_card_fraud,static_weighted_ensemble,missing_features,0.05,shadow,2,2,56962,0,2,1f87ec5071eb87c2fa5c0e14dfecd40b7a5e5e9c2d14af86c87594665f85688c
phase3_locked_full_v1,exploratory,locked,locked_benchmark,credit_card_fraud,veto_mavs,missing_features,0.05,shadow,2,2,56962,56962,2,2dcf4546188f0fbd9c6940a3477dd89aadd22962f8bf84a79104979b59a4becc
phase3_locked_full_v1,exploratory,locked,locked_benchmark,credit_card_fraud,pure_mavs_gc,missing_features,0.05,shadow,2,2,56962,56962,2,2be7b628fca07d4aaa6b3e56986449d2e39c93362c37a3240bb4e09f90f6e424
phase3_locked_full_v1,exploratory,locked,locked_benchmark,credit_card_fraud,single_model,missing_features,0.1,primary,3,3,85443,0,3,9521d0bb26cfa2f9f207c39ebccb11d45213d9079f7cc376c3053bd48ddeec21
phase3_locked_full_v1,exploratory,locked,locked_benchmark,credit_card_fraud,mean_ensemble,missing_features,0.1,primary,3,3,85443,0,3,dff5ecff704e073f2b8b1982f803842235945109ac627c8961b04b634adcb7da
phase3_locked_full_v1,exploratory,locked,locked_benchmark,credit_card_fraud,static_weighted_ensemble,missing_features,0.1,primary,3,3,85443,0,3,eee3ece33cc892bef04c4ff463856ac8bf8bbeb83ce6bfc8ef41678d3e59d4d8
phase3_locked_full_v1,exploratory,locked,locked_benchmark,credit_card_fraud,veto_mavs,missing_features,0.1,primary,3,3,85443,85443,3,b59e4554f65ff58087dc96491322cbb3ca45aaa80a33241d5dd1aacf3abf6f14
phase3_locked_full_v1,exploratory,locked,locked_benchmark,credit_card_fraud,pure_mavs_gc,missing_features,0.1,primary,3,3,85443,85443,3,62254b39a344e7cf5233807b13e3252e9ff00f312d0b6f45d853f7063457806a
phase3_locked_full_v1,exploratory,locked,locked_benchmark,credit_card_fraud,single_model,missing_features,0.1,shadow,2,2,56962,0,2,3536cfbdda051ba9d811fbb89b4228e428e61f9a81c75f3fbbae1e86ac5459b0
phase3_locked_full_v1,exploratory,locked,locked_benchmark,credit_card_fraud,mean_ensemble,missing_features,0.1,shadow,2,2,56962,0,2,8ac198d5165720f16428b686629ae7e81bf0063e41fb7aa5f78bec22638bb84a
phase3_locked_full_v1,exploratory,locked,locked_benchmark,credit_card_fraud,static_weighted_ensemble,missing_features,0.1,shadow,2,2,56962,0,2,cf698a8f3e4c5475e8df3566bc261b1cf9074e3caeeb8b3232aa6b780345ef04
phase3_locked_full_v1,exploratory,locked,locked_benchmark,credit_card_fraud,veto_mavs,missing_features,0.1,shadow,2,2,56962,56962,2,d1d28894900420f8dc1cc297a16028e3cf9aab31ea8c99e5139ff31dc9b32162
phase3_locked_full_v1,exploratory,locked,locked_benchmark,credit_card_fraud,pure_mavs_gc,missing_features,0.1,shadow,2,2,56962,56962,2,73dac58620af37db4da672eb89a3ad66d0fc746efb0a4c9848e0e5965b6aecf8
phase3_locked_full_v1,exploratory,locked,locked_benchmark,credit_card_fraud,single_model,missing_features,0.2,primary,3,3,85443,0,3,b7450d2b9f12171dec31ab4257372997aaa49d7c4e40cb2414a32e59c9299660
phase3_locked_full_v1,exploratory,locked,locked_benchmark,credit_card_fraud,mean_ensemble,missing_features,0.2,primary,3,3,85443,0,3,33013b34e0d30c0df5639927c87d62309057673943c74973d4aae387c0e9231f
phase3_locked_full_v1,exploratory,locked,locked_benchmark,credit_card_fraud,static_weighted_ensemble,missing_features,0.2,primary,3,3,85443,0,3,8a9528ae07870a37b29f103c09ce40c41e8575beddf2ff690347dbb83f75d6cc
phase3_locked_full_v1,exploratory,locked,locked_benchmark,credit_card_fraud,veto_mavs,missing_features,0.2,primary,3,3,85443,85443,3,c0eb6bfdf50f7c404dd00745e84529b1d82c8f30fa22312d693180e24e99613b
phase3_locked_full_v1,exploratory,locked,locked_benchmark,credit_card_fraud,pure_mavs_gc,missing_features,0.2,primary,3,3,85443,85443,3,1c3ff428e746762ec24e416b89d0e7701c3845b83a95269250b50b5f605cdb3c
phase3_locked_full_v1,exploratory,locked,locked_benchmark,credit_card_fraud,single_model,missing_features,0.2,shadow,2,2,56962,0,2,fd5045cbe0e80a9b2dde2fd8011a557a0e031217b033bdf29385c54b766803b0
phase3_locked_full_v1,exploratory,locked,locked_benchmark,credit_card_fraud,mean_ensemble,missing_features,0.2,shadow,2,2,56962,0,2,e467dd7fdc2e62b5d7ba18259b548bd91d8da69fc77c7ae592a95b0b0d6ba3ce
phase3_locked_full_v1,exploratory,locked,locked_benchmark,credit_card_fraud,static_weighted_ensemble,missing_features,0.2,shadow,2,2,56962,0,2,9c1a5a89d577541fd3833b24df8b4ff9a4c452fdc026dd22792b805c08ab4ba4
phase3_locked_full_v1,exploratory,locked,locked_benchmark,credit_card_fraud,veto_mavs,missing_features,0.2,shadow,2,2,56962,56962,2,30df306baba1e9f87190139919ece544a86ef700255b4e3e531b71c64338be2d
phase3_locked_full_v1,exploratory,locked,locked_benchmark,credit_card_fraud,pure_mavs_gc,missing_features,0.2,shadow,2,2,56962,56962,2,7400f1d93ac9f5e5562a3533bb10da5b300f4a9194c6e72751d7577e32396d8f
phase3_locked_full_v1,exploratory,locked,locked_benchmark,credit_card_fraud,single_model,missing_features,0.4,primary,3,3,85443,0,3,a7159e699d226be68c5100c903b3eba419f63fa1a5864340db0312656badb5e3
phase3_locked_full_v1,exploratory,locked,locked_benchmark,credit_card_fraud,mean_ensemble,missing_features,0.4,primary,3,3,85443,0,3,1439ad94806fe4d7acf347ff567a53a07f6290453be351137ccae508032e2b90
phase3_locked_full_v1,exploratory,locked,locked_benchmark,credit_card_fraud,static_weighted_ensemble,missing_features,0.4,primary,3,3,85443,0,3,510320e23cc6a2377297164f8a5f45fb114dc9fc2d48d474814b0f74f027b173
phase3_locked_full_v1,exploratory,locked,locked_benchmark,credit_card_fraud,veto_mavs,missing_features,0.4,primary,3,3,85443,85443,3,c473994afd43efd03cd71e518a79ac8e8d20b412c19cbb2bf45509e069e010a6
phase3_locked_full_v1,exploratory,locked,locked_benchmark,credit_card_fraud,pure_mavs_gc,missing_features,0.4,primary,3,3,85443,85443,3,6085a083e41597728557d0b00712aa7ad0f68ae726f3a6db0bb5f3c354e4065c
phase3_locked_full_v1,exploratory,locked,locked_benchmark,credit_card_fraud,single_model,missing_features,0.4,shadow,2,2,56962,0,2,aa6619a4cba7e368eba9d3f89b5123819f63ed355c6e657b3f1e68494d546ee4
phase3_locked_full_v1,exploratory,locked,locked_benchmark,credit_card_fraud,mean_ensemble,missing_features,0.4,shadow,2,2,56962,0,2,fd1e7be7b69581032ff2eeb74b579cb9d9b8c787c657bf8d887c961477c4d42e
phase3_locked_full_v1,exploratory,locked,locked_benchmark,credit_card_fraud,static_weighted_ensemble,missing_features,0.4,shadow,2,2,56962,0,2,070010b795965942302ccd27d054783c5e4d4faaca999940bfd18400d1794f2c
phase3_locked_full_v1,exploratory,locked,locked_benchmark,credit_card_fraud,veto_mavs,missing_features,0.4,shadow,2,2,56962,56962,2,01fca3681d530f36b72b00c96604a8512b134c475da78f9b6c3108e5ee3b8041
phase3_locked_full_v1,exploratory,locked,locked_benchmark,credit_card_fraud,pure_mavs_gc,missing_features,0.4,shadow,2,2,56962,56962,2,86ee968c4579a10e4d4d1a0c8515ed7168e341b2b96010ed0bca59e5b745fa74
phase3_locked_full_v1,exploratory,locked,locked_benchmark,credit_card_fraud,single_model,missing_features,0.6,primary,3,3,85443,0,3,31fc223f268eacca581f050e23b8f4e97deb29463b319365652efd5234a0b67f
phase3_locked_full_v1,exploratory,locked,locked_benchmark,credit_card_fraud,mean_ensemble,missing_features,0.6,primary,3,3,85443,0,3,f75ad804fc986928e6abb0652fdcc2d86856bfe79fa7a9e91178bbe74b3a0f9a
phase3_locked_full_v1,exploratory,locked,locked_benchmark,credit_card_fraud,static_weighted_ensemble,missing_features,0.6,primary,3,3,85443,0,3,dec54d99e6a68f4d72b14d7b3fbc2563dbb6037c15fbfc977eaff49a308d724c
phase3_locked_full_v1,exploratory,locked,locked_benchmark,credit_card_fraud,veto_mavs,missing_features,0.6,primary,3,3,85443,85443,3,6af61f5a0f5ba162bc564b6743d139d30c590f80f987698e2e9fe25f6bcfd736
phase3_locked_full_v1,exploratory,locked,locked_benchmark,credit_card_fraud,pure_mavs_gc,missing_features,0.6,primary,3,3,85443,85443,3,e567a1426429fea80d78e9e342cdf3f23fe383b717e7f3bc4582a65fce34ea21
phase3_locked_full_v1,exploratory,locked,locked_benchmark,credit_card_fraud,single_model,missing_features,0.6,shadow,2,2,56962,0,2,38123445ebc96bb71d138dc3a7ceaf4b3b6252cfd98cf061dc25ca7e5efcafdc
phase3_locked_full_v1,exploratory,locked,locked_benchmark,credit_card_fraud,mean_ensemble,missing_features,0.6,shadow,2,2,56962,0,2,308c2d51c8bd7777c54e1d878032be6dd3150daf2388ba978e00059b4a70f7db
phase3_locked_full_v1,exploratory,locked,locked_benchmark,credit_card_fraud,static_weighted_ensemble,missing_features,0.6,shadow,2,2,56962,0,2,ce6f946706b11df8911d171585652af1cc9f85e83c7dbd2892511c3a0749a204
phase3_locked_full_v1,exploratory,locked,locked_benchmark,credit_card_fraud,veto_mavs,missing_features,0.6,shadow,2,2,56962,56962,2,644bbb9cc78d3371a2c568ba19d273f7f60f4a72a183e644aaf9caa3de6ea01f
phase3_locked_full_v1,exploratory,locked,locked_benchmark,credit_card_fraud,pure_mavs_gc,missing_features,0.6,shadow,2,2,56962,56962,2,f3083ec304bca2ccf1098b3a73c4260e14341546b366bb30edbd146a0c38cf84
phase3_locked_full_v1,exploratory,locked,locked_benchmark,credit_card_fraud,single_model,missing_features,0.8,primary,3,3,85443,0,3,3b861a5c7923c6f25a0507c7f36c2e3ac0a33b291f84f157cccb062935b0d6e4
phase3_locked_full_v1,exploratory,locked,locked_benchmark,credit_card_fraud,mean_ensemble,missing_features,0.8,primary,3,3,85443,0,3,e075789cb8c0a4bae2aa4ce1d786b10edf7a6223f974c392d40f77e0a0596724
phase3_locked_full_v1,exploratory,locked,locked_benchmark,credit_card_fraud,static_weighted_ensemble,missing_features,0.8,primary,3,3,85443,0,3,563c76511882d82c7b60a9d0b40cbb2fe489522a313631ccbb856899dabc5978
phase3_locked_full_v1,exploratory,locked,locked_benchmark,credit_card_fraud,veto_mavs,missing_features,0.8,primary,3,3,85443,85443,3,ab784d0d0af03780263255ffa4121b019bc9a4de9bf888e7dd59ab5371d98fde
phase3_locked_full_v1,exploratory,locked,locked_benchmark,credit_card_fraud,pure_mavs_gc,missing_features,0.8,primary,3,3,85443,85443,3,76e378afc933bce9aa4da0ed4e38791d628ef3892de4565132bff6acf6b8825b
phase3_locked_full_v1,exploratory,locked,locked_benchmark,credit_card_fraud,single_model,missing_features,0.8,shadow,2,2,56962,0,2,954d78d38eed332500cb3610cbfd06809aa0ac03f6ebc855e4ba865949c2a3b1
phase3_locked_full_v1,exploratory,locked,locked_benchmark,credit_card_fraud,mean_ensemble,missing_features,0.8,shadow,2,2,56962,0,2,0530d9318c1bc15c5c79a7bfb3c22c5a166a4f33e5e189696bf2aac54e6e48d1
phase3_locked_full_v1,exploratory,locked,locked_benchmark,credit_card_fraud,static_weighted_ensemble,missing_features,0.8,shadow,2,2,56962,0,2,76985fd0128b10d74ff47631cc65611329189127091aea5fecb0070884a1f704
phase3_locked_full_v1,exploratory,locked,locked_benchmark,credit_card_fraud,veto_mavs,missing_features,0.8,shadow,2,2,56962,56962,2,e43728d1ffbde1047b7a8bc3fb4904c4bab8cec195ba9ea87a622d1f897e167f
phase3_locked_full_v1,exploratory,locked,locked_benchmark,credit_card_fraud,pure_mavs_gc,missing_features,0.8,shadow,2,2,56962,56962,2,89683053a517e181ce617bebb20933142e01cc0669709dbdb18db069465918f7
phase3_locked_full_v1,exploratory,locked,locked_benchmark,credit_card_fraud,single_model,missing_features,1.0,primary,3,3,85443,0,3,27b84bcc1cf9c80c6589af9aaa6b462fd4ebacef9baef65b3bac2ce4e1362348
phase3_locked_full_v1,exploratory,locked,locked_benchmark,credit_card_fraud,mean_ensemble,missing_features,1.0,primary,3,3,85443,0,3,6a1224203d919a5f08d673814c291b0e480ebc01d1695adb90b4241b04a181ca
phase3_locked_full_v1,exploratory,locked,locked_benchmark,credit_card_fraud,static_weighted_ensemble,missing_features,1.0,primary,3,3,85443,0,3,1642107dd368e8adb712aeb2dacacb5931148f504f71465fb2eeea8337f635c5
phase3_locked_full_v1,exploratory,locked,locked_benchmark,credit_card_fraud,veto_mavs,missing_features,1.0,primary,3,3,85443,85443,3,bfbaed695b23b747377358fef8e6c52240f4a4f744eea589154a01e7ef848583
phase3_locked_full_v1,exploratory,locked,locked_benchmark,credit_card_fraud,pure_mavs_gc,missing_features,1.0,primary,3,3,85443,85443,3,86515600fe4faecb64d038581cbdfe3082e98dc91a932d40edc5b9c1aaecd69b
phase3_locked_full_v1,exploratory,locked,locked_benchmark,credit_card_fraud,single_model,missing_features,1.0,shadow,2,2,56962,0,2,19192ebc5f5ae462681c00fa41f14f19d309713aff6e28b08c373dca45bc03b7
phase3_locked_full_v1,exploratory,locked,locked_benchmark,credit_card_fraud,mean_ensemble,missing_features,1.0,shadow,2,2,56962,0,2,b8392409688a6cae8dd4160d955f2120758928e345dcb6da6554713e90a2e947
phase3_locked_full_v1,exploratory,locked,locked_benchmark,credit_card_fraud,static_weighted_ensemble,missing_features,1.0,shadow,2,2,56962,0,2,c8cb0a7035ca87480b63b4980604a120abb507b88b1da7d6498009d858ed51c5
phase3_locked_full_v1,exploratory,locked,locked_benchmark,credit_card_fraud,veto_mavs,missing_features,1.0,shadow,2,2,56962,56962,2,c4b40c8a0df28b91a79c326855febf8549c8abcf49fb532da7c05ec622adf53a
phase3_locked_full_v1,exploratory,locked,locked_benchmark,credit_card_fraud,pure_mavs_gc,missing_features,1.0,shadow,2,2,56962,56962,2,c9b7fc62624fd2edefe1832100ff21b167dac60ec94cb2caece6dfbd45145cdf
phase3_locked_full_v1,exploratory,locked,locked_benchmark,credit_card_fraud,single_model,random_feature_deletion,0.0,primary,3,3,85443,0,3,9120d21ed4f3fb26711a9bc9ef766c84a0037420c854acbf4ddf83c253e9c0de
phase3_locked_full_v1,exploratory,locked,locked_benchmark,credit_card_fraud,mean_ensemble,random_feature_deletion,0.0,primary,3,3,85443,0,3,7a29a76ed7ecab695365b033903fba070a85a943ee66998540e2f0ff4ad553fa
phase3_locked_full_v1,exploratory,locked,locked_benchmark,credit_card_fraud,static_weighted_ensemble,random_feature_deletion,0.0,primary,3,3,85443,0,3,a842a0c33b9d2f61ffc884ab408955539599f6f5c9f45b10853ba929cecf11cf
phase3_locked_full_v1,exploratory,locked,locked_benchmark,credit_card_fraud,veto_mavs,random_feature_deletion,0.0,primary,3,3,85443,85443,3,903755bfa7569bd1f55109d5c16be098e4d5ccf391474b042ef56c6db284ce72
phase3_locked_full_v1,exploratory,locked,locked_benchmark,credit_card_fraud,pure_mavs_gc,random_feature_deletion,0.0,primary,3,3,85443,85443,3,cf523eba1f214b0ce9fb4bac93575e99c514c0f3a3942e349bbdc46b3d213be2
phase3_locked_full_v1,exploratory,locked,locked_benchmark,credit_card_fraud,single_model,random_feature_deletion,0.0,shadow,2,2,56962,0,2,2ed4b3e431e65c871e990b89df1009abd6c5449d95e121b31b100e0731ff5a19
phase3_locked_full_v1,exploratory,locked,locked_benchmark,credit_card_fraud,mean_ensemble,random_feature_deletion,0.0,shadow,2,2,56962,0,2,e3275dfd0494f5d7d0bd3b7b8e056819b481f79f717eb6710c6dc9fb60494bc9
phase3_locked_full_v1,exploratory,locked,locked_benchmark,credit_card_fraud,static_weighted_ensemble,random_feature_deletion,0.0,shadow,2,2,56962,0,2,384ada6ba8bc2998c7d0e867abb1ae6df3c4688acc0a1bc6a81860d57c2630ba
phase3_locked_full_v1,exploratory,locked,locked_benchmark,credit_card_fraud,veto_mavs,random_feature_deletion,0.0,shadow,2,2,56962,56962,2,dccd67eaca414a6e9034cbbd81a5b4df7ab03a2c016aec611f9f2a851d677daf
phase3_locked_full_v1,exploratory,locked,locked_benchmark,credit_card_fraud,pure_mavs_gc,random_feature_deletion,0.0,shadow,2,2,56962,56962,2,98d8bef32c0b2e4b392789be22b2b6aca08c25d82f9d9a169bad9e97dc33f544
phase3_locked_full_v1,exploratory,locked,locked_benchmark,credit_card_fraud,single_model,random_feature_deletion,0.05,primary,3,3,85443,0,3,e2e66dba05e56ec8755d14896fde44128795119edfcba96d719b4a7ff2d2e4af
phase3_locked_full_v1,exploratory,locked,locked_benchmark,credit_card_fraud,mean_ensemble,random_feature_deletion,0.05,primary,3,3,85443,0,3,091900d17ea5b8ab0ed8c9ed713863e724771e550a8347e59ca977ba01bebdd7
phase3_locked_full_v1,exploratory,locked,locked_benchmark,credit_card_fraud,static_weighted_ensemble,random_feature_deletion,0.05,primary,3,3,85443,0,3,81aa5e7490d802fa434ffff50b21bfd5f311363e23012bf54f9406655008d478
phase3_locked_full_v1,exploratory,locked,locked_benchmark,credit_card_fraud,veto_mavs,random_feature_deletion,0.05,primary,3,3,85443,85443,3,5cdde3a657ed15e8a9d0b122a2fe5e3f0e25391e94bbe8c0420818de344a6879
phase3_locked_full_v1,exploratory,locked,locked_benchmark,credit_card_fraud,pure_mavs_gc,random_feature_deletion,0.05,primary,3,3,85443,85443,3,62cbacb708bc0febee68695cffe1a155781a17bc950608cd660fab10dab5e4e2
phase3_locked_full_v1,exploratory,locked,locked_benchmark,credit_card_fraud,single_model,random_feature_deletion,0.05,shadow,2,2,56962,0,2,408c1aef891e68da66f31e4972cdb59f88b71f559d4029af21270f2fb61bbae9
phase3_locked_full_v1,exploratory,locked,locked_benchmark,credit_card_fraud,mean_ensemble,random_feature_deletion,0.05,shadow,2,2,56962,0,2,9ea4724cefd842cd2dcd432244e2c2b85798d5f44f1a05280cabe724e3fe634a
phase3_locked_full_v1,exploratory,locked,locked_benchmark,credit_card_fraud,static_weighted_ensemble,random_feature_deletion,0.05,shadow,2,2,56962,0,2,b3bde89d51f6bf7682161adfc9ab1dab05493e3ece603d9808fb3d4a9d9f9bf9
phase3_locked_full_v1,exploratory,locked,locked_benchmark,credit_card_fraud,veto_mavs,random_feature_deletion,0.05,shadow,2,2,56962,56962,2,e83afae60fc9738ad2e1a9cbe02f5d3f9fb08551c0ef2cd2abb1659101e212aa
phase3_locked_full_v1,exploratory,locked,locked_benchmark,credit_card_fraud,pure_mavs_gc,random_feature_deletion,0.05,shadow,2,2,56962,56962,2,1b60dde3ea86e6042cc7280003e209fe7c678fdd4f8dc39e67bc89b415a71f34
phase3_locked_full_v1,exploratory,locked,locked_benchmark,credit_card_fraud,single_model,random_feature_deletion,0.1,primary,3,3,85443,0,3,a14c1c4befee799f98539f3258f554b9b23422f1bf6e64c64fe333ca3555975e
phase3_locked_full_v1,exploratory,locked,locked_benchmark,credit_card_fraud,mean_ensemble,random_feature_deletion,0.1,primary,3,3,85443,0,3,8cd019c69ce3d45ae9ece4cb905ef0e6b911dc9b96b5bc9262a22411a98de591
phase3_locked_full_v1,exploratory,locked,locked_benchmark,credit_card_fraud,static_weighted_ensemble,random_feature_deletion,0.1,primary,3,3,85443,0,3,a153a1cd98791f87f455dffe97867470798ee8d348c31416ce8cb408785989fc
phase3_locked_full_v1,exploratory,locked,locked_benchmark,credit_card_fraud,veto_mavs,random_feature_deletion,0.1,primary,3,3,85443,85443,3,834771ef20b01f10ba3c170dd15c407a9e7c2bd806b9dc2173b4678afe01b262
phase3_locked_full_v1,exploratory,locked,locked_benchmark,credit_card_fraud,pure_mavs_gc,random_feature_deletion,0.1,primary,3,3,85443,85443,3,b1f76dedc04bff452c47e48e31cfad48c7f216c3dae95e8f0b580f22956437d6
phase3_locked_full_v1,exploratory,locked,locked_benchmark,credit_card_fraud,single_model,random_feature_deletion,0.1,shadow,2,2,56962,0,2,58b3bce16bb662dd1d5f8d0a8eba9aa41648da72f1e074379c1c0efba9bba2a7
phase3_locked_full_v1,exploratory,locked,locked_benchmark,credit_card_fraud,mean_ensemble,random_feature_deletion,0.1,shadow,2,2,56962,0,2,43395f15fd27a8426b0f55e694e919782552e01aff78ac34b77674ecbec575d8
phase3_locked_full_v1,exploratory,locked,locked_benchmark,credit_card_fraud,static_weighted_ensemble,random_feature_deletion,0.1,shadow,2,2,56962,0,2,0840a36266bc1782d29283ad5cfb6f5507e8d1b0f9c90d25e61f924a9086e991
phase3_locked_full_v1,exploratory,locked,locked_benchmark,credit_card_fraud,veto_mavs,random_feature_deletion,0.1,shadow,2,2,56962,56962,2,755e01122637e6676a16616788ff51b2e131c09f369b18e5627af0cc17753375
phase3_locked_full_v1,exploratory,locked,locked_benchmark,credit_card_fraud,pure_mavs_gc,random_feature_deletion,0.1,shadow,2,2,56962,56962,2,7085b7463d2c492ae2952a9b32e7bfc21bc7431bf0d6e5fd1414eb7461eee42f
phase3_locked_full_v1,exploratory,locked,locked_benchmark,credit_card_fraud,single_model,random_feature_deletion,0.2,primary,3,3,85443,0,3,947616a2e142e396e0ad3f05a97644ec9aa5c7fc36ef717ddad4af3440c4bec2
phase3_locked_full_v1,exploratory,locked,locked_benchmark,credit_card_fraud,mean_ensemble,random_feature_deletion,0.2,primary,3,3,85443,0,3,7a58d18027e99ed3975b73110f5beca1f29be9c007f6865d0963ec9bd077354d
phase3_locked_full_v1,exploratory,locked,locked_benchmark,credit_card_fraud,static_weighted_ensemble,random_feature_deletion,0.2,primary,3,3,85443,0,3,ecee697ec456e84f941123de0c72bb2f20edf760217fdfb515d23a876305d678
phase3_locked_full_v1,exploratory,locked,locked_benchmark,credit_card_fraud,veto_mavs,random_feature_deletion,0.2,primary,3,3,85443,85443,3,b265566ef295b0b40ace091154dd29e72f0201bd91e736ed342c18ea52f23921
phase3_locked_full_v1,exploratory,locked,locked_benchmark,credit_card_fraud,pure_mavs_gc,random_feature_deletion,0.2,primary,3,3,85443,85443,3,41973319e4181b2bfa6f97895bffa7b8a9a51e1b510a47653a09d4fd7cebf237
phase3_locked_full_v1,exploratory,locked,locked_benchmark,credit_card_fraud,single_model,random_feature_deletion,0.2,shadow,2,2,56962,0,2,cb61cd0a4ef6bf8651ef395a5daa113653aebfc48c0e4a6781096a918f9b5afc
phase3_locked_full_v1,exploratory,locked,locked_benchmark,credit_card_fraud,mean_ensemble,random_feature_deletion,0.2,shadow,2,2,56962,0,2,fc68b9cfa7848c49393d580d86997b0ecad3f88b5e2aa108ac6d99250d6a98f0
phase3_locked_full_v1,exploratory,locked,locked_benchmark,credit_card_fraud,static_weighted_ensemble,random_feature_deletion,0.2,shadow,2,2,56962,0,2,f79ca5c47be9bf6ef663772449c81d912dd0e7f89edd4f51bfcd76ba348a3b8f
phase3_locked_full_v1,exploratory,locked,locked_benchmark,credit_card_fraud,veto_mavs,random_feature_deletion,0.2,shadow,2,2,56962,56962,2,d6480c9361fe8d5761fee22ec36adede25b80c90fd6a1aecaa4d4390404ba2e6
phase3_locked_full_v1,exploratory,locked,locked_benchmark,credit_card_fraud,pure_mavs_gc,random_feature_deletion,0.2,shadow,2,2,56962,56962,2,d4ccc6eb4429dc682afbbec3da82e30be025441df00cd2ff6bae3cb90c5f15b5
phase3_locked_full_v1,exploratory,locked,locked_benchmark,credit_card_fraud,single_model,random_feature_deletion,0.4,primary,3,3,85443,0,3,c85ad159c341174d0e78bff4f7ed0bc1eca93ef45df91916c7b550bfd91833e7
phase3_locked_full_v1,exploratory,locked,locked_benchmark,credit_card_fraud,mean_ensemble,random_feature_deletion,0.4,primary,3,3,85443,0,3,317976cc8df1bee5ad904050ecbf6d74fd509074586096aabfeffa79f3d1d777
phase3_locked_full_v1,exploratory,locked,locked_benchmark,credit_card_fraud,static_weighted_ensemble,random_feature_deletion,0.4,primary,3,3,85443,0,3,a6628d0f7dbf58a4f72e43f735fa34d81e4098251c3859a8fb96fdef3dfd03c3
phase3_locked_full_v1,exploratory,locked,locked_benchmark,credit_card_fraud,veto_mavs,random_feature_deletion,0.4,primary,3,3,85443,85443,3,edd8737ed90654fc38ae6e5871e515ffe587c2decbf9a6f6eb2c73c1647dec86
phase3_locked_full_v1,exploratory,locked,locked_benchmark,credit_card_fraud,pure_mavs_gc,random_feature_deletion,0.4,primary,3,3,85443,85443,3,5bbcc4586131922273de9e0e099c73a9be963f129431a214c700a094bcae7559
phase3_locked_full_v1,exploratory,locked,locked_benchmark,credit_card_fraud,single_model,random_feature_deletion,0.4,shadow,2,2,56962,0,2,b793279c942b39ce56a3d257d5d6e1a755a50dbbe62196692eec85a53abb4369
phase3_locked_full_v1,exploratory,locked,locked_benchmark,credit_card_fraud,mean_ensemble,random_feature_deletion,0.4,shadow,2,2,56962,0,2,8cf9d2ca4a666a381cb42c762b474fb9b53ea04c9a2b7f738dfb9ef00c497194
phase3_locked_full_v1,exploratory,locked,locked_benchmark,credit_card_fraud,static_weighted_ensemble,random_feature_deletion,0.4,shadow,2,2,56962,0,2,88cd848acaf67678b14c33ab2ad2707d8d4127ae5b1d5daa77503568ff01ccb3
phase3_locked_full_v1,exploratory,locked,locked_benchmark,credit_card_fraud,veto_mavs,random_feature_deletion,0.4,shadow,2,2,56962,56962,2,744a62bd7c68b13aef371e0c6869055dc06c0259ed2bd21a33a3ea4d3b6f7907
phase3_locked_full_v1,exploratory,locked,locked_benchmark,credit_card_fraud,pure_mavs_gc,random_feature_deletion,0.4,shadow,2,2,56962,56962,2,068b17c5270038b3030eb3ad9ea0ff7d13ba6b992acb3b42cc7a5fff2d598463
phase3_locked_full_v1,exploratory,locked,locked_benchmark,credit_card_fraud,single_model,random_feature_deletion,0.6,primary,3,3,85443,0,3,f1ae1f13d00fcaf8d1e3f4153e3ea21f385e21ed9c0869abdd1f34f041b75a28
phase3_locked_full_v1,exploratory,locked,locked_benchmark,credit_card_fraud,mean_ensemble,random_feature_deletion,0.6,primary,3,3,85443,0,3,8b5dad9c7eacdf8fc5826a13b6ebd0215795ef99f6a80539fce6d76d02844734
phase3_locked_full_v1,exploratory,locked,locked_benchmark,credit_card_fraud,static_weighted_ensemble,random_feature_deletion,0.6,primary,3,3,85443,0,3,4f5f3f8d96f184a5a54afdde116e1f870eb1172ffd10ee0c9cc38265d389592b
phase3_locked_full_v1,exploratory,locked,locked_benchmark,credit_card_fraud,veto_mavs,random_feature_deletion,0.6,primary,3,3,85443,85443,3,edf1c5a41a47e80ee5c0cdf622b38a26d478c818241c07482e1aea47eea3e9e3
phase3_locked_full_v1,exploratory,locked,locked_benchmark,credit_card_fraud,pure_mavs_gc,random_feature_deletion,0.6,primary,3,3,85443,85443,3,842b8de35ac31ba60f825fd4de90c03c2f8135fe234928d357a4f7e8a6fbc1e7
phase3_locked_full_v1,exploratory,locked,locked_benchmark,credit_card_fraud,single_model,random_feature_deletion,0.6,shadow,2,2,56962,0,2,518f9f84d279b5acc95af0af70046990c5e97ff373c315cd5d50b115e4c0c069
phase3_locked_full_v1,exploratory,locked,locked_benchmark,credit_card_fraud,mean_ensemble,random_feature_deletion,0.6,shadow,2,2,56962,0,2,4a09187a89e0afa0fcfd362df25ce997e46cb0a1ce7ae547db1782ea5e84518f
phase3_locked_full_v1,exploratory,locked,locked_benchmark,credit_card_fraud,static_weighted_ensemble,random_feature_deletion,0.6,shadow,2,2,56962,0,2,422efeff1b6e5ea1f306994e26785c4254fc109563eb3672a20d4584088137a4
phase3_locked_full_v1,exploratory,locked,locked_benchmark,credit_card_fraud,veto_mavs,random_feature_deletion,0.6,shadow,2,2,56962,56962,2,0d39b69feba3f649e860142176c7d50509fefea709e117c5cb6aaf35db197509
phase3_locked_full_v1,exploratory,locked,locked_benchmark,credit_card_fraud,pure_mavs_gc,random_feature_deletion,0.6,shadow,2,2,56962,56962,2,5e31b53b0dbde55c9ce188ab4351b73f13750917b6157913e364e3b19a43045a
phase3_locked_full_v1,exploratory,locked,locked_benchmark,credit_card_fraud,single_model,random_feature_deletion,0.8,primary,3,3,85443,0,3,ce1b261661148aab924ad19a6ffaae195168e8bd01cfbab04f9d2b4f75188584
phase3_locked_full_v1,exploratory,locked,locked_benchmark,credit_card_fraud,mean_ensemble,random_feature_deletion,0.8,primary,3,3,85443,0,3,7d05495bf573e8c0b6d0d56be2522f3a4d12fc41b18802fe33693ee503331cac
phase3_locked_full_v1,exploratory,locked,locked_benchmark,credit_card_fraud,static_weighted_ensemble,random_feature_deletion,0.8,primary,3,3,85443,0,3,525b3d544d75f93b7b268a50fb81b8ffc30be50106720608f3ac2f74b68452d4
phase3_locked_full_v1,exploratory,locked,locked_benchmark,credit_card_fraud,veto_mavs,random_feature_deletion,0.8,primary,3,3,85443,85443,3,12f500910d90e4202b68eddcf9899475bfc2647c19bad2c4b95e61962db6b8b2
phase3_locked_full_v1,exploratory,locked,locked_benchmark,credit_card_fraud,pure_mavs_gc,random_feature_deletion,0.8,primary,3,3,85443,85443,3,7c99c8aba13d63d6df969c497f71b75b40105841b567be8afbadd72a0cdd67c4
phase3_locked_full_v1,exploratory,locked,locked_benchmark,credit_card_fraud,single_model,random_feature_deletion,0.8,shadow,2,2,56962,0,2,edcff61a61afa6d4e07f235f77250ba9cce72397dc0ec909008359c93c8fdef6
phase3_locked_full_v1,exploratory,locked,locked_benchmark,credit_card_fraud,mean_ensemble,random_feature_deletion,0.8,shadow,2,2,56962,0,2,914e21caeb635856e8a3c157d8534b4b3158cdaeff65d67227b1a790dd2bb0fd
phase3_locked_full_v1,exploratory,locked,locked_benchmark,credit_card_fraud,static_weighted_ensemble,random_feature_deletion,0.8,shadow,2,2,56962,0,2,baf7729c21ea1f4abbcb644768ac446aa558e67531afa1a305131098e4e37c7e
phase3_locked_full_v1,exploratory,locked,locked_benchmark,credit_card_fraud,veto_mavs,random_feature_deletion,0.8,shadow,2,2,56962,56962,2,132ea202935f727dcaced9364ee9fee9d7cdf8ee81f400ed863f58f5a709541d
phase3_locked_full_v1,exploratory,locked,locked_benchmark,credit_card_fraud,pure_mavs_gc,random_feature_deletion,0.8,shadow,2,2,56962,56962,2,c988f4353abf2163ce4f0ca2338d3f895f09604f304899c32e60e8e41d782442
phase3_locked_full_v1,exploratory,locked,locked_benchmark,credit_card_fraud,single_model,random_feature_deletion,1.0,primary,3,3,85443,0,3,27c1e89dc4ae40576d7788701338f4386eb03e92b6b74e933cc5c75e62c077e1
phase3_locked_full_v1,exploratory,locked,locked_benchmark,credit_card_fraud,mean_ensemble,random_feature_deletion,1.0,primary,3,3,85443,0,3,4569930e5ffc689ad302ab2bedc2695740f5689be5e49852729e855944db0a1c
phase3_locked_full_v1,exploratory,locked,locked_benchmark,credit_card_fraud,static_weighted_ensemble,random_feature_deletion,1.0,primary,3,3,85443,0,3,d1723325eedf09369ee2f26af444b3c51c56b507b077ef6b6ca95a1dd2be0798
phase3_locked_full_v1,exploratory,locked,locked_benchmark,credit_card_fraud,veto_mavs,random_feature_deletion,1.0,primary,3,3,85443,85443,3,51c677ca3f372ee505dd41f81af2752cb82fc12ba961d8b6cba0546edc457386
phase3_locked_full_v1,exploratory,locked,locked_benchmark,credit_card_fraud,pure_mavs_gc,random_feature_deletion,1.0,primary,3,3,85443,85443,3,07981542557c1e33dccdd5015d3df7192b7843f93327fc7368114e1c3b8909d5
phase3_locked_full_v1,exploratory,locked,locked_benchmark,credit_card_fraud,single_model,random_feature_deletion,1.0,shadow,2,2,56962,0,2,e3cd7d48bfcd653b1c8ccf900e4e6ccdab182be55752d6f57896b98873168204
phase3_locked_full_v1,exploratory,locked,locked_benchmark,credit_card_fraud,mean_ensemble,random_feature_deletion,1.0,shadow,2,2,56962,0,2,5f51266d3552a10d657fae6bd55b19f57f95bad9c2df869ce03a4c346764a94b
phase3_locked_full_v1,exploratory,locked,locked_benchmark,credit_card_fraud,static_weighted_ensemble,random_feature_deletion,1.0,shadow,2,2,56962,0,2,0eefb25b14c0eacb5c733d4b4f2914de6cbfa39d068ba6e77ad1b7d49fe9bfce
phase3_locked_full_v1,exploratory,locked,locked_benchmark,credit_card_fraud,veto_mavs,random_feature_deletion,1.0,shadow,2,2,56962,56962,2,e5a0ccad5515c6f523016001fba162674fc7f41f78612bd0489c9c8036f5451b
phase3_locked_full_v1,exploratory,locked,locked_benchmark,credit_card_fraud,pure_mavs_gc,random_feature_deletion,1.0,shadow,2,2,56962,56962,2,3b48608ea906ad114753e4fecf30f351ab72bd259a9e34ad27f00dadc4bac9d5
phase3_locked_full_v1,exploratory,locked,locked_benchmark,credit_card_fraud,single_model,label_noise,0.0,primary,3,3,85443,0,3,6101d61624d5d1b803f12cf4251bb22ba5a26c9f1367b045e4fefd5fc4bd4346
phase3_locked_full_v1,exploratory,locked,locked_benchmark,credit_card_fraud,mean_ensemble,label_noise,0.0,primary,3,3,85443,0,3,9db55ff34fb047a66315adb27f1db7fc2ac731c88ed560dc6659c6def4340c38
phase3_locked_full_v1,exploratory,locked,locked_benchmark,credit_card_fraud,static_weighted_ensemble,label_noise,0.0,primary,3,3,85443,0,3,50058d1f142ca988e07728b409989f47103c271eff569003c862acf582eb3c25
phase3_locked_full_v1,exploratory,locked,locked_benchmark,credit_card_fraud,veto_mavs,label_noise,0.0,primary,3,3,85443,85443,3,934e5b1d4746b43cbc55d42cc0fa96e89d08aa4b7478ff4724a2c3b8ed5bdc65
phase3_locked_full_v1,exploratory,locked,locked_benchmark,credit_card_fraud,pure_mavs_gc,label_noise,0.0,primary,3,3,85443,85443,3,431fbd27da29f4b3c121ff3ce40f509d9a575b31c1c85da99723314db0079a9d
phase3_locked_full_v1,exploratory,locked,locked_benchmark,credit_card_fraud,single_model,label_noise,0.0,shadow,2,2,56962,0,2,4749a8ec682f2276bf34efea32623b709168496c5051310782dbbbaa19648d15
phase3_locked_full_v1,exploratory,locked,locked_benchmark,credit_card_fraud,mean_ensemble,label_noise,0.0,shadow,2,2,56962,0,2,2150ca1f00117ee4a2674276a7bafaffbcc3f68e4feefe94f8bbc94144f03537
phase3_locked_full_v1,exploratory,locked,locked_benchmark,credit_card_fraud,static_weighted_ensemble,label_noise,0.0,shadow,2,2,56962,0,2,5b23a3731f030a2fb3572cd06e207d534a29b251b46d668be84b1c912042970f
phase3_locked_full_v1,exploratory,locked,locked_benchmark,credit_card_fraud,veto_mavs,label_noise,0.0,shadow,2,2,56962,56962,2,602477cb9acdd37926bbd52a528ac07e43e1e24ff1e4d96633ae48740cd7e5b6
phase3_locked_full_v1,exploratory,locked,locked_benchmark,credit_card_fraud,pure_mavs_gc,label_noise,0.0,shadow,2,2,56962,56962,2,ad909602cfb0b878f9b2b4c6a62db1ac69b248691b4cf11d86c776de40277e2a
phase3_locked_full_v1,exploratory,locked,locked_benchmark,credit_card_fraud,single_model,label_noise,0.05,primary,3,3,85443,0,3,fc331a8586d48fc5c33ab8d97a154c398775a50a6cd38e74a65b9ddcdd0e3013
phase3_locked_full_v1,exploratory,locked,locked_benchmark,credit_card_fraud,mean_ensemble,label_noise,0.05,primary,3,3,85443,0,3,9b514925925b40e945c8dab7435c174884dda4e59ccbe418c4eff090ae29dc4b
phase3_locked_full_v1,exploratory,locked,locked_benchmark,credit_card_fraud,static_weighted_ensemble,label_noise,0.05,primary,3,3,85443,0,3,907682620864c140ffe7a23148ec0b9244e1159da9e95dc385a65b1cb584ac50
phase3_locked_full_v1,exploratory,locked,locked_benchmark,credit_card_fraud,veto_mavs,label_noise,0.05,primary,3,3,85443,85443,3,01414b613a1da83506297f7b002fd6ef8af9d3102cc40a63fb79ef720c4e25ed
phase3_locked_full_v1,exploratory,locked,locked_benchmark,credit_card_fraud,pure_mavs_gc,label_noise,0.05,primary,3,3,85443,85443,3,33d39013e772e2838df0109f5cbe9821df6caaf2c019ba98c5a38dfe164c09c4
phase3_locked_full_v1,exploratory,locked,locked_benchmark,credit_card_fraud,single_model,label_noise,0.05,shadow,2,2,56962,0,2,77c07c427253bd5d903046281a956ee6358803063c8417b9b10717f7c46639f1
phase3_locked_full_v1,exploratory,locked,locked_benchmark,credit_card_fraud,mean_ensemble,label_noise,0.05,shadow,2,2,56962,0,2,be6bd98a551bcbbad2e986052c821adf2dd8abf3b5e0c195ea285f893263a981
phase3_locked_full_v1,exploratory,locked,locked_benchmark,credit_card_fraud,static_weighted_ensemble,label_noise,0.05,shadow,2,2,56962,0,2,08671d22db19a36941365508ba4210841aa5ccca0cd11b357ab56c8e40ecbede
phase3_locked_full_v1,exploratory,locked,locked_benchmark,credit_card_fraud,veto_mavs,label_noise,0.05,shadow,2,2,56962,56962,2,16bc6a3282cde1eacf4dcd9913cc173051c1bd68346e39d16ffaaf4c04dbab0a
phase3_locked_full_v1,exploratory,locked,locked_benchmark,credit_card_fraud,pure_mavs_gc,label_noise,0.05,shadow,2,2,56962,56962,2,b25a8bbf2e2053be724800e6d7fd3ec849886bec1ab0b8ca7a6d7ab37d558079
phase3_locked_full_v1,exploratory,locked,locked_benchmark,credit_card_fraud,single_model,label_noise,0.1,primary,3,3,85443,0,3,6e5a25d4cd8d9dd1371ec52b73829ace1962bd27b85b2525d463d1c2277a3cae
phase3_locked_full_v1,exploratory,locked,locked_benchmark,credit_card_fraud,mean_ensemble,label_noise,0.1,primary,3,3,85443,0,3,04df97b63f08eb05856f0bf4f5092ab4955019e1bc771cc445d7f572dadea187
phase3_locked_full_v1,exploratory,locked,locked_benchmark,credit_card_fraud,static_weighted_ensemble,label_noise,0.1,primary,3,3,85443,0,3,6e0b08fa3dd7b80d8713defa6b1ee0977bad2b1158c9bddab70fa9dea9db3f28
phase3_locked_full_v1,exploratory,locked,locked_benchmark,credit_card_fraud,veto_mavs,label_noise,0.1,primary,3,3,85443,85443,3,c85151805da4b8a41db27e179e0aeabb5b935b271534fe456df61fd42b70ff22
phase3_locked_full_v1,exploratory,locked,locked_benchmark,credit_card_fraud,pure_mavs_gc,label_noise,0.1,primary,3,3,85443,85443,3,a7799071262105c3c186b2f7bd59ef3e65061c6fdc7df76adcae8effe322a71f
phase3_locked_full_v1,exploratory,locked,locked_benchmark,credit_card_fraud,single_model,label_noise,0.1,shadow,2,2,56962,0,2,23822b60bf2c6e7ee66583fb4448800cef3fa64df85e11181b7b3aafa17c58cf
phase3_locked_full_v1,exploratory,locked,locked_benchmark,credit_card_fraud,mean_ensemble,label_noise,0.1,shadow,2,2,56962,0,2,3b29640bd1d7e5359fb0f34423777eef571f5893854c025c48ca2d741b426139
phase3_locked_full_v1,exploratory,locked,locked_benchmark,credit_card_fraud,static_weighted_ensemble,label_noise,0.1,shadow,2,2,56962,0,2,8c0c5eb84f1ab59bff6b8f4308048708f729a8537ebcc6e52cac3777cd0eb4ae
phase3_locked_full_v1,exploratory,locked,locked_benchmark,credit_card_fraud,veto_mavs,label_noise,0.1,shadow,2,2,56962,56962,2,f76cc116882ef16f5e484e2a5c536b33d708ab32a1e6e38b019132c0733b1b66
phase3_locked_full_v1,exploratory,locked,locked_benchmark,credit_card_fraud,pure_mavs_gc,label_noise,0.1,shadow,2,2,56962,56962,2,34f4c42cf9f3e783ae152eb11d0788fd46d2225b62a929eacf855809b81737f0
phase3_locked_full_v1,exploratory,locked,locked_benchmark,credit_card_fraud,single_model,label_noise,0.2,primary,3,3,85443,0,3,bb4d42eef9961dfa4338996c110fea225eca068443da95ca6e3819433702e5ba
phase3_locked_full_v1,exploratory,locked,locked_benchmark,credit_card_fraud,mean_ensemble,label_noise,0.2,primary,3,3,85443,0,3,9e5880c6ba4a18d043d01bd3620908b36d1e8342cee8471380c612b41dbe336d
phase3_locked_full_v1,exploratory,locked,locked_benchmark,credit_card_fraud,static_weighted_ensemble,label_noise,0.2,primary,3,3,85443,0,3,779d565345f4e9f7aabb318a9c02cf4aabe9f5c163b2362fc1364ca2711810fd
phase3_locked_full_v1,exploratory,locked,locked_benchmark,credit_card_fraud,veto_mavs,label_noise,0.2,primary,3,3,85443,85443,3,4f7dcb48bb3cec72b147c508b895db8e98188fe80b4d6e9bc3c0a42bb59dfb0e
phase3_locked_full_v1,exploratory,locked,locked_benchmark,credit_card_fraud,pure_mavs_gc,label_noise,0.2,primary,3,3,85443,85443,3,582d4cadd33ee7bc273b52ab39e6f3268ece48d8f0c03afb120d49acee39303f
phase3_locked_full_v1,exploratory,locked,locked_benchmark,credit_card_fraud,single_model,label_noise,0.2,shadow,2,2,56962,0,2,2ab5667554578c93dd130f6558c04fb6e3b3cc20c3007851baafdb6b88431359
phase3_locked_full_v1,exploratory,locked,locked_benchmark,credit_card_fraud,mean_ensemble,label_noise,0.2,shadow,2,2,56962,0,2,68e5a4878d62e882830e9110107e22d3959d4450f17af6d097b58977944cb253
phase3_locked_full_v1,exploratory,locked,locked_benchmark,credit_card_fraud,static_weighted_ensemble,label_noise,0.2,shadow,2,2,56962,0,2,8f22ff58770eef827fbf7103ed8f11a5d122044149498c0a5f78c580a5a00eb5
phase3_locked_full_v1,exploratory,locked,locked_benchmark,credit_card_fraud,veto_mavs,label_noise,0.2,shadow,2,2,56962,56962,2,ea204992bd640e7c81c005806e9af0cba6cc4e175cca53e6c06ce4a3a4f732cb
phase3_locked_full_v1,exploratory,locked,locked_benchmark,credit_card_fraud,pure_mavs_gc,label_noise,0.2,shadow,2,2,56962,56962,2,97c8ab5012fd5768e546f072085c33a15341278dbd4858e42e93560b1a40d4fd
phase3_locked_full_v1,exploratory,locked,locked_benchmark,credit_card_fraud,single_model,label_noise,0.4,primary,3,3,85443,0,3,b18b1d9dd238e4b92a398eb193920965b46cb43bf1a1599c2f641fe26b7257c3
phase3_locked_full_v1,exploratory,locked,locked_benchmark,credit_card_fraud,mean_ensemble,label_noise,0.4,primary,3,3,85443,0,3,6d4fa9ce9d59760bec7486cb472973262045f6f43cad2e42786d7fcf13e0229c
phase3_locked_full_v1,exploratory,locked,locked_benchmark,credit_card_fraud,static_weighted_ensemble,label_noise,0.4,primary,3,3,85443,0,3,4bc7f82fd88f02e588b0dc1b9a0111ad0db6dd1b710c919dbd1cadf786689a3b
phase3_locked_full_v1,exploratory,locked,locked_benchmark,credit_card_fraud,veto_mavs,label_noise,0.4,primary,3,3,85443,85443,3,a9d87a8bc2da1d922e414dc7b2a5c8d24ec041af54570ed6bbd95c67b3fee793
phase3_locked_full_v1,exploratory,locked,locked_benchmark,credit_card_fraud,pure_mavs_gc,label_noise,0.4,primary,3,3,85443,85443,3,1a782749124f1ac92109ad39bddc09dac1bf021bc5bc7a2f60b7e05b0fe14083
phase3_locked_full_v1,exploratory,locked,locked_benchmark,credit_card_fraud,single_model,label_noise,0.4,shadow,2,2,56962,0,2,60cf2c306918581034c5a06f2456ba6650b502478c0a8baba9e44242d77d5c82
phase3_locked_full_v1,exploratory,locked,locked_benchmark,credit_card_fraud,mean_ensemble,label_noise,0.4,shadow,2,2,56962,0,2,70beab42a7126f4738d94ac2250a3cf7d79bc7045e291c1f9126af480a333531
phase3_locked_full_v1,exploratory,locked,locked_benchmark,credit_card_fraud,static_weighted_ensemble,label_noise,0.4,shadow,2,2,56962,0,2,a1a7c604af5a8328aee76a43f8ed94c674660e3cb4058220c93de8ad14b53f18
phase3_locked_full_v1,exploratory,locked,locked_benchmark,credit_card_fraud,veto_mavs,label_noise,0.4,shadow,2,2,56962,56962,2,9340df3cc323cb427d6193f66a455fc584f8893541d32fff8059e735981a9c62
phase3_locked_full_v1,exploratory,locked,locked_benchmark,credit_card_fraud,pure_mavs_gc,label_noise,0.4,shadow,2,2,56962,56962,2,2230f4c9f4b33e7eefc158e8b08ef8660ededd2d4b2b4139f183e0b8b710467e
phase3_locked_full_v1,exploratory,locked,locked_benchmark,credit_card_fraud,single_model,label_noise,0.6,primary,3,3,85443,0,3,b1c8c9285e69b0e8e8fe4d9c1887bcbb528552b8857f8bdd3822c47f01fc71e8
phase3_locked_full_v1,exploratory,locked,locked_benchmark,credit_card_fraud,mean_ensemble,label_noise,0.6,primary,3,3,85443,0,3,62d1a52d12149926d471f7501c3d58e835d6a179c6e8bbddf46ee370769b5367
phase3_locked_full_v1,exploratory,locked,locked_benchmark,credit_card_fraud,static_weighted_ensemble,label_noise,0.6,primary,3,3,85443,0,3,99ee9e7d14d8783fe26c8ddcc82075bdfb651a8f7c6b5089a044fab9b686a16d
phase3_locked_full_v1,exploratory,locked,locked_benchmark,credit_card_fraud,veto_mavs,label_noise,0.6,primary,3,3,85443,85443,3,92ec2e838088664c20c66e16e438f0f1805dcfd809ab913431c5f2c3cf6f1250
phase3_locked_full_v1,exploratory,locked,locked_benchmark,credit_card_fraud,pure_mavs_gc,label_noise,0.6,primary,3,3,85443,85443,3,4a87fd2bb43aa1dce4e931bad86e6e42f3cbf9ec10aad2a9159c1bd2baf82668
phase3_locked_full_v1,exploratory,locked,locked_benchmark,credit_card_fraud,single_model,label_noise,0.6,shadow,2,2,56962,0,2,9814768728bb2cedd2300d01abae900069db6679ab593103693b20f164614203
phase3_locked_full_v1,exploratory,locked,locked_benchmark,credit_card_fraud,mean_ensemble,label_noise,0.6,shadow,2,2,56962,0,2,601db24f1c15e362e68aaff87298a43d50edb73a12069299a36c028bc1a8baa7
phase3_locked_full_v1,exploratory,locked,locked_benchmark,credit_card_fraud,static_weighted_ensemble,label_noise,0.6,shadow,2,2,56962,0,2,2ec3c4ef258735d5d3dc880ab13903c85e2f04499967bd9dbeec09dd2cf4a2fc
phase3_locked_full_v1,exploratory,locked,locked_benchmark,credit_card_fraud,veto_mavs,label_noise,0.6,shadow,2,2,56962,56962,2,a37d112ed96810a26e6c62cc5fb4e02465118545210765ff03179a3b6e95d842
phase3_locked_full_v1,exploratory,locked,locked_benchmark,credit_card_fraud,pure_mavs_gc,label_noise,0.6,shadow,2,2,56962,56962,2,0018637cd51d56fc6cd65a990cb751ece8e52625c9d953323be8c0fc1ecde3a2
phase3_locked_full_v1,exploratory,locked,locked_benchmark,credit_card_fraud,single_model,label_noise,0.8,primary,3,3,85443,0,3,94cae5b47df4649bebbb3907c3560a2cc16416f9303dc40a9660e8e78110b013
phase3_locked_full_v1,exploratory,locked,locked_benchmark,credit_card_fraud,mean_ensemble,label_noise,0.8,primary,3,3,85443,0,3,bf05843a665ae5f92068f51db6e2c6d4cad7554c873d4d84b1c1b411b658de03
phase3_locked_full_v1,exploratory,locked,locked_benchmark,credit_card_fraud,static_weighted_ensemble,label_noise,0.8,primary,3,3,85443,0,3,f1c04e8434256ede9a296e6ba8b8ff1e006a807f1f35010f646e5297db230598
phase3_locked_full_v1,exploratory,locked,locked_benchmark,credit_card_fraud,veto_mavs,label_noise,0.8,primary,3,3,85443,85443,3,8342aadf48585241829b26bd9494254cc46fa5f3de931a27bb059055d91a39e8
phase3_locked_full_v1,exploratory,locked,locked_benchmark,credit_card_fraud,pure_mavs_gc,label_noise,0.8,primary,3,3,85443,85443,3,9e00482a751157274aac1c7a7c3990c594de67e8319ae973b0e8e07393ad3ccf
phase3_locked_full_v1,exploratory,locked,locked_benchmark,credit_card_fraud,single_model,label_noise,0.8,shadow,2,2,56962,0,2,42edde11f4b2a90a90134e3a60ebde8fdd802a938a08df1af22ad261120d4cb5
phase3_locked_full_v1,exploratory,locked,locked_benchmark,credit_card_fraud,mean_ensemble,label_noise,0.8,shadow,2,2,56962,0,2,92c50b80dbe5f332a82eac1b1331fc47b9cdef3b869fe24d55e868d5abd85003
phase3_locked_full_v1,exploratory,locked,locked_benchmark,credit_card_fraud,static_weighted_ensemble,label_noise,0.8,shadow,2,2,56962,0,2,e39977a8e5aa96564b1b2d8cf0161ffabd4910124b8a5042571277fb2900a8a7
phase3_locked_full_v1,exploratory,locked,locked_benchmark,credit_card_fraud,veto_mavs,label_noise,0.8,shadow,2,2,56962,56962,2,fb6a6a9ceec302a649c596174e5118dd765be3e8d94ffb2a3346eba09511bb80
phase3_locked_full_v1,exploratory,locked,locked_benchmark,credit_card_fraud,pure_mavs_gc,label_noise,0.8,shadow,2,2,56962,56962,2,2578177cadad10fb817cda2702ceac49734c2c4b8e94942fa12b6d8271fb3fd3
phase3_locked_full_v1,exploratory,locked,locked_benchmark,credit_card_fraud,single_model,label_noise,1.0,primary,3,3,85443,0,3,d777d8a46687a439b69fa30dddbe0b2ad99679465abfcd354345afff0b845026
phase3_locked_full_v1,exploratory,locked,locked_benchmark,credit_card_fraud,mean_ensemble,label_noise,1.0,primary,3,3,85443,0,3,fd20cf6443c99390279ebad1c83dd3f6d306146272d74918067e73e0fa931c74
phase3_locked_full_v1,exploratory,locked,locked_benchmark,credit_card_fraud,static_weighted_ensemble,label_noise,1.0,primary,3,3,85443,0,3,ccc80095cd63ca3e5ad2a115107b63d6e71a5da8c41b37519027b9a8b90c7faa
phase3_locked_full_v1,exploratory,locked,locked_benchmark,credit_card_fraud,veto_mavs,label_noise,1.0,primary,3,3,85443,85443,3,a94e1d14d824d64c9d907e8a848713fa594218dcbb9055ef0280239338097ece
phase3_locked_full_v1,exploratory,locked,locked_benchmark,credit_card_fraud,pure_mavs_gc,label_noise,1.0,primary,3,3,85443,85443,3,1b4068f914b1261731bc76b51060bb848b56eb708fa43088ac98281222926b34
phase3_locked_full_v1,exploratory,locked,locked_benchmark,credit_card_fraud,single_model,label_noise,1.0,shadow,2,2,56962,0,2,1db91fe06bdf771b1b3b087102acbc5b863321a09232cf41dc1022869e35c94d
phase3_locked_full_v1,exploratory,locked,locked_benchmark,credit_card_fraud,mean_ensemble,label_noise,1.0,shadow,2,2,56962,0,2,60ee6da8d38885db2d4a902d2d126670483b974d8c43361adb3d3a6c2ffba450
phase3_locked_full_v1,exploratory,locked,locked_benchmark,credit_card_fraud,static_weighted_ensemble,label_noise,1.0,shadow,2,2,56962,0,2,a628230829e9b8e88c8de9ed02eafe9f89244ece683cd93a304ad5ec70c5b00d
phase3_locked_full_v1,exploratory,locked,locked_benchmark,credit_card_fraud,veto_mavs,label_noise,1.0,shadow,2,2,56962,56962,2,b35410441b2f251936a6152f7b30e01283bcee65c9cbf2875c8c7f11b951051a
phase3_locked_full_v1,exploratory,locked,locked_benchmark,credit_card_fraud,pure_mavs_gc,label_noise,1.0,shadow,2,2,56962,56962,2,80948533ba602cd0e1a12eda67935961a2bdbb0545ad53c2b584d1d085ae38d3
phase3_locked_full_v1,exploratory,locked,locked_benchmark,credit_card_fraud,single_model,confidence_distortion,0.0,primary,3,3,85443,0,3,3e8b2b77769765e06fef1f2ed914377d6d51d552f6d971ed8b99879806452fa5
phase3_locked_full_v1,exploratory,locked,locked_benchmark,credit_card_fraud,mean_ensemble,confidence_distortion,0.0,primary,3,3,85443,0,3,a5806df0d4ab2563b031b9f9ded8b4d2c2825c6c44460f60845f1c10277db53e
phase3_locked_full_v1,exploratory,locked,locked_benchmark,credit_card_fraud,static_weighted_ensemble,confidence_distortion,0.0,primary,3,3,85443,0,3,eca5f8ac9625079aaeb3cf2f14665aa5ba7a538d0e375b7a1c6a865f3d93e478
phase3_locked_full_v1,exploratory,locked,locked_benchmark,credit_card_fraud,veto_mavs,confidence_distortion,0.0,primary,3,3,85443,85443,3,352fc06546cea9c85293f2591adaaf5594a8fe0f8dba448790ad783cb0619324
phase3_locked_full_v1,exploratory,locked,locked_benchmark,credit_card_fraud,pure_mavs_gc,confidence_distortion,0.0,primary,3,3,85443,85443,3,5c4274f063df3ac92deebb875708c8283956850c361363bb8c88291da41b4bed
phase3_locked_full_v1,exploratory,locked,locked_benchmark,credit_card_fraud,single_model,confidence_distortion,0.0,shadow,2,2,56962,0,2,7eefa5f0338be577ddd30c82d47c3833686b37b18070779b0009f9eac2a854a4
phase3_locked_full_v1,exploratory,locked,locked_benchmark,credit_card_fraud,mean_ensemble,confidence_distortion,0.0,shadow,2,2,56962,0,2,774addb0afe7653e52ba34fcd25948730692f9c9e517457578b52101dd47f311
phase3_locked_full_v1,exploratory,locked,locked_benchmark,credit_card_fraud,static_weighted_ensemble,confidence_distortion,0.0,shadow,2,2,56962,0,2,0b8f5b8dd3f513b1174c896917ca6ee04d70af36e9a0048fadb131c1e62c3184
phase3_locked_full_v1,exploratory,locked,locked_benchmark,credit_card_fraud,veto_mavs,confidence_distortion,0.0,shadow,2,2,56962,56962,2,fc95730ce11cddf683eca4db0be9e76423198390ba3ebcd0bc62366af2a8f125
phase3_locked_full_v1,exploratory,locked,locked_benchmark,credit_card_fraud,pure_mavs_gc,confidence_distortion,0.0,shadow,2,2,56962,56962,2,efecefca1d447f4a7569788de5e0ac2715ba96ff5dea4bd22abdd50cff0a827b
phase3_locked_full_v1,exploratory,locked,locked_benchmark,credit_card_fraud,single_model,confidence_distortion,0.05,primary,3,3,85443,0,3,5abd6bbab45a14488b620c7a7947dd4d74eb1d26b54789a17d45bdc476552eb4
phase3_locked_full_v1,exploratory,locked,locked_benchmark,credit_card_fraud,mean_ensemble,confidence_distortion,0.05,primary,3,3,85443,0,3,82038dad09faa1b6b66697e69a1a75d24a9af89a5d884dbff369ed7921bd8f4e
phase3_locked_full_v1,exploratory,locked,locked_benchmark,credit_card_fraud,static_weighted_ensemble,confidence_distortion,0.05,primary,3,3,85443,0,3,62e401b830f851106c1470d62087853c00e894aa26eccb4971e3d4f51a9f90c9
phase3_locked_full_v1,exploratory,locked,locked_benchmark,credit_card_fraud,veto_mavs,confidence_distortion,0.05,primary,3,3,85443,85443,3,63c658b6aa86955b2dc41458dceea36a11cffd312c8de7049fb4894c84f036d1
phase3_locked_full_v1,exploratory,locked,locked_benchmark,credit_card_fraud,pure_mavs_gc,confidence_distortion,0.05,primary,3,3,85443,85443,3,71c018accf6f15a29162c4f9dbc3e662b0b2c1f013c9baf0f5598505fa17775a
phase3_locked_full_v1,exploratory,locked,locked_benchmark,credit_card_fraud,single_model,confidence_distortion,0.05,shadow,2,2,56962,0,2,389a67f1899ca8c23857e93f4b2439827f66d871f712df9103d62d93a5f2a10f
phase3_locked_full_v1,exploratory,locked,locked_benchmark,credit_card_fraud,mean_ensemble,confidence_distortion,0.05,shadow,2,2,56962,0,2,a6651f1851fbbf1536112af0b17552d709443abceaf8a2df0a31e6096382186b
phase3_locked_full_v1,exploratory,locked,locked_benchmark,credit_card_fraud,static_weighted_ensemble,confidence_distortion,0.05,shadow,2,2,56962,0,2,edac7ce4ad3baf2cc4ff94b0a55c2cb07b5cb6f90a1ab85c5f53e40f55029c7f
phase3_locked_full_v1,exploratory,locked,locked_benchmark,credit_card_fraud,veto_mavs,confidence_distortion,0.05,shadow,2,2,56962,56962,2,bf1d5d67db659d89dcdeefebbdc73835babc26bb59cafa8287a5b960e523baf3
phase3_locked_full_v1,exploratory,locked,locked_benchmark,credit_card_fraud,pure_mavs_gc,confidence_distortion,0.05,shadow,2,2,56962,56962,2,81a5726befba79113f5ba67417e44c3abcc1012460b383e96f8612f3475205e9
phase3_locked_full_v1,exploratory,locked,locked_benchmark,credit_card_fraud,single_model,confidence_distortion,0.1,primary,3,3,85443,0,3,0e96b0fbfe590eee2561f6df448c993d9cbd2cbbcd8b197986f5d3e7b9b309aa
phase3_locked_full_v1,exploratory,locked,locked_benchmark,credit_card_fraud,mean_ensemble,confidence_distortion,0.1,primary,3,3,85443,0,3,3138b5b503a375a84ee18a8f6d8b3c00caed128b0a206d0e4b69d4c65262125d
phase3_locked_full_v1,exploratory,locked,locked_benchmark,credit_card_fraud,static_weighted_ensemble,confidence_distortion,0.1,primary,3,3,85443,0,3,715cf79a759ca813168d5c666a3b780db163e4da2b39d58da0bc0f5fea47a787
phase3_locked_full_v1,exploratory,locked,locked_benchmark,credit_card_fraud,veto_mavs,confidence_distortion,0.1,primary,3,3,85443,85443,3,968979f31a398ced5d3f9b6d5b740962ee398572be21a41c3326f02760558277
phase3_locked_full_v1,exploratory,locked,locked_benchmark,credit_card_fraud,pure_mavs_gc,confidence_distortion,0.1,primary,3,3,85443,85443,3,f6e69c15b28e9d5204794991c718776aa4632bdaf03e2942fdb3c98b91a14a57
phase3_locked_full_v1,exploratory,locked,locked_benchmark,credit_card_fraud,single_model,confidence_distortion,0.1,shadow,2,2,56962,0,2,c0fc177da141e7abf3b5f2e7f6c3ae5a161722971ab735bec2e1416d66a8b120
phase3_locked_full_v1,exploratory,locked,locked_benchmark,credit_card_fraud,mean_ensemble,confidence_distortion,0.1,shadow,2,2,56962,0,2,a3b9a44bb34d4b6c081efbba582cfb623d5f04fd547b01f745e2f18493d3a813
phase3_locked_full_v1,exploratory,locked,locked_benchmark,credit_card_fraud,static_weighted_ensemble,confidence_distortion,0.1,shadow,2,2,56962,0,2,855a122d7816c71c27d1add6adb96eba293cbfa060977774a11857cc89eb4b83
phase3_locked_full_v1,exploratory,locked,locked_benchmark,credit_card_fraud,veto_mavs,confidence_distortion,0.1,shadow,2,2,56962,56962,2,51c03653e369520597f7350f4921308df10c5533a470acd5b6962a8affa88a50
phase3_locked_full_v1,exploratory,locked,locked_benchmark,credit_card_fraud,pure_mavs_gc,confidence_distortion,0.1,shadow,2,2,56962,56962,2,e100b5103fdb95d319403d632361493d36b070741851c61beff9bf74be0cd810
phase3_locked_full_v1,exploratory,locked,locked_benchmark,credit_card_fraud,single_model,confidence_distortion,0.2,primary,3,3,85443,0,3,8e875608d27b5957c2ac18d0c6068c7c5276b77eff7e14f6b5f30b4f0afe0455
phase3_locked_full_v1,exploratory,locked,locked_benchmark,credit_card_fraud,mean_ensemble,confidence_distortion,0.2,primary,3,3,85443,0,3,00a5b34b4dcba001990837b56222d6abd709a4b67165d1c0150e930d6d35e01a
phase3_locked_full_v1,exploratory,locked,locked_benchmark,credit_card_fraud,static_weighted_ensemble,confidence_distortion,0.2,primary,3,3,85443,0,3,c984e7fa4ef6ba27230ab0497ca735be2c34fb882fd321a6135d016649792233
phase3_locked_full_v1,exploratory,locked,locked_benchmark,credit_card_fraud,veto_mavs,confidence_distortion,0.2,primary,3,3,85443,85443,3,6371017043233709f53cd60c798b42df5b6b7eff289e803c046ffa0a69dde572
phase3_locked_full_v1,exploratory,locked,locked_benchmark,credit_card_fraud,pure_mavs_gc,confidence_distortion,0.2,primary,3,3,85443,85443,3,dd0cfee4cd17a03d66eb75486d5737cf2eb04b141faadb52ede84569eedcbee4
phase3_locked_full_v1,exploratory,locked,locked_benchmark,credit_card_fraud,single_model,confidence_distortion,0.2,shadow,2,2,56962,0,2,57d38f7797fcd51b7cefa42c38b8a2cab4ec91f3cf806b3d282074ca53007879
phase3_locked_full_v1,exploratory,locked,locked_benchmark,credit_card_fraud,mean_ensemble,confidence_distortion,0.2,shadow,2,2,56962,0,2,6ac20f97c98c26dac2f58150daf297112b1e2cf97cd8ae8cc2dea6841553504a
phase3_locked_full_v1,exploratory,locked,locked_benchmark,credit_card_fraud,static_weighted_ensemble,confidence_distortion,0.2,shadow,2,2,56962,0,2,7908536e5b68e2b0e25998697358f6790a23b18c425be2a86134861370040a5d
phase3_locked_full_v1,exploratory,locked,locked_benchmark,credit_card_fraud,veto_mavs,confidence_distortion,0.2,shadow,2,2,56962,56962,2,aa533fbe2868ca5539d307df926900c7677c00918578a4608c397a7d24006257
phase3_locked_full_v1,exploratory,locked,locked_benchmark,credit_card_fraud,pure_mavs_gc,confidence_distortion,0.2,shadow,2,2,56962,56962,2,17c381ca195f363e94014cff4dec43c631ca3bece65f207a4f020d8c13c42b2c
phase3_locked_full_v1,exploratory,locked,locked_benchmark,credit_card_fraud,single_model,confidence_distortion,0.4,primary,3,3,85443,0,3,9dc143169e49b022222ab557c08e249c6a1fda458143fccbeb32b66b2d04e24c
phase3_locked_full_v1,exploratory,locked,locked_benchmark,credit_card_fraud,mean_ensemble,confidence_distortion,0.4,primary,3,3,85443,0,3,0ea9c2927c243582c413f4ecc31ee971852982ab1dbb8687a475179a25dc1df9
phase3_locked_full_v1,exploratory,locked,locked_benchmark,credit_card_fraud,static_weighted_ensemble,confidence_distortion,0.4,primary,3,3,85443,0,3,cbc8d986915d7b805138f75ebb26ca99ea99ca499d31c2925d9d7b7227a21a6f
phase3_locked_full_v1,exploratory,locked,locked_benchmark,credit_card_fraud,veto_mavs,confidence_distortion,0.4,primary,3,3,85443,85443,3,fc17572c3b0075ce520504ced4573a28d6f821e81e0f80f0dc5c178085e141cc
phase3_locked_full_v1,exploratory,locked,locked_benchmark,credit_card_fraud,pure_mavs_gc,confidence_distortion,0.4,primary,3,3,85443,85443,3,07878343f333bce8e245fdcc59f4f47b3eaf73534c4a2d64418b197ff7374145
phase3_locked_full_v1,exploratory,locked,locked_benchmark,credit_card_fraud,single_model,confidence_distortion,0.4,shadow,2,2,56962,0,2,cc9b44f867989e286bfb363b09e9a4e064a40519b08c60c3876ac477fa3e4c28
phase3_locked_full_v1,exploratory,locked,locked_benchmark,credit_card_fraud,mean_ensemble,confidence_distortion,0.4,shadow,2,2,56962,0,2,507878418e3bb5b1e7f231dfce9c6eb7f29639903a3545d3c5e40fa6adaf8c13
phase3_locked_full_v1,exploratory,locked,locked_benchmark,credit_card_fraud,static_weighted_ensemble,confidence_distortion,0.4,shadow,2,2,56962,0,2,aa5fd9b434a6dc4462d9c30e9f2e31884b6b12e9a7389229b327c54a77cc5cae
phase3_locked_full_v1,exploratory,locked,locked_benchmark,credit_card_fraud,veto_mavs,confidence_distortion,0.4,shadow,2,2,56962,56962,2,4ff04c82ee2e037897f316724c2fc5ac33a5af32ba6ceadbf0a4ab449570343a
phase3_locked_full_v1,exploratory,locked,locked_benchmark,credit_card_fraud,pure_mavs_gc,confidence_distortion,0.4,shadow,2,2,56962,56962,2,4a6329450eac5a2cb49a0fd3d8d0f714536a8f742d4eb0c73d2d951d5ee2359b
phase3_locked_full_v1,exploratory,locked,locked_benchmark,credit_card_fraud,single_model,confidence_distortion,0.6,primary,3,3,85443,0,3,38cf84dbef0f7e4d5d73ad2150a59727e9b3c7f3b10f02b1b760aeae14f04b77
phase3_locked_full_v1,exploratory,locked,locked_benchmark,credit_card_fraud,mean_ensemble,confidence_distortion,0.6,primary,3,3,85443,0,3,a7a5799e946bec917b3bc590a9cdfef938e48b7799d6bc411f339e0d4db1abda
phase3_locked_full_v1,exploratory,locked,locked_benchmark,credit_card_fraud,static_weighted_ensemble,confidence_distortion,0.6,primary,3,3,85443,0,3,e54b13129d04cd1cb84bff9b45f698bca9749c3973765a2222498ffc4bf546e7
phase3_locked_full_v1,exploratory,locked,locked_benchmark,credit_card_fraud,veto_mavs,confidence_distortion,0.6,primary,3,3,85443,85443,3,13ca977e3d9a17175c62e69e26b3eff26ab784847d940e085f558075ea02b4c7
phase3_locked_full_v1,exploratory,locked,locked_benchmark,credit_card_fraud,pure_mavs_gc,confidence_distortion,0.6,primary,3,3,85443,85443,3,1b3464b815a2a18be3a258cc1f041bf066424014aa84f81f9ac873b8516b5778
phase3_locked_full_v1,exploratory,locked,locked_benchmark,credit_card_fraud,single_model,confidence_distortion,0.6,shadow,2,2,56962,0,2,c687ac9cc77a695bbdcfc48e19ee5b456260c6b862be77c870fb9f8fe844852d
phase3_locked_full_v1,exploratory,locked,locked_benchmark,credit_card_fraud,mean_ensemble,confidence_distortion,0.6,shadow,2,2,56962,0,2,fcb94683b3e9f3308d030b4cdfb2a3e62bbf87301ac28d1049faff4d663ed29e
phase3_locked_full_v1,exploratory,locked,locked_benchmark,credit_card_fraud,static_weighted_ensemble,confidence_distortion,0.6,shadow,2,2,56962,0,2,c798b5801669b7812b8f9cbb8541765fdc3535a261997ceae68434c87504d488
phase3_locked_full_v1,exploratory,locked,locked_benchmark,credit_card_fraud,veto_mavs,confidence_distortion,0.6,shadow,2,2,56962,56962,2,4f4620733728aebbe6a7e8c90ac9bca1cb3f6f214bea1a2af0b2c217d1a4eb33
phase3_locked_full_v1,exploratory,locked,locked_benchmark,credit_card_fraud,pure_mavs_gc,confidence_distortion,0.6,shadow,2,2,56962,56962,2,891dbc2c3bc0ee7d37831821d77eb423f3c8f180bdd60d511628b5ebf687177c
phase3_locked_full_v1,exploratory,locked,locked_benchmark,credit_card_fraud,single_model,confidence_distortion,0.8,primary,3,3,85443,0,3,aaa3a31f4ded23c972c9fa501b364de5406b36cfae18f91a621f8ebcdc5ec6aa
phase3_locked_full_v1,exploratory,locked,locked_benchmark,credit_card_fraud,mean_ensemble,confidence_distortion,0.8,primary,3,3,85443,0,3,91f073ce3ff2227bf1601de86f62526b6720e231885040cbd41292a0065152cb
phase3_locked_full_v1,exploratory,locked,locked_benchmark,credit_card_fraud,static_weighted_ensemble,confidence_distortion,0.8,primary,3,3,85443,0,3,985151c4452e169a2bcdc9d12cbedd0114a1d67906b90ac8583ef3075981035e
phase3_locked_full_v1,exploratory,locked,locked_benchmark,credit_card_fraud,veto_mavs,confidence_distortion,0.8,primary,3,3,85443,85443,3,f7190bfe4658647390ef1579300d0c460d1c69137e0a67fd49ca34c48d5f1070
phase3_locked_full_v1,exploratory,locked,locked_benchmark,credit_card_fraud,pure_mavs_gc,confidence_distortion,0.8,primary,3,3,85443,85443,3,76b51cbee3a6317e97dc512bf269142d293a95360ec041eeef087bc13aeea269
phase3_locked_full_v1,exploratory,locked,locked_benchmark,credit_card_fraud,single_model,confidence_distortion,0.8,shadow,2,2,56962,0,2,dcf0afcbb8a3bac0c39a80c42b06b44c8b3b13e2e79c34036abc5b5812fab01e
phase3_locked_full_v1,exploratory,locked,locked_benchmark,credit_card_fraud,mean_ensemble,confidence_distortion,0.8,shadow,2,2,56962,0,2,71b7e9d15d865bab6bfa5f114967125f3c412cdc03c5bfda1178bea89b59885f
phase3_locked_full_v1,exploratory,locked,locked_benchmark,credit_card_fraud,static_weighted_ensemble,confidence_distortion,0.8,shadow,2,2,56962,0,2,c244feef74dd38b64d620ed9c9be19c5c5cf53c29463471fdaf93bf4ccba78e8
phase3_locked_full_v1,exploratory,locked,locked_benchmark,credit_card_fraud,veto_mavs,confidence_distortion,0.8,shadow,2,2,56962,56962,2,d341edc784604156ccbcf3145d9b5b4fa979f2166dd16a90f78bbf1760ed01d0
phase3_locked_full_v1,exploratory,locked,locked_benchmark,credit_card_fraud,pure_mavs_gc,confidence_distortion,0.8,shadow,2,2,56962,56962,2,a241674de0affd88f52385f1aa50939ae61f179fbc3c672d0a2d0476bc810b14
phase3_locked_full_v1,exploratory,locked,locked_benchmark,credit_card_fraud,single_model,confidence_distortion,1.0,primary,3,3,85443,0,3,691b55cdb951989c1035b4dd6db8dde3286b9b6eb2c1aa30c517344b9c2a640c
phase3_locked_full_v1,exploratory,locked,locked_benchmark,credit_card_fraud,mean_ensemble,confidence_distortion,1.0,primary,3,3,85443,0,3,4cfb8cb679c1b41a57c5fff48c71068461727cfe02c7857f2821e4124324b896
phase3_locked_full_v1,exploratory,locked,locked_benchmark,credit_card_fraud,static_weighted_ensemble,confidence_distortion,1.0,primary,3,3,85443,0,3,4da99e47d8c0ae26bd7de73dbb9547f10140d37413aca4a5a228d4848b4b2256
phase3_locked_full_v1,exploratory,locked,locked_benchmark,credit_card_fraud,veto_mavs,confidence_distortion,1.0,primary,3,3,85443,85443,3,af27c1b0cdbcd98765ba85fe4fc59f15dd338ec616b866101e83b78e2fde8cb5
phase3_locked_full_v1,exploratory,locked,locked_benchmark,credit_card_fraud,pure_mavs_gc,confidence_distortion,1.0,primary,3,3,85443,85443,3,a0d45046acd8817339ef845cd37fec0563b74d06ba4cedec9fa1bd3e4c830159
phase3_locked_full_v1,exploratory,locked,locked_benchmark,credit_card_fraud,single_model,confidence_distortion,1.0,shadow,2,2,56962,0,2,c3643b8a4e88df6fc4d4621409c51b02a6b7de472937edee4a56793c8405f26b
phase3_locked_full_v1,exploratory,locked,locked_benchmark,credit_card_fraud,mean_ensemble,confidence_distortion,1.0,shadow,2,2,56962,0,2,6be7a78d026c3936c5059af10707406dc602597f02af6f98c3036ed80bd3bfd1
phase3_locked_full_v1,exploratory,locked,locked_benchmark,credit_card_fraud,static_weighted_ensemble,confidence_distortion,1.0,shadow,2,2,56962,0,2,7dd1d2a1ca9256811462498c96f77a75bd59257b69ade5409fdf23d901324798
phase3_locked_full_v1,exploratory,locked,locked_benchmark,credit_card_fraud,veto_mavs,confidence_distortion,1.0,shadow,2,2,56962,56962,2,4e9490ec1c8e9de0aca04ab16f12b14532c1149bb4cc052c51d318f162fcfc61
phase3_locked_full_v1,exploratory,locked,locked_benchmark,credit_card_fraud,pure_mavs_gc,confidence_distortion,1.0,shadow,2,2,56962,56962,2,4a791624d5c3c84a2b369d2f6b81a4984c82ba47500fedd8fa58eb70ca3d38f5
phase3_locked_full_v1,exploratory,locked,locked_benchmark,credit_card_fraud,single_model,adversarial_confidence_inflation,0.0,primary,3,3,85443,0,3,bbc7df56cf7e1d6a26cef619dcacefd0b112ee1766bfd99db01ab1cd8f31f9aa
phase3_locked_full_v1,exploratory,locked,locked_benchmark,credit_card_fraud,mean_ensemble,adversarial_confidence_inflation,0.0,primary,3,3,85443,0,3,b5f81355ed99fafe1a1868ea7404d75936b0cfaea4a0d991e7455809f6122521
phase3_locked_full_v1,exploratory,locked,locked_benchmark,credit_card_fraud,static_weighted_ensemble,adversarial_confidence_inflation,0.0,primary,3,3,85443,0,3,74badf230160af1b844c67caf897716d9974e8ea77aeef76766190e201596479
phase3_locked_full_v1,exploratory,locked,locked_benchmark,credit_card_fraud,veto_mavs,adversarial_confidence_inflation,0.0,primary,3,3,85443,85443,3,def9a834bd04535663440ab056fab7050ba38c188df3a5de1584c8a6294b0d7d
phase3_locked_full_v1,exploratory,locked,locked_benchmark,credit_card_fraud,pure_mavs_gc,adversarial_confidence_inflation,0.0,primary,3,3,85443,85443,3,8141a2fd8ff9cf560088536732641a62a6b3725b8bda1da10f4986897e14d0d9
phase3_locked_full_v1,exploratory,locked,locked_benchmark,credit_card_fraud,single_model,adversarial_confidence_inflation,0.0,shadow,2,2,56962,0,2,9672e99ef4c64cb6147c7f22047c6653bcbf371380b26a869de8cd0eab3834b2
phase3_locked_full_v1,exploratory,locked,locked_benchmark,credit_card_fraud,mean_ensemble,adversarial_confidence_inflation,0.0,shadow,2,2,56962,0,2,20b7091bf3ef3e8198a123df88ce5cfd5fa649294efba5caa010f642b8271bd6
phase3_locked_full_v1,exploratory,locked,locked_benchmark,credit_card_fraud,static_weighted_ensemble,adversarial_confidence_inflation,0.0,shadow,2,2,56962,0,2,76e8db2620a296a5965ce94265a78b2e2aa526b0e983a844948b4e43fc5c25cf
phase3_locked_full_v1,exploratory,locked,locked_benchmark,credit_card_fraud,veto_mavs,adversarial_confidence_inflation,0.0,shadow,2,2,56962,56962,2,9ee97b87b5e204e4676a45ec726b5f46b3701b083b45ab061ce02f39541cc8cf
phase3_locked_full_v1,exploratory,locked,locked_benchmark,credit_card_fraud,pure_mavs_gc,adversarial_confidence_inflation,0.0,shadow,2,2,56962,56962,2,19a01b3ce3dafd3a33851cb6a5818c5f5afb90f61a9c7eb6fb09d90e9a4b6057
phase3_locked_full_v1,exploratory,locked,locked_benchmark,credit_card_fraud,single_model,adversarial_confidence_inflation,0.05,primary,3,3,85443,0,3,84c95439580a63b5bf77df69fcd621c9dea528eb4d506b41c109dadb0da94dcb
phase3_locked_full_v1,exploratory,locked,locked_benchmark,credit_card_fraud,mean_ensemble,adversarial_confidence_inflation,0.05,primary,3,3,85443,0,3,e405d98231adda7fc6ea8ea7fc88ee9fccf1eaf74ea781dab8c371227f42557c
phase3_locked_full_v1,exploratory,locked,locked_benchmark,credit_card_fraud,static_weighted_ensemble,adversarial_confidence_inflation,0.05,primary,3,3,85443,0,3,6e7e48cfc7a02a6c223779da10cee0985686ccd1c39bb655555f1e15d12b2689
phase3_locked_full_v1,exploratory,locked,locked_benchmark,credit_card_fraud,veto_mavs,adversarial_confidence_inflation,0.05,primary,3,3,85443,85443,3,1b90c53d3ea7cf8ec0de6792ad26adb9a4ab581778aa1e890e714b9e02a55537
phase3_locked_full_v1,exploratory,locked,locked_benchmark,credit_card_fraud,pure_mavs_gc,adversarial_confidence_inflation,0.05,primary,3,3,85443,85443,3,707035d9db69800380160e8675ac456b7a6542f1ff652fec4198eb1cfc0cf280
phase3_locked_full_v1,exploratory,locked,locked_benchmark,credit_card_fraud,single_model,adversarial_confidence_inflation,0.05,shadow,2,2,56962,0,2,8f38b33bd5a472b42d183db2ff92984b67a82e6ffbe36d6c82246a41139460e6
phase3_locked_full_v1,exploratory,locked,locked_benchmark,credit_card_fraud,mean_ensemble,adversarial_confidence_inflation,0.05,shadow,2,2,56962,0,2,4369d914bd22dd1d55a675785c99428fd1e5f9e8c645f64178fe488523765d4c
phase3_locked_full_v1,exploratory,locked,locked_benchmark,credit_card_fraud,static_weighted_ensemble,adversarial_confidence_inflation,0.05,shadow,2,2,56962,0,2,5399e115ef6ba2b124ffab6ad73ae29a1c205b322d16fdcfac9e147cf7ce6afe
phase3_locked_full_v1,exploratory,locked,locked_benchmark,credit_card_fraud,veto_mavs,adversarial_confidence_inflation,0.05,shadow,2,2,56962,56962,2,995d88013ea598e7aab9abfa4986f06609e0ec5082d2ac9b63e42a402dd96e1c
phase3_locked_full_v1,exploratory,locked,locked_benchmark,credit_card_fraud,pure_mavs_gc,adversarial_confidence_inflation,0.05,shadow,2,2,56962,56962,2,a7b4d3286b5ca0428fc8f032da032c38592e8cc60b3b62a9f2adb3292aa5e961
phase3_locked_full_v1,exploratory,locked,locked_benchmark,credit_card_fraud,single_model,adversarial_confidence_inflation,0.1,primary,3,3,85443,0,3,57b5752a59285bd14de5f3979e185f48ef5a7e4b0f3e1c38c774bc46473ac44d
phase3_locked_full_v1,exploratory,locked,locked_benchmark,credit_card_fraud,mean_ensemble,adversarial_confidence_inflation,0.1,primary,3,3,85443,0,3,e1d33c8f177f9a42e9a999907f138a789cfa399179471657773ba99ceac765e6
phase3_locked_full_v1,exploratory,locked,locked_benchmark,credit_card_fraud,static_weighted_ensemble,adversarial_confidence_inflation,0.1,primary,3,3,85443,0,3,bbb36cfd639800d75ae5f20f65a7b57566c050ffde82fc8cac4ac484536f985b
phase3_locked_full_v1,exploratory,locked,locked_benchmark,credit_card_fraud,veto_mavs,adversarial_confidence_inflation,0.1,primary,3,3,85443,85443,3,6f2b55917f3d8fc5c16227d972e1871f15740d0829f2137fc382d56dc2be7dc9
phase3_locked_full_v1,exploratory,locked,locked_benchmark,credit_card_fraud,pure_mavs_gc,adversarial_confidence_inflation,0.1,primary,3,3,85443,85443,3,13d4552d1087e4e555c91859057b72bb87d7a68e1a484f489d84451bfeaabe85
phase3_locked_full_v1,exploratory,locked,locked_benchmark,credit_card_fraud,single_model,adversarial_confidence_inflation,0.1,shadow,2,2,56962,0,2,0c32bfe78128d478042720f7e174a1eb900487036e19f07a389ca8e9b3b21909
phase3_locked_full_v1,exploratory,locked,locked_benchmark,credit_card_fraud,mean_ensemble,adversarial_confidence_inflation,0.1,shadow,2,2,56962,0,2,a0a1f020a42c44933e95bb15d7257aadd0d21f3a3a4342ef011bc1ab8ba28896
phase3_locked_full_v1,exploratory,locked,locked_benchmark,credit_card_fraud,static_weighted_ensemble,adversarial_confidence_inflation,0.1,shadow,2,2,56962,0,2,d84b09251b6874da4ef48471457036fa602a989afd99f263faa500f8dd84b0c0
phase3_locked_full_v1,exploratory,locked,locked_benchmark,credit_card_fraud,veto_mavs,adversarial_confidence_inflation,0.1,shadow,2,2,56962,56962,2,fc4422e81bf618ecd7053c8ec11c6edb0a9803b4f8de326e2d57c0685c8eb94d
phase3_locked_full_v1,exploratory,locked,locked_benchmark,credit_card_fraud,pure_mavs_gc,adversarial_confidence_inflation,0.1,shadow,2,2,56962,56962,2,63d843b62d74cb23feb620d6147f72520f6dd268fb9dac063ead0221406243fb
phase3_locked_full_v1,exploratory,locked,locked_benchmark,credit_card_fraud,single_model,adversarial_confidence_inflation,0.2,primary,3,3,85443,0,3,8391face60899f73b4625bba200fd0ea3d08d64abc9256380668830f57bc4a05
phase3_locked_full_v1,exploratory,locked,locked_benchmark,credit_card_fraud,mean_ensemble,adversarial_confidence_inflation,0.2,primary,3,3,85443,0,3,0c98a489935c96f00f4ccd6f0be7f8ac6b0296edf2cc20951aa140f179dda914
phase3_locked_full_v1,exploratory,locked,locked_benchmark,credit_card_fraud,static_weighted_ensemble,adversarial_confidence_inflation,0.2,primary,3,3,85443,0,3,7d9ae8f50dcf7222c46783456bfa55cda9c7b11dc468dbd69445b7f69e51a937
phase3_locked_full_v1,exploratory,locked,locked_benchmark,credit_card_fraud,veto_mavs,adversarial_confidence_inflation,0.2,primary,3,3,85443,85443,3,4becdb335f297324e5003ae8013d31abb23cd5f540db747f7f9e556c1b71acc0
phase3_locked_full_v1,exploratory,locked,locked_benchmark,credit_card_fraud,pure_mavs_gc,adversarial_confidence_inflation,0.2,primary,3,3,85443,85443,3,270cfb61e67fecbf746be1aa54b57b14b4725abc81d3b7f0171a7162fbb8292c
phase3_locked_full_v1,exploratory,locked,locked_benchmark,credit_card_fraud,single_model,adversarial_confidence_inflation,0.2,shadow,2,2,56962,0,2,7b55142f6fe1f84b0e3470c63cfdb873797634cb04b44346ff9de3c81a4d80d9
phase3_locked_full_v1,exploratory,locked,locked_benchmark,credit_card_fraud,mean_ensemble,adversarial_confidence_inflation,0.2,shadow,2,2,56962,0,2,cc7f2dbb4a0081626dd0e87cc888467f5838a7e6da31f4d2a97fb62e3e019996
phase3_locked_full_v1,exploratory,locked,locked_benchmark,credit_card_fraud,static_weighted_ensemble,adversarial_confidence_inflation,0.2,shadow,2,2,56962,0,2,36bfef0f1453fe1d1a9c098518e1773f7e3ccf61c87e2990f8ce3a076161702d
phase3_locked_full_v1,exploratory,locked,locked_benchmark,credit_card_fraud,veto_mavs,adversarial_confidence_inflation,0.2,shadow,2,2,56962,56962,2,1d21f4fffa36aff176afdd653e0473f10f3ee17912d3d9965512fa1078d38e29
phase3_locked_full_v1,exploratory,locked,locked_benchmark,credit_card_fraud,pure_mavs_gc,adversarial_confidence_inflation,0.2,shadow,2,2,56962,56962,2,30bce59386a7948152ec64b541ce90a7f43a903fef1150cad1238809608c116b
phase3_locked_full_v1,exploratory,locked,locked_benchmark,credit_card_fraud,single_model,adversarial_confidence_inflation,0.4,primary,3,3,85443,0,3,abef6ce3da6fbfc3f667a0d4196601c97a2f6d669bd51819422207b6ae732ee3
phase3_locked_full_v1,exploratory,locked,locked_benchmark,credit_card_fraud,mean_ensemble,adversarial_confidence_inflation,0.4,primary,3,3,85443,0,3,e1b6650ae4421f2572757bd79a06e2489c9bc52ce064281a6cbd5a898173f123
phase3_locked_full_v1,exploratory,locked,locked_benchmark,credit_card_fraud,static_weighted_ensemble,adversarial_confidence_inflation,0.4,primary,3,3,85443,0,3,75276fcac0270b220433e75d79de406f902f1c55e7a814d1b715a842bc76fb95
phase3_locked_full_v1,exploratory,locked,locked_benchmark,credit_card_fraud,veto_mavs,adversarial_confidence_inflation,0.4,primary,3,3,85443,85443,3,65166fe8736fba6aedd83e64b43e69171d4e59f849846b14a42536d5ff96084f
phase3_locked_full_v1,exploratory,locked,locked_benchmark,credit_card_fraud,pure_mavs_gc,adversarial_confidence_inflation,0.4,primary,3,3,85443,85443,3,a9d960f7538d7c973a3f59952a8112e741ed8a5113c43e6165ca206660e44508
phase3_locked_full_v1,exploratory,locked,locked_benchmark,credit_card_fraud,single_model,adversarial_confidence_inflation,0.4,shadow,2,2,56962,0,2,7a79085917861583395d916249b41d24bb419abc7c149b023772007346e54404
phase3_locked_full_v1,exploratory,locked,locked_benchmark,credit_card_fraud,mean_ensemble,adversarial_confidence_inflation,0.4,shadow,2,2,56962,0,2,501b3a7134fe7a19b02263c693269b58c7d9b8a9ab7f7327ab7469041df25786
phase3_locked_full_v1,exploratory,locked,locked_benchmark,credit_card_fraud,static_weighted_ensemble,adversarial_confidence_inflation,0.4,shadow,2,2,56962,0,2,1acf093f0aef2b6dbd33d263601c0e6518bf3264ec88c926a01cc5fca55dd579
phase3_locked_full_v1,exploratory,locked,locked_benchmark,credit_card_fraud,veto_mavs,adversarial_confidence_inflation,0.4,shadow,2,2,56962,56962,2,fc614f74d4356a707741b2d7a15e3c66e92ddd77699659dc4edc6deeb3674045
phase3_locked_full_v1,exploratory,locked,locked_benchmark,credit_card_fraud,pure_mavs_gc,adversarial_confidence_inflation,0.4,shadow,2,2,56962,56962,2,fe70e2bbcf15175b0f5c647dbafe26c3c9fc455835ea8cce2f7e7d8c151be79a
phase3_locked_full_v1,exploratory,locked,locked_benchmark,credit_card_fraud,single_model,adversarial_confidence_inflation,0.6,primary,3,3,85443,0,3,3a37a69b8c5ec695c06daf61c46ba5ba26476ba1318ce546d8e56e804111fcb4
phase3_locked_full_v1,exploratory,locked,locked_benchmark,credit_card_fraud,mean_ensemble,adversarial_confidence_inflation,0.6,primary,3,3,85443,0,3,b9bcca7b243750f9148cfd2f50e1289b10a80e2dfbebbda84db9ea431485d8d0
phase3_locked_full_v1,exploratory,locked,locked_benchmark,credit_card_fraud,static_weighted_ensemble,adversarial_confidence_inflation,0.6,primary,3,3,85443,0,3,62b4563a44a316ff1a5086c467ff52b45c6a1a0df05d113818c91d4e9eff3456
phase3_locked_full_v1,exploratory,locked,locked_benchmark,credit_card_fraud,veto_mavs,adversarial_confidence_inflation,0.6,primary,3,3,85443,85443,3,1efb3d187e8eff10b3b7f105b84025958c10e3ecab631b1ead9e7651bed58d43
phase3_locked_full_v1,exploratory,locked,locked_benchmark,credit_card_fraud,pure_mavs_gc,adversarial_confidence_inflation,0.6,primary,3,3,85443,85443,3,b7665e85edf9fcd71931f453be066000962f0dca61551e9c5e5fa15233a5b0da
phase3_locked_full_v1,exploratory,locked,locked_benchmark,credit_card_fraud,single_model,adversarial_confidence_inflation,0.6,shadow,2,2,56962,0,2,6e35bd448cf246f4d1edbe5203432bc754a645b8f36b4cb6dfb01bc8bd4916c9
phase3_locked_full_v1,exploratory,locked,locked_benchmark,credit_card_fraud,mean_ensemble,adversarial_confidence_inflation,0.6,shadow,2,2,56962,0,2,13b6bf38521a297f1e298b1601782faec841ce0a239bc9939390111902b5484a
phase3_locked_full_v1,exploratory,locked,locked_benchmark,credit_card_fraud,static_weighted_ensemble,adversarial_confidence_inflation,0.6,shadow,2,2,56962,0,2,307060f9a930744ff720baa7e949d33a3f069679f36be2a328b5791618c9cd3a
phase3_locked_full_v1,exploratory,locked,locked_benchmark,credit_card_fraud,veto_mavs,adversarial_confidence_inflation,0.6,shadow,2,2,56962,56962,2,a4db187be7e6d8c6ab467230e4ab189716390d1368b5ce401a5d64581dd72007
phase3_locked_full_v1,exploratory,locked,locked_benchmark,credit_card_fraud,pure_mavs_gc,adversarial_confidence_inflation,0.6,shadow,2,2,56962,56962,2,f567a1e13d7c1482961555b76a06b75969ef7bc5f4ae90a77877d8d73057d063
phase3_locked_full_v1,exploratory,locked,locked_benchmark,credit_card_fraud,single_model,adversarial_confidence_inflation,0.8,primary,3,3,85443,0,3,649d3dbee5668dfe9eed3f7fc6052cfa6f86ffbd44d01dd1f88c56bf574eb4de
phase3_locked_full_v1,exploratory,locked,locked_benchmark,credit_card_fraud,mean_ensemble,adversarial_confidence_inflation,0.8,primary,3,3,85443,0,3,416eedced44214c940670e22064b114a6df0086ce2148e351285fa8a2d8bf786
phase3_locked_full_v1,exploratory,locked,locked_benchmark,credit_card_fraud,static_weighted_ensemble,adversarial_confidence_inflation,0.8,primary,3,3,85443,0,3,407517e76295c4a83dc09337172333f0d5882fec3796c19cc507e63287c9fc29
phase3_locked_full_v1,exploratory,locked,locked_benchmark,credit_card_fraud,veto_mavs,adversarial_confidence_inflation,0.8,primary,3,3,85443,85443,3,928c8f385a34c1974e347174ea5d3f6e404e680a35223336cbd166657f22f635
phase3_locked_full_v1,exploratory,locked,locked_benchmark,credit_card_fraud,pure_mavs_gc,adversarial_confidence_inflation,0.8,primary,3,3,85443,85443,3,401d48901fc0c67fe77ba36b69796ca84c8396906b7ecf931315957277c28a55
phase3_locked_full_v1,exploratory,locked,locked_benchmark,credit_card_fraud,single_model,adversarial_confidence_inflation,0.8,shadow,2,2,56962,0,2,8b97da522363d904b75b1ffed626a6c4ee9b85d4dd03c4c3061fc3be40776b80
phase3_locked_full_v1,exploratory,locked,locked_benchmark,credit_card_fraud,mean_ensemble,adversarial_confidence_inflation,0.8,shadow,2,2,56962,0,2,375384e99b4955ce215262005a3ee9d830aed94bb57e524f4ca7281309c46efd
phase3_locked_full_v1,exploratory,locked,locked_benchmark,credit_card_fraud,static_weighted_ensemble,adversarial_confidence_inflation,0.8,shadow,2,2,56962,0,2,bfc3b58f2d6f91355a5fb602cdd93d97b6093dbc609028aa083c8b9d1ed4133d
phase3_locked_full_v1,exploratory,locked,locked_benchmark,credit_card_fraud,veto_mavs,adversarial_confidence_inflation,0.8,shadow,2,2,56962,56962,2,8c95c83a09212277eff55e56d852bc3435a62719cfaad60d3690882eda872b04
phase3_locked_full_v1,exploratory,locked,locked_benchmark,credit_card_fraud,pure_mavs_gc,adversarial_confidence_inflation,0.8,shadow,2,2,56962,56962,2,2c53d81868d8fd1310406fe423aea9647da9615d26f24638e061b13bc8068f5b
phase3_locked_full_v1,exploratory,locked,locked_benchmark,credit_card_fraud,single_model,adversarial_confidence_inflation,1.0,primary,3,3,85443,0,3,334a4f42cd866f80424895bdd5f3013a7f520f537af6166ed1a468cf3f2b7283
phase3_locked_full_v1,exploratory,locked,locked_benchmark,credit_card_fraud,mean_ensemble,adversarial_confidence_inflation,1.0,primary,3,3,85443,0,3,92dcd7a467559fa02371cef22158c6991ee4825e53c0945faf5ec83332a41989
phase3_locked_full_v1,exploratory,locked,locked_benchmark,credit_card_fraud,static_weighted_ensemble,adversarial_confidence_inflation,1.0,primary,3,3,85443,0,3,d0700ba5b9f1bfbdbb301b808bd452f8d6285eac1ae1cd9abd0112bc808f0e4f
phase3_locked_full_v1,exploratory,locked,locked_benchmark,credit_card_fraud,veto_mavs,adversarial_confidence_inflation,1.0,primary,3,3,85443,85443,3,4d73e1d40562f21c9284b2a429f758308b4a98d9057108c6110e69ed169dfd65
phase3_locked_full_v1,exploratory,locked,locked_benchmark,credit_card_fraud,pure_mavs_gc,adversarial_confidence_inflation,1.0,primary,3,3,85443,85443,3,57d32c6ebf30c58ded888e059a6797a462482f100d602e2e3979d36a7ddee375
phase3_locked_full_v1,exploratory,locked,locked_benchmark,credit_card_fraud,single_model,adversarial_confidence_inflation,1.0,shadow,2,2,56962,0,2,8fd286d8eff2a27eb371f67dc183d244581d6eb1a48a85f07b369bb8cff1de44
phase3_locked_full_v1,exploratory,locked,locked_benchmark,credit_card_fraud,mean_ensemble,adversarial_confidence_inflation,1.0,shadow,2,2,56962,0,2,1c2e93b698d72b5550b9cf46655a57ff7c657102c3603d4001c46be6e80c6dec
phase3_locked_full_v1,exploratory,locked,locked_benchmark,credit_card_fraud,static_weighted_ensemble,adversarial_confidence_inflation,1.0,shadow,2,2,56962,0,2,e4b97b33377183c59d0b002e92740757064b9540775bdcf4aeb1254c1677a620
phase3_locked_full_v1,exploratory,locked,locked_benchmark,credit_card_fraud,veto_mavs,adversarial_confidence_inflation,1.0,shadow,2,2,56962,56962,2,db51a1df8084dec1506752b8314094119a7639c6583612e5dcb7871de4d24bb6
phase3_locked_full_v1,exploratory,locked,locked_benchmark,credit_card_fraud,pure_mavs_gc,adversarial_confidence_inflation,1.0,shadow,2,2,56962,56962,2,7081da04de0577bd086bf6f6e30b2ae18e407e3dfea739314594bba908f9cb2f
phase3_locked_full_v1,exploratory,locked,locked_benchmark,credit_card_fraud,single_model,distribution_shift,0.0,primary,3,3,85443,0,3,2ef49e47378a9640bb4d504e172c676c06ef38a658cafa601c83a1ff2277557f
phase3_locked_full_v1,exploratory,locked,locked_benchmark,credit_card_fraud,mean_ensemble,distribution_shift,0.0,primary,3,3,85443,0,3,445bf8e4c9d32748759a06de5447e3ab8ee049cdfc6bc284caecf4379c36c1a6
phase3_locked_full_v1,exploratory,locked,locked_benchmark,credit_card_fraud,static_weighted_ensemble,distribution_shift,0.0,primary,3,3,85443,0,3,8d853aaf294ee83a95c3a3fb70f38c8ef13e7c001381a7e93dfa199f90a8e296
phase3_locked_full_v1,exploratory,locked,locked_benchmark,credit_card_fraud,veto_mavs,distribution_shift,0.0,primary,3,3,85443,85443,3,bf57c0643dc741c1e7cd6db680453270504c3d7d6ff974d5113ccc8abf03e2a8
phase3_locked_full_v1,exploratory,locked,locked_benchmark,credit_card_fraud,pure_mavs_gc,distribution_shift,0.0,primary,3,3,85443,85443,3,b7147263be7acbbab2fa9921492035a9875e748f3ea793cf28579026ee119ebc
phase3_locked_full_v1,exploratory,locked,locked_benchmark,credit_card_fraud,single_model,distribution_shift,0.0,shadow,2,2,56962,0,2,249cb9d85b77538182f412724898919c37d7b154c29c172baa872a001d4b9892
phase3_locked_full_v1,exploratory,locked,locked_benchmark,credit_card_fraud,mean_ensemble,distribution_shift,0.0,shadow,2,2,56962,0,2,c6c6eff12fd2f572675c24e307e8ce7e8946b112849aff6791d84d43125ba20c
phase3_locked_full_v1,exploratory,locked,locked_benchmark,credit_card_fraud,static_weighted_ensemble,distribution_shift,0.0,shadow,2,2,56962,0,2,68acf34d7d8c3918faddb0c3e80f2011d8209793b3c95dc7d3bb7b5b16ad0412
phase3_locked_full_v1,exploratory,locked,locked_benchmark,credit_card_fraud,veto_mavs,distribution_shift,0.0,shadow,2,2,56962,56962,2,aeb34bc07e145d6dc5c839825c29bbdc79ffbb9283ea43147157805191939eb4
phase3_locked_full_v1,exploratory,locked,locked_benchmark,credit_card_fraud,pure_mavs_gc,distribution_shift,0.0,shadow,2,2,56962,56962,2,bded419652eb25275624a1db141ba9b9421c1ceab1b54e47ddb57bde77cb8ae2
phase3_locked_full_v1,exploratory,locked,locked_benchmark,credit_card_fraud,single_model,distribution_shift,0.05,primary,3,3,82668,0,3,c1bcde28e3d59be5f405177b9a256ff27c02128d3748bf966f5a1eb366af7628
phase3_locked_full_v1,exploratory,locked,locked_benchmark,credit_card_fraud,mean_ensemble,distribution_shift,0.05,primary,3,3,82668,0,3,acfc6e05f7e5ff73f49151dbeec140717bbfb1a296d428b359037dea3435235f
phase3_locked_full_v1,exploratory,locked,locked_benchmark,credit_card_fraud,static_weighted_ensemble,distribution_shift,0.05,primary,3,3,82668,0,3,74c7002049dd463db70e512d4626e9e852629dd02c06abbae6ba12fddb481d78
phase3_locked_full_v1,exploratory,locked,locked_benchmark,credit_card_fraud,veto_mavs,distribution_shift,0.05,primary,3,3,82668,82668,3,3388a25bf5ccffb22123a6420cfd7d745ae9855bd586978ddec1ff10d53a1795
phase3_locked_full_v1,exploratory,locked,locked_benchmark,credit_card_fraud,pure_mavs_gc,distribution_shift,0.05,primary,3,3,82668,82668,3,a9f2102b663ddb96965e4e61808c7c3fa2957d3bbf9d7f71097e37043cd34913
phase3_locked_full_v1,exploratory,locked,locked_benchmark,credit_card_fraud,single_model,distribution_shift,0.05,shadow,2,2,55112,0,2,a85849f5ad18e60aa0c8d0533e9f87c0ec997e7344882dad5f86b0d664332795
phase3_locked_full_v1,exploratory,locked,locked_benchmark,credit_card_fraud,mean_ensemble,distribution_shift,0.05,shadow,2,2,55112,0,2,768d3f2698edd14e828e7df0681244d79caf1f60c7fc8f2ccf713487e486d738
phase3_locked_full_v1,exploratory,locked,locked_benchmark,credit_card_fraud,static_weighted_ensemble,distribution_shift,0.05,shadow,2,2,55112,0,2,c7b5a2b9865fd04f17ba0b870c63a7179bf61ccbdbfee88dcb87d527bd0c9d7b
phase3_locked_full_v1,exploratory,locked,locked_benchmark,credit_card_fraud,veto_mavs,distribution_shift,0.05,shadow,2,2,55112,55112,2,e6112dad6070955b5e746b9c298c8c42f871e83f3ee5b6454db490b21f8daab9
phase3_locked_full_v1,exploratory,locked,locked_benchmark,credit_card_fraud,pure_mavs_gc,distribution_shift,0.05,shadow,2,2,55112,55112,2,7a204c59b22c2c7a29416158a01a7e3611c8a7c59a7a067dde84cb2de81ffbee
phase3_locked_full_v1,exploratory,locked,locked_benchmark,credit_card_fraud,single_model,distribution_shift,0.1,primary,3,3,79890,0,3,7091d4f7ed8b3a020e3ed436b75f6f0114cb6d3eb6be697c4aab9307b193e6e8
phase3_locked_full_v1,exploratory,locked,locked_benchmark,credit_card_fraud,mean_ensemble,distribution_shift,0.1,primary,3,3,79890,0,3,231f77083f1c764575f68f09c848a0c3b40d64f847614642973e1e678d3afe54
phase3_locked_full_v1,exploratory,locked,locked_benchmark,credit_card_fraud,static_weighted_ensemble,distribution_shift,0.1,primary,3,3,79890,0,3,9cbb0925bfb8d8c882acd8e2930e6c6303ac9484ff0b45b179ed8701e488baf5
phase3_locked_full_v1,exploratory,locked,locked_benchmark,credit_card_fraud,veto_mavs,distribution_shift,0.1,primary,3,3,79890,79890,3,9638834d86786b8df7a507577e8ec8d44a4775e898b1ce3af2547e393ae327b2
phase3_locked_full_v1,exploratory,locked,locked_benchmark,credit_card_fraud,pure_mavs_gc,distribution_shift,0.1,primary,3,3,79890,79890,3,7911080c16f1413efa694fd121afd425ba118f5321b38f963d371e7f905368e1
phase3_locked_full_v1,exploratory,locked,locked_benchmark,credit_card_fraud,single_model,distribution_shift,0.1,shadow,2,2,53260,0,2,d12638714be8d28931adf1a2fd95d9f83f5c864e94d3d9f5eb04c1d9faa9c3d0
phase3_locked_full_v1,exploratory,locked,locked_benchmark,credit_card_fraud,mean_ensemble,distribution_shift,0.1,shadow,2,2,53260,0,2,06b21fde8af1c8ebfa53e10ae70e464e866d772bca267d853c15ffeb26d63f50
phase3_locked_full_v1,exploratory,locked,locked_benchmark,credit_card_fraud,static_weighted_ensemble,distribution_shift,0.1,shadow,2,2,53260,0,2,5c8e32bbf65fbe8a5a350ceaeb20bc97ee258266538adf991cc9cb54d4702505
phase3_locked_full_v1,exploratory,locked,locked_benchmark,credit_card_fraud,veto_mavs,distribution_shift,0.1,shadow,2,2,53260,53260,2,1fc831f59b6d0ad34c380c6a3578b29f72be00e5475ad6f9af071d5f6ddd79c6
phase3_locked_full_v1,exploratory,locked,locked_benchmark,credit_card_fraud,pure_mavs_gc,distribution_shift,0.1,shadow,2,2,53260,53260,2,a98ea5b6a82a863b17e870ed60822f7f39acae256dd1444ebb735e00528686ca
phase3_locked_full_v1,exploratory,locked,locked_benchmark,credit_card_fraud,single_model,distribution_shift,0.2,primary,3,3,74337,0,3,e7521724a02c1fe8374e74c915bc7be53a646850020cfd00ce7f13cf0525e9e9
phase3_locked_full_v1,exploratory,locked,locked_benchmark,credit_card_fraud,mean_ensemble,distribution_shift,0.2,primary,3,3,74337,0,3,be8b907d0146001930844ec735ee693d6a5a02de3d2e4e96d50d89e9f597fba3
phase3_locked_full_v1,exploratory,locked,locked_benchmark,credit_card_fraud,static_weighted_ensemble,distribution_shift,0.2,primary,3,3,74337,0,3,b761367839d9aec99a2661718f275b7dab96dc3bf422ccaaa5c8e3aefb86e7f7
phase3_locked_full_v1,exploratory,locked,locked_benchmark,credit_card_fraud,veto_mavs,distribution_shift,0.2,primary,3,3,74337,74337,3,f7fae9cf0efbf9d75eed2a1187107928de11ec76649867ab804ce6b135be4fc7
phase3_locked_full_v1,exploratory,locked,locked_benchmark,credit_card_fraud,pure_mavs_gc,distribution_shift,0.2,primary,3,3,74337,74337,3,c3087bacb321658062bda223d08c93f459fd20e5632276f2d2c6dba3181b79c6
phase3_locked_full_v1,exploratory,locked,locked_benchmark,credit_card_fraud,single_model,distribution_shift,0.2,shadow,2,2,49558,0,2,c8a28a29bde821211c5c8024f65fd6a2840275e783427857650ff52331a8b009
phase3_locked_full_v1,exploratory,locked,locked_benchmark,credit_card_fraud,mean_ensemble,distribution_shift,0.2,shadow,2,2,49558,0,2,021c6712fbe3e3ad53441f4ce2a90a8be535f688bc2895fee3036505f8343d91
phase3_locked_full_v1,exploratory,locked,locked_benchmark,credit_card_fraud,static_weighted_ensemble,distribution_shift,0.2,shadow,2,2,49558,0,2,aa964545aed1c21c188f4ec8e0435e7fe15fcacdcd3bd26ed39d1b5cd1377443
phase3_locked_full_v1,exploratory,locked,locked_benchmark,credit_card_fraud,veto_mavs,distribution_shift,0.2,shadow,2,2,49558,49558,2,ac06a8b3407b6e5ab0519d65d7d7286df33e861d6ac712a57018067b1b8cc3c0
phase3_locked_full_v1,exploratory,locked,locked_benchmark,credit_card_fraud,pure_mavs_gc,distribution_shift,0.2,shadow,2,2,49558,49558,2,42b2567575efddaf713cb881edd299b6c97a8cd4b76b53c261f305a57b5a3f17
phase3_locked_full_v1,exploratory,locked,locked_benchmark,credit_card_fraud,single_model,distribution_shift,0.4,primary,3,3,63228,0,3,151a6b1be6c86f00241eb9883cfe4381386c3a6b32372a5079d35380a93e6222
phase3_locked_full_v1,exploratory,locked,locked_benchmark,credit_card_fraud,mean_ensemble,distribution_shift,0.4,primary,3,3,63228,0,3,5d792005b4286c43f386e36556595164cbeda619bcbd68f242cb58737a4c4129
phase3_locked_full_v1,exploratory,locked,locked_benchmark,credit_card_fraud,static_weighted_ensemble,distribution_shift,0.4,primary,3,3,63228,0,3,c78cecad0eed767f051c56dafe3679fd0265110857aa12294f874654e55be34b
phase3_locked_full_v1,exploratory,locked,locked_benchmark,credit_card_fraud,veto_mavs,distribution_shift,0.4,primary,3,3,63228,63228,3,64cb6a3c7b1c445666f2f12189344e21ee6278e64e971e7d452e376b6e20c291
phase3_locked_full_v1,exploratory,locked,locked_benchmark,credit_card_fraud,pure_mavs_gc,distribution_shift,0.4,primary,3,3,63228,63228,3,9f5a0ea8886117ec8abd0009b610cc17dbd82ad4c3ab7275c863ede70e2fb422
phase3_locked_full_v1,exploratory,locked,locked_benchmark,credit_card_fraud,single_model,distribution_shift,0.4,shadow,2,2,42152,0,2,c8da4fe301a333f6acaed359f3fcf2499f126b14c47d81610c7c4563f5276b9f
phase3_locked_full_v1,exploratory,locked,locked_benchmark,credit_card_fraud,mean_ensemble,distribution_shift,0.4,shadow,2,2,42152,0,2,4287067f321cdc1fce8401b80986d33216f5f3f63f74657c0848fea455cbabb4
phase3_locked_full_v1,exploratory,locked,locked_benchmark,credit_card_fraud,static_weighted_ensemble,distribution_shift,0.4,shadow,2,2,42152,0,2,794855408a5e5d9df580e53b7d6d350abd92b932aebb08bd2e33ab817d5cbec6
phase3_locked_full_v1,exploratory,locked,locked_benchmark,credit_card_fraud,veto_mavs,distribution_shift,0.4,shadow,2,2,42152,42152,2,27855bf0e43171a74db4208c609f2c210443f8f725fa24c23bd7f26f625ec5af
phase3_locked_full_v1,exploratory,locked,locked_benchmark,credit_card_fraud,pure_mavs_gc,distribution_shift,0.4,shadow,2,2,42152,42152,2,d3c7c6055d462875ac33c766d1164a4a0d09e746dc18b891a7f8d5ebf020831f
phase3_locked_full_v1,exploratory,locked,locked_benchmark,credit_card_fraud,single_model,distribution_shift,0.6,primary,3,3,52122,0,3,6dcc1198d95ded6e6ae83b4cdaf73750afdacf2f3902862f9292194d384b90c6
phase3_locked_full_v1,exploratory,locked,locked_benchmark,credit_card_fraud,mean_ensemble,distribution_shift,0.6,primary,3,3,52122,0,3,1cc777ed9448a3face6fa33bc31f5397182995912119c317d7ca57010a323a29
phase3_locked_full_v1,exploratory,locked,locked_benchmark,credit_card_fraud,static_weighted_ensemble,distribution_shift,0.6,primary,3,3,52122,0,3,6bd734c30a43610edcde0439a95b0a898df7f56a52ca0026fcc5daf8cceb781b
phase3_locked_full_v1,exploratory,locked,locked_benchmark,credit_card_fraud,veto_mavs,distribution_shift,0.6,primary,3,3,52122,52122,3,b1ea748b1fbd9c81fdcdc3418a826c91b44318ddc50d6c1b70249ddcc387097c
phase3_locked_full_v1,exploratory,locked,locked_benchmark,credit_card_fraud,pure_mavs_gc,distribution_shift,0.6,primary,3,3,52122,52122,3,6dc55f4dd342e02aaee2cd159f8824f27c73faa6dcb934880e5657cffaf95228
phase3_locked_full_v1,exploratory,locked,locked_benchmark,credit_card_fraud,single_model,distribution_shift,0.6,shadow,2,2,34748,0,2,fa9e27b303e1b1f9e374ce1fd6cbaa1c2acda815b6dd0e69513517c496a9e940
phase3_locked_full_v1,exploratory,locked,locked_benchmark,credit_card_fraud,mean_ensemble,distribution_shift,0.6,shadow,2,2,34748,0,2,c4b39e51b742fc73f61e16495457db570fa5da7f38d24c2f547d574162a6ec16
phase3_locked_full_v1,exploratory,locked,locked_benchmark,credit_card_fraud,static_weighted_ensemble,distribution_shift,0.6,shadow,2,2,34748,0,2,32dbb0bced39605de2bd72db468d1fce994031ce7c0fe6035647d16d39b0fe02
phase3_locked_full_v1,exploratory,locked,locked_benchmark,credit_card_fraud,veto_mavs,distribution_shift,0.6,shadow,2,2,34748,34748,2,275529f3d35e4ba4414d9fb23ee194cc157c0ad442ddc4713fef5f359fb14cef
phase3_locked_full_v1,exploratory,locked,locked_benchmark,credit_card_fraud,pure_mavs_gc,distribution_shift,0.6,shadow,2,2,34748,34748,2,cb50a09c1b157ebf934e112493f6e52ed77fd7ad483e65bdb75918421c9e2b25
phase3_locked_full_v1,exploratory,locked,locked_benchmark,credit_card_fraud,single_model,distribution_shift,0.8,primary,3,3,41013,0,3,58f385f79cd9e67de6dbd3bd3e7f230f039754397a3cb93bd60fad076f7e9dcf
phase3_locked_full_v1,exploratory,locked,locked_benchmark,credit_card_fraud,mean_ensemble,distribution_shift,0.8,primary,3,3,41013,0,3,0c4e5f453258be9464ce9b5cde0562711c57e4263f89e2aa6a35311c0fe51941
phase3_locked_full_v1,exploratory,locked,locked_benchmark,credit_card_fraud,static_weighted_ensemble,distribution_shift,0.8,primary,3,3,41013,0,3,1e46f2f4945b45666bae74dc96b0204b61b62ae7b938fffebebaf373be7b55db
phase3_locked_full_v1,exploratory,locked,locked_benchmark,credit_card_fraud,veto_mavs,distribution_shift,0.8,primary,3,3,41013,41013,3,4ef7a5b76c23a228bfa80185774fa14f8ef146eba5831d93595225b7bbc05ae9
phase3_locked_full_v1,exploratory,locked,locked_benchmark,credit_card_fraud,pure_mavs_gc,distribution_shift,0.8,primary,3,3,41013,41013,3,3aa8f6186f93e77e28a64000d821c5c41203254eaa455d19db2db1d3e0e163a2
phase3_locked_full_v1,exploratory,locked,locked_benchmark,credit_card_fraud,single_model,distribution_shift,0.8,shadow,2,2,27342,0,2,1335f49b320f12190bf68463c5f3af0ca7e54dc9a798f3f2fecc95e1d30e9320
phase3_locked_full_v1,exploratory,locked,locked_benchmark,credit_card_fraud,mean_ensemble,distribution_shift,0.8,shadow,2,2,27342,0,2,f9a7f5a0a4254fd3ed9f2d73eedaa2656f40a33c69fff994ed6269514d5a7f18
phase3_locked_full_v1,exploratory,locked,locked_benchmark,credit_card_fraud,static_weighted_ensemble,distribution_shift,0.8,shadow,2,2,27342,0,2,7e22b3cea0a79ca47fca18e4f79582b24425772012dee2b36928493df231ca65
phase3_locked_full_v1,exploratory,locked,locked_benchmark,credit_card_fraud,veto_mavs,distribution_shift,0.8,shadow,2,2,27342,27342,2,6e88b1c8a7c1e700784d2fed5c5ab506447c79d5670428870c536cdcdc17008d
phase3_locked_full_v1,exploratory,locked,locked_benchmark,credit_card_fraud,pure_mavs_gc,distribution_shift,0.8,shadow,2,2,27342,27342,2,ff7a18d8f884099c71cd83b705e57a8aeb33bd2a99fbd8bcb53fa7b714a2a9bb
phase3_locked_full_v1,exploratory,locked,locked_benchmark,credit_card_fraud,single_model,distribution_shift,1.0,primary,3,3,29907,0,3,2e8ec17375d3df48a436036a29a91dcc1ca1d5cccb52e80bb62e82392eafed29
phase3_locked_full_v1,exploratory,locked,locked_benchmark,credit_card_fraud,mean_ensemble,distribution_shift,1.0,primary,3,3,29907,0,3,ee5d5ddb32a04c71220c5e12595479f8d1f105f4313ac51fc50447a2ef89d572
phase3_locked_full_v1,exploratory,locked,locked_benchmark,credit_card_fraud,static_weighted_ensemble,distribution_shift,1.0,primary,3,3,29907,0,3,30b9749df12a45908bacacbc917e28f6262e2baeb0698fa83b10317e42949c44
phase3_locked_full_v1,exploratory,locked,locked_benchmark,credit_card_fraud,veto_mavs,distribution_shift,1.0,primary,3,3,29907,29907,3,c53eaedf06ceeca55d4446f58678157380fe885a05145ee935c00c501abcc39d
phase3_locked_full_v1,exploratory,locked,locked_benchmark,credit_card_fraud,pure_mavs_gc,distribution_shift,1.0,primary,3,3,29907,29907,3,508a24ff817993376e0a7829f2bf7bf35bb7e104a69c369ef6943b880f1b1fad
phase3_locked_full_v1,exploratory,locked,locked_benchmark,credit_card_fraud,single_model,distribution_shift,1.0,shadow,2,2,19938,0,2,b1fa8edc80c70cbc4657bfdbf615a55240d7879ddc16df1662f51fc4a5fdcbbe
phase3_locked_full_v1,exploratory,locked,locked_benchmark,credit_card_fraud,mean_ensemble,distribution_shift,1.0,shadow,2,2,19938,0,2,b55b0a072bab61e848527c1110c6e9172723d54e75696779b617d2badc814c97
phase3_locked_full_v1,exploratory,locked,locked_benchmark,credit_card_fraud,static_weighted_ensemble,distribution_shift,1.0,shadow,2,2,19938,0,2,00eeafa6523d79e1f583b680ff0bbc628ddcb585d7fdeb674505954ca7c5385a
phase3_locked_full_v1,exploratory,locked,locked_benchmark,credit_card_fraud,veto_mavs,distribution_shift,1.0,shadow,2,2,19938,19938,2,744735132c218870d56bf69576baebc2af69a4cd42ac1245fc8b86c7ebb8f63a
phase3_locked_full_v1,exploratory,locked,locked_benchmark,credit_card_fraud,pure_mavs_gc,distribution_shift,1.0,shadow,2,2,19938,19938,2,3770556904315d8970a2b6fcec4ecccc1e69936836e4d627abfc821abc86fb48
phase3_locked_full_v1,exploratory,locked,locked_benchmark,credit_card_fraud,single_model,synthetic_sensor_failure,0.0,primary,3,3,85443,0,3,231d9abb69da3e1cfcf2687d7a1f95734b4824aba22e3da2104c267564207325
phase3_locked_full_v1,exploratory,locked,locked_benchmark,credit_card_fraud,mean_ensemble,synthetic_sensor_failure,0.0,primary,3,3,85443,0,3,86693d769cf82f1a87decebb51fc4e35165a90e68ffab5e21a707cd62b1ecb8d
phase3_locked_full_v1,exploratory,locked,locked_benchmark,credit_card_fraud,static_weighted_ensemble,synthetic_sensor_failure,0.0,primary,3,3,85443,0,3,67924536ff36c90d4bccaf2430562a2c38266a1f4033f54bfd3e2074773e3c7e
phase3_locked_full_v1,exploratory,locked,locked_benchmark,credit_card_fraud,veto_mavs,synthetic_sensor_failure,0.0,primary,3,3,85443,85443,3,e12f6fbab09f742d030f9e97c17b27d4a9441fa5ccb2264e510e67e281174966
phase3_locked_full_v1,exploratory,locked,locked_benchmark,credit_card_fraud,pure_mavs_gc,synthetic_sensor_failure,0.0,primary,3,3,85443,85443,3,f6b28684b963daac0212b5f8e39a67c491e9df3039c2e6c78f881d61e2f0be13
phase3_locked_full_v1,exploratory,locked,locked_benchmark,credit_card_fraud,single_model,synthetic_sensor_failure,0.0,shadow,2,2,56962,0,2,d9a1d26eb02526c93b7075876c38410068eb0f339d962a76dd76abddbaeb40b2
phase3_locked_full_v1,exploratory,locked,locked_benchmark,credit_card_fraud,mean_ensemble,synthetic_sensor_failure,0.0,shadow,2,2,56962,0,2,bd0ab41650dee242aec48d0331ca94ca97e837e8172d752549977d8c11bbddf0
phase3_locked_full_v1,exploratory,locked,locked_benchmark,credit_card_fraud,static_weighted_ensemble,synthetic_sensor_failure,0.0,shadow,2,2,56962,0,2,fd6837bc926ffda28fcaf8a85a8ed2ce53f18dba32336d45b7da3a429d79511a
phase3_locked_full_v1,exploratory,locked,locked_benchmark,credit_card_fraud,veto_mavs,synthetic_sensor_failure,0.0,shadow,2,2,56962,56962,2,a4cc700ffcd860193bcf21460dcf867660494e2e5efc30b4824234c17bdb7995
phase3_locked_full_v1,exploratory,locked,locked_benchmark,credit_card_fraud,pure_mavs_gc,synthetic_sensor_failure,0.0,shadow,2,2,56962,56962,2,8badecb5bd2f2e6b78e075c261ca4dcbf138b945caade0ea55fc2cea560c17df
phase3_locked_full_v1,exploratory,locked,locked_benchmark,credit_card_fraud,single_model,synthetic_sensor_failure,0.05,primary,3,3,85443,0,3,e425ac0af5d4454520df7cc2e6f09e7f0772584bd9ec4850b514eebaeaadd9a2
phase3_locked_full_v1,exploratory,locked,locked_benchmark,credit_card_fraud,mean_ensemble,synthetic_sensor_failure,0.05,primary,3,3,85443,0,3,1dfb3773f6f2c61db9d211f8d4897e95b0032cc0ca29facb0d4b34a0f70127e3
phase3_locked_full_v1,exploratory,locked,locked_benchmark,credit_card_fraud,static_weighted_ensemble,synthetic_sensor_failure,0.05,primary,3,3,85443,0,3,4d435624380df50a63a527b62c6f45fdeaff592842c5878c99bcff90a2c97c3f
phase3_locked_full_v1,exploratory,locked,locked_benchmark,credit_card_fraud,veto_mavs,synthetic_sensor_failure,0.05,primary,3,3,85443,85443,3,4237a7b99b0fffe6fe93aed1d35bbff8c716da7ffc14361296c4c56623960623
phase3_locked_full_v1,exploratory,locked,locked_benchmark,credit_card_fraud,pure_mavs_gc,synthetic_sensor_failure,0.05,primary,3,3,85443,85443,3,5b2c264f1daeab559c9e78229ed5fe1e28d9494cbf008164d6e9262392562a99
phase3_locked_full_v1,exploratory,locked,locked_benchmark,credit_card_fraud,single_model,synthetic_sensor_failure,0.05,shadow,2,2,56962,0,2,19b7e2b8e4e7454cda5dccb40e3c6cd99e2f82a8a15288cc15925ce5d834e701
phase3_locked_full_v1,exploratory,locked,locked_benchmark,credit_card_fraud,mean_ensemble,synthetic_sensor_failure,0.05,shadow,2,2,56962,0,2,a7af852253d8293d958e75aeb6d61a57a86252aa27bd3d634cb070d50523b34d
phase3_locked_full_v1,exploratory,locked,locked_benchmark,credit_card_fraud,static_weighted_ensemble,synthetic_sensor_failure,0.05,shadow,2,2,56962,0,2,7d69f312c7d2267a26f605dc007f00b770c7f05864cd4ae9c5e5e3701827ff16
phase3_locked_full_v1,exploratory,locked,locked_benchmark,credit_card_fraud,veto_mavs,synthetic_sensor_failure,0.05,shadow,2,2,56962,56962,2,15c1b3cac9ca90caf19c0a4413b745dfdcef1d4222f8cf1e1dadf68d14914bc1
phase3_locked_full_v1,exploratory,locked,locked_benchmark,credit_card_fraud,pure_mavs_gc,synthetic_sensor_failure,0.05,shadow,2,2,56962,56962,2,908dfe51418bb4fdd6cb191e3a6a0120d64565e9582a7ad0020a02db22b0242b
phase3_locked_full_v1,exploratory,locked,locked_benchmark,credit_card_fraud,single_model,synthetic_sensor_failure,0.1,primary,3,3,85443,0,3,30cd25af884b53b8bb4f4467ab610ca1dd507b678dc49ee7c6592fa11b246563
phase3_locked_full_v1,exploratory,locked,locked_benchmark,credit_card_fraud,mean_ensemble,synthetic_sensor_failure,0.1,primary,3,3,85443,0,3,39130bfc8cdc37c5ed613ab030eb7275974db101681df2d4e3b66ed24fbc217e
phase3_locked_full_v1,exploratory,locked,locked_benchmark,credit_card_fraud,static_weighted_ensemble,synthetic_sensor_failure,0.1,primary,3,3,85443,0,3,95a87988f78fd77049cac8f5fc175cc34eb73ac26c5144685f9c037b90bdf50a
phase3_locked_full_v1,exploratory,locked,locked_benchmark,credit_card_fraud,veto_mavs,synthetic_sensor_failure,0.1,primary,3,3,85443,85443,3,88f06668f4aed8f5afb37a9b30fd559c877d704e4d541ba79ad71700fe5c3e1f
phase3_locked_full_v1,exploratory,locked,locked_benchmark,credit_card_fraud,pure_mavs_gc,synthetic_sensor_failure,0.1,primary,3,3,85443,85443,3,40b4a4a90c11f9ffd278e28f63dad9be17a18fca305de3e523abfcdae7e3182b
phase3_locked_full_v1,exploratory,locked,locked_benchmark,credit_card_fraud,single_model,synthetic_sensor_failure,0.1,shadow,2,2,56962,0,2,cb2874e2d0d3390364d253e318dbf678e8e97cb94ad96bcb2b0be9866e4ad311
phase3_locked_full_v1,exploratory,locked,locked_benchmark,credit_card_fraud,mean_ensemble,synthetic_sensor_failure,0.1,shadow,2,2,56962,0,2,52e099e32ddc88a6d9d439e935cf73dd1cffc80cc57caf032cbdf30edb84fce6
phase3_locked_full_v1,exploratory,locked,locked_benchmark,credit_card_fraud,static_weighted_ensemble,synthetic_sensor_failure,0.1,shadow,2,2,56962,0,2,06e588e43864043316926d069ccf530c8fc2678e2adfcd4a72fc972a5d782e49
phase3_locked_full_v1,exploratory,locked,locked_benchmark,credit_card_fraud,veto_mavs,synthetic_sensor_failure,0.1,shadow,2,2,56962,56962,2,58a9144a778dfac1c966ffb5a35c8284b9e97cb449340822d5f37d913d5f6f1c
phase3_locked_full_v1,exploratory,locked,locked_benchmark,credit_card_fraud,pure_mavs_gc,synthetic_sensor_failure,0.1,shadow,2,2,56962,56962,2,251f2cd783b11c1cf6500256bf09296ce2f93c492fc4b3d3713014b0cc43feb5
phase3_locked_full_v1,exploratory,locked,locked_benchmark,credit_card_fraud,single_model,synthetic_sensor_failure,0.2,primary,3,3,85443,0,3,dc2b49d70b1777d115f6d5c6cea1fe7d992d258d3a255c84ecdcfb53ab059a9f
phase3_locked_full_v1,exploratory,locked,locked_benchmark,credit_card_fraud,mean_ensemble,synthetic_sensor_failure,0.2,primary,3,3,85443,0,3,eaae1c3b218bb1ec5a3d887075f65d01888631739a0a6b51427030aa30154fcb
phase3_locked_full_v1,exploratory,locked,locked_benchmark,credit_card_fraud,static_weighted_ensemble,synthetic_sensor_failure,0.2,primary,3,3,85443,0,3,734e51ddfab167fe6133961d385a36a3f6176f0c4ac6b1d767fe159206c95da3
phase3_locked_full_v1,exploratory,locked,locked_benchmark,credit_card_fraud,veto_mavs,synthetic_sensor_failure,0.2,primary,3,3,85443,85443,3,9185e34066c52c29099b253165a5b5a2352136a5a1911362062a875084eda551
phase3_locked_full_v1,exploratory,locked,locked_benchmark,credit_card_fraud,pure_mavs_gc,synthetic_sensor_failure,0.2,primary,3,3,85443,85443,3,ddd17cb3f34cd44ecb038007487c87faab32d4fb3b29f8dd4c8acf7f79c0fd87
phase3_locked_full_v1,exploratory,locked,locked_benchmark,credit_card_fraud,single_model,synthetic_sensor_failure,0.2,shadow,2,2,56962,0,2,06c10a74f41424c155f18bfa73975c86ff7fd867a287f0f1f2f15ce290b3cd87
phase3_locked_full_v1,exploratory,locked,locked_benchmark,credit_card_fraud,mean_ensemble,synthetic_sensor_failure,0.2,shadow,2,2,56962,0,2,0cb592b55a228cb2ae275a09e512c3edc1c03143710473af1ae6beda08ab7f1a
phase3_locked_full_v1,exploratory,locked,locked_benchmark,credit_card_fraud,static_weighted_ensemble,synthetic_sensor_failure,0.2,shadow,2,2,56962,0,2,31a3bb7582e4f0235c2443e43964c2bb1d46e27d4f3d9189eb6b15c8d23b236c
phase3_locked_full_v1,exploratory,locked,locked_benchmark,credit_card_fraud,veto_mavs,synthetic_sensor_failure,0.2,shadow,2,2,56962,56962,2,43a99e7d5da3cff2c07632f51ba02a3ae4485d58be1a7f46f6839a35bb45f555
phase3_locked_full_v1,exploratory,locked,locked_benchmark,credit_card_fraud,pure_mavs_gc,synthetic_sensor_failure,0.2,shadow,2,2,56962,56962,2,0965b79b20d0cea635f048d5a49681d35d7d2a2600b57b8a83d8d96c860958b2
phase3_locked_full_v1,exploratory,locked,locked_benchmark,credit_card_fraud,single_model,synthetic_sensor_failure,0.4,primary,3,3,85443,0,3,f9d9e61f3cd3317c0152fef62de195f8ed8152f59c527feb5ee1c49a2613fcdb
phase3_locked_full_v1,exploratory,locked,locked_benchmark,credit_card_fraud,mean_ensemble,synthetic_sensor_failure,0.4,primary,3,3,85443,0,3,97d40331f7333f2d4e68443f397d64ccf408d89fdbb722c1c2dc5eac5326ce29
phase3_locked_full_v1,exploratory,locked,locked_benchmark,credit_card_fraud,static_weighted_ensemble,synthetic_sensor_failure,0.4,primary,3,3,85443,0,3,a06240f0d5c89865946069e954a96dfca2c1055376062f8857c1843f2d9b1b9e
phase3_locked_full_v1,exploratory,locked,locked_benchmark,credit_card_fraud,veto_mavs,synthetic_sensor_failure,0.4,primary,3,3,85443,85443,3,3eaaa8d1ca8dd65319e7e8275e9e640572467e97322b7735beb79d85b9867861
phase3_locked_full_v1,exploratory,locked,locked_benchmark,credit_card_fraud,pure_mavs_gc,synthetic_sensor_failure,0.4,primary,3,3,85443,85443,3,7e3b7d1dbb172ef747e34d3447e19e301a6bc8aeca35fb12c283d0f99d6c3693
phase3_locked_full_v1,exploratory,locked,locked_benchmark,credit_card_fraud,single_model,synthetic_sensor_failure,0.4,shadow,2,2,56962,0,2,047c592cdca8483d1cb7b656b7c4a4aa575ed32650f4e92a685842987ab1a743
phase3_locked_full_v1,exploratory,locked,locked_benchmark,credit_card_fraud,mean_ensemble,synthetic_sensor_failure,0.4,shadow,2,2,56962,0,2,2ac33836dfaabccf18f5fbca89e2cc1aedac1125f82618bc88d88f8d610f2421
phase3_locked_full_v1,exploratory,locked,locked_benchmark,credit_card_fraud,static_weighted_ensemble,synthetic_sensor_failure,0.4,shadow,2,2,56962,0,2,29e8ba2d288fb9c984464f7291d92ee0d678902c90a04f9f872f42085da230cb
phase3_locked_full_v1,exploratory,locked,locked_benchmark,credit_card_fraud,veto_mavs,synthetic_sensor_failure,0.4,shadow,2,2,56962,56962,2,0c312ca8e6ddfd89664184ab87009dd4914602cc7225eb3d7cea866fc4aed182
phase3_locked_full_v1,exploratory,locked,locked_benchmark,credit_card_fraud,pure_mavs_gc,synthetic_sensor_failure,0.4,shadow,2,2,56962,56962,2,ee9de02caf82f731601e969ff7f8ef324e7dd9a7b7abe2cfdfcf1a166686239b
phase3_locked_full_v1,exploratory,locked,locked_benchmark,credit_card_fraud,single_model,synthetic_sensor_failure,0.6,primary,3,3,85443,0,3,50f2de7c8d372d36240f53a0a906687f711fc98a734f199cb2ca9827f8eea04c
phase3_locked_full_v1,exploratory,locked,locked_benchmark,credit_card_fraud,mean_ensemble,synthetic_sensor_failure,0.6,primary,3,3,85443,0,3,8db2127da3029abc3ad81d83ec51fe28d41c1a626c45e44683208e9808f1f6bc
phase3_locked_full_v1,exploratory,locked,locked_benchmark,credit_card_fraud,static_weighted_ensemble,synthetic_sensor_failure,0.6,primary,3,3,85443,0,3,0cb07556864f3f6b1680d081dcce4cb9aa1a4d15a2c5b33c0f75b31e7aad8b05
phase3_locked_full_v1,exploratory,locked,locked_benchmark,credit_card_fraud,veto_mavs,synthetic_sensor_failure,0.6,primary,3,3,85443,85443,3,50b0df04498c85740f38c05bcf1557cc70975c1da591d92a1db4156f9ed30a36
phase3_locked_full_v1,exploratory,locked,locked_benchmark,credit_card_fraud,pure_mavs_gc,synthetic_sensor_failure,0.6,primary,3,3,85443,85443,3,146d750d6bd45162155534ca640c90f5c80bb5313c3629d1412cee43d16a41a1
phase3_locked_full_v1,exploratory,locked,locked_benchmark,credit_card_fraud,single_model,synthetic_sensor_failure,0.6,shadow,2,2,56962,0,2,9632550b6345e0b99583760ebb73994fef639e09a85c808f174dff0e9ccbf3db
phase3_locked_full_v1,exploratory,locked,locked_benchmark,credit_card_fraud,mean_ensemble,synthetic_sensor_failure,0.6,shadow,2,2,56962,0,2,efb8f6861d9d728beee4788def4d809806122c4491768d2546d8051f21ae1d82
phase3_locked_full_v1,exploratory,locked,locked_benchmark,credit_card_fraud,static_weighted_ensemble,synthetic_sensor_failure,0.6,shadow,2,2,56962,0,2,ef006875b33a085998f23c23cb350d35818ce233dcbea8b12556452a30dea22e
phase3_locked_full_v1,exploratory,locked,locked_benchmark,credit_card_fraud,veto_mavs,synthetic_sensor_failure,0.6,shadow,2,2,56962,56962,2,c20a0708d26184c117deb29eb765a0afcf114862893894a0b6b99657555d80e9
phase3_locked_full_v1,exploratory,locked,locked_benchmark,credit_card_fraud,pure_mavs_gc,synthetic_sensor_failure,0.6,shadow,2,2,56962,56962,2,3971cb24e379741f587460b245a70aacb073dadad698ab41141b6f897d61aee7
phase3_locked_full_v1,exploratory,locked,locked_benchmark,credit_card_fraud,single_model,synthetic_sensor_failure,0.8,primary,3,3,85443,0,3,1549f94ba0f1f62593bf328b91771e4166078bb2703193ae5606d1dd3a4d56db
phase3_locked_full_v1,exploratory,locked,locked_benchmark,credit_card_fraud,mean_ensemble,synthetic_sensor_failure,0.8,primary,3,3,85443,0,3,639eb9e2bf95cd826d55838668824d29ab9cdd63bf750b3277c0e7071a5aa426
phase3_locked_full_v1,exploratory,locked,locked_benchmark,credit_card_fraud,static_weighted_ensemble,synthetic_sensor_failure,0.8,primary,3,3,85443,0,3,752f34d6e66ba0aedf79b011b5c6794d39db295b05372a0a30d4ab7f8b1ade71
phase3_locked_full_v1,exploratory,locked,locked_benchmark,credit_card_fraud,veto_mavs,synthetic_sensor_failure,0.8,primary,3,3,85443,85443,3,bb3dba42a74680c632337fe4a36be562027fa3bdffe62fb956294897a5546761
phase3_locked_full_v1,exploratory,locked,locked_benchmark,credit_card_fraud,pure_mavs_gc,synthetic_sensor_failure,0.8,primary,3,3,85443,85443,3,c479cc36fecddd5beee57a32769cea9aa6081c4dc031349c7b32a39e358f6f8d
phase3_locked_full_v1,exploratory,locked,locked_benchmark,credit_card_fraud,single_model,synthetic_sensor_failure,0.8,shadow,2,2,56962,0,2,b167a369ac0241f0566a86e3224ea51efa7a9ed36d7e0ca61538a43dd3fc7370
phase3_locked_full_v1,exploratory,locked,locked_benchmark,credit_card_fraud,mean_ensemble,synthetic_sensor_failure,0.8,shadow,2,2,56962,0,2,ef9bf5196cf223a81726c52986df9abfb041a7ac0cccc26e2babc415f1444f73
phase3_locked_full_v1,exploratory,locked,locked_benchmark,credit_card_fraud,static_weighted_ensemble,synthetic_sensor_failure,0.8,shadow,2,2,56962,0,2,8cb9ed7709c50cbb579299338bf7293d939347aef160fcc81b5a498796b84696
phase3_locked_full_v1,exploratory,locked,locked_benchmark,credit_card_fraud,veto_mavs,synthetic_sensor_failure,0.8,shadow,2,2,56962,56962,2,ba23bd1081498c08043490eb8d76b4cc88013a75e9164d9b339385e2428948c2
phase3_locked_full_v1,exploratory,locked,locked_benchmark,credit_card_fraud,pure_mavs_gc,synthetic_sensor_failure,0.8,shadow,2,2,56962,56962,2,c2d20a3549fe30cb41962a8c551119598973146ac60fb061d8004ddd0fb0c5d8
phase3_locked_full_v1,exploratory,locked,locked_benchmark,credit_card_fraud,single_model,synthetic_sensor_failure,1.0,primary,3,3,85443,0,3,79e16ac933041dc61152a855b7724ccce911a6f37537348a2f4491369f4b441b
phase3_locked_full_v1,exploratory,locked,locked_benchmark,credit_card_fraud,mean_ensemble,synthetic_sensor_failure,1.0,primary,3,3,85443,0,3,84d4e4ad60101d11273e9f27e9b15785c4d1433186a3b618afa17a4c75c1ad62
phase3_locked_full_v1,exploratory,locked,locked_benchmark,credit_card_fraud,static_weighted_ensemble,synthetic_sensor_failure,1.0,primary,3,3,85443,0,3,9949062dc3c32fab294905531f5cdc652bee95d752e56e0695cb76c32ddd4842
phase3_locked_full_v1,exploratory,locked,locked_benchmark,credit_card_fraud,veto_mavs,synthetic_sensor_failure,1.0,primary,3,3,85443,85443,3,f7d5caf81fe504e24e33878b133a13ea1aa4427886c0dc0a4701bdfb1d29a8c1
phase3_locked_full_v1,exploratory,locked,locked_benchmark,credit_card_fraud,pure_mavs_gc,synthetic_sensor_failure,1.0,primary,3,3,85443,85443,3,58b1b6426d43600610eefb3e7709a0b739d15b20159ab0eb46fd7b08bf7ea447
phase3_locked_full_v1,exploratory,locked,locked_benchmark,credit_card_fraud,single_model,synthetic_sensor_failure,1.0,shadow,2,2,56962,0,2,da6c83d605bb2821f5a16c827a7c3fd7e19cf148403ec2b7831b784c23b0d881
phase3_locked_full_v1,exploratory,locked,locked_benchmark,credit_card_fraud,mean_ensemble,synthetic_sensor_failure,1.0,shadow,2,2,56962,0,2,8630b5f7fed0b676cb56a434203deb01109decd2a60d981a2e762f65de572874
phase3_locked_full_v1,exploratory,locked,locked_benchmark,credit_card_fraud,static_weighted_ensemble,synthetic_sensor_failure,1.0,shadow,2,2,56962,0,2,1386c926664f58a49c9c248ce0e31b7f7107217956d8805142c8c4279dcd38a8
phase3_locked_full_v1,exploratory,locked,locked_benchmark,credit_card_fraud,veto_mavs,synthetic_sensor_failure,1.0,shadow,2,2,56962,56962,2,7b82a96b5e6d3f143462b27e570686751b511c2100aca624a20516d7d9e161bf
phase3_locked_full_v1,exploratory,locked,locked_benchmark,credit_card_fraud,pure_mavs_gc,synthetic_sensor_failure,1.0,shadow,2,2,56962,56962,2,f187ff71794f536f14ac91c0454ff5c4e1459be548399c16cfbcb47d577e6c9c
phase3_locked_full_v1,exploratory,locked,locked_benchmark,credit_card_fraud,single_model,specialist_failure,0.0,primary,3,3,85443,0,3,9852c6c4f6d7809ba5549b10fdd141f485d26d44b62e74cb54ce7ce00b5ced05
phase3_locked_full_v1,exploratory,locked,locked_benchmark,credit_card_fraud,mean_ensemble,specialist_failure,0.0,primary,3,3,85443,0,3,d869d0c819b57e1ff5f50d8dc3735b44c2753921ede8f3563408fd58e2137d08
phase3_locked_full_v1,exploratory,locked,locked_benchmark,credit_card_fraud,static_weighted_ensemble,specialist_failure,0.0,primary,3,3,85443,0,3,4b61660b8dfb601f955acda2e14dad881f38599f4e4eb4485221637d9aa79a51
phase3_locked_full_v1,exploratory,locked,locked_benchmark,credit_card_fraud,veto_mavs,specialist_failure,0.0,primary,3,3,85443,85443,3,518ddd55f329ba5b56fe08477272996229d601b0e437053c1e25e425879635d6
phase3_locked_full_v1,exploratory,locked,locked_benchmark,credit_card_fraud,pure_mavs_gc,specialist_failure,0.0,primary,3,3,85443,85443,3,c83b2f1864d30ed5f8ef2c234eaf454b75124983dd2c1cc75692c96e318b2448
phase3_locked_full_v1,exploratory,locked,locked_benchmark,credit_card_fraud,single_model,specialist_failure,0.0,shadow,2,2,56962,0,2,b2d2c1c444d512b80d36c5769333ef5487ed1c22a4c88718c6ed3bc4dacc72e3
phase3_locked_full_v1,exploratory,locked,locked_benchmark,credit_card_fraud,mean_ensemble,specialist_failure,0.0,shadow,2,2,56962,0,2,1842fb5feadbcfc9cd9eeb9e6bdae13e8ab264e6d75466a9f045b3759333953c
phase3_locked_full_v1,exploratory,locked,locked_benchmark,credit_card_fraud,static_weighted_ensemble,specialist_failure,0.0,shadow,2,2,56962,0,2,003c0a428736fdfa825611c70e9385df13d919f591a243771b6ea315e574c26b
phase3_locked_full_v1,exploratory,locked,locked_benchmark,credit_card_fraud,veto_mavs,specialist_failure,0.0,shadow,2,2,56962,56962,2,19feb195720f49e5b899e004806ce660323e5f865ffaaee80d765d7c5a1a4440
phase3_locked_full_v1,exploratory,locked,locked_benchmark,credit_card_fraud,pure_mavs_gc,specialist_failure,0.0,shadow,2,2,56962,56962,2,d6e32c510e341dce48f8def82cada1cd4d1e3d5da7e79e62a1732e50efd90a88
phase3_locked_full_v1,exploratory,locked,locked_benchmark,credit_card_fraud,single_model,specialist_failure,0.05,primary,3,3,85443,0,3,048c8239a09a9dcdbe05ee7cee61d826d39989e950d5c1dd7ac751b6411949a7
phase3_locked_full_v1,exploratory,locked,locked_benchmark,credit_card_fraud,mean_ensemble,specialist_failure,0.05,primary,3,3,85443,0,3,5997243161e8f347bb728bc76469a1740d9f4c555081727ed74d314882dc4b71
phase3_locked_full_v1,exploratory,locked,locked_benchmark,credit_card_fraud,static_weighted_ensemble,specialist_failure,0.05,primary,3,3,85443,0,3,8592636bf63afb58cde90b7744bad14d1a7c6bb0035165f73ba167fe6dc0965c
phase3_locked_full_v1,exploratory,locked,locked_benchmark,credit_card_fraud,veto_mavs,specialist_failure,0.05,primary,3,3,85443,85443,3,2c306773ba3642fd4b9e8db525992b298ae803a0198fb42abc98203d7465fdd8
phase3_locked_full_v1,exploratory,locked,locked_benchmark,credit_card_fraud,pure_mavs_gc,specialist_failure,0.05,primary,3,3,85443,85443,3,3790d871dd7bc1d7fbb65e8e704ada474dd164326c1de614a7963f5f73ef8ee3
phase3_locked_full_v1,exploratory,locked,locked_benchmark,credit_card_fraud,single_model,specialist_failure,0.05,shadow,2,2,56962,0,2,715d7e36606dd7311eeaf8a52887457f373008ade0c4bab5f89299bf8a787bcb
phase3_locked_full_v1,exploratory,locked,locked_benchmark,credit_card_fraud,mean_ensemble,specialist_failure,0.05,shadow,2,2,56962,0,2,7778a4153386888b29f25eba24805329cf3dc240436bd033629ac2ad9d7e4eb4
phase3_locked_full_v1,exploratory,locked,locked_benchmark,credit_card_fraud,static_weighted_ensemble,specialist_failure,0.05,shadow,2,2,56962,0,2,2d8ec31604bd3c65b8f6eb8ab67e7660517ac26bebfa3ad019ec0dba43972c83
phase3_locked_full_v1,exploratory,locked,locked_benchmark,credit_card_fraud,veto_mavs,specialist_failure,0.05,shadow,2,2,56962,56962,2,8250942339514d21c4e4c192ff7f875aae9f25c80fae8d5ef10c4a4b9d9d55ff
phase3_locked_full_v1,exploratory,locked,locked_benchmark,credit_card_fraud,pure_mavs_gc,specialist_failure,0.05,shadow,2,2,56962,56962,2,0cfec13e86de4037d7758154795fb42ec3c37933d58fd726ae592fd510041646
phase3_locked_full_v1,exploratory,locked,locked_benchmark,credit_card_fraud,single_model,specialist_failure,0.1,primary,3,3,85443,0,3,7af621b1581866b1b84c4d99d27e7939710d393bc8c119bd01f10ba3f1d9223b
phase3_locked_full_v1,exploratory,locked,locked_benchmark,credit_card_fraud,mean_ensemble,specialist_failure,0.1,primary,3,3,85443,0,3,66ec1c8094147b8dce6ab8bb6f314d8753115194fc7a6f3ddb9cce94b01b8c96
phase3_locked_full_v1,exploratory,locked,locked_benchmark,credit_card_fraud,static_weighted_ensemble,specialist_failure,0.1,primary,3,3,85443,0,3,088c75237110939b1247c83a5f94d3ea7488311927aace3c05407e0400c20759
phase3_locked_full_v1,exploratory,locked,locked_benchmark,credit_card_fraud,veto_mavs,specialist_failure,0.1,primary,3,3,85443,85443,3,503070235eda19045ee4d067778ebb15a5f0d232e28238191b0522dbb14f4ccb
phase3_locked_full_v1,exploratory,locked,locked_benchmark,credit_card_fraud,pure_mavs_gc,specialist_failure,0.1,primary,3,3,85443,85443,3,0b4acad0897b666629cf50446447ede2b487acf78420d71ab6ac10a744fc30db
phase3_locked_full_v1,exploratory,locked,locked_benchmark,credit_card_fraud,single_model,specialist_failure,0.1,shadow,2,2,56962,0,2,01bd7d91eef2e855d556db39088eb4b1992427b3af0c09b4ae2f458186692896
phase3_locked_full_v1,exploratory,locked,locked_benchmark,credit_card_fraud,mean_ensemble,specialist_failure,0.1,shadow,2,2,56962,0,2,1c6d21ec6bdf2db8cf092092cd2e5f7619c55f0fcef1eb57a7fd92b4be88cf3a
phase3_locked_full_v1,exploratory,locked,locked_benchmark,credit_card_fraud,static_weighted_ensemble,specialist_failure,0.1,shadow,2,2,56962,0,2,fd2e9cd67ac64c64993537f56264380f37d4078d78ada9aad833c028a3fd8ea8
phase3_locked_full_v1,exploratory,locked,locked_benchmark,credit_card_fraud,veto_mavs,specialist_failure,0.1,shadow,2,2,56962,56962,2,1e4d7b7a3ec454c79ed801036662685df4251471c8f010edd5158cdb0c3b2163
phase3_locked_full_v1,exploratory,locked,locked_benchmark,credit_card_fraud,pure_mavs_gc,specialist_failure,0.1,shadow,2,2,56962,56962,2,5030b8929a94b034a52d2314c3811c753ce721570b1d428f477874aaff357f55
phase3_locked_full_v1,exploratory,locked,locked_benchmark,credit_card_fraud,single_model,specialist_failure,0.2,primary,3,3,85443,0,3,50612ec0039ddbe04274ecb5c4159270d6caab4ee0c8ae22912835c48b07cc28
phase3_locked_full_v1,exploratory,locked,locked_benchmark,credit_card_fraud,mean_ensemble,specialist_failure,0.2,primary,3,3,85443,0,3,f9e7916c68eecd33526419e43d14c28ce7d68d22978a3d64139e52926f9eee13
phase3_locked_full_v1,exploratory,locked,locked_benchmark,credit_card_fraud,static_weighted_ensemble,specialist_failure,0.2,primary,3,3,85443,0,3,21d58ec2a1c8fe46c73600589cbd1181408ed093a5738d34521495e3977aa3a6
phase3_locked_full_v1,exploratory,locked,locked_benchmark,credit_card_fraud,veto_mavs,specialist_failure,0.2,primary,3,3,85443,85443,3,2a3a0ce1525c677cdf991e8838850d1420cb1d93acab388ade5357a0b956b30c
phase3_locked_full_v1,exploratory,locked,locked_benchmark,credit_card_fraud,pure_mavs_gc,specialist_failure,0.2,primary,3,3,85443,85443,3,54908cf1e1b464c2bb6c1084a6200f1cfe43ffa405b754c1f4d1e972a3ff375f
phase3_locked_full_v1,exploratory,locked,locked_benchmark,credit_card_fraud,single_model,specialist_failure,0.2,shadow,2,2,56962,0,2,5188d411d50d3f69b12309137fdb6d377616d36bb278f2b145b76c97a98d4e52
phase3_locked_full_v1,exploratory,locked,locked_benchmark,credit_card_fraud,mean_ensemble,specialist_failure,0.2,shadow,2,2,56962,0,2,1265fa75dc0d86def35309c7328a1e29087df72c822133f758670013cf74ee8e
phase3_locked_full_v1,exploratory,locked,locked_benchmark,credit_card_fraud,static_weighted_ensemble,specialist_failure,0.2,shadow,2,2,56962,0,2,47f10d59b1c08184272ddc6c4966dcc256c4e0534a4c162d805845cc449d2b46
phase3_locked_full_v1,exploratory,locked,locked_benchmark,credit_card_fraud,veto_mavs,specialist_failure,0.2,shadow,2,2,56962,56962,2,00754d96b0514fa3a0ad02f00f67b8b0811d7ba603d893a1636783d4b1e7fe14
phase3_locked_full_v1,exploratory,locked,locked_benchmark,credit_card_fraud,pure_mavs_gc,specialist_failure,0.2,shadow,2,2,56962,56962,2,0a1ceecfa49182ceef6de0343ea0b483c5fa6a6d0e0a8d5c847ab22bf7698f38
phase3_locked_full_v1,exploratory,locked,locked_benchmark,credit_card_fraud,single_model,specialist_failure,0.4,primary,3,3,85443,0,3,9adc9334dd80a01019c3b033df10629d3619d7343d3a042dabc0b2f4f2eb6adc
phase3_locked_full_v1,exploratory,locked,locked_benchmark,credit_card_fraud,mean_ensemble,specialist_failure,0.4,primary,3,3,85443,0,3,f14a73eb78ff88d1b4e60c43656ccf624f8ac563003b554b4834eb1533ca222b
phase3_locked_full_v1,exploratory,locked,locked_benchmark,credit_card_fraud,static_weighted_ensemble,specialist_failure,0.4,primary,3,3,85443,0,3,2a58ad659383e9ebda02070f72dfcff34c730d21b9fae6c316a6f4c0b906f864
phase3_locked_full_v1,exploratory,locked,locked_benchmark,credit_card_fraud,veto_mavs,specialist_failure,0.4,primary,3,3,85443,85443,3,ece4e44ec36abc8c458aafd8da3f3be4d360f6678d396671872bd16908b18081
phase3_locked_full_v1,exploratory,locked,locked_benchmark,credit_card_fraud,pure_mavs_gc,specialist_failure,0.4,primary,3,3,85443,85443,3,90494633a1f61211f2ac889b97cd0e4ccb4350fbb1104e9fb658bd75957e4a42
phase3_locked_full_v1,exploratory,locked,locked_benchmark,credit_card_fraud,single_model,specialist_failure,0.4,shadow,2,2,56962,0,2,8c56a6bf50d3fb94ff64f5922986d75a347fba587862d80becb664d9b1813682
phase3_locked_full_v1,exploratory,locked,locked_benchmark,credit_card_fraud,mean_ensemble,specialist_failure,0.4,shadow,2,2,56962,0,2,b81da12c082a2c6dfe3f66f242f2d984ce9ff110871776d9cfd5d2d5b86595ba
phase3_locked_full_v1,exploratory,locked,locked_benchmark,credit_card_fraud,static_weighted_ensemble,specialist_failure,0.4,shadow,2,2,56962,0,2,997f397941176f7c0ad5d6e0ce64b63a0ef27dfc6d95318c8193c5b7d99d3627
phase3_locked_full_v1,exploratory,locked,locked_benchmark,credit_card_fraud,veto_mavs,specialist_failure,0.4,shadow,2,2,56962,56962,2,fd48e8ff73126d7568d184bc328f792cf25876abfdf118e667e237ca4b53cd27
phase3_locked_full_v1,exploratory,locked,locked_benchmark,credit_card_fraud,pure_mavs_gc,specialist_failure,0.4,shadow,2,2,56962,56962,2,b435d7befec8e8ca78f3d6a4b13f2f81ac7c99d89a95e343fa9ddb13b78fcaeb
phase3_locked_full_v1,exploratory,locked,locked_benchmark,credit_card_fraud,single_model,specialist_failure,0.6,primary,3,3,85443,0,3,40ebeaa51bc2b891fdc4c2a7a15a17993609f3b6ab2d1a1bb4e0ddf85d46083c
phase3_locked_full_v1,exploratory,locked,locked_benchmark,credit_card_fraud,mean_ensemble,specialist_failure,0.6,primary,3,3,85443,0,3,53befb94640a1ad7e572a07d22735f692d0a0c68fe7fda8185e1aa1958d90a89
phase3_locked_full_v1,exploratory,locked,locked_benchmark,credit_card_fraud,static_weighted_ensemble,specialist_failure,0.6,primary,3,3,85443,0,3,95c0f1475a4885685d472597390b5e383d4524361e291286228a35953bc3252d
phase3_locked_full_v1,exploratory,locked,locked_benchmark,credit_card_fraud,veto_mavs,specialist_failure,0.6,primary,3,3,85443,85443,3,aeccb9198645cf5f390b42f2b5e1a6af00922d535b3ba79bb3273e552df37b7e
phase3_locked_full_v1,exploratory,locked,locked_benchmark,credit_card_fraud,pure_mavs_gc,specialist_failure,0.6,primary,3,3,85443,85443,3,33f3404ed792b5b41a8e840a2efa406714975994b43da89965d63617313a07d7
phase3_locked_full_v1,exploratory,locked,locked_benchmark,credit_card_fraud,single_model,specialist_failure,0.6,shadow,2,2,56962,0,2,1683a63f824fd619361396d63fe1672285f851a99e01b3655aae241dd44f1db4
phase3_locked_full_v1,exploratory,locked,locked_benchmark,credit_card_fraud,mean_ensemble,specialist_failure,0.6,shadow,2,2,56962,0,2,76d486e616727389c3ce1cd381a4409b71299e87dfa76fe754a859f87e8b78b0
phase3_locked_full_v1,exploratory,locked,locked_benchmark,credit_card_fraud,static_weighted_ensemble,specialist_failure,0.6,shadow,2,2,56962,0,2,9e671390e38806d7b44820e5fa086a564f38a5d4034d9332dcfe25f2e681638d
phase3_locked_full_v1,exploratory,locked,locked_benchmark,credit_card_fraud,veto_mavs,specialist_failure,0.6,shadow,2,2,56962,56962,2,08f76b490b4d3800e8a8776123794fa7250e5834ce2d01be1b8aeef8a554446f
phase3_locked_full_v1,exploratory,locked,locked_benchmark,credit_card_fraud,pure_mavs_gc,specialist_failure,0.6,shadow,2,2,56962,56962,2,43a7e4351619ae45c69735d1a884a76fd4b906af45d711f2aaa43cdf550263cc
phase3_locked_full_v1,exploratory,locked,locked_benchmark,credit_card_fraud,single_model,specialist_failure,0.8,primary,3,3,85443,0,3,609664b8e8ba6e163b0f1f73b3ea2bc2180cb25dd682004da3462ac5f3e1b23c
phase3_locked_full_v1,exploratory,locked,locked_benchmark,credit_card_fraud,mean_ensemble,specialist_failure,0.8,primary,3,3,85443,0,3,4691a7cf6e2c1db5f94c04d84b37d06ef6a601ccc036475f633c482a84a36cf4
phase3_locked_full_v1,exploratory,locked,locked_benchmark,credit_card_fraud,static_weighted_ensemble,specialist_failure,0.8,primary,3,3,85443,0,3,04d19ec3a22d8dc1580c6594cc4331514906a4d4c2ed89a89133698f4e7a71f6
phase3_locked_full_v1,exploratory,locked,locked_benchmark,credit_card_fraud,veto_mavs,specialist_failure,0.8,primary,3,3,85443,85443,3,e5cfcd51cdf710aa512167cf540c8e384196f23be66304a473569ae759ac66a5
phase3_locked_full_v1,exploratory,locked,locked_benchmark,credit_card_fraud,pure_mavs_gc,specialist_failure,0.8,primary,3,3,85443,85443,3,420dfb5feb122ac60d9042dd0b0c076d15fb2a56be062e80fd1898f2918b78a0
phase3_locked_full_v1,exploratory,locked,locked_benchmark,credit_card_fraud,single_model,specialist_failure,0.8,shadow,2,2,56962,0,2,22a1158a14e96cf10507155cece047f0bc58b6a004c6b277ac5d7fcc7f024edc
phase3_locked_full_v1,exploratory,locked,locked_benchmark,credit_card_fraud,mean_ensemble,specialist_failure,0.8,shadow,2,2,56962,0,2,3ae24b12280a0a6c8329eb49af1ceb801a43c6ea6a363df9e9dc2726618d0c58
phase3_locked_full_v1,exploratory,locked,locked_benchmark,credit_card_fraud,static_weighted_ensemble,specialist_failure,0.8,shadow,2,2,56962,0,2,ab608f68f7f28d916c6af4273110eecacb00e94336b4a81d947b621bc2fe4eae
phase3_locked_full_v1,exploratory,locked,locked_benchmark,credit_card_fraud,veto_mavs,specialist_failure,0.8,shadow,2,2,56962,56962,2,c0f44d89e091bfffe29c9260631ae2d8a3e9a0e2573fbcc5f735f0e591cccc74
phase3_locked_full_v1,exploratory,locked,locked_benchmark,credit_card_fraud,pure_mavs_gc,specialist_failure,0.8,shadow,2,2,56962,56962,2,e4981259f86b0b66a2739d1a9cd6aca8272eff3b803438d43d006326dbbd5e54
phase3_locked_full_v1,exploratory,locked,locked_benchmark,credit_card_fraud,single_model,specialist_failure,1.0,primary,3,3,85443,0,3,e3079c2e2d7658ab82e520c3d1675449b672aea4a876b74f48c90d951c7a31f2
phase3_locked_full_v1,exploratory,locked,locked_benchmark,credit_card_fraud,mean_ensemble,specialist_failure,1.0,primary,3,3,85443,0,3,76af6b7409c88530bf452f6dac81e607dbb2dcbc291930c5e3dcdeeec4f970f4
phase3_locked_full_v1,exploratory,locked,locked_benchmark,credit_card_fraud,static_weighted_ensemble,specialist_failure,1.0,primary,3,3,85443,0,3,7ed88dc79fbadb2724fcaef02c6e0eee6f271e215556e678b4bbd7bcf4b8eebd
phase3_locked_full_v1,exploratory,locked,locked_benchmark,credit_card_fraud,veto_mavs,specialist_failure,1.0,primary,3,3,85443,85443,3,e2b2fa031dcbfef861778e6125cfc1943cb4a209a3d6d3702d2d5c42edb4477f
phase3_locked_full_v1,exploratory,locked,locked_benchmark,credit_card_fraud,pure_mavs_gc,specialist_failure,1.0,primary,3,3,85443,85443,3,4ffa4acaa62ac51f15df1b406365bead7a8d1459d1b43d34fe8b8138df78aea5
phase3_locked_full_v1,exploratory,locked,locked_benchmark,credit_card_fraud,single_model,specialist_failure,1.0,shadow,2,2,56962,0,2,bb3c19bfc370146e3b6c1b459ddc4b8dbba318d53eafe4ebabcafd236430b38c
phase3_locked_full_v1,exploratory,locked,locked_benchmark,credit_card_fraud,mean_ensemble,specialist_failure,1.0,shadow,2,2,56962,0,2,69fbcc7c9f795b211fcdb8933a0f13bd1c513ca1e50c7c4e4a9ececd4c1c441d
phase3_locked_full_v1,exploratory,locked,locked_benchmark,credit_card_fraud,static_weighted_ensemble,specialist_failure,1.0,shadow,2,2,56962,0,2,5449ea4e9b123fb92e9168363ffd76e1646aca7b3f78b2fbe5ac4a98d8f45c4b
phase3_locked_full_v1,exploratory,locked,locked_benchmark,credit_card_fraud,veto_mavs,specialist_failure,1.0,shadow,2,2,56962,56962,2,27eda6fd4e4d3a42c0147fe0aa346997c1f7f3085cbf41a002dbba60665d5024
phase3_locked_full_v1,exploratory,locked,locked_benchmark,credit_card_fraud,pure_mavs_gc,specialist_failure,1.0,shadow,2,2,56962,56962,2,2275500f603808007bfaf7c97b0ddca44253ad687c7a7150b0a8883740e3c010
phase3_locked_full_v1,exploratory,locked,locked_benchmark,bank_marketing,single_model,feature_noise,0.0,primary,3,3,13563,0,3,240b729756ceed76188e4b6f0549f502546705b46faa9913da350b31185cf3fe
phase3_locked_full_v1,exploratory,locked,locked_benchmark,bank_marketing,mean_ensemble,feature_noise,0.0,primary,3,3,13563,0,3,04d2e7680c78238d808fe2f9202558a22f5f9ce6c35041efc6848b35b66a78ce
phase3_locked_full_v1,exploratory,locked,locked_benchmark,bank_marketing,static_weighted_ensemble,feature_noise,0.0,primary,3,3,13563,0,3,ee2ec9ca2b5b0ea6b84fe2a97f255478c8e57617eefe0808987bb7661efa7f02
phase3_locked_full_v1,exploratory,locked,locked_benchmark,bank_marketing,veto_mavs,feature_noise,0.0,primary,3,3,13563,13563,3,6ba1c0c89b74a82982c26c852875e28088c775e2f10bf1ef52036d622b156d43
phase3_locked_full_v1,exploratory,locked,locked_benchmark,bank_marketing,pure_mavs_gc,feature_noise,0.0,primary,3,3,13563,13563,3,53b31c4c2bf2a04694158d068af165f165088a40ae8c06020b39cdc1af6f901a
phase3_locked_full_v1,exploratory,locked,locked_benchmark,bank_marketing,single_model,feature_noise,0.0,shadow,2,2,9042,0,2,855421d4a9eb0e86397744d4bf9c218730423fe13a36bc5b9ae538d26cbdaa64
phase3_locked_full_v1,exploratory,locked,locked_benchmark,bank_marketing,mean_ensemble,feature_noise,0.0,shadow,2,2,9042,0,2,8fc342f413c415d2d6c23ab221a3443ad25969a941e49a66e32866eaa9b225d6
phase3_locked_full_v1,exploratory,locked,locked_benchmark,bank_marketing,static_weighted_ensemble,feature_noise,0.0,shadow,2,2,9042,0,2,cfd96b4c620964d95311af50264c8affac03371d1deed2829f8e0790e9568c2c
phase3_locked_full_v1,exploratory,locked,locked_benchmark,bank_marketing,veto_mavs,feature_noise,0.0,shadow,2,2,9042,9042,2,16774402d120c4a27503be1bf29bfbe0020225f4b90cd6987ec715741dea73b0
phase3_locked_full_v1,exploratory,locked,locked_benchmark,bank_marketing,pure_mavs_gc,feature_noise,0.0,shadow,2,2,9042,9042,2,471c445aebe023d8cfeb72b84af5fc58bf367d2dd2b1eac05f4b89da45b3ddf6
phase3_locked_full_v1,exploratory,locked,locked_benchmark,bank_marketing,single_model,feature_noise,0.05,primary,3,3,13563,0,3,2610af35d9ce11f5b29de01f982641976cca99099dfde90d49794dca1e2d4afc
phase3_locked_full_v1,exploratory,locked,locked_benchmark,bank_marketing,mean_ensemble,feature_noise,0.05,primary,3,3,13563,0,3,a56880c5648a40fdde6fec79b28bb49e4a5ea287b17e6a2640e6bc796e999c18
phase3_locked_full_v1,exploratory,locked,locked_benchmark,bank_marketing,static_weighted_ensemble,feature_noise,0.05,primary,3,3,13563,0,3,40baffb7bd0dbf2eb032cee41385eb284f8425e75f84dd4803337a562ee40fd4
phase3_locked_full_v1,exploratory,locked,locked_benchmark,bank_marketing,veto_mavs,feature_noise,0.05,primary,3,3,13563,13563,3,f29d340c9a1ae5793293eceed3d02e612d5f966a99853531d5c76993cd3301ed
phase3_locked_full_v1,exploratory,locked,locked_benchmark,bank_marketing,pure_mavs_gc,feature_noise,0.05,primary,3,3,13563,13563,3,8272a596ab5efa9da2791ad06b8d0dcef464a7742f8becf5c1b55450c4ae616a
phase3_locked_full_v1,exploratory,locked,locked_benchmark,bank_marketing,single_model,feature_noise,0.05,shadow,2,2,9042,0,2,469cd26d244335d8154d51707e8737a8e1bcadd57f02dbf1f0fae97ea497310d
phase3_locked_full_v1,exploratory,locked,locked_benchmark,bank_marketing,mean_ensemble,feature_noise,0.05,shadow,2,2,9042,0,2,6e006153766ab231df4e1bf4e1ff19af95de1cb708a90c36da49e5409d5840bc
phase3_locked_full_v1,exploratory,locked,locked_benchmark,bank_marketing,static_weighted_ensemble,feature_noise,0.05,shadow,2,2,9042,0,2,58d7d4841e99acd254fac64b169ec723b4b6b857f487d4ff2eeb4d678fdecb31
phase3_locked_full_v1,exploratory,locked,locked_benchmark,bank_marketing,veto_mavs,feature_noise,0.05,shadow,2,2,9042,9042,2,6b655c1cec8073dab3f0963905bae70511f519776fb0cbfad114b6b8843f06e0
phase3_locked_full_v1,exploratory,locked,locked_benchmark,bank_marketing,pure_mavs_gc,feature_noise,0.05,shadow,2,2,9042,9042,2,f4b741f01f146c7d09191d7a2815e829e07a529542b71a2d1df7b4443bbc8ac9
phase3_locked_full_v1,exploratory,locked,locked_benchmark,bank_marketing,single_model,feature_noise,0.1,primary,3,3,13563,0,3,43009ee13e1ec7fb2f32040cf0fcd42faef0ab867a542629355d0a1d76495bed
phase3_locked_full_v1,exploratory,locked,locked_benchmark,bank_marketing,mean_ensemble,feature_noise,0.1,primary,3,3,13563,0,3,fbf4d0f7f680aebed97476166b80095223513f2ee8cf38587038c9c5dfcb10a3
phase3_locked_full_v1,exploratory,locked,locked_benchmark,bank_marketing,static_weighted_ensemble,feature_noise,0.1,primary,3,3,13563,0,3,940f61c2f8d53455ba37ab44cb8146fc198a7b3b4237c3a5da00447c04107a99
phase3_locked_full_v1,exploratory,locked,locked_benchmark,bank_marketing,veto_mavs,feature_noise,0.1,primary,3,3,13563,13563,3,3c3b3fd9f68a84ee4e97ff35d5811b7f74ffa9c2c0a3577f3dfee9b6bfc26990
phase3_locked_full_v1,exploratory,locked,locked_benchmark,bank_marketing,pure_mavs_gc,feature_noise,0.1,primary,3,3,13563,13563,3,7295ae5aea27660ea1d847354b45698ed92bc43567456f9bff32ad0a6881deda
phase3_locked_full_v1,exploratory,locked,locked_benchmark,bank_marketing,single_model,feature_noise,0.1,shadow,2,2,9042,0,2,28227bda98b6fe0fb06d0d951d1b000a2211e4d4d5a7a2ace2e5a868358f081d
phase3_locked_full_v1,exploratory,locked,locked_benchmark,bank_marketing,mean_ensemble,feature_noise,0.1,shadow,2,2,9042,0,2,ec5e12d4fb1ed6c32c479e0cd27a5f0bf0e04620e77fada61a75ffd06255680e
phase3_locked_full_v1,exploratory,locked,locked_benchmark,bank_marketing,static_weighted_ensemble,feature_noise,0.1,shadow,2,2,9042,0,2,9da1bd2e547824daa24abb3f5707251e28bb5ffa347d4dad89c8deb711162997
phase3_locked_full_v1,exploratory,locked,locked_benchmark,bank_marketing,veto_mavs,feature_noise,0.1,shadow,2,2,9042,9042,2,0fa34ef5e27bb68c0c20be259a7ef544ee03c52dd2c771a0176e89004ae1dcc3
phase3_locked_full_v1,exploratory,locked,locked_benchmark,bank_marketing,pure_mavs_gc,feature_noise,0.1,shadow,2,2,9042,9042,2,4178efddbd61d01b57376c98aa27f768194308e8810330f6fed92055817c890d
phase3_locked_full_v1,exploratory,locked,locked_benchmark,bank_marketing,single_model,feature_noise,0.2,primary,3,3,13563,0,3,5c9bc7957717df3a491d897d9a61d7621645157056a21795a2d128592061c61a
phase3_locked_full_v1,exploratory,locked,locked_benchmark,bank_marketing,mean_ensemble,feature_noise,0.2,primary,3,3,13563,0,3,e18d008db2491d8cd65c67674697589f215beda4143204fec48edf99f559d787
phase3_locked_full_v1,exploratory,locked,locked_benchmark,bank_marketing,static_weighted_ensemble,feature_noise,0.2,primary,3,3,13563,0,3,31a8578954b719a2e7d51443cd057521eb593f57528ed04b7870f0e74a28dd4f
phase3_locked_full_v1,exploratory,locked,locked_benchmark,bank_marketing,veto_mavs,feature_noise,0.2,primary,3,3,13563,13563,3,af5a235d0bbaf3cca83e3bcdbebee907a0e32f7fa5ad48d34c42c1873ca4553a
phase3_locked_full_v1,exploratory,locked,locked_benchmark,bank_marketing,pure_mavs_gc,feature_noise,0.2,primary,3,3,13563,13563,3,13739e19ca16928cc8b3fc72512303352fd2ee52105006a05671ec61b102211b
phase3_locked_full_v1,exploratory,locked,locked_benchmark,bank_marketing,single_model,feature_noise,0.2,shadow,2,2,9042,0,2,5973e012d38acbbfb44fb4af92e97a8f81191b5a54794b4f584b05796ef848e5
phase3_locked_full_v1,exploratory,locked,locked_benchmark,bank_marketing,mean_ensemble,feature_noise,0.2,shadow,2,2,9042,0,2,1e28e582f1f9e13a9f07ce1b91ae070144e7916d4722423254e5f5bf4e2fefde
phase3_locked_full_v1,exploratory,locked,locked_benchmark,bank_marketing,static_weighted_ensemble,feature_noise,0.2,shadow,2,2,9042,0,2,45607728c38fd362a394c51444c313938b92481463de164f463344584a75e3ee
phase3_locked_full_v1,exploratory,locked,locked_benchmark,bank_marketing,veto_mavs,feature_noise,0.2,shadow,2,2,9042,9042,2,de2c2845f61f21c15e7d1d637a6e75dce27d5d1ee67cd2d822095f45fca5904e
phase3_locked_full_v1,exploratory,locked,locked_benchmark,bank_marketing,pure_mavs_gc,feature_noise,0.2,shadow,2,2,9042,9042,2,47e22f5ff004e0f0481d7455714004df23db2addeb39de636d6f94c0fbb48b02
phase3_locked_full_v1,exploratory,locked,locked_benchmark,bank_marketing,single_model,feature_noise,0.4,primary,3,3,13563,0,3,db6af95ec6a00190d4736564bec167c4ad413566f8885f46838bd917b7de4538
phase3_locked_full_v1,exploratory,locked,locked_benchmark,bank_marketing,mean_ensemble,feature_noise,0.4,primary,3,3,13563,0,3,7c2db65eb066c7dd65be7a85ecc41d86e1a34b71f0697fc7861c03d24005c972
phase3_locked_full_v1,exploratory,locked,locked_benchmark,bank_marketing,static_weighted_ensemble,feature_noise,0.4,primary,3,3,13563,0,3,368b2ccdace1ed2742a5941303a3545c629effa38df1a03a4fcf53d154cd12d3
phase3_locked_full_v1,exploratory,locked,locked_benchmark,bank_marketing,veto_mavs,feature_noise,0.4,primary,3,3,13563,13563,3,a34d111d623096ccb8b71fe4f7e334aadb30839be39112b0e8aba13ef2d6fb50
phase3_locked_full_v1,exploratory,locked,locked_benchmark,bank_marketing,pure_mavs_gc,feature_noise,0.4,primary,3,3,13563,13563,3,d3068adcf863dcda262ad7369a91afb810c9339a650212ca4e30854bfe00e5b7
phase3_locked_full_v1,exploratory,locked,locked_benchmark,bank_marketing,single_model,feature_noise,0.4,shadow,2,2,9042,0,2,5673d604d136f9f1b597cd757c2b3e79ef878a3b45a370c06d5c7d2bf014db43
phase3_locked_full_v1,exploratory,locked,locked_benchmark,bank_marketing,mean_ensemble,feature_noise,0.4,shadow,2,2,9042,0,2,55a1f2b1d4ee03f064836b378442c93b88e94c238364143afb267f0ecea15897
phase3_locked_full_v1,exploratory,locked,locked_benchmark,bank_marketing,static_weighted_ensemble,feature_noise,0.4,shadow,2,2,9042,0,2,b1f256ead5741613340263e8ab89d6aa520386a6f4e470db2859987d5e5d19e9
phase3_locked_full_v1,exploratory,locked,locked_benchmark,bank_marketing,veto_mavs,feature_noise,0.4,shadow,2,2,9042,9042,2,d3f028e5b47658b9fec3fb3a2c1ac2375b1649868ac84cdf45af77cb14c3d720
phase3_locked_full_v1,exploratory,locked,locked_benchmark,bank_marketing,pure_mavs_gc,feature_noise,0.4,shadow,2,2,9042,9042,2,de87486059077760dd39d0297126f0de4a6f470c64582295585212898e37749b
phase3_locked_full_v1,exploratory,locked,locked_benchmark,bank_marketing,single_model,feature_noise,0.6,primary,3,3,13563,0,3,4b42863b21bee9b8f38cda37a4a21b61ea011212db343e54d0abbe36315e7651
phase3_locked_full_v1,exploratory,locked,locked_benchmark,bank_marketing,mean_ensemble,feature_noise,0.6,primary,3,3,13563,0,3,caec3b75d7e37a81ea87ecc40791106ccb5faee4cc7db39000da630c29a8b1cd
phase3_locked_full_v1,exploratory,locked,locked_benchmark,bank_marketing,static_weighted_ensemble,feature_noise,0.6,primary,3,3,13563,0,3,43d5b7a3b79dbc1c8ed8303bf01dbe4fb981310efa6a4c07258a6fc6c2e041a8
phase3_locked_full_v1,exploratory,locked,locked_benchmark,bank_marketing,veto_mavs,feature_noise,0.6,primary,3,3,13563,13563,3,51ff7e3dd02cf3da19c7f844c82fc62b851420fbe230a4e463d18b293dbcf65d
phase3_locked_full_v1,exploratory,locked,locked_benchmark,bank_marketing,pure_mavs_gc,feature_noise,0.6,primary,3,3,13563,13563,3,02851270b3c0c573900425b27f2298e16aecc79b37b34dd5c8decc84d2aa80ca
phase3_locked_full_v1,exploratory,locked,locked_benchmark,bank_marketing,single_model,feature_noise,0.6,shadow,2,2,9042,0,2,ed2ed01908dccbd216c5476b1fce6f9376a91592af4ebdb978de83ae383bed55
phase3_locked_full_v1,exploratory,locked,locked_benchmark,bank_marketing,mean_ensemble,feature_noise,0.6,shadow,2,2,9042,0,2,7aa6b75ccb204a72fdc1f659af84570b021b112b541e0cb495e5ee954f3cdf8e
phase3_locked_full_v1,exploratory,locked,locked_benchmark,bank_marketing,static_weighted_ensemble,feature_noise,0.6,shadow,2,2,9042,0,2,66628884867b4f5a74216946b45e2517836cb96c9e3fef81a4de6161cb1d9ba9
phase3_locked_full_v1,exploratory,locked,locked_benchmark,bank_marketing,veto_mavs,feature_noise,0.6,shadow,2,2,9042,9042,2,01ff4f586bf17eb4f16bb503e7b1df1aae042108d88c384faa139938e0b2f479
phase3_locked_full_v1,exploratory,locked,locked_benchmark,bank_marketing,pure_mavs_gc,feature_noise,0.6,shadow,2,2,9042,9042,2,05dacf9c234b4ac0424236361955bbd01fabe9bfab66acb28de9ab469019be4a
phase3_locked_full_v1,exploratory,locked,locked_benchmark,bank_marketing,single_model,feature_noise,0.8,primary,3,3,13563,0,3,c69d767f7b6e4261a867720b56993c2b0f4233385a02a40e1ffb789b584e511c
phase3_locked_full_v1,exploratory,locked,locked_benchmark,bank_marketing,mean_ensemble,feature_noise,0.8,primary,3,3,13563,0,3,b98b23b7027a0f10631427ba4305c53738fb8de3024c24c698fb5a2afb09bd61
phase3_locked_full_v1,exploratory,locked,locked_benchmark,bank_marketing,static_weighted_ensemble,feature_noise,0.8,primary,3,3,13563,0,3,d10317a81ebaf7e4c2e93c6f56911bb164d42feb0a96b04ca0782eb7c870a489
phase3_locked_full_v1,exploratory,locked,locked_benchmark,bank_marketing,veto_mavs,feature_noise,0.8,primary,3,3,13563,13563,3,75ace2f5ed40492ce01a2505196ca278b5fd2a1e42200b96506926ad9998693e
phase3_locked_full_v1,exploratory,locked,locked_benchmark,bank_marketing,pure_mavs_gc,feature_noise,0.8,primary,3,3,13563,13563,3,a1963e93b90334a88a5fe69e185a588726b2c280409e25db45ab1c4263a454ba
phase3_locked_full_v1,exploratory,locked,locked_benchmark,bank_marketing,single_model,feature_noise,0.8,shadow,2,2,9042,0,2,cb949f5af20c7662246ec3e45c7585435d60604dad6413011df4e23df766658b
phase3_locked_full_v1,exploratory,locked,locked_benchmark,bank_marketing,mean_ensemble,feature_noise,0.8,shadow,2,2,9042,0,2,94d4a8660bda3d2593876a1c6b4b66a10c05b9805998e15d64f401caf6b50cd2
phase3_locked_full_v1,exploratory,locked,locked_benchmark,bank_marketing,static_weighted_ensemble,feature_noise,0.8,shadow,2,2,9042,0,2,ccd576cb3249757dcf1442c8a24accce575226e1cb889ce4212f164d7c2b83f0
phase3_locked_full_v1,exploratory,locked,locked_benchmark,bank_marketing,veto_mavs,feature_noise,0.8,shadow,2,2,9042,9042,2,524ed17cbfba65abbc84c25483973c31d4ca1b3ccd4f35e393c07528eca3f18b
phase3_locked_full_v1,exploratory,locked,locked_benchmark,bank_marketing,pure_mavs_gc,feature_noise,0.8,shadow,2,2,9042,9042,2,dde1aa925116c46c716ebd9709be2ecd8838f8e54aafd8b0fb3cb6a5fa8a6bed
phase3_locked_full_v1,exploratory,locked,locked_benchmark,bank_marketing,single_model,feature_noise,1.0,primary,3,3,13563,0,3,ef57a2faa19882a3ed6bf413fb0d5c1aa812452082462ba9013209abb5f31cd7
phase3_locked_full_v1,exploratory,locked,locked_benchmark,bank_marketing,mean_ensemble,feature_noise,1.0,primary,3,3,13563,0,3,a1c8dc83afcc33c82fa9fb514a290a75abe63bca7ed256874161e9797eaf58f5
phase3_locked_full_v1,exploratory,locked,locked_benchmark,bank_marketing,static_weighted_ensemble,feature_noise,1.0,primary,3,3,13563,0,3,3e3fe897135be433e65280772e67ec74c8dbf765e0a673eb7cbc60a07f2f4043
phase3_locked_full_v1,exploratory,locked,locked_benchmark,bank_marketing,veto_mavs,feature_noise,1.0,primary,3,3,13563,13563,3,201aaf0db0d4a0cf91107c7a26cfd8a0b80c0deadc0a2fbcab8df1e4cf765e79
phase3_locked_full_v1,exploratory,locked,locked_benchmark,bank_marketing,pure_mavs_gc,feature_noise,1.0,primary,3,3,13563,13563,3,a681e347bcdb86bce7336a92018cb63bccd1977825058b233c3f082fdbe13934
phase3_locked_full_v1,exploratory,locked,locked_benchmark,bank_marketing,single_model,feature_noise,1.0,shadow,2,2,9042,0,2,17b857be6c8ad6549e2aaa02738c5ce9a0ee5acb5917109241705e38f91825aa
phase3_locked_full_v1,exploratory,locked,locked_benchmark,bank_marketing,mean_ensemble,feature_noise,1.0,shadow,2,2,9042,0,2,2b55a37a7e05cb1124602cda2fb9622e59cc387f6be85c85d1b39125e29cd747
phase3_locked_full_v1,exploratory,locked,locked_benchmark,bank_marketing,static_weighted_ensemble,feature_noise,1.0,shadow,2,2,9042,0,2,a3fedfbc973da01481211a23ef764757ff4f3c5bafb52237d594b0f72e278caa
phase3_locked_full_v1,exploratory,locked,locked_benchmark,bank_marketing,veto_mavs,feature_noise,1.0,shadow,2,2,9042,9042,2,f8676ceec4373797245db257e233dd66d9600d0401abb55616cf1ea577238215
phase3_locked_full_v1,exploratory,locked,locked_benchmark,bank_marketing,pure_mavs_gc,feature_noise,1.0,shadow,2,2,9042,9042,2,478f0600c40ee0dece5505ac473cea9a84322a387a67a903410c5c56f2e8392c
phase3_locked_full_v1,exploratory,locked,locked_benchmark,bank_marketing,single_model,missing_features,0.0,primary,3,3,13563,0,3,bc1e11cfae1466548678038f9d85b90b413c14dc181f6837d07222984b9df7f1
phase3_locked_full_v1,exploratory,locked,locked_benchmark,bank_marketing,mean_ensemble,missing_features,0.0,primary,3,3,13563,0,3,10f8ed5eacea63df2d543c0afe4a59232c316290f9d49f44465bf6af1685701a
phase3_locked_full_v1,exploratory,locked,locked_benchmark,bank_marketing,static_weighted_ensemble,missing_features,0.0,primary,3,3,13563,0,3,0872c9b7e11f3ea53dc4934878b1b578833c05cdd4694383e13439cb938eefa3
phase3_locked_full_v1,exploratory,locked,locked_benchmark,bank_marketing,veto_mavs,missing_features,0.0,primary,3,3,13563,13563,3,54afceaccaa6b7e8ddd8391d1eb07d0f5d533a43412da9a9fd87d214d36bff27
phase3_locked_full_v1,exploratory,locked,locked_benchmark,bank_marketing,pure_mavs_gc,missing_features,0.0,primary,3,3,13563,13563,3,da4b97daafa91d091c03b5188ce81e599013e08cff9c4d8fbf1c83d0002eb4e3
phase3_locked_full_v1,exploratory,locked,locked_benchmark,bank_marketing,single_model,missing_features,0.0,shadow,2,2,9042,0,2,92f1b8ba2382565fea9c10dc78f2a62667b149e9c0fa20b3fc1aab9a31ad4395
phase3_locked_full_v1,exploratory,locked,locked_benchmark,bank_marketing,mean_ensemble,missing_features,0.0,shadow,2,2,9042,0,2,96eef67e6cdcbe506845298fd21b1afe0bfb294c43d18a703466fc0ce7b620c5
phase3_locked_full_v1,exploratory,locked,locked_benchmark,bank_marketing,static_weighted_ensemble,missing_features,0.0,shadow,2,2,9042,0,2,ab2c22e366b30b7ff60d426f6e82f4255a98dd64f7f3674008be5ee9fb6ea862
phase3_locked_full_v1,exploratory,locked,locked_benchmark,bank_marketing,veto_mavs,missing_features,0.0,shadow,2,2,9042,9042,2,476c212645c12b33d7dd8bb11dc4792766efec01bf8e63fc972be85faa777077
phase3_locked_full_v1,exploratory,locked,locked_benchmark,bank_marketing,pure_mavs_gc,missing_features,0.0,shadow,2,2,9042,9042,2,89839d792382a938112af243aa109aca9dc6888a53f2ff222633e3b6dd0cf60f
phase3_locked_full_v1,exploratory,locked,locked_benchmark,bank_marketing,single_model,missing_features,0.05,primary,3,3,13563,0,3,f29a14c2dddbe75c6fd6cba4a2357fcd9a08449c34ccedd9db4fcaf64a64c21b
phase3_locked_full_v1,exploratory,locked,locked_benchmark,bank_marketing,mean_ensemble,missing_features,0.05,primary,3,3,13563,0,3,be27e424296f9038136e75b9ac58be540f3ebfedca0d36e8925eecd29e548704
phase3_locked_full_v1,exploratory,locked,locked_benchmark,bank_marketing,static_weighted_ensemble,missing_features,0.05,primary,3,3,13563,0,3,3777870c69d6727781e1417ec766adf963e539863f626e60e8c67ac8e10be11f
phase3_locked_full_v1,exploratory,locked,locked_benchmark,bank_marketing,veto_mavs,missing_features,0.05,primary,3,3,13563,13563,3,221b4db1d9c4d5a509ef6868c3d2a19bd531b9a44481a59537b78a5b1d79844d
phase3_locked_full_v1,exploratory,locked,locked_benchmark,bank_marketing,pure_mavs_gc,missing_features,0.05,primary,3,3,13563,13563,3,1ad30bc550f1e44b54700fac9d00f4ce00d3656964a26af2197b2cd5561b2857
phase3_locked_full_v1,exploratory,locked,locked_benchmark,bank_marketing,single_model,missing_features,0.05,shadow,2,2,9042,0,2,b1313b38ce97ff4af0be087dabf039b10d63a35abcd82b0fb6c0442badcbacda
phase3_locked_full_v1,exploratory,locked,locked_benchmark,bank_marketing,mean_ensemble,missing_features,0.05,shadow,2,2,9042,0,2,39342c1639adad5d813b96ca5a61e898ff9766017aa4a4bcff516a07a05baa15
phase3_locked_full_v1,exploratory,locked,locked_benchmark,bank_marketing,static_weighted_ensemble,missing_features,0.05,shadow,2,2,9042,0,2,f10891a973e3adf1014b9e815e5206e010f930a8190d1e3e23fba84835476251
phase3_locked_full_v1,exploratory,locked,locked_benchmark,bank_marketing,veto_mavs,missing_features,0.05,shadow,2,2,9042,9042,2,37725bb0e1771777a721fde24f6e070063c78ac419adb449e695de5cc4f6630a
phase3_locked_full_v1,exploratory,locked,locked_benchmark,bank_marketing,pure_mavs_gc,missing_features,0.05,shadow,2,2,9042,9042,2,4efe04f57287b26c2eb76dd5e9a1e18f2eecce3c38188f62f7c23b68242a5cb6
phase3_locked_full_v1,exploratory,locked,locked_benchmark,bank_marketing,single_model,missing_features,0.1,primary,3,3,13563,0,3,61e2763a39f33d9d8c019944940de0644968b34c7ce842de630b11ec73b160cb
phase3_locked_full_v1,exploratory,locked,locked_benchmark,bank_marketing,mean_ensemble,missing_features,0.1,primary,3,3,13563,0,3,8730b1e5bbfdaeb468cd8124bfc984fb4c973b3521bee47dd5045945565e8be4
phase3_locked_full_v1,exploratory,locked,locked_benchmark,bank_marketing,static_weighted_ensemble,missing_features,0.1,primary,3,3,13563,0,3,81b11250c908e40c11e6e506f3b393af4fb87743d44ef17014b33c73962d9e33
phase3_locked_full_v1,exploratory,locked,locked_benchmark,bank_marketing,veto_mavs,missing_features,0.1,primary,3,3,13563,13563,3,174a3b11b4e3892a742afbfe4a1ef52cd1846abd5f693faa8b0eea5a116d03c2
phase3_locked_full_v1,exploratory,locked,locked_benchmark,bank_marketing,pure_mavs_gc,missing_features,0.1,primary,3,3,13563,13563,3,a2badfb76ce032bebf09194261bc9cf27ad2bd1d48592478f22c5286c39270e1
phase3_locked_full_v1,exploratory,locked,locked_benchmark,bank_marketing,single_model,missing_features,0.1,shadow,2,2,9042,0,2,5718056b9577efbe3b1b3571a5df21c23365693e6281ef13b1931dc1c685d353
phase3_locked_full_v1,exploratory,locked,locked_benchmark,bank_marketing,mean_ensemble,missing_features,0.1,shadow,2,2,9042,0,2,43965b9c4f2f78774b862f24030249f64d5a3292950339346e1dbecbdc63b08a
phase3_locked_full_v1,exploratory,locked,locked_benchmark,bank_marketing,static_weighted_ensemble,missing_features,0.1,shadow,2,2,9042,0,2,06dd6117d0748ff87e8d2c545bcefa89aedd097e9cb69a15bd17ad7df46e9277
phase3_locked_full_v1,exploratory,locked,locked_benchmark,bank_marketing,veto_mavs,missing_features,0.1,shadow,2,2,9042,9042,2,eebd7e4e2230095e42e84b9e8d92a4864e2a071a5c8d9c7fceab450df5d95e39
phase3_locked_full_v1,exploratory,locked,locked_benchmark,bank_marketing,pure_mavs_gc,missing_features,0.1,shadow,2,2,9042,9042,2,e821bd09a93ddac79382bb10d70b80571b67c2ee033d96254d42604511616713
phase3_locked_full_v1,exploratory,locked,locked_benchmark,bank_marketing,single_model,missing_features,0.2,primary,3,3,13563,0,3,3273dc4a9c67856b83d71b9f116279178344c9ccaaed181f84da34a7dc96219a
phase3_locked_full_v1,exploratory,locked,locked_benchmark,bank_marketing,mean_ensemble,missing_features,0.2,primary,3,3,13563,0,3,60b9c3376cef29134c49fe54b43137cfd20bb627cc8838f09b9498bb6044ecb9
phase3_locked_full_v1,exploratory,locked,locked_benchmark,bank_marketing,static_weighted_ensemble,missing_features,0.2,primary,3,3,13563,0,3,a082d140a609155f2977dfb58dffc6179952ce3b11c206a35f78d19a6e5f04fb
phase3_locked_full_v1,exploratory,locked,locked_benchmark,bank_marketing,veto_mavs,missing_features,0.2,primary,3,3,13563,13563,3,43f417f23c0ac7e7e80578826cdf39e81fbee4f5299b2890ae6e608ce8303e16
phase3_locked_full_v1,exploratory,locked,locked_benchmark,bank_marketing,pure_mavs_gc,missing_features,0.2,primary,3,3,13563,13563,3,4c24307055cbfdd13b9717c674df8571d312ec6417b05856cb31b7a10a8a1a88
phase3_locked_full_v1,exploratory,locked,locked_benchmark,bank_marketing,single_model,missing_features,0.2,shadow,2,2,9042,0,2,3f5b68be6f4acdb7aa85b0bcaba0bbff719231f6d021d4b0a037397210ca4d2b
phase3_locked_full_v1,exploratory,locked,locked_benchmark,bank_marketing,mean_ensemble,missing_features,0.2,shadow,2,2,9042,0,2,e928681b3cec181bf03ee82bf2ae9ff2ca12228cee0377cb6bd11e500501e5d5
phase3_locked_full_v1,exploratory,locked,locked_benchmark,bank_marketing,static_weighted_ensemble,missing_features,0.2,shadow,2,2,9042,0,2,7fdb936ca9a142a15e49ea2f98a98581e19d796783633c76c40f831abc7a6338
phase3_locked_full_v1,exploratory,locked,locked_benchmark,bank_marketing,veto_mavs,missing_features,0.2,shadow,2,2,9042,9042,2,81541010ae23e4633a0bd0b0a2d0bfde6e284a848392f4fdb5c0ae9192520b73
phase3_locked_full_v1,exploratory,locked,locked_benchmark,bank_marketing,pure_mavs_gc,missing_features,0.2,shadow,2,2,9042,9042,2,2ca8d14ba943727b5910bc50e93b6f84b6bd1ef4a2e81491da07f6f225214dc0
phase3_locked_full_v1,exploratory,locked,locked_benchmark,bank_marketing,single_model,missing_features,0.4,primary,3,3,13563,0,3,ed7fe7f3b11a828de154051760fb2ec866739ad3df161dfa478fcb367f273cf5
phase3_locked_full_v1,exploratory,locked,locked_benchmark,bank_marketing,mean_ensemble,missing_features,0.4,primary,3,3,13563,0,3,af691387988c3189e9399c71756aa1106465a85e1cc9d11074f195dd9a03ef33
phase3_locked_full_v1,exploratory,locked,locked_benchmark,bank_marketing,static_weighted_ensemble,missing_features,0.4,primary,3,3,13563,0,3,291f0ab9324904f8ebdf77cd2465d83f0f28b0e854daeb47ae5146c82790b8f5
phase3_locked_full_v1,exploratory,locked,locked_benchmark,bank_marketing,veto_mavs,missing_features,0.4,primary,3,3,13563,13563,3,9294d27e13453b50279934e4488e341d9e63d9fe985a945a94291ca3cff84fbf
phase3_locked_full_v1,exploratory,locked,locked_benchmark,bank_marketing,pure_mavs_gc,missing_features,0.4,primary,3,3,13563,13563,3,d78b920fcf32bb3f8f1f1c19170df206c02fb5db792f496b82f4f3f6839956ff
phase3_locked_full_v1,exploratory,locked,locked_benchmark,bank_marketing,single_model,missing_features,0.4,shadow,2,2,9042,0,2,0868446b0bd10ecbc645f28e1576681914df60fb1f20ef6df1e78f65cf354e4a
phase3_locked_full_v1,exploratory,locked,locked_benchmark,bank_marketing,mean_ensemble,missing_features,0.4,shadow,2,2,9042,0,2,49d652c319528b4d8edbe91f41a75216a34d038b2a85638bf6db8068021ec622
phase3_locked_full_v1,exploratory,locked,locked_benchmark,bank_marketing,static_weighted_ensemble,missing_features,0.4,shadow,2,2,9042,0,2,8fe3cfa212b026cabfafa13628bd6d62feebdb49e2b9d25e23c0b635b5c419fb
phase3_locked_full_v1,exploratory,locked,locked_benchmark,bank_marketing,veto_mavs,missing_features,0.4,shadow,2,2,9042,9042,2,cdd0c6b574e0e3921c1137d3d431f428a7126a0e6b8b7970247f0fa0cbc15c89
phase3_locked_full_v1,exploratory,locked,locked_benchmark,bank_marketing,pure_mavs_gc,missing_features,0.4,shadow,2,2,9042,9042,2,cd4621c9e293def38ae1c4c5d327bbc0b16ba6df42c895c46aace9734996ac3a
phase3_locked_full_v1,exploratory,locked,locked_benchmark,bank_marketing,single_model,missing_features,0.6,primary,3,3,13563,0,3,bc92a199ec7e5bcaf7b38593839eb8cd830faaf60ff71a35acf1c28a3a7db78f
phase3_locked_full_v1,exploratory,locked,locked_benchmark,bank_marketing,mean_ensemble,missing_features,0.6,primary,3,3,13563,0,3,6cf893a730fd0f0348438156d5b00478c5b09150f185e7762b71855e17f1e183
phase3_locked_full_v1,exploratory,locked,locked_benchmark,bank_marketing,static_weighted_ensemble,missing_features,0.6,primary,3,3,13563,0,3,8c4c41fa7db9e823e8679354dfecf64a7e5b7d3969cfeec8e833188a8bfc9466
phase3_locked_full_v1,exploratory,locked,locked_benchmark,bank_marketing,veto_mavs,missing_features,0.6,primary,3,3,13563,13563,3,3efaec1917d9403a4d61497d48d4c416a8e0ab93b9cbd79186a6866e5afd2b24
phase3_locked_full_v1,exploratory,locked,locked_benchmark,bank_marketing,pure_mavs_gc,missing_features,0.6,primary,3,3,13563,13563,3,8b8b57e93d6758333f7beb7f6b491cb7b00b956cc04417015f740d4e6215eb8f
phase3_locked_full_v1,exploratory,locked,locked_benchmark,bank_marketing,single_model,missing_features,0.6,shadow,2,2,9042,0,2,c1b8390f76fcb99359692f049b77bc92794310fd72a3a4bde3421fe76dd5f285
phase3_locked_full_v1,exploratory,locked,locked_benchmark,bank_marketing,mean_ensemble,missing_features,0.6,shadow,2,2,9042,0,2,4ed68cccb349ab27726fb8e5b0499c1bb461bc2d1692fce785038374140df84d
phase3_locked_full_v1,exploratory,locked,locked_benchmark,bank_marketing,static_weighted_ensemble,missing_features,0.6,shadow,2,2,9042,0,2,0dc2c096af8b47ad4ee89984802844a798776e49f44e0426deef414a8998ec6f
phase3_locked_full_v1,exploratory,locked,locked_benchmark,bank_marketing,veto_mavs,missing_features,0.6,shadow,2,2,9042,9042,2,6c310bde2d14e5625e5b221ba69f86223112e8d012f983bcac8a55497215641f
phase3_locked_full_v1,exploratory,locked,locked_benchmark,bank_marketing,pure_mavs_gc,missing_features,0.6,shadow,2,2,9042,9042,2,888a16d39161c354ffec119d2dc9b0b28ce92dbe3694b16e46e411bb290e903d
phase3_locked_full_v1,exploratory,locked,locked_benchmark,bank_marketing,single_model,missing_features,0.8,primary,3,3,13563,0,3,827bee4cfabea409c489c1c09c8631b4f6bc8208ffbbc4bde524d775f11b059f
phase3_locked_full_v1,exploratory,locked,locked_benchmark,bank_marketing,mean_ensemble,missing_features,0.8,primary,3,3,13563,0,3,714cd50fe3f07d159722b8a989012014fb27a4be8c5741f96e4c8f36f91956a1
phase3_locked_full_v1,exploratory,locked,locked_benchmark,bank_marketing,static_weighted_ensemble,missing_features,0.8,primary,3,3,13563,0,3,a002da654ad8a0adf1e079da3a514d898cb89ae263f9054a4ae171d953ab1e82
phase3_locked_full_v1,exploratory,locked,locked_benchmark,bank_marketing,veto_mavs,missing_features,0.8,primary,3,3,13563,13563,3,1cfbf2444e8cdf4a7f09108da08e1cf6b3602aa12a43f2da26eeb61abbf38311
phase3_locked_full_v1,exploratory,locked,locked_benchmark,bank_marketing,pure_mavs_gc,missing_features,0.8,primary,3,3,13563,13563,3,1cc3595e40a75c9280e438037b0a96479010bce5663c34c9261fe4b11f07b227
phase3_locked_full_v1,exploratory,locked,locked_benchmark,bank_marketing,single_model,missing_features,0.8,shadow,2,2,9042,0,2,978aaaa4185e9b15fb1e28f5eb20bfd5c8fe8d44f958de38376065a5440584f7
phase3_locked_full_v1,exploratory,locked,locked_benchmark,bank_marketing,mean_ensemble,missing_features,0.8,shadow,2,2,9042,0,2,3c57ea785eb9369b8134d120512cbf534672afd87416bef92fa7e006175495f2
phase3_locked_full_v1,exploratory,locked,locked_benchmark,bank_marketing,static_weighted_ensemble,missing_features,0.8,shadow,2,2,9042,0,2,abafe2dd4d0cd2f32172fb92a46e5dea89b0b07ebe9db0b87a80f5916b3163eb
phase3_locked_full_v1,exploratory,locked,locked_benchmark,bank_marketing,veto_mavs,missing_features,0.8,shadow,2,2,9042,9042,2,670210730e6c5f1fb274cb7727322c93ab106ae6e15389458b107fbd714a11cc
phase3_locked_full_v1,exploratory,locked,locked_benchmark,bank_marketing,pure_mavs_gc,missing_features,0.8,shadow,2,2,9042,9042,2,60b41959f5e9a5f7a6fe9123d2b3f667d77dda0c744a5ad6d8408879ae9e3a9f
phase3_locked_full_v1,exploratory,locked,locked_benchmark,bank_marketing,single_model,missing_features,1.0,primary,3,3,13563,0,3,419c7c85992d3b58a22587dc842c189f07f05d1e411b48570b9223736d681d62
phase3_locked_full_v1,exploratory,locked,locked_benchmark,bank_marketing,mean_ensemble,missing_features,1.0,primary,3,3,13563,0,3,3c308db42d973107656f3428b8f45a0047a0a65688125ca922af5e3eef2bde07
phase3_locked_full_v1,exploratory,locked,locked_benchmark,bank_marketing,static_weighted_ensemble,missing_features,1.0,primary,3,3,13563,0,3,461d37c50148f0c16d5ffbff2aa8885022de2f5deb8ebf9cfaaa2681e72ed43a
phase3_locked_full_v1,exploratory,locked,locked_benchmark,bank_marketing,veto_mavs,missing_features,1.0,primary,3,3,13563,13563,3,19461ef8edbda8fa5e02d2433aee9ec104541165746d1735fe1d5995606f8ca0
phase3_locked_full_v1,exploratory,locked,locked_benchmark,bank_marketing,pure_mavs_gc,missing_features,1.0,primary,3,3,13563,13563,3,8067b502f31815aa0eaa1e17e42194f2711eb01f8633d9bc458a0f1841d34551
phase3_locked_full_v1,exploratory,locked,locked_benchmark,bank_marketing,single_model,missing_features,1.0,shadow,2,2,9042,0,2,f16837ae3e567d778fd4629a23c35e47bd3ddde0f05be461c016946cdc84d2cb
phase3_locked_full_v1,exploratory,locked,locked_benchmark,bank_marketing,mean_ensemble,missing_features,1.0,shadow,2,2,9042,0,2,936240e6cec6a9bed8997e67102ab947999b120b5628fe13e9d831f870fa238d
phase3_locked_full_v1,exploratory,locked,locked_benchmark,bank_marketing,static_weighted_ensemble,missing_features,1.0,shadow,2,2,9042,0,2,9c55826aeddcf630e836328603cb93a6d78ef0792ffa3a0978a879a31c75c154
phase3_locked_full_v1,exploratory,locked,locked_benchmark,bank_marketing,veto_mavs,missing_features,1.0,shadow,2,2,9042,9042,2,97dc29d2dba81d351b22f3178b7f18529322cf95c47c32104adda593e7c85e33
phase3_locked_full_v1,exploratory,locked,locked_benchmark,bank_marketing,pure_mavs_gc,missing_features,1.0,shadow,2,2,9042,9042,2,2cba53bc13339f1a8101574b540037e7356fcfdea9f4b263d825bc186d136ab0
phase3_locked_full_v1,exploratory,locked,locked_benchmark,bank_marketing,single_model,random_feature_deletion,0.0,primary,3,3,13563,0,3,79682275e737bf222fbb0189a9796383f3e5a1561716ea5ebe45e2daaa6107d7
phase3_locked_full_v1,exploratory,locked,locked_benchmark,bank_marketing,mean_ensemble,random_feature_deletion,0.0,primary,3,3,13563,0,3,22c66d48ae4f015c270d103f70f3ba98fc9837f245f346ca7d3c5d9c2cd6de8f
phase3_locked_full_v1,exploratory,locked,locked_benchmark,bank_marketing,static_weighted_ensemble,random_feature_deletion,0.0,primary,3,3,13563,0,3,3a542ee4d8c5d4b0d76e3a4bf3efd81be0176ed4714464f0fab8e73188007741
phase3_locked_full_v1,exploratory,locked,locked_benchmark,bank_marketing,veto_mavs,random_feature_deletion,0.0,primary,3,3,13563,13563,3,a44607bc2143b3b344432969d84a73d640db19b289c7de7aeef65dbb04693481
phase3_locked_full_v1,exploratory,locked,locked_benchmark,bank_marketing,pure_mavs_gc,random_feature_deletion,0.0,primary,3,3,13563,13563,3,95bea08dc00398fd85c7df55b4d70cb21ae382d8d4475d50478025d3deff7617
phase3_locked_full_v1,exploratory,locked,locked_benchmark,bank_marketing,single_model,random_feature_deletion,0.0,shadow,2,2,9042,0,2,b444fa879797ef482573379458c7ba82cec14c04f031d8ed39a65e9ddd4aafcf
phase3_locked_full_v1,exploratory,locked,locked_benchmark,bank_marketing,mean_ensemble,random_feature_deletion,0.0,shadow,2,2,9042,0,2,e7b744feeaef7fe16feec4c11076dda745423967bebf3b4ef972b773364a3858
phase3_locked_full_v1,exploratory,locked,locked_benchmark,bank_marketing,static_weighted_ensemble,random_feature_deletion,0.0,shadow,2,2,9042,0,2,33f0ab589c7fa9fccba9849f2c45dab8fffdbe746b68d2a91b426d0e945ed6a7
phase3_locked_full_v1,exploratory,locked,locked_benchmark,bank_marketing,veto_mavs,random_feature_deletion,0.0,shadow,2,2,9042,9042,2,d64361fa6679b3dd1d272cc344efaefacefb69a6d14bc5353fd1433896ff004b
phase3_locked_full_v1,exploratory,locked,locked_benchmark,bank_marketing,pure_mavs_gc,random_feature_deletion,0.0,shadow,2,2,9042,9042,2,efd71922c84abe874632173ce6305db1e5697a7ef1be1c099d936988c6cea923
phase3_locked_full_v1,exploratory,locked,locked_benchmark,bank_marketing,single_model,random_feature_deletion,0.05,primary,3,3,13563,0,3,ca817cde944ab896e443eefc6f43774cb14c57b7a3b5c68ff2346182f0663ea3
phase3_locked_full_v1,exploratory,locked,locked_benchmark,bank_marketing,mean_ensemble,random_feature_deletion,0.05,primary,3,3,13563,0,3,ad1308646e146e655b78a4b75872cd776c20ab86619b20d7c8cad6e2571da3cf
phase3_locked_full_v1,exploratory,locked,locked_benchmark,bank_marketing,static_weighted_ensemble,random_feature_deletion,0.05,primary,3,3,13563,0,3,ec8c6e8c073c154c876b92a7c339f8d06acd28accfdfdac4b9925339c37e8b12
phase3_locked_full_v1,exploratory,locked,locked_benchmark,bank_marketing,veto_mavs,random_feature_deletion,0.05,primary,3,3,13563,13563,3,07de8f421722205de5d86d7240eac90425d1841fd80ee27542bd48bfb440245e
phase3_locked_full_v1,exploratory,locked,locked_benchmark,bank_marketing,pure_mavs_gc,random_feature_deletion,0.05,primary,3,3,13563,13563,3,19d4b7478eeaca55923135ab567cf39b5f0d4bc2233cebd49644fc2df290d316
phase3_locked_full_v1,exploratory,locked,locked_benchmark,bank_marketing,single_model,random_feature_deletion,0.05,shadow,2,2,9042,0,2,491a1d275ab6329708943620f068b3ced92308b747918f973753a3cbae602968
phase3_locked_full_v1,exploratory,locked,locked_benchmark,bank_marketing,mean_ensemble,random_feature_deletion,0.05,shadow,2,2,9042,0,2,e9c0c8ce3de59a62efae0f562eab84596f2f8448dbcf1231f2953d81639e16dc
phase3_locked_full_v1,exploratory,locked,locked_benchmark,bank_marketing,static_weighted_ensemble,random_feature_deletion,0.05,shadow,2,2,9042,0,2,eb2602fa63520b7f3abd02b3dfac2fbee1065014af25001afdcfb162d33088d2
phase3_locked_full_v1,exploratory,locked,locked_benchmark,bank_marketing,veto_mavs,random_feature_deletion,0.05,shadow,2,2,9042,9042,2,521ac7b2f238f00fbba9d232764e7c8613e28ffcfe94d74f0c3a53ce917e6eab
phase3_locked_full_v1,exploratory,locked,locked_benchmark,bank_marketing,pure_mavs_gc,random_feature_deletion,0.05,shadow,2,2,9042,9042,2,ee705b86e907c521f8fc5389301338df9c36f6272f484b170ca3544b216bade1
phase3_locked_full_v1,exploratory,locked,locked_benchmark,bank_marketing,single_model,random_feature_deletion,0.1,primary,3,3,13563,0,3,05a362c655b5a8301596e03a1b9ae9d150e9edce927a81ea587de1caa07f5f03
phase3_locked_full_v1,exploratory,locked,locked_benchmark,bank_marketing,mean_ensemble,random_feature_deletion,0.1,primary,3,3,13563,0,3,423460cc07494890e9682060ce670043e51793de9a4a6d20b8e16579a6fb9338
phase3_locked_full_v1,exploratory,locked,locked_benchmark,bank_marketing,static_weighted_ensemble,random_feature_deletion,0.1,primary,3,3,13563,0,3,f4c602a1bc25f88e5b36549d4e7cdc18614929b565bf20725e6fcb673c0b403f
phase3_locked_full_v1,exploratory,locked,locked_benchmark,bank_marketing,veto_mavs,random_feature_deletion,0.1,primary,3,3,13563,13563,3,cd286cbc55479dc3167bdfbce84499cbc87b72ed9ad0d4bf1a5bef40bde867ef
phase3_locked_full_v1,exploratory,locked,locked_benchmark,bank_marketing,pure_mavs_gc,random_feature_deletion,0.1,primary,3,3,13563,13563,3,0317f7e8f1ad27936c6c5c24d586168cec2db1a6ae493584c057736e929e3baf
phase3_locked_full_v1,exploratory,locked,locked_benchmark,bank_marketing,single_model,random_feature_deletion,0.1,shadow,2,2,9042,0,2,c6892ecd1e4d226cd68294d3fad63536dbc938aa327132be5aaf4d64a8a0d3c6
phase3_locked_full_v1,exploratory,locked,locked_benchmark,bank_marketing,mean_ensemble,random_feature_deletion,0.1,shadow,2,2,9042,0,2,c7027f45d81119f70facc103e4d162588ec827785b57761981921e33a2341dd3
phase3_locked_full_v1,exploratory,locked,locked_benchmark,bank_marketing,static_weighted_ensemble,random_feature_deletion,0.1,shadow,2,2,9042,0,2,b634c81dda63c383ca6f8a46047513b69cce167838ece10410fca07dea4c3fb8
phase3_locked_full_v1,exploratory,locked,locked_benchmark,bank_marketing,veto_mavs,random_feature_deletion,0.1,shadow,2,2,9042,9042,2,1fa5a09bfa80af8311a880d32ef8afee222004cdcf765ebaccab1061b93bd99c
phase3_locked_full_v1,exploratory,locked,locked_benchmark,bank_marketing,pure_mavs_gc,random_feature_deletion,0.1,shadow,2,2,9042,9042,2,a6f67479b0b24e9b65aba12271ba1b309a6c8410967b60684e3f1199b651cf2d
phase3_locked_full_v1,exploratory,locked,locked_benchmark,bank_marketing,single_model,random_feature_deletion,0.2,primary,3,3,13563,0,3,f63e175e2cbb9ace3357e4cfd304ce37c9e5446f2a5888a6687f84f9d6aa14ff
phase3_locked_full_v1,exploratory,locked,locked_benchmark,bank_marketing,mean_ensemble,random_feature_deletion,0.2,primary,3,3,13563,0,3,56398150f121c84343ef48f0357813ab627147056050eacbde86cf89f23a3a62
phase3_locked_full_v1,exploratory,locked,locked_benchmark,bank_marketing,static_weighted_ensemble,random_feature_deletion,0.2,primary,3,3,13563,0,3,2e5ece23fa1f76052f874695f5e65ad73eef38e17b5f9cad6957cbb4bc217e79
phase3_locked_full_v1,exploratory,locked,locked_benchmark,bank_marketing,veto_mavs,random_feature_deletion,0.2,primary,3,3,13563,13563,3,4a17209b478dbacdb2491dcb3d50bff619134ead27e88fff8b344ef59fe3ad28
phase3_locked_full_v1,exploratory,locked,locked_benchmark,bank_marketing,pure_mavs_gc,random_feature_deletion,0.2,primary,3,3,13563,13563,3,55d200f1a045fd4f662a6bb893ef7bde4555cdca521da758ff87cfe8ac9a14b9
phase3_locked_full_v1,exploratory,locked,locked_benchmark,bank_marketing,single_model,random_feature_deletion,0.2,shadow,2,2,9042,0,2,3d4ec7f0839afc6540bdb1fee723ca808cd0d2c164ed99fbb84a31870d2c16d2
phase3_locked_full_v1,exploratory,locked,locked_benchmark,bank_marketing,mean_ensemble,random_feature_deletion,0.2,shadow,2,2,9042,0,2,0f8e7232924b022d7b51300bee2f616a4a3e7713235e674e4890fe45b37b7782
phase3_locked_full_v1,exploratory,locked,locked_benchmark,bank_marketing,static_weighted_ensemble,random_feature_deletion,0.2,shadow,2,2,9042,0,2,0f9af255c84bc72673fc765ac2c4f957c5f23683ddbd991040244eb1513b38ea
phase3_locked_full_v1,exploratory,locked,locked_benchmark,bank_marketing,veto_mavs,random_feature_deletion,0.2,shadow,2,2,9042,9042,2,58f1822824c41dca29ea4ed8a7a5103bc05e7d19e7b7a2a92a26fef80b37540b
phase3_locked_full_v1,exploratory,locked,locked_benchmark,bank_marketing,pure_mavs_gc,random_feature_deletion,0.2,shadow,2,2,9042,9042,2,4f9eff30513b035fb65851535a3fc62dc21c6790b094e80fab205b3e948dfdf5
phase3_locked_full_v1,exploratory,locked,locked_benchmark,bank_marketing,single_model,random_feature_deletion,0.4,primary,3,3,13563,0,3,e90e41682b47f5ff8d067970cbaad2ac4df198fcdf3497054fc2b0f55d7f3477
phase3_locked_full_v1,exploratory,locked,locked_benchmark,bank_marketing,mean_ensemble,random_feature_deletion,0.4,primary,3,3,13563,0,3,eb525383e6900969d02e61f422fd8b790dbe5ef0b003e001c02ee3ab0e924f60
phase3_locked_full_v1,exploratory,locked,locked_benchmark,bank_marketing,static_weighted_ensemble,random_feature_deletion,0.4,primary,3,3,13563,0,3,423564cdb345c4cc5ec27053755eec355a6c4d16cc9fe4bd20ba7df4d44534aa
phase3_locked_full_v1,exploratory,locked,locked_benchmark,bank_marketing,veto_mavs,random_feature_deletion,0.4,primary,3,3,13563,13563,3,c2fada6e42be9245d6b02e83a0e834c74aefe22a790a419889cde909518a8411
phase3_locked_full_v1,exploratory,locked,locked_benchmark,bank_marketing,pure_mavs_gc,random_feature_deletion,0.4,primary,3,3,13563,13563,3,e9c8ade5998452e00633a6af86bd47eab356d9a76dc78f97f6d9223c63a5ee40
phase3_locked_full_v1,exploratory,locked,locked_benchmark,bank_marketing,single_model,random_feature_deletion,0.4,shadow,2,2,9042,0,2,15aa7fad106d3e58bb070f1f8f2f64731ab281974fc6bbdd5aed33eabb49a51f
phase3_locked_full_v1,exploratory,locked,locked_benchmark,bank_marketing,mean_ensemble,random_feature_deletion,0.4,shadow,2,2,9042,0,2,06b2c970b16f69084c98893e5500cddd16be93445aae05b0b894fc0f2bd5b1da
phase3_locked_full_v1,exploratory,locked,locked_benchmark,bank_marketing,static_weighted_ensemble,random_feature_deletion,0.4,shadow,2,2,9042,0,2,d54a98a7aa9cd91fe40765e7ec9a998284447dbff9f4ae2d039dcbdc3110c52b
phase3_locked_full_v1,exploratory,locked,locked_benchmark,bank_marketing,veto_mavs,random_feature_deletion,0.4,shadow,2,2,9042,9042,2,ea7fac33c8e5757b36d14578d540857ca63a437d19cd5401d58d753a687abbff
phase3_locked_full_v1,exploratory,locked,locked_benchmark,bank_marketing,pure_mavs_gc,random_feature_deletion,0.4,shadow,2,2,9042,9042,2,ac518e1aee7500abbf8deca835ffec129fc8061a34f22e267ed92421d97e4327
phase3_locked_full_v1,exploratory,locked,locked_benchmark,bank_marketing,single_model,random_feature_deletion,0.6,primary,3,3,13563,0,3,e2a57a3ebc702b2908fb20f3a64205ff098d17b2a353fe7a280285442069fa99
phase3_locked_full_v1,exploratory,locked,locked_benchmark,bank_marketing,mean_ensemble,random_feature_deletion,0.6,primary,3,3,13563,0,3,2d9debd2d315baada90d32c9300206e8cc01b0ae72118f8fb4d69b6ff0070ca8
phase3_locked_full_v1,exploratory,locked,locked_benchmark,bank_marketing,static_weighted_ensemble,random_feature_deletion,0.6,primary,3,3,13563,0,3,51b79b55e2fefc82637822eb5803fb899d8ad78bb936ae1e790e908d505f99f5
phase3_locked_full_v1,exploratory,locked,locked_benchmark,bank_marketing,veto_mavs,random_feature_deletion,0.6,primary,3,3,13563,13563,3,3fcbcd3910c1e65da80274dc7fab713e18f4e9288e661df51a9f8a9d63c68747
phase3_locked_full_v1,exploratory,locked,locked_benchmark,bank_marketing,pure_mavs_gc,random_feature_deletion,0.6,primary,3,3,13563,13563,3,3f87928d5e1bf19be6730c5964b4bee1764017aaa75703b2eaea730603a93b34
phase3_locked_full_v1,exploratory,locked,locked_benchmark,bank_marketing,single_model,random_feature_deletion,0.6,shadow,2,2,9042,0,2,bc0b7a10ee6f425f813c309893a8aa378bab45414afa3ed94e3393afde60d949
phase3_locked_full_v1,exploratory,locked,locked_benchmark,bank_marketing,mean_ensemble,random_feature_deletion,0.6,shadow,2,2,9042,0,2,5cd6bf0d31eb4bce1f6c7d5af6f5d99c08276253d8bcdf380e82508ed4fdf3f8
phase3_locked_full_v1,exploratory,locked,locked_benchmark,bank_marketing,static_weighted_ensemble,random_feature_deletion,0.6,shadow,2,2,9042,0,2,3b0c448db375e967043a74b1736ecec79c8d4a0f241f1da4ac6545584888cb8f
phase3_locked_full_v1,exploratory,locked,locked_benchmark,bank_marketing,veto_mavs,random_feature_deletion,0.6,shadow,2,2,9042,9042,2,10582db8399a075ded461e2c38dbd7824ffc1081f8965103596652720d3dd06a
phase3_locked_full_v1,exploratory,locked,locked_benchmark,bank_marketing,pure_mavs_gc,random_feature_deletion,0.6,shadow,2,2,9042,9042,2,05063bcba3fdcd91fb961e949e28e3d7a40fd2336018b4b9cde6fa4a204dbaed
phase3_locked_full_v1,exploratory,locked,locked_benchmark,bank_marketing,single_model,random_feature_deletion,0.8,primary,3,3,13563,0,3,5cdbe829c0819fc9ab1130c583e211e542d298c986d52340dd80fdcf9d81d0d3
phase3_locked_full_v1,exploratory,locked,locked_benchmark,bank_marketing,mean_ensemble,random_feature_deletion,0.8,primary,3,3,13563,0,3,463e2bff49f229da22c9ae9f94fc8264623a39bfa0b7c2fde28fcd3ccb056b7f
phase3_locked_full_v1,exploratory,locked,locked_benchmark,bank_marketing,static_weighted_ensemble,random_feature_deletion,0.8,primary,3,3,13563,0,3,c9270ee0d6a22dee211a58a2e02015da5cb47280ae0df3673dbd9125dd8d4d94
phase3_locked_full_v1,exploratory,locked,locked_benchmark,bank_marketing,veto_mavs,random_feature_deletion,0.8,primary,3,3,13563,13563,3,6a3303f570dd2debb3fd2a34ed49a3e8bc1762f90d2da182d1bdc081b93a6bff
phase3_locked_full_v1,exploratory,locked,locked_benchmark,bank_marketing,pure_mavs_gc,random_feature_deletion,0.8,primary,3,3,13563,13563,3,67d3ac9258456e71660ce49822510ce218d8427431ba4856e4630eb0c098b0fe
phase3_locked_full_v1,exploratory,locked,locked_benchmark,bank_marketing,single_model,random_feature_deletion,0.8,shadow,2,2,9042,0,2,aa0ab137f6e68967a11ee671c5c194a6fc808a9078fa7493de17dae09764e0b7
phase3_locked_full_v1,exploratory,locked,locked_benchmark,bank_marketing,mean_ensemble,random_feature_deletion,0.8,shadow,2,2,9042,0,2,a271d57018775eccc8535fc96639b000896025a9fcd360dac1346ac1e07bc484
phase3_locked_full_v1,exploratory,locked,locked_benchmark,bank_marketing,static_weighted_ensemble,random_feature_deletion,0.8,shadow,2,2,9042,0,2,a83da4d92b540f6c6d84abfab5a3d6639c242c2b9a97e9e9ec1d74115d31336f
phase3_locked_full_v1,exploratory,locked,locked_benchmark,bank_marketing,veto_mavs,random_feature_deletion,0.8,shadow,2,2,9042,9042,2,f418d8f4c86cb04ecfa49a24e8cd24622e952251c51d5b95db492f220f489a32
phase3_locked_full_v1,exploratory,locked,locked_benchmark,bank_marketing,pure_mavs_gc,random_feature_deletion,0.8,shadow,2,2,9042,9042,2,86df05c35db8b14f514f2b265b3c1c6f857f585ec91e6a62923e7ad7b3590779
phase3_locked_full_v1,exploratory,locked,locked_benchmark,bank_marketing,single_model,random_feature_deletion,1.0,primary,3,3,13563,0,3,3be91f71f03e3d4524258d247f7fd029c47e3316e562f54dea2d01772ceb0297
phase3_locked_full_v1,exploratory,locked,locked_benchmark,bank_marketing,mean_ensemble,random_feature_deletion,1.0,primary,3,3,13563,0,3,663828cbdbb75cf7e3d8667ee1e455868f3189210f4249f28f71088e05321f28
phase3_locked_full_v1,exploratory,locked,locked_benchmark,bank_marketing,static_weighted_ensemble,random_feature_deletion,1.0,primary,3,3,13563,0,3,f2805a170e02ef971ba962c3bcb00de97571709599fed287888a0641d09328fb
phase3_locked_full_v1,exploratory,locked,locked_benchmark,bank_marketing,veto_mavs,random_feature_deletion,1.0,primary,3,3,13563,13563,3,77eccf24841710a6e26e9ccd33c1fb8fe565564eb05242c6042b688bc0454829
phase3_locked_full_v1,exploratory,locked,locked_benchmark,bank_marketing,pure_mavs_gc,random_feature_deletion,1.0,primary,3,3,13563,13563,3,463c71fcb317883002ed1dfd58ecc4e1563439d2adb7ca134dd3258145718ec1
phase3_locked_full_v1,exploratory,locked,locked_benchmark,bank_marketing,single_model,random_feature_deletion,1.0,shadow,2,2,9042,0,2,b672dacc1b73082b9e0a20485f95981aabd964d9313d58a5fb1f864989b6f63d
phase3_locked_full_v1,exploratory,locked,locked_benchmark,bank_marketing,mean_ensemble,random_feature_deletion,1.0,shadow,2,2,9042,0,2,8386fa60bd9384197c8533d119c9c06d1089fc9a35247df8a48084516c6fd507
phase3_locked_full_v1,exploratory,locked,locked_benchmark,bank_marketing,static_weighted_ensemble,random_feature_deletion,1.0,shadow,2,2,9042,0,2,b0c463921c844549499c96964805f0dc1f87985a0aa468328d4179364290bcf6
phase3_locked_full_v1,exploratory,locked,locked_benchmark,bank_marketing,veto_mavs,random_feature_deletion,1.0,shadow,2,2,9042,9042,2,2b6dce6fd26e2e0964037494c2797d607cac3f505e93ecc0de718d036452d2e2
phase3_locked_full_v1,exploratory,locked,locked_benchmark,bank_marketing,pure_mavs_gc,random_feature_deletion,1.0,shadow,2,2,9042,9042,2,b355e8f4b904ace776dd5b0bd7413d47ed63f1e398936c6f4b387400ef813d09
phase3_locked_full_v1,exploratory,locked,locked_benchmark,bank_marketing,single_model,label_noise,0.0,primary,3,3,13563,0,3,6f09df59ce4afb60f460e329e147b57084a0187d581d57319d77088d6e531519
phase3_locked_full_v1,exploratory,locked,locked_benchmark,bank_marketing,mean_ensemble,label_noise,0.0,primary,3,3,13563,0,3,925792b6737ba7640355c3082934d5c788d300501fccbc4ae283dbb2c2a8a9d2
phase3_locked_full_v1,exploratory,locked,locked_benchmark,bank_marketing,static_weighted_ensemble,label_noise,0.0,primary,3,3,13563,0,3,98ccbb1e708603022dcecf49d3fcee81c41f4650380340dfa46efa080f2defd7
phase3_locked_full_v1,exploratory,locked,locked_benchmark,bank_marketing,veto_mavs,label_noise,0.0,primary,3,3,13563,13563,3,8bf419bb2b119292a817b63a541931e48a0f4b359970c55e40f83cdfb56a6ce6
phase3_locked_full_v1,exploratory,locked,locked_benchmark,bank_marketing,pure_mavs_gc,label_noise,0.0,primary,3,3,13563,13563,3,67043827c38dd595c5d18268f0d0fde982e32619e8ff22e8f980f13046c5a990
phase3_locked_full_v1,exploratory,locked,locked_benchmark,bank_marketing,single_model,label_noise,0.0,shadow,2,2,9042,0,2,89e64c0e2ba792a6bf8c99f66173a366b7d0d96921973a258f6b53d66a9f9738
phase3_locked_full_v1,exploratory,locked,locked_benchmark,bank_marketing,mean_ensemble,label_noise,0.0,shadow,2,2,9042,0,2,6265308783820039e9c3f4b79d852cf40e6990a182971548a4530e3c408aae77
phase3_locked_full_v1,exploratory,locked,locked_benchmark,bank_marketing,static_weighted_ensemble,label_noise,0.0,shadow,2,2,9042,0,2,5deb8cd26731b53b5410f7a8667246c31f3cfd8ac7504cb340e3f32483a65e3b
phase3_locked_full_v1,exploratory,locked,locked_benchmark,bank_marketing,veto_mavs,label_noise,0.0,shadow,2,2,9042,9042,2,8042e888893f05687af61d11758cd38ab4f0e3ec5fa64e081946306cae284225
phase3_locked_full_v1,exploratory,locked,locked_benchmark,bank_marketing,pure_mavs_gc,label_noise,0.0,shadow,2,2,9042,9042,2,2fe8aa4bf9fd198d0568bd5b2d8c77fcd55676c80a037accdbec282ccf22b82c
phase3_locked_full_v1,exploratory,locked,locked_benchmark,bank_marketing,single_model,label_noise,0.05,primary,3,3,13563,0,3,47b380f506f55b020dada5e86459dc5d8127eac74cb27e33bebb475cad50996b
phase3_locked_full_v1,exploratory,locked,locked_benchmark,bank_marketing,mean_ensemble,label_noise,0.05,primary,3,3,13563,0,3,6f35fda2d54557949ddd322d8cb5afa90ef8964361e9b937fb9190325aa072c0
phase3_locked_full_v1,exploratory,locked,locked_benchmark,bank_marketing,static_weighted_ensemble,label_noise,0.05,primary,3,3,13563,0,3,edf4535cce958095ddf08735d98a6d8f77ddc261e561102cadd63e1663930639
phase3_locked_full_v1,exploratory,locked,locked_benchmark,bank_marketing,veto_mavs,label_noise,0.05,primary,3,3,13563,13563,3,f64836f74b8f091550894361e2ae4d42eb0d4f4f8aec8332f2d2746cc9877882
phase3_locked_full_v1,exploratory,locked,locked_benchmark,bank_marketing,pure_mavs_gc,label_noise,0.05,primary,3,3,13563,13563,3,6bb511f61cc5d9ea7e9fb23f038592d3653583542e77f77837c62a8db3750cfd
phase3_locked_full_v1,exploratory,locked,locked_benchmark,bank_marketing,single_model,label_noise,0.05,shadow,2,2,9042,0,2,c5db3ca6cffc032948176d922cb50d443447d8b307d20272377f9bb1a172a172
phase3_locked_full_v1,exploratory,locked,locked_benchmark,bank_marketing,mean_ensemble,label_noise,0.05,shadow,2,2,9042,0,2,4c84f06dce3e885e38a0d1252ac4644d6387a1dd1d55e7f5b365df76472afce0
phase3_locked_full_v1,exploratory,locked,locked_benchmark,bank_marketing,static_weighted_ensemble,label_noise,0.05,shadow,2,2,9042,0,2,80d3c207484bccfcf5c5aeeb31bae3b9d66728563d08a52c4ed4bda686426749
phase3_locked_full_v1,exploratory,locked,locked_benchmark,bank_marketing,veto_mavs,label_noise,0.05,shadow,2,2,9042,9042,2,33e35c27340550b779a8dab8896b5b1c6b6388b29ca7224bac3d404eda470ac7
phase3_locked_full_v1,exploratory,locked,locked_benchmark,bank_marketing,pure_mavs_gc,label_noise,0.05,shadow,2,2,9042,9042,2,83cab35c695aa438e331314d3e0be900791064091a66a506ce7bdf737a7a62ee
phase3_locked_full_v1,exploratory,locked,locked_benchmark,bank_marketing,single_model,label_noise,0.1,primary,3,3,13563,0,3,3d461ddb9926395d9e1463cdffc37a4304ff1a1b36cd2221e593521f3b3721e9
phase3_locked_full_v1,exploratory,locked,locked_benchmark,bank_marketing,mean_ensemble,label_noise,0.1,primary,3,3,13563,0,3,a5c66865e11e7be2e88acc03eb1795f688ba149fa3ed5e5fad876cffc7b548a5
phase3_locked_full_v1,exploratory,locked,locked_benchmark,bank_marketing,static_weighted_ensemble,label_noise,0.1,primary,3,3,13563,0,3,7520f6e1ee7cde8f645da358df25cb30437d6cd798992332d25c76024be9435e
phase3_locked_full_v1,exploratory,locked,locked_benchmark,bank_marketing,veto_mavs,label_noise,0.1,primary,3,3,13563,13563,3,694e8fe7642427351385521deaea71bac4056550d1dcf891404d1c3796be466f
phase3_locked_full_v1,exploratory,locked,locked_benchmark,bank_marketing,pure_mavs_gc,label_noise,0.1,primary,3,3,13563,13563,3,fb560643fe6292d03544305954d87cbb2f3e7629dbc6cd954f6a31d1aa17d9d4
phase3_locked_full_v1,exploratory,locked,locked_benchmark,bank_marketing,single_model,label_noise,0.1,shadow,2,2,9042,0,2,e1a32ccf4fa26c29ea136edd65d381295fb5c92d0845755ea192c94aced1966f
phase3_locked_full_v1,exploratory,locked,locked_benchmark,bank_marketing,mean_ensemble,label_noise,0.1,shadow,2,2,9042,0,2,1779c163eb252e4d6c74f4dad5f3594ea443847e08d49b9d0c26fb46af89a185
phase3_locked_full_v1,exploratory,locked,locked_benchmark,bank_marketing,static_weighted_ensemble,label_noise,0.1,shadow,2,2,9042,0,2,6ff58cebc4fa41d71f2cd0c17eaf3be13345e7a71e3eab08a81f1cd46592bc4a
phase3_locked_full_v1,exploratory,locked,locked_benchmark,bank_marketing,veto_mavs,label_noise,0.1,shadow,2,2,9042,9042,2,75f2501894903d3e7f7ae15975aa15a5d7a2d6fec9e4fba471dc56d8961fbaf3
phase3_locked_full_v1,exploratory,locked,locked_benchmark,bank_marketing,pure_mavs_gc,label_noise,0.1,shadow,2,2,9042,9042,2,595ad97c5594345dcf78d70e982c3316b00a3c2c2026e6c70450ef28dd062731
phase3_locked_full_v1,exploratory,locked,locked_benchmark,bank_marketing,single_model,label_noise,0.2,primary,3,3,13563,0,3,afb74b9b60ca28ef6e5463cc116aff11778d9b226d0d453921ccd2404b0c24e2
phase3_locked_full_v1,exploratory,locked,locked_benchmark,bank_marketing,mean_ensemble,label_noise,0.2,primary,3,3,13563,0,3,08c6674c425eb105bcc80a9261625995437b3bb33de8da91f92eaf8fb92507e2
phase3_locked_full_v1,exploratory,locked,locked_benchmark,bank_marketing,static_weighted_ensemble,label_noise,0.2,primary,3,3,13563,0,3,0a92004c10ab51200f84d3ca3e31b5a30d4e7653a197a67ad40ba580d8e9be68
phase3_locked_full_v1,exploratory,locked,locked_benchmark,bank_marketing,veto_mavs,label_noise,0.2,primary,3,3,13563,13563,3,4e746ca73014ad6cdd620d0cf8fb6193b84fb9f4b44feef186d56311e96658e7
phase3_locked_full_v1,exploratory,locked,locked_benchmark,bank_marketing,pure_mavs_gc,label_noise,0.2,primary,3,3,13563,13563,3,164cfb11c8e4b3d80ee32b468d6185a79165cbfd259b6945a1574523eb536898
phase3_locked_full_v1,exploratory,locked,locked_benchmark,bank_marketing,single_model,label_noise,0.2,shadow,2,2,9042,0,2,66da3d7ceae5cb90527c98e11ba1368f58ed6b156509489e7d3520f7cf57e14a
phase3_locked_full_v1,exploratory,locked,locked_benchmark,bank_marketing,mean_ensemble,label_noise,0.2,shadow,2,2,9042,0,2,63fe9d6b6c1a356e17dbe39524c422977886acb2df5f13486078ec7e729d1eb8
phase3_locked_full_v1,exploratory,locked,locked_benchmark,bank_marketing,static_weighted_ensemble,label_noise,0.2,shadow,2,2,9042,0,2,ca6f15b7a1cf35fa607ed219efd423178cedb9d8d510b9f71de2899b48553aa1
phase3_locked_full_v1,exploratory,locked,locked_benchmark,bank_marketing,veto_mavs,label_noise,0.2,shadow,2,2,9042,9042,2,2d8c7843caaabb315bca91aa08108dd8364293087e304f3610cff5fd16e41e8f
phase3_locked_full_v1,exploratory,locked,locked_benchmark,bank_marketing,pure_mavs_gc,label_noise,0.2,shadow,2,2,9042,9042,2,336201b6482e46fc2816a3f95e321fb994c35a16e89a3d679117ebba5661fb02
phase3_locked_full_v1,exploratory,locked,locked_benchmark,bank_marketing,single_model,label_noise,0.4,primary,3,3,13563,0,3,b6cd675a6bc79defab3c45916b9d222a0768e7df7109ab2d725e1db3509da4fe
phase3_locked_full_v1,exploratory,locked,locked_benchmark,bank_marketing,mean_ensemble,label_noise,0.4,primary,3,3,13563,0,3,9e4932d5143ffa5969523bdb685b682f2e09cca49135758e2f4e53ccb29ecc0e
phase3_locked_full_v1,exploratory,locked,locked_benchmark,bank_marketing,static_weighted_ensemble,label_noise,0.4,primary,3,3,13563,0,3,b8d56dcd5466e9041cac4f2586ca8abd7dd879b4fd6fd13da7ac0acff45aebad
phase3_locked_full_v1,exploratory,locked,locked_benchmark,bank_marketing,veto_mavs,label_noise,0.4,primary,3,3,13563,13563,3,6a78f98553dc1132c728e252398fea1f3c31e2d1cbe93af1f08f7d08ef50cea3
phase3_locked_full_v1,exploratory,locked,locked_benchmark,bank_marketing,pure_mavs_gc,label_noise,0.4,primary,3,3,13563,13563,3,fefe89e24a66bf5de9c3328f9931f0497002a7d00a892ed6f02caad4f6d92e3f
phase3_locked_full_v1,exploratory,locked,locked_benchmark,bank_marketing,single_model,label_noise,0.4,shadow,2,2,9042,0,2,6d7e6ad383fffa3bf342ccd36547a65173c92b78b642a469c88664db3c3c6497
phase3_locked_full_v1,exploratory,locked,locked_benchmark,bank_marketing,mean_ensemble,label_noise,0.4,shadow,2,2,9042,0,2,e4beb23783865f230a6a2d5b1046c74d8814dd9be5f8b48dca6aa8aba85410dd
phase3_locked_full_v1,exploratory,locked,locked_benchmark,bank_marketing,static_weighted_ensemble,label_noise,0.4,shadow,2,2,9042,0,2,21573b5277c7c3d0a5db93a7d9771daab09648ec45872052b9ee7b18984c49c9
phase3_locked_full_v1,exploratory,locked,locked_benchmark,bank_marketing,veto_mavs,label_noise,0.4,shadow,2,2,9042,9042,2,7a2621d2dcd7c1e8a3f35dfb5a4ff571bd9a14d61873c15404d99c965a2dcf37
phase3_locked_full_v1,exploratory,locked,locked_benchmark,bank_marketing,pure_mavs_gc,label_noise,0.4,shadow,2,2,9042,9042,2,39e9cb97fcde4dbd48088f266be77f51a10b6de3668d40f2d25c51c96e01f73f
phase3_locked_full_v1,exploratory,locked,locked_benchmark,bank_marketing,single_model,label_noise,0.6,primary,3,3,13563,0,3,274d15c460560787a1521975dae180d6028126922c77509099e7402950391894
phase3_locked_full_v1,exploratory,locked,locked_benchmark,bank_marketing,mean_ensemble,label_noise,0.6,primary,3,3,13563,0,3,839f661293662ae87ee445bba95f382692a90fe171459d2bbb615c4dade7149d
phase3_locked_full_v1,exploratory,locked,locked_benchmark,bank_marketing,static_weighted_ensemble,label_noise,0.6,primary,3,3,13563,0,3,bbab433bc35aa163dc4289059c07d5c9c09cb8744c7f3f5d1809153b628c18fb
phase3_locked_full_v1,exploratory,locked,locked_benchmark,bank_marketing,veto_mavs,label_noise,0.6,primary,3,3,13563,13563,3,f72ff084e8f4a85fcdfa379be684a7d7dad641987c101ea30aea7e7bebd75989
phase3_locked_full_v1,exploratory,locked,locked_benchmark,bank_marketing,pure_mavs_gc,label_noise,0.6,primary,3,3,13563,13563,3,c2b8614e2a37347330cca2650ff166e9696f8bea1df032768d09dfa6632b721a
phase3_locked_full_v1,exploratory,locked,locked_benchmark,bank_marketing,single_model,label_noise,0.6,shadow,2,2,9042,0,2,23d1e2afd4423a62d3114a28425a18c125a8cfc7d5417f1eabc0b5532c7d8432
phase3_locked_full_v1,exploratory,locked,locked_benchmark,bank_marketing,mean_ensemble,label_noise,0.6,shadow,2,2,9042,0,2,4545b5f12ee432a216a3f5da507aa60960485725a7f808bbb05f3e2649c292f8
phase3_locked_full_v1,exploratory,locked,locked_benchmark,bank_marketing,static_weighted_ensemble,label_noise,0.6,shadow,2,2,9042,0,2,4a456d88598093f68f89759fcc0ddc1425a2b2b2b5ed2017652464b0ba756442
phase3_locked_full_v1,exploratory,locked,locked_benchmark,bank_marketing,veto_mavs,label_noise,0.6,shadow,2,2,9042,9042,2,b967585ad89e397c8cebe7b9f858c7583d92c53e377081520637c0d846dfc119
phase3_locked_full_v1,exploratory,locked,locked_benchmark,bank_marketing,pure_mavs_gc,label_noise,0.6,shadow,2,2,9042,9042,2,92b5b01c818943a3bd36ccfe50f2d7ad6b42dce7f196e8524c1c873a34a5276d
phase3_locked_full_v1,exploratory,locked,locked_benchmark,bank_marketing,single_model,label_noise,0.8,primary,3,3,13563,0,3,05628f6202c1105aaa4023f130359eb6f3c9dde449c7f9403c43fa359c08b496
phase3_locked_full_v1,exploratory,locked,locked_benchmark,bank_marketing,mean_ensemble,label_noise,0.8,primary,3,3,13563,0,3,89e85e28940bb422831b9441ddbc17a1eceabb578668905408dd7900f0ceaf59
phase3_locked_full_v1,exploratory,locked,locked_benchmark,bank_marketing,static_weighted_ensemble,label_noise,0.8,primary,3,3,13563,0,3,f5bc6dd1c5a96c1d559aa59a5a3895bd5496bd91b8bf16b9941f51adcf51d64c
phase3_locked_full_v1,exploratory,locked,locked_benchmark,bank_marketing,veto_mavs,label_noise,0.8,primary,3,3,13563,13563,3,e6f25bfa396c1ed8be3315cd93846fbd8ffed211026f6dc7db9f7d22d3f4931f
phase3_locked_full_v1,exploratory,locked,locked_benchmark,bank_marketing,pure_mavs_gc,label_noise,0.8,primary,3,3,13563,13563,3,b96f1b3fa7032f40a4eb77fe3531758530f8810ef261321ae3e3854d6f452bc1
phase3_locked_full_v1,exploratory,locked,locked_benchmark,bank_marketing,single_model,label_noise,0.8,shadow,2,2,9042,0,2,cd33c323a577e90b76c6bdd800611e28c3d656a73eb35e5d5108562d34d59dc6
phase3_locked_full_v1,exploratory,locked,locked_benchmark,bank_marketing,mean_ensemble,label_noise,0.8,shadow,2,2,9042,0,2,0915e68c6372a33e3215e41339d79a5720dd5414425772715120b7e1bd44b6de
phase3_locked_full_v1,exploratory,locked,locked_benchmark,bank_marketing,static_weighted_ensemble,label_noise,0.8,shadow,2,2,9042,0,2,82eb561e3519bba33ac17a738b3d88711e75bac5b004dce753127c9cdb39d2df
phase3_locked_full_v1,exploratory,locked,locked_benchmark,bank_marketing,veto_mavs,label_noise,0.8,shadow,2,2,9042,9042,2,4d1fde007f959edfaa5b99de11c04928e642a74c58dedefbdce1eb138597034e
phase3_locked_full_v1,exploratory,locked,locked_benchmark,bank_marketing,pure_mavs_gc,label_noise,0.8,shadow,2,2,9042,9042,2,b4d515963d557c189d6649386e89e1d7409bf3a435ea0a495e2c8b35ed9491be
phase3_locked_full_v1,exploratory,locked,locked_benchmark,bank_marketing,single_model,label_noise,1.0,primary,3,3,13563,0,3,572d8a09aaf673693af75f334d47a12bf93f84bd750e15e9d21667e4dc8162e5
phase3_locked_full_v1,exploratory,locked,locked_benchmark,bank_marketing,mean_ensemble,label_noise,1.0,primary,3,3,13563,0,3,9f5ea4f84ac354504ab0ebf81e077d3602eb39bb0a1e3aec2f15a4129b4ac332
phase3_locked_full_v1,exploratory,locked,locked_benchmark,bank_marketing,static_weighted_ensemble,label_noise,1.0,primary,3,3,13563,0,3,04306395dd9ac210dbb96ea9db431c90735c9369e98bbd3c932593b0408e2e30
phase3_locked_full_v1,exploratory,locked,locked_benchmark,bank_marketing,veto_mavs,label_noise,1.0,primary,3,3,13563,13563,3,1e0699394fcf274de38573087fddc9d26fcee6ba788c4b7938bae7688ebf063d
phase3_locked_full_v1,exploratory,locked,locked_benchmark,bank_marketing,pure_mavs_gc,label_noise,1.0,primary,3,3,13563,13563,3,38923cb151dc8caad110bb7caea0b6860daec96c7d1b184279b12f6317919c41
phase3_locked_full_v1,exploratory,locked,locked_benchmark,bank_marketing,single_model,label_noise,1.0,shadow,2,2,9042,0,2,3da6154ca11ee6e7677ecd43ed6e2ceb93301ee6c074edc9c4b6ca58a2a03fcd
phase3_locked_full_v1,exploratory,locked,locked_benchmark,bank_marketing,mean_ensemble,label_noise,1.0,shadow,2,2,9042,0,2,c8a8feece7cd3d31760b595f3667fb79f48976dfa887a21a9393032f233429ca
phase3_locked_full_v1,exploratory,locked,locked_benchmark,bank_marketing,static_weighted_ensemble,label_noise,1.0,shadow,2,2,9042,0,2,3eda5df07d81ed86f837ed7585d625c9eed0accbe65ccf4c11f41015e131f530
phase3_locked_full_v1,exploratory,locked,locked_benchmark,bank_marketing,veto_mavs,label_noise,1.0,shadow,2,2,9042,9042,2,61e19a910474e1a5f23c39e26de0392049060909282b6871110d04267aabccd2
phase3_locked_full_v1,exploratory,locked,locked_benchmark,bank_marketing,pure_mavs_gc,label_noise,1.0,shadow,2,2,9042,9042,2,24087d3e5bd389ce8a46441852c0601aaac4a989f1f34276d5faf2c8f9fb264c
phase3_locked_full_v1,exploratory,locked,locked_benchmark,bank_marketing,single_model,confidence_distortion,0.0,primary,3,3,13563,0,3,3ad0f350ac2aff95409107fc9a910e5de8ac8813f4eac36863e1c1538758c0b1
phase3_locked_full_v1,exploratory,locked,locked_benchmark,bank_marketing,mean_ensemble,confidence_distortion,0.0,primary,3,3,13563,0,3,c9cb790c8ac2deeb5e621d202078f3bd9f43d3f1dd251df8e67b071c857436b6
phase3_locked_full_v1,exploratory,locked,locked_benchmark,bank_marketing,static_weighted_ensemble,confidence_distortion,0.0,primary,3,3,13563,0,3,01df7d258b581545cccf6dcb05c6f7953e9f07136e855b8bf21201277e7d70e0
phase3_locked_full_v1,exploratory,locked,locked_benchmark,bank_marketing,veto_mavs,confidence_distortion,0.0,primary,3,3,13563,13563,3,435bb2a7189e1bb7a812a4363db8cb3a26b0e45fb14e5054646b77ba9761da44
phase3_locked_full_v1,exploratory,locked,locked_benchmark,bank_marketing,pure_mavs_gc,confidence_distortion,0.0,primary,3,3,13563,13563,3,b142b579f1bc71f6230003ef645baab6354e7c8127e0362f5d176cbe904f94b9
phase3_locked_full_v1,exploratory,locked,locked_benchmark,bank_marketing,single_model,confidence_distortion,0.0,shadow,2,2,9042,0,2,ac44533b3e43038a1fe17ed5a666c5ce0afedfa8a710b2b18d61e00ae463a94e
phase3_locked_full_v1,exploratory,locked,locked_benchmark,bank_marketing,mean_ensemble,confidence_distortion,0.0,shadow,2,2,9042,0,2,f18521e947e3726e0a7446e409f4b457bab4eec8043afb27d04c08da5553ef81
phase3_locked_full_v1,exploratory,locked,locked_benchmark,bank_marketing,static_weighted_ensemble,confidence_distortion,0.0,shadow,2,2,9042,0,2,adfaf0564661912fc15060561b73ea7eb2f008c289453b3a0cd35d970393afbb
phase3_locked_full_v1,exploratory,locked,locked_benchmark,bank_marketing,veto_mavs,confidence_distortion,0.0,shadow,2,2,9042,9042,2,6b4a835cc036858f3b860e8ea1bcd6ed50d7f9c02f9e5e35a30fecb89e5956ae
phase3_locked_full_v1,exploratory,locked,locked_benchmark,bank_marketing,pure_mavs_gc,confidence_distortion,0.0,shadow,2,2,9042,9042,2,295a8b9f6f6b6dd8272b68bc2934f83a39625498514be08196916d9ec684e218
phase3_locked_full_v1,exploratory,locked,locked_benchmark,bank_marketing,single_model,confidence_distortion,0.05,primary,3,3,13563,0,3,beba59a98f67beb5001923a081bc2dee9b9d8a33c9b5c703a04ffe900d17e602
phase3_locked_full_v1,exploratory,locked,locked_benchmark,bank_marketing,mean_ensemble,confidence_distortion,0.05,primary,3,3,13563,0,3,0bed59579d9c039202db09ecfa65bfbd2eede54dbc9b51047d1dfcee4c6de120
phase3_locked_full_v1,exploratory,locked,locked_benchmark,bank_marketing,static_weighted_ensemble,confidence_distortion,0.05,primary,3,3,13563,0,3,3e72cfaf6d807dfc6be342aebc30ac0d5784350bbdc5cc0dfb9e888777591812
phase3_locked_full_v1,exploratory,locked,locked_benchmark,bank_marketing,veto_mavs,confidence_distortion,0.05,primary,3,3,13563,13563,3,e19cc3effc93e960cdc897a5555a3744333a0f3c2402be295fae06e8c83b73b6
phase3_locked_full_v1,exploratory,locked,locked_benchmark,bank_marketing,pure_mavs_gc,confidence_distortion,0.05,primary,3,3,13563,13563,3,cd9d571f14ef309db294be332d6370db2a285b5d3414ffc952a558dceeba8cee
phase3_locked_full_v1,exploratory,locked,locked_benchmark,bank_marketing,single_model,confidence_distortion,0.05,shadow,2,2,9042,0,2,1d59d442feeb6e6a32cf1a050bf4e1c687ac62e52abc700767a9da1a684bd359
phase3_locked_full_v1,exploratory,locked,locked_benchmark,bank_marketing,mean_ensemble,confidence_distortion,0.05,shadow,2,2,9042,0,2,41d1340980534db7e89f6d3dadf2769bd6dedecc496c993a1ba0c594f1b24967
phase3_locked_full_v1,exploratory,locked,locked_benchmark,bank_marketing,static_weighted_ensemble,confidence_distortion,0.05,shadow,2,2,9042,0,2,e4b96976f09ed1781c7d76d347cc5e71af1b95e905c07ac0b5e72310feb8103b
phase3_locked_full_v1,exploratory,locked,locked_benchmark,bank_marketing,veto_mavs,confidence_distortion,0.05,shadow,2,2,9042,9042,2,7c3579421d10c2772fa8d2e97b4c65e0346ac7c7a96cc2255239e6cd6be4220a
phase3_locked_full_v1,exploratory,locked,locked_benchmark,bank_marketing,pure_mavs_gc,confidence_distortion,0.05,shadow,2,2,9042,9042,2,bb3a9189484c49eaf7f6819b2f0d306beb397e3c664cb7bbc7410213265a3892
phase3_locked_full_v1,exploratory,locked,locked_benchmark,bank_marketing,single_model,confidence_distortion,0.1,primary,3,3,13563,0,3,a5e889415c3644900c09334d64c57f5972f28206c760a9c9702d8fed48f3b93b
phase3_locked_full_v1,exploratory,locked,locked_benchmark,bank_marketing,mean_ensemble,confidence_distortion,0.1,primary,3,3,13563,0,3,dd80c3b2b8a0c93a02e0b0d1e6921b9d5b2bb593bdac8475bd0a95cc30b4c031
phase3_locked_full_v1,exploratory,locked,locked_benchmark,bank_marketing,static_weighted_ensemble,confidence_distortion,0.1,primary,3,3,13563,0,3,a896a4bb88edd0889cc862dcce58c24cf9cea7e4c5e4b4375ab037ac652f139c
phase3_locked_full_v1,exploratory,locked,locked_benchmark,bank_marketing,veto_mavs,confidence_distortion,0.1,primary,3,3,13563,13563,3,df9f871dbd9adbbd4fb9a0d44472692a938f2ecfeb60b1b01d0996185ff0128d
phase3_locked_full_v1,exploratory,locked,locked_benchmark,bank_marketing,pure_mavs_gc,confidence_distortion,0.1,primary,3,3,13563,13563,3,bdd207c5a29d17c537994b56505edfefe867f79829be616cc394c57805c06528
phase3_locked_full_v1,exploratory,locked,locked_benchmark,bank_marketing,single_model,confidence_distortion,0.1,shadow,2,2,9042,0,2,d0343c6ce6fbcd94e20453c01d1e0366fa6d0f70931281ecd07dbee0104c5385
phase3_locked_full_v1,exploratory,locked,locked_benchmark,bank_marketing,mean_ensemble,confidence_distortion,0.1,shadow,2,2,9042,0,2,f89d1d85068c25a0eba8e2b1fd03fd5ebda25901283cac7acf9109e2d6b9321f
phase3_locked_full_v1,exploratory,locked,locked_benchmark,bank_marketing,static_weighted_ensemble,confidence_distortion,0.1,shadow,2,2,9042,0,2,d5c3f6150ca0b55156d4b61073dc1f72fe4c9d9c7bce7781a5f1d14ac58f24e1
phase3_locked_full_v1,exploratory,locked,locked_benchmark,bank_marketing,veto_mavs,confidence_distortion,0.1,shadow,2,2,9042,9042,2,bf1b771af572a0f63fec471fbaad34f0221350375b34841776c6b08342cb3dfe
phase3_locked_full_v1,exploratory,locked,locked_benchmark,bank_marketing,pure_mavs_gc,confidence_distortion,0.1,shadow,2,2,9042,9042,2,99a391630ac262f4bc7324496142df93e01c874ed9661bb1a3d4995178c31f64
phase3_locked_full_v1,exploratory,locked,locked_benchmark,bank_marketing,single_model,confidence_distortion,0.2,primary,3,3,13563,0,3,2455df337be8fbd8e6ca6f53a0568e82b6f58baad67433f36e0ddc17afcb73b9
phase3_locked_full_v1,exploratory,locked,locked_benchmark,bank_marketing,mean_ensemble,confidence_distortion,0.2,primary,3,3,13563,0,3,b725c4c8a26290b9347ca571c1f29acf7685137f31afe5f5955e304b7bf44231
phase3_locked_full_v1,exploratory,locked,locked_benchmark,bank_marketing,static_weighted_ensemble,confidence_distortion,0.2,primary,3,3,13563,0,3,6fa9d4ea87c71c60946a3d3348869774f809d41e0dc1cd112c32ad42498dcf57
phase3_locked_full_v1,exploratory,locked,locked_benchmark,bank_marketing,veto_mavs,confidence_distortion,0.2,primary,3,3,13563,13563,3,f0651016a7226c9149b85e780c8cf437173946423fe7c127d28fdeed56f134f7
phase3_locked_full_v1,exploratory,locked,locked_benchmark,bank_marketing,pure_mavs_gc,confidence_distortion,0.2,primary,3,3,13563,13563,3,3a108dae1a0eeeb99533b15ab13687bbc9303b7597f442149c018284bda639d7
phase3_locked_full_v1,exploratory,locked,locked_benchmark,bank_marketing,single_model,confidence_distortion,0.2,shadow,2,2,9042,0,2,7a29ee9c7832bdcd94d15a32ee7257cc48b673f1b2a65674dc38f7b18f45ca42
phase3_locked_full_v1,exploratory,locked,locked_benchmark,bank_marketing,mean_ensemble,confidence_distortion,0.2,shadow,2,2,9042,0,2,746a1e0de5bedc9eafe472c9d4d15d077bfa959f3a6b0dd5cf45e82eae5e4de0
phase3_locked_full_v1,exploratory,locked,locked_benchmark,bank_marketing,static_weighted_ensemble,confidence_distortion,0.2,shadow,2,2,9042,0,2,a732dea1ae7b0f6aed977c57eaca5f0fcc3664a6db00af391fabcf5a8c9a8c56
phase3_locked_full_v1,exploratory,locked,locked_benchmark,bank_marketing,veto_mavs,confidence_distortion,0.2,shadow,2,2,9042,9042,2,8c257152bff8a85cc8916baba4cab41a7e192f204166ff665b23d9578b5b2435
phase3_locked_full_v1,exploratory,locked,locked_benchmark,bank_marketing,pure_mavs_gc,confidence_distortion,0.2,shadow,2,2,9042,9042,2,d3f5e21751981b9e5bfbec8c7f5ac6c8d0c8acb8826cf7465d5e47590d55cb4f
phase3_locked_full_v1,exploratory,locked,locked_benchmark,bank_marketing,single_model,confidence_distortion,0.4,primary,3,3,13563,0,3,1a755684642366fccfe1dc914bcb3c37adcec7d7bc25fa849f780b15b48a3586
phase3_locked_full_v1,exploratory,locked,locked_benchmark,bank_marketing,mean_ensemble,confidence_distortion,0.4,primary,3,3,13563,0,3,ce4f8edfd4a9ecb6bac87426b330657e87e543621b932e0d8b9226f2cb0b2a74
phase3_locked_full_v1,exploratory,locked,locked_benchmark,bank_marketing,static_weighted_ensemble,confidence_distortion,0.4,primary,3,3,13563,0,3,2673fc278077d209ed0810cfbd9c3fc715ffbedcb64229e8d144cdd82a254516
phase3_locked_full_v1,exploratory,locked,locked_benchmark,bank_marketing,veto_mavs,confidence_distortion,0.4,primary,3,3,13563,13563,3,56697902bfac70b05434f06dc4aa43c8aa10562d5bdc31ce74d43e1d0de75568
phase3_locked_full_v1,exploratory,locked,locked_benchmark,bank_marketing,pure_mavs_gc,confidence_distortion,0.4,primary,3,3,13563,13563,3,8f5034864effb1350012a45807ec7c5c9b76bd655257f8a024656dffcde5bd7f
phase3_locked_full_v1,exploratory,locked,locked_benchmark,bank_marketing,single_model,confidence_distortion,0.4,shadow,2,2,9042,0,2,177aadb9599b39cee9acad21903a2faafd646b9917e03129b9b810b57f70070b
phase3_locked_full_v1,exploratory,locked,locked_benchmark,bank_marketing,mean_ensemble,confidence_distortion,0.4,shadow,2,2,9042,0,2,e1badf72385de7d92c6fdd8a04989236ce7a9f15bde0eeab7eccf62c670cb590
phase3_locked_full_v1,exploratory,locked,locked_benchmark,bank_marketing,static_weighted_ensemble,confidence_distortion,0.4,shadow,2,2,9042,0,2,186ae2ab9dfb1d242eabbf542ebc12cd08cfc3fb5d0b2b15933a8eeb6919802a
phase3_locked_full_v1,exploratory,locked,locked_benchmark,bank_marketing,veto_mavs,confidence_distortion,0.4,shadow,2,2,9042,9042,2,5e18d3a67f9dc0d56e9a324fd1614a071f6d90c27e742bca292d7c1d50ca6bf8
phase3_locked_full_v1,exploratory,locked,locked_benchmark,bank_marketing,pure_mavs_gc,confidence_distortion,0.4,shadow,2,2,9042,9042,2,48337edb6375c289c98ade469ed3e520b04061c1e53c7deb8df6ffc2bfd1bfad
phase3_locked_full_v1,exploratory,locked,locked_benchmark,bank_marketing,single_model,confidence_distortion,0.6,primary,3,3,13563,0,3,d2e7c2423d19489643f107de515ea7fba3c055aed9033f229a95cf0d1b3241bc
phase3_locked_full_v1,exploratory,locked,locked_benchmark,bank_marketing,mean_ensemble,confidence_distortion,0.6,primary,3,3,13563,0,3,235e2e0766be19233e37d102cf8e47c4723be7ed664f7ecb8e1fe98f4be02eb8
phase3_locked_full_v1,exploratory,locked,locked_benchmark,bank_marketing,static_weighted_ensemble,confidence_distortion,0.6,primary,3,3,13563,0,3,0d5a71569cd2536e51e1a3386adba4b4a169fc72dd94583ed6ee923cff21b5c3
phase3_locked_full_v1,exploratory,locked,locked_benchmark,bank_marketing,veto_mavs,confidence_distortion,0.6,primary,3,3,13563,13563,3,155890848ac7fb80a691150bb9d85e3644a5e478fdd5e45c8ae8771bad9c4e2b
phase3_locked_full_v1,exploratory,locked,locked_benchmark,bank_marketing,pure_mavs_gc,confidence_distortion,0.6,primary,3,3,13563,13563,3,46c116b516f23fc72f564b17f4c52ec2825203110e1da10beb0fbfbaef81aa67
phase3_locked_full_v1,exploratory,locked,locked_benchmark,bank_marketing,single_model,confidence_distortion,0.6,shadow,2,2,9042,0,2,ee62631dc9f68256e5d8e8f9399c9cc720d5ce486bcb5ac0ebd0b3a5f0746088
phase3_locked_full_v1,exploratory,locked,locked_benchmark,bank_marketing,mean_ensemble,confidence_distortion,0.6,shadow,2,2,9042,0,2,6b7271fe691028131839e9ef116adb7820c70bb177976a786dc54e9707aa8816
phase3_locked_full_v1,exploratory,locked,locked_benchmark,bank_marketing,static_weighted_ensemble,confidence_distortion,0.6,shadow,2,2,9042,0,2,1627f4db38851e41b2982358df5cd1ee34189d544081005710f3ad67785a938e
phase3_locked_full_v1,exploratory,locked,locked_benchmark,bank_marketing,veto_mavs,confidence_distortion,0.6,shadow,2,2,9042,9042,2,dd12e6780292f642a9537f8b140555035038f2edcb4554f7a6ded92da093f408
phase3_locked_full_v1,exploratory,locked,locked_benchmark,bank_marketing,pure_mavs_gc,confidence_distortion,0.6,shadow,2,2,9042,9042,2,202c46d4242348e1afcb85329c2649aa6b818e92e48635f49e2ce9e0d4c31867
phase3_locked_full_v1,exploratory,locked,locked_benchmark,bank_marketing,single_model,confidence_distortion,0.8,primary,3,3,13563,0,3,7f15f2b31d534d2c4c4fcda9dc2a69f473aa699812b5f712eef731b3d9730760
phase3_locked_full_v1,exploratory,locked,locked_benchmark,bank_marketing,mean_ensemble,confidence_distortion,0.8,primary,3,3,13563,0,3,8fd33978db3152f42c38dd9523761f802da2757d4fb768ccbe27ee3896ce162c
phase3_locked_full_v1,exploratory,locked,locked_benchmark,bank_marketing,static_weighted_ensemble,confidence_distortion,0.8,primary,3,3,13563,0,3,9da0f9a40516902f22427bec29d0d40191489070690ae3b0d824c7471112e616
phase3_locked_full_v1,exploratory,locked,locked_benchmark,bank_marketing,veto_mavs,confidence_distortion,0.8,primary,3,3,13563,13563,3,b3334c32d96a51ceef67a3ac2fde00c924120ea50315bcedc7707c722b95b84d
phase3_locked_full_v1,exploratory,locked,locked_benchmark,bank_marketing,pure_mavs_gc,confidence_distortion,0.8,primary,3,3,13563,13563,3,11175e1af11734fe4d75b579dfba50a32c40a03d6dfc05435e9dc7d7ee9cbe1a
phase3_locked_full_v1,exploratory,locked,locked_benchmark,bank_marketing,single_model,confidence_distortion,0.8,shadow,2,2,9042,0,2,b67d9ae597bd94dbb435299e94a68f51d9f869a7651d1604e444cfa9e36723cd
phase3_locked_full_v1,exploratory,locked,locked_benchmark,bank_marketing,mean_ensemble,confidence_distortion,0.8,shadow,2,2,9042,0,2,b1833ca8e0042374bae6318d80a99cd0b47fd93e6f3ef5c9257c429e4d9a8726
phase3_locked_full_v1,exploratory,locked,locked_benchmark,bank_marketing,static_weighted_ensemble,confidence_distortion,0.8,shadow,2,2,9042,0,2,e6d4952ab9c4b09edfa5da8e539cbe949fd5ea0fb1f87f3a1e62f17a6dc04f0d
phase3_locked_full_v1,exploratory,locked,locked_benchmark,bank_marketing,veto_mavs,confidence_distortion,0.8,shadow,2,2,9042,9042,2,5fac1c51610126891b6b351ef158f076b50d2687c6e1a51d4e0bc228b001919c
phase3_locked_full_v1,exploratory,locked,locked_benchmark,bank_marketing,pure_mavs_gc,confidence_distortion,0.8,shadow,2,2,9042,9042,2,0dc8dbdca269e5edeedaec701fc5ae633925912870a51a2a004478cb4332ee54
phase3_locked_full_v1,exploratory,locked,locked_benchmark,bank_marketing,single_model,confidence_distortion,1.0,primary,3,3,13563,0,3,b5b6d38567246a21bc82d641a6e1e95267e637c2f359cbe70dc193cc1e87fda7
phase3_locked_full_v1,exploratory,locked,locked_benchmark,bank_marketing,mean_ensemble,confidence_distortion,1.0,primary,3,3,13563,0,3,b62a0a305f25270037f8b9d3f5a44586df80b64ce68ed18a1451103111654483
phase3_locked_full_v1,exploratory,locked,locked_benchmark,bank_marketing,static_weighted_ensemble,confidence_distortion,1.0,primary,3,3,13563,0,3,5fc0bcd0c4237bcf240ced1cdea7a9e0beb7d6f8bc8fe6b935ee4d62331b0764
phase3_locked_full_v1,exploratory,locked,locked_benchmark,bank_marketing,veto_mavs,confidence_distortion,1.0,primary,3,3,13563,13563,3,2be8079270edf0c8e16afb0961034349b72e16ea8dc70eeee4c3d5cafd287d29
phase3_locked_full_v1,exploratory,locked,locked_benchmark,bank_marketing,pure_mavs_gc,confidence_distortion,1.0,primary,3,3,13563,13563,3,798fc61f64092b9132552904e771b137273ddd56ff64f1af5af72e06b21403e3
phase3_locked_full_v1,exploratory,locked,locked_benchmark,bank_marketing,single_model,confidence_distortion,1.0,shadow,2,2,9042,0,2,61c28d6b8b1823d8dc809cc075f327053589f0349edfa1fd2d2cd77addd316fd
phase3_locked_full_v1,exploratory,locked,locked_benchmark,bank_marketing,mean_ensemble,confidence_distortion,1.0,shadow,2,2,9042,0,2,ef05192c804da68216578857ad70ec5ee10734cfe92a3cfa424af4a0b1741c27
phase3_locked_full_v1,exploratory,locked,locked_benchmark,bank_marketing,static_weighted_ensemble,confidence_distortion,1.0,shadow,2,2,9042,0,2,114ee46cd6953f3b4cdebc25d39839f02ba2df46c4a3572e91d64e48974d8f0d
phase3_locked_full_v1,exploratory,locked,locked_benchmark,bank_marketing,veto_mavs,confidence_distortion,1.0,shadow,2,2,9042,9042,2,332ffad0b918a29609ad2678e31863cef97109aaf18cd5920ab5c524cb7480c9
phase3_locked_full_v1,exploratory,locked,locked_benchmark,bank_marketing,pure_mavs_gc,confidence_distortion,1.0,shadow,2,2,9042,9042,2,c5430ba59fd630e0e40fcb47af23aebebe5b0ccb2e455900c4a7c4f8f30516ca
phase3_locked_full_v1,exploratory,locked,locked_benchmark,bank_marketing,single_model,adversarial_confidence_inflation,0.0,primary,3,3,13563,0,3,59f0be7103e28f103e3fdd7dbc731deaf58a1a7fc0e228d930b80f08bf551421
phase3_locked_full_v1,exploratory,locked,locked_benchmark,bank_marketing,mean_ensemble,adversarial_confidence_inflation,0.0,primary,3,3,13563,0,3,a1e189a662a206588b2c35c5fa34b243b157a689e419eb66a85800ff08088f3f
phase3_locked_full_v1,exploratory,locked,locked_benchmark,bank_marketing,static_weighted_ensemble,adversarial_confidence_inflation,0.0,primary,3,3,13563,0,3,a9e7c59a6c2ba0151bc1bb6bd38f6983eaea8f0759b17a740ff026f4402ca39e
phase3_locked_full_v1,exploratory,locked,locked_benchmark,bank_marketing,veto_mavs,adversarial_confidence_inflation,0.0,primary,3,3,13563,13563,3,c1031038acd6ef61d708041d0cbd96d8bf2b5c5d7b086cfedc7b0cd8b4694ecc
phase3_locked_full_v1,exploratory,locked,locked_benchmark,bank_marketing,pure_mavs_gc,adversarial_confidence_inflation,0.0,primary,3,3,13563,13563,3,411f7806ad2c7b1bfb3f8035ab1e06193dec850b6b39266224d370e81000c7f4
phase3_locked_full_v1,exploratory,locked,locked_benchmark,bank_marketing,single_model,adversarial_confidence_inflation,0.0,shadow,2,2,9042,0,2,16f1598cc5aa5aef7834abff70d2fd29aff924316bf7ad50a251c6f3db27a8e4
phase3_locked_full_v1,exploratory,locked,locked_benchmark,bank_marketing,mean_ensemble,adversarial_confidence_inflation,0.0,shadow,2,2,9042,0,2,851d65d0c7223368e008a3eda5cd56030c910db7a2dd4c467fbf358570e60410
phase3_locked_full_v1,exploratory,locked,locked_benchmark,bank_marketing,static_weighted_ensemble,adversarial_confidence_inflation,0.0,shadow,2,2,9042,0,2,8ed2f2ef7f6c54d2acff4dc75ab0042afe7b00efc3ab60969f01187029466316
phase3_locked_full_v1,exploratory,locked,locked_benchmark,bank_marketing,veto_mavs,adversarial_confidence_inflation,0.0,shadow,2,2,9042,9042,2,7baf7d715fe4856e90a2266fa35d3837dbb1fd70549d7e4e3207722d270dd51c
phase3_locked_full_v1,exploratory,locked,locked_benchmark,bank_marketing,pure_mavs_gc,adversarial_confidence_inflation,0.0,shadow,2,2,9042,9042,2,a2367c134a0168f13471a78fbc930e605eb67d013b1e97b459d2385075146a6a
phase3_locked_full_v1,exploratory,locked,locked_benchmark,bank_marketing,single_model,adversarial_confidence_inflation,0.05,primary,3,3,13563,0,3,76d40e4ce1ca9bfe6d41ee7b135fc2a019d79cf695b805dba610d07757ae967b
phase3_locked_full_v1,exploratory,locked,locked_benchmark,bank_marketing,mean_ensemble,adversarial_confidence_inflation,0.05,primary,3,3,13563,0,3,adc266184507eeaed206a4b32251db17a3281b82bf674822585cadfa3121d709
phase3_locked_full_v1,exploratory,locked,locked_benchmark,bank_marketing,static_weighted_ensemble,adversarial_confidence_inflation,0.05,primary,3,3,13563,0,3,25782a540fddaeb2515cb596afbac9a5717dfc35ef99ada5c35b53d261825bd9
phase3_locked_full_v1,exploratory,locked,locked_benchmark,bank_marketing,veto_mavs,adversarial_confidence_inflation,0.05,primary,3,3,13563,13563,3,8b9bd9c4dcef8f6500990d7ca00a9b461c3458b9f906f1aa7b20e13d5da0a4a7
phase3_locked_full_v1,exploratory,locked,locked_benchmark,bank_marketing,pure_mavs_gc,adversarial_confidence_inflation,0.05,primary,3,3,13563,13563,3,6d184d3a284a5d091c118e18cdd8a6869a64966d9191c5ce4f6ee8ff8290ed9c
phase3_locked_full_v1,exploratory,locked,locked_benchmark,bank_marketing,single_model,adversarial_confidence_inflation,0.05,shadow,2,2,9042,0,2,685419ed83d656667c7de41cbffc2740d55149b4f364525a960aa13385c022bb
phase3_locked_full_v1,exploratory,locked,locked_benchmark,bank_marketing,mean_ensemble,adversarial_confidence_inflation,0.05,shadow,2,2,9042,0,2,45e8e2fdfd8b9a40ea2364bad3f96f12b615e3e679eee7dd26521a4c27ea62ed
phase3_locked_full_v1,exploratory,locked,locked_benchmark,bank_marketing,static_weighted_ensemble,adversarial_confidence_inflation,0.05,shadow,2,2,9042,0,2,02548d8001fe182a3ca39a2cbe825377415c6b7aeed547f0b5331e963e321798
phase3_locked_full_v1,exploratory,locked,locked_benchmark,bank_marketing,veto_mavs,adversarial_confidence_inflation,0.05,shadow,2,2,9042,9042,2,798df899441c0704e01ebd60ba8615c48d346c1e12e9b07bc8d6740a788edb64
phase3_locked_full_v1,exploratory,locked,locked_benchmark,bank_marketing,pure_mavs_gc,adversarial_confidence_inflation,0.05,shadow,2,2,9042,9042,2,a3dbfae3fa2f64860728f5636107b13ad7d74e474c4632af42fcd486eaaa2245
phase3_locked_full_v1,exploratory,locked,locked_benchmark,bank_marketing,single_model,adversarial_confidence_inflation,0.1,primary,3,3,13563,0,3,ecc48c25869694e2894b13aba8d882bcbf881dea78abc57cc77d4ea03129816d
phase3_locked_full_v1,exploratory,locked,locked_benchmark,bank_marketing,mean_ensemble,adversarial_confidence_inflation,0.1,primary,3,3,13563,0,3,4fd2c7b12eb1d31748d95826d0c110e980929f35d64f2c1e4a17eb4c87105a3a
phase3_locked_full_v1,exploratory,locked,locked_benchmark,bank_marketing,static_weighted_ensemble,adversarial_confidence_inflation,0.1,primary,3,3,13563,0,3,8e20a9bb5407c246f747e6e845183635a00f4ce5f45b4bfee179dc584edf447f
phase3_locked_full_v1,exploratory,locked,locked_benchmark,bank_marketing,veto_mavs,adversarial_confidence_inflation,0.1,primary,3,3,13563,13563,3,d8b81e97c55cc0325c99c0256f871632c83558d45dca688eb03d1e7dd8aa3ea4
phase3_locked_full_v1,exploratory,locked,locked_benchmark,bank_marketing,pure_mavs_gc,adversarial_confidence_inflation,0.1,primary,3,3,13563,13563,3,489442b6881198cbe72daf2a126c73568cfadccf041a108ea3466a843ed70850
phase3_locked_full_v1,exploratory,locked,locked_benchmark,bank_marketing,single_model,adversarial_confidence_inflation,0.1,shadow,2,2,9042,0,2,4993e6b439bc6c8247e28883630f574da684b56e91fb45c9c5ed76c27d961941
phase3_locked_full_v1,exploratory,locked,locked_benchmark,bank_marketing,mean_ensemble,adversarial_confidence_inflation,0.1,shadow,2,2,9042,0,2,76598a9d3a88e7458cb62f34ec0f5f2421b450a73b1ed19eba68f5ed73bbcc5d
phase3_locked_full_v1,exploratory,locked,locked_benchmark,bank_marketing,static_weighted_ensemble,adversarial_confidence_inflation,0.1,shadow,2,2,9042,0,2,d58dec09a946758140924a696278081289cdad1b069e66fe118ed60fd76751e5
phase3_locked_full_v1,exploratory,locked,locked_benchmark,bank_marketing,veto_mavs,adversarial_confidence_inflation,0.1,shadow,2,2,9042,9042,2,0fa43453d5b816f7a9a6aaa088e62a24105a1e1875ffcca450d94d9eac22e0aa
phase3_locked_full_v1,exploratory,locked,locked_benchmark,bank_marketing,pure_mavs_gc,adversarial_confidence_inflation,0.1,shadow,2,2,9042,9042,2,c1b2c35824c1585dbe0277afba8522cfa7bb7e41e8ed779899f24c8c907bba13
phase3_locked_full_v1,exploratory,locked,locked_benchmark,bank_marketing,single_model,adversarial_confidence_inflation,0.2,primary,3,3,13563,0,3,f74356f735580748362608a302fc7c79dea492076d1a10b7d300825e1fb644c6
phase3_locked_full_v1,exploratory,locked,locked_benchmark,bank_marketing,mean_ensemble,adversarial_confidence_inflation,0.2,primary,3,3,13563,0,3,9158d259f9afb1b207a9a953bc30bded8f5adfacce9d90feff06b11c036c0859
phase3_locked_full_v1,exploratory,locked,locked_benchmark,bank_marketing,static_weighted_ensemble,adversarial_confidence_inflation,0.2,primary,3,3,13563,0,3,abe0ff559ea3d3e8dd3758795ce8ec461cbc56e93ee293f7b566b43d3c6d0952
phase3_locked_full_v1,exploratory,locked,locked_benchmark,bank_marketing,veto_mavs,adversarial_confidence_inflation,0.2,primary,3,3,13563,13563,3,b25b621937e2474cf0efbe0798371662ba330e858fc9c2bcf5011a633d777107
phase3_locked_full_v1,exploratory,locked,locked_benchmark,bank_marketing,pure_mavs_gc,adversarial_confidence_inflation,0.2,primary,3,3,13563,13563,3,14c80ac095c6ed2ea178669309495d1d8f837d83ebd0097b90fac33cc14cc54f
phase3_locked_full_v1,exploratory,locked,locked_benchmark,bank_marketing,single_model,adversarial_confidence_inflation,0.2,shadow,2,2,9042,0,2,eca2237395bcd343e734e2cb987db950e3db98c5859b5c38ff640f207127d401
phase3_locked_full_v1,exploratory,locked,locked_benchmark,bank_marketing,mean_ensemble,adversarial_confidence_inflation,0.2,shadow,2,2,9042,0,2,6899057e8ceecb996274e40ae281136d20cde634a33bf4debea9aaca8c9f8004
phase3_locked_full_v1,exploratory,locked,locked_benchmark,bank_marketing,static_weighted_ensemble,adversarial_confidence_inflation,0.2,shadow,2,2,9042,0,2,85a7bd20014d86cbb0232cbdf7edbf875fdc1987d31b11b8cfa97997d9767725
phase3_locked_full_v1,exploratory,locked,locked_benchmark,bank_marketing,veto_mavs,adversarial_confidence_inflation,0.2,shadow,2,2,9042,9042,2,ae117452b7d39f5b1a03dbce1274091ab505b1d606660ce95161d310f2f4b1a4
phase3_locked_full_v1,exploratory,locked,locked_benchmark,bank_marketing,pure_mavs_gc,adversarial_confidence_inflation,0.2,shadow,2,2,9042,9042,2,2e0053bdd17be868e194e0d33bb0d18a8289e5c9ffbd31cc4fb4aad6ad2b47ae
phase3_locked_full_v1,exploratory,locked,locked_benchmark,bank_marketing,single_model,adversarial_confidence_inflation,0.4,primary,3,3,13563,0,3,5778b5ce9fa9f399236382ac5a7fc67dd36608a858dca721dfd1efb55ab621e9
phase3_locked_full_v1,exploratory,locked,locked_benchmark,bank_marketing,mean_ensemble,adversarial_confidence_inflation,0.4,primary,3,3,13563,0,3,a0d6bb272201bcbe851f183c5189a0edf7b47be199d7ade55f35257880d251cb
phase3_locked_full_v1,exploratory,locked,locked_benchmark,bank_marketing,static_weighted_ensemble,adversarial_confidence_inflation,0.4,primary,3,3,13563,0,3,289a1a6baedcb3f024568d14c51d47161918a57a70ba251a4ca8d808e3c5520b
phase3_locked_full_v1,exploratory,locked,locked_benchmark,bank_marketing,veto_mavs,adversarial_confidence_inflation,0.4,primary,3,3,13563,13563,3,169e85ece63f6ff11773f28ec356e42b119aa76bd0c1941e4420ae0bf5dedc77
phase3_locked_full_v1,exploratory,locked,locked_benchmark,bank_marketing,pure_mavs_gc,adversarial_confidence_inflation,0.4,primary,3,3,13563,13563,3,cc7420b50829432a5b00630b72ee8f279b86a1d66223ee687bc029f056d99aac
phase3_locked_full_v1,exploratory,locked,locked_benchmark,bank_marketing,single_model,adversarial_confidence_inflation,0.4,shadow,2,2,9042,0,2,631b4f9f48678c3ae7968d5baf686f19660d178e6f14aa1863cfde2ad93a56e8
phase3_locked_full_v1,exploratory,locked,locked_benchmark,bank_marketing,mean_ensemble,adversarial_confidence_inflation,0.4,shadow,2,2,9042,0,2,50b87eef8dc48d83233373baa9b82611a8c09e0439304931762a15286f286374
phase3_locked_full_v1,exploratory,locked,locked_benchmark,bank_marketing,static_weighted_ensemble,adversarial_confidence_inflation,0.4,shadow,2,2,9042,0,2,c1a812f30fb3ea9f1b16a3410f8a7a43f4456ec4598e3890fd5baf1c6fd05279
phase3_locked_full_v1,exploratory,locked,locked_benchmark,bank_marketing,veto_mavs,adversarial_confidence_inflation,0.4,shadow,2,2,9042,9042,2,0363794abf4676c94fd678f465ba62fc811c2eeb8e2990c904aa38737ba98397
phase3_locked_full_v1,exploratory,locked,locked_benchmark,bank_marketing,pure_mavs_gc,adversarial_confidence_inflation,0.4,shadow,2,2,9042,9042,2,a82b55a64348213122b566d86fef0f5dadbbf551bba7a0a1595ea2039b86cf2b
phase3_locked_full_v1,exploratory,locked,locked_benchmark,bank_marketing,single_model,adversarial_confidence_inflation,0.6,primary,3,3,13563,0,3,53e525b52d2c1e0a7a07d09ebdeeb5764af7dc5c744672777f17666b4ac80f71
phase3_locked_full_v1,exploratory,locked,locked_benchmark,bank_marketing,mean_ensemble,adversarial_confidence_inflation,0.6,primary,3,3,13563,0,3,222a5635151a0f1541972770f873d74a9c57d5397faf0dfa9cc2d0e97a208421
phase3_locked_full_v1,exploratory,locked,locked_benchmark,bank_marketing,static_weighted_ensemble,adversarial_confidence_inflation,0.6,primary,3,3,13563,0,3,3ba05bc02ca207c0458081648ff309b5a8d7c1131bb022639b52f57d5c653228
phase3_locked_full_v1,exploratory,locked,locked_benchmark,bank_marketing,veto_mavs,adversarial_confidence_inflation,0.6,primary,3,3,13563,13563,3,3a3423afbffacf11f195000b5e8b1f461fc9540f2cee647657fca25bf6126302
phase3_locked_full_v1,exploratory,locked,locked_benchmark,bank_marketing,pure_mavs_gc,adversarial_confidence_inflation,0.6,primary,3,3,13563,13563,3,4a52462d92282af3cc943e66f913711e3f568e94cb0464cc1fe104ae0fdfeeb1
phase3_locked_full_v1,exploratory,locked,locked_benchmark,bank_marketing,single_model,adversarial_confidence_inflation,0.6,shadow,2,2,9042,0,2,31ddb277ffb4e577f71e9c899d3f58b6faf5caba93b64dcdbad905e6385ca856
phase3_locked_full_v1,exploratory,locked,locked_benchmark,bank_marketing,mean_ensemble,adversarial_confidence_inflation,0.6,shadow,2,2,9042,0,2,1503e6cde5a879839dab3e061cebcd9cf94b8df4d799b637c3854cadf3c350fe
phase3_locked_full_v1,exploratory,locked,locked_benchmark,bank_marketing,static_weighted_ensemble,adversarial_confidence_inflation,0.6,shadow,2,2,9042,0,2,c6bbc0e3a1e7e0dd259b44cbc336301a70e8f8f82393abc2503cd50cd53adbc8
phase3_locked_full_v1,exploratory,locked,locked_benchmark,bank_marketing,veto_mavs,adversarial_confidence_inflation,0.6,shadow,2,2,9042,9042,2,cfa2d60c018b38631e32c9ec6e4120a4fae47ff9282c73713f9a41eac904e3e3
phase3_locked_full_v1,exploratory,locked,locked_benchmark,bank_marketing,pure_mavs_gc,adversarial_confidence_inflation,0.6,shadow,2,2,9042,9042,2,ad847e0ee97135b01b1be574452a5c71c83a9a90e41b4870457cc3140f866e25
phase3_locked_full_v1,exploratory,locked,locked_benchmark,bank_marketing,single_model,adversarial_confidence_inflation,0.8,primary,3,3,13563,0,3,5b9dfa71696224c0d734d4d35fabc62abc7f79e2cff0144b7818b78772d660b2
phase3_locked_full_v1,exploratory,locked,locked_benchmark,bank_marketing,mean_ensemble,adversarial_confidence_inflation,0.8,primary,3,3,13563,0,3,6e923d6012583bfd5d564527f11eb2c555ef8e6ee74552ea566a30ec4ee93488
phase3_locked_full_v1,exploratory,locked,locked_benchmark,bank_marketing,static_weighted_ensemble,adversarial_confidence_inflation,0.8,primary,3,3,13563,0,3,d6511e234b54dae54dea22169e51b9b16c8159ca3380c5b978d7ff390c7e9443
phase3_locked_full_v1,exploratory,locked,locked_benchmark,bank_marketing,veto_mavs,adversarial_confidence_inflation,0.8,primary,3,3,13563,13563,3,f4b0426363dbab94d55b6f8af1f904051a3e474514fddaa3d6336b8bebad8f64
phase3_locked_full_v1,exploratory,locked,locked_benchmark,bank_marketing,pure_mavs_gc,adversarial_confidence_inflation,0.8,primary,3,3,13563,13563,3,afc0a84dfc5e89ae2f0657292e5dcdbca84c4b004ccfdb7a0854fa4ea7c04fcc
phase3_locked_full_v1,exploratory,locked,locked_benchmark,bank_marketing,single_model,adversarial_confidence_inflation,0.8,shadow,2,2,9042,0,2,d23efb6174266836a308fa0e8520db2761f8a7805960a398c74af2d87d79f2b3
phase3_locked_full_v1,exploratory,locked,locked_benchmark,bank_marketing,mean_ensemble,adversarial_confidence_inflation,0.8,shadow,2,2,9042,0,2,17fb823df8d57079a123d9c0fa544f8bf151b10c3c716cbe8fe02636762e1da9
phase3_locked_full_v1,exploratory,locked,locked_benchmark,bank_marketing,static_weighted_ensemble,adversarial_confidence_inflation,0.8,shadow,2,2,9042,0,2,7dcd6f3f854d205929d3d3c5583c7cdaa6e91ec55bfdf80d1a731c70c9d37a6d
phase3_locked_full_v1,exploratory,locked,locked_benchmark,bank_marketing,veto_mavs,adversarial_confidence_inflation,0.8,shadow,2,2,9042,9042,2,14cb220810df6404c95d8dc534054101ad760d4399bbd0559dfd7fc838b4402f
phase3_locked_full_v1,exploratory,locked,locked_benchmark,bank_marketing,pure_mavs_gc,adversarial_confidence_inflation,0.8,shadow,2,2,9042,9042,2,e95f19bb52bf90bc1388cd9850c6580464e6f8de4d0c325c0448e86ce94a9917
phase3_locked_full_v1,exploratory,locked,locked_benchmark,bank_marketing,single_model,adversarial_confidence_inflation,1.0,primary,3,3,13563,0,3,9080f7d8e41d3eb6c502b2557f9e16086560144c300d51c355c34f04da874a9c
phase3_locked_full_v1,exploratory,locked,locked_benchmark,bank_marketing,mean_ensemble,adversarial_confidence_inflation,1.0,primary,3,3,13563,0,3,016ec553a4641bd8eca9b1adb8434576a40ec566aa03f2bdb840e53b55808b04
phase3_locked_full_v1,exploratory,locked,locked_benchmark,bank_marketing,static_weighted_ensemble,adversarial_confidence_inflation,1.0,primary,3,3,13563,0,3,4168bdc30005a289f71012039e2e1704d440565ea11cfc703911a1ee7d6a17b3
phase3_locked_full_v1,exploratory,locked,locked_benchmark,bank_marketing,veto_mavs,adversarial_confidence_inflation,1.0,primary,3,3,13563,13563,3,70143715a5fdd3b9a8c06a808fd3192b939b63ee74f4e16ae28df47a69284a09
phase3_locked_full_v1,exploratory,locked,locked_benchmark,bank_marketing,pure_mavs_gc,adversarial_confidence_inflation,1.0,primary,3,3,13563,13563,3,9f76705f53d78f81db95ec234a0d6c73ee29fd85612c0c8b4d3fdfd426a9fe7f
phase3_locked_full_v1,exploratory,locked,locked_benchmark,bank_marketing,single_model,adversarial_confidence_inflation,1.0,shadow,2,2,9042,0,2,3c5f135d298ae1f19b06e157c3d00fa2fb8b9307e6fda5dd96a96612f137b242
phase3_locked_full_v1,exploratory,locked,locked_benchmark,bank_marketing,mean_ensemble,adversarial_confidence_inflation,1.0,shadow,2,2,9042,0,2,e96b5382a084a5a076280212f305c724d8ae24409dac71502fd36c6ca8f5795b
phase3_locked_full_v1,exploratory,locked,locked_benchmark,bank_marketing,static_weighted_ensemble,adversarial_confidence_inflation,1.0,shadow,2,2,9042,0,2,4b36d529759755734148a66e3405fff1593c7844656a0b2071f803616db112aa
phase3_locked_full_v1,exploratory,locked,locked_benchmark,bank_marketing,veto_mavs,adversarial_confidence_inflation,1.0,shadow,2,2,9042,9042,2,9d91913e83d5dd466645e8a6add82d78284fda5e50c34ccb6f6e79c0f2d90804
phase3_locked_full_v1,exploratory,locked,locked_benchmark,bank_marketing,pure_mavs_gc,adversarial_confidence_inflation,1.0,shadow,2,2,9042,9042,2,820dc868c65f93673d75c91d4975cf6c398d80908fb73000744b936de86aed3b
phase3_locked_full_v1,exploratory,locked,locked_benchmark,bank_marketing,single_model,distribution_shift,0.0,primary,3,3,13563,0,3,f29f80b3cc4be48cf772be6e8eae2526e9f0ba8d3e3ed569eb9fb2a5710720ff
phase3_locked_full_v1,exploratory,locked,locked_benchmark,bank_marketing,mean_ensemble,distribution_shift,0.0,primary,3,3,13563,0,3,1907e8ba1126f165c41dc77b74f43a5484e0bb2d092d129f8aeb035197f6357b
phase3_locked_full_v1,exploratory,locked,locked_benchmark,bank_marketing,static_weighted_ensemble,distribution_shift,0.0,primary,3,3,13563,0,3,b993cdc9b3d4189b417215f9665c525adfdc6f7ed0dc18661975ac6f856a6964
phase3_locked_full_v1,exploratory,locked,locked_benchmark,bank_marketing,veto_mavs,distribution_shift,0.0,primary,3,3,13563,13563,3,9237e4efa6cf4ac7d5e0d5f65751ad9a0ed256dab1b9eca8fc2287a024065e41
phase3_locked_full_v1,exploratory,locked,locked_benchmark,bank_marketing,pure_mavs_gc,distribution_shift,0.0,primary,3,3,13563,13563,3,4f74f95fbc6dd8935925b1afe39fc6debf7bb6f927459a5e8e52525f580bb172
phase3_locked_full_v1,exploratory,locked,locked_benchmark,bank_marketing,single_model,distribution_shift,0.0,shadow,2,2,9042,0,2,aa7afef3ae5826c15a5b65e89668af241b233f0a83a530e8124902d152738c21
phase3_locked_full_v1,exploratory,locked,locked_benchmark,bank_marketing,mean_ensemble,distribution_shift,0.0,shadow,2,2,9042,0,2,3f928e5ed444fd15960f64544a75e60f7af49cc922786612620caaf2386bb155
phase3_locked_full_v1,exploratory,locked,locked_benchmark,bank_marketing,static_weighted_ensemble,distribution_shift,0.0,shadow,2,2,9042,0,2,3bbb67b6095195947182aa6342ffcae6904d74b86fa4e8a5ca6a538ee05ce70a
phase3_locked_full_v1,exploratory,locked,locked_benchmark,bank_marketing,veto_mavs,distribution_shift,0.0,shadow,2,2,9042,9042,2,9aa88706c35811b1e1a7b3158594f7b30d246b2cd593981f06c9fd2f9891305b
phase3_locked_full_v1,exploratory,locked,locked_benchmark,bank_marketing,pure_mavs_gc,distribution_shift,0.0,shadow,2,2,9042,9042,2,aa3a4cf40e09bb2e9fdb954973ba6bd342c5eb5a2813aefb6fa97ee888a07325
phase3_locked_full_v1,exploratory,locked,locked_benchmark,bank_marketing,single_model,distribution_shift,0.05,primary,3,3,13125,0,3,639629123f26d375178fdfe000dafc9d78a2fa4aaa0724bc738a5b0314cf35af
phase3_locked_full_v1,exploratory,locked,locked_benchmark,bank_marketing,mean_ensemble,distribution_shift,0.05,primary,3,3,13125,0,3,e5aafd9930f90328a077e0380e9f4cdb6d91229b4dfbb1cf974e2ff049a19bdb
phase3_locked_full_v1,exploratory,locked,locked_benchmark,bank_marketing,static_weighted_ensemble,distribution_shift,0.05,primary,3,3,13125,0,3,0fb9fc13f278c953eba9d0bb8205137d429a9b8c43185445a0d7a9403aae0a8a
phase3_locked_full_v1,exploratory,locked,locked_benchmark,bank_marketing,veto_mavs,distribution_shift,0.05,primary,3,3,13125,13125,3,ae980dd458b63a36cb05d415fdcabe1cc37ccb575fd11065874253d00f6ada75
phase3_locked_full_v1,exploratory,locked,locked_benchmark,bank_marketing,pure_mavs_gc,distribution_shift,0.05,primary,3,3,13125,13125,3,ed7a564b26c350925d02fc1b97951be39391d0dec163c78a30b248806949b9d0
phase3_locked_full_v1,exploratory,locked,locked_benchmark,bank_marketing,single_model,distribution_shift,0.05,shadow,2,2,8750,0,2,9e14cfccb3dc76ed5d0133aaf9e706eae411335de6cc1c50547f6db2f8e4b6db
phase3_locked_full_v1,exploratory,locked,locked_benchmark,bank_marketing,mean_ensemble,distribution_shift,0.05,shadow,2,2,8750,0,2,a56ee21efe0d34ca06cb156c23076584eceb6b489a2acb804d3771c73a1ec971
phase3_locked_full_v1,exploratory,locked,locked_benchmark,bank_marketing,static_weighted_ensemble,distribution_shift,0.05,shadow,2,2,8750,0,2,7111ddfc143c2ac87711a2a549f480cf19e79bdc9736dca6c0db7f579f773c4d
phase3_locked_full_v1,exploratory,locked,locked_benchmark,bank_marketing,veto_mavs,distribution_shift,0.05,shadow,2,2,8750,8750,2,9305e1dcc3285b9ae15c990b4bc4dfbb4a6424b12ed841b8b13cfa6b4a25d112
phase3_locked_full_v1,exploratory,locked,locked_benchmark,bank_marketing,pure_mavs_gc,distribution_shift,0.05,shadow,2,2,8750,8750,2,c377bd4c02c0346217689f1ca568236b72329bffa37da58310177201ccd80208
phase3_locked_full_v1,exploratory,locked,locked_benchmark,bank_marketing,single_model,distribution_shift,0.1,primary,3,3,12684,0,3,b2fc57a70cbf8b59065bf6881d6c3601c65716b4ee29fda66360db4ba2dcb085
phase3_locked_full_v1,exploratory,locked,locked_benchmark,bank_marketing,mean_ensemble,distribution_shift,0.1,primary,3,3,12684,0,3,a5086196e736ccf78917008bce03e14ca7cc25a6b32042846ee5d8a27020feac
phase3_locked_full_v1,exploratory,locked,locked_benchmark,bank_marketing,static_weighted_ensemble,distribution_shift,0.1,primary,3,3,12684,0,3,6e018dde2b03a4aba09fcc1974d544037f4f0ae1c3f1c9d1d96655b821e95aff
phase3_locked_full_v1,exploratory,locked,locked_benchmark,bank_marketing,veto_mavs,distribution_shift,0.1,primary,3,3,12684,12684,3,b595415965e6bb351f7f070e4db151aca15722ce9c0b693da12b33e8e5216fac
phase3_locked_full_v1,exploratory,locked,locked_benchmark,bank_marketing,pure_mavs_gc,distribution_shift,0.1,primary,3,3,12684,12684,3,4ba6e6b9abf92d5892e8afeb1cfc8d0e5dada020f7e05baa54659958f2d2e6ff
phase3_locked_full_v1,exploratory,locked,locked_benchmark,bank_marketing,single_model,distribution_shift,0.1,shadow,2,2,8456,0,2,04fb6be1e0e1ce647f2a4080fe448dd5688cfbedb8e1eeab4a4e902f781ec37b
phase3_locked_full_v1,exploratory,locked,locked_benchmark,bank_marketing,mean_ensemble,distribution_shift,0.1,shadow,2,2,8456,0,2,827566e2820206c189ee2d5476700ec39236c42eb33e853242540a9b4b372028
phase3_locked_full_v1,exploratory,locked,locked_benchmark,bank_marketing,static_weighted_ensemble,distribution_shift,0.1,shadow,2,2,8456,0,2,1d12f5d73ec9ce46c59d21e90e2d329f17a0481a482622eb8322b64081b1383e
phase3_locked_full_v1,exploratory,locked,locked_benchmark,bank_marketing,veto_mavs,distribution_shift,0.1,shadow,2,2,8456,8456,2,617cde02a173ee3eeeb60d2595d2a5c5829db8236e889ac9664d55ca3c61ba02
phase3_locked_full_v1,exploratory,locked,locked_benchmark,bank_marketing,pure_mavs_gc,distribution_shift,0.1,shadow,2,2,8456,8456,2,9786171f15fd48e7b8d2bffd0f9b25ecfba9dd1901d3d39522ff018e5482bdcb
phase3_locked_full_v1,exploratory,locked,locked_benchmark,bank_marketing,single_model,distribution_shift,0.2,primary,3,3,11802,0,3,2d76094ea5a5314e4984f828ea7b92f2bef926f68d1e999177784e90626db67b
phase3_locked_full_v1,exploratory,locked,locked_benchmark,bank_marketing,mean_ensemble,distribution_shift,0.2,primary,3,3,11802,0,3,56f9f36507f9b75fa25743272dc84d4cda5134514e7a107a7afd186fbf74dcea
phase3_locked_full_v1,exploratory,locked,locked_benchmark,bank_marketing,static_weighted_ensemble,distribution_shift,0.2,primary,3,3,11802,0,3,226b4ad94345aba42c68c6709e64810a9bcb993f63d91217903e716364e57c04
phase3_locked_full_v1,exploratory,locked,locked_benchmark,bank_marketing,veto_mavs,distribution_shift,0.2,primary,3,3,11802,11802,3,9a9d57f14d0483dec932a94afa34dc35bd7b09eb8253e9e67031df05f39cf4e2
phase3_locked_full_v1,exploratory,locked,locked_benchmark,bank_marketing,pure_mavs_gc,distribution_shift,0.2,primary,3,3,11802,11802,3,dc76b7520ded252ef0eb351f8f77dcd56c9dc7db2a03418169f54e9b656fb4b4
phase3_locked_full_v1,exploratory,locked,locked_benchmark,bank_marketing,single_model,distribution_shift,0.2,shadow,2,2,7868,0,2,d22025bd1c330566160384facb647b39e0a53c9e68125d8928bb7fcb5e4ecda4
phase3_locked_full_v1,exploratory,locked,locked_benchmark,bank_marketing,mean_ensemble,distribution_shift,0.2,shadow,2,2,7868,0,2,8138fc66033ec15fb447795dce7eb840679227ab69c13d283b674ba9a6a02292
phase3_locked_full_v1,exploratory,locked,locked_benchmark,bank_marketing,static_weighted_ensemble,distribution_shift,0.2,shadow,2,2,7868,0,2,b02d9450d68c27b8d03e4bbb73be060c71b22e91575dc8d7bc66d79c7bbb8ed7
phase3_locked_full_v1,exploratory,locked,locked_benchmark,bank_marketing,veto_mavs,distribution_shift,0.2,shadow,2,2,7868,7868,2,514b6a914840413ec298d9e0750754e8544f88aee2e7164e1771f42d8245773c
phase3_locked_full_v1,exploratory,locked,locked_benchmark,bank_marketing,pure_mavs_gc,distribution_shift,0.2,shadow,2,2,7868,7868,2,1c7485f8a3a051d8d4f6572bac63b6a8807c91ea69780aa00eebdb4432368a91
phase3_locked_full_v1,exploratory,locked,locked_benchmark,bank_marketing,single_model,distribution_shift,0.4,primary,3,3,10038,0,3,f9de28c6eaa1fb49b1fd206145adcfd15aba47207f7ece229b141e0c3df57269
phase3_locked_full_v1,exploratory,locked,locked_benchmark,bank_marketing,mean_ensemble,distribution_shift,0.4,primary,3,3,10038,0,3,73bb8a63716b3a7086d1921a2820a5f6e574d7890e2d6a755ab0a0b9c01b3919
phase3_locked_full_v1,exploratory,locked,locked_benchmark,bank_marketing,static_weighted_ensemble,distribution_shift,0.4,primary,3,3,10038,0,3,7bf6031c68420799b0559c1fff8b1ad2509f74dda55c4a4309f73688fe14a2d7
phase3_locked_full_v1,exploratory,locked,locked_benchmark,bank_marketing,veto_mavs,distribution_shift,0.4,primary,3,3,10038,10038,3,e01a69fa866f501d995968346a0073bc1b84eef3c465f9e1c55dbfcbc295ac00
phase3_locked_full_v1,exploratory,locked,locked_benchmark,bank_marketing,pure_mavs_gc,distribution_shift,0.4,primary,3,3,10038,10038,3,3f3d6ed37f38e814e11b40d76377c15bbca35b57fb21dfc9e5d46c2080806e55
phase3_locked_full_v1,exploratory,locked,locked_benchmark,bank_marketing,single_model,distribution_shift,0.4,shadow,2,2,6692,0,2,2f356d5e844231b0cb945efd9d8a4f23c0a7e1bbcc3da1dcc0a86f59d0dc476b
phase3_locked_full_v1,exploratory,locked,locked_benchmark,bank_marketing,mean_ensemble,distribution_shift,0.4,shadow,2,2,6692,0,2,6a7fbb48941300e2ea0cc0fd7e8615f7a31caba45deff24b1ed66d42fe678f8c
phase3_locked_full_v1,exploratory,locked,locked_benchmark,bank_marketing,static_weighted_ensemble,distribution_shift,0.4,shadow,2,2,6692,0,2,8a797fbd02c55e962118b3d1791435e1af38f0da840cd4fa1fd1f4a1be21e96d
phase3_locked_full_v1,exploratory,locked,locked_benchmark,bank_marketing,veto_mavs,distribution_shift,0.4,shadow,2,2,6692,6692,2,c5cddcab8658775c06605b6a1a312487e0587ef92aa9c0a9e2568893faf0fae1
phase3_locked_full_v1,exploratory,locked,locked_benchmark,bank_marketing,pure_mavs_gc,distribution_shift,0.4,shadow,2,2,6692,6692,2,c4f07fd8b1679413af6c504312ef947163284107e7eca93bab38b3bb1ef6657d
phase3_locked_full_v1,exploratory,locked,locked_benchmark,bank_marketing,single_model,distribution_shift,0.6,primary,3,3,8274,0,3,a7addb9277af16c0d860121e78461cafa73a24368a4178ca209610f2ed5f2bd7
phase3_locked_full_v1,exploratory,locked,locked_benchmark,bank_marketing,mean_ensemble,distribution_shift,0.6,primary,3,3,8274,0,3,1483e02624bd2ead212f96d2bd17343b092c9b43ad3b1ad9b94cb090e2624a87
phase3_locked_full_v1,exploratory,locked,locked_benchmark,bank_marketing,static_weighted_ensemble,distribution_shift,0.6,primary,3,3,8274,0,3,bd7c8f6397d1441dc0dd241a2e998c05f8b732e298706eaab5ae3af176fbe340
phase3_locked_full_v1,exploratory,locked,locked_benchmark,bank_marketing,veto_mavs,distribution_shift,0.6,primary,3,3,8274,8274,3,14caf99bb38034b781b10ce277c06692b215f599ceba181721033113233473aa
phase3_locked_full_v1,exploratory,locked,locked_benchmark,bank_marketing,pure_mavs_gc,distribution_shift,0.6,primary,3,3,8274,8274,3,f090d506bbf95c36a1b2e712806c031afb53f57705f6c267d070a437b8c46174
phase3_locked_full_v1,exploratory,locked,locked_benchmark,bank_marketing,single_model,distribution_shift,0.6,shadow,2,2,5516,0,2,0429d57f0768ee795ef5f76a982f1cd0a29fa2cfd093778b56055019f7359166
phase3_locked_full_v1,exploratory,locked,locked_benchmark,bank_marketing,mean_ensemble,distribution_shift,0.6,shadow,2,2,5516,0,2,2f59de91e324b0838771337c37c872fa8db856de4016709644bf19c3bea541df
phase3_locked_full_v1,exploratory,locked,locked_benchmark,bank_marketing,static_weighted_ensemble,distribution_shift,0.6,shadow,2,2,5516,0,2,7d5fbe49fec1c5f64b3dc871e28b4197e13837f12a6e464ed734cffac7e6d040
phase3_locked_full_v1,exploratory,locked,locked_benchmark,bank_marketing,veto_mavs,distribution_shift,0.6,shadow,2,2,5516,5516,2,0b703ca8d12f88dbb8dd87edaab5f0a75b9c23d220b3dc7030cc0df4a2f106af
phase3_locked_full_v1,exploratory,locked,locked_benchmark,bank_marketing,pure_mavs_gc,distribution_shift,0.6,shadow,2,2,5516,5516,2,b8ccaed6abc37ecac2276840f3b42e01af1dbab36891a6704b0c5b5e4a9c8e6f
phase3_locked_full_v1,exploratory,locked,locked_benchmark,bank_marketing,single_model,distribution_shift,0.8,primary,3,3,6513,0,3,ebe0b85f91385ec70c0bb4943b15ec15bfa39c8335660e4d405d64cb674a3666
phase3_locked_full_v1,exploratory,locked,locked_benchmark,bank_marketing,mean_ensemble,distribution_shift,0.8,primary,3,3,6513,0,3,32ac01cc6b02c7b2517c8ff7c3215f67243c965bb3f74ab541e28730bfa78a7b
phase3_locked_full_v1,exploratory,locked,locked_benchmark,bank_marketing,static_weighted_ensemble,distribution_shift,0.8,primary,3,3,6513,0,3,2b0ac29d8395af1c6a6c2df08d6c2848d2a8e9cbb7f9f57bf92658416016e608
phase3_locked_full_v1,exploratory,locked,locked_benchmark,bank_marketing,veto_mavs,distribution_shift,0.8,primary,3,3,6513,6513,3,b1c7bfbf500e98885a3b93d5ae3bb404b9acc51cd33566a56cabf7af23adc46d
phase3_locked_full_v1,exploratory,locked,locked_benchmark,bank_marketing,pure_mavs_gc,distribution_shift,0.8,primary,3,3,6513,6513,3,d5bf44b5d176f1dbcc0c743c3e807b9520c4fec9160cbbe5adae4e3acc0deb19
phase3_locked_full_v1,exploratory,locked,locked_benchmark,bank_marketing,single_model,distribution_shift,0.8,shadow,2,2,4342,0,2,88d16e3990f35585ef4176c0c5f137b25c168a85d15467b3cfc426d1954b0530
phase3_locked_full_v1,exploratory,locked,locked_benchmark,bank_marketing,mean_ensemble,distribution_shift,0.8,shadow,2,2,4342,0,2,6c811f550e81a4ca2f7b72eb13cf6249ff34985b923cdfa5d59457c60a67c14c
phase3_locked_full_v1,exploratory,locked,locked_benchmark,bank_marketing,static_weighted_ensemble,distribution_shift,0.8,shadow,2,2,4342,0,2,bbb962cfe8b7270d14c7bdae8a20e74efdb9b5e19286f4d2ad602c47d4d03572
phase3_locked_full_v1,exploratory,locked,locked_benchmark,bank_marketing,veto_mavs,distribution_shift,0.8,shadow,2,2,4342,4342,2,47fbfc899ac1226bf4ef1bae3fc3fda2b5255a272ebba3e950164472774688e5
phase3_locked_full_v1,exploratory,locked,locked_benchmark,bank_marketing,pure_mavs_gc,distribution_shift,0.8,shadow,2,2,4342,4342,2,171c3aba3f26953f037a423a835903571aea0c4b7287cfacf2e99fe12930a031
phase3_locked_full_v1,exploratory,locked,locked_benchmark,bank_marketing,single_model,distribution_shift,1.0,primary,3,3,4749,0,3,be914b709b93a96bdf0c8a2be861b756fb3cf7ddb50e4abdef435dd904429fd0
phase3_locked_full_v1,exploratory,locked,locked_benchmark,bank_marketing,mean_ensemble,distribution_shift,1.0,primary,3,3,4749,0,3,a0590f4ba92ba04906c405dcbb70e71d376deeab2693fbde194778e4b5f9b28d
phase3_locked_full_v1,exploratory,locked,locked_benchmark,bank_marketing,static_weighted_ensemble,distribution_shift,1.0,primary,3,3,4749,0,3,c9d7993025e0d19fb32b1a0c14f1792ae2d87e4bdc6591dfaf9b3dd65c28a241
phase3_locked_full_v1,exploratory,locked,locked_benchmark,bank_marketing,veto_mavs,distribution_shift,1.0,primary,3,3,4749,4749,3,d666113e040964d619788f037b9b9a5c6d0bf0329a1414c548ec811df1792c7d
phase3_locked_full_v1,exploratory,locked,locked_benchmark,bank_marketing,pure_mavs_gc,distribution_shift,1.0,primary,3,3,4749,4749,3,624a66f18d70f807c039f67b525cf96aaf53a7752959aedb13f4dd359e0e2c20
phase3_locked_full_v1,exploratory,locked,locked_benchmark,bank_marketing,single_model,distribution_shift,1.0,shadow,2,2,3166,0,2,8de3092b7d13c7e9afdde8dcb30112d2e7a89a0eef82568746423ea6c57c13e9
phase3_locked_full_v1,exploratory,locked,locked_benchmark,bank_marketing,mean_ensemble,distribution_shift,1.0,shadow,2,2,3166,0,2,144bbf4eee535a5eb1d3631b9d7faf969813afad455d685fe5a1777958444738
phase3_locked_full_v1,exploratory,locked,locked_benchmark,bank_marketing,static_weighted_ensemble,distribution_shift,1.0,shadow,2,2,3166,0,2,15792010fd73801dd308eba92791b4a40a043fccb21c673c4b7cc7dbc75d2ded
phase3_locked_full_v1,exploratory,locked,locked_benchmark,bank_marketing,veto_mavs,distribution_shift,1.0,shadow,2,2,3166,3166,2,e864ffa254d9a84d4ccf7243698c5bf4df0c74000d49b81bea83381f85f04a76
phase3_locked_full_v1,exploratory,locked,locked_benchmark,bank_marketing,pure_mavs_gc,distribution_shift,1.0,shadow,2,2,3166,3166,2,d2003910fe51f1d97b4458043727732712dc731d26bbcaaac504e2f3800fe86e
phase3_locked_full_v1,exploratory,locked,locked_benchmark,bank_marketing,single_model,synthetic_sensor_failure,0.0,primary,3,3,13563,0,3,97d0b9aaf598507475a5fa96c3b7ce722ad16f8853b105a55e176ea02c48ea10
phase3_locked_full_v1,exploratory,locked,locked_benchmark,bank_marketing,mean_ensemble,synthetic_sensor_failure,0.0,primary,3,3,13563,0,3,d156a75afcce760ca846ff2689a271ce39198698d03dfd517101b168481702ff
phase3_locked_full_v1,exploratory,locked,locked_benchmark,bank_marketing,static_weighted_ensemble,synthetic_sensor_failure,0.0,primary,3,3,13563,0,3,15dccd28b49a031a051d54ad345e192cf465b2fe7259c4ab71d91ee81fc90b81
phase3_locked_full_v1,exploratory,locked,locked_benchmark,bank_marketing,veto_mavs,synthetic_sensor_failure,0.0,primary,3,3,13563,13563,3,d5cc09975fbbb04b283f65cb005f5aee5fa49594eab1f66e3dafab210d555729
phase3_locked_full_v1,exploratory,locked,locked_benchmark,bank_marketing,pure_mavs_gc,synthetic_sensor_failure,0.0,primary,3,3,13563,13563,3,2a9c684f133ced327dea5a0c9877c427f7b2dca9091b709f6ebb3aafda6abcd3
phase3_locked_full_v1,exploratory,locked,locked_benchmark,bank_marketing,single_model,synthetic_sensor_failure,0.0,shadow,2,2,9042,0,2,7fdd8eb21905c175fe0bb39f07c10d6cb22a15994a243be8492a19b72099ebfd
phase3_locked_full_v1,exploratory,locked,locked_benchmark,bank_marketing,mean_ensemble,synthetic_sensor_failure,0.0,shadow,2,2,9042,0,2,dacbfe47f7b0d093cb1e9580a654fcf2768d0de63804ceb4f1540e27de1e69da
phase3_locked_full_v1,exploratory,locked,locked_benchmark,bank_marketing,static_weighted_ensemble,synthetic_sensor_failure,0.0,shadow,2,2,9042,0,2,0146729a779246378d352c187da759ca243e77ffcb0847646ca7501bd9031716
phase3_locked_full_v1,exploratory,locked,locked_benchmark,bank_marketing,veto_mavs,synthetic_sensor_failure,0.0,shadow,2,2,9042,9042,2,5c5ea111a9970ff4afc5e8cf1c5e7ec3818af361c53e47578e73713baa153172
phase3_locked_full_v1,exploratory,locked,locked_benchmark,bank_marketing,pure_mavs_gc,synthetic_sensor_failure,0.0,shadow,2,2,9042,9042,2,b7cc9827cd4f20bc040ff7d8f22a84343262419c9a4497a1d302e96a896b37cb
phase3_locked_full_v1,exploratory,locked,locked_benchmark,bank_marketing,single_model,synthetic_sensor_failure,0.05,primary,3,3,13563,0,3,64cc0a7d4d584345ddc25faceefcc7136337f72b74b0a6ae0068091b6c54c1e1
phase3_locked_full_v1,exploratory,locked,locked_benchmark,bank_marketing,mean_ensemble,synthetic_sensor_failure,0.05,primary,3,3,13563,0,3,c6c461bc2d8a639ec8dd81c2ccd316d556aff7bd85a72255ad124619b89f21ed
phase3_locked_full_v1,exploratory,locked,locked_benchmark,bank_marketing,static_weighted_ensemble,synthetic_sensor_failure,0.05,primary,3,3,13563,0,3,e184ebb5f4ace2a004187aa42931eb9bfa146ae08d88bc38ec9aa84ac2538a88
phase3_locked_full_v1,exploratory,locked,locked_benchmark,bank_marketing,veto_mavs,synthetic_sensor_failure,0.05,primary,3,3,13563,13563,3,31476c67838ff6bac55b62b7b794671dddbeb6d6f7f75ad22f48d3b3c148cb8a
phase3_locked_full_v1,exploratory,locked,locked_benchmark,bank_marketing,pure_mavs_gc,synthetic_sensor_failure,0.05,primary,3,3,13563,13563,3,db514387c917eb60f5c212f2dbf63bf3c4e7931e6e154e899422fdcbcbb9865b
phase3_locked_full_v1,exploratory,locked,locked_benchmark,bank_marketing,single_model,synthetic_sensor_failure,0.05,shadow,2,2,9042,0,2,08ecfb597c98566539ac477453756123e067c1a15f9fe5ea953a12998201dd50
phase3_locked_full_v1,exploratory,locked,locked_benchmark,bank_marketing,mean_ensemble,synthetic_sensor_failure,0.05,shadow,2,2,9042,0,2,7462cb5a7448c8896c932ecb5fa1d1103a8ec669049633a3e822dd257c6b436d
phase3_locked_full_v1,exploratory,locked,locked_benchmark,bank_marketing,static_weighted_ensemble,synthetic_sensor_failure,0.05,shadow,2,2,9042,0,2,e4bb55d57a97845821323e5bca8fd10faa3d9f36d502b395a05706ea51ae4c92
phase3_locked_full_v1,exploratory,locked,locked_benchmark,bank_marketing,veto_mavs,synthetic_sensor_failure,0.05,shadow,2,2,9042,9042,2,a3d26ef0321240051855006ef397d15427bca5adf6c148635c73612f53a363d4
phase3_locked_full_v1,exploratory,locked,locked_benchmark,bank_marketing,pure_mavs_gc,synthetic_sensor_failure,0.05,shadow,2,2,9042,9042,2,f99dc916baa1da7edefb27305ec456bc779479a4e3ecd7886fcc75b11f3a0bd9
phase3_locked_full_v1,exploratory,locked,locked_benchmark,bank_marketing,single_model,synthetic_sensor_failure,0.1,primary,3,3,13563,0,3,bd9b9c6b80d63660e9ca2e84e14279bcc016dc1c16c2c61562857078a2a2eead
phase3_locked_full_v1,exploratory,locked,locked_benchmark,bank_marketing,mean_ensemble,synthetic_sensor_failure,0.1,primary,3,3,13563,0,3,16bdde5d6ea140554bde5a84e755c7b8d80d31a4dc5f76708d506374deda7275
phase3_locked_full_v1,exploratory,locked,locked_benchmark,bank_marketing,static_weighted_ensemble,synthetic_sensor_failure,0.1,primary,3,3,13563,0,3,6c20d0c0850c2f59e6b76de6036204a4ce5c19024c7a7dbbfad02ccb802cd97c
phase3_locked_full_v1,exploratory,locked,locked_benchmark,bank_marketing,veto_mavs,synthetic_sensor_failure,0.1,primary,3,3,13563,13563,3,cfb89372d5d022b831305566cd8840673fa69cdf26bdf9c90630db5657495ced
phase3_locked_full_v1,exploratory,locked,locked_benchmark,bank_marketing,pure_mavs_gc,synthetic_sensor_failure,0.1,primary,3,3,13563,13563,3,99baf067ded58c75819f8c4c6438c30f2da8c82cad2cd8e20590139853162416
phase3_locked_full_v1,exploratory,locked,locked_benchmark,bank_marketing,single_model,synthetic_sensor_failure,0.1,shadow,2,2,9042,0,2,82b9e7366440545e31c8bdb69205be6384423f68aef9883e3abfdac2b83120d0
phase3_locked_full_v1,exploratory,locked,locked_benchmark,bank_marketing,mean_ensemble,synthetic_sensor_failure,0.1,shadow,2,2,9042,0,2,798f7f3e9334479074a071b080dd6d5fcf06855fbd353cea36ccb16052023f4b
phase3_locked_full_v1,exploratory,locked,locked_benchmark,bank_marketing,static_weighted_ensemble,synthetic_sensor_failure,0.1,shadow,2,2,9042,0,2,e7b497478d2d340ecf486f417f4382512254cf2148cc3d58b5fbaa9e07d90312
phase3_locked_full_v1,exploratory,locked,locked_benchmark,bank_marketing,veto_mavs,synthetic_sensor_failure,0.1,shadow,2,2,9042,9042,2,158b35b46b5b146f57a67c214e869e255af562576661eaecf8a5c5a7714c96fe
phase3_locked_full_v1,exploratory,locked,locked_benchmark,bank_marketing,pure_mavs_gc,synthetic_sensor_failure,0.1,shadow,2,2,9042,9042,2,d2cfb034e8d994691af6a58192543f9af89c8ce9726581ebf30df4b68a231b23
phase3_locked_full_v1,exploratory,locked,locked_benchmark,bank_marketing,single_model,synthetic_sensor_failure,0.2,primary,3,3,13563,0,3,05ec8246ae50f9ebb6f19de5c88df37589b2398c250975e4533d3df0373de582
phase3_locked_full_v1,exploratory,locked,locked_benchmark,bank_marketing,mean_ensemble,synthetic_sensor_failure,0.2,primary,3,3,13563,0,3,a495c6638b5ae7212858931a418cc91a8bef8a01baa842464bb2a93dd68326ab
phase3_locked_full_v1,exploratory,locked,locked_benchmark,bank_marketing,static_weighted_ensemble,synthetic_sensor_failure,0.2,primary,3,3,13563,0,3,a0696878aaac55e9d52bb1b86fefe161dbcce30e1533d2cedf419536140e7e0c
phase3_locked_full_v1,exploratory,locked,locked_benchmark,bank_marketing,veto_mavs,synthetic_sensor_failure,0.2,primary,3,3,13563,13563,3,e5d7331259bbbceddf4059ed50338d4a6768b9381c9788c4635e002ff2b9d93e
phase3_locked_full_v1,exploratory,locked,locked_benchmark,bank_marketing,pure_mavs_gc,synthetic_sensor_failure,0.2,primary,3,3,13563,13563,3,8ecc5b0ff097154d25b8a8fe237b04f510f732a02ccaf37215b2b6dac7fa1c63
phase3_locked_full_v1,exploratory,locked,locked_benchmark,bank_marketing,single_model,synthetic_sensor_failure,0.2,shadow,2,2,9042,0,2,fb40b6a9eb99d3450c87445734fabb3a830327a5bb7d6b152f8b51169b2f7690
phase3_locked_full_v1,exploratory,locked,locked_benchmark,bank_marketing,mean_ensemble,synthetic_sensor_failure,0.2,shadow,2,2,9042,0,2,082e00c4b3f89b7525a3e9bce54c71a7b29c712b0484940d37755ce248e7e911
phase3_locked_full_v1,exploratory,locked,locked_benchmark,bank_marketing,static_weighted_ensemble,synthetic_sensor_failure,0.2,shadow,2,2,9042,0,2,a121e867c2001975f52a54bb69014e933fbda69df860b2880b88df44828a9e30
phase3_locked_full_v1,exploratory,locked,locked_benchmark,bank_marketing,veto_mavs,synthetic_sensor_failure,0.2,shadow,2,2,9042,9042,2,d31e82d968e6db04ee0c7e54040d73a0bc6d37266762f69151dc2113dc117914
phase3_locked_full_v1,exploratory,locked,locked_benchmark,bank_marketing,pure_mavs_gc,synthetic_sensor_failure,0.2,shadow,2,2,9042,9042,2,7e5a8822bbe0245bbf4c380d298f332137e4dd6d6d742289ace9167b08485dc9
phase3_locked_full_v1,exploratory,locked,locked_benchmark,bank_marketing,single_model,synthetic_sensor_failure,0.4,primary,3,3,13563,0,3,6dde5dff4b60d971cc85f77fc75baafb5d08528bc3f8b3fccc250b9861655da4
phase3_locked_full_v1,exploratory,locked,locked_benchmark,bank_marketing,mean_ensemble,synthetic_sensor_failure,0.4,primary,3,3,13563,0,3,2c51ef9fcc20087cdddd52163bd3e32a2b96dea3414e8980b1041c2582d65579
phase3_locked_full_v1,exploratory,locked,locked_benchmark,bank_marketing,static_weighted_ensemble,synthetic_sensor_failure,0.4,primary,3,3,13563,0,3,c7b6db56ad456a7c8bdd63d433b6d84db6695219853d250a39b1bff627316be1
phase3_locked_full_v1,exploratory,locked,locked_benchmark,bank_marketing,veto_mavs,synthetic_sensor_failure,0.4,primary,3,3,13563,13563,3,aafe78446dce93f7d341e9f31f32f0f92e6e4c4d421c2a973c539837ea98831b
phase3_locked_full_v1,exploratory,locked,locked_benchmark,bank_marketing,pure_mavs_gc,synthetic_sensor_failure,0.4,primary,3,3,13563,13563,3,587a1769a78ac031ddcccc93d3a8ab17cd439928dacf9ff751b6aa00356d026c
phase3_locked_full_v1,exploratory,locked,locked_benchmark,bank_marketing,single_model,synthetic_sensor_failure,0.4,shadow,2,2,9042,0,2,cc306b5735d782b969e033b10c2fce03b5bbf3ca04492aacd4d0beb8701c7379
phase3_locked_full_v1,exploratory,locked,locked_benchmark,bank_marketing,mean_ensemble,synthetic_sensor_failure,0.4,shadow,2,2,9042,0,2,ac28ecc59c464ae178c50179b009fdf324667b16f3f3bcb38a618ddff273407b
phase3_locked_full_v1,exploratory,locked,locked_benchmark,bank_marketing,static_weighted_ensemble,synthetic_sensor_failure,0.4,shadow,2,2,9042,0,2,04ceb3b6d3facc4ee4499099ee798052fd1f246a2296911df23bb9f6427ebdfe
phase3_locked_full_v1,exploratory,locked,locked_benchmark,bank_marketing,veto_mavs,synthetic_sensor_failure,0.4,shadow,2,2,9042,9042,2,7f9787f2d0b5a78d1b18791c79130761525cf4286181d6097ab8ced23487cfb4
phase3_locked_full_v1,exploratory,locked,locked_benchmark,bank_marketing,pure_mavs_gc,synthetic_sensor_failure,0.4,shadow,2,2,9042,9042,2,4420317462a58e4c54b30bd732b43b502f2d3bc4394306ce4eca5e45f07decf9
phase3_locked_full_v1,exploratory,locked,locked_benchmark,bank_marketing,single_model,synthetic_sensor_failure,0.6,primary,3,3,13563,0,3,93d9d158f4d387f174ac904be3ad79edbde91e60710eaed4c4495a9631e9ae5e
phase3_locked_full_v1,exploratory,locked,locked_benchmark,bank_marketing,mean_ensemble,synthetic_sensor_failure,0.6,primary,3,3,13563,0,3,7519f36124e84c82cf89233c37be717303640fb0270618e3bbb28dede632ef3b
phase3_locked_full_v1,exploratory,locked,locked_benchmark,bank_marketing,static_weighted_ensemble,synthetic_sensor_failure,0.6,primary,3,3,13563,0,3,9f7a56a30ea2082999e1179968fe33d55736035fb64b8b765521a443ef0f6c9b
phase3_locked_full_v1,exploratory,locked,locked_benchmark,bank_marketing,veto_mavs,synthetic_sensor_failure,0.6,primary,3,3,13563,13563,3,f2f528628ae7b2aa1188f85abf039f8668dbca268edc86931c681d64456d2a7d
phase3_locked_full_v1,exploratory,locked,locked_benchmark,bank_marketing,pure_mavs_gc,synthetic_sensor_failure,0.6,primary,3,3,13563,13563,3,14e5098374f440ba821b48f0797a59f18976a4856c5ca81073e8020b4acc207a
phase3_locked_full_v1,exploratory,locked,locked_benchmark,bank_marketing,single_model,synthetic_sensor_failure,0.6,shadow,2,2,9042,0,2,e02f4362d1d92a39c0c0eeb7d05d451c0e6922c9c0d2e793c2857b032f309e18
phase3_locked_full_v1,exploratory,locked,locked_benchmark,bank_marketing,mean_ensemble,synthetic_sensor_failure,0.6,shadow,2,2,9042,0,2,57f16740c42a77468cfd042e076294bcddaba3d09321ef7aaf0cace8be059e51
phase3_locked_full_v1,exploratory,locked,locked_benchmark,bank_marketing,static_weighted_ensemble,synthetic_sensor_failure,0.6,shadow,2,2,9042,0,2,b43282001ccd560271d0b4976f9e1f36354a74e7dd1c2723ddde74637d0ac935
phase3_locked_full_v1,exploratory,locked,locked_benchmark,bank_marketing,veto_mavs,synthetic_sensor_failure,0.6,shadow,2,2,9042,9042,2,4ac5c8385735f3b9e0c345f1b953743a4c991cdf478117fcaf7f4b2bba3db56b
phase3_locked_full_v1,exploratory,locked,locked_benchmark,bank_marketing,pure_mavs_gc,synthetic_sensor_failure,0.6,shadow,2,2,9042,9042,2,c907ea9046058f9c2e09b1b14fa364e3c07026a79d1f6ea3da2ad23fe0ad8a5d
phase3_locked_full_v1,exploratory,locked,locked_benchmark,bank_marketing,single_model,synthetic_sensor_failure,0.8,primary,3,3,13563,0,3,053549ab6f9fb69d899ac07e6fa81fed66596afdaf192e8d45fd95b2301e8542
phase3_locked_full_v1,exploratory,locked,locked_benchmark,bank_marketing,mean_ensemble,synthetic_sensor_failure,0.8,primary,3,3,13563,0,3,3e0263d99c23bf72ae8e371b467e886c1de07083b80c3bd8a1747f6cd801811b
phase3_locked_full_v1,exploratory,locked,locked_benchmark,bank_marketing,static_weighted_ensemble,synthetic_sensor_failure,0.8,primary,3,3,13563,0,3,b68ab67810de863cb5670d423886e46a85bb24738b4b9837e2cbceba2478787c
phase3_locked_full_v1,exploratory,locked,locked_benchmark,bank_marketing,veto_mavs,synthetic_sensor_failure,0.8,primary,3,3,13563,13563,3,3ef767c0a6b3a888493fdd21ef5da266bf0f499c4465af7785bc2cabf83efbf8
phase3_locked_full_v1,exploratory,locked,locked_benchmark,bank_marketing,pure_mavs_gc,synthetic_sensor_failure,0.8,primary,3,3,13563,13563,3,2f2a18a26d67f55efa1f465f986f1ad0bf77d5958c48a4d5f452400ad126d7ab
phase3_locked_full_v1,exploratory,locked,locked_benchmark,bank_marketing,single_model,synthetic_sensor_failure,0.8,shadow,2,2,9042,0,2,1a0946bfeaf4f7bb3fd934c87ea868a214aed9a1824622f9a4ed5e7845548273
phase3_locked_full_v1,exploratory,locked,locked_benchmark,bank_marketing,mean_ensemble,synthetic_sensor_failure,0.8,shadow,2,2,9042,0,2,e7867007d6784f75fa70bfb1b48229d4de183f8f2b3ed28bfdd5a34f955c9073
phase3_locked_full_v1,exploratory,locked,locked_benchmark,bank_marketing,static_weighted_ensemble,synthetic_sensor_failure,0.8,shadow,2,2,9042,0,2,19666e19c6fbb179dd1ac18f375671ac13736fbab1840decd00cccaec162858b
phase3_locked_full_v1,exploratory,locked,locked_benchmark,bank_marketing,veto_mavs,synthetic_sensor_failure,0.8,shadow,2,2,9042,9042,2,097974260f555d7cfb26081939cd99db7f8bf51f6cb6b452fac16fee5cc9206a
phase3_locked_full_v1,exploratory,locked,locked_benchmark,bank_marketing,pure_mavs_gc,synthetic_sensor_failure,0.8,shadow,2,2,9042,9042,2,dd382d0c38b7497d43a31e1efb67d06bf3a310b840a4d42d7f0f964ca382e508
phase3_locked_full_v1,exploratory,locked,locked_benchmark,bank_marketing,single_model,synthetic_sensor_failure,1.0,primary,3,3,13563,0,3,0d72e44a92e5f5742573e1ddcc0cc82da59cecfa98bc81647a5b4152ed4d6506
phase3_locked_full_v1,exploratory,locked,locked_benchmark,bank_marketing,mean_ensemble,synthetic_sensor_failure,1.0,primary,3,3,13563,0,3,31c8b2796f565c4d186e226591c48f80a206fab16fb794734b866b2eef7ffbb0
phase3_locked_full_v1,exploratory,locked,locked_benchmark,bank_marketing,static_weighted_ensemble,synthetic_sensor_failure,1.0,primary,3,3,13563,0,3,d1c8d8e70804f4679735b5f50eea2b2a059f2cf9f09a5249cc51a9c46f9ec95a
phase3_locked_full_v1,exploratory,locked,locked_benchmark,bank_marketing,veto_mavs,synthetic_sensor_failure,1.0,primary,3,3,13563,13563,3,158af140694a8ea5ca77e3fec0d6cdcaa101895dea8304e019b30f5e0e14abdb
phase3_locked_full_v1,exploratory,locked,locked_benchmark,bank_marketing,pure_mavs_gc,synthetic_sensor_failure,1.0,primary,3,3,13563,13563,3,5b9ee4883d5c570ae2f22ae0eb43e6da74949ed535750008c2a25b2492730935
phase3_locked_full_v1,exploratory,locked,locked_benchmark,bank_marketing,single_model,synthetic_sensor_failure,1.0,shadow,2,2,9042,0,2,bce6cba39fe1e5f17a6b1b317c12bb9f70b0cdcbb8b5040ef101edc9c070635e
phase3_locked_full_v1,exploratory,locked,locked_benchmark,bank_marketing,mean_ensemble,synthetic_sensor_failure,1.0,shadow,2,2,9042,0,2,652294c2547c67e2c6c442c71827ca44337169e1d99f584fee995135a05cac26
phase3_locked_full_v1,exploratory,locked,locked_benchmark,bank_marketing,static_weighted_ensemble,synthetic_sensor_failure,1.0,shadow,2,2,9042,0,2,ba15d6b808ec10b6394fabc9ad2141a930eef5548028ece20ffb5fa5894da7ef
phase3_locked_full_v1,exploratory,locked,locked_benchmark,bank_marketing,veto_mavs,synthetic_sensor_failure,1.0,shadow,2,2,9042,9042,2,28e37be9ddc87cd3bb764bcd1d8604cdd07477adf82ecd35df7460d686cf7c42
phase3_locked_full_v1,exploratory,locked,locked_benchmark,bank_marketing,pure_mavs_gc,synthetic_sensor_failure,1.0,shadow,2,2,9042,9042,2,bf5fec6b65b16a6161d7486a6a133dfd1e117bd2b181535d24c5ee7ed51ae620
phase3_locked_full_v1,exploratory,locked,locked_benchmark,bank_marketing,single_model,specialist_failure,0.0,primary,3,3,13563,0,3,3c1cb43dd29c84bdbb73680e42f80c95cd38d6858349412a6416f361fc4ea310
phase3_locked_full_v1,exploratory,locked,locked_benchmark,bank_marketing,mean_ensemble,specialist_failure,0.0,primary,3,3,13563,0,3,88581e26221cb88b1e81c25ae805dd9e06f61237d0fc611d7d542158281c5715
phase3_locked_full_v1,exploratory,locked,locked_benchmark,bank_marketing,static_weighted_ensemble,specialist_failure,0.0,primary,3,3,13563,0,3,ff534c2491c31be99024442883854954b99b89e0de745cb8de5fd3790602bcf8
phase3_locked_full_v1,exploratory,locked,locked_benchmark,bank_marketing,veto_mavs,specialist_failure,0.0,primary,3,3,13563,13563,3,a37ad1330cdb41f51de82efa9d887135f96aaffb28780470ce5843fed26266c5
phase3_locked_full_v1,exploratory,locked,locked_benchmark,bank_marketing,pure_mavs_gc,specialist_failure,0.0,primary,3,3,13563,13563,3,bf691dc661a2d2d334262d94305d710ceb403a33b198e405570db119289612a2
phase3_locked_full_v1,exploratory,locked,locked_benchmark,bank_marketing,single_model,specialist_failure,0.0,shadow,2,2,9042,0,2,8f0cacf34427e658cc5a9484429ab421f970c51d02d90ea8b72b486e2cfbab5f
phase3_locked_full_v1,exploratory,locked,locked_benchmark,bank_marketing,mean_ensemble,specialist_failure,0.0,shadow,2,2,9042,0,2,854288c23d711d11af4bc352a67439a2cb85764fc86b6b8fbaf9e45438a38cb3
phase3_locked_full_v1,exploratory,locked,locked_benchmark,bank_marketing,static_weighted_ensemble,specialist_failure,0.0,shadow,2,2,9042,0,2,2cf94648f875109b4d1ae1ccbe3f540dd02c126f6f89e052ca5cfa6d97fca34a
phase3_locked_full_v1,exploratory,locked,locked_benchmark,bank_marketing,veto_mavs,specialist_failure,0.0,shadow,2,2,9042,9042,2,29978a4cb424a477a4d3cf3662016dbb29a931e4896bf6ad7589a50a5562f545
phase3_locked_full_v1,exploratory,locked,locked_benchmark,bank_marketing,pure_mavs_gc,specialist_failure,0.0,shadow,2,2,9042,9042,2,3ba55286a9816ec3545f8ff9b9d7721632ac7cd4bee3ac6bfe44304122ddcb3f
phase3_locked_full_v1,exploratory,locked,locked_benchmark,bank_marketing,single_model,specialist_failure,0.05,primary,3,3,13563,0,3,7fe399edf11c9be630f48746c5ec73a67a4990425cf04613de0e6767a996472e
phase3_locked_full_v1,exploratory,locked,locked_benchmark,bank_marketing,mean_ensemble,specialist_failure,0.05,primary,3,3,13563,0,3,20214816b19f6cbf0b9f6b05aa7ed04dee8ba4dcc3f04aaa5287803b2104086e
phase3_locked_full_v1,exploratory,locked,locked_benchmark,bank_marketing,static_weighted_ensemble,specialist_failure,0.05,primary,3,3,13563,0,3,dd9d746abb6b2e767581231011f7ff78d049db157d200b29eb7fe1ee3cf97fa4
phase3_locked_full_v1,exploratory,locked,locked_benchmark,bank_marketing,veto_mavs,specialist_failure,0.05,primary,3,3,13563,13563,3,bfb476687b72236d5d451d2c56ece7e624408c5e5d2086f3ea8886a3dfc7e31d
phase3_locked_full_v1,exploratory,locked,locked_benchmark,bank_marketing,pure_mavs_gc,specialist_failure,0.05,primary,3,3,13563,13563,3,3f45ae9301eadd6f4fac4e2906b46045d0ecdacde9ca2c96eb0a351cb6b63c22
phase3_locked_full_v1,exploratory,locked,locked_benchmark,bank_marketing,single_model,specialist_failure,0.05,shadow,2,2,9042,0,2,b6bb7d300aeb31e398975f80b488f52d5982aacd454841fee660a4d1d906c002
phase3_locked_full_v1,exploratory,locked,locked_benchmark,bank_marketing,mean_ensemble,specialist_failure,0.05,shadow,2,2,9042,0,2,c6c319249510b19a1ec48884c91ca1e3a13f23198775161266689c186a75a19c
phase3_locked_full_v1,exploratory,locked,locked_benchmark,bank_marketing,static_weighted_ensemble,specialist_failure,0.05,shadow,2,2,9042,0,2,5002c619854caa8ced48d74392e5e5861c1d7086c2cefd537e16230578893fcf
phase3_locked_full_v1,exploratory,locked,locked_benchmark,bank_marketing,veto_mavs,specialist_failure,0.05,shadow,2,2,9042,9042,2,d972766737d5df1168b1e4e22a3624b015607b53a57ebb4cd8fd5387f481b49d
phase3_locked_full_v1,exploratory,locked,locked_benchmark,bank_marketing,pure_mavs_gc,specialist_failure,0.05,shadow,2,2,9042,9042,2,be64ba3fde4973cd4f25e34c22aaa29ce67f346cc679648700b6f8c2211a0d3c
phase3_locked_full_v1,exploratory,locked,locked_benchmark,bank_marketing,single_model,specialist_failure,0.1,primary,3,3,13563,0,3,b2783f8b8fb5f06a70190e4640c0a0b6fc559a1ce821a83c6bc62d11a38651e9
phase3_locked_full_v1,exploratory,locked,locked_benchmark,bank_marketing,mean_ensemble,specialist_failure,0.1,primary,3,3,13563,0,3,5a9de395d5042ad8989386d5c7e7264cb9bbc642b19d7cf2132dc7a47eb8daf6
phase3_locked_full_v1,exploratory,locked,locked_benchmark,bank_marketing,static_weighted_ensemble,specialist_failure,0.1,primary,3,3,13563,0,3,5690f69c1d943ecc4f62e40d986affff13911b9cd4eeac131e5976eb867e6971
phase3_locked_full_v1,exploratory,locked,locked_benchmark,bank_marketing,veto_mavs,specialist_failure,0.1,primary,3,3,13563,13563,3,40b4899acaaf926ee3b263cdd5de38f6828bcdc6dc6740233abe5792e1f7a15c
phase3_locked_full_v1,exploratory,locked,locked_benchmark,bank_marketing,pure_mavs_gc,specialist_failure,0.1,primary,3,3,13563,13563,3,2448bfb6ff6b5cace115b05d878877fd70b520aeadf436aa48557071a1c60717
phase3_locked_full_v1,exploratory,locked,locked_benchmark,bank_marketing,single_model,specialist_failure,0.1,shadow,2,2,9042,0,2,bb439a9dde9a0d4943a4558f536abbb2391488f8227eb2e148e9d95a48dc7aeb
phase3_locked_full_v1,exploratory,locked,locked_benchmark,bank_marketing,mean_ensemble,specialist_failure,0.1,shadow,2,2,9042,0,2,49ec2614eacfa0aa4daf816ad8a5a8fb1ff973efaa61d969eb9a75f5ba7fbcdc
phase3_locked_full_v1,exploratory,locked,locked_benchmark,bank_marketing,static_weighted_ensemble,specialist_failure,0.1,shadow,2,2,9042,0,2,458fa5cf62717f894868b5d6707c97aede4d8f8acc1e118b92bdddfc9f5e818b
phase3_locked_full_v1,exploratory,locked,locked_benchmark,bank_marketing,veto_mavs,specialist_failure,0.1,shadow,2,2,9042,9042,2,4c2018f200bc528d3d97473fb46e4be4d73783ed98bd6b74e36a0ef583e559aa
phase3_locked_full_v1,exploratory,locked,locked_benchmark,bank_marketing,pure_mavs_gc,specialist_failure,0.1,shadow,2,2,9042,9042,2,b25fe7a45ed76fe1555a5ed79d500800e08611b9695891a3805ab92f1caf6e67
phase3_locked_full_v1,exploratory,locked,locked_benchmark,bank_marketing,single_model,specialist_failure,0.2,primary,3,3,13563,0,3,6e258080c11f9dba6c06d33690a06370dd7035cc77e672541c94f16f1c4d41a6
phase3_locked_full_v1,exploratory,locked,locked_benchmark,bank_marketing,mean_ensemble,specialist_failure,0.2,primary,3,3,13563,0,3,87dc2f02151affb0a35a595721da44154570989038a57f862a95248a4b3af333
phase3_locked_full_v1,exploratory,locked,locked_benchmark,bank_marketing,static_weighted_ensemble,specialist_failure,0.2,primary,3,3,13563,0,3,faac7acbe2485a4a300773af47daddfd8c5126a3241ccd488dd6b2dd3f886435
phase3_locked_full_v1,exploratory,locked,locked_benchmark,bank_marketing,veto_mavs,specialist_failure,0.2,primary,3,3,13563,13563,3,92342b65ad4801b9a3da3620cd4fc456c57ab05616ed3a0bd7fa2e38e26e9a06
phase3_locked_full_v1,exploratory,locked,locked_benchmark,bank_marketing,pure_mavs_gc,specialist_failure,0.2,primary,3,3,13563,13563,3,423500aae05f0d0d05362279cf6c5221a893be583a69919136b0f4b59828b6d9
phase3_locked_full_v1,exploratory,locked,locked_benchmark,bank_marketing,single_model,specialist_failure,0.2,shadow,2,2,9042,0,2,9e7c5f63f5c382d2c58a37764cdb070b7a98e59d26ef85b59cb7d67e8132e620
phase3_locked_full_v1,exploratory,locked,locked_benchmark,bank_marketing,mean_ensemble,specialist_failure,0.2,shadow,2,2,9042,0,2,302f9f02e71bfaaf3fe52874914ea55d0d51b6ff750a64beb18366896d28d001
phase3_locked_full_v1,exploratory,locked,locked_benchmark,bank_marketing,static_weighted_ensemble,specialist_failure,0.2,shadow,2,2,9042,0,2,0e233a93ea0923432070f01f9e224f8bd181b9e7434653cd7d33f76c4c193dcd
phase3_locked_full_v1,exploratory,locked,locked_benchmark,bank_marketing,veto_mavs,specialist_failure,0.2,shadow,2,2,9042,9042,2,bfd011431f472044ebf0ef135f9c4428895c5c774419ff611d01f8ce3c27d726
phase3_locked_full_v1,exploratory,locked,locked_benchmark,bank_marketing,pure_mavs_gc,specialist_failure,0.2,shadow,2,2,9042,9042,2,b306292ab6fefdc708adca95d8e94ec081ed7acf1384f7ab79cf3a66a53baed6
phase3_locked_full_v1,exploratory,locked,locked_benchmark,bank_marketing,single_model,specialist_failure,0.4,primary,3,3,13563,0,3,edce3f7a0ebe254246867b61ba03b554364466bbe7020aa343aa306f6fb7858e
phase3_locked_full_v1,exploratory,locked,locked_benchmark,bank_marketing,mean_ensemble,specialist_failure,0.4,primary,3,3,13563,0,3,06d91f43250715344879220bbe73c0f35c9c073d00d2340d73d5d010533b3f83
phase3_locked_full_v1,exploratory,locked,locked_benchmark,bank_marketing,static_weighted_ensemble,specialist_failure,0.4,primary,3,3,13563,0,3,8610f4c931867c30bbdafd5e13311d5654f5b3cb586c30e6291373bc12eb3877
phase3_locked_full_v1,exploratory,locked,locked_benchmark,bank_marketing,veto_mavs,specialist_failure,0.4,primary,3,3,13563,13563,3,dd46d644ee7fff0b19b69e1c4ff7b85565a604fc476e0d96763afe696b278c2e
phase3_locked_full_v1,exploratory,locked,locked_benchmark,bank_marketing,pure_mavs_gc,specialist_failure,0.4,primary,3,3,13563,13563,3,2fbfe29123a2a035bf979872b3dd6d73dbb60d807162eb04c7db35b236fb2a6a
phase3_locked_full_v1,exploratory,locked,locked_benchmark,bank_marketing,single_model,specialist_failure,0.4,shadow,2,2,9042,0,2,e7751c066aebc280cbd2dc6a0ec66df5c0a50d77fccb2786ba17fca56432f521
phase3_locked_full_v1,exploratory,locked,locked_benchmark,bank_marketing,mean_ensemble,specialist_failure,0.4,shadow,2,2,9042,0,2,266982f9efc63f8d3258b07ef253b7388d7777f08bb501c3dedee41b1fe948a6
phase3_locked_full_v1,exploratory,locked,locked_benchmark,bank_marketing,static_weighted_ensemble,specialist_failure,0.4,shadow,2,2,9042,0,2,5eef2c4c4d257140aaf550b5e0c8709065f16889eb6be3b941671fb6826abe6e
phase3_locked_full_v1,exploratory,locked,locked_benchmark,bank_marketing,veto_mavs,specialist_failure,0.4,shadow,2,2,9042,9042,2,b4695cee1409583719f34e06ab750cecc5a630bcbdf087c76daf67bf7ea03d1b
phase3_locked_full_v1,exploratory,locked,locked_benchmark,bank_marketing,pure_mavs_gc,specialist_failure,0.4,shadow,2,2,9042,9042,2,470e56da156307a1b861faac3f52dbcfcaf87535468804cbe417afc866695fcc
phase3_locked_full_v1,exploratory,locked,locked_benchmark,bank_marketing,single_model,specialist_failure,0.6,primary,3,3,13563,0,3,7f0c8e65f72b869163c7496e9d53ecaab353959e9d58e87b0d4626910bf96e0d
phase3_locked_full_v1,exploratory,locked,locked_benchmark,bank_marketing,mean_ensemble,specialist_failure,0.6,primary,3,3,13563,0,3,52c8e02287811d9e526b0f21c52250eb02398cb8b984ce7bfeb9dce81a578c3c
phase3_locked_full_v1,exploratory,locked,locked_benchmark,bank_marketing,static_weighted_ensemble,specialist_failure,0.6,primary,3,3,13563,0,3,45a89f01bafae94f3c74de67a367cb50d466687949437e3b2cd712eb2386f03d
phase3_locked_full_v1,exploratory,locked,locked_benchmark,bank_marketing,veto_mavs,specialist_failure,0.6,primary,3,3,13563,13563,3,7b2ce2de0ad468e42e74057c985839bdf355f6d234b4710c0d49ccacdcfc2269
phase3_locked_full_v1,exploratory,locked,locked_benchmark,bank_marketing,pure_mavs_gc,specialist_failure,0.6,primary,3,3,13563,13563,3,12d38d17dd67b20a908016621960964da5d80190229013df55fbd59d5fc0ccfe
phase3_locked_full_v1,exploratory,locked,locked_benchmark,bank_marketing,single_model,specialist_failure,0.6,shadow,2,2,9042,0,2,86e24d7e0e3a696e96682c109936f16c2016b49df98a655568ca9098ffa382d3
phase3_locked_full_v1,exploratory,locked,locked_benchmark,bank_marketing,mean_ensemble,specialist_failure,0.6,shadow,2,2,9042,0,2,820919ea3bd75bfcfbb36618c9173518499157770171f762a06d19653a0d8e14
phase3_locked_full_v1,exploratory,locked,locked_benchmark,bank_marketing,static_weighted_ensemble,specialist_failure,0.6,shadow,2,2,9042,0,2,746c5dcd4fe2a3e8f9426adf1705eccb4a764170ff83ea7a9f7bd36bd62a2891
phase3_locked_full_v1,exploratory,locked,locked_benchmark,bank_marketing,veto_mavs,specialist_failure,0.6,shadow,2,2,9042,9042,2,ee1de09ad0e0b7e1b918e23355aa889bf1592337c663853970a996f6ddc639bb
phase3_locked_full_v1,exploratory,locked,locked_benchmark,bank_marketing,pure_mavs_gc,specialist_failure,0.6,shadow,2,2,9042,9042,2,7e9e5b19409e6c8047553b385b05df34fdd97f2b71091dd37cd78da40a6ff72d
phase3_locked_full_v1,exploratory,locked,locked_benchmark,bank_marketing,single_model,specialist_failure,0.8,primary,3,3,13563,0,3,ed84aef6b4dafe25227360e3c45d1657c0a86eeed78f326dda699bac96b79dfd
phase3_locked_full_v1,exploratory,locked,locked_benchmark,bank_marketing,mean_ensemble,specialist_failure,0.8,primary,3,3,13563,0,3,a361df97e05d5ef6acb22b95e4d9d35e3378d0af461e490378ad8265dfbd40a5
phase3_locked_full_v1,exploratory,locked,locked_benchmark,bank_marketing,static_weighted_ensemble,specialist_failure,0.8,primary,3,3,13563,0,3,05182b506b5cf714bedee46b625160a569a47f9dc69b3e4013afc0d05956e9e0
phase3_locked_full_v1,exploratory,locked,locked_benchmark,bank_marketing,veto_mavs,specialist_failure,0.8,primary,3,3,13563,13563,3,379a610512e0532475c5b63a0c4442ab16fbe0d1a0138144037e67f9b2bac363
phase3_locked_full_v1,exploratory,locked,locked_benchmark,bank_marketing,pure_mavs_gc,specialist_failure,0.8,primary,3,3,13563,13563,3,8744d2ed4a05aa909dc43e17f82966cab4621ea3dad4086bd1d4bd3f9ec1f3f9
phase3_locked_full_v1,exploratory,locked,locked_benchmark,bank_marketing,single_model,specialist_failure,0.8,shadow,2,2,9042,0,2,a94ffd24012631db6429b3093e9dce2d62156bacd7ca9f5b169e1b7a6979a1d7
phase3_locked_full_v1,exploratory,locked,locked_benchmark,bank_marketing,mean_ensemble,specialist_failure,0.8,shadow,2,2,9042,0,2,54ff3357872d6aabc5f59b982370c80a83b344a864f14e7b490c1fc216a4c4ea
phase3_locked_full_v1,exploratory,locked,locked_benchmark,bank_marketing,static_weighted_ensemble,specialist_failure,0.8,shadow,2,2,9042,0,2,295c8d698684bc81acc1e16c45c38c3e9465c88f2486f9548b338749ac34293c
phase3_locked_full_v1,exploratory,locked,locked_benchmark,bank_marketing,veto_mavs,specialist_failure,0.8,shadow,2,2,9042,9042,2,1ba71acafccb6174e0ac1b95f080c295a8a30a1c8115124900de78310def9556
phase3_locked_full_v1,exploratory,locked,locked_benchmark,bank_marketing,pure_mavs_gc,specialist_failure,0.8,shadow,2,2,9042,9042,2,fab7505a0df4589c80622dc674a280a80f1a3477c3c177e2c7007049fd48203c
phase3_locked_full_v1,exploratory,locked,locked_benchmark,bank_marketing,single_model,specialist_failure,1.0,primary,3,3,13563,0,3,a0a6087cfd80078b84127d843c7a11fd3da3f57d6d029c6450bd0992586c2ef8
phase3_locked_full_v1,exploratory,locked,locked_benchmark,bank_marketing,mean_ensemble,specialist_failure,1.0,primary,3,3,13563,0,3,1eb9304a54c79a30281ffdbe3c2f801ae775815b3a534039554f971c6d71e01b
phase3_locked_full_v1,exploratory,locked,locked_benchmark,bank_marketing,static_weighted_ensemble,specialist_failure,1.0,primary,3,3,13563,0,3,7d1a76ec86a394feb63f4a5d66c4514054f3a889f18c3450c6f6f514a53bd73b
phase3_locked_full_v1,exploratory,locked,locked_benchmark,bank_marketing,veto_mavs,specialist_failure,1.0,primary,3,3,13563,13563,3,2bb1b60cf557f9973cb24e72587f8a1ed8dd60f5f6e4e22d9ebb76050ed2dff1
phase3_locked_full_v1,exploratory,locked,locked_benchmark,bank_marketing,pure_mavs_gc,specialist_failure,1.0,primary,3,3,13563,13563,3,a2332b21c62edfa303d6d48b358e9afa0c64319a1e7ef1e24a7af5f896cfd8b8
phase3_locked_full_v1,exploratory,locked,locked_benchmark,bank_marketing,single_model,specialist_failure,1.0,shadow,2,2,9042,0,2,dc49b95e90164c2495e2da5a0e9cddcf9627aa1c0d9855e4a345cebc1bdeee8c
phase3_locked_full_v1,exploratory,locked,locked_benchmark,bank_marketing,mean_ensemble,specialist_failure,1.0,shadow,2,2,9042,0,2,e115a10e406003dad89c572f51e5baf5dfa5863cfcda90e25e17038b8ff87a24
phase3_locked_full_v1,exploratory,locked,locked_benchmark,bank_marketing,static_weighted_ensemble,specialist_failure,1.0,shadow,2,2,9042,0,2,3ecdd4f9d459f67ac5d83ffa420bf73b6e5486e70aad9752b0257a675d86b607
phase3_locked_full_v1,exploratory,locked,locked_benchmark,bank_marketing,veto_mavs,specialist_failure,1.0,shadow,2,2,9042,9042,2,4b48e5f8d86d74e63527186704e7a11d89b0dbf245b21ec6b55a65c96d701176
phase3_locked_full_v1,exploratory,locked,locked_benchmark,bank_marketing,pure_mavs_gc,specialist_failure,1.0,shadow,2,2,9042,9042,2,70bded2749cd8b055028dbd3a08f154f692665cceeb860a34964f841bff61427
