split_label,dataset_id,system_id,corruption_family,seed_role,metric,directionality,area,levels,area_hash
audit,adult_income,mean_ensemble,adversarial_confidence_inflation,audit,accuracy,higher_is_better,0.8430657930657931,0.0|0.05|0.1|0.2|0.4|0.6|0.8|1.0,6c97acd2ad8deca43f157c7f432870769e708c36571047d4c44c8ec2efc26bee
audit,adult_income,mean_ensemble,adversarial_confidence_inflation,audit,f1,higher_is_better,0.6465147095850206,0.0|0.05|0.1|0.2|0.4|0.6|0.8|1.0,dc10f4b35c6c257fb03b4f1d310bfbdf6ed3ad3d950daaa733c6c375271698d1
audit,adult_income,mean_ensemble,adversarial_confidence_inflation,audit,unsafe_acceptance_rate,lower_is_better,0.08057499102978112,0.0|0.05|0.1|0.2|0.4|0.6|0.8|1.0,7ac357b0e95450a73e6e7e56fd764ead2beffbd986b63d5ee356b6698fc9c105
audit,adult_income,mean_ensemble,adversarial_confidence_inflation,audit,technical_failure_rate,lower_is_better,0.0,0.0|0.05|0.1|0.2|0.4|0.6|0.8|1.0,c6a5bfe76967fd0698b76692e7c24db5d0ffdb468e09c64449e79b25fb8a89f6
audit,adult_income,mean_ensemble,adversarial_confidence_inflation,audit,rejection_rate,context_dependent,0.7951747201747202,0.0|0.05|0.1|0.2|0.4|0.6|0.8|1.0,2a8ccf4bc2f48c0eb34f9aa79bb0899cb768dfccd0b253266852fda51380709e
audit,adult_income,mean_ensemble,adversarial_confidence_inflation,shadow,accuracy,higher_is_better,0.8420352170352171,0.0|0.05|0.1|0.2|0.4|0.6|0.8|1.0,908bab87951c6d1f0a8bded8174d489dfabad4693a0c4cf9a45daad7660bd1c2
audit,adult_income,mean_ensemble,adversarial_confidence_inflation,shadow,f1,higher_is_better,0.6437059949754964,0.0|0.05|0.1|0.2|0.4|0.6|0.8|1.0,bf17e29d8cc45781586f89b0ef234cb84787f2a80cfe62f4256e3b66618e8942
audit,adult_income,mean_ensemble,adversarial_confidence_inflation,shadow,unsafe_acceptance_rate,lower_is_better,0.08086652314316468,0.0|0.05|0.1|0.2|0.4|0.6|0.8|1.0,d9a18162236e6bd9856d31719c70956be41f6ffdf43555733f1c4863315b385b
audit,adult_income,mean_ensemble,adversarial_confidence_inflation,shadow,technical_failure_rate,lower_is_better,0.0,0.0|0.05|0.1|0.2|0.4|0.6|0.8|1.0,034482c0dc7c8ba8c1c3dcf988c0b606aa76f1e788f1ea1cad3aa0862c306024
audit,adult_income,mean_ensemble,adversarial_confidence_inflation,shadow,rejection_rate,context_dependent,0.7957616707616708,0.0|0.05|0.1|0.2|0.4|0.6|0.8|1.0,7cc4e5be4c9d77171656f400a625fe27873e8f5c98f277c4e481929b24a2a98f
locked,adult_income,mean_ensemble,adversarial_confidence_inflation,primary,accuracy,higher_is_better,0.8502985940485941,0.0|0.05|0.1|0.2|0.4|0.6|0.8|1.0,2144f36710dbdb9d9bd13b87bb4943f0ccb5ef190efff6590267ec5bf11c71e5
locked,adult_income,mean_ensemble,adversarial_confidence_inflation,primary,f1,higher_is_better,0.6570037752511799,0.0|0.05|0.1|0.2|0.4|0.6|0.8|1.0,0fee00cc46264cd644f627f38887cb01d6644ed644ba69a19d7059dee2b0e6ed
locked,adult_income,mean_ensemble,adversarial_confidence_inflation,primary,unsafe_acceptance_rate,lower_is_better,0.0706505159264244,0.0|0.05|0.1|0.2|0.4|0.6|0.8|1.0,089d0bc907b9680247cc6c0319f49cbe6899e81c0d8d20db95420c64309c065b
locked,adult_income,mean_ensemble,adversarial_confidence_inflation,primary,technical_failure_rate,lower_is_better,0.0,0.0|0.05|0.1|0.2|0.4|0.6|0.8|1.0,39d02f119d0478427daefbe65158dad9ce4504cf2523fa9a82694199401240cd
locked,adult_income,mean_ensemble,adversarial_confidence_inflation,primary,rejection_rate,context_dependent,0.8028682091182092,0.0|0.05|0.1|0.2|0.4|0.6|0.8|1.0,9557e41a614dde8b28fa51352aded2277173b0c3ef7d06fad2fe3c0b186fa8be
locked,adult_income,mean_ensemble,adversarial_confidence_inflation,shadow,accuracy,higher_is_better,0.8500793407043407,0.0|0.05|0.1|0.2|0.4|0.6|0.8|1.0,afefd446d50a7c821197d5241312df0457a2b2a77efe3cb3e1f2c41ed9715797
locked,adult_income,mean_ensemble,adversarial_confidence_inflation,shadow,f1,higher_is_better,0.6567136234089411,0.0|0.05|0.1|0.2|0.4|0.6|0.8|1.0,e78087d9e1cb431a8d765b836538bbaf8b1828d91433c8f5517efd0c79d1791b
locked,adult_income,mean_ensemble,adversarial_confidence_inflation,shadow,unsafe_acceptance_rate,lower_is_better,0.0709656796769852,0.0|0.05|0.1|0.2|0.4|0.6|0.8|1.0,24f0fc65065fe89192b19c5ed2eeb8ff9c3aab9ce0cdd93dff3e48d473356027
locked,adult_income,mean_ensemble,adversarial_confidence_inflation,shadow,technical_failure_rate,lower_is_better,0.0,0.0|0.05|0.1|0.2|0.4|0.6|0.8|1.0,f7aa456faa4decd5f2cb26851b3c9dd0d7bd1adbbf285fbdfd0cc58f1b90bc1c
locked,adult_income,mean_ensemble,adversarial_confidence_inflation,shadow,rejection_rate,context_dependent,0.8026080057330057,0.0|0.05|0.1|0.2|0.4|0.6|0.8|1.0,971251b286b542499296f9cb292b902812fad37ae4d662750ba84eeaa5886d34
audit,adult_income,mean_ensemble,confidence_distortion,audit,accuracy,higher_is_better,0.8562755937755938,0.0|0.05|0.1|0.2|0.4|0.6|0.8|1.0,d3d9112299118a02c9b21100adc32dc953c5612b7f33bae33d12e83d0b31b837
audit,adult_income,mean_ensemble,confidence_distortion,audit,f1,higher_is_better,0.6771085031368542,0.0|0.05|0.1|0.2|0.4|0.6|0.8|1.0,bc23d05eaccf61e7b0b3440a120b1e1b40e1a59d0747ef37c9715763fb6e6b44
audit,adult_income,mean_ensemble,confidence_distortion,audit,unsafe_acceptance_rate,lower_is_better,0.07264531754574813,0.0|0.05|0.1|0.2|0.4|0.6|0.8|1.0,257aa4200e13f7e04f0a4168f1f7f8aed05ebf108e49acf38c6271aa9105b885
audit,adult_income,mean_ensemble,confidence_distortion,audit,technical_failure_rate,lower_is_better,0.0,0.0|0.05|0.1|0.2|0.4|0.6|0.8|1.0,0a9b4e798482b6a78245b72a839d11c4500af540ec10da32cdd1c617adbd3fc7
audit,adult_income,mean_ensemble,confidence_distortion,audit,rejection_rate,context_dependent,0.7940315315315315,0.0|0.05|0.1|0.2|0.4|0.6|0.8|1.0,bbbffe0e269f64eedba06af55c232fd9b5063a813d131ae20f13771c798d5120
audit,adult_income,mean_ensemble,confidence_distortion,shadow,accuracy,higher_is_better,0.8562755937755938,0.0|0.05|0.1|0.2|0.4|0.6|0.8|1.0,8983c8eadbe11beca49237e8fa6b15f667ad4a63d745e2725d801f2de3857d7c
audit,adult_income,mean_ensemble,confidence_distortion,shadow,f1,higher_is_better,0.6771085031368542,0.0|0.05|0.1|0.2|0.4|0.6|0.8|1.0,b6e61cb598f775fbee498e32c309cee8a71b689a8c52b30c34fcdaa8534ca422
audit,adult_income,mean_ensemble,confidence_distortion,shadow,unsafe_acceptance_rate,lower_is_better,0.07264531754574813,0.0|0.05|0.1|0.2|0.4|0.6|0.8|1.0,eb80f8812043998cd044d6a0576cd3bab8cf14c6d974ff6a39b04c28f7ff20af
audit,adult_income,mean_ensemble,confidence_distortion,shadow,technical_failure_rate,lower_is_better,0.0,0.0|0.05|0.1|0.2|0.4|0.6|0.8|1.0,78040976baff7523b23dd6346798891d702b8cfb796ab16428bc90172069247a
audit,adult_income,mean_ensemble,confidence_distortion,shadow,rejection_rate,context_dependent,0.7940315315315315,0.0|0.05|0.1|0.2|0.4|0.6|0.8|1.0,ca149bb8dec00a52fb07b118ca01cec921b53c1f5fd3ebedc7007129248d311e
locked,adult_income,mean_ensemble,confidence_distortion,primary,accuracy,higher_is_better,0.8634316134316135,0.0|0.05|0.1|0.2|0.4|0.6|0.8|1.0,bd724aa07268e7f735a7354dc3b9b3aaab07e25e6ce6b5eb322f10468125b44c
locked,adult_income,mean_ensemble,confidence_distortion,primary,f1,higher_is_better,0.6878802058961161,0.0|0.05|0.1|0.2|0.4|0.6|0.8|1.0,32973c32a74be35ff1610295a40ef44f9212c48607e95c37cebca1e8799b23e4
locked,adult_income,mean_ensemble,confidence_distortion,primary,unsafe_acceptance_rate,lower_is_better,0.06271870794078062,0.0|0.05|0.1|0.2|0.4|0.6|0.8|1.0,ebc93ef7a425c747fd858dbb314c1ba4b7af2b8139edfa27ec03e31723b5774d
locked,adult_income,mean_ensemble,confidence_distortion,primary,technical_failure_rate,lower_is_better,0.0,0.0|0.05|0.1|0.2|0.4|0.6|0.8|1.0,75293a00fd4951d5efc2cea33bb16f2c3b2f5d7453c28efb9fec103e3a74e6f6
locked,adult_income,mean_ensemble,confidence_distortion,primary,rejection_rate,context_dependent,0.8018018018018018,0.0|0.05|0.1|0.2|0.4|0.6|0.8|1.0,21fef56258962b62e642f1410969a8a8548f5a8ccd9b85c6a119e83e332f6978
locked,adult_income,mean_ensemble,confidence_distortion,shadow,accuracy,higher_is_better,0.8634316134316135,0.0|0.05|0.1|0.2|0.4|0.6|0.8|1.0,2c468cf768c25b6669d9a5170bb7c7404220c197bdc9d6a301d36e3bb378d578
locked,adult_income,mean_ensemble,confidence_distortion,shadow,f1,higher_is_better,0.6878802058961161,0.0|0.05|0.1|0.2|0.4|0.6|0.8|1.0,66ccd41ec5f452e732a27f3463cfe65b984330da320222139c0ae293c19f2876
locked,adult_income,mean_ensemble,confidence_distortion,shadow,unsafe_acceptance_rate,lower_is_better,0.06271870794078062,0.0|0.05|0.1|0.2|0.4|0.6|0.8|1.0,7550d55f6ad3f6052ebde86082f77cf265bf9dbd78be0e78fe27ce1d8fe00a71
locked,adult_income,mean_ensemble,confidence_distortion,shadow,technical_failure_rate,lower_is_better,0.0,0.0|0.05|0.1|0.2|0.4|0.6|0.8|1.0,555aa259d4c4275420f5237cad9ea56410d099fe904ae8fbbb2308c5f89ac0a8
locked,adult_income,mean_ensemble,confidence_distortion,shadow,rejection_rate,context_dependent,0.8018018018018018,0.0|0.05|0.1|0.2|0.4|0.6|0.8|1.0,43b44220e4f13be2a499927a6ff700676f8b6ea38957fdcd04fe273e6082deb8
audit,adult_income,mean_ensemble,distribution_shift,audit,accuracy,higher_is_better,0.8701079388190277,0.0|0.05|0.1|0.2|0.4|0.6|0.8|1.0,b11696724b7405ab8849bca5e901f839242dbc131bd2c00efc6af69e84e0c4ca
audit,adult_income,mean_ensemble,distribution_shift,audit,f1,higher_is_better,0.7428445178174683,0.0|0.05|0.1|0.2|0.4|0.6|0.8|1.0,0df32e87a72ef3d720667bd6632eeca05e22a88a870c372bfcfbca3e63193ef4
audit,adult_income,mean_ensemble,distribution_shift,audit,unsafe_acceptance_rate,lower_is_better,0.06986016619040751,0.0|0.05|0.1|0.2|0.4|0.6|0.8|1.0,b15ce1b83efe8ea4de1bf5da41523bd61cfdc61b5b7a5907c5e89ec34a36e416
audit,adult_income,mean_ensemble,distribution_shift,audit,technical_failure_rate,lower_is_better,0.0,0.0|0.05|0.1|0.2|0.4|0.6|0.8|1.0,74b5bc78083dac5b1983ea51a003d2eb3409b9753ca945bc1394671dc5ad4741
audit,adult_income,mean_ensemble,distribution_shift,audit,rejection_rate,context_dependent,0.7581243903282162,0.0|0.05|0.1|0.2|0.4|0.6|0.8|1.0,af4d0c1e2c32ba3228c58f34734a367f29dd7012520ca6cedd837f87dc8ec2c7
audit,adult_income,mean_ensemble,distribution_shift,shadow,accuracy,higher_is_better,0.8701079388190277,0.0|0.05|0.1|0.2|0.4|0.6|0.8|1.0,a0ffbe97856f818d633f17f5b6ff52c151df814a144b01337881049e3f2210ca
audit,adult_income,mean_ensemble,distribution_shift,shadow,f1,higher_is_better,0.7428445178174683,0.0|0.05|0.1|0.2|0.4|0.6|0.8|1.0,ad3c8b54caf16fc32bdb8745b4fc40fdd49972c7bf2faab18707c64efdf299e9
audit,adult_income,mean_ensemble,distribution_shift,shadow,unsafe_acceptance_rate,lower_is_better,0.06986016619040751,0.0|0.05|0.1|0.2|0.4|0.6|0.8|1.0,df94347d9c08d5abce759674b517f5813e5c2b9de1ef4281f4f8eb150e41c1cf
audit,adult_income,mean_ensemble,distribution_shift,shadow,technical_failure_rate,lower_is_better,0.0,0.0|0.05|0.1|0.2|0.4|0.6|0.8|1.0,1f6ccad20f49ffaf9eb57c066586e2797812abf4fdce5022631823654e96d1cc
audit,adult_income,mean_ensemble,distribution_shift,shadow,rejection_rate,context_dependent,0.7581243903282162,0.0|0.05|0.1|0.2|0.4|0.6|0.8|1.0,84a4d622a9016bde7b826956ffa4b7e3d03e982b868eee5b316fe13d8b987565
locked,adult_income,mean_ensemble,distribution_shift,primary,accuracy,higher_is_better,0.8722745065163866,0.0|0.05|0.1|0.2|0.4|0.6|0.8|1.0,a3991bf79ab3a5db4b85722966c8391a7063e7004bee50dc2e495e49eec3b4c5
locked,adult_income,mean_ensemble,distribution_shift,primary,f1,higher_is_better,0.7453124034797177,0.0|0.05|0.1|0.2|0.4|0.6|0.8|1.0,f099d40726d1fe23be34801b3887fc7b748531c27dc3a627495c72275d8a8f87
locked,adult_income,mean_ensemble,distribution_shift,primary,unsafe_acceptance_rate,lower_is_better,0.06702639865975098,0.0|0.05|0.1|0.2|0.4|0.6|0.8|1.0,787b7d75b342f141f7a7b07923fb1391b13dad8158aa1be1c9f92ae3504ddda5
locked,adult_income,mean_ensemble,distribution_shift,primary,technical_failure_rate,lower_is_better,0.0,0.0|0.05|0.1|0.2|0.4|0.6|0.8|1.0,49bdcbab7ef33db0d14eeb94db8ed9b6f03112daa9a3182979b7e54cdef1ff8c
locked,adult_income,mean_ensemble,distribution_shift,primary,rejection_rate,context_dependent,0.7606009061022818,0.0|0.05|0.1|0.2|0.4|0.6|0.8|1.0,94f788d159ec9d8c655f7ad1a5a8c20341668e3e8c16eee235ea0b005e369960
locked,adult_income,mean_ensemble,distribution_shift,shadow,accuracy,higher_is_better,0.8722745065163866,0.0|0.05|0.1|0.2|0.4|0.6|0.8|1.0,ae643819e36af70c71be170dba9121efce3d5a90713854aeb9a97dd6c0e97d3c
locked,adult_income,mean_ensemble,distribution_shift,shadow,f1,higher_is_better,0.7453124034797177,0.0|0.05|0.1|0.2|0.4|0.6|0.8|1.0,7a2896f6dfb70066cc8bbf11ef8af2e4cfaa2c51f0973c257b0d386a3135c1b0
locked,adult_income,mean_ensemble,distribution_shift,shadow,unsafe_acceptance_rate,lower_is_better,0.06702639865975098,0.0|0.05|0.1|0.2|0.4|0.6|0.8|1.0,5231a5923d3ec95bc3f9779f0be755b0f21b62a4c2d92d399dc2366cae127ebb
locked,adult_income,mean_ensemble,distribution_shift,shadow,technical_failure_rate,lower_is_better,0.0,0.0|0.05|0.1|0.2|0.4|0.6|0.8|1.0,256e6052db4bb31b6c7da595f758908eed36aa1afdab782cb6d15cabd1c85b24
locked,adult_income,mean_ensemble,distribution_shift,shadow,rejection_rate,context_dependent,0.7606009061022818,0.0|0.05|0.1|0.2|0.4|0.6|0.8|1.0,249402267e74da0d0dd13ebced64e77faff6ee6a5ada4db4f9506237a192003e
audit,adult_income,mean_ensemble,feature_noise,audit,accuracy,higher_is_better,0.8394041769041769,0.0|0.05|0.1|0.2|0.4|0.6|0.8|1.0,d836a49787cc16d2a7c2a756d6bd807d3cbc38c98b87de8aabdf6b5257c4fc6f
audit,adult_income,mean_ensemble,feature_noise,audit,f1,higher_is_better,0.615643179035804,0.0|0.05|0.1|0.2|0.4|0.6|0.8|1.0,90158bdb100a48dcdcab4ee683455e68d40d4f11f342c75364eeaa14eb35cc9e
audit,adult_income,mean_ensemble,feature_noise,audit,unsafe_acceptance_rate,lower_is_better,0.06755920344456405,0.0|0.05|0.1|0.2|0.4|0.6|0.8|1.0,2a4912f1589bb77ac3604ee568b3530e646ad5b40d0d6fdc6300e16bae38a4e1
audit,adult_income,mean_ensemble,feature_noise,audit,technical_failure_rate,lower_is_better,0.0,0.0|0.05|0.1|0.2|0.4|0.6|0.8|1.0,b8b4635de5fe308dfce9314e8e225ab84ba0d49538ffde5d47ea1f69a4341b36
audit,adult_income,mean_ensemble,feature_noise,audit,rejection_rate,context_dependent,0.8186425061425062,0.0|0.05|0.1|0.2|0.4|0.6|0.8|1.0,3b2c307a33f377081adbc3e1f7479bfbc56c2f67a72b562e035f087c4977b9db
audit,adult_income,mean_ensemble,feature_noise,shadow,accuracy,higher_is_better,0.8387182637182636,0.0|0.05|0.1|0.2|0.4|0.6|0.8|1.0,a515336a65a4367bf1bcb166dcdb21c8a84c87eee17c5587892e2e7bcff0b1df
audit,adult_income,mean_ensemble,feature_noise,shadow,f1,higher_is_better,0.6144010083903756,0.0|0.05|0.1|0.2|0.4|0.6|0.8|1.0,b8e2563db0ffc34364f80ac3a0f15fdc088d13488f68037c323d798726b47e7c
audit,adult_income,mean_ensemble,feature_noise,shadow,unsafe_acceptance_rate,lower_is_better,0.06800995694294941,0.0|0.05|0.1|0.2|0.4|0.6|0.8|1.0,22f6edb6d6a0b10e8b8239ed0428b685afc940b9bc20c5d029eedd561617d2e3
audit,adult_income,mean_ensemble,feature_noise,shadow,technical_failure_rate,lower_is_better,0.0,0.0|0.05|0.1|0.2|0.4|0.6|0.8|1.0,c8d320941342e8d49aa6a98c247a5a147746ca668f6eaf0a91a1ea4b26a54573
audit,adult_income,mean_ensemble,feature_noise,shadow,rejection_rate,context_dependent,0.8186425061425062,0.0|0.05|0.1|0.2|0.4|0.6|0.8|1.0,7ef91fcfe06ff6d82786933e7d912a2373762e5474b97ac39c27f3cba768c9fd
locked,adult_income,mean_ensemble,feature_noise,primary,accuracy,higher_is_better,0.8498071935571936,0.0|0.05|0.1|0.2|0.4|0.6|0.8|1.0,ef51d3ca1f9dd233d4261743ca6412bf23c19e24008808d89a2f7207037c1a0a
locked,adult_income,mean_ensemble,feature_noise,primary,f1,higher_is_better,0.6371222907150103,0.0|0.05|0.1|0.2|0.4|0.6|0.8|1.0,4101a286665a00b347c0f8e00bdd56153fff112e44e6b0ad95c0762ae7b004f3
locked,adult_income,mean_ensemble,feature_noise,primary,unsafe_acceptance_rate,lower_is_better,0.057431583669807086,0.0|0.05|0.1|0.2|0.4|0.6|0.8|1.0,2ff03961feaf6e672a99ad1bf764cc2011b83e02dd5efaee412336870bae2986
locked,adult_income,mean_ensemble,feature_noise,primary,technical_failure_rate,lower_is_better,0.0,0.0|0.05|0.1|0.2|0.4|0.6|0.8|1.0,67582bab52d33a204a64d3d6d64332a8818cf18cd152119a271046fb0211ec17
locked,adult_income,mean_ensemble,feature_noise,primary,rejection_rate,context_dependent,0.8234694922194923,0.0|0.05|0.1|0.2|0.4|0.6|0.8|1.0,2fb195115fb96d130ea22ba13f1f6ccf9149d734d88a9a7aea8f7f4086653bfa
locked,adult_income,mean_ensemble,feature_noise,shadow,accuracy,higher_is_better,0.8475455569205569,0.0|0.05|0.1|0.2|0.4|0.6|0.8|1.0,05b14599fa914c4bd1f5a028362e2e8baea25053c16ee098dd77111e8cd48030
locked,adult_income,mean_ensemble,feature_noise,shadow,f1,higher_is_better,0.6308779416603467,0.0|0.05|0.1|0.2|0.4|0.6|0.8|1.0,c820fa821c50e9773a57864dbbd72bb420829425e33e28ad0ee81e9f0afb0bc6
locked,adult_income,mean_ensemble,feature_noise,shadow,unsafe_acceptance_rate,lower_is_better,0.05847913862718708,0.0|0.05|0.1|0.2|0.4|0.6|0.8|1.0,5c409d107d4733b1fcaa618e5d2f39caae0fbdc0961c19fb8aab2a81855a8843
locked,adult_income,mean_ensemble,feature_noise,shadow,technical_failure_rate,lower_is_better,0.0,0.0|0.05|0.1|0.2|0.4|0.6|0.8|1.0,552fc8b3a54b06e53fb31332197b47d54263289b59fc34824297d0d4bd32dd0a
locked,adult_income,mean_ensemble,feature_noise,shadow,rejection_rate,context_dependent,0.8241374897624898,0.0|0.05|0.1|0.2|0.4|0.6|0.8|1.0,99a59275a780e992d197d368eaf03d11299b9c0c50322043186a8c7711a5b276
audit,adult_income,mean_ensemble,label_noise,audit,accuracy,higher_is_better,0.8566748566748567,0.0|0.05|0.1|0.2|0.4|0.6|0.8|1.0,7d08f1c1c4a4a9d330cdb3ef62934cbef3c77982a1c3cb1f1cefe9eb1923e60e
audit,adult_income,mean_ensemble,label_noise,audit,f1,higher_is_better,0.6777163904235726,0.0|0.05|0.1|0.2|0.4|0.6|0.8|1.0,bd44717a8724dd3aba0122db6c693477ac2801ead3536061fd9d724948809121
audit,adult_income,mean_ensemble,label_noise,audit,unsafe_acceptance_rate,lower_is_better,0.0721205597416577,0.0|0.05|0.1|0.2|0.4|0.6|0.8|1.0,6050bf044bf24807a438d5bd899ab8af15495d94235da3f62d9086ea42501efc
audit,adult_income,mean_ensemble,label_noise,audit,technical_failure_rate,lower_is_better,0.0,0.0|0.05|0.1|0.2|0.4|0.6|0.8|1.0,25b8c57f8cef66e6415d5d704cb20d536b76cc4bdd72fa190c7a42d412ef4a9c
audit,adult_income,mean_ensemble,label_noise,audit,rejection_rate,context_dependent,0.7944307944307945,0.0|0.05|0.1|0.2|0.4|0.6|0.8|1.0,4ae7bf9f110d19549cbe2adad022f182973c108b0cf74dda3e9f2f271727466a
audit,adult_income,mean_ensemble,label_noise,shadow,accuracy,higher_is_better,0.8566748566748567,0.0|0.05|0.1|0.2|0.4|0.6|0.8|1.0,52c7cec9c1526ee150e88aad7689cebefaf8f7a2f205cb9221b86e4228e45aa1
audit,adult_income,mean_ensemble,label_noise,shadow,f1,higher_is_better,0.6777163904235726,0.0|0.05|0.1|0.2|0.4|0.6|0.8|1.0,5ba20170b6995a8a46c2d6e81bd44b961d03dcdc06329313cf95b7387f70165d
audit,adult_income,mean_ensemble,label_noise,shadow,unsafe_acceptance_rate,lower_is_better,0.0721205597416577,0.0|0.05|0.1|0.2|0.4|0.6|0.8|1.0,cc93ca8f7d03f0a72fd3a9adc9289544cc60effda245e3999317d2454f7c85bc
audit,adult_income,mean_ensemble,label_noise,shadow,technical_failure_rate,lower_is_better,0.0,0.0|0.05|0.1|0.2|0.4|0.6|0.8|1.0,a9399eed7677b8592e65e056dbb80148f4f405b4c7d8520ddadec4b60ac6b58a
audit,adult_income,mean_ensemble,label_noise,shadow,rejection_rate,context_dependent,0.7944307944307945,0.0|0.05|0.1|0.2|0.4|0.6|0.8|1.0,5984b5ccb1d9f6e174c743f9b22fde81014378e297bdfd81d5691438e3af92f9
locked,adult_income,mean_ensemble,label_noise,primary,accuracy,higher_is_better,0.8634316134316135,0.0|0.05|0.1|0.2|0.4|0.6|0.8|1.0,025f0215cd7a8ef20dc50b48967a5c7e57f70a9b994fa80f844140521b0d3923
locked,adult_income,mean_ensemble,label_noise,primary,f1,higher_is_better,0.6878802058961161,0.0|0.05|0.1|0.2|0.4|0.6|0.8|1.0,c5050f4e78d72a030f0e26f6bc625ac692f7cf3754c6f4a4ad42c2c1328d6e37
locked,adult_income,mean_ensemble,label_noise,primary,unsafe_acceptance_rate,lower_is_better,0.06271870794078062,0.0|0.05|0.1|0.2|0.4|0.6|0.8|1.0,14bdf5a3f14abe6726527516a4138e4e27842f091c7a04c0f092657916d67e85
locked,adult_income,mean_ensemble,label_noise,primary,technical_failure_rate,lower_is_better,0.0,0.0|0.05|0.1|0.2|0.4|0.6|0.8|1.0,4d468f036d5a67f620132223f1b6f7054bce021cf4480fe99aa77a86c101880a
locked,adult_income,mean_ensemble,label_noise,primary,rejection_rate,context_dependent,0.8018018018018018,0.0|0.05|0.1|0.2|0.4|0.6|0.8|1.0,a99b04d60ad07932c52e465158d7db67c170841aca09e34f7ac1bd72ba3556eb
locked,adult_income,mean_ensemble,label_noise,shadow,accuracy,higher_is_better,0.8634316134316135,0.0|0.05|0.1|0.2|0.4|0.6|0.8|1.0,ee9a9b51f742e3e04652c6097209e6f8deab9fc65f997c76e9d62bf97ab1e6c1
locked,adult_income,mean_ensemble,label_noise,shadow,f1,higher_is_better,0.6878802058961161,0.0|0.05|0.1|0.2|0.4|0.6|0.8|1.0,78fd7d8fb0cd5d43307d71ecc229acc3553eec57953476be991571d5e87b2124
locked,adult_income,mean_ensemble,label_noise,shadow,unsafe_acceptance_rate,lower_is_better,0.06271870794078062,0.0|0.05|0.1|0.2|0.4|0.6|0.8|1.0,03872e885280a57b0a65ef9c3d6364bfa30c7d5572443ea7c253100863e6ea1b
locked,adult_income,mean_ensemble,label_noise,shadow,technical_failure_rate,lower_is_better,0.0,0.0|0.05|0.1|0.2|0.4|0.6|0.8|1.0,d458d9c490538357c04216f634880ee4663ccbdc4bddea97c5dff0e9bab408ec
locked,adult_income,mean_ensemble,label_noise,shadow,rejection_rate,context_dependent,0.8018018018018018,0.0|0.05|0.1|0.2|0.4|0.6|0.8|1.0,24d8a8772c2528c97bc105af6098fab493c563423cb564a9a5a57036fd798f59
audit,adult_income,mean_ensemble,missing_features,audit,accuracy,higher_is_better,0.8033340158340159,0.0|0.05|0.1|0.2|0.4|0.6|0.8|1.0,ab73ae42beb0e881486046b04b9ec2355ae70cda2141b457850e059c66961e1d
audit,adult_income,mean_ensemble,missing_features,audit,f1,higher_is_better,0.345372382627057,0.0|0.05|0.1|0.2|0.4|0.6|0.8|1.0,27192b0c5fa42336436f475169d6d97e373c74661913f5037eca52afd7c034ad
audit,adult_income,mean_ensemble,missing_features,audit,unsafe_acceptance_rate,lower_is_better,0.0263724434876211,0.0|0.05|0.1|0.2|0.4|0.6|0.8|1.0,a75420a45dd9cf979ca4a0c3852c5113752d5fe9863613b6b7cb901e0b6de8ff
audit,adult_income,mean_ensemble,missing_features,audit,technical_failure_rate,lower_is_better,0.0,0.0|0.05|0.1|0.2|0.4|0.6|0.8|1.0,faf6fa42f03b925bb6c90e147b7fa352ef771ea6fdbb7a8ec40a7013f2ad3605
audit,adult_income,mean_ensemble,missing_features,audit,rejection_rate,context_dependent,0.917386704886705,0.0|0.05|0.1|0.2|0.4|0.6|0.8|1.0,ab06f9ae3c5689372f3b5b5b6961c1e75d4adf9a20ce986b745a9aef4938daed
audit,adult_income,mean_ensemble,missing_features,shadow,accuracy,higher_is_better,0.8040182227682228,0.0|0.05|0.1|0.2|0.4|0.6|0.8|1.0,ffe9a0827d6c29fa4119d8f943c50b2b6a6e725631f0d5ae79d1c390df043446
audit,adult_income,mean_ensemble,missing_features,shadow,f1,higher_is_better,0.34845315667481735,0.0|0.05|0.1|0.2|0.4|0.6|0.8|1.0,770be8c0d4644a5a39f412c2d3497dd10147b18ac292cc21d0b7a1902736e26c
audit,adult_income,mean_ensemble,missing_features,shadow,unsafe_acceptance_rate,lower_is_better,0.026305166846071044,0.0|0.05|0.1|0.2|0.4|0.6|0.8|1.0,31e6bce85eedac41717b63e506b3592d4d2ce89dca057fa228e8056ea00f4397
audit,adult_income,mean_ensemble,missing_features,shadow,technical_failure_rate,lower_is_better,0.0,0.0|0.05|0.1|0.2|0.4|0.6|0.8|1.0,f515da6af5c877363e91035f1d1788a1185ccace7b9237d377a99ab9fefd6f9f
audit,adult_income,mean_ensemble,missing_features,shadow,rejection_rate,context_dependent,0.916804873054873,0.0|0.05|0.1|0.2|0.4|0.6|0.8|1.0,8f7fa4c0fa2fc184d99985e24222beb9bfaf9c1912a34f4067be8ff4e98df6ce
locked,adult_income,mean_ensemble,missing_features,primary,accuracy,higher_is_better,0.8064701064701065,0.0|0.05|0.1|0.2|0.4|0.6|0.8|1.0,489d26e6f10b1b8c6aff6700d0176aa10ee989b651b3d5a3b2f8e1ce8be6a86c
locked,adult_income,mean_ensemble,missing_features,primary,f1,higher_is_better,0.352813734503223,0.0|0.05|0.1|0.2|0.4|0.6|0.8|1.0,1940ef956ff20b7fdea912d954fbc0b6acd1a87d8737e1258b055284ec1262b2
locked,adult_income,mean_ensemble,missing_features,primary,unsafe_acceptance_rate,lower_is_better,0.023497083894122927,0.0|0.05|0.1|0.2|0.4|0.6|0.8|1.0,5d44ba690a01bc707b4d28ede6302a98ade923b568a6674638af042a0966db83
locked,adult_income,mean_ensemble,missing_features,primary,technical_failure_rate,lower_is_better,0.0,0.0|0.05|0.1|0.2|0.4|0.6|0.8|1.0,9e93d27821a82d0dc08ac105c7d5437ba12fca365aa91d96f19870c15fcfcf9a
locked,adult_income,mean_ensemble,missing_features,primary,rejection_rate,context_dependent,0.9184309309309309,0.0|0.05|0.1|0.2|0.4|0.6|0.8|1.0,b91b50d07164c58121461c8149b8704413ce133c7a86edc43e9a3e2d40756332
locked,adult_income,mean_ensemble,missing_features,shadow,accuracy,higher_is_better,0.8057662776412776,0.0|0.05|0.1|0.2|0.4|0.6|0.8|1.0,a780d3e5a06079dcff6859dac8e31ef9af4246e9086ed917da9f03834e6aa745
locked,adult_income,mean_ensemble,missing_features,shadow,f1,higher_is_better,0.3497202626599518,0.0|0.05|0.1|0.2|0.4|0.6|0.8|1.0,d9d4b2404955b9b3650651b3986e0f1a55e6f96554608c3384da92508941e697
locked,adult_income,mean_ensemble,missing_features,shadow,unsafe_acceptance_rate,lower_is_better,0.023711305518169582,0.0|0.05|0.1|0.2|0.4|0.6|0.8|1.0,49d3d0605caabe99c7dbbd853d95eaff6c283225b733a43a20638c34f218d64c
locked,adult_income,mean_ensemble,missing_features,shadow,technical_failure_rate,lower_is_better,0.0,0.0|0.05|0.1|0.2|0.4|0.6|0.8|1.0,eb7e3f9ee9d2cd0735d27f8a7ba1f82266644aa757ab11961fc621bfaf4cd0c4
locked,adult_income,mean_ensemble,missing_features,shadow,rejection_rate,context_dependent,0.9188088656838658,0.0|0.05|0.1|0.2|0.4|0.6|0.8|1.0,c4f3e466bc59e2a0176cb3a19defa1d96bde5b14b00dc784beac4785d5f2ed0e
audit,adult_income,mean_ensemble,random_feature_deletion,audit,accuracy,higher_is_better,0.8129572754572755,0.0|0.05|0.1|0.2|0.4|0.6|0.8|1.0,e3222b3236dd6746f2730250719d50a861dcbe838360af8ae87785996319b44c
audit,adult_income,mean_ensemble,random_feature_deletion,audit,f1,higher_is_better,0.3880972557274594,0.0|0.05|0.1|0.2|0.4|0.6|0.8|1.0,4024b9c81f562a0d5e5d88e541755d39d742156d65d2cb9d1eb7280235305dc2
audit,adult_income,mean_ensemble,random_feature_deletion,audit,unsafe_acceptance_rate,lower_is_better,0.03128363832077503,0.0|0.05|0.1|0.2|0.4|0.6|0.8|1.0,fbc1ff4efabbe169fa0a03473f1a73b2e3db88115ad3d651cda754c2f5b66fc2
audit,adult_income,mean_ensemble,random_feature_deletion,audit,technical_failure_rate,lower_is_better,0.0,0.0|0.05|0.1|0.2|0.4|0.6|0.8|1.0,d94d280e693e0ca66f209ba880f86172fca2fc0b42a6242dac526dc75b4253b2
audit,adult_income,mean_ensemble,random_feature_deletion,audit,rejection_rate,context_dependent,0.9002900627900627,0.0|0.05|0.1|0.2|0.4|0.6|0.8|1.0,315dab89787535dd8840ea6f993506ccf5ecb5601d95520cc668839dff63fa49
audit,adult_income,mean_ensemble,random_feature_deletion,shadow,accuracy,higher_is_better,0.8025337837837838,0.0|0.05|0.1|0.2|0.4|0.6|0.8|1.0,4c610fd75669d82fbebaeec6c958a849b3b76a8130199bc02780e083b3b2d2cd
audit,adult_income,mean_ensemble,random_feature_deletion,shadow,f1,higher_is_better,0.32840451052455305,0.0|0.05|0.1|0.2|0.4|0.6|0.8|1.0,0abc6de306fa977b1c205e66920debc04841b3d6eb40c5efaabe3c9d2b06a257
audit,adult_income,mean_ensemble,random_feature_deletion,shadow,unsafe_acceptance_rate,lower_is_better,0.026473358449946176,0.0|0.05|0.1|0.2|0.4|0.6|0.8|1.0,05fb1f6aeedb7357d98e41d611bf0f8b1cb1326a864d44feab8021cbf5a887e5
audit,adult_income,mean_ensemble,random_feature_deletion,shadow,technical_failure_rate,lower_is_better,0.0,0.0|0.05|0.1|0.2|0.4|0.6|0.8|1.0,23c558395fed7b8bac504cd897b9bde1cfb1258de4e10b9bd27f11983be56717
audit,adult_income,mean_ensemble,random_feature_deletion,shadow,rejection_rate,context_dependent,0.9180333742833743,0.0|0.05|0.1|0.2|0.4|0.6|0.8|1.0,1993a17cf70aadfa230beb2a42c7f342d5fc64ef4f7dcb1df19d987f4edd80f0
locked,adult_income,mean_ensemble,random_feature_deletion,primary,accuracy,higher_is_better,0.8107527982527982,0.0|0.05|0.1|0.2|0.4|0.6|0.8|1.0,da131c400fcfd4680c0b6dba3812e7920891e1dfb2f11192e8580a6ca5d1fc33
locked,adult_income,mean_ensemble,random_feature_deletion,primary,f1,higher_is_better,0.36388512725836253,0.0|0.05|0.1|0.2|0.4|0.6|0.8|1.0,10b433b1bcb8f13b3901113298e54eb99477f4c0d6b45927252b7e47a4897a45
locked,adult_income,mean_ensemble,random_feature_deletion,primary,unsafe_acceptance_rate,lower_is_better,0.029010767160161512,0.0|0.05|0.1|0.2|0.4|0.6|0.8|1.0,df8dc40af1a79d6f554be14b1668127c27079c7ecef8801f2ab3529b29be802e
locked,adult_income,mean_ensemble,random_feature_deletion,primary,technical_failure_rate,lower_is_better,0.0,0.0|0.05|0.1|0.2|0.4|0.6|0.8|1.0,8489cc3f87c2dd4d4fbbf30de052965102d5726e00a2cb459dd45a35cb4816b5
locked,adult_income,mean_ensemble,random_feature_deletion,primary,rejection_rate,context_dependent,0.9057603057603059,0.0|0.05|0.1|0.2|0.4|0.6|0.8|1.0,b70359ff72eb970b851d986c7bcb43741510f21912dcb3413f27f914df89148a
locked,adult_income,mean_ensemble,random_feature_deletion,shadow,accuracy,higher_is_better,0.8079135954135954,0.0|0.05|0.1|0.2|0.4|0.6|0.8|1.0,bb69b0f8cd27133c27e16a424a85005068103bf1f76afe0784f8fa8db6ded509
locked,adult_income,mean_ensemble,random_feature_deletion,shadow,f1,higher_is_better,0.3560991114184835,0.0|0.05|0.1|0.2|0.4|0.6|0.8|1.0,b1407c6d81e239ebb4e6bc441f5017fcf2797bcecded5f94c37ed85ea09f8f35
locked,adult_income,mean_ensemble,random_feature_deletion,shadow,unsafe_acceptance_rate,lower_is_better,0.030178331090174967,0.0|0.05|0.1|0.2|0.4|0.6|0.8|1.0,88f2c6633bf22f5c1073a49265665409091e1a27c3f2eb125eda82b570f1e9cb
locked,adult_income,mean_ensemble,random_feature_deletion,shadow,technical_failure_rate,lower_is_better,0.0,0.0|0.05|0.1|0.2|0.4|0.6|0.8|1.0,bf2344500f23ec74a458556d0af7789a03790900a9184ae3d14ea48e7f676084
locked,adult_income,mean_ensemble,random_feature_deletion,shadow,rejection_rate,context_dependent,0.9068233005733006,0.0|0.05|0.1|0.2|0.4|0.6|0.8|1.0,465ca0beb229712f3913a23ba1e155726ed6648989b30229917a17e312c19b07
audit,adult_income,mean_ensemble,specialist_failure,audit,accuracy,higher_is_better,0.6687039312039311,0.0|0.05|0.1|0.2|0.4|0.6|0.8|1.0,162bdec53646234f01569654bfb88b445419ba928d57ac685cb137dec9ffa6ba
audit,adult_income,mean_ensemble,specialist_failure,audit,f1,higher_is_better,0.5829963291820592,0.0|0.05|0.1|0.2|0.4|0.6|0.8|1.0,f9eef82e99493a25454b7059057ef287ccdad21d119364eaf4483665ab8c2830
audit,adult_income,mean_ensemble,specialist_failure,audit,unsafe_acceptance_rate,lower_is_better,0.35130516684607105,0.0|0.05|0.1|0.2|0.4|0.6|0.8|1.0,7eddf14411187e92e0ceb54db13727f48c5eb89534d3df9e3794a0a393ead3ec
audit,adult_income,mean_ensemble,specialist_failure,audit,technical_failure_rate,lower_is_better,0.0,0.0|0.05|0.1|0.2|0.4|0.6|0.8|1.0,ac33a0b2001feebfb3ef01eaabdf72f94fef39a19bca78f0117607a2971e5a2b
audit,adult_income,mean_ensemble,specialist_failure,audit,rejection_rate,context_dependent,0.5575655200655201,0.0|0.05|0.1|0.2|0.4|0.6|0.8|1.0,17d82e8e0acf700756228efce18adc90ed1565ef841eb3d4efd57db35f5b0fac
audit,adult_income,mean_ensemble,specialist_failure,shadow,accuracy,higher_is_better,0.6687039312039311,0.0|0.05|0.1|0.2|0.4|0.6|0.8|1.0,fbf789af507dcf16176db97f59fecceb6222c47830e59b0d8b2ec2a70eaf5b09
audit,adult_income,mean_ensemble,specialist_failure,shadow,f1,higher_is_better,0.5829963291820592,0.0|0.05|0.1|0.2|0.4|0.6|0.8|1.0,fb68fa1b1afc71bbb5345fc7c6317a7752225f5d1a7882dc7fef35d2356d079b
audit,adult_income,mean_ensemble,specialist_failure,shadow,unsafe_acceptance_rate,lower_is_better,0.35130516684607105,0.0|0.05|0.1|0.2|0.4|0.6|0.8|1.0,c9701e483726af4766d58930ec3b3c1511392101f26d9e6c7369bd6090c335d3
audit,adult_income,mean_ensemble,specialist_failure,shadow,technical_failure_rate,lower_is_better,0.0,0.0|0.05|0.1|0.2|0.4|0.6|0.8|1.0,b4bfde34f15d64e03164debdca8351b7ead7069f4cce3cd4a82d0a2fcb3841b6
audit,adult_income,mean_ensemble,specialist_failure,shadow,rejection_rate,context_dependent,0.5575655200655201,0.0|0.05|0.1|0.2|0.4|0.6|0.8|1.0,9f723f6f7c73dd6575f732302d2b2023cc290bff1bd6ef269a6b76e973b42475
locked,adult_income,mean_ensemble,specialist_failure,primary,accuracy,higher_is_better,0.6740120802620804,0.0|0.05|0.1|0.2|0.4|0.6|0.8|1.0,bde8e677a4f08af162cd5c0fb8189a47b443f79b3372c329a3d35d669af31bc3
locked,adult_income,mean_ensemble,specialist_failure,primary,f1,higher_is_better,0.5901307884895708,0.0|0.05|0.1|0.2|0.4|0.6|0.8|1.0,aa7fb43ad44bc2e4a66c8158426244414c89af0d770f5d4ce8ecfe0f34dd6b45
locked,adult_income,mean_ensemble,specialist_failure,primary,unsafe_acceptance_rate,lower_is_better,0.3433580080753701,0.0|0.05|0.1|0.2|0.4|0.6|0.8|1.0,47c7b5daa8f733138c4c51dcb0e173df89b1a7024c31139891b64503379779f6
locked,adult_income,mean_ensemble,specialist_failure,primary,technical_failure_rate,lower_is_better,0.0,0.0|0.05|0.1|0.2|0.4|0.6|0.8|1.0,30ae686d06b12a99de12800bd5d982ccdf89527c7f136a289741db5060000021
locked,adult_income,mean_ensemble,specialist_failure,primary,rejection_rate,context_dependent,0.5642864455364456,0.0|0.05|0.1|0.2|0.4|0.6|0.8|1.0,d69d0fc2a8da4a5bf98fc2b8cdb8082b9f7326ac2bacd853f880973c97bf5ac1
locked,adult_income,mean_ensemble,specialist_failure,shadow,accuracy,higher_is_better,0.6740120802620804,0.0|0.05|0.1|0.2|0.4|0.6|0.8|1.0,0c963dbd63b9b13dcdf5194b3559a159f4b8bd2901d09ed1fed7833a71362ad8
locked,adult_income,mean_ensemble,specialist_failure,shadow,f1,higher_is_better,0.5901307884895708,0.0|0.05|0.1|0.2|0.4|0.6|0.8|1.0,7aec3faf9734def6e5e0ec49c635ab7474b44edf2d1ecb1334e25950d8128319
locked,adult_income,mean_ensemble,specialist_failure,shadow,unsafe_acceptance_rate,lower_is_better,0.3433580080753701,0.0|0.05|0.1|0.2|0.4|0.6|0.8|1.0,97bd63fc03316d17bbb0be063d0757de956c88e6ba154b45dba57d6b98c13b38
locked,adult_income,mean_ensemble,specialist_failure,shadow,technical_failure_rate,lower_is_better,0.0,0.0|0.05|0.1|0.2|0.4|0.6|0.8|1.0,73b4d94c827d5798a92f2fddeb55968139eb37bdcde1f2397d25303822520207
locked,adult_income,mean_ensemble,specialist_failure,shadow,rejection_rate,context_dependent,0.5642864455364456,0.0|0.05|0.1|0.2|0.4|0.6|0.8|1.0,9b619b453c13ac086a1a507c7c5c7aff9f5711b0de7034282a9e9663b72f3848
audit,adult_income,mean_ensemble,synthetic_sensor_failure,audit,accuracy,higher_is_better,0.7808149058149059,0.0|0.05|0.1|0.2|0.4|0.6|0.8|1.0,277249a6ce10d69a1eedb8992023a9a92fde83bc338331877c34cdb841f2152e
audit,adult_income,mean_ensemble,synthetic_sensor_failure,audit,f1,higher_is_better,0.17898705563390988,0.0|0.05|0.1|0.2|0.4|0.6|0.8|1.0,d85ecaa7a66678d0898e8ad20fc123b9faa238409e6e3a2b80259945e22dbadc
audit,adult_income,mean_ensemble,synthetic_sensor_failure,audit,unsafe_acceptance_rate,lower_is_better,0.024152314316469317,0.0|0.05|0.1|0.2|0.4|0.6|0.8|1.0,81207ed668f111783186ead89581cfee80f23fa3485d7cbcea3de8ce2147e7c5
audit,adult_income,mean_ensemble,synthetic_sensor_failure,audit,technical_failure_rate,lower_is_better,0.0,0.0|0.05|0.1|0.2|0.4|0.6|0.8|1.0,12333152bd7e3c0a508c8f789879bbbc4c5ccdf606e6be768546100f35da7d97
audit,adult_income,mean_ensemble,synthetic_sensor_failure,audit,rejection_rate,context_dependent,0.9432841932841932,0.0|0.05|0.1|0.2|0.4|0.6|0.8|1.0,2b17a98815a0c05b93bd8677b832eb96609859553c3639de1ee5808c6d60440e
audit,adult_income,mean_ensemble,synthetic_sensor_failure,shadow,accuracy,higher_is_better,0.7808149058149059,0.0|0.05|0.1|0.2|0.4|0.6|0.8|1.0,8232cef7eddbffb1219263af8a842e92b858d98a084958f2e2229d83417e7a30
audit,adult_income,mean_ensemble,synthetic_sensor_failure,shadow,f1,higher_is_better,0.17898705563390988,0.0|0.05|0.1|0.2|0.4|0.6|0.8|1.0,4cadb25764c7cdcaeb21507986e1d3b148ec4cff6e41ee0173ca9c919e995294
audit,adult_income,mean_ensemble,synthetic_sensor_failure,shadow,unsafe_acceptance_rate,lower_is_better,0.024152314316469317,0.0|0.05|0.1|0.2|0.4|0.6|0.8|1.0,c9ec77a4c6d7fdf0c818349210f2602c9ff562b5a6d79c70ddb59ba8adac2005
audit,adult_income,mean_ensemble,synthetic_sensor_failure,shadow,technical_failure_rate,lower_is_better,0.0,0.0|0.05|0.1|0.2|0.4|0.6|0.8|1.0,f775a6eeb99b755e0919d0cc464cc464a31ba4ba6aaf7dc680757efd3e3e83e4
audit,adult_income,mean_ensemble,synthetic_sensor_failure,shadow,rejection_rate,context_dependent,0.9432841932841932,0.0|0.05|0.1|0.2|0.4|0.6|0.8|1.0,dcd6a3a363e129c4956218735f4137d6f8b607fde28a704a9006a94e2eca4dd8
locked,adult_income,mean_ensemble,synthetic_sensor_failure,primary,accuracy,higher_is_better,0.7805026617526617,0.0|0.05|0.1|0.2|0.4|0.6|0.8|1.0,8564edf4f833e7c05ddc8024fb59966ec48c99413d834b10246961c6fa22ead5
locked,adult_income,mean_ensemble,synthetic_sensor_failure,primary,f1,higher_is_better,0.17756934557293486,0.0|0.05|0.1|0.2|0.4|0.6|0.8|1.0,88eea5b40332ef0f64aa38f1f4292b552825e5d1da70a455ac9bce5dfb57a9df
locked,adult_income,mean_ensemble,synthetic_sensor_failure,primary,unsafe_acceptance_rate,lower_is_better,0.02347913862718708,0.0|0.05|0.1|0.2|0.4|0.6|0.8|1.0,c60608df009d7c4e3c86d850a24ef1c4b1601bf6b5c6405f20eef52408c803f8
locked,adult_income,mean_ensemble,synthetic_sensor_failure,primary,technical_failure_rate,lower_is_better,0.0,0.0|0.05|0.1|0.2|0.4|0.6|0.8|1.0,3da6511be6fc6b0d2c053fe83b5f676a39d2a1f8726f8e22cf94dc0c6293f116
locked,adult_income,mean_ensemble,synthetic_sensor_failure,primary,rejection_rate,context_dependent,0.9444256756756756,0.0|0.05|0.1|0.2|0.4|0.6|0.8|1.0,d0d0ba9e56895a98f5eda457bbe0b8916bd654fd15afdeb77e3fce8f5ccf9dcf
locked,adult_income,mean_ensemble,synthetic_sensor_failure,shadow,accuracy,higher_is_better,0.7805026617526617,0.0|0.05|0.1|0.2|0.4|0.6|0.8|1.0,18d2b3343f1d1279853711c54552bd9108f2b6e6ef9aa7fd6174f2e036ac6f6e
locked,adult_income,mean_ensemble,synthetic_sensor_failure,shadow,f1,higher_is_better,0.17756934557293486,0.0|0.05|0.1|0.2|0.4|0.6|0.8|1.0,ef95b07c50b74e98a9bfbec6f74fbacadaf7945642ef9d06ad9051f087a0f47d
locked,adult_income,mean_ensemble,synthetic_sensor_failure,shadow,unsafe_acceptance_rate,lower_is_better,0.02347913862718708,0.0|0.05|0.1|0.2|0.4|0.6|0.8|1.0,50dab21431ebfcaca8c48a043fee7bac545afd5ccabdd6e2ed38d21577273acd
locked,adult_income,mean_ensemble,synthetic_sensor_failure,shadow,technical_failure_rate,lower_is_better,0.0,0.0|0.05|0.1|0.2|0.4|0.6|0.8|1.0,4b76cff3b489dc0f26b9243000660a6a83a9be1da27e54f49c0044d40f716945
locked,adult_income,mean_ensemble,synthetic_sensor_failure,shadow,rejection_rate,context_dependent,0.9444256756756756,0.0|0.05|0.1|0.2|0.4|0.6|0.8|1.0,d2128a2fa6b2f80149f7301037033fa1b1a584815c4ed4a8af779a2dec6de58f
audit,adult_income,pure_mavs_gc,adversarial_confidence_inflation,audit,accuracy,higher_is_better,0.8433865683865684,0.0|0.05|0.1|0.2|0.4|0.6|0.8|1.0,782f9bfa301684a9a82d875bcb976b1f51bd8307f5a32d2ede4e9626202d92c1
audit,adult_income,pure_mavs_gc,adversarial_confidence_inflation,audit,f1,higher_is_better,0.6309939009157142,0.0|0.05|0.1|0.2|0.4|0.6|0.8|1.0,6c286a7b0607d18d5c7e1dd8b2d4b31b7cc09a93a310534fb71e10ba17289ae9
audit,adult_income,pure_mavs_gc,adversarial_confidence_inflation,audit,unsafe_acceptance_rate,lower_is_better,0.06737531395766055,0.0|0.05|0.1|0.2|0.4|0.6|0.8|1.0,1c3cd4b7710dd43dc9e1b1f40a71048c577994cdcac2ba827dd32d8284ee9b14
audit,adult_income,pure_mavs_gc,adversarial_confidence_inflation,audit,technical_failure_rate,lower_is_better,0.0,0.0|0.05|0.1|0.2|0.4|0.6|0.8|1.0,a4ce594a7fdde48e3479c748f79df5a1e207cd976144184c6bd0db426f19827c
audit,adult_income,pure_mavs_gc,adversarial_confidence_inflation,audit,rejection_rate,context_dependent,0.81493993993994,0.0|0.05|0.1|0.2|0.4|0.6|0.8|1.0,6d131533b2ed9eafb2b0d17d82e2fa4b5e689b5723086a6c789e8358e042c1ae
audit,adult_income,pure_mavs_gc,adversarial_confidence_inflation,shadow,accuracy,higher_is_better,0.8431971744471745,0.0|0.05|0.1|0.2|0.4|0.6|0.8|1.0,02c17eb5f361ab2bd861b31a28adc3917385630d2dba2c96f4b80a55fc764d07
audit,adult_income,pure_mavs_gc,adversarial_confidence_inflation,shadow,f1,higher_is_better,0.6303392782227982,0.0|0.05|0.1|0.2|0.4|0.6|0.8|1.0,67b775ebba179727bad062fbc6e74652d57337617dfb61a6928ff0a3c801f337
audit,adult_income,pure_mavs_gc,adversarial_confidence_inflation,shadow,unsafe_acceptance_rate,lower_is_better,0.06735737351991389,0.0|0.05|0.1|0.2|0.4|0.6|0.8|1.0,6e90d83482ab387a798470d161f35c71189e926ef32cae32ce11bad9200fd8a1
audit,adult_income,pure_mavs_gc,adversarial_confidence_inflation,shadow,technical_failure_rate,lower_is_better,0.0,0.0|0.05|0.1|0.2|0.4|0.6|0.8|1.0,41b434736e516c52a5fbe9334b36588cc9ec34a31f22f06e357bacb6a84d825e
audit,adult_income,pure_mavs_gc,adversarial_confidence_inflation,shadow,rejection_rate,context_dependent,0.8151566339066338,0.0|0.05|0.1|0.2|0.4|0.6|0.8|1.0,3213de454de18685ff452ba04e926902da7719aeb8a0ea297f42fdfac65d4385
locked,adult_income,pure_mavs_gc,adversarial_confidence_inflation,primary,accuracy,higher_is_better,0.8495785558285558,0.0|0.05|0.1|0.2|0.4|0.6|0.8|1.0,6e23ede14f62e7e6b6f0f785e3790971c1f3bf954be9b461b3ecfac042112a61
locked,adult_income,pure_mavs_gc,adversarial_confidence_inflation,primary,f1,higher_is_better,0.638610076999707,0.0|0.05|0.1|0.2|0.4|0.6|0.8|1.0,9560af7362a32e8814efa71f7ab4d9540fe0f479344ca8f33b6d59bd089bd45c
locked,adult_income,pure_mavs_gc,adversarial_confidence_inflation,primary,unsafe_acceptance_rate,lower_is_better,0.05768281740690892,0.0|0.05|0.1|0.2|0.4|0.6|0.8|1.0,6a267cf520a8a78eae3c38beabc64eb5324e156970c37557c52e32d9d438777b
locked,adult_income,pure_mavs_gc,adversarial_confidence_inflation,primary,technical_failure_rate,lower_is_better,0.0,0.0|0.05|0.1|0.2|0.4|0.6|0.8|1.0,362798781a391db6004cf72a9e458439e686ea9e16568c7eec7bd5c075e9ac52
locked,adult_income,pure_mavs_gc,adversarial_confidence_inflation,primary,rejection_rate,context_dependent,0.8233159295659296,0.0|0.05|0.1|0.2|0.4|0.6|0.8|1.0,8088c11419fb50a9a128393f94a7987d0d8fe02d2c1fc929369b5198cc15545d
locked,adult_income,pure_mavs_gc,adversarial_confidence_inflation,shadow,accuracy,higher_is_better,0.849843877968878,0.0|0.05|0.1|0.2|0.4|0.6|0.8|1.0,3b5a71886786f8363254bf656ad160a3553c6c88b05568f99fa83d7ed83c14d4
locked,adult_income,pure_mavs_gc,adversarial_confidence_inflation,shadow,f1,higher_is_better,0.6390150540390095,0.0|0.05|0.1|0.2|0.4|0.6|0.8|1.0,bb23755fccb901343addfcc4d98d1cf1790bfae296e7cd2f10fb5db45224d493
locked,adult_income,pure_mavs_gc,adversarial_confidence_inflation,shadow,unsafe_acceptance_rate,lower_is_better,0.05732503364737551,0.0|0.05|0.1|0.2|0.4|0.6|0.8|1.0,dd91036d5ffc6d94743eaca5270060fbb430d4fcaeacd61f3af4e62cf60fa9f6
locked,adult_income,pure_mavs_gc,adversarial_confidence_inflation,shadow,technical_failure_rate,lower_is_better,0.0,0.0|0.05|0.1|0.2|0.4|0.6|0.8|1.0,17c6a39f5ad59651870da056a87bb8c58fa43c69be5248cd0f589471f3ea6a56
locked,adult_income,pure_mavs_gc,adversarial_confidence_inflation,shadow,rejection_rate,context_dependent,0.8235949017199017,0.0|0.05|0.1|0.2|0.4|0.6|0.8|1.0,0f715e01646e8a496ff3c482eb9328829a9ac9a48e7a88e112ce767d18753834
audit,adult_income,pure_mavs_gc,confidence_distortion,audit,accuracy,higher_is_better,0.8477784602784602,0.0|0.05|0.1|0.2|0.4|0.6|0.8|1.0,04dfcc54e77a07001d63eae2d7606dc0ae1232a9b3e61ec78639df6463f09804
audit,adult_income,pure_mavs_gc,confidence_distortion,audit,f1,higher_is_better,0.601696779448453,0.0|0.05|0.1|0.2|0.4|0.6|0.8|1.0,9f6297edd1513127d747c43d399123cbe34ad519aeaacebf2b61de97d730a033
audit,adult_income,pure_mavs_gc,confidence_distortion,audit,unsafe_acceptance_rate,lower_is_better,0.03762109795479009,0.0|0.05|0.1|0.2|0.4|0.6|0.8|1.0,5f7dd4def12010b919fd2edaa40e6801dfec750ca760e28ed62d8c6bca7c3f2e
audit,adult_income,pure_mavs_gc,confidence_distortion,audit,technical_failure_rate,lower_is_better,0.0,0.0|0.05|0.1|0.2|0.4|0.6|0.8|1.0,65a7737324d8d1b5e05b25da90144684e07a2f32dddcf50dbfc2ade8b5607fb0
audit,adult_income,pure_mavs_gc,confidence_distortion,audit,rejection_rate,context_dependent,0.8558251433251433,0.0|0.05|0.1|0.2|0.4|0.6|0.8|1.0,cffdcc04414f50b9112f8723123cc515e3ad38a507ebf9395eb0f77669bda012
audit,adult_income,pure_mavs_gc,confidence_distortion,shadow,accuracy,higher_is_better,0.8477784602784602,0.0|0.05|0.1|0.2|0.4|0.6|0.8|1.0,5b3f2d5829640aa8da23eaeba46ab490488c39c62d8af77899969ef4885c6d1d
audit,adult_income,pure_mavs_gc,confidence_distortion,shadow,f1,higher_is_better,0.601696779448453,0.0|0.05|0.1|0.2|0.4|0.6|0.8|1.0,92a463f01b23b458991363acf5034517277bc012078ec6196f65ab7807929db9
audit,adult_income,pure_mavs_gc,confidence_distortion,shadow,unsafe_acceptance_rate,lower_is_better,0.03762109795479009,0.0|0.05|0.1|0.2|0.4|0.6|0.8|1.0,6a3186ae619e835e834a5e655e016fa99b8e54cd10c8788bd568c2eae3a7dd81
audit,adult_income,pure_mavs_gc,confidence_distortion,shadow,technical_failure_rate,lower_is_better,0.0,0.0|0.05|0.1|0.2|0.4|0.6|0.8|1.0,6776b439dd7eeb217e587f22e44c7f4549f548290c14cbd2881aae20b03dc0a7
audit,adult_income,pure_mavs_gc,confidence_distortion,shadow,rejection_rate,context_dependent,0.8558251433251433,0.0|0.05|0.1|0.2|0.4|0.6|0.8|1.0,80267e5cda5b1a12d54ed9b48d9189a5af558e4cd57954f5c42b5082dfaf388d
locked,adult_income,pure_mavs_gc,confidence_distortion,primary,accuracy,higher_is_better,0.8538493038493039,0.0|0.05|0.1|0.2|0.4|0.6|0.8|1.0,887e78c70941182ee43f63a62e5376e4a0673be4c5388089b1d55a11e78430ae
locked,adult_income,pure_mavs_gc,confidence_distortion,primary,f1,higher_is_better,0.6148328735758507,0.0|0.05|0.1|0.2|0.4|0.6|0.8|1.0,f0a630e2c14c4eb25f8b7977423afbd2230adde0fa160b4a8d78f3f53036baa1
locked,adult_income,pure_mavs_gc,confidence_distortion,primary,unsafe_acceptance_rate,lower_is_better,0.03176312247644684,0.0|0.05|0.1|0.2|0.4|0.6|0.8|1.0,59307b38b1a681e53398ec145fdab43ca7b28cdd880f25cd8a19fa01ac1e69a6
locked,adult_income,pure_mavs_gc,confidence_distortion,primary,technical_failure_rate,lower_is_better,0.0,0.0|0.05|0.1|0.2|0.4|0.6|0.8|1.0,308f7c594999a0363a2223f68db1819a35d9caaaa5cfe42e01eb5dd5300d294d
locked,adult_income,pure_mavs_gc,confidence_distortion,primary,rejection_rate,context_dependent,0.8584766584766585,0.0|0.05|0.1|0.2|0.4|0.6|0.8|1.0,99598b90962e3ef2548718b8ed44341ecaed189fe4020f6f9e39006b4431f9ac
locked,adult_income,pure_mavs_gc,confidence_distortion,shadow,accuracy,higher_is_better,0.8538493038493039,0.0|0.05|0.1|0.2|0.4|0.6|0.8|1.0,2c408220ccd22abd0dcfcf0b8ae28767f0f08b71faa24e9b8e889334c3d8537d
locked,adult_income,pure_mavs_gc,confidence_distortion,shadow,f1,higher_is_better,0.6148328735758507,0.0|0.05|0.1|0.2|0.4|0.6|0.8|1.0,d389ea5b0468aa1d193017022ce953223ab232675c78953a74f4a2bc7984a651
locked,adult_income,pure_mavs_gc,confidence_distortion,shadow,unsafe_acceptance_rate,lower_is_better,0.03176312247644684,0.0|0.05|0.1|0.2|0.4|0.6|0.8|1.0,739c43379cb980525fa38bb533bf8d843a23d6172c8872700f121778a09671f3
locked,adult_income,pure_mavs_gc,confidence_distortion,shadow,technical_failure_rate,lower_is_better,0.0,0.0|0.05|0.1|0.2|0.4|0.6|0.8|1.0,0cdca2f08e5e40980c621739b77e45771fd18b2e050854d3f658b51cab064e1a
locked,adult_income,pure_mavs_gc,confidence_distortion,shadow,rejection_rate,context_dependent,0.8584766584766585,0.0|0.05|0.1|0.2|0.4|0.6|0.8|1.0,30620be14412d8aa7ccdf88ac2181d55d717bae173347641174b4757b4b54bec
audit,adult_income,pure_mavs_gc,distribution_shift,audit,accuracy,higher_is_better,0.8659317156521686,0.0|0.05|0.1|0.2|0.4|0.6|0.8|1.0,0a55fc3195fb4d5232a6b84ef834daa0d8c3f151620060c5d00b23443bde30c2
audit,adult_income,pure_mavs_gc,distribution_shift,audit,f1,higher_is_better,0.7202359988781979,0.0|0.05|0.1|0.2|0.4|0.6|0.8|1.0,f2d9794cec68d8aa4044d357f4b157d0a0d63f7f4802ca01a18717358844f4a4
audit,adult_income,pure_mavs_gc,distribution_shift,audit,unsafe_acceptance_rate,lower_is_better,0.05549049883957806,0.0|0.05|0.1|0.2|0.4|0.6|0.8|1.0,bea09b1f4e23af27b7a25f901a1f8f5d6c8d91286521087b0685bbfd2a614de0
audit,adult_income,pure_mavs_gc,distribution_shift,audit,technical_failure_rate,lower_is_better,0.0,0.0|0.05|0.1|0.2|0.4|0.6|0.8|1.0,3aee8226c93a34fbd7efb0c8a08717ca8bc65c4b05340c360e432db3fdceeb36
audit,adult_income,pure_mavs_gc,distribution_shift,audit,rejection_rate,context_dependent,0.7833641540699184,0.0|0.05|0.1|0.2|0.4|0.6|0.8|1.0,a1a1a3993f1f6c3b09675cc641654566ec125624eed2bb7462fc3199bedf9e9d
audit,adult_income,pure_mavs_gc,distribution_shift,shadow,accuracy,higher_is_better,0.8659317156521686,0.0|0.05|0.1|0.2|0.4|0.6|0.8|1.0,9ecb0a423403deb78f370696559c3f3839536cf9f92e2bf44976bfd62af710c1
audit,adult_income,pure_mavs_gc,distribution_shift,shadow,f1,higher_is_better,0.7202359988781979,0.0|0.05|0.1|0.2|0.4|0.6|0.8|1.0,a8a8b68a0c5380761c26fd0f9c3dc305dc618bfa8013d5b3ebdd9028e31b6460
audit,adult_income,pure_mavs_gc,distribution_shift,shadow,unsafe_acceptance_rate,lower_is_better,0.05549049883957806,0.0|0.05|0.1|0.2|0.4|0.6|0.8|1.0,9104b532ad84b51ec69e79a75efeeace95a978e92129599cdae455ff9f537180
audit,adult_income,pure_mavs_gc,distribution_shift,shadow,technical_failure_rate,lower_is_better,0.0,0.0|0.05|0.1|0.2|0.4|0.6|0.8|1.0,dd56dd037ec102935bfd211888caa67028c49164b19a12c77ecc939ccc6a6f81
audit,adult_income,pure_mavs_gc,distribution_shift,shadow,rejection_rate,context_dependent,0.7833641540699184,0.0|0.05|0.1|0.2|0.4|0.6|0.8|1.0,f160adacd551aabec92e88357323af14b49d89ab2109001d77c87034b4223f9a
locked,adult_income,pure_mavs_gc,distribution_shift,primary,accuracy,higher_is_better,0.8698657865990095,0.0|0.05|0.1|0.2|0.4|0.6|0.8|1.0,c9980d81f47fc2fc71c4d3d7d8c0e2a8aba66574e3669728daed04a7a8b88cab
locked,adult_income,pure_mavs_gc,distribution_shift,primary,f1,higher_is_better,0.7267549969824642,0.0|0.05|0.1|0.2|0.4|0.6|0.8|1.0,3415be28a6a7da0f34a6d2526527e561ac703a07f3ee6eb527fc6d2683647e0c
locked,adult_income,pure_mavs_gc,distribution_shift,primary,unsafe_acceptance_rate,lower_is_better,0.05141630802119037,0.0|0.05|0.1|0.2|0.4|0.6|0.8|1.0,da85cf4f141356f9bb454ce07d3aa9eecb06882f05545c805e6caaece7b2cb9e
locked,adult_income,pure_mavs_gc,distribution_shift,primary,technical_failure_rate,lower_is_better,0.0,0.0|0.05|0.1|0.2|0.4|0.6|0.8|1.0,eb768dbfc2a2532c1e50d1f36d11aeb9ee1e06084f5c04d51fa3f6d9bb75cf17
locked,adult_income,pure_mavs_gc,distribution_shift,primary,rejection_rate,context_dependent,0.7858512012769077,0.0|0.05|0.1|0.2|0.4|0.6|0.8|1.0,349b6c87b55fa2eefacf91f5ba18aa5ad85d18584ad2ddbe83cdc7bb1477c5fb
locked,adult_income,pure_mavs_gc,distribution_shift,shadow,accuracy,higher_is_better,0.8698657865990095,0.0|0.05|0.1|0.2|0.4|0.6|0.8|1.0,e27614e007728180f716d2fb53c93ef03db596fa9898721a780bdbc22319be59
locked,adult_income,pure_mavs_gc,distribution_shift,shadow,f1,higher_is_better,0.7267549969824642,0.0|0.05|0.1|0.2|0.4|0.6|0.8|1.0,67a671f34e458c0aab4c9afb2256eb56a4a7fe91dd821a6d3b02c098e7592072
locked,adult_income,pure_mavs_gc,distribution_shift,shadow,unsafe_acceptance_rate,lower_is_better,0.05141630802119037,0.0|0.05|0.1|0.2|0.4|0.6|0.8|1.0,6a6588603f19cc279580ff7e7f7fe339a82a966f471b493c8d10f06e7433bea4
locked,adult_income,pure_mavs_gc,distribution_shift,shadow,technical_failure_rate,lower_is_better,0.0,0.0|0.05|0.1|0.2|0.4|0.6|0.8|1.0,4aa8cd76bb5e0f908489526134d68646f41f580ed3f78cfc06da2d0a9b37f2d9
locked,adult_income,pure_mavs_gc,distribution_shift,shadow,rejection_rate,context_dependent,0.7858512012769077,0.0|0.05|0.1|0.2|0.4|0.6|0.8|1.0,2066921b096f87ce92288c9d05da2770d17a7a5097697bc1b5faa014804b3323
audit,adult_income,pure_mavs_gc,feature_noise,audit,accuracy,higher_is_better,0.836923286923287,0.0|0.05|0.1|0.2|0.4|0.6|0.8|1.0,e9ad0c7520382a2b4c1094aa81274c6de1df6bf0c5b8227458e4994a38ce4cdc
audit,adult_income,pure_mavs_gc,feature_noise,audit,f1,higher_is_better,0.568248999272386,0.0|0.05|0.1|0.2|0.4|0.6|0.8|1.0,8b9f0d77dc9fe1c8e1e80decb1ebf96ad0d0f0484e55d9c3b8e128d80dfafbb3
audit,adult_income,pure_mavs_gc,feature_noise,audit,unsafe_acceptance_rate,lower_is_better,0.04364459992823825,0.0|0.05|0.1|0.2|0.4|0.6|0.8|1.0,56cd67162fe1d390e6b2f8ba3ba2687a7982baa8816c922a08ac3a19e4123b23
audit,adult_income,pure_mavs_gc,feature_noise,audit,technical_failure_rate,lower_is_better,0.0,0.0|0.05|0.1|0.2|0.4|0.6|0.8|1.0,a2d11a9a45974d75dc88aa982f2d3a803f2680726ef1f633f91935fea0ee3058
audit,adult_income,pure_mavs_gc,feature_noise,audit,rejection_rate,context_dependent,0.8575143325143324,0.0|0.05|0.1|0.2|0.4|0.6|0.8|1.0,912e7d945b351cdae88f8111ec11722d22ebf2499d2d0ab91f3c591397c66957
audit,adult_income,pure_mavs_gc,feature_noise,shadow,accuracy,higher_is_better,0.8369471744471744,0.0|0.05|0.1|0.2|0.4|0.6|0.8|1.0,6826f24208a0764094f06e04bab7412c9cce588c0a59dbfea42dae1445d798bb
audit,adult_income,pure_mavs_gc,feature_noise,shadow,f1,higher_is_better,0.5703914532036924,0.0|0.05|0.1|0.2|0.4|0.6|0.8|1.0,b5186d101276740f73330f949dcd1532b8f8de485caadb561add707cb49a3902
audit,adult_income,pure_mavs_gc,feature_noise,shadow,unsafe_acceptance_rate,lower_is_better,0.04453713670613563,0.0|0.05|0.1|0.2|0.4|0.6|0.8|1.0,5cf82d0e6532696681e68ae9a5ed704718e14392d4ebe69ab0afdeffb4e4d366
audit,adult_income,pure_mavs_gc,feature_noise,shadow,technical_failure_rate,lower_is_better,0.0,0.0|0.05|0.1|0.2|0.4|0.6|0.8|1.0,11a597eed48f9e431c1bb274128440713617694c5dbc44cc7ffc0d311539d8cc
audit,adult_income,pure_mavs_gc,feature_noise,shadow,rejection_rate,context_dependent,0.8561322686322687,0.0|0.05|0.1|0.2|0.4|0.6|0.8|1.0,1bcaad247dbf178ec8b504ac12efbb1c9cf21ca410c60588459ba0403fea1931
locked,adult_income,pure_mavs_gc,feature_noise,primary,accuracy,higher_is_better,0.8467495904995904,0.0|0.05|0.1|0.2|0.4|0.6|0.8|1.0,ead7de44609aa59f7e190d048c5f6b7521fab5f159185d207c204b9f6c1b4257
locked,adult_income,pure_mavs_gc,feature_noise,primary,f1,higher_is_better,0.5999766880059303,0.0|0.05|0.1|0.2|0.4|0.6|0.8|1.0,fbeb6dfcc26d96fb29d2169f1c39c3b897792ee78e65052ec8a6921c9fcd04c9
locked,adult_income,pure_mavs_gc,feature_noise,primary,unsafe_acceptance_rate,lower_is_better,0.039656796769851954,0.0|0.05|0.1|0.2|0.4|0.6|0.8|1.0,3959119796f590f6eeaf444f73252b281dc56704fbaa656473845e5ebe43507a
locked,adult_income,pure_mavs_gc,feature_noise,primary,technical_failure_rate,lower_is_better,0.0,0.0|0.05|0.1|0.2|0.4|0.6|0.8|1.0,95312fefac92fb8a89b4e721b0ef99b95153635d9d39a6f1f35d7786604d8fad
locked,adult_income,pure_mavs_gc,feature_noise,primary,rejection_rate,context_dependent,0.8535677723177724,0.0|0.05|0.1|0.2|0.4|0.6|0.8|1.0,f4a9c4ee88d40a524d4a8e7b2fbc16ca3c14f3bce17e5eb03cc5a769eec34d5a
locked,adult_income,pure_mavs_gc,feature_noise,shadow,accuracy,higher_is_better,0.8452933046683047,0.0|0.05|0.1|0.2|0.4|0.6|0.8|1.0,b9c1844782acdf340c44fb62d3fece721c8b893a25268123cea849469d4f64d4
locked,adult_income,pure_mavs_gc,feature_noise,shadow,f1,higher_is_better,0.5957466285891796,0.0|0.05|0.1|0.2|0.4|0.6|0.8|1.0,21ad8c95b6a619a5373ac200a904423871807a43ad3b6956c11d1d18e106b721
locked,adult_income,pure_mavs_gc,feature_noise,shadow,unsafe_acceptance_rate,lower_is_better,0.040383580080753705,0.0|0.05|0.1|0.2|0.4|0.6|0.8|1.0,b4daf716770acacc9ed53b43163aa2bc32e1c2594946cd9a0be542e99dd5ef45
locked,adult_income,pure_mavs_gc,feature_noise,shadow,technical_failure_rate,lower_is_better,0.0,0.0|0.05|0.1|0.2|0.4|0.6|0.8|1.0,917ece900178a8191816a8a006b92942a3ab5be98c7a9456ce62346406a71f3c
locked,adult_income,pure_mavs_gc,feature_noise,shadow,rejection_rate,context_dependent,0.8539184070434069,0.0|0.05|0.1|0.2|0.4|0.6|0.8|1.0,020d733fb877f402cfa8ffe9c1d3195949bbc9a91c1116c6890b0cf401bd065c
audit,adult_income,pure_mavs_gc,label_noise,audit,accuracy,higher_is_better,0.8533988533988535,0.0|0.05|0.1|0.2|0.4|0.6|0.8|1.0,763093d76b9dfdbba251a1d97755c5a141cee5c157754e1a6ec844e43abf4757
audit,adult_income,pure_mavs_gc,label_noise,audit,f1,higher_is_better,0.6483300589390963,0.0|0.05|0.1|0.2|0.4|0.6|0.8|1.0,ee5871bb3c7bf826ef4333c6344c60b6f0aa5424cfa8066a323014835618fa03
audit,adult_income,pure_mavs_gc,label_noise,audit,unsafe_acceptance_rate,lower_is_better,0.05597416576964478,0.0|0.05|0.1|0.2|0.4|0.6|0.8|1.0,4c8ac562047a36e00793898e2a62b7d4898a3bfbc6323a312aec6737ce92f7ce
audit,adult_income,pure_mavs_gc,label_noise,audit,technical_failure_rate,lower_is_better,0.0,0.0|0.05|0.1|0.2|0.4|0.6|0.8|1.0,97cd80cdc33609fa28c4cb8fab73aa05f634882da824893d2907e2f7d0f4a8ac
audit,adult_income,pure_mavs_gc,label_noise,audit,rejection_rate,context_dependent,0.8222768222768223,0.0|0.05|0.1|0.2|0.4|0.6|0.8|1.0,2dd61e3dd06a6b118687a53d401a17198545a7bc764071eb5d0e05ecfa41bf3e
audit,adult_income,pure_mavs_gc,label_noise,shadow,accuracy,higher_is_better,0.8533988533988535,0.0|0.05|0.1|0.2|0.4|0.6|0.8|1.0,a61dbc8d1fef34edb00e4f2ddb4c816fc98f417e1abf96ed9331f673ea4c020c
audit,adult_income,pure_mavs_gc,label_noise,shadow,f1,higher_is_better,0.6483300589390963,0.0|0.05|0.1|0.2|0.4|0.6|0.8|1.0,92997ebde88e0078ca1e629d82fa601bcb2991c87faf1d1510ef5e177cd7e9fd
audit,adult_income,pure_mavs_gc,label_noise,shadow,unsafe_acceptance_rate,lower_is_better,0.05597416576964478,0.0|0.05|0.1|0.2|0.4|0.6|0.8|1.0,d86b86b3a7663534f5480eade07750d814372c562b7d2ec11761de1c7ce829cf
audit,adult_income,pure_mavs_gc,label_noise,shadow,technical_failure_rate,lower_is_better,0.0,0.0|0.05|0.1|0.2|0.4|0.6|0.8|1.0,c4e657fc24a68bc02935f35ff445445574de1d8dbec9acd269c09dda402703f9
audit,adult_income,pure_mavs_gc,label_noise,shadow,rejection_rate,context_dependent,0.8222768222768223,0.0|0.05|0.1|0.2|0.4|0.6|0.8|1.0,60618f6a93036fa1b2fe68c01091e15932a9b1331b982dad1e102cf3da79b378
locked,adult_income,pure_mavs_gc,label_noise,primary,accuracy,higher_is_better,0.8607698607698607,0.0|0.05|0.1|0.2|0.4|0.6|0.8|1.0,163c6e4e0bbeed389cbda6fcaf6f29b82b748b84b634a06ffc76ad783d0663ac
locked,adult_income,pure_mavs_gc,label_noise,primary,f1,higher_is_better,0.6593186372745491,0.0|0.05|0.1|0.2|0.4|0.6|0.8|1.0,6b08ce066a42c97c3d0d3ef1f73542ad29ac108697c445c3181d32e85de74b26
locked,adult_income,pure_mavs_gc,label_noise,primary,unsafe_acceptance_rate,lower_is_better,0.045491251682368776,0.0|0.05|0.1|0.2|0.4|0.6|0.8|1.0,2986eb2d47533b5b6841e06f85a88ad43e70c6fc678fdc4d9883711fb30871fc
locked,adult_income,pure_mavs_gc,label_noise,primary,technical_failure_rate,lower_is_better,0.0,0.0|0.05|0.1|0.2|0.4|0.6|0.8|1.0,812f6d207f4dc3a81f6011f8b2a6aa6f55f701a8047712efac8ed5d998e7bae2
locked,adult_income,pure_mavs_gc,label_noise,primary,rejection_rate,context_dependent,0.8306715806715806,0.0|0.05|0.1|0.2|0.4|0.6|0.8|1.0,873097b1a8e18fada54b7f6885972bdaeda4f63964514f82917c1326be7ec261
locked,adult_income,pure_mavs_gc,label_noise,shadow,accuracy,higher_is_better,0.8607698607698607,0.0|0.05|0.1|0.2|0.4|0.6|0.8|1.0,2480027f51ae1960053e644fb892fc0e5d6ec439777165121c12aa22b2a950ca
locked,adult_income,pure_mavs_gc,label_noise,shadow,f1,higher_is_better,0.6593186372745491,0.0|0.05|0.1|0.2|0.4|0.6|0.8|1.0,a84bba79c69b6b6b979757b8a21bf6827b09e9ce1c5747b525a8aa55927b9e20
locked,adult_income,pure_mavs_gc,label_noise,shadow,unsafe_acceptance_rate,lower_is_better,0.045491251682368776,0.0|0.05|0.1|0.2|0.4|0.6|0.8|1.0,1bb036511a23b6c3004c788adec3ff4b6af9555fd97d4dcca71c8ded16cbdc12
locked,adult_income,pure_mavs_gc,label_noise,shadow,technical_failure_rate,lower_is_better,0.0,0.0|0.05|0.1|0.2|0.4|0.6|0.8|1.0,bf4c2ef00fdcff6ad66e22f1de2a1eb2d80771fbcde483ecf86a2c2fe3c0ed3e
locked,adult_income,pure_mavs_gc,label_noise,shadow,rejection_rate,context_dependent,0.8306715806715806,0.0|0.05|0.1|0.2|0.4|0.6|0.8|1.0,1f7112626533e3bc7c47256587beef01c74f3a2d75f29cab51a54ff2150dc519
audit,adult_income,pure_mavs_gc,missing_features,audit,accuracy,higher_is_better,0.7991639366639367,0.0|0.05|0.1|0.2|0.4|0.6|0.8|1.0,bb24556775e723803af0c2c8d2162aecead23d78dec7ae5338d730e05b193aee
audit,adult_income,pure_mavs_gc,missing_features,audit,f1,higher_is_better,0.30318079669333164,0.0|0.05|0.1|0.2|0.4|0.6|0.8|1.0,db9901769b67af0b512ac6b3288100d75c83d4b91373a564f8d3cea175ddb83b
audit,adult_income,pure_mavs_gc,missing_features,audit,unsafe_acceptance_rate,lower_is_better,0.01761302475780409,0.0|0.05|0.1|0.2|0.4|0.6|0.8|1.0,90c9cfa024a577e77dcea00db1bc16c628b8545afcb0e3d5111f8581bcc865e9
audit,adult_income,pure_mavs_gc,missing_features,audit,technical_failure_rate,lower_is_better,0.0,0.0|0.05|0.1|0.2|0.4|0.6|0.8|1.0,5fa465a3bfd552ba78d7969f0109beae6b8b627aa2128352f2abe54a9936fd87
audit,adult_income,pure_mavs_gc,missing_features,audit,rejection_rate,context_dependent,0.9348860223860224,0.0|0.05|0.1|0.2|0.4|0.6|0.8|1.0,678a0a5a9c9a522b7350d424011edec1238d2c11a8bf3b7ab1c6654fca4bc873
audit,adult_income,pure_mavs_gc,missing_features,shadow,accuracy,higher_is_better,0.8005374692874693,0.0|0.05|0.1|0.2|0.4|0.6|0.8|1.0,334d6386c81c7d79c8cebe390e0b0a95c4079372001beba11587d832dae23462
audit,adult_income,pure_mavs_gc,missing_features,shadow,f1,higher_is_better,0.30934450242515676,0.0|0.05|0.1|0.2|0.4|0.6|0.8|1.0,79cf8a762edc2df28f0aa4469890fb20046ac0083dc209fa72ab1037bc14af5a
audit,adult_income,pure_mavs_gc,missing_features,shadow,unsafe_acceptance_rate,lower_is_better,0.01720936490850377,0.0|0.05|0.1|0.2|0.4|0.6|0.8|1.0,82286f7632141f77a3c06fc770cb995c086a3c62684fbc5f671e452480ee395f
audit,adult_income,pure_mavs_gc,missing_features,shadow,technical_failure_rate,lower_is_better,0.0,0.0|0.05|0.1|0.2|0.4|0.6|0.8|1.0,c5acef5c8269b56744fcb8cbe623b126307a188c076c48927652ddfef88eff81
audit,adult_income,pure_mavs_gc,missing_features,shadow,rejection_rate,context_dependent,0.9341267403767404,0.0|0.05|0.1|0.2|0.4|0.6|0.8|1.0,e3365fc58ed6a966428ebfe885371eea3793160e291fd6807bc002d59e56a77e
locked,adult_income,pure_mavs_gc,missing_features,primary,accuracy,higher_is_better,0.8020713895713896,0.0|0.05|0.1|0.2|0.4|0.6|0.8|1.0,c9b7253a2562997f5170f35c77f96c6442e3a8c6c5ec36eabbeca286cb990107
locked,adult_income,pure_mavs_gc,missing_features,primary,f1,higher_is_better,0.31139926354251374,0.0|0.05|0.1|0.2|0.4|0.6|0.8|1.0,4c6293730049dda400bcd10847084e629f9ba0ca57a72ac463c29ad7e3b3b9f9
locked,adult_income,pure_mavs_gc,missing_features,primary,unsafe_acceptance_rate,lower_is_better,0.015287124270973533,0.0|0.05|0.1|0.2|0.4|0.6|0.8|1.0,4774fa3e2b1abeea879915d667e8fd67d8d47eca561950944dcc912eb0c47d46
locked,adult_income,pure_mavs_gc,missing_features,primary,technical_failure_rate,lower_is_better,0.0,0.0|0.05|0.1|0.2|0.4|0.6|0.8|1.0,9db5e3a9a6272508a5dfeb732ed8aa8581e06190875bfb53715e4f46aa7cc532
locked,adult_income,pure_mavs_gc,missing_features,primary,rejection_rate,context_dependent,0.9353194103194103,0.0|0.05|0.1|0.2|0.4|0.6|0.8|1.0,46f96f04956451e88248c19ef84cdb6cb90aeeb06810efabe4c35353e3c30f09
locked,adult_income,pure_mavs_gc,missing_features,shadow,accuracy,higher_is_better,0.8018248361998361,0.0|0.05|0.1|0.2|0.4|0.6|0.8|1.0,2498f3b77a8c22c0d92b39fea11404b04a639c639fdc9756b3a14a612515ba2f
locked,adult_income,pure_mavs_gc,missing_features,shadow,f1,higher_is_better,0.30994043182580505,0.0|0.05|0.1|0.2|0.4|0.6|0.8|1.0,1afe4816e3c92c368761d93cd84a46c0fdd89a3503398eda325594f6584e2fcd
locked,adult_income,pure_mavs_gc,missing_features,shadow,unsafe_acceptance_rate,lower_is_better,0.015333109017496635,0.0|0.05|0.1|0.2|0.4|0.6|0.8|1.0,ce692652b5a98adbdf5d32b74722664c38bfc40dc4a75abd90118f1317304d8c
locked,adult_income,pure_mavs_gc,missing_features,shadow,technical_failure_rate,lower_is_better,0.0,0.0|0.05|0.1|0.2|0.4|0.6|0.8|1.0,9c83d4e71b3d6414b26aaada2df03b783862404283d6f34bf8d9bc0c09a9b129
locked,adult_income,pure_mavs_gc,missing_features,shadow,rejection_rate,context_dependent,0.9354960073710075,0.0|0.05|0.1|0.2|0.4|0.6|0.8|1.0,21b3101f3c9d7255a8548bbe633ea3059703f97d824ca81e7e01ef0f49bf331a
audit,adult_income,pure_mavs_gc,random_feature_deletion,audit,accuracy,higher_is_better,0.8089134589134589,0.0|0.05|0.1|0.2|0.4|0.6|0.8|1.0,9267fe6228b6f6003cb305fe89789d38c851f604e239a8841b543f8849e6dd85
audit,adult_income,pure_mavs_gc,random_feature_deletion,audit,f1,higher_is_better,0.3485445852061889,0.0|0.05|0.1|0.2|0.4|0.6|0.8|1.0,a61fd73689ee8e6dd966cd15417ef8f172011c960b8d011b6ea5db8dfa3e7883
audit,adult_income,pure_mavs_gc,random_feature_deletion,audit,unsafe_acceptance_rate,lower_is_better,0.02165410836024399,0.0|0.05|0.1|0.2|0.4|0.6|0.8|1.0,07a08179305bfdbae6488bfa2712a2891f568db4a0ecd9620b0e52c4eb21be7e
audit,adult_income,pure_mavs_gc,random_feature_deletion,audit,technical_failure_rate,lower_is_better,0.0,0.0|0.05|0.1|0.2|0.4|0.6|0.8|1.0,c8e4f5a48609079931200c3e2d164307833fee28c9f6c3550126661e11ec40c9
audit,adult_income,pure_mavs_gc,random_feature_deletion,audit,rejection_rate,context_dependent,0.9189871689871689,0.0|0.05|0.1|0.2|0.4|0.6|0.8|1.0,d16b704efa6bf696c2c57c69ce09cd8f045e102fcc54c3c45ec82ec6482621dc
audit,adult_income,pure_mavs_gc,random_feature_deletion,shadow,accuracy,higher_is_better,0.797051597051597,0.0|0.05|0.1|0.2|0.4|0.6|0.8|1.0,35e2961a7b36f5651e6768cdd1127073c7d39f971312b102325a363d8ac6fb13
audit,adult_income,pure_mavs_gc,random_feature_deletion,shadow,f1,higher_is_better,0.2726130328704015,0.0|0.05|0.1|0.2|0.4|0.6|0.8|1.0,1bb1f71ffe9ea455983ec28ca5416c9d28f6d1c2d42b217927ee557963a8f7d7
audit,adult_income,pure_mavs_gc,random_feature_deletion,shadow,unsafe_acceptance_rate,lower_is_better,0.016415500538213133,0.0|0.05|0.1|0.2|0.4|0.6|0.8|1.0,123e12a88cd395a098205175c92cf5a14512034a03d17e91f6750a4f59d9584a
audit,adult_income,pure_mavs_gc,random_feature_deletion,shadow,technical_failure_rate,lower_is_better,0.0,0.0|0.05|0.1|0.2|0.4|0.6|0.8|1.0,b4f19eada5f3a91d086c05c47e68dcf5e991f8285f0b85b3ed853215e5a90c16
audit,adult_income,pure_mavs_gc,random_feature_deletion,shadow,rejection_rate,context_dependent,0.9388206388206388,0.0|0.05|0.1|0.2|0.4|0.6|0.8|1.0,4b1be920677b640efb43cd8726d38f06025ca911a4448ca14f8a6141bfd24b1b
locked,adult_income,pure_mavs_gc,random_feature_deletion,primary,accuracy,higher_is_better,0.8037998225498225,0.0|0.05|0.1|0.2|0.4|0.6|0.8|1.0,5d75a1ec2d26aa9976ef1e9a659f651f552f43e9cb514287dc61b807ea836ed3
locked,adult_income,pure_mavs_gc,random_feature_deletion,primary,f1,higher_is_better,0.3015958900588321,0.0|0.05|0.1|0.2|0.4|0.6|0.8|1.0,b8db7c91b50f98471ddef35ca4397fe6627e2faa26c55ab8653fdbad44207993
locked,adult_income,pure_mavs_gc,random_feature_deletion,primary,unsafe_acceptance_rate,lower_is_better,0.01763795423956931,0.0|0.05|0.1|0.2|0.4|0.6|0.8|1.0,cbbf7fd907f0cb084023db76138fc0d78acb35fdbcd37ec23d557c8f55efb550
locked,adult_income,pure_mavs_gc,random_feature_deletion,primary,technical_failure_rate,lower_is_better,0.0,0.0|0.05|0.1|0.2|0.4|0.6|0.8|1.0,4e9edbcd8de6753dc4068d486c4ea5c6ea94bb9eb97f7dae287363087be2e9da
locked,adult_income,pure_mavs_gc,random_feature_deletion,primary,rejection_rate,context_dependent,0.9300146737646737,0.0|0.05|0.1|0.2|0.4|0.6|0.8|1.0,a60b208af935f5fb68419468c222fd365a624ffd835f8732c2a83f526c62b46e
locked,adult_income,pure_mavs_gc,random_feature_deletion,shadow,accuracy,higher_is_better,0.8020577395577395,0.0|0.05|0.1|0.2|0.4|0.6|0.8|1.0,67830f15edd532bce16768971ff176dd571335e30575a8518e5cc454cbf8b678
locked,adult_income,pure_mavs_gc,random_feature_deletion,shadow,f1,higher_is_better,0.3044613819201429,0.0|0.05|0.1|0.2|0.4|0.6|0.8|1.0,b904ef58b01ce41189006cc5d50f0288e7412af2c66084f61b39e0d0abc5b463
locked,adult_income,pure_mavs_gc,random_feature_deletion,shadow,unsafe_acceptance_rate,lower_is_better,0.019061238223418573,0.0|0.05|0.1|0.2|0.4|0.6|0.8|1.0,c333a52e8f58e0e3665727d167b5cd11aee5d3fdf1ea6bc2e32bac577c9862a3
locked,adult_income,pure_mavs_gc,random_feature_deletion,shadow,technical_failure_rate,lower_is_better,0.0,0.0|0.05|0.1|0.2|0.4|0.6|0.8|1.0,1366a508522886106e8a878a8d4d80d5c49788495018b3c52df651951e964dc0
locked,adult_income,pure_mavs_gc,random_feature_deletion,shadow,rejection_rate,context_dependent,0.9295915233415233,0.0|0.05|0.1|0.2|0.4|0.6|0.8|1.0,828483df1f821332a23af6727d1c58923bfb71f6e49cc6f81209eff1e5c9fcbf
audit,adult_income,pure_mavs_gc,specialist_failure,audit,accuracy,higher_is_better,0.821048321048321,0.0|0.05|0.1|0.2|0.4|0.6|0.8|1.0,db097aaec6ed03759664fa9470765aa758bbac745136e71ae85d62aca151ab1b
audit,adult_income,pure_mavs_gc,specialist_failure,audit,f1,higher_is_better,0.4188701294569867,0.0|0.05|0.1|0.2|0.4|0.6|0.8|1.0,973328ae863fcc029e5df81d029499f0d680d07196e0ff8e3c73de8c3524d83c
audit,adult_income,pure_mavs_gc,specialist_failure,audit,unsafe_acceptance_rate,lower_is_better,0.02670882669537137,0.0|0.05|0.1|0.2|0.4|0.6|0.8|1.0,5f00eee8365b6aba358322483050a4eb34cf54f86e81d9c84ef16d05c764fadd
audit,adult_income,pure_mavs_gc,specialist_failure,audit,technical_failure_rate,lower_is_better,0.0,0.0|0.05|0.1|0.2|0.4|0.6|0.8|1.0,5f9216cbf2d1d177e7967b7d36acbcdff74baea097e92ae2df5523a0a7f38a05
audit,adult_income,pure_mavs_gc,specialist_failure,audit,rejection_rate,context_dependent,0.8991605241605242,0.0|0.05|0.1|0.2|0.4|0.6|0.8|1.0,36403086da5be685d82fb6e82250d5bfa1433d869bca9668b0b54a5f98b367c2
audit,adult_income,pure_mavs_gc,specialist_failure,shadow,accuracy,higher_is_better,0.821048321048321,0.0|0.05|0.1|0.2|0.4|0.6|0.8|1.0,ed3cda3e957a3698a649d0f986d39ef65353dbdcad028c45f99a05fbcccc72a3
audit,adult_income,pure_mavs_gc,specialist_failure,shadow,f1,higher_is_better,0.4188701294569867,0.0|0.05|0.1|0.2|0.4|0.6|0.8|1.0,42de7666ff9added8d4a403438414ec20ea17a24a8c76db4083b70704ad25c20
audit,adult_income,pure_mavs_gc,specialist_failure,shadow,unsafe_acceptance_rate,lower_is_better,0.02670882669537137,0.0|0.05|0.1|0.2|0.4|0.6|0.8|1.0,4b7abcbc7d8fab4d27bbd98151e3dba8a24bf912993fd3328d9f4fe1cfeb320a
audit,adult_income,pure_mavs_gc,specialist_failure,shadow,technical_failure_rate,lower_is_better,0.0,0.0|0.05|0.1|0.2|0.4|0.6|0.8|1.0,93934a5d0d6b4f610fe1901157ca700a3f99df84cf091c71b0979f88c12e1e6f
audit,adult_income,pure_mavs_gc,specialist_failure,shadow,rejection_rate,context_dependent,0.8991605241605242,0.0|0.05|0.1|0.2|0.4|0.6|0.8|1.0,f6fbcf5c887222246565711227b119c24923d70bfda40b918aed4c72fd0ccc43
locked,adult_income,pure_mavs_gc,specialist_failure,primary,accuracy,higher_is_better,0.8252661752661753,0.0|0.05|0.1|0.2|0.4|0.6|0.8|1.0,a6eb1c971e206a6acfa72d2297b0d27632934cc05551c11b79fdb53e1ad1260c
locked,adult_income,pure_mavs_gc,specialist_failure,primary,f1,higher_is_better,0.42888423887105054,0.0|0.05|0.1|0.2|0.4|0.6|0.8|1.0,44e41dded14bc95b7de8a3680fd340a45429b91c078c40d559fc4e363af3d567
locked,adult_income,pure_mavs_gc,specialist_failure,primary,unsafe_acceptance_rate,lower_is_better,0.022799461641991925,0.0|0.05|0.1|0.2|0.4|0.6|0.8|1.0,7f196e727ab5e43c1d75e8ac32119691d0866607c17243f08ed05e24500ff85e
locked,adult_income,pure_mavs_gc,specialist_failure,primary,technical_failure_rate,lower_is_better,0.0,0.0|0.05|0.1|0.2|0.4|0.6|0.8|1.0,2e1e9b4e9b6ff4ee7ab30984326b377d80750ea829d8160847a44bf0709cab01
locked,adult_income,pure_mavs_gc,specialist_failure,primary,rejection_rate,context_dependent,0.9006961506961506,0.0|0.05|0.1|0.2|0.4|0.6|0.8|1.0,32c8264b8053c1cd2b18ef0292991452fe57a5e68763e64d5143866ebefbc293
locked,adult_income,pure_mavs_gc,specialist_failure,shadow,accuracy,higher_is_better,0.8252661752661753,0.0|0.05|0.1|0.2|0.4|0.6|0.8|1.0,3fd6de38b39646e493568c6b62380acf4ab91ad897e375f1ca9c7babcb360cad
locked,adult_income,pure_mavs_gc,specialist_failure,shadow,f1,higher_is_better,0.42888423887105054,0.0|0.05|0.1|0.2|0.4|0.6|0.8|1.0,9204578c4c4cd9e458e6d1e485b73340bcb8cacdeeb081105f71924463662642
locked,adult_income,pure_mavs_gc,specialist_failure,shadow,unsafe_acceptance_rate,lower_is_better,0.022799461641991925,0.0|0.05|0.1|0.2|0.4|0.6|0.8|1.0,939c24b0ceae913220f91170209434a12018a073a600f8362c265410b93b59de
locked,adult_income,pure_mavs_gc,specialist_failure,shadow,technical_failure_rate,lower_is_better,0.0,0.0|0.05|0.1|0.2|0.4|0.6|0.8|1.0,1194f3841e9b9cf38923ca542ee51266c19d9ae5838df086b745309e2ae433a6
locked,adult_income,pure_mavs_gc,specialist_failure,shadow,rejection_rate,context_dependent,0.9006961506961506,0.0|0.05|0.1|0.2|0.4|0.6|0.8|1.0,ed7a202eaeab8b8a954117fee43235ec62c4b61df8e9f11233161c08bfce01ee
audit,adult_income,pure_mavs_gc,synthetic_sensor_failure,audit,accuracy,higher_is_better,0.7755528255528256,0.0|0.05|0.1|0.2|0.4|0.6|0.8|1.0,c2d26907609872b180263be6538be3b5951ab667ca24a958927243f37812c52b
audit,adult_income,pure_mavs_gc,synthetic_sensor_failure,audit,f1,higher_is_better,0.1356593254591576,0.0|0.05|0.1|0.2|0.4|0.6|0.8|1.0,801c1313e18b5ac0d6b1fbf8428d04b0a7b1b4696743c0bfcca645a2960ef3e8
audit,adult_income,pure_mavs_gc,synthetic_sensor_failure,audit,unsafe_acceptance_rate,lower_is_better,0.012055974165769647,0.0|0.05|0.1|0.2|0.4|0.6|0.8|1.0,190cf6c2431f1413e112d100d6f40b874888c27a9df32a8ace05409b87c8ce82
audit,adult_income,pure_mavs_gc,synthetic_sensor_failure,audit,technical_failure_rate,lower_is_better,0.0,0.0|0.05|0.1|0.2|0.4|0.6|0.8|1.0,b92dc6dd8d706664c280f0871ba920b29c20463cb36db1252e3000b020a5d219
audit,adult_income,pure_mavs_gc,synthetic_sensor_failure,audit,rejection_rate,context_dependent,0.966953316953317,0.0|0.05|0.1|0.2|0.4|0.6|0.8|1.0,ce0d04371c75eaba3fe9c3e6fdd74deec26e37c0952792f098d20ef7c054f38a
audit,adult_income,pure_mavs_gc,synthetic_sensor_failure,shadow,accuracy,higher_is_better,0.7755528255528256,0.0|0.05|0.1|0.2|0.4|0.6|0.8|1.0,2503cb8e3d573a77ae5205139b6e04ab1d6a1a91d90c05096a47d06b6aea987c
audit,adult_income,pure_mavs_gc,synthetic_sensor_failure,shadow,f1,higher_is_better,0.1356593254591576,0.0|0.05|0.1|0.2|0.4|0.6|0.8|1.0,43ec9e617b99314801101220bd66f30cf1b70a0ea2e8fbf691fc40cfbded0ff4
audit,adult_income,pure_mavs_gc,synthetic_sensor_failure,shadow,unsafe_acceptance_rate,lower_is_better,0.012055974165769647,0.0|0.05|0.1|0.2|0.4|0.6|0.8|1.0,fd52a31bac245a9167f9422cb40cbc690f12853f83f1b4f814f61eff3eece276
audit,adult_income,pure_mavs_gc,synthetic_sensor_failure,shadow,technical_failure_rate,lower_is_better,0.0,0.0|0.05|0.1|0.2|0.4|0.6|0.8|1.0,68279789b73fe77b96ce380dcc1ec13cb880bc20595d85070427af7e3b1879bc
audit,adult_income,pure_mavs_gc,synthetic_sensor_failure,shadow,rejection_rate,context_dependent,0.966953316953317,0.0|0.05|0.1|0.2|0.4|0.6|0.8|1.0,b0e38e18d08bc60b5e5767adff583a383bd9b883ab94bf8d11d476e4adba7ef2
locked,adult_income,pure_mavs_gc,synthetic_sensor_failure,primary,accuracy,higher_is_better,0.7766635954135954,0.0|0.05|0.1|0.2|0.4|0.6|0.8|1.0,ebea55f4442273d05f6a82a620ac50b0b243c4d86ffc1aad469d726e94e73659
locked,adult_income,pure_mavs_gc,synthetic_sensor_failure,primary,f1,higher_is_better,0.14040372288041486,0.0|0.05|0.1|0.2|0.4|0.6|0.8|1.0,60e429213d6fcc4f4aeaabadbd7221663f2e65c250ec6d09fc7f08c840c7b214
locked,adult_income,pure_mavs_gc,synthetic_sensor_failure,primary,unsafe_acceptance_rate,lower_is_better,0.011574697173620458,0.0|0.05|0.1|0.2|0.4|0.6|0.8|1.0,7d954426b3df6af85495c8da901cce56b50f0d20478625cec2620aefa11e410b
locked,adult_income,pure_mavs_gc,synthetic_sensor_failure,primary,technical_failure_rate,lower_is_better,0.0,0.0|0.05|0.1|0.2|0.4|0.6|0.8|1.0,9be06d520fbe0574c6d3c590bad2b725167e102eb096040ab48e9bc1900d8441
locked,adult_income,pure_mavs_gc,synthetic_sensor_failure,primary,rejection_rate,context_dependent,0.9663748976248977,0.0|0.05|0.1|0.2|0.4|0.6|0.8|1.0,2aaba1b97693727daaa78295b576d81cfc543108aa92296f55eb42f73969a2e2
locked,adult_income,pure_mavs_gc,synthetic_sensor_failure,shadow,accuracy,higher_is_better,0.7766635954135954,0.0|0.05|0.1|0.2|0.4|0.6|0.8|1.0,b14b6a5457a43be6858049af1527a42cff09e7f60c3efb4ae7671b145e345400
locked,adult_income,pure_mavs_gc,synthetic_sensor_failure,shadow,f1,higher_is_better,0.14040372288041486,0.0|0.05|0.1|0.2|0.4|0.6|0.8|1.0,dc1e3841df8d3f0d484962517fbf8b86813aea4153bda64d49a3a430b28408e0
locked,adult_income,pure_mavs_gc,synthetic_sensor_failure,shadow,unsafe_acceptance_rate,lower_is_better,0.011574697173620458,0.0|0.05|0.1|0.2|0.4|0.6|0.8|1.0,406ab0bba63caa496e0c853da00e9827eea976c69a4e9c759c37d23e6496e31d
locked,adult_income,pure_mavs_gc,synthetic_sensor_failure,shadow,technical_failure_rate,lower_is_better,0.0,0.0|0.05|0.1|0.2|0.4|0.6|0.8|1.0,76b55e5c37e306039663573371f366c3c5d96f71134c4bbf33ed58331ca0fd99
locked,adult_income,pure_mavs_gc,synthetic_sensor_failure,shadow,rejection_rate,context_dependent,0.9663748976248977,0.0|0.05|0.1|0.2|0.4|0.6|0.8|1.0,3556316ff7bcf42335e7a0ba27efd381c77927292d0b481e7b0a34e6b9df9aef
audit,adult_income,single_model,adversarial_confidence_inflation,audit,accuracy,higher_is_better,0.855036855036855,0.0|0.05|0.1|0.2|0.4|0.6|0.8|1.0,79ab9fd093f2b027721452dd55f5821c50808b574aa34bd5121f847d2df7ec8d
audit,adult_income,single_model,adversarial_confidence_inflation,audit,f1,higher_is_better,0.6781818181818182,0.0|0.05|0.1|0.2|0.4|0.6|0.8|1.0,dba19aa159fe2d234a10b7506864e4779f77aeedffc92ef45613d9c5fb1c4895
audit,adult_income,single_model,adversarial_confidence_inflation,audit,unsafe_acceptance_rate,lower_is_better,0.07696447793326157,0.0|0.05|0.1|0.2|0.4|0.6|0.8|1.0,91235febbd44c40d45e5d08f17a4c41647cb8cd9f2bc185a73f78e75e4aff74f
audit,adult_income,single_model,adversarial_confidence_inflation,audit,technical_failure_rate,lower_is_better,0.0,0.0|0.05|0.1|0.2|0.4|0.6|0.8|1.0,841bf451257c5ed32bb4c5802c7f19ef4288def56421431be53f2eebcdfd9a75
audit,adult_income,single_model,adversarial_confidence_inflation,audit,rejection_rate,context_dependent,0.7886977886977887,0.0|0.05|0.1|0.2|0.4|0.6|0.8|1.0,41fbec46181c002ff3fec6006349ca0d2d5a517ae077283a6106b9048e3e76a6
audit,adult_income,single_model,adversarial_confidence_inflation,shadow,accuracy,higher_is_better,0.855036855036855,0.0|0.05|0.1|0.2|0.4|0.6|0.8|1.0,5c56f549cef34a6bb62bb76b258a38253e93af7353d6d8150e034039ba99fd93
audit,adult_income,single_model,adversarial_confidence_inflation,shadow,f1,higher_is_better,0.6781818181818182,0.0|0.05|0.1|0.2|0.4|0.6|0.8|1.0,0e5050ea4ed1ed6f84f556e11429db88e0077710112868675096e1b6b18b21b9
audit,adult_income,single_model,adversarial_confidence_inflation,shadow,unsafe_acceptance_rate,lower_is_better,0.07696447793326157,0.0|0.05|0.1|0.2|0.4|0.6|0.8|1.0,031bad29e901c4b81db96021bc51c96f260473bd483c1e93a96b519b3cd3c157
audit,adult_income,single_model,adversarial_confidence_inflation,shadow,technical_failure_rate,lower_is_better,0.0,0.0|0.05|0.1|0.2|0.4|0.6|0.8|1.0,9973b7e090c2645090175431ce5cc3efc57f2e46f47875d28cf6ca84c5073886
audit,adult_income,single_model,adversarial_confidence_inflation,shadow,rejection_rate,context_dependent,0.7886977886977887,0.0|0.05|0.1|0.2|0.4|0.6|0.8|1.0,c075efd3667dd7c0cac61f149f3ce5a4ed2afbd6eb63e77bbe77244096cbb395
locked,adult_income,single_model,adversarial_confidence_inflation,primary,accuracy,higher_is_better,0.8632268632268633,0.0|0.05|0.1|0.2|0.4|0.6|0.8|1.0,d7350b29f2923cb8c573706cf07ecdfa549528839b174534ca671756fdc407ff
locked,adult_income,single_model,adversarial_confidence_inflation,primary,f1,higher_is_better,0.6881419234360411,0.0|0.05|0.1|0.2|0.4|0.6|0.8|1.0,b37cd80e18f065d50befa6cfe96e6ec8dac4014641ac803e1d5bedcf1bc83883
locked,adult_income,single_model,adversarial_confidence_inflation,primary,unsafe_acceptance_rate,lower_is_better,0.06352624495289368,0.0|0.05|0.1|0.2|0.4|0.6|0.8|1.0,846165626741d8114ea594d0c9ef3275db014e2ed4ed3f514c59e2304d58afb3
locked,adult_income,single_model,adversarial_confidence_inflation,primary,technical_failure_rate,lower_is_better,0.0,0.0|0.05|0.1|0.2|0.4|0.6|0.8|1.0,32fbe7517ecd8e85dd41ca59da3e2665e64d7c18017b26ec91b8f5ca0b36a305
locked,adult_income,single_model,adversarial_confidence_inflation,primary,rejection_rate,context_dependent,0.8007780507780508,0.0|0.05|0.1|0.2|0.4|0.6|0.8|1.0,f9f6f4d09d77b69f63fbe170cc66b9a899573e1bf7349dec158b7312f6e6bec2
locked,adult_income,single_model,adversarial_confidence_inflation,shadow,accuracy,higher_is_better,0.8632268632268633,0.0|0.05|0.1|0.2|0.4|0.6|0.8|1.0,8efba58106158ce2666058f94a023187fc7ed065f3a24598d2d912a6a87057f4
locked,adult_income,single_model,adversarial_confidence_inflation,shadow,f1,higher_is_better,0.6881419234360411,0.0|0.05|0.1|0.2|0.4|0.6|0.8|1.0,f4ed02eef84328edccb861e49b6fadd91ac7566234ee3322020ddeda63c5545e
locked,adult_income,single_model,adversarial_confidence_inflation,shadow,unsafe_acceptance_rate,lower_is_better,0.06352624495289368,0.0|0.05|0.1|0.2|0.4|0.6|0.8|1.0,fca516e81415da4e42f9ab2b242e13694654fa4e04181ba981fa20a238350193
locked,adult_income,single_model,adversarial_confidence_inflation,shadow,technical_failure_rate,lower_is_better,0.0,0.0|0.05|0.1|0.2|0.4|0.6|0.8|1.0,e7b3823ad3007ffe25157a4e7086e7e2ef599b9112038f2ecb3763857619f19e
locked,adult_income,single_model,adversarial_confidence_inflation,shadow,rejection_rate,context_dependent,0.8007780507780508,0.0|0.05|0.1|0.2|0.4|0.6|0.8|1.0,938643a69bd6c03034225c783c6a1c213e15f526b48914a3f9c017189df1c008
audit,adult_income,single_model,confidence_distortion,audit,accuracy,higher_is_better,0.855036855036855,0.0|0.05|0.1|0.2|0.4|0.6|0.8|1.0,444ca0a91adba3aca79c1c01504efa897e68f6254554c524e2104d751d3a48b7
audit,adult_income,single_model,confidence_distortion,audit,f1,higher_is_better,0.6781818181818182,0.0|0.05|0.1|0.2|0.4|0.6|0.8|1.0,008b24fe1777af8d6aca2716447ab741c0dc9531d945bed07c1c95f231987197
audit,adult_income,single_model,confidence_distortion,audit,unsafe_acceptance_rate,lower_is_better,0.07696447793326157,0.0|0.05|0.1|0.2|0.4|0.6|0.8|1.0,87b37b82fc02219d816d6e6d2afcb775e5b37d68b3dfb67cc4b243f1fbcef1ab
audit,adult_income,single_model,confidence_distortion,audit,technical_failure_rate,lower_is_better,0.0,0.0|0.05|0.1|0.2|0.4|0.6|0.8|1.0,90ab33360de252e864c49546e104b236c0130de3bb36832a06dc00be76e4348f
audit,adult_income,single_model,confidence_distortion,audit,rejection_rate,context_dependent,0.7886977886977887,0.0|0.05|0.1|0.2|0.4|0.6|0.8|1.0,350365d6cec5225ca79b1f05477505745822688d787cc679ef5651733d2afce5
audit,adult_income,single_model,confidence_distortion,shadow,accuracy,higher_is_better,0.855036855036855,0.0|0.05|0.1|0.2|0.4|0.6|0.8|1.0,64f78dfa1cc705db164488a621102baaf0a162670e8971ab4544aa26a6dc87a6
audit,adult_income,single_model,confidence_distortion,shadow,f1,higher_is_better,0.6781818181818182,0.0|0.05|0.1|0.2|0.4|0.6|0.8|1.0,8225482ad0463303a751b05ce3d88c4b1e416926e951b2e32a815cd14ac4940b
audit,adult_income,single_model,confidence_distortion,shadow,unsafe_acceptance_rate,lower_is_better,0.07696447793326157,0.0|0.05|0.1|0.2|0.4|0.6|0.8|1.0,4134b57f0bc5b6872474e9e02f2b1c8405721a4d548a24e2c031df9b1d43f194
audit,adult_income,single_model,confidence_distortion,shadow,technical_failure_rate,lower_is_better,0.0,0.0|0.05|0.1|0.2|0.4|0.6|0.8|1.0,fa82d844abe528c224b0e2012fa77c6c33cca353b123bbd8f7e39bfde28fef38
audit,adult_income,single_model,confidence_distortion,shadow,rejection_rate,context_dependent,0.7886977886977887,0.0|0.05|0.1|0.2|0.4|0.6|0.8|1.0,38aaae54b1956036e74e95bbad79a55fae9f7580c7b7b2e50a7fd5b332aa36eb
locked,adult_income,single_model,confidence_distortion,primary,accuracy,higher_is_better,0.8632268632268633,0.0|0.05|0.1|0.2|0.4|0.6|0.8|1.0,4aa299d235f77ee04aa73ca66d7f625cd71477017ee6dcd2ce97cbeb0707b0d5
locked,adult_income,single_model,confidence_distortion,primary,f1,higher_is_better,0.6881419234360411,0.0|0.05|0.1|0.2|0.4|0.6|0.8|1.0,1f5c491f19a409375c24982a20e73d47d90e0988d6d471a4d5c3065d59d3a3bc
locked,adult_income,single_model,confidence_distortion,primary,unsafe_acceptance_rate,lower_is_better,0.06352624495289368,0.0|0.05|0.1|0.2|0.4|0.6|0.8|1.0,0fa6cfbe58803540cbdd40908840dda9f62d43f9e4195f5cf1d0cb4b1d64cc11
locked,adult_income,single_model,confidence_distortion,primary,technical_failure_rate,lower_is_better,0.0,0.0|0.05|0.1|0.2|0.4|0.6|0.8|1.0,33e1eac2d214bbfd7aeb8e50013e0a2a5b5d21dcbefb21fa62765909d3a471e5
locked,adult_income,single_model,confidence_distortion,primary,rejection_rate,context_dependent,0.8007780507780508,0.0|0.05|0.1|0.2|0.4|0.6|0.8|1.0,cbb60d49ffabdf8b73229a0c4973a3a5e9de3fcac4dad34e0b13d2afca1bb931
locked,adult_income,single_model,confidence_distortion,shadow,accuracy,higher_is_better,0.8632268632268633,0.0|0.05|0.1|0.2|0.4|0.6|0.8|1.0,fae60bea96fb32db7677d5c2305602dca1d7f5477a981637eaf9a8b25876a858
locked,adult_income,single_model,confidence_distortion,shadow,f1,higher_is_better,0.6881419234360411,0.0|0.05|0.1|0.2|0.4|0.6|0.8|1.0,0ef965f9dede0252e613e24c48ef3be1c0c0fc7a6a87142b8b6b77deec4cc5f8
locked,adult_income,single_model,confidence_distortion,shadow,unsafe_acceptance_rate,lower_is_better,0.06352624495289368,0.0|0.05|0.1|0.2|0.4|0.6|0.8|1.0,9ada675c63335d4e8806ce009b20b6b44d21308b415c93b2516703c93ee47d3b
locked,adult_income,single_model,confidence_distortion,shadow,technical_failure_rate,lower_is_better,0.0,0.0|0.05|0.1|0.2|0.4|0.6|0.8|1.0,a4f21c2a2401aacc30d010ae03be216f95fdee6d72378a31a0d9da6eaf4c9561
locked,adult_income,single_model,confidence_distortion,shadow,rejection_rate,context_dependent,0.8007780507780508,0.0|0.05|0.1|0.2|0.4|0.6|0.8|1.0,b6115754d370896cdd6514dfc24d71c4fa2ad0b979565a91ce6fc4b6d3883feb
audit,adult_income,single_model,distribution_shift,audit,accuracy,higher_is_better,0.866252346774205,0.0|0.05|0.1|0.2|0.4|0.6|0.8|1.0,b32b0bbe1ea40de7705a2872145c6d4e30a17a64b4335142e68ed4a8c23190c8
audit,adult_income,single_model,distribution_shift,audit,f1,higher_is_better,0.7386460465839482,0.0|0.05|0.1|0.2|0.4|0.6|0.8|1.0,db1dce06aaee11331044848f3908cfb016a50b5281f28be5f7af3ab6f996fa63
audit,adult_income,single_model,distribution_shift,audit,unsafe_acceptance_rate,lower_is_better,0.07659543617296996,0.0|0.05|0.1|0.2|0.4|0.6|0.8|1.0,f069a462518c579db7e4e912426f32b09eb7e2d69d5453e5e578ef94fbe0b4e4
audit,adult_income,single_model,distribution_shift,audit,technical_failure_rate,lower_is_better,0.0,0.0|0.05|0.1|0.2|0.4|0.6|0.8|1.0,88ddc6474176741a5001ad680eee5c9e35c8a5d8e4316203c49d8fa944453c41
audit,adult_income,single_model,distribution_shift,audit,rejection_rate,context_dependent,0.7522079308469634,0.0|0.05|0.1|0.2|0.4|0.6|0.8|1.0,a976d7f08e0aa8877c8c5f26a9af4ed5b9b82dca7177290c72358a5e87d0be79
audit,adult_income,single_model,distribution_shift,shadow,accuracy,higher_is_better,0.866252346774205,0.0|0.05|0.1|0.2|0.4|0.6|0.8|1.0,a4f02c4e31ca1e5b5ccc9a6c8cc4528c1b3b8f1e8df4bd20122a0298627d5b8f
audit,adult_income,single_model,distribution_shift,shadow,f1,higher_is_better,0.7386460465839482,0.0|0.05|0.1|0.2|0.4|0.6|0.8|1.0,69ec93239b8dbac993dd7f2767c09dbf60d57f7744372019ffc2ad12b952a379
audit,adult_income,single_model,distribution_shift,shadow,unsafe_acceptance_rate,lower_is_better,0.07659543617296996,0.0|0.05|0.1|0.2|0.4|0.6|0.8|1.0,3618086385c5aa05ab3e59a875b832513c52b1c8d35b9bdbc3426ec26108368b
audit,adult_income,single_model,distribution_shift,shadow,technical_failure_rate,lower_is_better,0.0,0.0|0.05|0.1|0.2|0.4|0.6|0.8|1.0,16ed9099f211cdd361a12dd88778918d5294615bbfd71382410758172875f574
audit,adult_income,single_model,distribution_shift,shadow,rejection_rate,context_dependent,0.7522079308469634,0.0|0.05|0.1|0.2|0.4|0.6|0.8|1.0,effd56b217875b4f18a3802f1f2060ece2ce29948e424e139a2eca5ab061f99d
locked,adult_income,single_model,distribution_shift,primary,accuracy,higher_is_better,0.8701936798803285,0.0|0.05|0.1|0.2|0.4|0.6|0.8|1.0,6770bca130387426272b9bc022373b42578e352c40751544674b950a0e55a271
locked,adult_income,single_model,distribution_shift,primary,f1,higher_is_better,0.7412514419971192,0.0|0.05|0.1|0.2|0.4|0.6|0.8|1.0,8a6b22ab784395d022bed26df15370a86561d6fad8c16e5ff9f1a723e4ab47de
locked,adult_income,single_model,distribution_shift,primary,unsafe_acceptance_rate,lower_is_better,0.06820100451495488,0.0|0.05|0.1|0.2|0.4|0.6|0.8|1.0,c607883674d2b73365d5bc224661169d3622fabcd97a36634d884035ef2b3fef
locked,adult_income,single_model,distribution_shift,primary,technical_failure_rate,lower_is_better,0.0,0.0|0.05|0.1|0.2|0.4|0.6|0.8|1.0,cbbd1a5bd278d8d60948d0f898c23fb7cc93d98f94418183b966dd3cb6b14040
locked,adult_income,single_model,distribution_shift,primary,rejection_rate,context_dependent,0.7609862051691835,0.0|0.05|0.1|0.2|0.4|0.6|0.8|1.0,cd434325e54ac9c8bf76005a4c65384e50c0f41b9bf472883ae3a313dcc5fd1c
locked,adult_income,single_model,distribution_shift,shadow,accuracy,higher_is_better,0.8701936798803285,0.0|0.05|0.1|0.2|0.4|0.6|0.8|1.0,7942578a6cf66aa69e1f0b02f8a9c6c0ca2a6ed9a27c072c801767a7ed4cc56d
locked,adult_income,single_model,distribution_shift,shadow,f1,higher_is_better,0.7412514419971192,0.0|0.05|0.1|0.2|0.4|0.6|0.8|1.0,5987a6a815abf881121f2b457e1515ce6d24e4b806cfef4622e587b180494b56
locked,adult_income,single_model,distribution_shift,shadow,unsafe_acceptance_rate,lower_is_better,0.06820100451495488,0.0|0.05|0.1|0.2|0.4|0.6|0.8|1.0,3e3dbc33f19a2a19113e8f7a7ee34fcc9a7bc6ab67ed99f507eeb4287cec1644
locked,adult_income,single_model,distribution_shift,shadow,technical_failure_rate,lower_is_better,0.0,0.0|0.05|0.1|0.2|0.4|0.6|0.8|1.0,83d5269e6d4faf17a7d05a978d3fc4e469986a95f7cb30e154165c502a75b37b
locked,adult_income,single_model,distribution_shift,shadow,rejection_rate,context_dependent,0.7609862051691835,0.0|0.05|0.1|0.2|0.4|0.6|0.8|1.0,af7059c639c7b54170bed07b0eb584163883573365793d5a877f18e4b823019c
audit,adult_income,single_model,feature_noise,audit,accuracy,higher_is_better,0.837025662025662,0.0|0.05|0.1|0.2|0.4|0.6|0.8|1.0,663fbb05d05e75a8d0e9754d24daf7c480fa4a06d3d640990649e0439a629ccf
audit,adult_income,single_model,feature_noise,audit,f1,higher_is_better,0.6196933334021494,0.0|0.05|0.1|0.2|0.4|0.6|0.8|1.0,9ca511d5b3521f94ccb28f9dedeebe5249f2d5e5d189097ce4fd46d1c5539c37
audit,adult_income,single_model,feature_noise,audit,unsafe_acceptance_rate,lower_is_better,0.07565482597775386,0.0|0.05|0.1|0.2|0.4|0.6|0.8|1.0,0ebb08e46813b6612b1f4a62f08bd54274c70cbe0385c13a8361785e17f78c8a
audit,adult_income,single_model,feature_noise,audit,technical_failure_rate,lower_is_better,0.0,0.0|0.05|0.1|0.2|0.4|0.6|0.8|1.0,ba5e7c8c458398ff5b844a2908eeed5859af9bf85b6bdd35f3ea24df898c52a8
audit,adult_income,single_model,feature_noise,audit,rejection_rate,context_dependent,0.8087018837018838,0.0|0.05|0.1|0.2|0.4|0.6|0.8|1.0,6fefc972c3e068488f86273d9385dea44493a98bc9cb88c9bdeb0f0b1ab85284
audit,adult_income,single_model,feature_noise,shadow,accuracy,higher_is_better,0.8383804258804258,0.0|0.05|0.1|0.2|0.4|0.6|0.8|1.0,cf75f4b9a4263257a8f0330428af866f3599ec75df739f2aceffdb92b09bca7b
audit,adult_income,single_model,feature_noise,shadow,f1,higher_is_better,0.6234591933632891,0.0|0.05|0.1|0.2|0.4|0.6|0.8|1.0,1ad4b4d90b47d33d2892078b74372e415677dd79955643b4baf909e63bfa8933
audit,adult_income,single_model,feature_noise,shadow,unsafe_acceptance_rate,lower_is_better,0.07518164693218515,0.0|0.05|0.1|0.2|0.4|0.6|0.8|1.0,d543a63faa6c1163270a9635d04da8602536e863b2efd7433a975b906cd9f3b1
audit,adult_income,single_model,feature_noise,shadow,technical_failure_rate,lower_is_better,0.0,0.0|0.05|0.1|0.2|0.4|0.6|0.8|1.0,593f748b522f14801459f0a9dacd5309d984a133e54b223bb6382b60cbe22a27
audit,adult_income,single_model,feature_noise,shadow,rejection_rate,context_dependent,0.808067158067158,0.0|0.05|0.1|0.2|0.4|0.6|0.8|1.0,492676b071097be6a8a429b8b82c0433b839d6f786843e929615beda1dd1eeda
locked,adult_income,single_model,feature_noise,primary,accuracy,higher_is_better,0.8447106197106198,0.0|0.05|0.1|0.2|0.4|0.6|0.8|1.0,3efdd54699b4d725111fc2353e5ad0ceb60fc43d04d782a0b881d2e8a9025500
locked,adult_income,single_model,feature_noise,primary,f1,higher_is_better,0.6318391910439592,0.0|0.05|0.1|0.2|0.4|0.6|0.8|1.0,8d736399909683b7a5f6421a5df29a28ea83fc5410a11981616d784d7438e9b8
locked,adult_income,single_model,feature_noise,primary,unsafe_acceptance_rate,lower_is_better,0.06572005383580082,0.0|0.05|0.1|0.2|0.4|0.6|0.8|1.0,1b23b1f8bc643af5076a1de2685aae40b161990359f7e611b980fa938908f099
locked,adult_income,single_model,feature_noise,primary,technical_failure_rate,lower_is_better,0.0,0.0|0.05|0.1|0.2|0.4|0.6|0.8|1.0,89eb806b28bbcadaf97db8bea92684291368f6e8817c244c4842f79ce86dfab5
locked,adult_income,single_model,feature_noise,primary,rejection_rate,context_dependent,0.815956865956866,0.0|0.05|0.1|0.2|0.4|0.6|0.8|1.0,6044c5e880ad62afa871083fb824ce5516b31624a71c3e35bbc63bf75cec4329
locked,adult_income,single_model,feature_noise,shadow,accuracy,higher_is_better,0.842936117936118,0.0|0.05|0.1|0.2|0.4|0.6|0.8|1.0,4bc202920b114bc07cbbf68a6707bcd83f66244cd93f46a3dd362b64154ff9a3
locked,adult_income,single_model,feature_noise,shadow,f1,higher_is_better,0.6268149778494214,0.0|0.05|0.1|0.2|0.4|0.6|0.8|1.0,b33133689c99a970bd8a16bf23e2dc0c367e730e8edae1cb6b087074caa8a94f
locked,adult_income,single_model,feature_noise,shadow,unsafe_acceptance_rate,lower_is_better,0.06644347240915208,0.0|0.05|0.1|0.2|0.4|0.6|0.8|1.0,a3f7f02d51548dbd61beaec7e98d1474b0d5338ac19a66f8038498b0807c2a1e
locked,adult_income,single_model,feature_noise,shadow,technical_failure_rate,lower_is_better,0.0,0.0|0.05|0.1|0.2|0.4|0.6|0.8|1.0,5e4de8c15b7f7aa4370fe7583de288f0a7c6a2fa4319c23225b115991c7d3ce8
locked,adult_income,single_model,feature_noise,shadow,rejection_rate,context_dependent,0.8166308353808355,0.0|0.05|0.1|0.2|0.4|0.6|0.8|1.0,28a877786a17e3aadba8c5058f464280bdf94c90069cb72a01983e0bf97f3098
audit,adult_income,single_model,label_noise,audit,accuracy,higher_is_better,0.855036855036855,0.0|0.05|0.1|0.2|0.4|0.6|0.8|1.0,f239301accb5e321f6965064bcc775a94abbe4f38d3a03efa8a4c13e52ca8713
audit,adult_income,single_model,label_noise,audit,f1,higher_is_better,0.6781818181818182,0.0|0.05|0.1|0.2|0.4|0.6|0.8|1.0,4cc47f8675e999d478976d1ce8bd2d6212493e481187397a89c0032c227cb198
audit,adult_income,single_model,label_noise,audit,unsafe_acceptance_rate,lower_is_better,0.07696447793326157,0.0|0.05|0.1|0.2|0.4|0.6|0.8|1.0,b93f728cd75e43cb9e64fbe59aefde57748a7575a99c9df2c670da64b1fc7112
audit,adult_income,single_model,label_noise,audit,technical_failure_rate,lower_is_better,0.0,0.0|0.05|0.1|0.2|0.4|0.6|0.8|1.0,5ac6d4cf281e724dbb9f4c0e92cade33f2ef911dfd82b2006232aeb6b6d7615a
audit,adult_income,single_model,label_noise,audit,rejection_rate,context_dependent,0.7886977886977887,0.0|0.05|0.1|0.2|0.4|0.6|0.8|1.0,d3d29f965debb621c63c5fee8e5c963ed127668936e39337a719d6c7b80ae918
audit,adult_income,single_model,label_noise,shadow,accuracy,higher_is_better,0.855036855036855,0.0|0.05|0.1|0.2|0.4|0.6|0.8|1.0,d32b24c2be7ce341d2e57b618307a0a0dba98dea0a315003ea47eef801c995ea
audit,adult_income,single_model,label_noise,shadow,f1,higher_is_better,0.6781818181818182,0.0|0.05|0.1|0.2|0.4|0.6|0.8|1.0,e6ca489838aa79164cf2df362a0d901f73e9d7ea96d0593cebcce0a9098d0b37
audit,adult_income,single_model,label_noise,shadow,unsafe_acceptance_rate,lower_is_better,0.07696447793326157,0.0|0.05|0.1|0.2|0.4|0.6|0.8|1.0,d420cc3cd3b1c6765c06b0904a2cab7aec738c2460d736d42428e0b544b6e39c
audit,adult_income,single_model,label_noise,shadow,technical_failure_rate,lower_is_better,0.0,0.0|0.05|0.1|0.2|0.4|0.6|0.8|1.0,b02adb9aec34a856ffa706ba4d6c13f8c0de872926a10ed2c767e4a476793349
audit,adult_income,single_model,label_noise,shadow,rejection_rate,context_dependent,0.7886977886977887,0.0|0.05|0.1|0.2|0.4|0.6|0.8|1.0,4e5cc898029551bf85e97d811f2dba25b1ceffb15235d441170e880945fbb318
locked,adult_income,single_model,label_noise,primary,accuracy,higher_is_better,0.8632268632268633,0.0|0.05|0.1|0.2|0.4|0.6|0.8|1.0,0687efcb66afbd095b950d8d8ca06d17efce2e2bc48d3d5925dcb958ab7a139f
locked,adult_income,single_model,label_noise,primary,f1,higher_is_better,0.6881419234360411,0.0|0.05|0.1|0.2|0.4|0.6|0.8|1.0,a1d3fcdc6b8a7a7219cc0551b3c366eba862e68e10b64ff5e11d797c481966b0
locked,adult_income,single_model,label_noise,primary,unsafe_acceptance_rate,lower_is_better,0.06352624495289368,0.0|0.05|0.1|0.2|0.4|0.6|0.8|1.0,68cae419e352bc851070e3443ff5ce815b31de5c2a4351f46dbb178081abb523
locked,adult_income,single_model,label_noise,primary,technical_failure_rate,lower_is_better,0.0,0.0|0.05|0.1|0.2|0.4|0.6|0.8|1.0,bae3f365e46d06a5504d23b264eae322f158cf9afb632340dfe72cb0d26842ca
locked,adult_income,single_model,label_noise,primary,rejection_rate,context_dependent,0.8007780507780508,0.0|0.05|0.1|0.2|0.4|0.6|0.8|1.0,6fb375eb981ab10fbc275d17a17ef22ef98ee33f5f6b0e0b481a449d42006d21
locked,adult_income,single_model,label_noise,shadow,accuracy,higher_is_better,0.8632268632268633,0.0|0.05|0.1|0.2|0.4|0.6|0.8|1.0,d07a91739e8ff2d0ab55d1cdf6896302ba0216b78508d6d85dee60d84fac4392
locked,adult_income,single_model,label_noise,shadow,f1,higher_is_better,0.6881419234360411,0.0|0.05|0.1|0.2|0.4|0.6|0.8|1.0,d1d538aaa7f5f6ab6dceb959696bf80313cb15382f86688e960e9098fc5c20e5
locked,adult_income,single_model,label_noise,shadow,unsafe_acceptance_rate,lower_is_better,0.06352624495289368,0.0|0.05|0.1|0.2|0.4|0.6|0.8|1.0,f2ed712fe3cdf5aa31d0d7de3f49052355795e4f06629691f924a8b89f6dfe14
locked,adult_income,single_model,label_noise,shadow,technical_failure_rate,lower_is_better,0.0,0.0|0.05|0.1|0.2|0.4|0.6|0.8|1.0,8df635e021793260b9b6f50d04ea1fb275234617cfbc34c76a110a3491d94ac6
locked,adult_income,single_model,label_noise,shadow,rejection_rate,context_dependent,0.8007780507780508,0.0|0.05|0.1|0.2|0.4|0.6|0.8|1.0,be77620168c795da977a30174e26e53d8f3770fcd0dfb8927b98588c48ded38f
audit,adult_income,single_model,missing_features,audit,accuracy,higher_is_better,0.802811902811903,0.0|0.05|0.1|0.2|0.4|0.6|0.8|1.0,bd11a77e870ba5268cf62c33f92119ec0cdf7b23b34372200b3d3deb1bed3933
audit,adult_income,single_model,missing_features,audit,f1,higher_is_better,0.36606150771542906,0.0|0.05|0.1|0.2|0.4|0.6|0.8|1.0,508632b88353c6b7ff59cf12738d39f6fb80766407b8aa96f0eee771ab9c9286
audit,adult_income,single_model,missing_features,audit,unsafe_acceptance_rate,lower_is_better,0.03390742734122713,0.0|0.05|0.1|0.2|0.4|0.6|0.8|1.0,3faf961eb3ec22f290c79ea4799bea8605f4f09b9d80c2222d8e1525cc550c78
audit,adult_income,single_model,missing_features,audit,technical_failure_rate,lower_is_better,0.0,0.0|0.05|0.1|0.2|0.4|0.6|0.8|1.0,e9b58bfdceb3519ee026756dd539c3a752905d74f6b8b7d4477e7504e0e6ac23
audit,adult_income,single_model,missing_features,audit,rejection_rate,context_dependent,0.9064428064428064,0.0|0.05|0.1|0.2|0.4|0.6|0.8|1.0,d88e76c0e202cd81af83b0dd1c0613b68d7991cac80da2cf9bfe315402d7e4cf
audit,adult_income,single_model,missing_features,shadow,accuracy,higher_is_better,0.8029944717444717,0.0|0.05|0.1|0.2|0.4|0.6|0.8|1.0,8c40bcede17f86dfe609c45fe41575244fe9e37f51d90d7b2dd4c149b20012bb
audit,adult_income,single_model,missing_features,shadow,f1,higher_is_better,0.36589344605534685,0.0|0.05|0.1|0.2|0.4|0.6|0.8|1.0,ca858eb6cbd11c43cf6f6c61bcf962aca4bfdc31862894aa898a7a4d10f02a0c
audit,adult_income,single_model,missing_features,shadow,unsafe_acceptance_rate,lower_is_better,0.03359795479009688,0.0|0.05|0.1|0.2|0.4|0.6|0.8|1.0,0439d20ed71655b86a18615faaa85afcbb928556bbb09a3811280411e6233938
audit,adult_income,single_model,missing_features,shadow,technical_failure_rate,lower_is_better,0.0,0.0|0.05|0.1|0.2|0.4|0.6|0.8|1.0,b0415a8e8eb11045d5613cd87a4dec37f562bdb10606dbdce56cd675c2721681
audit,adult_income,single_model,missing_features,shadow,rejection_rate,context_dependent,0.9067311629811631,0.0|0.05|0.1|0.2|0.4|0.6|0.8|1.0,8355205f400d5377506b02ce3644e546b0be9c946cb6e47c8eb619bf7449e4e3
locked,adult_income,single_model,missing_features,primary,accuracy,higher_is_better,0.8055743243243244,0.0|0.05|0.1|0.2|0.4|0.6|0.8|1.0,448321a31a6913649718adbfd02969d29c10bd0085d53dc9308de5893bbab900
locked,adult_income,single_model,missing_features,primary,f1,higher_is_better,0.36704531148864983,0.0|0.05|0.1|0.2|0.4|0.6|0.8|1.0,7d8516a5fa7305bdbd4976f3ab1c87d84864dd1227b4ca6e8f9351353c208170
locked,adult_income,single_model,missing_features,primary,unsafe_acceptance_rate,lower_is_better,0.029634365186182145,0.0|0.05|0.1|0.2|0.4|0.6|0.8|1.0,1c619559be275a434a51f20fb02a49bd9f9d0231aa94fe5b81394579a1d21909
locked,adult_income,single_model,missing_features,primary,technical_failure_rate,lower_is_better,0.0,0.0|0.05|0.1|0.2|0.4|0.6|0.8|1.0,b9204a41adc1846243a41eb58ecdb70cdafe4dcdea2503e8707dfc86f1447745
locked,adult_income,single_model,missing_features,primary,rejection_rate,context_dependent,0.9099901037401037,0.0|0.05|0.1|0.2|0.4|0.6|0.8|1.0,ce38a70139b44ca1f80819c62172444e2d92d62d4eb7f1b51e3a851dcf675198
locked,adult_income,single_model,missing_features,shadow,accuracy,higher_is_better,0.8060606060606061,0.0|0.05|0.1|0.2|0.4|0.6|0.8|1.0,18d96e71a5e0243b23028c5eba70b1d6fe02e67f9e8f63d239b455d6c9bd073a
locked,adult_income,single_model,missing_features,shadow,f1,higher_is_better,0.3697048983964209,0.0|0.05|0.1|0.2|0.4|0.6|0.8|1.0,893b9be61908ab0a76c301ee666a9ca34fdb7681f3b426a914e937fdeccf6f2c
locked,adult_income,single_model,missing_features,shadow,unsafe_acceptance_rate,lower_is_better,0.029471736204576042,0.0|0.05|0.1|0.2|0.4|0.6|0.8|1.0,fd36077479e5815b48b6fef2a7e121be3a173183285fcb5f6459d2051f06896f
locked,adult_income,single_model,missing_features,shadow,technical_failure_rate,lower_is_better,0.0,0.0|0.05|0.1|0.2|0.4|0.6|0.8|1.0,47421d87b9e6f5ef31850003f2507ad9a8ec82ce751d677d182a31557b4a384f
locked,adult_income,single_model,missing_features,shadow,rejection_rate,context_dependent,0.9097512285012286,0.0|0.05|0.1|0.2|0.4|0.6|0.8|1.0,12ac77ccf1995078422532ebff4f2e4c043ce582dbb87882416ae03855fae544
audit,adult_income,single_model,random_feature_deletion,audit,accuracy,higher_is_better,0.8111759486759488,0.0|0.05|0.1|0.2|0.4|0.6|0.8|1.0,7e80f93f8c05c4ad4166547595e7be1455f8ff11de650db7e1d9b3672a83ca80
audit,adult_income,single_model,random_feature_deletion,audit,f1,higher_is_better,0.3848564496219117,0.0|0.05|0.1|0.2|0.4|0.6|0.8|1.0,7f6482dd0606ea4a8b7c069e94938ab11d3465b1e77d183350b1858984d0b507
audit,adult_income,single_model,random_feature_deletion,audit,unsafe_acceptance_rate,lower_is_better,0.034701291711517764,0.0|0.05|0.1|0.2|0.4|0.6|0.8|1.0,edcfb306cc2b129885eb552925aa8872e2a1913e2c4d6de5c9c77e7a7890f520
audit,adult_income,single_model,random_feature_deletion,audit,technical_failure_rate,lower_is_better,0.0,0.0|0.05|0.1|0.2|0.4|0.6|0.8|1.0,7a61f317a0ec0c9c639c2da0f2e977a08b73d2b606a519eaf884f7dcedf20654
audit,adult_income,single_model,random_feature_deletion,audit,rejection_rate,context_dependent,0.8968707343707344,0.0|0.05|0.1|0.2|0.4|0.6|0.8|1.0,72611b7a150d47a61750ffc9841de4e48a47155a297855fc768d9cf792fd29ca
audit,adult_income,single_model,random_feature_deletion,shadow,accuracy,higher_is_better,0.8030354217854219,0.0|0.05|0.1|0.2|0.4|0.6|0.8|1.0,a9241baee36050dc38b2c5f1f5a3e2ce2085625a58cf00590cf3bac536960e1b
audit,adult_income,single_model,random_feature_deletion,shadow,f1,higher_is_better,0.3419670096791271,0.0|0.05|0.1|0.2|0.4|0.6|0.8|1.0,9d5c182d336f50c8b9fd6a4c0a909b5181056b39d610a99e48d5eec3c377b327
audit,adult_income,single_model,random_feature_deletion,shadow,unsafe_acceptance_rate,lower_is_better,0.03292518837459634,0.0|0.05|0.1|0.2|0.4|0.6|0.8|1.0,e1d3d7a236ab9b0db972504754a026dbe8482cd904742a9e3dbb29d9cced544d
audit,adult_income,single_model,random_feature_deletion,shadow,technical_failure_rate,lower_is_better,0.0,0.0|0.05|0.1|0.2|0.4|0.6|0.8|1.0,649d3ad9fae0faa2e2c6e8841c94e44b577c4e02a44cddda5005d7b2abdb3519
audit,adult_income,single_model,random_feature_deletion,shadow,rejection_rate,context_dependent,0.907713963963964,0.0|0.05|0.1|0.2|0.4|0.6|0.8|1.0,6ea2369263dd70fedf1b0904de11594d9a69d3520aea1cbccf83079757751f8b
locked,adult_income,single_model,random_feature_deletion,primary,accuracy,higher_is_better,0.8098399535899535,0.0|0.05|0.1|0.2|0.4|0.6|0.8|1.0,cc30c66f412de32683125b14045fe4f7ddfea3c3b28b83ca29e80b4c02bb38d7
locked,adult_income,single_model,random_feature_deletion,primary,f1,higher_is_better,0.3801067358010019,0.0|0.05|0.1|0.2|0.4|0.6|0.8|1.0,50d0006d83646ca90030ad40523d270017a67f01b2932e04e4a217fbc6effeff
locked,adult_income,single_model,random_feature_deletion,primary,unsafe_acceptance_rate,lower_is_better,0.04021534320323015,0.0|0.05|0.1|0.2|0.4|0.6|0.8|1.0,9c8e3c26b96ff6037e2485d900cc36403be1b3728aa260c8d1cb402b0b9688da
locked,adult_income,single_model,random_feature_deletion,primary,technical_failure_rate,lower_is_better,0.0,0.0|0.05|0.1|0.2|0.4|0.6|0.8|1.0,32dd0aba2cb7808f8a50bf3be9c72401f256a70f5db67b49a558e02503250276
locked,adult_income,single_model,random_feature_deletion,primary,rejection_rate,context_dependent,0.8896276958776959,0.0|0.05|0.1|0.2|0.4|0.6|0.8|1.0,8cb0efca021bc34c30eaed986d108a6b563d1a14b7d07b3dc08c11f94cb56922
locked,adult_income,single_model,random_feature_deletion,shadow,accuracy,higher_is_better,0.8073300573300574,0.0|0.05|0.1|0.2|0.4|0.6|0.8|1.0,eb0b8c4ce951954533f645e81e5cbbca32a98687f2a97c8289cdd4fccf3f7ae3
locked,adult_income,single_model,random_feature_deletion,shadow,f1,higher_is_better,0.41816742730616707,0.0|0.05|0.1|0.2|0.4|0.6|0.8|1.0,2e45513fce1d4dddd979ea4933f2e1e8bbda326f8fbb8b6298147b49d191752f
locked,adult_income,single_model,random_feature_deletion,shadow,unsafe_acceptance_rate,lower_is_better,0.05026581426648721,0.0|0.05|0.1|0.2|0.4|0.6|0.8|1.0,959529475b8e768081f862c5387ecb766c2852b9c5b3a163a5f936fd32bce132
locked,adult_income,single_model,random_feature_deletion,shadow,technical_failure_rate,lower_is_better,0.0,0.0|0.05|0.1|0.2|0.4|0.6|0.8|1.0,9b8f7627ca5d3605091b4883e49a95ee2eeed2673bbd338b5fff2041c04df2f8
locked,adult_income,single_model,random_feature_deletion,shadow,rejection_rate,context_dependent,0.8768478705978706,0.0|0.05|0.1|0.2|0.4|0.6|0.8|1.0,43f869e312ecb2dc675e0bd02a50b6714a47af4e3d10c712091d8fa190dd452b
audit,adult_income,single_model,specialist_failure,audit,accuracy,higher_is_better,0.42391482391482393,0.0|0.05|0.1|0.2|0.4|0.6|0.8|1.0,21a8521d3a9b8e3b180b59d30224967b0d09b54847b01e8ecc075b478a4a259f
audit,adult_income,single_model,specialist_failure,audit,f1,higher_is_better,0.4736462176290333,0.0|0.05|0.1|0.2|0.4|0.6|0.8|1.0,4ab4e4dfb0ee388e1c9304f29f822089cbb337cdea26f4df154abdcdd9f6980f
audit,adult_income,single_model,specialist_failure,audit,unsafe_acceptance_rate,lower_is_better,0.7230893433799784,0.0|0.05|0.1|0.2|0.4|0.6|0.8|1.0,4cfd7ceba571b3fd3362fc57e5b741b6e42a3d949a9ee03a17a4d3ec4a4db888
audit,adult_income,single_model,specialist_failure,audit,technical_failure_rate,lower_is_better,0.0,0.0|0.05|0.1|0.2|0.4|0.6|0.8|1.0,c291ebe138ad83674756e15ea611c310256876f6bf115297e4a86dcf406728e2
audit,adult_income,single_model,specialist_failure,audit,rejection_rate,context_dependent,0.23660933660933664,0.0|0.05|0.1|0.2|0.4|0.6|0.8|1.0,0c724832ebec30167546fa06acf6b6e37ca25c0b22cb4761e8564cc56933dede
audit,adult_income,single_model,specialist_failure,shadow,accuracy,higher_is_better,0.42391482391482393,0.0|0.05|0.1|0.2|0.4|0.6|0.8|1.0,59d941e654bcdb7054689d6b648b2b8f934d7c0c6e01311a2ba669842cc6cd79
audit,adult_income,single_model,specialist_failure,shadow,f1,higher_is_better,0.4736462176290333,0.0|0.05|0.1|0.2|0.4|0.6|0.8|1.0,f7574c97e5dc773a61d8a14017def91f8fd30693fd4d4b2a5244e877a0d97a4e
audit,adult_income,single_model,specialist_failure,shadow,unsafe_acceptance_rate,lower_is_better,0.7230893433799784,0.0|0.05|0.1|0.2|0.4|0.6|0.8|1.0,0f41b79e4cd75a879102e42efc48ee5be35d7a33fa281de60aad336c6cdf7c5b
audit,adult_income,single_model,specialist_failure,shadow,technical_failure_rate,lower_is_better,0.0,0.0|0.05|0.1|0.2|0.4|0.6|0.8|1.0,83281363ffcb9a985565f7bebbe01aeacb2eea1a696a19e977666d7abc644b27
audit,adult_income,single_model,specialist_failure,shadow,rejection_rate,context_dependent,0.23660933660933664,0.0|0.05|0.1|0.2|0.4|0.6|0.8|1.0,3213b73cdac5d7c7aaa074d4b353bcfbd1e7cce089090401263186601261a143
locked,adult_income,single_model,specialist_failure,primary,accuracy,higher_is_better,0.4265151515151516,0.0|0.05|0.1|0.2|0.4|0.6|0.8|1.0,2693b4468c7abec284ce4d98c5b7e0aa8c36977b675cdd881e0204ed52cde0d7
locked,adult_income,single_model,specialist_failure,primary,f1,higher_is_better,0.47682090182843334,0.0|0.05|0.1|0.2|0.4|0.6|0.8|1.0,d45afa714a1ab19e703df609f2ffc6e9e5df38e9ace2c71e9ad918ac21feee19
locked,adult_income,single_model,specialist_failure,primary,unsafe_acceptance_rate,lower_is_better,0.7190578734858681,0.0|0.05|0.1|0.2|0.4|0.6|0.8|1.0,16daad6f6a7764cf2562838b4eea3d4cfd9eb332f52901f72d36d0901678db61
locked,adult_income,single_model,specialist_failure,primary,technical_failure_rate,lower_is_better,0.0,0.0|0.05|0.1|0.2|0.4|0.6|0.8|1.0,d90302fe33864e645be036adc60dfcb791f41a8d49635a17ce4d7b93332ccc13
locked,adult_income,single_model,specialist_failure,primary,rejection_rate,context_dependent,0.24023341523341524,0.0|0.05|0.1|0.2|0.4|0.6|0.8|1.0,1d06feddc29dd8b450761dcc13833f6dc6c36733782213061141ac94eb1163ab
locked,adult_income,single_model,specialist_failure,shadow,accuracy,higher_is_better,0.4265151515151516,0.0|0.05|0.1|0.2|0.4|0.6|0.8|1.0,84dfb62d3cd433412beff81cb70edc615563b46f2f6adf86b829d9a0285d3b0a
locked,adult_income,single_model,specialist_failure,shadow,f1,higher_is_better,0.47682090182843334,0.0|0.05|0.1|0.2|0.4|0.6|0.8|1.0,ba470716282ada966e61fa80134b70d5a3fedaac0e0c2c6fd9cac98d76112a4f
locked,adult_income,single_model,specialist_failure,shadow,unsafe_acceptance_rate,lower_is_better,0.7190578734858681,0.0|0.05|0.1|0.2|0.4|0.6|0.8|1.0,ae4ae42bbd84242f8589afd61f6608ddcb34a9920877bd5caa50b8403827087d
locked,adult_income,single_model,specialist_failure,shadow,technical_failure_rate,lower_is_better,0.0,0.0|0.05|0.1|0.2|0.4|0.6|0.8|1.0,29d29c276a8a5559eacbded1a593c65ff7362e3dde9a0bd5a112ef57421d1947
locked,adult_income,single_model,specialist_failure,shadow,rejection_rate,context_dependent,0.24023341523341524,0.0|0.05|0.1|0.2|0.4|0.6|0.8|1.0,b0d4c4c4f27b17b653224d60d84fcf59ab92ee8af37fc5b9f6c3569a22723126
audit,adult_income,single_model,synthetic_sensor_failure,audit,accuracy,higher_is_better,0.7770577395577396,0.0|0.05|0.1|0.2|0.4|0.6|0.8|1.0,8a6f2a5ad0f1c85f7a52aca325a863167cf243f4f3aff35472c8486fe73571b3
audit,adult_income,single_model,synthetic_sensor_failure,audit,f1,higher_is_better,0.17805068202238014,0.0|0.05|0.1|0.2|0.4|0.6|0.8|1.0,a7e4df01dd811a7834dd9228b587254faaa589d45cfbcc35a8b94621a7e42b9e
audit,adult_income,single_model,synthetic_sensor_failure,audit,unsafe_acceptance_rate,lower_is_better,0.031969860064585576,0.0|0.05|0.1|0.2|0.4|0.6|0.8|1.0,9a03588917d3f68c427bf2dfeaa9844b471dbdb32728bfa4d4618fac92f532ee
audit,adult_income,single_model,synthetic_sensor_failure,audit,technical_failure_rate,lower_is_better,0.0,0.0|0.05|0.1|0.2|0.4|0.6|0.8|1.0,8c5544b307315a33988615d8f976ae68050755b93c02470c85d8bb5c59b7cfeb
audit,adult_income,single_model,synthetic_sensor_failure,audit,rejection_rate,context_dependent,0.9351453726453727,0.0|0.05|0.1|0.2|0.4|0.6|0.8|1.0,84cb917bdee921d64b8f1f957ca960c2143654884fa47ced230507180ebb4617
audit,adult_income,single_model,synthetic_sensor_failure,shadow,accuracy,higher_is_better,0.7770577395577396,0.0|0.05|0.1|0.2|0.4|0.6|0.8|1.0,71ed160ef0626497b79356570fe09e3750e1318051f9d195c549600a711b2cf6
audit,adult_income,single_model,synthetic_sensor_failure,shadow,f1,higher_is_better,0.17805068202238014,0.0|0.05|0.1|0.2|0.4|0.6|0.8|1.0,9c4753faf4cf8d0f4833f4110b335e8d8d4cc516b6ca6135822ea4e50611d41e
audit,adult_income,single_model,synthetic_sensor_failure,shadow,unsafe_acceptance_rate,lower_is_better,0.031969860064585576,0.0|0.05|0.1|0.2|0.4|0.6|0.8|1.0,07a7a6ee0900a19d1bfccf0bd281fd7d8a0cc5bccbdb090ba8e35fb0cb426f14
audit,adult_income,single_model,synthetic_sensor_failure,shadow,technical_failure_rate,lower_is_better,0.0,0.0|0.05|0.1|0.2|0.4|0.6|0.8|1.0,85dafad0b1fbdc14c485b8cf7d96d7e6fb471ae79f80e91e4377828e93a8af11
audit,adult_income,single_model,synthetic_sensor_failure,shadow,rejection_rate,context_dependent,0.9351453726453727,0.0|0.05|0.1|0.2|0.4|0.6|0.8|1.0,655bf4436fb4649eb726217b160022809fee2df4655f51bd416e6cbaa410ccf2
locked,adult_income,single_model,synthetic_sensor_failure,primary,accuracy,higher_is_better,0.774810606060606,0.0|0.05|0.1|0.2|0.4|0.6|0.8|1.0,f17278c1322cb4df5d242c7e57a48233a71ae11fbc2d91979ec3846a0a3b7bdc
locked,adult_income,single_model,synthetic_sensor_failure,primary,f1,higher_is_better,0.17328796658612555,0.0|0.05|0.1|0.2|0.4|0.6|0.8|1.0,44eb7fe8bf4fe0abfbb3b02389c1272440bfed5594f302beafa44dc5d5bfd27e
locked,adult_income,single_model,synthetic_sensor_failure,primary,unsafe_acceptance_rate,lower_is_better,0.03312247644683715,0.0|0.05|0.1|0.2|0.4|0.6|0.8|1.0,0614d918e178410dcd7d1b08c2c15fcd57f566516f660f6bc92dfa4a3efb5c77
locked,adult_income,single_model,synthetic_sensor_failure,primary,technical_failure_rate,lower_is_better,0.0,0.0|0.05|0.1|0.2|0.4|0.6|0.8|1.0,7cb9a982ab4e1a15a5afd34ac239b813e9bc047c1520c92f1259c49be0e97264
locked,adult_income,single_model,synthetic_sensor_failure,primary,rejection_rate,context_dependent,0.9354473791973792,0.0|0.05|0.1|0.2|0.4|0.6|0.8|1.0,d33fdc251035ec4ba19d6abfc85c105892ef8e02133f9de0000a1702e3406035
locked,adult_income,single_model,synthetic_sensor_failure,shadow,accuracy,higher_is_better,0.774810606060606,0.0|0.05|0.1|0.2|0.4|0.6|0.8|1.0,12a9b7d575143d02385178cf7ced2b5d6966ff1f494f4ce866eb32d8d9db6579
locked,adult_income,single_model,synthetic_sensor_failure,shadow,f1,higher_is_better,0.17328796658612555,0.0|0.05|0.1|0.2|0.4|0.6|0.8|1.0,54be09651b5459589e3b9f04e87e38ffe3eff255368525bc9e85305de11477b2
locked,adult_income,single_model,synthetic_sensor_failure,shadow,unsafe_acceptance_rate,lower_is_better,0.03312247644683715,0.0|0.05|0.1|0.2|0.4|0.6|0.8|1.0,6b176ce7282486270d8d00e0d5c4ed90eea0a2f02e140768d7b7b1b5dd4cbc9e
locked,adult_income,single_model,synthetic_sensor_failure,shadow,technical_failure_rate,lower_is_better,0.0,0.0|0.05|0.1|0.2|0.4|0.6|0.8|1.0,0e4d2e1c68d86026031ba038fc0de82cbfc49e03702db7b91dccbe3bef54dcbf
locked,adult_income,single_model,synthetic_sensor_failure,shadow,rejection_rate,context_dependent,0.9354473791973792,0.0|0.05|0.1|0.2|0.4|0.6|0.8|1.0,e487e27e9fab4cb971b9e612785db1a793c12d81ae68e7b9bfa96bc77a967612
audit,adult_income,static_weighted_ensemble,adversarial_confidence_inflation,audit,accuracy,higher_is_better,0.8470004095004096,0.0|0.05|0.1|0.2|0.4|0.6|0.8|1.0,76f0796a912ce051b5a2a42c217d74feb9d7b86e2d79ab5da9ad3ee2868d089b
audit,adult_income,static_weighted_ensemble,adversarial_confidence_inflation,audit,f1,higher_is_better,0.6578680601921328,0.0|0.05|0.1|0.2|0.4|0.6|0.8|1.0,a3fe414d0b0062a50414f21d4053147e773f3c3ac2ce605a52786e10aa445d41
audit,adult_income,static_weighted_ensemble,adversarial_confidence_inflation,audit,unsafe_acceptance_rate,lower_is_better,0.08012199497667744,0.0|0.05|0.1|0.2|0.4|0.6|0.8|1.0,74ec59fc94fd91a83cdec5a5d9aef9964dedf2bb45c8a0253fb4a7a68f7beb16
audit,adult_income,static_weighted_ensemble,adversarial_confidence_inflation,audit,technical_failure_rate,lower_is_better,0.0,0.0|0.05|0.1|0.2|0.4|0.6|0.8|1.0,92a71ac7593dd150946270f5d8a06c594a14b17296055a685483ce5a1db1bca6
audit,adult_income,static_weighted_ensemble,adversarial_confidence_inflation,audit,rejection_rate,context_dependent,0.7919294294294295,0.0|0.05|0.1|0.2|0.4|0.6|0.8|1.0,3509166b6a457439b138f5b00165cdfdfd04680b8e250298660967db72f158fe
audit,adult_income,static_weighted_ensemble,adversarial_confidence_inflation,shadow,accuracy,higher_is_better,0.8461302211302212,0.0|0.05|0.1|0.2|0.4|0.6|0.8|1.0,dcf897b49e024d830a7f26030bcd3cf8baf4115046f3fe01744d4a1584bff2a2
audit,adult_income,static_weighted_ensemble,adversarial_confidence_inflation,shadow,f1,higher_is_better,0.6553121165173724,0.0|0.05|0.1|0.2|0.4|0.6|0.8|1.0,e4cf55665dd7cfcf71e76dca8ee01d55631f8bc68f4fb6a44b5d702987fe5b37
audit,adult_income,static_weighted_ensemble,adversarial_confidence_inflation,shadow,unsafe_acceptance_rate,lower_is_better,0.08018030139935414,0.0|0.05|0.1|0.2|0.4|0.6|0.8|1.0,118209192f11ab2fee846866540eb00a541d33b61dbd24a7cec28a0d9c60cfdd
audit,adult_income,static_weighted_ensemble,adversarial_confidence_inflation,shadow,technical_failure_rate,lower_is_better,0.0,0.0|0.05|0.1|0.2|0.4|0.6|0.8|1.0,7483d3ab309535bbac49463368b863b478cf4125b7d4582ed0c8d739c1f247d6
audit,adult_income,static_weighted_ensemble,adversarial_confidence_inflation,shadow,rejection_rate,context_dependent,0.7927108927108928,0.0|0.05|0.1|0.2|0.4|0.6|0.8|1.0,511633715e0055b4a99086dea4ebca0292319a4562d55b3467275bbfbd60c040
locked,adult_income,static_weighted_ensemble,adversarial_confidence_inflation,primary,accuracy,higher_is_better,0.8554412366912367,0.0|0.05|0.1|0.2|0.4|0.6|0.8|1.0,2d62b112ff2660603e674ce351ce58b9db5d885a6335eb9454202998f6672ba3
locked,adult_income,static_weighted_ensemble,adversarial_confidence_inflation,primary,f1,higher_is_better,0.6677128803825203,0.0|0.05|0.1|0.2|0.4|0.6|0.8|1.0,792c4ca76e8b9853beb7c943d543c78f16a188005cb45a3d2b58452bcbbaf862
locked,adult_income,static_weighted_ensemble,adversarial_confidence_inflation,primary,unsafe_acceptance_rate,lower_is_better,0.0663257065948856,0.0|0.05|0.1|0.2|0.4|0.6|0.8|1.0,fd80b4aabc0703fdad9a0f8a20b70800c886d506d1eeee843a7a941ab3a6918a
locked,adult_income,static_weighted_ensemble,adversarial_confidence_inflation,primary,technical_failure_rate,lower_is_better,0.0,0.0|0.05|0.1|0.2|0.4|0.6|0.8|1.0,e9c043d7502846c795ee58ed342dd67c74ed7c50ac145446c92bd56b916ae164
locked,adult_income,static_weighted_ensemble,adversarial_confidence_inflation,primary,rejection_rate,context_dependent,0.8043048730548731,0.0|0.05|0.1|0.2|0.4|0.6|0.8|1.0,c751d88d1f4ec1e45d2e17993d53f4cebb5adcf11ca4d14b95969ce722ff2af6
locked,adult_income,static_weighted_ensemble,adversarial_confidence_inflation,shadow,accuracy,higher_is_better,0.8556818181818182,0.0|0.05|0.1|0.2|0.4|0.6|0.8|1.0,19f64b81a7541f12791ff745d89ca3645797e69989d8f4c2359168481780df15
locked,adult_income,static_weighted_ensemble,adversarial_confidence_inflation,shadow,f1,higher_is_better,0.6685101613043609,0.0|0.05|0.1|0.2|0.4|0.6|0.8|1.0,d61d0e679078b881f0c93a5a904e3c9b23f078c86c82ac75bd47f577e6cdc97f
locked,adult_income,static_weighted_ensemble,adversarial_confidence_inflation,shadow,unsafe_acceptance_rate,lower_is_better,0.06637617765814266,0.0|0.05|0.1|0.2|0.4|0.6|0.8|1.0,957fdba7f81844367c112d706a503c2b0c623e38dda22d17c88e058d4c3cb8bb
locked,adult_income,static_weighted_ensemble,adversarial_confidence_inflation,shadow,technical_failure_rate,lower_is_better,0.0,0.0|0.05|0.1|0.2|0.4|0.6|0.8|1.0,8ae8c0ea5134fd066375d28dc465f769da51af90b09819107b7486fa43df83be
locked,adult_income,static_weighted_ensemble,adversarial_confidence_inflation,shadow,rejection_rate,context_dependent,0.8039875102375103,0.0|0.05|0.1|0.2|0.4|0.6|0.8|1.0,6ff3a06e9c29991f8a5d9ae5cc7bc4da261dc06655d72f860c9c258eb8f17b2a
audit,adult_income,static_weighted_ensemble,confidence_distortion,audit,accuracy,higher_is_better,0.855036855036855,0.0|0.05|0.1|0.2|0.4|0.6|0.8|1.0,f3631e0aae4948c75fcb975f861767c686e4a72e23e7e6b33530214a6ad6880a
audit,adult_income,static_weighted_ensemble,confidence_distortion,audit,f1,higher_is_better,0.676416819012797,0.0|0.05|0.1|0.2|0.4|0.6|0.8|1.0,2d4a4a21ac49b98f0081764a89af11948627ffd60f61437d48910526fde81ce2
audit,adult_income,static_weighted_ensemble,confidence_distortion,audit,unsafe_acceptance_rate,lower_is_better,0.07534983853606028,0.0|0.05|0.1|0.2|0.4|0.6|0.8|1.0,ed53dada0ce057199c161c24129d0555f31076602ea1bf09cb82de7cd310c882
audit,adult_income,static_weighted_ensemble,confidence_distortion,audit,technical_failure_rate,lower_is_better,0.0,0.0|0.05|0.1|0.2|0.4|0.6|0.8|1.0,8bfb08f7658d69ac90d9efa4e26c57e9effcda4e346f98a733c3dea36e057990
audit,adult_income,static_weighted_ensemble,confidence_distortion,audit,rejection_rate,context_dependent,0.7911547911547911,0.0|0.05|0.1|0.2|0.4|0.6|0.8|1.0,bbfc16de7d6d856d03e201f3f8c243bffd0f2658a5dc6f3f9afc80fd6f234c74
audit,adult_income,static_weighted_ensemble,confidence_distortion,shadow,accuracy,higher_is_better,0.855036855036855,0.0|0.05|0.1|0.2|0.4|0.6|0.8|1.0,0f19829cd24234c70abb4cf07505172c3be30431997d1f132938827ea01d56bf
audit,adult_income,static_weighted_ensemble,confidence_distortion,shadow,f1,higher_is_better,0.676416819012797,0.0|0.05|0.1|0.2|0.4|0.6|0.8|1.0,ed188c6f7798f3ef2708ef99e00c703cafcb26c86918599a760dba7f3e8dff9d
audit,adult_income,static_weighted_ensemble,confidence_distortion,shadow,unsafe_acceptance_rate,lower_is_better,0.07534983853606028,0.0|0.05|0.1|0.2|0.4|0.6|0.8|1.0,75e73c859d94f8376c8c73aaf67e5e18bef39dd8175aacc114183bbf85f03f11
audit,adult_income,static_weighted_ensemble,confidence_distortion,shadow,technical_failure_rate,lower_is_better,0.0,0.0|0.05|0.1|0.2|0.4|0.6|0.8|1.0,e396657cc6de78701510641d4a99486daf3c15647a157d863e8cded4d124598d
audit,adult_income,static_weighted_ensemble,confidence_distortion,shadow,rejection_rate,context_dependent,0.7911547911547911,0.0|0.05|0.1|0.2|0.4|0.6|0.8|1.0,d4219835f69ebeadfa55a16caa64a00bf6950cd62f9cf85ae544a7ccdfa22fab
locked,adult_income,static_weighted_ensemble,confidence_distortion,primary,accuracy,higher_is_better,0.8632268632268633,0.0|0.05|0.1|0.2|0.4|0.6|0.8|1.0,d25c0ebdca59cfc7cc365667f1b02e6591a0304f4f183ea17c863280f09b8a69
locked,adult_income,static_weighted_ensemble,confidence_distortion,primary,f1,higher_is_better,0.6857949200376293,0.0|0.05|0.1|0.2|0.4|0.6|0.8|1.0,e0c956b4c73e714dcce29d2aacd5ee861d17649164183e74fba49af3b7bd7eb0
locked,adult_income,static_weighted_ensemble,confidence_distortion,primary,unsafe_acceptance_rate,lower_is_better,0.06137281292059219,0.0|0.05|0.1|0.2|0.4|0.6|0.8|1.0,b487edd771ec6bc026c76fa6d0fcfc65d4a43521a7385f63668c56e5c7a28760
locked,adult_income,static_weighted_ensemble,confidence_distortion,primary,technical_failure_rate,lower_is_better,0.0,0.0|0.05|0.1|0.2|0.4|0.6|0.8|1.0,ea06f17db9a2eb334505ba20c499b94989998c74abe688e21ca321f9b03a6848
locked,adult_income,static_weighted_ensemble,confidence_distortion,primary,rejection_rate,context_dependent,0.8040540540540542,0.0|0.05|0.1|0.2|0.4|0.6|0.8|1.0,16ee921e546d901577356b5b675c575f6208ac376bc119da0380c8cfb51ae53a
locked,adult_income,static_weighted_ensemble,confidence_distortion,shadow,accuracy,higher_is_better,0.8632268632268633,0.0|0.05|0.1|0.2|0.4|0.6|0.8|1.0,7a047827589c2479369ce1355e8904142c184db46ec35ac4fd9245d163f6caf5
locked,adult_income,static_weighted_ensemble,confidence_distortion,shadow,f1,higher_is_better,0.6857949200376293,0.0|0.05|0.1|0.2|0.4|0.6|0.8|1.0,e7365ba791ffd2acc944d4a379151896aa5defe9a19389514c2928f130df853f
locked,adult_income,static_weighted_ensemble,confidence_distortion,shadow,unsafe_acceptance_rate,lower_is_better,0.06137281292059219,0.0|0.05|0.1|0.2|0.4|0.6|0.8|1.0,53aa9e12f3de255587b49a496089f668fe2f5ba44b028f319383d5ac558f9642
locked,adult_income,static_weighted_ensemble,confidence_distortion,shadow,technical_failure_rate,lower_is_better,0.0,0.0|0.05|0.1|0.2|0.4|0.6|0.8|1.0,a0161eb43d3786c75692bed316e9a1cad35747c55ca01f77eaaf69baf4a94b14
locked,adult_income,static_weighted_ensemble,confidence_distortion,shadow,rejection_rate,context_dependent,0.8040540540540542,0.0|0.05|0.1|0.2|0.4|0.6|0.8|1.0,bf71f2c8d4cd14d76442e45c24bc35e51deecdab8314451e02d95a3e9968bb3c
audit,adult_income,static_weighted_ensemble,distribution_shift,audit,accuracy,higher_is_better,0.8667239184539195,0.0|0.05|0.1|0.2|0.4|0.6|0.8|1.0,81ef487d24180ff62aa15b64fc97a3715ad9183c7d452df61f8c8adebf0bbd70
audit,adult_income,static_weighted_ensemble,distribution_shift,audit,f1,higher_is_better,0.738543139494093,0.0|0.05|0.1|0.2|0.4|0.6|0.8|1.0,aaac8cee06079c434446cd396f23b840f2676eff6567ebbcb860d4f97cd55bf7
audit,adult_income,static_weighted_ensemble,distribution_shift,audit,unsafe_acceptance_rate,lower_is_better,0.07508825411702473,0.0|0.05|0.1|0.2|0.4|0.6|0.8|1.0,f9436463292e96c4adc5c3f7160338e1730c1314f339e504549c6103b1a630db
audit,adult_income,static_weighted_ensemble,distribution_shift,audit,technical_failure_rate,lower_is_better,0.0,0.0|0.05|0.1|0.2|0.4|0.6|0.8|1.0,17525da808728e5883422f69841c57225ecc41d7353e7b87bd5a966a246587c9
audit,adult_income,static_weighted_ensemble,distribution_shift,audit,rejection_rate,context_dependent,0.7539453031125454,0.0|0.05|0.1|0.2|0.4|0.6|0.8|1.0,d11e5bbfecf88ad91925ac11cfe20b77e71c15fd78635e4a0bc8339f73d2533d
audit,adult_income,static_weighted_ensemble,distribution_shift,shadow,accuracy,higher_is_better,0.8667239184539195,0.0|0.05|0.1|0.2|0.4|0.6|0.8|1.0,f5dec0eb9360b6154fac2cbed976efdb54e65466b5272ba68d15d6d72e7745f7
audit,adult_income,static_weighted_ensemble,distribution_shift,shadow,f1,higher_is_better,0.738543139494093,0.0|0.05|0.1|0.2|0.4|0.6|0.8|1.0,6eb3f6dbc1385d69e95fb5d61245749fa9b4d2306526db5858c48bb2c3afb06e
audit,adult_income,static_weighted_ensemble,distribution_shift,shadow,unsafe_acceptance_rate,lower_is_better,0.07508825411702473,0.0|0.05|0.1|0.2|0.4|0.6|0.8|1.0,030c3c9438a84fadd64c5006c5ff947f47429b98c17e269348dc65a5839e233e
audit,adult_income,static_weighted_ensemble,distribution_shift,shadow,technical_failure_rate,lower_is_better,0.0,0.0|0.05|0.1|0.2|0.4|0.6|0.8|1.0,c4cf9c7b459ede9435e9999e2ebd123e8a1f1ba65548a3a813fcb4e814c1b948
audit,adult_income,static_weighted_ensemble,distribution_shift,shadow,rejection_rate,context_dependent,0.7539453031125454,0.0|0.05|0.1|0.2|0.4|0.6|0.8|1.0,d9b268454cd5c1adf859934fe2f72a056a62bcc5563b391ead792c77d8e0b826
locked,adult_income,static_weighted_ensemble,distribution_shift,primary,accuracy,higher_is_better,0.8711936644954361,0.0|0.05|0.1|0.2|0.4|0.6|0.8|1.0,e0f175be23309e3627b30609d9a116234885a7c7cff040d66de3073564a59374
locked,adult_income,static_weighted_ensemble,distribution_shift,primary,f1,higher_is_better,0.7431659645692723,0.0|0.05|0.1|0.2|0.4|0.6|0.8|1.0,e7175f62b51e1a9ffad0d795f1682fc182b00545e0b18f8cabaf31b2c28c72b5
locked,adult_income,static_weighted_ensemble,distribution_shift,primary,unsafe_acceptance_rate,lower_is_better,0.06785108912911526,0.0|0.05|0.1|0.2|0.4|0.6|0.8|1.0,a5d58ec6b3c429a7361077676a84d391dd7c7dda4e29f83e69c9c1a2f39e0c29
locked,adult_income,static_weighted_ensemble,distribution_shift,primary,technical_failure_rate,lower_is_better,0.0,0.0|0.05|0.1|0.2|0.4|0.6|0.8|1.0,b86429fcea0cf5bac2ec85abfde637f686ca8e7740a938c95d033321f37d7cc4
locked,adult_income,static_weighted_ensemble,distribution_shift,primary,rejection_rate,context_dependent,0.7605559695315411,0.0|0.05|0.1|0.2|0.4|0.6|0.8|1.0,b25e2d0f3e6a5ed9ef1464b4160d440022325e9e07e1957efd6c3c376b923511
locked,adult_income,static_weighted_ensemble,distribution_shift,shadow,accuracy,higher_is_better,0.8711936644954361,0.0|0.05|0.1|0.2|0.4|0.6|0.8|1.0,893d6cfd44b367fcd89b9043ba3d470dd6e58c0038285ea5e6dba23300cf8200
locked,adult_income,static_weighted_ensemble,distribution_shift,shadow,f1,higher_is_better,0.7431659645692723,0.0|0.05|0.1|0.2|0.4|0.6|0.8|1.0,064f1930624930f073cb00a2d715c71c53d67c9e7ff7f0e35e9a1624e2e2e30e
locked,adult_income,static_weighted_ensemble,distribution_shift,shadow,unsafe_acceptance_rate,lower_is_better,0.06785108912911526,0.0|0.05|0.1|0.2|0.4|0.6|0.8|1.0,e8bf6678258642be0e2b794ad7d0fe97bc3ee1b3611a7f1dd42576dc990cab0a
locked,adult_income,static_weighted_ensemble,distribution_shift,shadow,technical_failure_rate,lower_is_better,0.0,0.0|0.05|0.1|0.2|0.4|0.6|0.8|1.0,77189f6c70bdcf5434fcdea2564e2913c2296a355f08b0a1c2a1b86d3eb7fafa
locked,adult_income,static_weighted_ensemble,distribution_shift,shadow,rejection_rate,context_dependent,0.7605559695315411,0.0|0.05|0.1|0.2|0.4|0.6|0.8|1.0,3f4d0a8ddc386f13db0bb51f403b94389fc736b0ca1e76eeab25e3591bae82a4
audit,adult_income,static_weighted_ensemble,feature_noise,audit,accuracy,higher_is_better,0.8343809718809718,0.0|0.05|0.1|0.2|0.4|0.6|0.8|1.0,5673aa03e119eb02bbf1ede62b7a425d1e40e097ce421f7ea0c8bfb5de397a27
audit,adult_income,static_weighted_ensemble,feature_noise,audit,f1,higher_is_better,0.613179609659409,0.0|0.05|0.1|0.2|0.4|0.6|0.8|1.0,d9a5a43af8213c8b12fb411fa5c7b98848be939e404e954ff59010100afde11c
audit,adult_income,static_weighted_ensemble,feature_noise,audit,unsafe_acceptance_rate,lower_is_better,0.07688823107283818,0.0|0.05|0.1|0.2|0.4|0.6|0.8|1.0,4f4a553d4704fe82c6cc1ed0fd5516777ff0b036486a14c4dd5e6b5921f6d6b4
audit,adult_income,static_weighted_ensemble,feature_noise,audit,technical_failure_rate,lower_is_better,0.0,0.0|0.05|0.1|0.2|0.4|0.6|0.8|1.0,09ad936830bb0d9a096d2cc2849f41b4010999e6fe58543f10268551df52b491
audit,adult_income,static_weighted_ensemble,feature_noise,audit,rejection_rate,context_dependent,0.809469696969697,0.0|0.05|0.1|0.2|0.4|0.6|0.8|1.0,83f6da71ebf3c30f47096fede94efe2cc32e79a9c64de319b160f0d58771b2f6
audit,adult_income,static_weighted_ensemble,feature_noise,shadow,accuracy,higher_is_better,0.835370597870598,0.0|0.05|0.1|0.2|0.4|0.6|0.8|1.0,5e90126895422217a07551ed7f7c2caf2c67119c361d8746af7f012b355db758
audit,adult_income,static_weighted_ensemble,feature_noise,shadow,f1,higher_is_better,0.616089133037071,0.0|0.05|0.1|0.2|0.4|0.6|0.8|1.0,0fe379825222d01537bba9e913619362ea1d9f6ce616aa5421ee33cfaaf3a2a7
audit,adult_income,static_weighted_ensemble,feature_noise,shadow,unsafe_acceptance_rate,lower_is_better,0.07641280947255114,0.0|0.05|0.1|0.2|0.4|0.6|0.8|1.0,3f9534cd766b2fd38567c2f511f8624914f8070fc81c65119f6748203ef53d14
audit,adult_income,static_weighted_ensemble,feature_noise,shadow,technical_failure_rate,lower_is_better,0.0,0.0|0.05|0.1|0.2|0.4|0.6|0.8|1.0,a42df58dcd71bee20c44f1676c179e222ad43152df02e4053f979873cfb95d3e
audit,adult_income,static_weighted_ensemble,feature_noise,shadow,rejection_rate,context_dependent,0.8092035217035217,0.0|0.05|0.1|0.2|0.4|0.6|0.8|1.0,c403e269f94dd4149b0e1d2f5878aa7b84f67a5e55235d37a7ca5090c34d1de9
locked,adult_income,static_weighted_ensemble,feature_noise,primary,accuracy,higher_is_better,0.8474883974883975,0.0|0.05|0.1|0.2|0.4|0.6|0.8|1.0,28e0e717cb816451419d3a99bb47a061eb7f0f31223066f96dd62fa659d12e09
locked,adult_income,static_weighted_ensemble,feature_noise,primary,f1,higher_is_better,0.6388543252074934,0.0|0.05|0.1|0.2|0.4|0.6|0.8|1.0,0d6441f24b47a4a54c1a14788d8f89494472015ecb16f4a3cfd1b2e6fb140520
locked,adult_income,static_weighted_ensemble,feature_noise,primary,unsafe_acceptance_rate,lower_is_better,0.06383131449080305,0.0|0.05|0.1|0.2|0.4|0.6|0.8|1.0,27f1a821bc33f9ae50e28aab03eb4b989dd2330fb9df28a90bf431f607ed21c3
locked,adult_income,static_weighted_ensemble,feature_noise,primary,technical_failure_rate,lower_is_better,0.0,0.0|0.05|0.1|0.2|0.4|0.6|0.8|1.0,6e75cebe977aa06bb4548e3a9e93f69a4f2f14904e4635c4c41039411623d219
locked,adult_income,static_weighted_ensemble,feature_noise,primary,rejection_rate,context_dependent,0.816052416052416,0.0|0.05|0.1|0.2|0.4|0.6|0.8|1.0,e0068a604b84d97f16e7dd430056a77c2a771fc54784003ec45f731455e35743
locked,adult_income,static_weighted_ensemble,feature_noise,shadow,accuracy,higher_is_better,0.8456490581490581,0.0|0.05|0.1|0.2|0.4|0.6|0.8|1.0,2e1a7e950ac8df9ec6c2a2198c79c5e02062eb615c102e3e4cef421fb17ff4a9
locked,adult_income,static_weighted_ensemble,feature_noise,shadow,f1,higher_is_better,0.6340170522401662,0.0|0.05|0.1|0.2|0.4|0.6|0.8|1.0,c1c95451b40ca216d88c4df223c5f0c67c55a490be9dab6895ce06a681d992c7
locked,adult_income,static_weighted_ensemble,feature_noise,shadow,unsafe_acceptance_rate,lower_is_better,0.06478465679676985,0.0|0.05|0.1|0.2|0.4|0.6|0.8|1.0,4cee1c3aec74b0f84b8fb887951c03ed2f394e3470510de6ec78f11a15ba73d3
locked,adult_income,static_weighted_ensemble,feature_noise,shadow,technical_failure_rate,lower_is_better,0.0,0.0|0.05|0.1|0.2|0.4|0.6|0.8|1.0,970ee1a0a149380258fa1d7479b8dc3354027892d15dc3b237e94afe9a75de54
locked,adult_income,static_weighted_ensemble,feature_noise,shadow,rejection_rate,context_dependent,0.8164414414414414,0.0|0.05|0.1|0.2|0.4|0.6|0.8|1.0,6e72f516be8515515d70884e24152340e905a87c43fc24fbde7eeb144e01c750
audit,adult_income,static_weighted_ensemble,label_noise,audit,accuracy,higher_is_better,0.855036855036855,0.0|0.05|0.1|0.2|0.4|0.6|0.8|1.0,9f6c05e4eb97bde757c04c205655ae82eb76886963ef99bf9203d36ed047e591
audit,adult_income,static_weighted_ensemble,label_noise,audit,f1,higher_is_better,0.676416819012797,0.0|0.05|0.1|0.2|0.4|0.6|0.8|1.0,d43633928e4d2c3d058ba220ecdbecc14502d7c24297b8259fcee1c6e9c6ef0a
audit,adult_income,static_weighted_ensemble,label_noise,audit,unsafe_acceptance_rate,lower_is_better,0.07534983853606028,0.0|0.05|0.1|0.2|0.4|0.6|0.8|1.0,a2112348821a460592d178cbcc7091e7d2218813c5e684afea85d5508fd3f1a3
audit,adult_income,static_weighted_ensemble,label_noise,audit,technical_failure_rate,lower_is_better,0.0,0.0|0.05|0.1|0.2|0.4|0.6|0.8|1.0,07ebb42f0629e425211e45f25c22096f4789676812942fc052eeb38cd3cc1682
audit,adult_income,static_weighted_ensemble,label_noise,audit,rejection_rate,context_dependent,0.7911547911547911,0.0|0.05|0.1|0.2|0.4|0.6|0.8|1.0,0a237dffe16d5ae1d6322cf12d28b731e95c15fdff7ade57d8a587124b04ce70
audit,adult_income,static_weighted_ensemble,label_noise,shadow,accuracy,higher_is_better,0.855036855036855,0.0|0.05|0.1|0.2|0.4|0.6|0.8|1.0,331511c6e38273b6c1fc6adac313021755cb82fa00a2e7724fbfd4d56ffa011d
audit,adult_income,static_weighted_ensemble,label_noise,shadow,f1,higher_is_better,0.676416819012797,0.0|0.05|0.1|0.2|0.4|0.6|0.8|1.0,29c4d3d19d583050bc9f2c210531594700c38851f673e2a38aed4c2651cfc76e
audit,adult_income,static_weighted_ensemble,label_noise,shadow,unsafe_acceptance_rate,lower_is_better,0.07534983853606028,0.0|0.05|0.1|0.2|0.4|0.6|0.8|1.0,d5f1c2ae9e6ce670ac0399b18c078bfdce6440c8553ac74b4ef2edaea6e2fa47
audit,adult_income,static_weighted_ensemble,label_noise,shadow,technical_failure_rate,lower_is_better,0.0,0.0|0.05|0.1|0.2|0.4|0.6|0.8|1.0,a57e11e2bd7223973adc3bf660594c4e08c5d7fcdc5049ae0bc3ef1f65270af9
audit,adult_income,static_weighted_ensemble,label_noise,shadow,rejection_rate,context_dependent,0.7911547911547911,0.0|0.05|0.1|0.2|0.4|0.6|0.8|1.0,44eeff7e8db52c8272e10e6462cf315ae2509b3bc6815d074d979ea476984e1a
locked,adult_income,static_weighted_ensemble,label_noise,primary,accuracy,higher_is_better,0.8632268632268633,0.0|0.05|0.1|0.2|0.4|0.6|0.8|1.0,3957e6f0dd1c19c21aa96503277d098d59ed8188bca8afeb4b54eab0abca820f
locked,adult_income,static_weighted_ensemble,label_noise,primary,f1,higher_is_better,0.6857949200376293,0.0|0.05|0.1|0.2|0.4|0.6|0.8|1.0,923a9ffded24d44d8d04dccd9baca850fcfac75a3c031831b86975401815137f
locked,adult_income,static_weighted_ensemble,label_noise,primary,unsafe_acceptance_rate,lower_is_better,0.06137281292059219,0.0|0.05|0.1|0.2|0.4|0.6|0.8|1.0,f3b93d99febd1d3943c46b3165b905d3a7dc677cf6652ded35978b2e2776083a
locked,adult_income,static_weighted_ensemble,label_noise,primary,technical_failure_rate,lower_is_better,0.0,0.0|0.05|0.1|0.2|0.4|0.6|0.8|1.0,25e753762fd05a9876bfad90d3f2a2dcd1957dd4b84d8ff7bc0bbda349a87f50
locked,adult_income,static_weighted_ensemble,label_noise,primary,rejection_rate,context_dependent,0.8040540540540542,0.0|0.05|0.1|0.2|0.4|0.6|0.8|1.0,8e459c302553d037a65e2d8bd987d173c92c19354ebade4b643ed02c442abeb0
locked,adult_income,static_weighted_ensemble,label_noise,shadow,accuracy,higher_is_better,0.8632268632268633,0.0|0.05|0.1|0.2|0.4|0.6|0.8|1.0,e92973b353ed84578bf21eefcc1a12de0d82d71935cb829194c65f49d0440d5d
locked,adult_income,static_weighted_ensemble,label_noise,shadow,f1,higher_is_better,0.6857949200376293,0.0|0.05|0.1|0.2|0.4|0.6|0.8|1.0,bacb8048bdd417697751b7840d32bdc5bf3b736a8a4b945e71dba1f4d3330114
locked,adult_income,static_weighted_ensemble,label_noise,shadow,unsafe_acceptance_rate,lower_is_better,0.06137281292059219,0.0|0.05|0.1|0.2|0.4|0.6|0.8|1.0,78548db8f5fae9ea864ef25666d3e1c52cd492adeb905e5930cc9cd0a857963a
locked,adult_income,static_weighted_ensemble,label_noise,shadow,technical_failure_rate,lower_is_better,0.0,0.0|0.05|0.1|0.2|0.4|0.6|0.8|1.0,92c0b2ff9dd0f8fff192ea70609a0120674c1f8f628ba649e0ca17d94b5edf4a
locked,adult_income,static_weighted_ensemble,label_noise,shadow,rejection_rate,context_dependent,0.8040540540540542,0.0|0.05|0.1|0.2|0.4|0.6|0.8|1.0,4b24245ec7dd1ee45e6c171bf58be363316b5afac0b47d6ff70be646d3d39ec4
audit,adult_income,static_weighted_ensemble,missing_features,audit,accuracy,higher_is_better,0.8035797160797162,0.0|0.05|0.1|0.2|0.4|0.6|0.8|1.0,ea71059570157d4fccd799865270cbf0c2a9fefc0cea0d45c9101cc5ffb9d44e
audit,adult_income,static_weighted_ensemble,missing_features,audit,f1,higher_is_better,0.3607752512267245,0.0|0.05|0.1|0.2|0.4|0.6|0.8|1.0,9e69c188c7a825b222681376d190291376ad852a284d1cbc1d81b58bcc1ce9b3
audit,adult_income,static_weighted_ensemble,missing_features,audit,unsafe_acceptance_rate,lower_is_better,0.03089343379978472,0.0|0.05|0.1|0.2|0.4|0.6|0.8|1.0,f0addc0fb2fd14cda2b57251178babea7838537aacb736656022108569427873
audit,adult_income,static_weighted_ensemble,missing_features,audit,technical_failure_rate,lower_is_better,0.0,0.0|0.05|0.1|0.2|0.4|0.6|0.8|1.0,750ec5bf51097da90e9fc00da39225a1df5bc5117893926e18ab747de4a95aaf
audit,adult_income,static_weighted_ensemble,missing_features,audit,rejection_rate,context_dependent,0.9102613977613978,0.0|0.05|0.1|0.2|0.4|0.6|0.8|1.0,2f7871f52f304ebf1382a2d2bee22a41b979ad52d984045d1a1515aae4cffda4
audit,adult_income,static_weighted_ensemble,missing_features,shadow,accuracy,higher_is_better,0.8038032350532351,0.0|0.05|0.1|0.2|0.4|0.6|0.8|1.0,584ab3eb53ccda1c4006b1b231cd313b93fb3f7518627f987e75fe583342efbb
audit,adult_income,static_weighted_ensemble,missing_features,shadow,f1,higher_is_better,0.3597907237834795,0.0|0.05|0.1|0.2|0.4|0.6|0.8|1.0,acfa07121cbbc3fa0c070a841016b1fb1b3a7c6ed111283d65fa24f156470f73
audit,adult_income,static_weighted_ensemble,missing_features,shadow,unsafe_acceptance_rate,lower_is_better,0.030294671689989238,0.0|0.05|0.1|0.2|0.4|0.6|0.8|1.0,e7badf1fc411c86233c8934ac34ed14cedf1a5aee0a7edad5a5e5b60783b2818
audit,adult_income,static_weighted_ensemble,missing_features,shadow,technical_failure_rate,lower_is_better,0.0,0.0|0.05|0.1|0.2|0.4|0.6|0.8|1.0,9c3f0905307cf2029cb08e1669123c97c1d4626d6fc4fa4a2fc5ed7d584e0ce7
audit,adult_income,static_weighted_ensemble,missing_features,shadow,rejection_rate,context_dependent,0.9109490171990172,0.0|0.05|0.1|0.2|0.4|0.6|0.8|1.0,f755a5f4cc678e77390dcd8945a45c446328ea8a01c5a80c706803cebd732eed
locked,adult_income,static_weighted_ensemble,missing_features,primary,accuracy,higher_is_better,0.8065997815997816,0.0|0.05|0.1|0.2|0.4|0.6|0.8|1.0,314bb4cbfec846fb178d459213dbfacb253726eb16c193392a10623323a20a9d
locked,adult_income,static_weighted_ensemble,missing_features,primary,f1,higher_is_better,0.3645808018878794,0.0|0.05|0.1|0.2|0.4|0.6|0.8|1.0,77abe562857854012123a13cec37f1e29ba34946fe0523ade7d6f94675c92abf
locked,adult_income,static_weighted_ensemble,missing_features,primary,unsafe_acceptance_rate,lower_is_better,0.026947061462539255,0.0|0.05|0.1|0.2|0.4|0.6|0.8|1.0,ae038590700f6045ea57fccb0b797c52a1cdfced31eefa9e3fde090ebd4c4d1f
locked,adult_income,static_weighted_ensemble,missing_features,primary,technical_failure_rate,lower_is_better,0.0,0.0|0.05|0.1|0.2|0.4|0.6|0.8|1.0,5a05b49299ff52606e2532371bc1b8cbd678f76f13947a53792d05e4e86c5345
locked,adult_income,static_weighted_ensemble,missing_features,primary,rejection_rate,context_dependent,0.9130528255528256,0.0|0.05|0.1|0.2|0.4|0.6|0.8|1.0,95fac03ff9a1ea8a6ffd68aece273a481338b7c97d7cfc41070cff6296dba8d5
locked,adult_income,static_weighted_ensemble,missing_features,shadow,accuracy,higher_is_better,0.8067772317772317,0.0|0.05|0.1|0.2|0.4|0.6|0.8|1.0,034e534290fb36223041575709b41eb739f2c7ac28a9d52fb251dbf79f1dea52
locked,adult_income,static_weighted_ensemble,missing_features,shadow,f1,higher_is_better,0.36578127462833204,0.0|0.05|0.1|0.2|0.4|0.6|0.8|1.0,f419f4c6bdc8aaaafb577d8d5fe04812660cbbc079479fb0a290c95aef93b1cd
locked,adult_income,static_weighted_ensemble,missing_features,shadow,unsafe_acceptance_rate,lower_is_better,0.02684724091520861,0.0|0.05|0.1|0.2|0.4|0.6|0.8|1.0,b7fa19954ef523c5ab9b4d9b65f56647cf1bc08a91eea5995cafb154c7437dea
locked,adult_income,static_weighted_ensemble,missing_features,shadow,technical_failure_rate,lower_is_better,0.0,0.0|0.05|0.1|0.2|0.4|0.6|0.8|1.0,736fabc5033ee0d05643b3c222fba1f4617f4f8d5a7cef2ed61226ddfaa82ce9
locked,adult_income,static_weighted_ensemble,missing_features,shadow,rejection_rate,context_dependent,0.9130272317772317,0.0|0.05|0.1|0.2|0.4|0.6|0.8|1.0,14913ce6e9df13d530e7021ec3a303008449322dc5ddd128f2a6d9afe5f0891c
audit,adult_income,static_weighted_ensemble,random_feature_deletion,audit,accuracy,higher_is_better,0.8121348621348622,0.0|0.05|0.1|0.2|0.4|0.6|0.8|1.0,b6dba6e27cc75c125ded9d43a12ae126dcbeaaee502cb6d02cd3be26cf1a4db7
audit,adult_income,static_weighted_ensemble,random_feature_deletion,audit,f1,higher_is_better,0.3914889446892787,0.0|0.05|0.1|0.2|0.4|0.6|0.8|1.0,bfabb91a89455e0068c9852f94d78ba90c230d7170599bda4b8236d0fbe39d45
audit,adult_income,static_weighted_ensemble,random_feature_deletion,audit,unsafe_acceptance_rate,lower_is_better,0.03429763186221744,0.0|0.05|0.1|0.2|0.4|0.6|0.8|1.0,486f7e833b8f64318a5aace228cb40ad361f48f88e8841f9b1640f71225b32d3
audit,adult_income,static_weighted_ensemble,random_feature_deletion,audit,technical_failure_rate,lower_is_better,0.0,0.0|0.05|0.1|0.2|0.4|0.6|0.8|1.0,e5ecf9de35c2ecc171ad6ac0f4dd433649a2bb8ff58855404e1000de31ea12ae
audit,adult_income,static_weighted_ensemble,random_feature_deletion,audit,rejection_rate,context_dependent,0.8965260715260717,0.0|0.05|0.1|0.2|0.4|0.6|0.8|1.0,e0dc45b502803b71fbb2e1839997e219cab25d524d211a7ad1d951316d20b9c5
audit,adult_income,static_weighted_ensemble,random_feature_deletion,shadow,accuracy,higher_is_better,0.8033834971334971,0.0|0.05|0.1|0.2|0.4|0.6|0.8|1.0,f250cb440350efd51c551e0a8ad84d2991058689ed73e8566b27a68a47c715f3
audit,adult_income,static_weighted_ensemble,random_feature_deletion,shadow,f1,higher_is_better,0.3399534740331745,0.0|0.05|0.1|0.2|0.4|0.6|0.8|1.0,5c96a25fa7fe4b6fad8c171cafff76ef436fb6410c5e6851987d0074c7ae43c3
audit,adult_income,static_weighted_ensemble,random_feature_deletion,shadow,unsafe_acceptance_rate,lower_is_better,0.0307521528525296,0.0|0.05|0.1|0.2|0.4|0.6|0.8|1.0,110d2d1cb0619fd1d891dee380261ce035fac76bb41c79ab8c464720ed374d98
audit,adult_income,static_weighted_ensemble,random_feature_deletion,shadow,technical_failure_rate,lower_is_better,0.0,0.0|0.05|0.1|0.2|0.4|0.6|0.8|1.0,702366d8220468bbb42696cdf5a1108775259be0989395bcce87ee56c2510c05
audit,adult_income,static_weighted_ensemble,random_feature_deletion,shadow,rejection_rate,context_dependent,0.9106726044226043,0.0|0.05|0.1|0.2|0.4|0.6|0.8|1.0,489a1ae202ca7b2a552dc682bbd91de79f081ddd53a634589973e39a29bc1444
locked,adult_income,static_weighted_ensemble,random_feature_deletion,primary,accuracy,higher_is_better,0.8103484165984165,0.0|0.05|0.1|0.2|0.4|0.6|0.8|1.0,69fe2e4c0c1ce7affd004dba163e28890cd94193a0369a220a649c1444fe045e
locked,adult_income,static_weighted_ensemble,random_feature_deletion,primary,f1,higher_is_better,0.3802401743934121,0.0|0.05|0.1|0.2|0.4|0.6|0.8|1.0,76c04f9c8bb92fea9eb53c47a31df1f51b3c59f7972385080e079d72a30c256f
locked,adult_income,static_weighted_ensemble,random_feature_deletion,primary,unsafe_acceptance_rate,lower_is_better,0.037063705697622254,0.0|0.05|0.1|0.2|0.4|0.6|0.8|1.0,56f3784023620eb922a9d8d927f4e0b36ac7b3f333aebe49b5d43ca142faa640
locked,adult_income,static_weighted_ensemble,random_feature_deletion,primary,technical_failure_rate,lower_is_better,0.0,0.0|0.05|0.1|0.2|0.4|0.6|0.8|1.0,ce43b3af47c76f6e80e6309cd618722c32b53ed803ef59a983e6c76358a7009b
locked,adult_income,static_weighted_ensemble,random_feature_deletion,primary,rejection_rate,context_dependent,0.8939138001638003,0.0|0.05|0.1|0.2|0.4|0.6|0.8|1.0,7f54abf14999dd0c5301c70b6ad8f67f69065d43adacbbf9423cf3c1ad62fcdb
locked,adult_income,static_weighted_ensemble,random_feature_deletion,shadow,accuracy,higher_is_better,0.8064189189189189,0.0|0.05|0.1|0.2|0.4|0.6|0.8|1.0,a321f44a7d3ddcf02d7deeb0d5fd0900eba8766412ee6b8418e82c8beea5c639
locked,adult_income,static_weighted_ensemble,random_feature_deletion,shadow,f1,higher_is_better,0.3555605797770364,0.0|0.05|0.1|0.2|0.4|0.6|0.8|1.0,5672149d67d7a6ce77ad155cdd096c806ab130632ced077cfe01a3f868b216fe
locked,adult_income,static_weighted_ensemble,random_feature_deletion,shadow,unsafe_acceptance_rate,lower_is_better,0.03072005383580081,0.0|0.05|0.1|0.2|0.4|0.6|0.8|1.0,ff371e59c2b793417397d013622404d0655f6adef9afe5ffd7378c76f621a2c3
locked,adult_income,static_weighted_ensemble,random_feature_deletion,shadow,technical_failure_rate,lower_is_better,0.0,0.0|0.05|0.1|0.2|0.4|0.6|0.8|1.0,33690694a323e50676fab7026571f0b14e0ded60127027ec8ae0ea1359ce8331
locked,adult_income,static_weighted_ensemble,random_feature_deletion,shadow,rejection_rate,context_dependent,0.9074938574938576,0.0|0.05|0.1|0.2|0.4|0.6|0.8|1.0,f56c3c33bfe7ea8c23cb76f92370583e89073ff7acb861fcf729a5456de279e8
audit,adult_income,static_weighted_ensemble,specialist_failure,audit,accuracy,higher_is_better,0.6694512694512695,0.0|0.05|0.1|0.2|0.4|0.6|0.8|1.0,0886fd98849a9566c897dff833868f4d835ebf9db486375893cf503b889ffe96
audit,adult_income,static_weighted_ensemble,specialist_failure,audit,f1,higher_is_better,0.5851400812869253,0.0|0.05|0.1|0.2|0.4|0.6|0.8|1.0,83f1765033cbed2c534b4f19a32e6fb8ac9dae67a6e4a8843d4e54c935d21dc5
audit,adult_income,static_weighted_ensemble,specialist_failure,audit,unsafe_acceptance_rate,lower_is_better,0.351237890204521,0.0|0.05|0.1|0.2|0.4|0.6|0.8|1.0,d4bcfcc02b2af9c8d0e56319b4d93d2710ea8c9e796d8c0b50dfb074032cc908
audit,adult_income,static_weighted_ensemble,specialist_failure,audit,technical_failure_rate,lower_is_better,0.0,0.0|0.05|0.1|0.2|0.4|0.6|0.8|1.0,35de7248b8f1c89a277ca65da662d1b0dc760b739efb9774dddc77e43617adda
audit,adult_income,static_weighted_ensemble,specialist_failure,audit,rejection_rate,context_dependent,0.556920556920557,0.0|0.05|0.1|0.2|0.4|0.6|0.8|1.0,f0e3ee7e0dec16384fdbfb3dd854c878539ce28c0e32591f7cd2d8e13e2f893f
audit,adult_income,static_weighted_ensemble,specialist_failure,shadow,accuracy,higher_is_better,0.6694512694512695,0.0|0.05|0.1|0.2|0.4|0.6|0.8|1.0,580ba73c5f6b4b1ce8c093d3b1e208f059c33328ad4d233312fa1183843b494c
audit,adult_income,static_weighted_ensemble,specialist_failure,shadow,f1,higher_is_better,0.5851400812869253,0.0|0.05|0.1|0.2|0.4|0.6|0.8|1.0,401b9450bffdaf18bfb236e61254114760d9463282035ed6a6b711fc8d1c74fb
audit,adult_income,static_weighted_ensemble,specialist_failure,shadow,unsafe_acceptance_rate,lower_is_better,0.351237890204521,0.0|0.05|0.1|0.2|0.4|0.6|0.8|1.0,a460c49e8c61d10a8d462d12bea46531b72b56a829554ab28d6d2c16d32c2dc3
audit,adult_income,static_weighted_ensemble,specialist_failure,shadow,technical_failure_rate,lower_is_better,0.0,0.0|0.05|0.1|0.2|0.4|0.6|0.8|1.0,965a667f90bfa978b5f4f473dde29799e93f164e0f203bf7dc5c9cc9b31130eb
audit,adult_income,static_weighted_ensemble,specialist_failure,shadow,rejection_rate,context_dependent,0.556920556920557,0.0|0.05|0.1|0.2|0.4|0.6|0.8|1.0,470ad30c2b14eaddcbe1a5d4fec0b7267cde2fed1f633d4c17bfa2775e6b8ba8
locked,adult_income,static_weighted_ensemble,specialist_failure,primary,accuracy,higher_is_better,0.6743447993447994,0.0|0.05|0.1|0.2|0.4|0.6|0.8|1.0,48e0c7fc5934cedec04c3ac313ceab5f3a890d1c7cf8c6b7e50bd2e2d03066c2
locked,adult_income,static_weighted_ensemble,specialist_failure,primary,f1,higher_is_better,0.5909368544570348,0.0|0.05|0.1|0.2|0.4|0.6|0.8|1.0,9c1ed3d84b8fd894c6edc086159aa73f65b39a74cb5ef109afbdcc4f46e48450
locked,adult_income,static_weighted_ensemble,specialist_failure,primary,unsafe_acceptance_rate,lower_is_better,0.34317631224764467,0.0|0.05|0.1|0.2|0.4|0.6|0.8|1.0,aba17d4025be2ae74af8215843434e036e7ce1b8b11b2cd57966f96a84813046
locked,adult_income,static_weighted_ensemble,specialist_failure,primary,technical_failure_rate,lower_is_better,0.0,0.0|0.05|0.1|0.2|0.4|0.6|0.8|1.0,d3f46382e40000e97ba8a7eaae0ffe82f9dc58f51b1f09aad1492305fd6a3102
locked,adult_income,static_weighted_ensemble,specialist_failure,primary,rejection_rate,context_dependent,0.5642301392301393,0.0|0.05|0.1|0.2|0.4|0.6|0.8|1.0,b74f696359873a284b3f7a3cdc9bd3c803cb2268be62e197bea00a8e163e0293
locked,adult_income,static_weighted_ensemble,specialist_failure,shadow,accuracy,higher_is_better,0.6743447993447994,0.0|0.05|0.1|0.2|0.4|0.6|0.8|1.0,fa4dc8db7e3b2ab0a48a7b925d23832e52a90656ed75a8a530c0b865ee3a052f
locked,adult_income,static_weighted_ensemble,specialist_failure,shadow,f1,higher_is_better,0.5909368544570348,0.0|0.05|0.1|0.2|0.4|0.6|0.8|1.0,03ac22b2b483a28fbb04d6a8ed27076b3b2c3fa86dfb96ed2bc83cba97bc6b05
locked,adult_income,static_weighted_ensemble,specialist_failure,shadow,unsafe_acceptance_rate,lower_is_better,0.34317631224764467,0.0|0.05|0.1|0.2|0.4|0.6|0.8|1.0,fb57350131ef8fcf01a36553591eb3954a109ae4b3b01eedc0370317e92bf961
locked,adult_income,static_weighted_ensemble,specialist_failure,shadow,technical_failure_rate,lower_is_better,0.0,0.0|0.05|0.1|0.2|0.4|0.6|0.8|1.0,ece18609c5551d9b66984876dc2a861dae66e0de828e39f055bdda92ac77047f
locked,adult_income,static_weighted_ensemble,specialist_failure,shadow,rejection_rate,context_dependent,0.5642301392301393,0.0|0.05|0.1|0.2|0.4|0.6|0.8|1.0,94be68001aff442dd8a37c9f7dd4e72190f3e8d859fdf494ec43f942dc6d6d51
audit,adult_income,static_weighted_ensemble,synthetic_sensor_failure,audit,accuracy,higher_is_better,0.7757063882063883,0.0|0.05|0.1|0.2|0.4|0.6|0.8|1.0,81afb38dcbe369cf9ab5669fc7efeb43c71733447231451ae3a116d2c3947687
audit,adult_income,static_weighted_ensemble,synthetic_sensor_failure,audit,f1,higher_is_better,0.15189427408134792,0.0|0.05|0.1|0.2|0.4|0.6|0.8|1.0,1c4c12a49e0c89747d562fe099c3117087da65cca4fd176c561f4bd280fede2c
audit,adult_income,static_weighted_ensemble,synthetic_sensor_failure,audit,unsafe_acceptance_rate,lower_is_better,0.01920075349838536,0.0|0.05|0.1|0.2|0.4|0.6|0.8|1.0,b7a43aad3cd9a59415762adfd37d198e6d4a55d9bb0597b570ecf07d7fdeb2f8
audit,adult_income,static_weighted_ensemble,synthetic_sensor_failure,audit,technical_failure_rate,lower_is_better,0.0,0.0|0.05|0.1|0.2|0.4|0.6|0.8|1.0,b6d2b7e10a54f455e09db1d0b8ad58f53bb1dff10117bbae274b00c8d08da7c7
audit,adult_income,static_weighted_ensemble,synthetic_sensor_failure,audit,rejection_rate,context_dependent,0.9559275184275184,0.0|0.05|0.1|0.2|0.4|0.6|0.8|1.0,316e0ab62743e01d274ae64795cfcb8397b7b78eae3f6c50d3a372815405d186
audit,adult_income,static_weighted_ensemble,synthetic_sensor_failure,shadow,accuracy,higher_is_better,0.7757063882063883,0.0|0.05|0.1|0.2|0.4|0.6|0.8|1.0,94b398ef80fcdcc887ff7fc29ee81ab11adaba569db0b47351f4aff776976c65
audit,adult_income,static_weighted_ensemble,synthetic_sensor_failure,shadow,f1,higher_is_better,0.15189427408134792,0.0|0.05|0.1|0.2|0.4|0.6|0.8|1.0,d51895eee41f0783128d51ea1382cc98fcc1cc6a3f8d28b508c912a1ce887ea0
audit,adult_income,static_weighted_ensemble,synthetic_sensor_failure,shadow,unsafe_acceptance_rate,lower_is_better,0.01920075349838536,0.0|0.05|0.1|0.2|0.4|0.6|0.8|1.0,97191277b2fba5791af6e1c1e093c7e1447746950f56e32393848511a4d81cb5
audit,adult_income,static_weighted_ensemble,synthetic_sensor_failure,shadow,technical_failure_rate,lower_is_better,0.0,0.0|0.05|0.1|0.2|0.4|0.6|0.8|1.0,3d8ee45367edfdcf8876b4fbf4d71295b88488cbdde67f2d020cbcd06bf1f68d
audit,adult_income,static_weighted_ensemble,synthetic_sensor_failure,shadow,rejection_rate,context_dependent,0.9559275184275184,0.0|0.05|0.1|0.2|0.4|0.6|0.8|1.0,b7e444e052c4ad4b6abbf5ceccbfcb01c0e4a020605c421243a88609bf2d5666
locked,adult_income,static_weighted_ensemble,synthetic_sensor_failure,primary,accuracy,higher_is_better,0.7765561015561016,0.0|0.05|0.1|0.2|0.4|0.6|0.8|1.0,9f1adfaea1e5409240063247f7970f033e6ccfa2f8a3c6bd74a3019b240f3a72
locked,adult_income,static_weighted_ensemble,synthetic_sensor_failure,primary,f1,higher_is_better,0.15464487300094076,0.0|0.05|0.1|0.2|0.4|0.6|0.8|1.0,94c642b9354cdca4b24dd2c3c4aa512300e0ceeb07073a22fa6a861c9e0bc1cb
locked,adult_income,static_weighted_ensemble,synthetic_sensor_failure,primary,unsafe_acceptance_rate,lower_is_better,0.018485868102288024,0.0|0.05|0.1|0.2|0.4|0.6|0.8|1.0,57014985b9c8a207d6c8a413a803c7470605060a1de58191d4575fb851706379
locked,adult_income,static_weighted_ensemble,synthetic_sensor_failure,primary,technical_failure_rate,lower_is_better,0.0,0.0|0.05|0.1|0.2|0.4|0.6|0.8|1.0,f3ca886621ff8c1000a38824138f5f61fb22b1f780b4f5d44df841885c807cc3
locked,adult_income,static_weighted_ensemble,synthetic_sensor_failure,primary,rejection_rate,context_dependent,0.9559684684684685,0.0|0.05|0.1|0.2|0.4|0.6|0.8|1.0,5240442b46f125d894d8ce30437bbdfff642f63376a37ca9661c1ee428380c0f
locked,adult_income,static_weighted_ensemble,synthetic_sensor_failure,shadow,accuracy,higher_is_better,0.7765561015561016,0.0|0.05|0.1|0.2|0.4|0.6|0.8|1.0,f15082400328a79b3d23036bc132bdfda00fcc358169d92714d45ac3876831b4
locked,adult_income,static_weighted_ensemble,synthetic_sensor_failure,shadow,f1,higher_is_better,0.15464487300094076,0.0|0.05|0.1|0.2|0.4|0.6|0.8|1.0,6aa24c7e1bca94d0ab6eacddbc05497caa7e64f0bff28e10ba8b190e537a1605
locked,adult_income,static_weighted_ensemble,synthetic_sensor_failure,shadow,unsafe_acceptance_rate,lower_is_better,0.018485868102288024,0.0|0.05|0.1|0.2|0.4|0.6|0.8|1.0,b79c088f96c819f14f5993021b97b006bba3097d40daa43586ae25410e2ae8a5
locked,adult_income,static_weighted_ensemble,synthetic_sensor_failure,shadow,technical_failure_rate,lower_is_better,0.0,0.0|0.05|0.1|0.2|0.4|0.6|0.8|1.0,45a0a574876be6b8c7f70ce412028f9f4d272c4b6280773ff973ede20948d4bb
locked,adult_income,static_weighted_ensemble,synthetic_sensor_failure,shadow,rejection_rate,context_dependent,0.9559684684684685,0.0|0.05|0.1|0.2|0.4|0.6|0.8|1.0,2fdefa3b917dfc06d479b2d04b8828b4c014f12f86c25d23ac10bb4fa098b6f3
audit,adult_income,veto_mavs,adversarial_confidence_inflation,audit,accuracy,higher_is_better,0.8430657930657931,0.0|0.05|0.1|0.2|0.4|0.6|0.8|1.0,66701e33106819c76f613830f3ee768d4eac38bfeb6f10d85d5b4a055b3c00f1
audit,adult_income,veto_mavs,adversarial_confidence_inflation,audit,f1,higher_is_better,0.6465147095850206,0.0|0.05|0.1|0.2|0.4|0.6|0.8|1.0,624698d486ac80465ef319c4e562c8958f401095088e74aed0cf8201fa412f4d
audit,adult_income,veto_mavs,adversarial_confidence_inflation,audit,unsafe_acceptance_rate,lower_is_better,0.08057499102978112,0.0|0.05|0.1|0.2|0.4|0.6|0.8|1.0,5d8966acfb8864176187d173a39e490c17a716c3bb39727b72cfe3f7bb735ca3
audit,adult_income,veto_mavs,adversarial_confidence_inflation,audit,technical_failure_rate,lower_is_better,0.0,0.0|0.05|0.1|0.2|0.4|0.6|0.8|1.0,1bbde3551dd773af33590af1d9d8dee895c7da4690c03e5b81015faf9f7a78f4
audit,adult_income,veto_mavs,adversarial_confidence_inflation,audit,rejection_rate,context_dependent,0.7951747201747202,0.0|0.05|0.1|0.2|0.4|0.6|0.8|1.0,e84749a622e83c8ca8637d1cfe524974941270397c35f30220166b98c3137a23
audit,adult_income,veto_mavs,adversarial_confidence_inflation,shadow,accuracy,higher_is_better,0.8420352170352171,0.0|0.05|0.1|0.2|0.4|0.6|0.8|1.0,e9b34ab1718c8feeff40bec40d818fbee52e18f5de6f535274252d651f776da3
audit,adult_income,veto_mavs,adversarial_confidence_inflation,shadow,f1,higher_is_better,0.6437059949754964,0.0|0.05|0.1|0.2|0.4|0.6|0.8|1.0,e683198fca609d8de1400c93b7fd24a56e82b0bd66c78e6a85f7966a85c36376
audit,adult_income,veto_mavs,adversarial_confidence_inflation,shadow,unsafe_acceptance_rate,lower_is_better,0.08086652314316468,0.0|0.05|0.1|0.2|0.4|0.6|0.8|1.0,43700b80961f58216fcb2e158d3220abb519f608525a8ab1c62e3fc348304592
audit,adult_income,veto_mavs,adversarial_confidence_inflation,shadow,technical_failure_rate,lower_is_better,0.0,0.0|0.05|0.1|0.2|0.4|0.6|0.8|1.0,713f8776efa1b8a989049c1429f5ea20a38b813e55235c9bf46a88a1460bebbb
audit,adult_income,veto_mavs,adversarial_confidence_inflation,shadow,rejection_rate,context_dependent,0.7957616707616708,0.0|0.05|0.1|0.2|0.4|0.6|0.8|1.0,d4a65182896ea97af604c1516ece352d157ad766e99fb88a977a261e076d241a
locked,adult_income,veto_mavs,adversarial_confidence_inflation,primary,accuracy,higher_is_better,0.8502985940485941,0.0|0.05|0.1|0.2|0.4|0.6|0.8|1.0,3fff4da395b2c7572e7c799cdd1d8da1c020f19c20b6062fc13670d77cfd9a56
locked,adult_income,veto_mavs,adversarial_confidence_inflation,primary,f1,higher_is_better,0.6570037752511799,0.0|0.05|0.1|0.2|0.4|0.6|0.8|1.0,c0e76f0632970a30667467c10adfda223cddedfb47df5204ef17ba2dc92ffb3b
locked,adult_income,veto_mavs,adversarial_confidence_inflation,primary,unsafe_acceptance_rate,lower_is_better,0.0706505159264244,0.0|0.05|0.1|0.2|0.4|0.6|0.8|1.0,b3229a111d4511b0cb2579e42d220ae397c2dfaa7ad0e083cc6007b4d4f0eb58
locked,adult_income,veto_mavs,adversarial_confidence_inflation,primary,technical_failure_rate,lower_is_better,0.0,0.0|0.05|0.1|0.2|0.4|0.6|0.8|1.0,c4af2ca7997efd56fbab1197afb9703426c0aad3183ce9eee85f8f196677ba92
locked,adult_income,veto_mavs,adversarial_confidence_inflation,primary,rejection_rate,context_dependent,0.8028682091182092,0.0|0.05|0.1|0.2|0.4|0.6|0.8|1.0,3ff5d57f98c8907494a29c61f44b8fab24dbc890b7a557f8bbe655d01fbc91f6
locked,adult_income,veto_mavs,adversarial_confidence_inflation,shadow,accuracy,higher_is_better,0.8500793407043407,0.0|0.05|0.1|0.2|0.4|0.6|0.8|1.0,501ef6ae1bed39d232b9191a4ef50e73abddc8dc74acb5049a0df07e3662bd10
locked,adult_income,veto_mavs,adversarial_confidence_inflation,shadow,f1,higher_is_better,0.6567136234089411,0.0|0.05|0.1|0.2|0.4|0.6|0.8|1.0,3f2324450fbbb15e43ac8b6e4883336a66bcf582998d3b048e12d7015ed29ffd
locked,adult_income,veto_mavs,adversarial_confidence_inflation,shadow,unsafe_acceptance_rate,lower_is_better,0.0709656796769852,0.0|0.05|0.1|0.2|0.4|0.6|0.8|1.0,cd836f9e4190038d2f7486ff53e834cb120d787cd88bc826e67bde718134af37
locked,adult_income,veto_mavs,adversarial_confidence_inflation,shadow,technical_failure_rate,lower_is_better,0.0,0.0|0.05|0.1|0.2|0.4|0.6|0.8|1.0,1c1bfd9c5c6317a62a4e59ed7cc55ff0aeae8bda2f5241972a4c730d9bea041b
locked,adult_income,veto_mavs,adversarial_confidence_inflation,shadow,rejection_rate,context_dependent,0.8026080057330057,0.0|0.05|0.1|0.2|0.4|0.6|0.8|1.0,8f7bf3b2fc370908dd974b650db1efa4b59bb9a629f0d045cff6b64e30df43cf
audit,adult_income,veto_mavs,confidence_distortion,audit,accuracy,higher_is_better,0.8562755937755938,0.0|0.05|0.1|0.2|0.4|0.6|0.8|1.0,ae768e87e514a4c585bca481bf823ae5768ece035ee0075f74531f5332f97877
audit,adult_income,veto_mavs,confidence_distortion,audit,f1,higher_is_better,0.6771085031368542,0.0|0.05|0.1|0.2|0.4|0.6|0.8|1.0,3f705807be6007c868660bcb65dd9265e609c59b6ad14bc2e8150a690262d04a
audit,adult_income,veto_mavs,confidence_distortion,audit,unsafe_acceptance_rate,lower_is_better,0.07264531754574813,0.0|0.05|0.1|0.2|0.4|0.6|0.8|1.0,58d8fa03405cb2c161965197c8a4131139089b51207bc1d6a90683fb4218e833
audit,adult_income,veto_mavs,confidence_distortion,audit,technical_failure_rate,lower_is_better,0.0,0.0|0.05|0.1|0.2|0.4|0.6|0.8|1.0,246832caed8f81cbe0e8236873c5c4ce00fd4df6ff1059eb2a5ca4ce3678145e
audit,adult_income,veto_mavs,confidence_distortion,audit,rejection_rate,context_dependent,0.7940315315315315,0.0|0.05|0.1|0.2|0.4|0.6|0.8|1.0,7713e8e1a5e06177f83f4ff8d2f690b87c9a4e0bf5907faadda9a374013aa555
audit,adult_income,veto_mavs,confidence_distortion,shadow,accuracy,higher_is_better,0.8562755937755938,0.0|0.05|0.1|0.2|0.4|0.6|0.8|1.0,eca2ca60db3129083e25cf1080420f0adafcc460fc262820c53da2dfdbf3d507
audit,adult_income,veto_mavs,confidence_distortion,shadow,f1,higher_is_better,0.6771085031368542,0.0|0.05|0.1|0.2|0.4|0.6|0.8|1.0,78faa2179667da8c366b7863223654c5f791925eabdc10188468186309122a36
audit,adult_income,veto_mavs,confidence_distortion,shadow,unsafe_acceptance_rate,lower_is_better,0.07264531754574813,0.0|0.05|0.1|0.2|0.4|0.6|0.8|1.0,e80de63900d3c98c52f42612800468e81c0b725bd799b15414177e07592692a4
audit,adult_income,veto_mavs,confidence_distortion,shadow,technical_failure_rate,lower_is_better,0.0,0.0|0.05|0.1|0.2|0.4|0.6|0.8|1.0,45d4bc6bf6a87bd15d88e834715d1ed8013a35458e9f175aebd857be459c163a
audit,adult_income,veto_mavs,confidence_distortion,shadow,rejection_rate,context_dependent,0.7940315315315315,0.0|0.05|0.1|0.2|0.4|0.6|0.8|1.0,eee886a6078b77537ac03962e27489fc58d221f914373c024a07bcc42910557f
locked,adult_income,veto_mavs,confidence_distortion,primary,accuracy,higher_is_better,0.8634316134316135,0.0|0.05|0.1|0.2|0.4|0.6|0.8|1.0,893812390ba2408346cd2a3350763f2bf497f0d343b8f1df6d5040d59b4e9b2a
locked,adult_income,veto_mavs,confidence_distortion,primary,f1,higher_is_better,0.6878802058961161,0.0|0.05|0.1|0.2|0.4|0.6|0.8|1.0,279e7f81eb828192021d5fedea23a9abde572bcfec4600585876c31db03c687a
locked,adult_income,veto_mavs,confidence_distortion,primary,unsafe_acceptance_rate,lower_is_better,0.06271870794078062,0.0|0.05|0.1|0.2|0.4|0.6|0.8|1.0,7aa43e8594875565901bafd3553f9947015135d3def21b2df5d7d0588eae9e23
locked,adult_income,veto_mavs,confidence_distortion,primary,technical_failure_rate,lower_is_better,0.0,0.0|0.05|0.1|0.2|0.4|0.6|0.8|1.0,a25120b8ac03b7001f5c1cb21da9631c15efaa0aa12d49b6ad605f57d38e6b44
locked,adult_income,veto_mavs,confidence_distortion,primary,rejection_rate,context_dependent,0.8018018018018018,0.0|0.05|0.1|0.2|0.4|0.6|0.8|1.0,82ec53813f6021c65ccb4f569f1a5c025ae108a30cd532feff9fa11e510d4739
locked,adult_income,veto_mavs,confidence_distortion,shadow,accuracy,higher_is_better,0.8634316134316135,0.0|0.05|0.1|0.2|0.4|0.6|0.8|1.0,6a4cddc205f14dafb565a3a727119b00e55d094242ec301fac481d2a0fae0a65
locked,adult_income,veto_mavs,confidence_distortion,shadow,f1,higher_is_better,0.6878802058961161,0.0|0.05|0.1|0.2|0.4|0.6|0.8|1.0,edadebe10b883f1e28847b9e8fcc294f352d8024c54b382340acbce11f0fbc61
locked,adult_income,veto_mavs,confidence_distortion,shadow,unsafe_acceptance_rate,lower_is_better,0.06271870794078062,0.0|0.05|0.1|0.2|0.4|0.6|0.8|1.0,7d685a316ed11d2342ae557fcc7ba66e7120cf78a8ca0f5e328ad34ae83279da
locked,adult_income,veto_mavs,confidence_distortion,shadow,technical_failure_rate,lower_is_better,0.0,0.0|0.05|0.1|0.2|0.4|0.6|0.8|1.0,ff4e5be4700f0809053e39cef69fc8d7028f5c1c3020e52fedb8dd9c5924ee94
locked,adult_income,veto_mavs,confidence_distortion,shadow,rejection_rate,context_dependent,0.8018018018018018,0.0|0.05|0.1|0.2|0.4|0.6|0.8|1.0,a946ac6c1cc20eaa2a600b823d5563ec718052d003dfe1def4107340243382b8
audit,adult_income,veto_mavs,distribution_shift,audit,accuracy,higher_is_better,0.8701079388190277,0.0|0.05|0.1|0.2|0.4|0.6|0.8|1.0,db6e1e3c40574f19ca43ab8f1e02fa979a3e84f829e13f7383e57da6c89a7f94
audit,adult_income,veto_mavs,distribution_shift,audit,f1,higher_is_better,0.7428445178174683,0.0|0.05|0.1|0.2|0.4|0.6|0.8|1.0,d51def108bab65c0473c48f2bdd4a34de450dfe7f0f914baa29e9c20311f2657
audit,adult_income,veto_mavs,distribution_shift,audit,unsafe_acceptance_rate,lower_is_better,0.06986016619040751,0.0|0.05|0.1|0.2|0.4|0.6|0.8|1.0,7d10176a68ced0ade8b691654f79ec74084d527b481c20a1ce3cdcdb8c554125
audit,adult_income,veto_mavs,distribution_shift,audit,technical_failure_rate,lower_is_better,0.0,0.0|0.05|0.1|0.2|0.4|0.6|0.8|1.0,a55f19a739d79e87337bdc86aedd794fbfa598adb07d42505b0b96f6fe8d4848
audit,adult_income,veto_mavs,distribution_shift,audit,rejection_rate,context_dependent,0.7581243903282162,0.0|0.05|0.1|0.2|0.4|0.6|0.8|1.0,be6fa5f240fd29032f22b817c7c26bbbdb5e0bbbc54d3cdad49d39dc4add21cb
audit,adult_income,veto_mavs,distribution_shift,shadow,accuracy,higher_is_better,0.8701079388190277,0.0|0.05|0.1|0.2|0.4|0.6|0.8|1.0,dd4bd0d27d457203282fa10212e8627954a4cb92c06c66bbfc7192960dfedffc
audit,adult_income,veto_mavs,distribution_shift,shadow,f1,higher_is_better,0.7428445178174683,0.0|0.05|0.1|0.2|0.4|0.6|0.8|1.0,00ccf7ab0855f8053092c745f8f1e7363a9808b2aa4f3b556bf6372bbbb915af
audit,adult_income,veto_mavs,distribution_shift,shadow,unsafe_acceptance_rate,lower_is_better,0.06986016619040751,0.0|0.05|0.1|0.2|0.4|0.6|0.8|1.0,a1bb3586399549d994d05500610af1d5cd9811bb35fc523ec9e445c738c6868d
audit,adult_income,veto_mavs,distribution_shift,shadow,technical_failure_rate,lower_is_better,0.0,0.0|0.05|0.1|0.2|0.4|0.6|0.8|1.0,b9df9e2ff40c0923ea64519c0a87dcb612c7780c5a4465bca9cf41a4a37120eb
audit,adult_income,veto_mavs,distribution_shift,shadow,rejection_rate,context_dependent,0.7581243903282162,0.0|0.05|0.1|0.2|0.4|0.6|0.8|1.0,e62f45bb0938cea3ffb2b9a9e2d8532d06d808b5d0c59170f3cecfff8e301335
locked,adult_income,veto_mavs,distribution_shift,primary,accuracy,higher_is_better,0.8722745065163866,0.0|0.05|0.1|0.2|0.4|0.6|0.8|1.0,c639ffbecca18b607de3a09a8b1440711df159c8d8cee9eb1d7341dbce8bed14
locked,adult_income,veto_mavs,distribution_shift,primary,f1,higher_is_better,0.7453124034797177,0.0|0.05|0.1|0.2|0.4|0.6|0.8|1.0,03b53a28b6ee68e4671938f2d4e0d24bca3b08d4a02900720ed188ead7ce32f6
locked,adult_income,veto_mavs,distribution_shift,primary,unsafe_acceptance_rate,lower_is_better,0.06702639865975098,0.0|0.05|0.1|0.2|0.4|0.6|0.8|1.0,63ffe278e7e8e11632bdd45458b646e8b5b3191b0458712b2cdf75a205dcafdc
locked,adult_income,veto_mavs,distribution_shift,primary,technical_failure_rate,lower_is_better,0.0,0.0|0.05|0.1|0.2|0.4|0.6|0.8|1.0,942f62ce1c19268569e1f1209db6ff079ef0b76c3d88edc2899c0246fe9921cd
locked,adult_income,veto_mavs,distribution_shift,primary,rejection_rate,context_dependent,0.7606009061022818,0.0|0.05|0.1|0.2|0.4|0.6|0.8|1.0,608c9d2aa4dbd2a5bb2f4deca88915d802f2b3a08b8cb301366db6bc1a2224fa
locked,adult_income,veto_mavs,distribution_shift,shadow,accuracy,higher_is_better,0.8722745065163866,0.0|0.05|0.1|0.2|0.4|0.6|0.8|1.0,ff090f447a7e4c0fcc29ebcd72625acdbd7f10a4a9e4514ebaf19c74c9602119
locked,adult_income,veto_mavs,distribution_shift,shadow,f1,higher_is_better,0.7453124034797177,0.0|0.05|0.1|0.2|0.4|0.6|0.8|1.0,7bdf434db14fed865b123f2244d3f0283e510a72f3cc982aee2782d04e998ec3
locked,adult_income,veto_mavs,distribution_shift,shadow,unsafe_acceptance_rate,lower_is_better,0.06702639865975098,0.0|0.05|0.1|0.2|0.4|0.6|0.8|1.0,39c361549668db093db11217c081cb9a319ba95397bf8800fa5c993161c2b7e7
locked,adult_income,veto_mavs,distribution_shift,shadow,technical_failure_rate,lower_is_better,0.0,0.0|0.05|0.1|0.2|0.4|0.6|0.8|1.0,9261f56e0501da72516fb6bfbf551e9c812f0c9b5f64c52b0958f1f8b6b57412
locked,adult_income,veto_mavs,distribution_shift,shadow,rejection_rate,context_dependent,0.7606009061022818,0.0|0.05|0.1|0.2|0.4|0.6|0.8|1.0,4deae7f10581344e2eb6bab938e1ca4cbd69dd9b9cca1a5851f8b6815268c0cd
audit,adult_income,veto_mavs,feature_noise,audit,accuracy,higher_is_better,0.8394041769041769,0.0|0.05|0.1|0.2|0.4|0.6|0.8|1.0,e514e19503fdf9ec6403eb7175811184cdf1df3ad3c4fe9b9bab2abe666a5f8f
audit,adult_income,veto_mavs,feature_noise,audit,f1,higher_is_better,0.615643179035804,0.0|0.05|0.1|0.2|0.4|0.6|0.8|1.0,71509b89b85f9ba01c5319988d26dac42fc39c7d96b19dd88f99202d721885a6
audit,adult_income,veto_mavs,feature_noise,audit,unsafe_acceptance_rate,lower_is_better,0.06755920344456405,0.0|0.05|0.1|0.2|0.4|0.6|0.8|1.0,cc576aea070e809de70120b973b9a46f100588b740cf0bbff38fc3dcfaa0b22c
audit,adult_income,veto_mavs,feature_noise,audit,technical_failure_rate,lower_is_better,0.0,0.0|0.05|0.1|0.2|0.4|0.6|0.8|1.0,f2a76409ae2c7d59ef6bd148dddc5ed6873e97c61bea84faee958620b2547c12
audit,adult_income,veto_mavs,feature_noise,audit,rejection_rate,context_dependent,0.8186425061425062,0.0|0.05|0.1|0.2|0.4|0.6|0.8|1.0,d4b6af2cb49f47418b24bf6d4ff131975e8f4c8b414adbfdf09cd45d16f5d85b
audit,adult_income,veto_mavs,feature_noise,shadow,accuracy,higher_is_better,0.8387182637182636,0.0|0.05|0.1|0.2|0.4|0.6|0.8|1.0,ed180ee7602b328abb196eaf7fbcb60dcd825fc983376fc442bd6992610d15d6
audit,adult_income,veto_mavs,feature_noise,shadow,f1,higher_is_better,0.6144010083903756,0.0|0.05|0.1|0.2|0.4|0.6|0.8|1.0,6472222ea5f9d9561bacc91f8f381e4acde797901d10d4739626b3d8efa9a2a4
audit,adult_income,veto_mavs,feature_noise,shadow,unsafe_acceptance_rate,lower_is_better,0.06800995694294941,0.0|0.05|0.1|0.2|0.4|0.6|0.8|1.0,92418a77a06cbf4a169b615b6beeba06260937cc4c3cec1a5f3c62b061fb24a8
audit,adult_income,veto_mavs,feature_noise,shadow,technical_failure_rate,lower_is_better,0.0,0.0|0.05|0.1|0.2|0.4|0.6|0.8|1.0,1b3521cf91833a86e58e54547a277dda647eccdb943490357d39d28cc7161bcf
audit,adult_income,veto_mavs,feature_noise,shadow,rejection_rate,context_dependent,0.8186425061425062,0.0|0.05|0.1|0.2|0.4|0.6|0.8|1.0,8cfa26bc771a7036f7b08c10a62bce1e2c932b5b31ff7645253980f31b54f4ad
locked,adult_income,veto_mavs,feature_noise,primary,accuracy,higher_is_better,0.8498071935571936,0.0|0.05|0.1|0.2|0.4|0.6|0.8|1.0,9007fe077baf62a87c20b37ae18f6a9ad8c0d336135c0b5722912b5e3bd9e49b
locked,adult_income,veto_mavs,feature_noise,primary,f1,higher_is_better,0.6371222907150103,0.0|0.05|0.1|0.2|0.4|0.6|0.8|1.0,810c0e6a4b2477cdd100ae43139b536c0d24bd1ab2599ff69332b71202f71549
locked,adult_income,veto_mavs,feature_noise,primary,unsafe_acceptance_rate,lower_is_better,0.057431583669807086,0.0|0.05|0.1|0.2|0.4|0.6|0.8|1.0,58ed5a2a7fe0184814989dc06d35a9c7beceacdd3ee9f23165c49d13b3e36d7c
locked,adult_income,veto_mavs,feature_noise,primary,technical_failure_rate,lower_is_better,0.0,0.0|0.05|0.1|0.2|0.4|0.6|0.8|1.0,9a78e1af904ddfc1a2fc38413636a2df55e3672aa9f3d84055394b1b3ac7c424
locked,adult_income,veto_mavs,feature_noise,primary,rejection_rate,context_dependent,0.8234694922194923,0.0|0.05|0.1|0.2|0.4|0.6|0.8|1.0,4fe0b0c0a331541c91aaed11e649ff0ae81561ad5da9361eff5aada77046fe6c
locked,adult_income,veto_mavs,feature_noise,shadow,accuracy,higher_is_better,0.8475455569205569,0.0|0.05|0.1|0.2|0.4|0.6|0.8|1.0,87907871d746f087aec8bb5645e53638eaff128a5f089c2b447429d7b64d8653
locked,adult_income,veto_mavs,feature_noise,shadow,f1,higher_is_better,0.6308779416603467,0.0|0.05|0.1|0.2|0.4|0.6|0.8|1.0,39c42a40424aa9a3f20f661be8774d338b1079dc3941f1d3be0771ac6a2bf2f3
locked,adult_income,veto_mavs,feature_noise,shadow,unsafe_acceptance_rate,lower_is_better,0.05847913862718708,0.0|0.05|0.1|0.2|0.4|0.6|0.8|1.0,b9b97aee0d6f913ff6309314a3a76ee94e67a575bf21add968f22bc46cb8476f
locked,adult_income,veto_mavs,feature_noise,shadow,technical_failure_rate,lower_is_better,0.0,0.0|0.05|0.1|0.2|0.4|0.6|0.8|1.0,03befaabac9a43c3d1325e123015d05700a7d7bb67c493a332a238232127f058
locked,adult_income,veto_mavs,feature_noise,shadow,rejection_rate,context_dependent,0.8241374897624898,0.0|0.05|0.1|0.2|0.4|0.6|0.8|1.0,411b342e902b0cf8f531d94b68042ef1cd0d464603b9686fc631a1e5da7099d2
audit,adult_income,veto_mavs,label_noise,audit,accuracy,higher_is_better,0.8566748566748567,0.0|0.05|0.1|0.2|0.4|0.6|0.8|1.0,19599bfb8b335a294eb52147bb80aa0479d8f4675ba5bb1aaf3fab618c7763b7
audit,adult_income,veto_mavs,label_noise,audit,f1,higher_is_better,0.6777163904235726,0.0|0.05|0.1|0.2|0.4|0.6|0.8|1.0,c599ce25e6c93f7725edb6dde3465773a33d6b762c2b5bf57bcdfe1b662a2a2b
audit,adult_income,veto_mavs,label_noise,audit,unsafe_acceptance_rate,lower_is_better,0.0721205597416577,0.0|0.05|0.1|0.2|0.4|0.6|0.8|1.0,5cd67fb6d1f6f630bd52f78b504c9dc7e94d3191d25920cdb169920f6f4b9bb6
audit,adult_income,veto_mavs,label_noise,audit,technical_failure_rate,lower_is_better,0.0,0.0|0.05|0.1|0.2|0.4|0.6|0.8|1.0,bed866e6db8b83e71f5cd4ef67f011a9fe57f37fad8f93969e85d71addd15d97
audit,adult_income,veto_mavs,label_noise,audit,rejection_rate,context_dependent,0.7944307944307945,0.0|0.05|0.1|0.2|0.4|0.6|0.8|1.0,7fb9e6c94dd7f480e4855fd95f0e1bda001726aee75ac6b5e5b307c3097eb87f
audit,adult_income,veto_mavs,label_noise,shadow,accuracy,higher_is_better,0.8566748566748567,0.0|0.05|0.1|0.2|0.4|0.6|0.8|1.0,4cba7f0a1ba7d2e7915cb967b3d0ff74445996af4b5bc4052df451512cc00bea
audit,adult_income,veto_mavs,label_noise,shadow,f1,higher_is_better,0.6777163904235726,0.0|0.05|0.1|0.2|0.4|0.6|0.8|1.0,926d0effe0bd2009b1db605dbd9fa3b89c875e094873def7e575868f65aa7c88
audit,adult_income,veto_mavs,label_noise,shadow,unsafe_acceptance_rate,lower_is_better,0.0721205597416577,0.0|0.05|0.1|0.2|0.4|0.6|0.8|1.0,55c712acbc8d1f357b9f3caccb51c9dff523debd5d1e0d8d6040692e8dcf0eed
audit,adult_income,veto_mavs,label_noise,shadow,technical_failure_rate,lower_is_better,0.0,0.0|0.05|0.1|0.2|0.4|0.6|0.8|1.0,3bd78148ed5bfc998befa324dfe1134ad0e36555256794c74cc9f257ab442366
audit,adult_income,veto_mavs,label_noise,shadow,rejection_rate,context_dependent,0.7944307944307945,0.0|0.05|0.1|0.2|0.4|0.6|0.8|1.0,e86d921fc2183e6e8e31ef0dd6699ac83f5e5046a8205e08c3938113fb4976d1
locked,adult_income,veto_mavs,label_noise,primary,accuracy,higher_is_better,0.8634316134316135,0.0|0.05|0.1|0.2|0.4|0.6|0.8|1.0,65b6d58634524b06bea209fc535a0796528a6dea88d74b2b689a60cffd8607e2
locked,adult_income,veto_mavs,label_noise,primary,f1,higher_is_better,0.6878802058961161,0.0|0.05|0.1|0.2|0.4|0.6|0.8|1.0,a2783b5cea86abd3c24aa302f17dddc6ec75dddfc7c045af2f7c2535522d679d
locked,adult_income,veto_mavs,label_noise,primary,unsafe_acceptance_rate,lower_is_better,0.06271870794078062,0.0|0.05|0.1|0.2|0.4|0.6|0.8|1.0,1db522f7dfabf4df2f3ffd7a8e1d680fd6c512eaa3f65abe9800869bcd1bd7ab
locked,adult_income,veto_mavs,label_noise,primary,technical_failure_rate,lower_is_better,0.0,0.0|0.05|0.1|0.2|0.4|0.6|0.8|1.0,6447974833e7ee4411e63e2c57858910dfec23c697c6beafe9ee32ebd4cb456c
locked,adult_income,veto_mavs,label_noise,primary,rejection_rate,context_dependent,0.8018018018018018,0.0|0.05|0.1|0.2|0.4|0.6|0.8|1.0,7f0dbbf360a582a2d762739c4751b426fd911780d1ee2a5dcc6ef1b19f70973c
locked,adult_income,veto_mavs,label_noise,shadow,accuracy,higher_is_better,0.8634316134316135,0.0|0.05|0.1|0.2|0.4|0.6|0.8|1.0,01e1971475337c2eb93bcebe3549676b26d15881c6a56cafe8f364fa82239ec6
locked,adult_income,veto_mavs,label_noise,shadow,f1,higher_is_better,0.6878802058961161,0.0|0.05|0.1|0.2|0.4|0.6|0.8|1.0,84b46968a6dd7c1310e46342313b07f0579c573447d38d25a45d338fdeee2d71
locked,adult_income,veto_mavs,label_noise,shadow,unsafe_acceptance_rate,lower_is_better,0.06271870794078062,0.0|0.05|0.1|0.2|0.4|0.6|0.8|1.0,ce90544a8b24b2b533fd336e4c1fa9857f33d004f3a0d6a72326cbcb9c52d48a
locked,adult_income,veto_mavs,label_noise,shadow,technical_failure_rate,lower_is_better,0.0,0.0|0.05|0.1|0.2|0.4|0.6|0.8|1.0,10c7b60468691beec5ef7fb675cb7bfb9b854fbf02433138ec01b06b0543dce0
locked,adult_income,veto_mavs,label_noise,shadow,rejection_rate,context_dependent,0.8018018018018018,0.0|0.05|0.1|0.2|0.4|0.6|0.8|1.0,972005d523929abc27f40af9ae485bca090643dc207e26308829e8b89b2ac9ab
audit,adult_income,veto_mavs,missing_features,audit,accuracy,higher_is_better,0.8033340158340159,0.0|0.05|0.1|0.2|0.4|0.6|0.8|1.0,98285591e9670a63a194c5465596c100c9f365d75c4c7ba0109bb25052ebede9
audit,adult_income,veto_mavs,missing_features,audit,f1,higher_is_better,0.345372382627057,0.0|0.05|0.1|0.2|0.4|0.6|0.8|1.0,757a38578c57e965de1178ff7738636a8ffd0583ce7df2ab50da29360dbffa12
audit,adult_income,veto_mavs,missing_features,audit,unsafe_acceptance_rate,lower_is_better,0.0263724434876211,0.0|0.05|0.1|0.2|0.4|0.6|0.8|1.0,620060188cc97cdf58c7da72910333ff5c058bf2b7a0071a5a90e7a7cbb91dfa
audit,adult_income,veto_mavs,missing_features,audit,technical_failure_rate,lower_is_better,0.0,0.0|0.05|0.1|0.2|0.4|0.6|0.8|1.0,0d7283cba7360fec4d9761a6addb617c03e7a56d649f95249983e14f5e4577cb
audit,adult_income,veto_mavs,missing_features,audit,rejection_rate,context_dependent,0.917386704886705,0.0|0.05|0.1|0.2|0.4|0.6|0.8|1.0,771e90bd65a68ec979fa589f13ad0a86935077cb0c94627f2d2df844384120f3
audit,adult_income,veto_mavs,missing_features,shadow,accuracy,higher_is_better,0.8040182227682228,0.0|0.05|0.1|0.2|0.4|0.6|0.8|1.0,e0dd5debfa4d6fd5c79378dba574e7746c9d9ecb21e21b7e26029ea424938685
audit,adult_income,veto_mavs,missing_features,shadow,f1,higher_is_better,0.34845315667481735,0.0|0.05|0.1|0.2|0.4|0.6|0.8|1.0,74a5947428ac4dc5918d5a2498439407af474a89579ae76314132da653079f84
audit,adult_income,veto_mavs,missing_features,shadow,unsafe_acceptance_rate,lower_is_better,0.026305166846071044,0.0|0.05|0.1|0.2|0.4|0.6|0.8|1.0,2e36188351b042c558f5df44857ec3430bf9152557634d0b40ed842a57f2309b
audit,adult_income,veto_mavs,missing_features,shadow,technical_failure_rate,lower_is_better,0.0,0.0|0.05|0.1|0.2|0.4|0.6|0.8|1.0,8022564acaa91f77689c0b262a960cbb59a21a61086b600438e34581ea0f7414
audit,adult_income,veto_mavs,missing_features,shadow,rejection_rate,context_dependent,0.916804873054873,0.0|0.05|0.1|0.2|0.4|0.6|0.8|1.0,2a994736474253439202b7f1d31d069e214d1493cb5c1d8715795ed3604bc71a
locked,adult_income,veto_mavs,missing_features,primary,accuracy,higher_is_better,0.8064701064701065,0.0|0.05|0.1|0.2|0.4|0.6|0.8|1.0,becc09381ec4338ee45ee1acc7986a5d98b459eea983436718d92e1c8760b68f
locked,adult_income,veto_mavs,missing_features,primary,f1,higher_is_better,0.352813734503223,0.0|0.05|0.1|0.2|0.4|0.6|0.8|1.0,8510fdbdfc62a54bdcb8b42bfa4420a4fd462cad7b0f2fcf44bcda4bf06a10bf
locked,adult_income,veto_mavs,missing_features,primary,unsafe_acceptance_rate,lower_is_better,0.023497083894122927,0.0|0.05|0.1|0.2|0.4|0.6|0.8|1.0,97c8e5addc280a4c28a689f95c2eb34fdbae80de9756ac299b165526694c2c68
locked,adult_income,veto_mavs,missing_features,primary,technical_failure_rate,lower_is_better,0.0,0.0|0.05|0.1|0.2|0.4|0.6|0.8|1.0,265f94f5c5e5f7ea71edc15dfae15db1fb7171450b5914104569e1ec0f5baa98
locked,adult_income,veto_mavs,missing_features,primary,rejection_rate,context_dependent,0.9184309309309309,0.0|0.05|0.1|0.2|0.4|0.6|0.8|1.0,9df2383c8832a6684c8552c27311a5c512b1d9094c8d9c0739a0cac0804f0ead
locked,adult_income,veto_mavs,missing_features,shadow,accuracy,higher_is_better,0.8057662776412776,0.0|0.05|0.1|0.2|0.4|0.6|0.8|1.0,2a9bd2e55c6996bdc9c619a37aa182a2ca36920cb17352d2cb088679d9593ebc
locked,adult_income,veto_mavs,missing_features,shadow,f1,higher_is_better,0.3497202626599518,0.0|0.05|0.1|0.2|0.4|0.6|0.8|1.0,67193bcaf483b9e2b044bdb55a79a6c94fe9be3cce4c92bd3098e6bbbdb35274
locked,adult_income,veto_mavs,missing_features,shadow,unsafe_acceptance_rate,lower_is_better,0.023711305518169582,0.0|0.05|0.1|0.2|0.4|0.6|0.8|1.0,ad59a924b1e57e514a24a4d2f430e03952fa17e176556241ee4f79221aa2edab
locked,adult_income,veto_mavs,missing_features,shadow,technical_failure_rate,lower_is_better,0.0,0.0|0.05|0.1|0.2|0.4|0.6|0.8|1.0,3cbb9e9b498c3b8b20bf2bba2c2c2d326f7e290007f1e1385c425a0f3517ec3c
locked,adult_income,veto_mavs,missing_features,shadow,rejection_rate,context_dependent,0.9188088656838658,0.0|0.05|0.1|0.2|0.4|0.6|0.8|1.0,5de2a8ee694d6ee58eb81824a9b62917e7d02b73756c620ade6992312927eb1d
audit,adult_income,veto_mavs,random_feature_deletion,audit,accuracy,higher_is_better,0.8129572754572755,0.0|0.05|0.1|0.2|0.4|0.6|0.8|1.0,9abfa79fdee822b2586a1d599eb41f70d27dbd9bad9bf7d5f372493981475748
audit,adult_income,veto_mavs,random_feature_deletion,audit,f1,higher_is_better,0.3880972557274594,0.0|0.05|0.1|0.2|0.4|0.6|0.8|1.0,cd1c3682001fa3d1f54cc9a13f48654ca4f1d445f1bca46b5410cee0ad11dd58
audit,adult_income,veto_mavs,random_feature_deletion,audit,unsafe_acceptance_rate,lower_is_better,0.03128363832077503,0.0|0.05|0.1|0.2|0.4|0.6|0.8|1.0,f49d457f463b73b65bcfc22951132fe740feb76f600f08cd961f5dbfdd890fef
audit,adult_income,veto_mavs,random_feature_deletion,audit,technical_failure_rate,lower_is_better,0.0,0.0|0.05|0.1|0.2|0.4|0.6|0.8|1.0,86693ff6af29b64af987cd26099b3a2d6d94bc72313b7b20144868ebd9a36f43
audit,adult_income,veto_mavs,random_feature_deletion,audit,rejection_rate,context_dependent,0.9002900627900627,0.0|0.05|0.1|0.2|0.4|0.6|0.8|1.0,8857a1961cafff7ef2f712d7111fd2ac2f8a533b26d4ad84fb1c0b067945cd44
audit,adult_income,veto_mavs,random_feature_deletion,shadow,accuracy,higher_is_better,0.8025337837837838,0.0|0.05|0.1|0.2|0.4|0.6|0.8|1.0,cda7dcb37db66c8b10f2505d709d0565a460a62ab38bbf96cfe662d0a8fb7558
audit,adult_income,veto_mavs,random_feature_deletion,shadow,f1,higher_is_better,0.32840451052455305,0.0|0.05|0.1|0.2|0.4|0.6|0.8|1.0,059f83c159789b56c3349b7be9edf782ea87cc181f27fc8ee31fff99bd38d5ac
audit,adult_income,veto_mavs,random_feature_deletion,shadow,unsafe_acceptance_rate,lower_is_better,0.026473358449946176,0.0|0.05|0.1|0.2|0.4|0.6|0.8|1.0,b8a3087c951bf9a9251b0fb84e46af961e8fff126bbeed5c0fa6feb4185641d6
audit,adult_income,veto_mavs,random_feature_deletion,shadow,technical_failure_rate,lower_is_better,0.0,0.0|0.05|0.1|0.2|0.4|0.6|0.8|1.0,5857e3968de976c2f6e5b9f0036bbbdb876eb2477178e3c8496262f2648f6f9a
audit,adult_income,veto_mavs,random_feature_deletion,shadow,rejection_rate,context_dependent,0.9180333742833743,0.0|0.05|0.1|0.2|0.4|0.6|0.8|1.0,11b77aebe634c9e048d5a4d13a1b6b44150c9c5bcb9fd22458381b05e5dccc80
locked,adult_income,veto_mavs,random_feature_deletion,primary,accuracy,higher_is_better,0.8107527982527982,0.0|0.05|0.1|0.2|0.4|0.6|0.8|1.0,2750248c92c178a481e938e4344009732383beaee9c80efe3917e76a6ee1c873
locked,adult_income,veto_mavs,random_feature_deletion,primary,f1,higher_is_better,0.36388512725836253,0.0|0.05|0.1|0.2|0.4|0.6|0.8|1.0,8530176fde2f95944bf278a6cb4eb671d9c4d9576549f984ec22707f697694b5
locked,adult_income,veto_mavs,random_feature_deletion,primary,unsafe_acceptance_rate,lower_is_better,0.029010767160161512,0.0|0.05|0.1|0.2|0.4|0.6|0.8|1.0,d360b94c9fb98e0677effa83a9956d8987beffe8f78ddd432a18eb2d54f99118
locked,adult_income,veto_mavs,random_feature_deletion,primary,technical_failure_rate,lower_is_better,0.0,0.0|0.05|0.1|0.2|0.4|0.6|0.8|1.0,a4b99e3b25cd50127d72e56f980458aacb31f20adad143fd79134b9c01b89c83
locked,adult_income,veto_mavs,random_feature_deletion,primary,rejection_rate,context_dependent,0.9057603057603059,0.0|0.05|0.1|0.2|0.4|0.6|0.8|1.0,39f70dd480e3653b37637ce5edca896b324bfc19eca7cf76c6704c6b53fc7666
locked,adult_income,veto_mavs,random_feature_deletion,shadow,accuracy,higher_is_better,0.8079135954135954,0.0|0.05|0.1|0.2|0.4|0.6|0.8|1.0,ee46186ae2a3904adf1aad0dbdc06b5fc8d0053a688b9f6d150665ac0ecb85bb
locked,adult_income,veto_mavs,random_feature_deletion,shadow,f1,higher_is_better,0.3560991114184835,0.0|0.05|0.1|0.2|0.4|0.6|0.8|1.0,0508e5934620a493bbdd8b777e7312df7e49d6c708f90c7ae56314019cdff5cd
locked,adult_income,veto_mavs,random_feature_deletion,shadow,unsafe_acceptance_rate,lower_is_better,0.030178331090174967,0.0|0.05|0.1|0.2|0.4|0.6|0.8|1.0,cff73198c49e0c7a75b6518809f94a3b4159e52c19c3fc9aafa044de5e116824
locked,adult_income,veto_mavs,random_feature_deletion,shadow,technical_failure_rate,lower_is_better,0.0,0.0|0.05|0.1|0.2|0.4|0.6|0.8|1.0,a6b5bbe9fcd5d306e6630d9a381958df2531c6b3cec44da49b0e0245c7806983
locked,adult_income,veto_mavs,random_feature_deletion,shadow,rejection_rate,context_dependent,0.9068233005733006,0.0|0.05|0.1|0.2|0.4|0.6|0.8|1.0,e363a943846a377fb1fcfa9b28e6b987984f552e9f1a7ac25cc6873468269154
audit,adult_income,veto_mavs,specialist_failure,audit,accuracy,higher_is_better,0.6687039312039311,0.0|0.05|0.1|0.2|0.4|0.6|0.8|1.0,531d8be0ae185a0fcf265c7d874e60f883617f6d4fd903509fa11a6581d85335
audit,adult_income,veto_mavs,specialist_failure,audit,f1,higher_is_better,0.5829963291820592,0.0|0.05|0.1|0.2|0.4|0.6|0.8|1.0,a96e74fad77da538bee514a8236611410f41d5bc53fa1f207bb3fbe3f238cfb2
audit,adult_income,veto_mavs,specialist_failure,audit,unsafe_acceptance_rate,lower_is_better,0.35130516684607105,0.0|0.05|0.1|0.2|0.4|0.6|0.8|1.0,2d44f396ad827d65dc4f4071233a14a8239eb33b61613f2ca7bce2bb55a5a7d9
audit,adult_income,veto_mavs,specialist_failure,audit,technical_failure_rate,lower_is_better,0.0,0.0|0.05|0.1|0.2|0.4|0.6|0.8|1.0,610a2375df04d302b6ffd0d1e30d0792a23223cc103870cae8a20a8c16743a94
audit,adult_income,veto_mavs,specialist_failure,audit,rejection_rate,context_dependent,0.5575655200655201,0.0|0.05|0.1|0.2|0.4|0.6|0.8|1.0,dc7e601bc67ab8e098e2f78e42d8db5d204299c36bdca457e9ec15101dc36e14
audit,adult_income,veto_mavs,specialist_failure,shadow,accuracy,higher_is_better,0.6687039312039311,0.0|0.05|0.1|0.2|0.4|0.6|0.8|1.0,17b7324c2c7034348f4f0a6dd8ab57ed06a90f34c82898eb101502ce3ac49146
audit,adult_income,veto_mavs,specialist_failure,shadow,f1,higher_is_better,0.5829963291820592,0.0|0.05|0.1|0.2|0.4|0.6|0.8|1.0,bb31f3ef44fc336217423a2b08f771d36b9fdf71ab56df262625f48db6be8c5f
audit,adult_income,veto_mavs,specialist_failure,shadow,unsafe_acceptance_rate,lower_is_better,0.35130516684607105,0.0|0.05|0.1|0.2|0.4|0.6|0.8|1.0,9d6d3bcac8a3a254fef40ffcb73aca1cd0cc1a029f1de3ad56ff0253b0f85009
audit,adult_income,veto_mavs,specialist_failure,shadow,technical_failure_rate,lower_is_better,0.0,0.0|0.05|0.1|0.2|0.4|0.6|0.8|1.0,ffd625f8d037728faf209081704e1a9052ceb297fb5ee5dbe5b0310f3c841143
audit,adult_income,veto_mavs,specialist_failure,shadow,rejection_rate,context_dependent,0.5575655200655201,0.0|0.05|0.1|0.2|0.4|0.6|0.8|1.0,07fee4b64a27d1d916c3c51e147eb8463ee6cfccc55b8a043b2829a3cf6d40e9
locked,adult_income,veto_mavs,specialist_failure,primary,accuracy,higher_is_better,0.6740120802620804,0.0|0.05|0.1|0.2|0.4|0.6|0.8|1.0,43d3ac475553fe84e8fdbfa613902597ee2f4ab5c24b6385b5cf8363f2a7cb99
locked,adult_income,veto_mavs,specialist_failure,primary,f1,higher_is_better,0.5901307884895708,0.0|0.05|0.1|0.2|0.4|0.6|0.8|1.0,cee91deb8ee2c107a7ad7418babff76c9b77b19bd862c89461ed0921bcc36812
locked,adult_income,veto_mavs,specialist_failure,primary,unsafe_acceptance_rate,lower_is_better,0.3433580080753701,0.0|0.05|0.1|0.2|0.4|0.6|0.8|1.0,f3a68aec0fc03c170dd6b9b32866a4ef3b45018731b9b367b560e19de6b103ca
locked,adult_income,veto_mavs,specialist_failure,primary,technical_failure_rate,lower_is_better,0.0,0.0|0.05|0.1|0.2|0.4|0.6|0.8|1.0,549e2cdec8b738036897e93f6aa2b8ba0cc81292ee5dc22bb8a6b07c2857cad4
locked,adult_income,veto_mavs,specialist_failure,primary,rejection_rate,context_dependent,0.5642864455364456,0.0|0.05|0.1|0.2|0.4|0.6|0.8|1.0,fb44c02402becff8781012dc2698b524d3865292674e67265196956e440eda8a
locked,adult_income,veto_mavs,specialist_failure,shadow,accuracy,higher_is_better,0.6740120802620804,0.0|0.05|0.1|0.2|0.4|0.6|0.8|1.0,f0326f3b7153660ea027567f5ee0fb41dfb19e48f2506866a342aa7bbeb46aac
locked,adult_income,veto_mavs,specialist_failure,shadow,f1,higher_is_better,0.5901307884895708,0.0|0.05|0.1|0.2|0.4|0.6|0.8|1.0,3df5dc16368fa9b9fdd880fefe8e5d69b4d0ca0c34dbddb50cad8edce9bb24b2
locked,adult_income,veto_mavs,specialist_failure,shadow,unsafe_acceptance_rate,lower_is_better,0.3433580080753701,0.0|0.05|0.1|0.2|0.4|0.6|0.8|1.0,2e050c3c7c377e91ee3bd7bb4cf4c5092b21832e45683416590efb9e18a59807
locked,adult_income,veto_mavs,specialist_failure,shadow,technical_failure_rate,lower_is_better,0.0,0.0|0.05|0.1|0.2|0.4|0.6|0.8|1.0,f1eeff7b4eeea2bd3432e026eb1c44024a583a94c235143944e1efa2cd7a768f
locked,adult_income,veto_mavs,specialist_failure,shadow,rejection_rate,context_dependent,0.5642864455364456,0.0|0.05|0.1|0.2|0.4|0.6|0.8|1.0,4a93f9cd65e27134bc11772588a05b84112f9c1975f3a8c34b9c1a745b1dac0c
audit,adult_income,veto_mavs,synthetic_sensor_failure,audit,accuracy,higher_is_better,0.7808149058149059,0.0|0.05|0.1|0.2|0.4|0.6|0.8|1.0,4688190dae9307175282b6d468aeb90ef04196fd64cc70b4f90b0cf7dfc7fa72
audit,adult_income,veto_mavs,synthetic_sensor_failure,audit,f1,higher_is_better,0.17898705563390988,0.0|0.05|0.1|0.2|0.4|0.6|0.8|1.0,d4182363d6614f28e0e7afe4fde6ead22db251f406b7f04becf48a3a619a0bc6
audit,adult_income,veto_mavs,synthetic_sensor_failure,audit,unsafe_acceptance_rate,lower_is_better,0.024152314316469317,0.0|0.05|0.1|0.2|0.4|0.6|0.8|1.0,e1919efc25b099d8d761c79153ee183ca06b73e749bd38b6bbc3e0c680ed91be
audit,adult_income,veto_mavs,synthetic_sensor_failure,audit,technical_failure_rate,lower_is_better,0.0,0.0|0.05|0.1|0.2|0.4|0.6|0.8|1.0,8537d5b3e3128ecc33a7b2215cd50d2f0d6f7dfd7f26525303b36ea7779d27a4
audit,adult_income,veto_mavs,synthetic_sensor_failure,audit,rejection_rate,context_dependent,0.9432841932841932,0.0|0.05|0.1|0.2|0.4|0.6|0.8|1.0,53d6551a60c02de060689b123a0c490e686b6e97d039cb2e825c516059cbe7a7
audit,adult_income,veto_mavs,synthetic_sensor_failure,shadow,accuracy,higher_is_better,0.7808149058149059,0.0|0.05|0.1|0.2|0.4|0.6|0.8|1.0,03f9d930531b3c58f29db15089e56f104ef5d050b2d781c1bab7c026a357929c
audit,adult_income,veto_mavs,synthetic_sensor_failure,shadow,f1,higher_is_better,0.17898705563390988,0.0|0.05|0.1|0.2|0.4|0.6|0.8|1.0,9cebb9da6934ea9381239aab071651b3a1d3b7c90b9119fa351509f87af1d8f3
audit,adult_income,veto_mavs,synthetic_sensor_failure,shadow,unsafe_acceptance_rate,lower_is_better,0.024152314316469317,0.0|0.05|0.1|0.2|0.4|0.6|0.8|1.0,f5ddd631badaacde4ce0c724217d08c99e9da16d6be4a6e95e74effc10b830c4
audit,adult_income,veto_mavs,synthetic_sensor_failure,shadow,technical_failure_rate,lower_is_better,0.0,0.0|0.05|0.1|0.2|0.4|0.6|0.8|1.0,e0e1a498e0e79f0367eb6f0aac8e1721bb366510d6db996f174a81718adb49c3
audit,adult_income,veto_mavs,synthetic_sensor_failure,shadow,rejection_rate,context_dependent,0.9432841932841932,0.0|0.05|0.1|0.2|0.4|0.6|0.8|1.0,057cc19e8e723f37c0e27fa7357cd932f4980f689095968b2d827377ce8a69ff
locked,adult_income,veto_mavs,synthetic_sensor_failure,primary,accuracy,higher_is_better,0.7805026617526617,0.0|0.05|0.1|0.2|0.4|0.6|0.8|1.0,1e115e0929338212132b894adf6a5f7f134062367b0165d6ebe571ca01792ec6
locked,adult_income,veto_mavs,synthetic_sensor_failure,primary,f1,higher_is_better,0.17756934557293486,0.0|0.05|0.1|0.2|0.4|0.6|0.8|1.0,2b4bae0912f5a31932af8246eb042ad0f317f1fe7a3728b52cd37a3aa25c5f8e
locked,adult_income,veto_mavs,synthetic_sensor_failure,primary,unsafe_acceptance_rate,lower_is_better,0.02347913862718708,0.0|0.05|0.1|0.2|0.4|0.6|0.8|1.0,0b24e737caa0c805d927f2a49eaa7934e2e4c6e84d3077afcf78931a0a7a8cda
locked,adult_income,veto_mavs,synthetic_sensor_failure,primary,technical_failure_rate,lower_is_better,0.0,0.0|0.05|0.1|0.2|0.4|0.6|0.8|1.0,ffbf20bf5eff533a10f638f433025cfac4a8e1f10323b36ff6271171be41bd36
locked,adult_income,veto_mavs,synthetic_sensor_failure,primary,rejection_rate,context_dependent,0.9444256756756756,0.0|0.05|0.1|0.2|0.4|0.6|0.8|1.0,dbac82df85fe5b4f0834b44d34f076c41502b51834794248c57f5572c6452314
locked,adult_income,veto_mavs,synthetic_sensor_failure,shadow,accuracy,higher_is_better,0.7805026617526617,0.0|0.05|0.1|0.2|0.4|0.6|0.8|1.0,94cea46afa046ca05fa45e18b443a96bba24685be34c7be68fb35ae3560e895c
locked,adult_income,veto_mavs,synthetic_sensor_failure,shadow,f1,higher_is_better,0.17756934557293486,0.0|0.05|0.1|0.2|0.4|0.6|0.8|1.0,2dec559936b80aad198554e5809445249325cf20fb554f0a07dbb6ab40610cde
locked,adult_income,veto_mavs,synthetic_sensor_failure,shadow,unsafe_acceptance_rate,lower_is_better,0.02347913862718708,0.0|0.05|0.1|0.2|0.4|0.6|0.8|1.0,b1663fc44e5ceeaccc13ed3aa3997058c84068a2a0aeb9681134879fc711aa2d
locked,adult_income,veto_mavs,synthetic_sensor_failure,shadow,technical_failure_rate,lower_is_better,0.0,0.0|0.05|0.1|0.2|0.4|0.6|0.8|1.0,6f3fb5e653f0524728f7d9855213176b4951f590c106136eca761fe31a7fe1c6
locked,adult_income,veto_mavs,synthetic_sensor_failure,shadow,rejection_rate,context_dependent,0.9444256756756756,0.0|0.05|0.1|0.2|0.4|0.6|0.8|1.0,af52504b7e8cf778f05a9c3aead99cd40cb5d5b9dd2a106f33a091cfd62b7741
audit,bank_marketing,mean_ensemble,adversarial_confidence_inflation,audit,accuracy,higher_is_better,0.8947713864306784,0.0|0.05|0.1|0.2|0.4|0.6|0.8|1.0,d30e490f8e161018ea81658a9f3bc1e3883fe87a6640c062bb79459a5b3ad69d
audit,bank_marketing,mean_ensemble,adversarial_confidence_inflation,audit,f1,higher_is_better,0.47830320111303465,0.0|0.05|0.1|0.2|0.4|0.6|0.8|1.0,2175bb62089a444443c65283a0c4669e08d0b14a722a564169c57a8f94b9eac8
audit,bank_marketing,mean_ensemble,adversarial_confidence_inflation,audit,unsafe_acceptance_rate,lower_is_better,0.04145791583166333,0.0|0.05|0.1|0.2|0.4|0.6|0.8|1.0,844f0321fa033df10e4c40e345d6191074eac436af69ebba1aa9afff5a21fdc2
audit,bank_marketing,mean_ensemble,adversarial_confidence_inflation,audit,technical_failure_rate,lower_is_better,0.0,0.0|0.05|0.1|0.2|0.4|0.6|0.8|1.0,900bd79de2e0266de72ea82ee478ed0c5bd85450dc21a55ea06248cb669dd307
audit,bank_marketing,mean_ensemble,adversarial_confidence_inflation,audit,rejection_rate,context_dependent,0.9151843657817109,0.0|0.05|0.1|0.2|0.4|0.6|0.8|1.0,1a8677ad34a156ed4575115cbebb60292ea6349963a08d2ae46a81b0744df615
audit,bank_marketing,mean_ensemble,adversarial_confidence_inflation,shadow,accuracy,higher_is_better,0.894557522123894,0.0|0.05|0.1|0.2|0.4|0.6|0.8|1.0,ac7d86e3ed52617ec6e61318375ec421b2b5195772059a199e8b43d41d4c1d32
audit,bank_marketing,mean_ensemble,adversarial_confidence_inflation,shadow,f1,higher_is_better,0.4776827541489918,0.0|0.05|0.1|0.2|0.4|0.6|0.8|1.0,c3bb91c97f2fe47c6eb44b73b65a5c55a0a16c946a59334c2dbcf6c309fc6250
audit,bank_marketing,mean_ensemble,adversarial_confidence_inflation,shadow,unsafe_acceptance_rate,lower_is_better,0.04167084168336674,0.0|0.05|0.1|0.2|0.4|0.6|0.8|1.0,2607058549484f4706c5026374033f8eaa2eb7dacc1781ae49d20526cf5fd84b
audit,bank_marketing,mean_ensemble,adversarial_confidence_inflation,shadow,technical_failure_rate,lower_is_better,0.0,0.0|0.05|0.1|0.2|0.4|0.6|0.8|1.0,1900ac141b536350f654db98be0d90c68b55e4bade99869948eff4a72fe15c23
audit,bank_marketing,mean_ensemble,adversarial_confidence_inflation,shadow,rejection_rate,context_dependent,0.9150221238938053,0.0|0.05|0.1|0.2|0.4|0.6|0.8|1.0,fdb99cffb99f585d642cbf6a4692afdb8b8deb9caa96fe88865387ddc01834e3
locked,bank_marketing,mean_ensemble,adversarial_confidence_inflation,primary,accuracy,higher_is_better,0.8909680749096807,0.0|0.05|0.1|0.2|0.4|0.6|0.8|1.0,64905dd90cb3d019fa6b9778555b1d31ff22798d9b7027c3519ffa5cdb4a7d58
locked,bank_marketing,mean_ensemble,adversarial_confidence_inflation,primary,f1,higher_is_better,0.44601722159708435,0.0|0.05|0.1|0.2|0.4|0.6|0.8|1.0,01e90abe509970bc5d21acae837d37e984a4ca65f9b04555cb2622c16add6bc4
locked,bank_marketing,mean_ensemble,adversarial_confidence_inflation,primary,unsafe_acceptance_rate,lower_is_better,0.04058533734134937,0.0|0.05|0.1|0.2|0.4|0.6|0.8|1.0,153ecd9b355c9f43449f9b699d5da1d861dc34e1e5bd8b3c95630031f6128aa9
locked,bank_marketing,mean_ensemble,adversarial_confidence_inflation,primary,technical_failure_rate,lower_is_better,0.0,0.0|0.05|0.1|0.2|0.4|0.6|0.8|1.0,479b411b81f90e78f7e55f0171480de10a7e1f5608a7a8690288187f88823948
locked,bank_marketing,mean_ensemble,adversarial_confidence_inflation,primary,rejection_rate,context_dependent,0.9203494802034948,0.0|0.05|0.1|0.2|0.4|0.6|0.8|1.0,4b28d55c8490cf72f9a919fd9b0c8f310c10816443982e0443c7ed20855f5e4c
locked,bank_marketing,mean_ensemble,adversarial_confidence_inflation,shadow,accuracy,higher_is_better,0.8905994249059943,0.0|0.05|0.1|0.2|0.4|0.6|0.8|1.0,b43d8fb7e35c93ada9fafc580618311914b25f0f20cb5743b808a1821e62c19f
locked,bank_marketing,mean_ensemble,adversarial_confidence_inflation,shadow,f1,higher_is_better,0.4418093234616888,0.0|0.05|0.1|0.2|0.4|0.6|0.8|1.0,0d94bb7db1b89ff8478ffdca8157887ad1b63554356dc6b272b030e5061403b1
locked,bank_marketing,mean_ensemble,adversarial_confidence_inflation,shadow,unsafe_acceptance_rate,lower_is_better,0.040349448897795584,0.0|0.05|0.1|0.2|0.4|0.6|0.8|1.0,27d9abe4b4d2c4f59be8877eebaa23f585f7d1045fd1a735aaf1dc30b59a0094
locked,bank_marketing,mean_ensemble,adversarial_confidence_inflation,shadow,technical_failure_rate,lower_is_better,0.0,0.0|0.05|0.1|0.2|0.4|0.6|0.8|1.0,10a6d9fb52a07825ad0daf5f9ab758b6707aa8fc600f934f34c64060d995aa2c
locked,bank_marketing,mean_ensemble,adversarial_confidence_inflation,shadow,rejection_rate,context_dependent,0.9211347047113471,0.0|0.05|0.1|0.2|0.4|0.6|0.8|1.0,fe7a211fa8be6e9614854dbc693b09c393893054ddcc84437a6e5a688324c26e
audit,bank_marketing,mean_ensemble,confidence_distortion,audit,accuracy,higher_is_better,0.9070796460176991,0.0|0.05|0.1|0.2|0.4|0.6|0.8|1.0,59c8beb1db82174ef39e8c714a48a2d6303c8d12bcf32ca39f5db1d376108599
audit,bank_marketing,mean_ensemble,confidence_distortion,audit,f1,higher_is_better,0.5374449339207048,0.0|0.05|0.1|0.2|0.4|0.6|0.8|1.0,b5a5485fae329a1a391a4f78c208f5cfdfbd1d43165e33478083de4052967133
audit,bank_marketing,mean_ensemble,confidence_distortion,audit,unsafe_acceptance_rate,lower_is_better,0.03406813627254509,0.0|0.05|0.1|0.2|0.4|0.6|0.8|1.0,e0697da77fcfa16536cf403cb9f047b548eae90343c7b8e44942c1f382e5813d
audit,bank_marketing,mean_ensemble,confidence_distortion,audit,technical_failure_rate,lower_is_better,0.0,0.0|0.05|0.1|0.2|0.4|0.6|0.8|1.0,c6e010573a08e3872cd9d2d56f5cecdf01810a8cefa7cd86daeaa24bff8cacab
audit,bank_marketing,mean_ensemble,confidence_distortion,audit,rejection_rate,context_dependent,0.915929203539823,0.0|0.05|0.1|0.2|0.4|0.6|0.8|1.0,40e4a39530b1ad3eddf336a7a4afbaaa5b84c412b622aa732835b5f461c16237
audit,bank_marketing,mean_ensemble,confidence_distortion,shadow,accuracy,higher_is_better,0.9070796460176991,0.0|0.05|0.1|0.2|0.4|0.6|0.8|1.0,745615afa965d856decbc6cebb9a29d2d19f0a29e968620904e5188a87e372d9
audit,bank_marketing,mean_ensemble,confidence_distortion,shadow,f1,higher_is_better,0.5374449339207048,0.0|0.05|0.1|0.2|0.4|0.6|0.8|1.0,5abe04d4693fadfb58487ea2c86d02e5b06ad818ac19c4f7d78cc10b21efa4ca
audit,bank_marketing,mean_ensemble,confidence_distortion,shadow,unsafe_acceptance_rate,lower_is_better,0.03406813627254509,0.0|0.05|0.1|0.2|0.4|0.6|0.8|1.0,7683baebcd8587cf6960545d3cd0e9cdf70e1e5cab2840ff32b5b08b65492b07
audit,bank_marketing,mean_ensemble,confidence_distortion,shadow,technical_failure_rate,lower_is_better,0.0,0.0|0.05|0.1|0.2|0.4|0.6|0.8|1.0,22c0df33d292a5c49f081d0bc056c51cca63224e940c0eeb0b37b45a25b2c92d
audit,bank_marketing,mean_ensemble,confidence_distortion,shadow,rejection_rate,context_dependent,0.915929203539823,0.0|0.05|0.1|0.2|0.4|0.6|0.8|1.0,73eb757833c5a40f193d14ac31c57d8dd96f56e75b6e3fa0897ef7b67b8d499a
locked,bank_marketing,mean_ensemble,confidence_distortion,primary,accuracy,higher_is_better,0.9080015483300155,0.0|0.05|0.1|0.2|0.4|0.6|0.8|1.0,4981b3a0f28a65d1441819c69244bb1317bc56f439f1c4e4efe8fba17a21361b
locked,bank_marketing,mean_ensemble,confidence_distortion,primary,f1,higher_is_better,0.527398101331132,0.0|0.05|0.1|0.2|0.4|0.6|0.8|1.0,3659ceab7901b7fb900317506474abba5a44877badd7276a8178558cef14ff5d
locked,bank_marketing,mean_ensemble,confidence_distortion,primary,unsafe_acceptance_rate,lower_is_better,0.02980961923847695,0.0|0.05|0.1|0.2|0.4|0.6|0.8|1.0,53ed9de84adb15a82ede33c10efbe081f6c13df16804945cff19afe55fbac648
locked,bank_marketing,mean_ensemble,confidence_distortion,primary,technical_failure_rate,lower_is_better,0.0,0.0|0.05|0.1|0.2|0.4|0.6|0.8|1.0,a8ce2c0ee7ba32904024447d27427fa1ded46dc70bf7190d3a6a4f0704e640e0
locked,bank_marketing,mean_ensemble,confidence_distortion,primary,rejection_rate,context_dependent,0.9223457199734572,0.0|0.05|0.1|0.2|0.4|0.6|0.8|1.0,c453802d7ea80c8212be7eaac01b81dc35a91826a7d232879544259ee9ff0586
locked,bank_marketing,mean_ensemble,confidence_distortion,shadow,accuracy,higher_is_better,0.9080015483300155,0.0|0.05|0.1|0.2|0.4|0.6|0.8|1.0,9f3ab7f42b03911c1d74429f993bfc2badbb04ae9e5ffca3ef0574393ffc48d8
locked,bank_marketing,mean_ensemble,confidence_distortion,shadow,f1,higher_is_better,0.527398101331132,0.0|0.05|0.1|0.2|0.4|0.6|0.8|1.0,2b7bb738d6c35f0993aaec31c7ac63f0325372978554024a08351ada9d996de1
locked,bank_marketing,mean_ensemble,confidence_distortion,shadow,unsafe_acceptance_rate,lower_is_better,0.02980961923847695,0.0|0.05|0.1|0.2|0.4|0.6|0.8|1.0,334087d1e94cb291f47b8c57b525707de7269b25c11d22474de075c6013a1eee
locked,bank_marketing,mean_ensemble,confidence_distortion,shadow,technical_failure_rate,lower_is_better,0.0,0.0|0.05|0.1|0.2|0.4|0.6|0.8|1.0,4ffaac19e120f9f592e7b50018ac12c39600a00009ee38766a51d59651b65ad4
locked,bank_marketing,mean_ensemble,confidence_distortion,shadow,rejection_rate,context_dependent,0.9223457199734572,0.0|0.05|0.1|0.2|0.4|0.6|0.8|1.0,8df6f76bd292472be502db79db2160323d42c6f964a300b11850e2f0f80211be
audit,bank_marketing,mean_ensemble,distribution_shift,audit,accuracy,higher_is_better,0.8796791024899552,0.0|0.05|0.1|0.2|0.4|0.6|0.8|1.0,5408058d5e0aae683607c112475a99358043a9c67d41887f98fccc5f88195abb
audit,bank_marketing,mean_ensemble,distribution_shift,audit,f1,higher_is_better,0.5732683101994296,0.0|0.05|0.1|0.2|0.4|0.6|0.8|1.0,bf36c3935d80f341ecd37d0e618fb717bb772635291cfbe68b6435b7058e0d68
audit,bank_marketing,mean_ensemble,distribution_shift,audit,unsafe_acceptance_rate,lower_is_better,0.05503974932230387,0.0|0.05|0.1|0.2|0.4|0.6|0.8|1.0,65e1f4489b08a2d346e6d2d0edbce676238ce3dce46a8ccfad25006ed13af924
audit,bank_marketing,mean_ensemble,distribution_shift,audit,technical_failure_rate,lower_is_better,0.0,0.0|0.05|0.1|0.2|0.4|0.6|0.8|1.0,4ab560267c153f07756d6e62f17e8a213b745f09bc10bec5929f34342f5cd54c
audit,bank_marketing,mean_ensemble,distribution_shift,audit,rejection_rate,context_dependent,0.8713006863140004,0.0|0.05|0.1|0.2|0.4|0.6|0.8|1.0,77ad65d2586d69c19a5bdf9efe0b3da8db8807e15dc3e8974f26a8061bc263ff
audit,bank_marketing,mean_ensemble,distribution_shift,shadow,accuracy,higher_is_better,0.8796791024899552,0.0|0.05|0.1|0.2|0.4|0.6|0.8|1.0,c6a45dd78c1a5bddfc81206cbc8e3f0797c599207982755eae36002aba071deb
audit,bank_marketing,mean_ensemble,distribution_shift,shadow,f1,higher_is_better,0.5732683101994296,0.0|0.05|0.1|0.2|0.4|0.6|0.8|1.0,4b2447f1ed014e50230091f91b60b8a9b31776e7c2a3f339fc7237be1af1e83e
audit,bank_marketing,mean_ensemble,distribution_shift,shadow,unsafe_acceptance_rate,lower_is_better,0.05503974932230387,0.0|0.05|0.1|0.2|0.4|0.6|0.8|1.0,1feb0d9541091439a1d17079df6e0a7321d7f008c5e744989ac9ef318a17cfc0
audit,bank_marketing,mean_ensemble,distribution_shift,shadow,technical_failure_rate,lower_is_better,0.0,0.0|0.05|0.1|0.2|0.4|0.6|0.8|1.0,7c4d3ab0013bcf64b3070ed2063647892f8b7f20faa7761b19837e158ec1c408
audit,bank_marketing,mean_ensemble,distribution_shift,shadow,rejection_rate,context_dependent,0.8713006863140004,0.0|0.05|0.1|0.2|0.4|0.6|0.8|1.0,3e9e28c8acd2d3689287d2c0e8cff8cca4e8090c13d3e8397c87845a072ed56d
locked,bank_marketing,mean_ensemble,distribution_shift,primary,accuracy,higher_is_better,0.8822922848926651,0.0|0.05|0.1|0.2|0.4|0.6|0.8|1.0,6f703d9a4d50d4c96e75a52f1676ce92b7e53f64050ccd93821af9a3e82fe6ba
locked,bank_marketing,mean_ensemble,distribution_shift,primary,f1,higher_is_better,0.5660747667712471,0.0|0.05|0.1|0.2|0.4|0.6|0.8|1.0,16b02b7d3c867749c24983dea966fd897837fc3acc6819d9ddd45aea8b9f3244
locked,bank_marketing,mean_ensemble,distribution_shift,primary,unsafe_acceptance_rate,lower_is_better,0.0486718766735844,0.0|0.05|0.1|0.2|0.4|0.6|0.8|1.0,9622e9e4b4ab3c0322ec30f6502bb41a3e5ae2731020f6f3c820e400701316cc
locked,bank_marketing,mean_ensemble,distribution_shift,primary,technical_failure_rate,lower_is_better,0.0,0.0|0.05|0.1|0.2|0.4|0.6|0.8|1.0,034b62108c594d528f7df5426d6566f10b9ba184c9aa020f0144ae0615249a0c
locked,bank_marketing,mean_ensemble,distribution_shift,primary,rejection_rate,context_dependent,0.8808741535329861,0.0|0.05|0.1|0.2|0.4|0.6|0.8|1.0,4e0ba985c8e535b08e43f2544b66dcf5c60c86e864c30c36d192820944dc592a
locked,bank_marketing,mean_ensemble,distribution_shift,shadow,accuracy,higher_is_better,0.8822922848926651,0.0|0.05|0.1|0.2|0.4|0.6|0.8|1.0,d50239b76a36cfe7f91f0ddf454db51823294eee91d03480ab2c4709c09c7dee
locked,bank_marketing,mean_ensemble,distribution_shift,shadow,f1,higher_is_better,0.5660747667712471,0.0|0.05|0.1|0.2|0.4|0.6|0.8|1.0,c15284c23a978b464dd751aa3c8183fd09a8cdf1a9c89ba1a313599d9365fe94
locked,bank_marketing,mean_ensemble,distribution_shift,shadow,unsafe_acceptance_rate,lower_is_better,0.0486718766735844,0.0|0.05|0.1|0.2|0.4|0.6|0.8|1.0,04d6f6e575f1c6f682b53e28b45a860d77a57d0512aae37023c32a48896854ec
locked,bank_marketing,mean_ensemble,distribution_shift,shadow,technical_failure_rate,lower_is_better,0.0,0.0|0.05|0.1|0.2|0.4|0.6|0.8|1.0,3c9cb80094421e77c0edf057053ba0fb4fb89e193e6a75df23a88a41b39d2870
locked,bank_marketing,mean_ensemble,distribution_shift,shadow,rejection_rate,context_dependent,0.8808741535329861,0.0|0.05|0.1|0.2|0.4|0.6|0.8|1.0,32ba3b4af4524bf69b9d651556852152ab9bcf236d3d0e50f20ddce31f70c2ae
audit,bank_marketing,mean_ensemble,feature_noise,audit,accuracy,higher_is_better,0.8952765486725665,0.0|0.05|0.1|0.2|0.4|0.6|0.8|1.0,bb69a7c2117de8b835ac129cef6d6e073d25da346d39562a707921673fb5c060
audit,bank_marketing,mean_ensemble,feature_noise,audit,f1,higher_is_better,0.4866684431618767,0.0|0.05|0.1|0.2|0.4|0.6|0.8|1.0,43e7f3f8cdfbc568d7df6f4bf6929bbe52094e7e8cf68f58eef4a7f77c6b4d16
audit,bank_marketing,mean_ensemble,feature_noise,audit,unsafe_acceptance_rate,lower_is_better,0.04239311957247829,0.0|0.05|0.1|0.2|0.4|0.6|0.8|1.0,8cbf1007126d106ef762ab01e2a2c5a87b5f27302ed48209781063cf2437b506
audit,bank_marketing,mean_ensemble,feature_noise,audit,technical_failure_rate,lower_is_better,0.0,0.0|0.05|0.1|0.2|0.4|0.6|0.8|1.0,1dc34ed14b7d65c9725929505800eada128a1b8925d3890a7430c510352d76ef
audit,bank_marketing,mean_ensemble,feature_noise,audit,rejection_rate,context_dependent,0.9130272861356932,0.0|0.05|0.1|0.2|0.4|0.6|0.8|1.0,3eae00f23df9cd0a6e22ea1c74a95ba18100fdeb1fc4bc6ee698e9f2180f4424
audit,bank_marketing,mean_ensemble,feature_noise,shadow,accuracy,higher_is_better,0.8933960176991151,0.0|0.05|0.1|0.2|0.4|0.6|0.8|1.0,28ab66d8ab2effd428f51a1b41bd2dc754ca66ae29afcf98ff61c9e1a6cccf52
audit,bank_marketing,mean_ensemble,feature_noise,shadow,f1,higher_is_better,0.48046287807281696,0.0|0.05|0.1|0.2|0.4|0.6|0.8|1.0,8ec0da97e307a48d61a17b59f93591b7c1d48c527d55429aea4b07aea277743f
audit,bank_marketing,mean_ensemble,feature_noise,shadow,unsafe_acceptance_rate,lower_is_better,0.04407565130260521,0.0|0.05|0.1|0.2|0.4|0.6|0.8|1.0,e8e1ee4b325bf2bcb75b5a6dd3f5a702769b3373914c977cd33329ec88dd1357
audit,bank_marketing,mean_ensemble,feature_noise,shadow,technical_failure_rate,lower_is_better,0.0,0.0|0.05|0.1|0.2|0.4|0.6|0.8|1.0,e2f497c65c60368629969037c996cfb974c0c20908d74e94087735a51d6be7a4
audit,bank_marketing,mean_ensemble,feature_noise,shadow,rejection_rate,context_dependent,0.9119358407079647,0.0|0.05|0.1|0.2|0.4|0.6|0.8|1.0,5aded005ba3013ac0dfdc92360b274f781ef5edab0bc5141a19802483fbfdab7
locked,bank_marketing,mean_ensemble,feature_noise,primary,accuracy,higher_is_better,0.8959669689596697,0.0|0.05|0.1|0.2|0.4|0.6|0.8|1.0,db2d1b7e396f741b79a2af6f596b2f8c73e92fc3c0411706a90f09d412635e03
locked,bank_marketing,mean_ensemble,feature_noise,primary,f1,higher_is_better,0.4756603955763792,0.0|0.05|0.1|0.2|0.4|0.6|0.8|1.0,6ec77f0bd37d404badd2d51a964e49c91b41f1d73ed28bd99fee9d563d28bfd7
locked,bank_marketing,mean_ensemble,feature_noise,primary,unsafe_acceptance_rate,lower_is_better,0.0385750668002672,0.0|0.05|0.1|0.2|0.4|0.6|0.8|1.0,132bae4acc90f513b876909cbc4ae0d28e9ba8becd1b4fc460a955f2404b6535
locked,bank_marketing,mean_ensemble,feature_noise,primary,technical_failure_rate,lower_is_better,0.0,0.0|0.05|0.1|0.2|0.4|0.6|0.8|1.0,975ff16cee164aa242028fa0abd9aea52c812e0a5c879b205261f59cf751e4ee
locked,bank_marketing,mean_ensemble,feature_noise,primary,rejection_rate,context_dependent,0.9189006856890068,0.0|0.05|0.1|0.2|0.4|0.6|0.8|1.0,4de30c05a470a67b76915323c9a2e310baf69c77bfab893f6e229e156761ccad
locked,bank_marketing,mean_ensemble,feature_noise,shadow,accuracy,higher_is_better,0.8933394160583942,0.0|0.05|0.1|0.2|0.4|0.6|0.8|1.0,bcb83f2dbc409ce4a12b10c7d1de5fcd81c7f6fd7fa5c1ee203202df94bdf8f2
locked,bank_marketing,mean_ensemble,feature_noise,shadow,f1,higher_is_better,0.4615846780038133,0.0|0.05|0.1|0.2|0.4|0.6|0.8|1.0,ce5bf5f80f0f32f25cb2f5c220ca31e576cdf29b1b372ed67d379e6384845b41
locked,bank_marketing,mean_ensemble,feature_noise,shadow,unsafe_acceptance_rate,lower_is_better,0.03990480961923847,0.0|0.05|0.1|0.2|0.4|0.6|0.8|1.0,4bbe78ef596c89d9fa4cacac2957ce6819747ed2b8896c8e436f3e17b11c6ea2
locked,bank_marketing,mean_ensemble,feature_noise,shadow,technical_failure_rate,lower_is_better,0.0,0.0|0.05|0.1|0.2|0.4|0.6|0.8|1.0,5f33c3178a809b1d21996f6cd4fc83bc02d8029017d25ec0dac83f4c49287707
locked,bank_marketing,mean_ensemble,feature_noise,shadow,rejection_rate,context_dependent,0.9191799380667994,0.0|0.05|0.1|0.2|0.4|0.6|0.8|1.0,26f1bd070920b6521176b9d3f437b2b814978f9c823edfd2b1601984d2785b15
audit,bank_marketing,mean_ensemble,label_noise,audit,accuracy,higher_is_better,0.9070796460176991,0.0|0.05|0.1|0.2|0.4|0.6|0.8|1.0,b949137e647d761e4d56a3f5cbb59c6fac79403145477cc67b7b05060c58b6f7
audit,bank_marketing,mean_ensemble,label_noise,audit,f1,higher_is_better,0.5374449339207048,0.0|0.05|0.1|0.2|0.4|0.6|0.8|1.0,12311b1aa449a8ab5d9750058bf8dc9d7344e6d88b66494c4e37747691c4fbab
audit,bank_marketing,mean_ensemble,label_noise,audit,unsafe_acceptance_rate,lower_is_better,0.03406813627254509,0.0|0.05|0.1|0.2|0.4|0.6|0.8|1.0,3a7aa5575e10a24d67065d4d4fc124b586694833e45299f82a57a128c8df0bdd
audit,bank_marketing,mean_ensemble,label_noise,audit,technical_failure_rate,lower_is_better,0.0,0.0|0.05|0.1|0.2|0.4|0.6|0.8|1.0,52bece1f6db70a43e024b798233cc756cc3c2d9a9ab7ddc75f3ae59ba6ee1ac6
audit,bank_marketing,mean_ensemble,label_noise,audit,rejection_rate,context_dependent,0.915929203539823,0.0|0.05|0.1|0.2|0.4|0.6|0.8|1.0,17b14669d887dfa53d700efe1d622f47c76f6751acff7d0baedd180ec1c493a2
audit,bank_marketing,mean_ensemble,label_noise,shadow,accuracy,higher_is_better,0.9070796460176991,0.0|0.05|0.1|0.2|0.4|0.6|0.8|1.0,11deed20e78ceca43b01eb60af3d4a563fa669d9de9b3e10ed45d068c410e78d
audit,bank_marketing,mean_ensemble,label_noise,shadow,f1,higher_is_better,0.5374449339207048,0.0|0.05|0.1|0.2|0.4|0.6|0.8|1.0,4dc179240133815c1efe8714bf8bd6253851a0a650c44f5b9c539f723eb76aa1
audit,bank_marketing,mean_ensemble,label_noise,shadow,unsafe_acceptance_rate,lower_is_better,0.03406813627254509,0.0|0.05|0.1|0.2|0.4|0.6|0.8|1.0,8a0e62405a3bed81e8a1225cc3a32d1ee31de9e706442f907be40a7353a446f5
audit,bank_marketing,mean_ensemble,label_noise,shadow,technical_failure_rate,lower_is_better,0.0,0.0|0.05|0.1|0.2|0.4|0.6|0.8|1.0,93470db782d0208ab0645aadff14651b183951c734a38ab181fe75ea157b8e40
audit,bank_marketing,mean_ensemble,label_noise,shadow,rejection_rate,context_dependent,0.915929203539823,0.0|0.05|0.1|0.2|0.4|0.6|0.8|1.0,df3be64c38420052d50c9cd905702ee241f1af1cfeeb50af30ebdf601a19d342
locked,bank_marketing,mean_ensemble,label_noise,primary,accuracy,higher_is_better,0.9082061490820615,0.0|0.05|0.1|0.2|0.4|0.6|0.8|1.0,4e5352f5861b3e1edd01b76f10cabd9e6a51eaa96a5c799a66c86c2c8d7629de
locked,bank_marketing,mean_ensemble,label_noise,primary,f1,higher_is_better,0.5289443813847899,0.0|0.05|0.1|0.2|0.4|0.6|0.8|1.0,68e560ff3099deb90ef9a3c318e976eba01c0dd582c9a25189a6810791148cd9
locked,bank_marketing,mean_ensemble,label_noise,primary,unsafe_acceptance_rate,lower_is_better,0.02980961923847695,0.0|0.05|0.1|0.2|0.4|0.6|0.8|1.0,21b6be67b2a1868f24e145f0976e16578390f16e9f83ba651718c02d4ffeebaa
locked,bank_marketing,mean_ensemble,label_noise,primary,technical_failure_rate,lower_is_better,0.0,0.0|0.05|0.1|0.2|0.4|0.6|0.8|1.0,f353818bf56b820afb51ba837bed04db135dfc6c462147fc40acef5a703d0ede
locked,bank_marketing,mean_ensemble,label_noise,primary,rejection_rate,context_dependent,0.9221411192214113,0.0|0.05|0.1|0.2|0.4|0.6|0.8|1.0,2a796e6baa978022d4edb111b4251808b1168a37c4d3ac9df82fe7f88eeffa60
locked,bank_marketing,mean_ensemble,label_noise,shadow,accuracy,higher_is_better,0.9082061490820615,0.0|0.05|0.1|0.2|0.4|0.6|0.8|1.0,636237c0dfa2c6e9e50ebdc2d6870e6a6811278b9673b00488db6dd51a50eb23
locked,bank_marketing,mean_ensemble,label_noise,shadow,f1,higher_is_better,0.5289443813847899,0.0|0.05|0.1|0.2|0.4|0.6|0.8|1.0,cdb5be6937e52a33d826c15a4e6941cf51c795b3fe96db1725c1bd13ae077406
locked,bank_marketing,mean_ensemble,label_noise,shadow,unsafe_acceptance_rate,lower_is_better,0.02980961923847695,0.0|0.05|0.1|0.2|0.4|0.6|0.8|1.0,b00b0d129e696a6d7d490f8ccf16fdddf68595b6b2b46d3a67f797fa9195d1c6
locked,bank_marketing,mean_ensemble,label_noise,shadow,technical_failure_rate,lower_is_better,0.0,0.0|0.05|0.1|0.2|0.4|0.6|0.8|1.0,3b9afc105d696731ab35b28a360bd448431eb6bbd1c6e3c901bfefe39644bfb4
locked,bank_marketing,mean_ensemble,label_noise,shadow,rejection_rate,context_dependent,0.9221411192214113,0.0|0.05|0.1|0.2|0.4|0.6|0.8|1.0,f788818e3646e89ac5cb5e0b32f037fbdb2d2930c860478b66630967d29849d8
audit,bank_marketing,mean_ensemble,missing_features,audit,accuracy,higher_is_better,0.8934660766961652,0.0|0.05|0.1|0.2|0.4|0.6|0.8|1.0,0fd5007fd46dbf92a14ef904a51136d57ae49eb8303131057a02f8b2970cbbb0
audit,bank_marketing,mean_ensemble,missing_features,audit,f1,higher_is_better,0.28084014741133956,0.0|0.05|0.1|0.2|0.4|0.6|0.8|1.0,183bffddf98d4b4907969f49829aaac776ef398c5a1a16482c134a96bdb42873
audit,bank_marketing,mean_ensemble,missing_features,audit,unsafe_acceptance_rate,lower_is_better,0.015689712758851036,0.0|0.05|0.1|0.2|0.4|0.6|0.8|1.0,93d59a3a823ac1f11b506523e2c01b985a5a3c9557571eb7902bd66b300a5ff9
audit,bank_marketing,mean_ensemble,missing_features,audit,technical_failure_rate,lower_is_better,0.0,0.0|0.05|0.1|0.2|0.4|0.6|0.8|1.0,41bf4b20eb4b3ff39a9e039ee5e1f086cdb19bf037a88882b139ad5760f26c04
audit,bank_marketing,mean_ensemble,missing_features,audit,rejection_rate,context_dependent,0.9620058997050147,0.0|0.05|0.1|0.2|0.4|0.6|0.8|1.0,e0671a85d0e929f3092cb6c16388f3ce3de459eb4bc3258396c365f052c712ea
audit,bank_marketing,mean_ensemble,missing_features,shadow,accuracy,higher_is_better,0.8930752212389381,0.0|0.05|0.1|0.2|0.4|0.6|0.8|1.0,88c3974a52b3260814bb1f8496148764a62077d989d9a4560da83c619f63ef54
audit,bank_marketing,mean_ensemble,missing_features,shadow,f1,higher_is_better,0.2820685608032254,0.0|0.05|0.1|0.2|0.4|0.6|0.8|1.0,83064d40764503bf759b42b52317e86676af380a6f587567ded49a833b67b5d5
audit,bank_marketing,mean_ensemble,missing_features,shadow,unsafe_acceptance_rate,lower_is_better,0.016295090180360725,0.0|0.05|0.1|0.2|0.4|0.6|0.8|1.0,cbc54ea4d52113bed41d73a9d4e65231db803781780f70789c449747d7994fd4
audit,bank_marketing,mean_ensemble,missing_features,shadow,technical_failure_rate,lower_is_better,0.0,0.0|0.05|0.1|0.2|0.4|0.6|0.8|1.0,b168ca1c46cd89f248824f259d1e8836c5249935eca7caf940642dfc4d612932
audit,bank_marketing,mean_ensemble,missing_features,shadow,rejection_rate,context_dependent,0.9613274336283186,0.0|0.05|0.1|0.2|0.4|0.6|0.8|1.0,ca0b41afbb8c840b7d6257581fbebfee3c4d4427d6e658969a549b395d9aaeb4
locked,bank_marketing,mean_ensemble,missing_features,primary,accuracy,higher_is_better,0.8918841701688416,0.0|0.05|0.1|0.2|0.4|0.6|0.8|1.0,c6c239512ad9a2d96af64bcfc02bc735d7f487e70a229a43f66604509336bab1
locked,bank_marketing,mean_ensemble,missing_features,primary,f1,higher_is_better,0.2642912377405168,0.0|0.05|0.1|0.2|0.4|0.6|0.8|1.0,b3349f43804b9f204373a6edbcd159e524be6ed3054d48da2e406f05ac5ce372
locked,bank_marketing,mean_ensemble,missing_features,primary,unsafe_acceptance_rate,lower_is_better,0.015007097528390113,0.0|0.05|0.1|0.2|0.4|0.6|0.8|1.0,f6b0c5c1851d37218d659348545ece1a97cc6e8a0eee772bbc24acee82ed7d4d
locked,bank_marketing,mean_ensemble,missing_features,primary,technical_failure_rate,lower_is_better,0.0,0.0|0.05|0.1|0.2|0.4|0.6|0.8|1.0,2620498fcc41062f7254f09480304162302a8c4e2caa56040c35e3e33c940ac3
locked,bank_marketing,mean_ensemble,missing_features,primary,rejection_rate,context_dependent,0.9646040698960408,0.0|0.05|0.1|0.2|0.4|0.6|0.8|1.0,0c6a1412286fb5ee0fa2bbf0ceec166c0d259b0b346eb426ad70be2aac880a99
locked,bank_marketing,mean_ensemble,missing_features,shadow,accuracy,higher_is_better,0.8918463835434638,0.0|0.05|0.1|0.2|0.4|0.6|0.8|1.0,6871913cf85a46069b0bb30b892bd3cda0b85944da515137c26770bd9cf820f6
locked,bank_marketing,mean_ensemble,missing_features,shadow,f1,higher_is_better,0.26282322556180127,0.0|0.05|0.1|0.2|0.4|0.6|0.8|1.0,5c2220e27473ff388d5c13806bc1c14b45839c94d2e0754124812ad06f9b6c6e
locked,bank_marketing,mean_ensemble,missing_features,shadow,unsafe_acceptance_rate,lower_is_better,0.014939253507014026,0.0|0.05|0.1|0.2|0.4|0.6|0.8|1.0,03535d3c3d816f6e685c877ff87bec19e9ac63d9756c1d68de1d781909c31a61
locked,bank_marketing,mean_ensemble,missing_features,shadow,technical_failure_rate,lower_is_better,0.0,0.0|0.05|0.1|0.2|0.4|0.6|0.8|1.0,53d6ac0a99f97aef84eb5a913308f238b9ef251fbe2476f0993aeeb1919c5025
locked,bank_marketing,mean_ensemble,missing_features,shadow,rejection_rate,context_dependent,0.9647616677726167,0.0|0.05|0.1|0.2|0.4|0.6|0.8|1.0,2f505bcb64a2aa6c166463d7bfd2d54a3cd0c67a44a9be788820f98afe72c744
audit,bank_marketing,mean_ensemble,random_feature_deletion,audit,accuracy,higher_is_better,0.892160766961652,0.0|0.05|0.1|0.2|0.4|0.6|0.8|1.0,8cb1147991f16d5ba042b8ab928fe85cf147867790875b3adbd7016fa27b3f39
audit,bank_marketing,mean_ensemble,random_feature_deletion,audit,f1,higher_is_better,0.2926818289093546,0.0|0.05|0.1|0.2|0.4|0.6|0.8|1.0,ea237dcb6d2665838ddf890279099a88b7cd936566876cd15ac1dd581d438dfe
audit,bank_marketing,mean_ensemble,random_feature_deletion,audit,unsafe_acceptance_rate,lower_is_better,0.01904642618570474,0.0|0.05|0.1|0.2|0.4|0.6|0.8|1.0,adb77a598dfef24cb93a6726cf38748e3bbf9d7cf899199cd2ec26f0fa57764b
audit,bank_marketing,mean_ensemble,random_feature_deletion,audit,technical_failure_rate,lower_is_better,0.0,0.0|0.05|0.1|0.2|0.4|0.6|0.8|1.0,2b987908c2e09d872029cb82c5f7459d94f3809b5f0303bb3b08b93986517769
audit,bank_marketing,mean_ensemble,random_feature_deletion,audit,rejection_rate,context_dependent,0.9573820058997051,0.0|0.05|0.1|0.2|0.4|0.6|0.8|1.0,d4ba29e1992249f6a470df8b4631d29296c4aa6a8674403b4c1145633d0c251e
audit,bank_marketing,mean_ensemble,random_feature_deletion,shadow,accuracy,higher_is_better,0.8921238938053098,0.0|0.05|0.1|0.2|0.4|0.6|0.8|1.0,cb6c7e5fabb8c2ceb9b0976b1a802066a82ece9b013ca259d692b652fcdc8654
audit,bank_marketing,mean_ensemble,random_feature_deletion,shadow,f1,higher_is_better,0.23833657217910292,0.0|0.05|0.1|0.2|0.4|0.6|0.8|1.0,6d65d106428732dfc37c102d26e1e7968bb1895e560c45226cd33c7d4b01333e
audit,bank_marketing,mean_ensemble,random_feature_deletion,shadow,unsafe_acceptance_rate,lower_is_better,0.015913076152304608,0.0|0.05|0.1|0.2|0.4|0.6|0.8|1.0,c71f9d3ea44ac6bac9ccfbd99fb07474d9c5bb573290bba89256b62d2cbc442e
audit,bank_marketing,mean_ensemble,random_feature_deletion,shadow,technical_failure_rate,lower_is_better,0.0,0.0|0.05|0.1|0.2|0.4|0.6|0.8|1.0,1f492f867e2e7ce2da322a31c8d925542b4534e08c96a39ad43064e1d23feb0f
audit,bank_marketing,mean_ensemble,random_feature_deletion,shadow,rejection_rate,context_dependent,0.9629535398230089,0.0|0.05|0.1|0.2|0.4|0.6|0.8|1.0,00ee069f1966031b43c1bd77de5f9c996fff0c0ffb940508101341326e199e4a
locked,bank_marketing,mean_ensemble,random_feature_deletion,primary,accuracy,higher_is_better,0.8908279879082799,0.0|0.05|0.1|0.2|0.4|0.6|0.8|1.0,c859d01abc97d5d9e556f9d9408b9a12929f3cb2cbdb77160e4b465fe302f1b2
locked,bank_marketing,mean_ensemble,random_feature_deletion,primary,f1,higher_is_better,0.22296747814737355,0.0|0.05|0.1|0.2|0.4|0.6|0.8|1.0,b7adad1aae068eec85236c12880bd58cc88e79a5fed8715af2546300a01bdf72
locked,bank_marketing,mean_ensemble,random_feature_deletion,primary,unsafe_acceptance_rate,lower_is_better,0.012550100200400803,0.0|0.05|0.1|0.2|0.4|0.6|0.8|1.0,f4901b225bf76644c8c66c620dae83afba2955fab60db913c8f3e0a627287cbe
locked,bank_marketing,mean_ensemble,random_feature_deletion,primary,technical_failure_rate,lower_is_better,0.0,0.0|0.05|0.1|0.2|0.4|0.6|0.8|1.0,12b9784b79d3ae4f8523ab5a117a2c1db867b587b91297dafe4864d629a53122
locked,bank_marketing,mean_ensemble,random_feature_deletion,primary,rejection_rate,context_dependent,0.9699992626999926,0.0|0.05|0.1|0.2|0.4|0.6|0.8|1.0,6495cb73779748c56b9ec2e645b0075938597ed09290b7c2d464d2a073bdab8d
locked,bank_marketing,mean_ensemble,random_feature_deletion,shadow,accuracy,higher_is_better,0.8949098650740988,0.0|0.05|0.1|0.2|0.4|0.6|0.8|1.0,e8ba86fa7a44bcc75ba81400047e7c0ef40efac7a570878dec8612fff6555aa7
locked,bank_marketing,mean_ensemble,random_feature_deletion,shadow,f1,higher_is_better,0.3515873654566796,0.0|0.05|0.1|0.2|0.4|0.6|0.8|1.0,571436fc5f193704aeab0f7023345602d4c126960d8ac47082e18361cfc1d4bf
locked,bank_marketing,mean_ensemble,random_feature_deletion,shadow,unsafe_acceptance_rate,lower_is_better,0.021934493987975957,0.0|0.05|0.1|0.2|0.4|0.6|0.8|1.0,3549be4ac1628ba4f5997b3e9d30ca5984cf70cc5dd7762238ead96522bce4c5
locked,bank_marketing,mean_ensemble,random_feature_deletion,shadow,technical_failure_rate,lower_is_better,0.0,0.0|0.05|0.1|0.2|0.4|0.6|0.8|1.0,e7554a9f41b48c139bfbc1a79ffae989bf479ec7b760c0e18b31f728c9fd680d
locked,bank_marketing,mean_ensemble,random_feature_deletion,shadow,rejection_rate,context_dependent,0.9493447246184472,0.0|0.05|0.1|0.2|0.4|0.6|0.8|1.0,72ae0aae18291ef6c14d42ce10f1dd3c4a0704c31d658c6054402bbf7d667619
audit,bank_marketing,mean_ensemble,specialist_failure,audit,accuracy,higher_is_better,0.6702101769911504,0.0|0.05|0.1|0.2|0.4|0.6|0.8|1.0,009a13ba812736edb4c94fb2b799d6a699731cca7490372c553b11662b6b442e
audit,bank_marketing,mean_ensemble,specialist_failure,audit,f1,higher_is_better,0.4443255192136418,0.0|0.05|0.1|0.2|0.4|0.6|0.8|1.0,6265be8386229a5d4ee58c3240ec5844bbdeb3307bd04694c54b48f863d1db7b
audit,bank_marketing,mean_ensemble,specialist_failure,audit,unsafe_acceptance_rate,lower_is_better,0.3248622244488978,0.0|0.05|0.1|0.2|0.4|0.6|0.8|1.0,fec8cde6322fe9c997bff8458150f087281238b5d591fc5b176fd9b5b6ba228a
audit,bank_marketing,mean_ensemble,specialist_failure,audit,technical_failure_rate,lower_is_better,0.0,0.0|0.05|0.1|0.2|0.4|0.6|0.8|1.0,973cdecaecbf7c0ab5e59997b3ef768f191cf33fdba9fb4c7fabadf60b3fd511
audit,bank_marketing,mean_ensemble,specialist_failure,audit,rejection_rate,context_dependent,0.6391482300884955,0.0|0.05|0.1|0.2|0.4|0.6|0.8|1.0,4429ec8e851a7f20f52b284e6e28829536610cf76320f2c71d3618c9cedbec32
audit,bank_marketing,mean_ensemble,specialist_failure,shadow,accuracy,higher_is_better,0.6702101769911504,0.0|0.05|0.1|0.2|0.4|0.6|0.8|1.0,5114ec829f46e173be9a0393de1585ee743d24a8a55d73c001598628bb8198e7
audit,bank_marketing,mean_ensemble,specialist_failure,shadow,f1,higher_is_better,0.4443255192136418,0.0|0.05|0.1|0.2|0.4|0.6|0.8|1.0,29c129e0b4cd1976aa580cc64ee52ba9c59f644f5e8f917091783be6d035fc29
audit,bank_marketing,mean_ensemble,specialist_failure,shadow,unsafe_acceptance_rate,lower_is_better,0.3248622244488978,0.0|0.05|0.1|0.2|0.4|0.6|0.8|1.0,874f92ae2a31a86a7b8541c1c5d7b272ecba9d0e092421d752c4cbf7e3d8399e
audit,bank_marketing,mean_ensemble,specialist_failure,shadow,technical_failure_rate,lower_is_better,0.0,0.0|0.05|0.1|0.2|0.4|0.6|0.8|1.0,5d2a134443dd35f23a4e5ee8738c856043bfa4c4bd1e5230cf0fa8c605cf8816
audit,bank_marketing,mean_ensemble,specialist_failure,shadow,rejection_rate,context_dependent,0.6391482300884955,0.0|0.05|0.1|0.2|0.4|0.6|0.8|1.0,861a7aed67a285aac45c948bcd41afc2cea804eea8ee819c5edaec0590ac0265
locked,bank_marketing,mean_ensemble,specialist_failure,primary,accuracy,higher_is_better,0.669757796947578,0.0|0.05|0.1|0.2|0.4|0.6|0.8|1.0,db8c0a83b7f7707ef6f4cc4f2de0df057eb05d1e0463d6e8b54431bbe0acc8c7
locked,bank_marketing,mean_ensemble,specialist_failure,primary,f1,higher_is_better,0.42660282631154156,0.0|0.05|0.1|0.2|0.4|0.6|0.8|1.0,529d0a7cfae2e60210f99e80902684eae3bbb80f25245af2cb6cc16898e1593b
locked,bank_marketing,mean_ensemble,specialist_failure,primary,unsafe_acceptance_rate,lower_is_better,0.3213176352705411,0.0|0.05|0.1|0.2|0.4|0.6|0.8|1.0,6585e829571c415e1105cc86943669be7d0afd1e614ad3a7e46592bf741f694c
locked,bank_marketing,mean_ensemble,specialist_failure,primary,technical_failure_rate,lower_is_better,0.0,0.0|0.05|0.1|0.2|0.4|0.6|0.8|1.0,756e520bdcb7b1883a5b59b3d86147948d765e556f7b2ac934b021912377cfad
locked,bank_marketing,mean_ensemble,specialist_failure,primary,rejection_rate,context_dependent,0.6457918602079186,0.0|0.05|0.1|0.2|0.4|0.6|0.8|1.0,f776fe2a5a24c3f804edcb7cd800d1744ec9cabbbff86f3d732b36b77f9a851b
locked,bank_marketing,mean_ensemble,specialist_failure,shadow,accuracy,higher_is_better,0.669757796947578,0.0|0.05|0.1|0.2|0.4|0.6|0.8|1.0,c6b253800499caf92c6e221bab63dea44f7eb4885536a40943666aab561adbe7
locked,bank_marketing,mean_ensemble,specialist_failure,shadow,f1,higher_is_better,0.42660282631154156,0.0|0.05|0.1|0.2|0.4|0.6|0.8|1.0,a0a083cb6031f8e1a0682b7c7a1882069babfb3eca693a4711ddd8f6cfcbdcf5
locked,bank_marketing,mean_ensemble,specialist_failure,shadow,unsafe_acceptance_rate,lower_is_better,0.3213176352705411,0.0|0.05|0.1|0.2|0.4|0.6|0.8|1.0,9210ca992aeea0154445c0a1057e937594806e00b7d148733efc56cac7418784
locked,bank_marketing,mean_ensemble,specialist_failure,shadow,technical_failure_rate,lower_is_better,0.0,0.0|0.05|0.1|0.2|0.4|0.6|0.8|1.0,7be0b7caa29a29d7b9e7a9926666e27135cb2a7904707bf2c933b22891055fab
locked,bank_marketing,mean_ensemble,specialist_failure,shadow,rejection_rate,context_dependent,0.6457918602079186,0.0|0.05|0.1|0.2|0.4|0.6|0.8|1.0,23564bbf68286abc87bcea960fc1b98a50ae9a0275dbb6ef942505d5ffc78041
audit,bank_marketing,mean_ensemble,synthetic_sensor_failure,audit,accuracy,higher_is_better,0.8887057522123893,0.0|0.05|0.1|0.2|0.4|0.6|0.8|1.0,5d2d63cf115e844265d0715096024a9e3f43b1ab974582579a292f2e3e3232b1
audit,bank_marketing,mean_ensemble,synthetic_sensor_failure,audit,f1,higher_is_better,0.22977260581754586,0.0|0.05|0.1|0.2|0.4|0.6|0.8|1.0,809c2963e1561e3553685364ded568f5f88fc009c2f91099db4a4185b808b161
audit,bank_marketing,mean_ensemble,synthetic_sensor_failure,audit,unsafe_acceptance_rate,lower_is_better,0.015330661322645291,0.0|0.05|0.1|0.2|0.4|0.6|0.8|1.0,525634e4d48412cc3f266ca5c7492d4027259ca4bc80664059dcc0b353b91b6d
audit,bank_marketing,mean_ensemble,synthetic_sensor_failure,audit,technical_failure_rate,lower_is_better,0.0,0.0|0.05|0.1|0.2|0.4|0.6|0.8|1.0,01853916af886152930404038a4c7a4fd0dada0e077af7a2cf973b271175c931
audit,bank_marketing,mean_ensemble,synthetic_sensor_failure,audit,rejection_rate,context_dependent,0.9674004424778762,0.0|0.05|0.1|0.2|0.4|0.6|0.8|1.0,ae54bee85d598b44365375cf1717a305272629958255e46ce2098e01118893ab
audit,bank_marketing,mean_ensemble,synthetic_sensor_failure,shadow,accuracy,higher_is_better,0.8887057522123893,0.0|0.05|0.1|0.2|0.4|0.6|0.8|1.0,2c637f8f15c036de1858fc7ac5a4bee9230974953e4a40c5719835689a6da7b7
audit,bank_marketing,mean_ensemble,synthetic_sensor_failure,shadow,f1,higher_is_better,0.22977260581754586,0.0|0.05|0.1|0.2|0.4|0.6|0.8|1.0,d3dceff9e5ee493e1bad44f9c01e453c504836c7b1b4a224db29a189d5e6d638
audit,bank_marketing,mean_ensemble,synthetic_sensor_failure,shadow,unsafe_acceptance_rate,lower_is_better,0.015330661322645291,0.0|0.05|0.1|0.2|0.4|0.6|0.8|1.0,a8b9a10f9a5a8e35d77dac956a66e097ba062c2ed0a662f9574fa775c032610f
audit,bank_marketing,mean_ensemble,synthetic_sensor_failure,shadow,technical_failure_rate,lower_is_better,0.0,0.0|0.05|0.1|0.2|0.4|0.6|0.8|1.0,3799088a761f4367c885878eaf0b861a42c42b03f350134cc52517dbbca60135
audit,bank_marketing,mean_ensemble,synthetic_sensor_failure,shadow,rejection_rate,context_dependent,0.9674004424778762,0.0|0.05|0.1|0.2|0.4|0.6|0.8|1.0,1675a67f19e12623bee9d6bc611ae33ad0beaba177c74bd703ebc70dc4ee69d9
locked,bank_marketing,mean_ensemble,synthetic_sensor_failure,primary,accuracy,higher_is_better,0.8893994691439948,0.0|0.05|0.1|0.2|0.4|0.6|0.8|1.0,823e9fe5ede1b4d74c2547ac49f6ba756a54b7753986e3a1a71fc3debe4f7b56
locked,bank_marketing,mean_ensemble,synthetic_sensor_failure,primary,f1,higher_is_better,0.21588616478352302,0.0|0.05|0.1|0.2|0.4|0.6|0.8|1.0,f0778d41eebe385adb71d686943c473e09fd3d7ce24dd151c5b844bbe11a31f9
locked,bank_marketing,mean_ensemble,synthetic_sensor_failure,primary,unsafe_acceptance_rate,lower_is_better,0.012149298597194389,0.0|0.05|0.1|0.2|0.4|0.6|0.8|1.0,1c8d4fd15b8474641e4ece2b0069d477de6407a01c3f4277dbbd4cd368a508b3
locked,bank_marketing,mean_ensemble,synthetic_sensor_failure,primary,technical_failure_rate,lower_is_better,0.0,0.0|0.05|0.1|0.2|0.4|0.6|0.8|1.0,c5fa69604149dff075a2bf72836388691453433761ee97d2beed8fd983af784d
locked,bank_marketing,mean_ensemble,synthetic_sensor_failure,primary,rejection_rate,context_dependent,0.9721355894713559,0.0|0.05|0.1|0.2|0.4|0.6|0.8|1.0,f8312930c29b79499266e90aaa7a100d1b0c05d5519c5d14ff5ed96e387c44c2
locked,bank_marketing,mean_ensemble,synthetic_sensor_failure,shadow,accuracy,higher_is_better,0.8893994691439948,0.0|0.05|0.1|0.2|0.4|0.6|0.8|1.0,cab5c41f6612e1ee89926b222a13baccbda8ca1586c76f101623765612769bb5
locked,bank_marketing,mean_ensemble,synthetic_sensor_failure,shadow,f1,higher_is_better,0.21588616478352302,0.0|0.05|0.1|0.2|0.4|0.6|0.8|1.0,572e7be1eecedf247a7c5cd9de6c01c6aeec33432477316328e808ceae3df6fc
locked,bank_marketing,mean_ensemble,synthetic_sensor_failure,shadow,unsafe_acceptance_rate,lower_is_better,0.012149298597194389,0.0|0.05|0.1|0.2|0.4|0.6|0.8|1.0,09148450f12de7810764a5a866498cc74b150e86ad1ce86d3e75443b596e848f
locked,bank_marketing,mean_ensemble,synthetic_sensor_failure,shadow,technical_failure_rate,lower_is_better,0.0,0.0|0.05|0.1|0.2|0.4|0.6|0.8|1.0,a619ec1d4662df5d2c8d900ac6f24ae86ce0d815fb415e68d92c94b49dbdcf6f
locked,bank_marketing,mean_ensemble,synthetic_sensor_failure,shadow,rejection_rate,context_dependent,0.9721355894713559,0.0|0.05|0.1|0.2|0.4|0.6|0.8|1.0,7806217a97bbd8c0715e0b971f97fa5255fbda612d03baafa7ee1871d9c6f4d3
audit,bank_marketing,pure_mavs_gc,adversarial_confidence_inflation,audit,accuracy,higher_is_better,0.8985840707964602,0.0|0.05|0.1|0.2|0.4|0.6|0.8|1.0,f49b20cb9dc9374c7b59b0086fe1dcaf7158c9f0ce3f899d4b06a34bd82c9e36
audit,bank_marketing,pure_mavs_gc,adversarial_confidence_inflation,audit,f1,higher_is_better,0.4502528477990422,0.0|0.05|0.1|0.2|0.4|0.6|0.8|1.0,57fad25d8968df36845068f704b701080b46dfccf8f9abac87d1a7d5b0b35dc3
audit,bank_marketing,pure_mavs_gc,adversarial_confidence_inflation,audit,unsafe_acceptance_rate,lower_is_better,0.029496492985971942,0.0|0.05|0.1|0.2|0.4|0.6|0.8|1.0,d0072ff9a7bb85da507305fc24eb865e670068b066bcd50dd0e7a6cd381ce1d5
audit,bank_marketing,pure_mavs_gc,adversarial_confidence_inflation,audit,technical_failure_rate,lower_is_better,0.0,0.0|0.05|0.1|0.2|0.4|0.6|0.8|1.0,9c9d30a572c578a4dcf10f07d5755238ddd096c89f56b2f1f3e044a81e07b354
audit,bank_marketing,pure_mavs_gc,adversarial_confidence_inflation,audit,rejection_rate,context_dependent,0.9325,0.0|0.05|0.1|0.2|0.4|0.6|0.8|1.0,445f6ee7696bf58b5c7ff0543966974f031e99ba15f71094b0a14e4a38a26efc
audit,bank_marketing,pure_mavs_gc,adversarial_confidence_inflation,shadow,accuracy,higher_is_better,0.8985342920353983,0.0|0.05|0.1|0.2|0.4|0.6|0.8|1.0,44c908a960fe4bcbf59c01db6601e5398f215a15a47aa54b2d7ce38c4ec925ee
audit,bank_marketing,pure_mavs_gc,adversarial_confidence_inflation,shadow,f1,higher_is_better,0.4488471943062166,0.0|0.05|0.1|0.2|0.4|0.6|0.8|1.0,c9938a471dc2ab6342e6998f0665541b8d985fc7658c6dd2e0e05652d18b9a90
audit,bank_marketing,pure_mavs_gc,adversarial_confidence_inflation,shadow,unsafe_acceptance_rate,lower_is_better,0.029308617234468936,0.0|0.05|0.1|0.2|0.4|0.6|0.8|1.0,472e646d9cc3800f0f7f2c346907b2de59d02582fe7c233ec9a25e673f1e2fd5
audit,bank_marketing,pure_mavs_gc,adversarial_confidence_inflation,shadow,technical_failure_rate,lower_is_better,0.0,0.0|0.05|0.1|0.2|0.4|0.6|0.8|1.0,4abfc2ebe4e5a9e933fd79cf26cdf372fec8ecfc0410cb7f0f6ba3d9cc560d02
audit,bank_marketing,pure_mavs_gc,adversarial_confidence_inflation,shadow,rejection_rate,context_dependent,0.9328816371681417,0.0|0.05|0.1|0.2|0.4|0.6|0.8|1.0,69ba80a78f9c02a82404e6fbcf28613f06dda866e5616f130499fd06d6b5d752
locked,bank_marketing,pure_mavs_gc,adversarial_confidence_inflation,primary,accuracy,higher_is_better,0.8958195089581951,0.0|0.05|0.1|0.2|0.4|0.6|0.8|1.0,1a290c99ee3fdd8d06b3ab3754b2e9f7ce221cc2b281e870832f6b0f52ffcc0a
locked,bank_marketing,pure_mavs_gc,adversarial_confidence_inflation,primary,f1,higher_is_better,0.4057371653064846,0.0|0.05|0.1|0.2|0.4|0.6|0.8|1.0,7c00179364d0ad00053e731bd37a7d10007b3cedb0faa7b4fecaa08a661cbed7
locked,bank_marketing,pure_mavs_gc,adversarial_confidence_inflation,primary,unsafe_acceptance_rate,lower_is_better,0.02562416499665999,0.0|0.05|0.1|0.2|0.4|0.6|0.8|1.0,1d82349ef1d430eef8aada3299522c98d1641f468a4b8e18b413fe83bb24fab1
locked,bank_marketing,pure_mavs_gc,adversarial_confidence_inflation,primary,technical_failure_rate,lower_is_better,0.0,0.0|0.05|0.1|0.2|0.4|0.6|0.8|1.0,6fada6ec56efa4d70b0cc044cb98d9c576efd8764c2b8a5274c0ca4f15758b86
locked,bank_marketing,pure_mavs_gc,adversarial_confidence_inflation,primary,rejection_rate,context_dependent,0.9419191919191919,0.0|0.05|0.1|0.2|0.4|0.6|0.8|1.0,0dadd9ec9ed36d76217c362f4a0ef42ab62ebf81454fba972963d0b9f700cbe8
locked,bank_marketing,pure_mavs_gc,adversarial_confidence_inflation,shadow,accuracy,higher_is_better,0.8955070780800708,0.0|0.05|0.1|0.2|0.4|0.6|0.8|1.0,55b7a9310086ac62c693dfceb83437479abea1f26898bdd740d8220ff0630ba8
locked,bank_marketing,pure_mavs_gc,adversarial_confidence_inflation,shadow,f1,higher_is_better,0.40359344066623887,0.0|0.05|0.1|0.2|0.4|0.6|0.8|1.0,3f153fc189a3e0fb19b70fe0cc6fe73e2f60d68c9a523421e4a7f1cf4add7907
locked,bank_marketing,pure_mavs_gc,adversarial_confidence_inflation,shadow,unsafe_acceptance_rate,lower_is_better,0.025738977955911825,0.0|0.05|0.1|0.2|0.4|0.6|0.8|1.0,b347d0963c5ca1acd38ee168bb2ae0f34fefa8d85388c8a378fd0249a0911c28
locked,bank_marketing,pure_mavs_gc,adversarial_confidence_inflation,shadow,technical_failure_rate,lower_is_better,0.0,0.0|0.05|0.1|0.2|0.4|0.6|0.8|1.0,4628b064797dbb04325943c8839cc9fd44ff2eefe6ea346407ab6d4984447c85
locked,bank_marketing,pure_mavs_gc,adversarial_confidence_inflation,shadow,rejection_rate,context_dependent,0.9420288652952888,0.0|0.05|0.1|0.2|0.4|0.6|0.8|1.0,1c8fb4e4147e5182049fd3e1b0567bf60f78527cbbe20427497c668f58ef1ce4
audit,bank_marketing,pure_mavs_gc,confidence_distortion,audit,accuracy,higher_is_better,0.904491150442478,0.0|0.05|0.1|0.2|0.4|0.6|0.8|1.0,837f97ef7c503eeedbe02c8d8308f9ad2ad707940a9f1a4e3cfc893166396f0d
audit,bank_marketing,pure_mavs_gc,confidence_distortion,audit,f1,higher_is_better,0.40387657943057204,0.0|0.05|0.1|0.2|0.4|0.6|0.8|1.0,0b264fcd88fbeb042f1605e31dae79175812ccc95da6479b739c7b8f07040252
audit,bank_marketing,pure_mavs_gc,confidence_distortion,audit,unsafe_acceptance_rate,lower_is_better,0.013113727454909819,0.0|0.05|0.1|0.2|0.4|0.6|0.8|1.0,7989647fa2222d06b08ec10a99e4c3931287422f1fd585d4db93967ae018e14f
audit,bank_marketing,pure_mavs_gc,confidence_distortion,audit,technical_failure_rate,lower_is_better,0.0,0.0|0.05|0.1|0.2|0.4|0.6|0.8|1.0,cc7c498246b69ba4fa7a08fa8875711cf7dde3350e2b21b918f371bcac02d6d0
audit,bank_marketing,pure_mavs_gc,confidence_distortion,audit,rejection_rate,context_dependent,0.9555309734513274,0.0|0.05|0.1|0.2|0.4|0.6|0.8|1.0,9a9bcbce3da43b26a8d649e34288bf6b87a72c18a6d1d2cb8b680628b2ec46d2
audit,bank_marketing,pure_mavs_gc,confidence_distortion,shadow,accuracy,higher_is_better,0.904491150442478,0.0|0.05|0.1|0.2|0.4|0.6|0.8|1.0,53e0163ece3b0c6a4f47085fb96ad68da32fee8f0aca9b2b3607ab49ec99ee23
audit,bank_marketing,pure_mavs_gc,confidence_distortion,shadow,f1,higher_is_better,0.40387657943057204,0.0|0.05|0.1|0.2|0.4|0.6|0.8|1.0,546169c069369ad78788cf34b2112ef9b21602ed61a0fd985e7531271f321d17
audit,bank_marketing,pure_mavs_gc,confidence_distortion,shadow,unsafe_acceptance_rate,lower_is_better,0.013113727454909819,0.0|0.05|0.1|0.2|0.4|0.6|0.8|1.0,c2decd1f7ff88135793aca1bede356cf0a149b1dba5fd99490834c3027312ce2
audit,bank_marketing,pure_mavs_gc,confidence_distortion,shadow,technical_failure_rate,lower_is_better,0.0,0.0|0.05|0.1|0.2|0.4|0.6|0.8|1.0,479b26c71160e8fdb5ae259a22001de5fa064bf8b0dd81d1f3cdce7a17840e2b
audit,bank_marketing,pure_mavs_gc,confidence_distortion,shadow,rejection_rate,context_dependent,0.9555309734513274,0.0|0.05|0.1|0.2|0.4|0.6|0.8|1.0,57bf36773425197b8032ad4f84f34f5b36d1eb410afdd567c4ea0af199cb33bb
locked,bank_marketing,pure_mavs_gc,confidence_distortion,primary,accuracy,higher_is_better,0.9010174740101747,0.0|0.05|0.1|0.2|0.4|0.6|0.8|1.0,f79d1639f2a8cb9b867da122ac68b2aec1be33c11cbbd659054b1426f89d0cbc
locked,bank_marketing,pure_mavs_gc,confidence_distortion,primary,f1,higher_is_better,0.34405014226259867,0.0|0.05|0.1|0.2|0.4|0.6|0.8|1.0,61260912565c8e49c1282e8d298859503b4938f45ead828f879b61357120502d
locked,bank_marketing,pure_mavs_gc,confidence_distortion,primary,unsafe_acceptance_rate,lower_is_better,0.009506513026052106,0.0|0.05|0.1|0.2|0.4|0.6|0.8|1.0,f8efa3105966fb3e9ed79397d166db72861796119447e4f9ada141497c4e6398
locked,bank_marketing,pure_mavs_gc,confidence_distortion,primary,technical_failure_rate,lower_is_better,0.0,0.0|0.05|0.1|0.2|0.4|0.6|0.8|1.0,da5912b16e06a32ffd4ccf4845b0990fb52d100ddbd0c3634ed11ec4468575bc
locked,bank_marketing,pure_mavs_gc,confidence_distortion,primary,rejection_rate,context_dependent,0.9651846936518469,0.0|0.05|0.1|0.2|0.4|0.6|0.8|1.0,32c4c45839cb7c8061d080e34476a498a09bbe322d634a78f5a245a7994a1440
locked,bank_marketing,pure_mavs_gc,confidence_distortion,shadow,accuracy,higher_is_better,0.9010174740101747,0.0|0.05|0.1|0.2|0.4|0.6|0.8|1.0,491e95ca006179f37d2579fb1f0508eab352814b995cd3dcfce3b232269c48e8
locked,bank_marketing,pure_mavs_gc,confidence_distortion,shadow,f1,higher_is_better,0.34405014226259867,0.0|0.05|0.1|0.2|0.4|0.6|0.8|1.0,bb11f972062588e78028e6e25469d2b58e4e0f4a3bdd37166be100841f225b5e
locked,bank_marketing,pure_mavs_gc,confidence_distortion,shadow,unsafe_acceptance_rate,lower_is_better,0.009506513026052106,0.0|0.05|0.1|0.2|0.4|0.6|0.8|1.0,734834f38ca5493fcc27fc240c5bd47ecdfc5b0f356eeba4a428ed6a677f47ab
locked,bank_marketing,pure_mavs_gc,confidence_distortion,shadow,technical_failure_rate,lower_is_better,0.0,0.0|0.05|0.1|0.2|0.4|0.6|0.8|1.0,34aeccb9b740e60b72975aade97eafe76838f50f7d081ab22752c0f3d8eeaa57
locked,bank_marketing,pure_mavs_gc,confidence_distortion,shadow,rejection_rate,context_dependent,0.9651846936518469,0.0|0.05|0.1|0.2|0.4|0.6|0.8|1.0,b3fbe110e69bcf5b07238d1a69e525a19365155da082b3f10e1ea94139930aeb
audit,bank_marketing,pure_mavs_gc,distribution_shift,audit,accuracy,higher_is_better,0.8819375770954379,0.0|0.05|0.1|0.2|0.4|0.6|0.8|1.0,f1926ed811431d9ed35d8cc66f6bc676454340c04d8c8169724116ee17e784b0
audit,bank_marketing,pure_mavs_gc,distribution_shift,audit,f1,higher_is_better,0.5297545790536753,0.0|0.05|0.1|0.2|0.4|0.6|0.8|1.0,6f3d5856eba86bddf8c14bd99e57ba36f8c5e4366f3315d9926af0209db2dd52
audit,bank_marketing,pure_mavs_gc,distribution_shift,audit,unsafe_acceptance_rate,lower_is_better,0.03463851606508177,0.0|0.05|0.1|0.2|0.4|0.6|0.8|1.0,98a22643e9cdfc1cd37f7533ee6d9fec4e57ef79da5df7250b3d0714524e92c9
audit,bank_marketing,pure_mavs_gc,distribution_shift,audit,technical_failure_rate,lower_is_better,0.0,0.0|0.05|0.1|0.2|0.4|0.6|0.8|1.0,aaf269548f66025060d3f14fb0f103690ae68168a7c3b48b18355fbc739ef0a9
audit,bank_marketing,pure_mavs_gc,distribution_shift,audit,rejection_rate,context_dependent,0.9031053079956856,0.0|0.05|0.1|0.2|0.4|0.6|0.8|1.0,ce7d3bfa12080f39155991082899f7147e62fd9a269fe36cff4b6f32bf63f443
audit,bank_marketing,pure_mavs_gc,distribution_shift,shadow,accuracy,higher_is_better,0.8819375770954379,0.0|0.05|0.1|0.2|0.4|0.6|0.8|1.0,f0d276ff0ee2ac386d8b58bb081931b5be34d566f6eca2642ede0cf8917263ef
audit,bank_marketing,pure_mavs_gc,distribution_shift,shadow,f1,higher_is_better,0.5297545790536753,0.0|0.05|0.1|0.2|0.4|0.6|0.8|1.0,c9a93217b70b8bde49b715ca027453d34badb434361dd25f92a53c45f29b1a5c
audit,bank_marketing,pure_mavs_gc,distribution_shift,shadow,unsafe_acceptance_rate,lower_is_better,0.03463851606508177,0.0|0.05|0.1|0.2|0.4|0.6|0.8|1.0,95ea06b2c50cbcd6c9113daeb9d288ac8e708cd97270916d6f42a99da78a5d42
audit,bank_marketing,pure_mavs_gc,distribution_shift,shadow,technical_failure_rate,lower_is_better,0.0,0.0|0.05|0.1|0.2|0.4|0.6|0.8|1.0,2010db57bb3e353e0fb8d5dc59b186b4ee10e33e95e1442ed5d3e4f09925eda0
audit,bank_marketing,pure_mavs_gc,distribution_shift,shadow,rejection_rate,context_dependent,0.9031053079956856,0.0|0.05|0.1|0.2|0.4|0.6|0.8|1.0,adf27516a0d2be01d586080458847367bac956502efe62bc258d43607423a843
locked,bank_marketing,pure_mavs_gc,distribution_shift,primary,accuracy,higher_is_better,0.8792591493686074,0.0|0.05|0.1|0.2|0.4|0.6|0.8|1.0,e63663294b124b4f7e5a621d36cbffe5cc47f118b2f282233994c17abcbbcb3e
locked,bank_marketing,pure_mavs_gc,distribution_shift,primary,f1,higher_is_better,0.4903190934497513,0.0|0.05|0.1|0.2|0.4|0.6|0.8|1.0,adcd923d8227d4dd2f9b98e70acb5446f51fd54305b49aa2374bc6f51c1133a2
locked,bank_marketing,pure_mavs_gc,distribution_shift,primary,unsafe_acceptance_rate,lower_is_better,0.029547307045019306,0.0|0.05|0.1|0.2|0.4|0.6|0.8|1.0,773832ffdb7deed6081fbff81b501a1e22bcd046dea0c86d0f87100770131b47
locked,bank_marketing,pure_mavs_gc,distribution_shift,primary,technical_failure_rate,lower_is_better,0.0,0.0|0.05|0.1|0.2|0.4|0.6|0.8|1.0,f6900886b9c97f57af30892e2e5790d677c4e0a6e90d7e39d92bf46cdcfbac6b
locked,bank_marketing,pure_mavs_gc,distribution_shift,primary,rejection_rate,context_dependent,0.9158827672552196,0.0|0.05|0.1|0.2|0.4|0.6|0.8|1.0,a505d6ce17834b6a4e3c18ffe98191a3db5b457a35bfec1d12b1985621b0320b
locked,bank_marketing,pure_mavs_gc,distribution_shift,shadow,accuracy,higher_is_better,0.8792591493686074,0.0|0.05|0.1|0.2|0.4|0.6|0.8|1.0,42d4ccc309d4daaf9c22b4084c9768109f46a60ddc88b4a591ce4d5a535728f4
locked,bank_marketing,pure_mavs_gc,distribution_shift,shadow,f1,higher_is_better,0.4903190934497513,0.0|0.05|0.1|0.2|0.4|0.6|0.8|1.0,9168f5e6e9c06cf64df9235c40c5c9e5d882dcc565fd350880c80ac9f621f7de
locked,bank_marketing,pure_mavs_gc,distribution_shift,shadow,unsafe_acceptance_rate,lower_is_better,0.029547307045019306,0.0|0.05|0.1|0.2|0.4|0.6|0.8|1.0,353743ca5f84d2e647ca5a0ff437792618b6db6d5f91ddcdea61992667977b6b
locked,bank_marketing,pure_mavs_gc,distribution_shift,shadow,technical_failure_rate,lower_is_better,0.0,0.0|0.05|0.1|0.2|0.4|0.6|0.8|1.0,217ac6fa83e99889411c4318d0c24bdcfeb9c6d03e734c7b02eba1e87d08e0fb
locked,bank_marketing,pure_mavs_gc,distribution_shift,shadow,rejection_rate,context_dependent,0.9158827672552196,0.0|0.05|0.1|0.2|0.4|0.6|0.8|1.0,2209063ea54e38b3eae0543e261820892943d7364e75723e91143932df41de66
audit,bank_marketing,pure_mavs_gc,feature_noise,audit,accuracy,higher_is_better,0.8970612094395279,0.0|0.05|0.1|0.2|0.4|0.6|0.8|1.0,db3672892b2ad4b2b6fc0bf1977a12579f7a31710774c74c1fa3505de45b797a
audit,bank_marketing,pure_mavs_gc,feature_noise,audit,f1,higher_is_better,0.42078011220301526,0.0|0.05|0.1|0.2|0.4|0.6|0.8|1.0,c089f6b289a654617c312608bae6c5670ee402e1d237520605c39d4fd663b0d0
audit,bank_marketing,pure_mavs_gc,feature_noise,audit,unsafe_acceptance_rate,lower_is_better,0.026707581830327322,0.0|0.05|0.1|0.2|0.4|0.6|0.8|1.0,f29c3a88879577640e512f5c73c7040266348d83b10b3ccadb54766fc9e1f752
audit,bank_marketing,pure_mavs_gc,feature_noise,audit,technical_failure_rate,lower_is_better,0.0,0.0|0.05|0.1|0.2|0.4|0.6|0.8|1.0,c5a18f7193d37681c07515f5c4317b3deb57f36734dbac30a4bf197ed864ce3d
audit,bank_marketing,pure_mavs_gc,feature_noise,audit,rejection_rate,context_dependent,0.9389491150442479,0.0|0.05|0.1|0.2|0.4|0.6|0.8|1.0,9d132c09cc86a3ed2fa5782a1870f175b8591a03ac7a085eb313a77dd92a17a0
audit,bank_marketing,pure_mavs_gc,feature_noise,shadow,accuracy,higher_is_better,0.8975829646017699,0.0|0.05|0.1|0.2|0.4|0.6|0.8|1.0,21411338794708467092f7668f12928b19f56129eaff9628bd0c83dc3dc3d702
audit,bank_marketing,pure_mavs_gc,feature_noise,shadow,f1,higher_is_better,0.42706526870067074,0.0|0.05|0.1|0.2|0.4|0.6|0.8|1.0,0dd6e531d3180b7d8835bd7b4a766771864d6d4fc82e668d6c77cd19ef5180be
audit,bank_marketing,pure_mavs_gc,feature_noise,shadow,unsafe_acceptance_rate,lower_is_better,0.02696643286573146,0.0|0.05|0.1|0.2|0.4|0.6|0.8|1.0,9e0a28888878f8d94c49c352aeff98ed487878ce8703aecc580fbf1ffb3ade59
audit,bank_marketing,pure_mavs_gc,feature_noise,shadow,technical_failure_rate,lower_is_better,0.0,0.0|0.05|0.1|0.2|0.4|0.6|0.8|1.0,94d820cb0dbce8a46d9df0f0ca8520fb47733df3c39d399e29a8f21fde952b47
audit,bank_marketing,pure_mavs_gc,feature_noise,shadow,rejection_rate,context_dependent,0.9379701327433628,0.0|0.05|0.1|0.2|0.4|0.6|0.8|1.0,87996494af4d72d63550614b28dffe0931a4c6e313b93e86aacfdb00e309cff8
locked,bank_marketing,pure_mavs_gc,feature_noise,primary,accuracy,higher_is_better,0.8968738479687386,0.0|0.05|0.1|0.2|0.4|0.6|0.8|1.0,76426d5dc7d58c03e35d67bd567640b5409ae6383dd5c385e339a3a78f0b20fb
locked,bank_marketing,pure_mavs_gc,feature_noise,primary,f1,higher_is_better,0.39742590826328755,0.0|0.05|0.1|0.2|0.4|0.6|0.8|1.0,1b0337cf3987af01f6e7bb114dac5259b5a441d572d028076923fc73a846c8bd
locked,bank_marketing,pure_mavs_gc,feature_noise,primary,unsafe_acceptance_rate,lower_is_better,0.02279559118236473,0.0|0.05|0.1|0.2|0.4|0.6|0.8|1.0,58b5a896d8a7c9e0b2b1b994b7105c10409da60182bf1fc4df838f3132b2b917
locked,bank_marketing,pure_mavs_gc,feature_noise,primary,technical_failure_rate,lower_is_better,0.0,0.0|0.05|0.1|0.2|0.4|0.6|0.8|1.0,715d91c1ab630c772e561e0cc08175d996ffbfcc2ec2f93d6ea4851a3cb8bf25
locked,bank_marketing,pure_mavs_gc,feature_noise,primary,rejection_rate,context_dependent,0.9458600604586006,0.0|0.05|0.1|0.2|0.4|0.6|0.8|1.0,6c74e14b1328b8636d727ce28c8bd95edd13cc57711fa5f9341e0fdd7cbd2bb5
locked,bank_marketing,pure_mavs_gc,feature_noise,shadow,accuracy,higher_is_better,0.8961900022119,0.0|0.05|0.1|0.2|0.4|0.6|0.8|1.0,c14aa180504ad0c508fc441e9233730d29227ce10740aec072d9977cba15bc03
locked,bank_marketing,pure_mavs_gc,feature_noise,shadow,f1,higher_is_better,0.394085245339548,0.0|0.05|0.1|0.2|0.4|0.6|0.8|1.0,e7f8911ea5235811de132e7cfe264a09f3a067ed5fff684cab4c931d70de2a06
locked,bank_marketing,pure_mavs_gc,feature_noise,shadow,unsafe_acceptance_rate,lower_is_better,0.023312249498997996,0.0|0.05|0.1|0.2|0.4|0.6|0.8|1.0,3d0223483760128ed8e03dea0432498df02b7935a068e41d990f3ea394213940
locked,bank_marketing,pure_mavs_gc,feature_noise,shadow,technical_failure_rate,lower_is_better,0.0,0.0|0.05|0.1|0.2|0.4|0.6|0.8|1.0,252f70e98c98092c9a69c5dc552fc0e97300e22ba556ee093f4f46c6a19337cc
locked,bank_marketing,pure_mavs_gc,feature_noise,shadow,rejection_rate,context_dependent,0.9456314974563149,0.0|0.05|0.1|0.2|0.4|0.6|0.8|1.0,3becb1d3285acdf21af9a7b661872a6b20acdd2c29ac7deb78ee92cfeda37ffa
audit,bank_marketing,pure_mavs_gc,label_noise,audit,accuracy,higher_is_better,0.9088495575221239,0.0|0.05|0.1|0.2|0.4|0.6|0.8|1.0,84ba34a908a3fd988b018bd33d2fbe3ce13641f5590fce52c4f77755e40fa0ac
audit,bank_marketing,pure_mavs_gc,label_noise,audit,f1,higher_is_better,0.4926108374384236,0.0|0.05|0.1|0.2|0.4|0.6|0.8|1.0,ac2b092b443cf98c466c342105ba0b20fbfc1dc975342415ae74fbb52e27bd15
audit,bank_marketing,pure_mavs_gc,label_noise,audit,unsafe_acceptance_rate,lower_is_better,0.021042084168336674,0.0|0.05|0.1|0.2|0.4|0.6|0.8|1.0,0f5b1ee19e671de5ba46a5143d0a00c36bd2d980222219af1967b290faab4eb1
audit,bank_marketing,pure_mavs_gc,label_noise,audit,technical_failure_rate,lower_is_better,0.0,0.0|0.05|0.1|0.2|0.4|0.6|0.8|1.0,8c510a388440f278867b20a926370b98473408a41c9d5304c420af4eecd932a0
audit,bank_marketing,pure_mavs_gc,label_noise,audit,rejection_rate,context_dependent,0.9371681415929204,0.0|0.05|0.1|0.2|0.4|0.6|0.8|1.0,20a67f37baa4e08d9eb60e0710ae58286ec6e0a665ec7070a90fd1715d874640
audit,bank_marketing,pure_mavs_gc,label_noise,shadow,accuracy,higher_is_better,0.9088495575221239,0.0|0.05|0.1|0.2|0.4|0.6|0.8|1.0,574cccf51af5b00a6a1ac4509c96f95449f278414e5ccb8d2c6bf2c2d96fb6f8
audit,bank_marketing,pure_mavs_gc,label_noise,shadow,f1,higher_is_better,0.4926108374384236,0.0|0.05|0.1|0.2|0.4|0.6|0.8|1.0,e0458a8bb8cb415354f194f1606ccb30961cc0166f9ba8cb87413f2e41516795
audit,bank_marketing,pure_mavs_gc,label_noise,shadow,unsafe_acceptance_rate,lower_is_better,0.021042084168336674,0.0|0.05|0.1|0.2|0.4|0.6|0.8|1.0,b73c7733136ada535ad54841854284df8e50f1f78fadf931a7842b1e33e4539c
audit,bank_marketing,pure_mavs_gc,label_noise,shadow,technical_failure_rate,lower_is_better,0.0,0.0|0.05|0.1|0.2|0.4|0.6|0.8|1.0,5a1ab66c4bccd4d7073fd6d3975300a905f429af1c86d8f1c8dad3749e4ef9bf
audit,bank_marketing,pure_mavs_gc,label_noise,shadow,rejection_rate,context_dependent,0.9371681415929204,0.0|0.05|0.1|0.2|0.4|0.6|0.8|1.0,f2333ca24ed0f535b2f418ed12c585242c8662c0a78b12962561c33d13f9b4e8
locked,bank_marketing,pure_mavs_gc,label_noise,primary,accuracy,higher_is_better,0.9059942490599426,0.0|0.05|0.1|0.2|0.4|0.6|0.8|1.0,4616274e94173a46e4478e9394d6ce3f32006bc78cbf8bb9a6bd2e5d94611254
locked,bank_marketing,pure_mavs_gc,label_noise,primary,f1,higher_is_better,0.4501940491591203,0.0|0.05|0.1|0.2|0.4|0.6|0.8|1.0,07ca1eebac9c949feb2d5dc75a6094bc069fecc14c2c42f123cf56fc74dcd5bb
locked,bank_marketing,pure_mavs_gc,label_noise,primary,unsafe_acceptance_rate,lower_is_better,0.01753507014028056,0.0|0.05|0.1|0.2|0.4|0.6|0.8|1.0,6af9b56b810f7e5f22e1bc89005a2fa2da354dcd94a5a2061378a7a247c1641e
locked,bank_marketing,pure_mavs_gc,label_noise,primary,technical_failure_rate,lower_is_better,0.0,0.0|0.05|0.1|0.2|0.4|0.6|0.8|1.0,a1fc4968fc79b3ef2d57db8858d2a17483b5ef4c187842cdafe57c64a16f322d
locked,bank_marketing,pure_mavs_gc,label_noise,primary,rejection_rate,context_dependent,0.9460296394602964,0.0|0.05|0.1|0.2|0.4|0.6|0.8|1.0,4f75f80b5ea73475fef601bb04566dacd925d7c9490262f3b646504d2049c80f
locked,bank_marketing,pure_mavs_gc,label_noise,shadow,accuracy,higher_is_better,0.9059942490599426,0.0|0.05|0.1|0.2|0.4|0.6|0.8|1.0,1105f084dd11dc7f50e1a35b473f84d8353721b62dc51bcbaa951383831a4a82
locked,bank_marketing,pure_mavs_gc,label_noise,shadow,f1,higher_is_better,0.4501940491591203,0.0|0.05|0.1|0.2|0.4|0.6|0.8|1.0,f0a02e00c0c6656d5189e13d901eeff34d967feadfcd8bc3ec9a1224307e8eed
locked,bank_marketing,pure_mavs_gc,label_noise,shadow,unsafe_acceptance_rate,lower_is_better,0.01753507014028056,0.0|0.05|0.1|0.2|0.4|0.6|0.8|1.0,0f078d6008047e8f7c1b303749d96040aeb52a1530ec7a6c55a690e199222f73
locked,bank_marketing,pure_mavs_gc,label_noise,shadow,technical_failure_rate,lower_is_better,0.0,0.0|0.05|0.1|0.2|0.4|0.6|0.8|1.0,042b4679a0dac297937377467c713f150f27407198c70ff0322a834017c0460d
locked,bank_marketing,pure_mavs_gc,label_noise,shadow,rejection_rate,context_dependent,0.9460296394602964,0.0|0.05|0.1|0.2|0.4|0.6|0.8|1.0,1ce15fe093def047756936537bdc1a4ba3ba4671daf76f52146f6c6996f853ed
audit,bank_marketing,pure_mavs_gc,missing_features,audit,accuracy,higher_is_better,0.8914380530973453,0.0|0.05|0.1|0.2|0.4|0.6|0.8|1.0,fd1ceb508393626fee2188a9d0603ca27b5986c6df078ae7be8b7209f2d1942d
audit,bank_marketing,pure_mavs_gc,missing_features,audit,f1,higher_is_better,0.21407566113727713,0.0|0.05|0.1|0.2|0.4|0.6|0.8|1.0,67894743b0a5d65b12743fb9492c716fac95e74e19ddc6017c31b0323488f460
audit,bank_marketing,pure_mavs_gc,missing_features,audit,unsafe_acceptance_rate,lower_is_better,0.009686038744154978,0.0|0.05|0.1|0.2|0.4|0.6|0.8|1.0,793e2edfba8aa6e2df182ba9330a50607305abdaffb9d7230e952de8af8ff5cf
audit,bank_marketing,pure_mavs_gc,missing_features,audit,technical_failure_rate,lower_is_better,0.0,0.0|0.05|0.1|0.2|0.4|0.6|0.8|1.0,2f347c0038a59dd1a61955e7d4a32aacebc971fe9e042da8cdba7824541ba01c
audit,bank_marketing,pure_mavs_gc,missing_features,audit,rejection_rate,context_dependent,0.9746386430678466,0.0|0.05|0.1|0.2|0.4|0.6|0.8|1.0,7730c6563cd14db619c28b8412790d3267244d33cedc75c59a1b188f7eef064c
audit,bank_marketing,pure_mavs_gc,missing_features,shadow,accuracy,higher_is_better,0.8913384955752212,0.0|0.05|0.1|0.2|0.4|0.6|0.8|1.0,16e378bb34b4b829b16b391c81a63ce136f1819e63b2442dae70eca5169b6df2
audit,bank_marketing,pure_mavs_gc,missing_features,shadow,f1,higher_is_better,0.21521076052569266,0.0|0.05|0.1|0.2|0.4|0.6|0.8|1.0,d364090a4f3c35373b9f837d5c55d6d122a003c440cb7ce4ffedaa4dde9d40a6
audit,bank_marketing,pure_mavs_gc,missing_features,shadow,unsafe_acceptance_rate,lower_is_better,0.009926102204408815,0.0|0.05|0.1|0.2|0.4|0.6|0.8|1.0,759f3141b4951c9c30b29becd2f4a4c4d50690691e964aa37d4c60b748d6ae5c
audit,bank_marketing,pure_mavs_gc,missing_features,shadow,technical_failure_rate,lower_is_better,0.0,0.0|0.05|0.1|0.2|0.4|0.6|0.8|1.0,4d1ac26fec9ae7d9bf9afae050bced302e16f1e96a0866d798840012520864ae
audit,bank_marketing,pure_mavs_gc,missing_features,shadow,rejection_rate,context_dependent,0.9743141592920355,0.0|0.05|0.1|0.2|0.4|0.6|0.8|1.0,3d4d033aa092ebd8c9ad6ff918df391e1fee0eb404489fc0a632a7e8bb158d5c
locked,bank_marketing,pure_mavs_gc,missing_features,primary,accuracy,higher_is_better,0.8906178574061786,0.0|0.05|0.1|0.2|0.4|0.6|0.8|1.0,d4c5c599fc4a99f7b7511eb1ebe6dfbd2e9ebff49313be2f12c2862806e9a87c
locked,bank_marketing,pure_mavs_gc,missing_features,primary,f1,higher_is_better,0.19581785536343999,0.0|0.05|0.1|0.2|0.4|0.6|0.8|1.0,ccf51c57683b0fd2d5e5607bc511c85a4b5c8acb15b845aec1990d6604e1dcc3
locked,bank_marketing,pure_mavs_gc,missing_features,primary,unsafe_acceptance_rate,lower_is_better,0.008203907815631262,0.0|0.05|0.1|0.2|0.4|0.6|0.8|1.0,88574efb793094e8403050bc0adb4b83a110ba36eb0e778595877496e0b401dc
locked,bank_marketing,pure_mavs_gc,missing_features,primary,technical_failure_rate,lower_is_better,0.0,0.0|0.05|0.1|0.2|0.4|0.6|0.8|1.0,9aad2160b8c3d0ba9a094ce9fd17ee556d925d63a01c6bcf5b57f1d1ea419acd
locked,bank_marketing,pure_mavs_gc,missing_features,primary,rejection_rate,context_dependent,0.9778846862788468,0.0|0.05|0.1|0.2|0.4|0.6|0.8|1.0,b72559a5f69c0c8ca9f1c6b92f05dc26525b54f5388b86b97313dda77e5dbbd8
locked,bank_marketing,pure_mavs_gc,missing_features,shadow,accuracy,higher_is_better,0.8902206370272064,0.0|0.05|0.1|0.2|0.4|0.6|0.8|1.0,b4fdf7b64ad8426ccdfd485033c3262fcbc4389142e886324c990e13111d3417
locked,bank_marketing,pure_mavs_gc,missing_features,shadow,f1,higher_is_better,0.186921030769071,0.0|0.05|0.1|0.2|0.4|0.6|0.8|1.0,f9b9577a902e7d2d82580de13719cf659271ae19f5b5ccf222ccb9948c66039f
locked,bank_marketing,pure_mavs_gc,missing_features,shadow,unsafe_acceptance_rate,lower_is_better,0.007787449899799599,0.0|0.05|0.1|0.2|0.4|0.6|0.8|1.0,1737b812234a917148d2ca0250b4a2f8674edf2cad86f1c71280c63c24a3da1b
locked,bank_marketing,pure_mavs_gc,missing_features,shadow,technical_failure_rate,lower_is_better,0.0,0.0|0.05|0.1|0.2|0.4|0.6|0.8|1.0,4fbc686597ebc8b72784cfba6acb4cefbfe962871a9be42d44d6f5d8b1818e4f
locked,bank_marketing,pure_mavs_gc,missing_features,shadow,rejection_rate,context_dependent,0.9790173634151736,0.0|0.05|0.1|0.2|0.4|0.6|0.8|1.0,943b2301a6e539d7d75d8d40141a7618c5de8cf0d61e249e2fb9ddc1960c8eda
audit,bank_marketing,pure_mavs_gc,random_feature_deletion,audit,accuracy,higher_is_better,0.8916445427728613,0.0|0.05|0.1|0.2|0.4|0.6|0.8|1.0,04f1fad61fd4a1b15018df96d9c0923238fc426b04ac5a5026ee608147f7dba9
audit,bank_marketing,pure_mavs_gc,random_feature_deletion,audit,f1,higher_is_better,0.2178913466719929,0.0|0.05|0.1|0.2|0.4|0.6|0.8|1.0,b7da8bf3bff9287343484ee1dd57d572eba8b63e0a3f26c29d906798baa3fe43
audit,bank_marketing,pure_mavs_gc,random_feature_deletion,audit,unsafe_acceptance_rate,lower_is_better,0.010237140948563794,0.0|0.05|0.1|0.2|0.4|0.6|0.8|1.0,240754a4d4e34d1823c3aa02b5f7d14ac662cb7933aba2514977312e9169c83e
audit,bank_marketing,pure_mavs_gc,random_feature_deletion,audit,technical_failure_rate,lower_is_better,0.0,0.0|0.05|0.1|0.2|0.4|0.6|0.8|1.0,7545a7aa114047e667026630b44b46b7e8fab483e39e9180f17dabfba2a7f72f
audit,bank_marketing,pure_mavs_gc,random_feature_deletion,audit,rejection_rate,context_dependent,0.9734587020648966,0.0|0.05|0.1|0.2|0.4|0.6|0.8|1.0,301097455efef6d43f87b199975aeb31fef10c9efd71788263bf057954c731db
audit,bank_marketing,pure_mavs_gc,random_feature_deletion,shadow,accuracy,higher_is_better,0.8918971238938053,0.0|0.05|0.1|0.2|0.4|0.6|0.8|1.0,ab37f81bcb8158c018623b15581083f0c26db95e84696ace5ad681bc2bd37aef
audit,bank_marketing,pure_mavs_gc,random_feature_deletion,shadow,f1,higher_is_better,0.20258996394005463,0.0|0.05|0.1|0.2|0.4|0.6|0.8|1.0,f620265f8a9b8f7189286193faa499189367ee64023c52f9f534773906283d4b
audit,bank_marketing,pure_mavs_gc,random_feature_deletion,shadow,unsafe_acceptance_rate,lower_is_better,0.009769539078156312,0.0|0.05|0.1|0.2|0.4|0.6|0.8|1.0,fd8f9f8cef3a570d9128b7c5f89dcb45149b3eb8e8814d2198a008765a3e4b49
audit,bank_marketing,pure_mavs_gc,random_feature_deletion,shadow,technical_failure_rate,lower_is_better,0.0,0.0|0.05|0.1|0.2|0.4|0.6|0.8|1.0,c471411b48849c6a37db4c523eda31c4f100fcd90ffe433be4ae87f47a701574
audit,bank_marketing,pure_mavs_gc,random_feature_deletion,shadow,rejection_rate,context_dependent,0.9740320796460177,0.0|0.05|0.1|0.2|0.4|0.6|0.8|1.0,c0a9b1818df6764017c239e13dd5336fd3a1d6fbdbf1e591cd0f7120ee26b89f
locked,bank_marketing,pure_mavs_gc,random_feature_deletion,primary,accuracy,higher_is_better,0.8894750423947506,0.0|0.05|0.1|0.2|0.4|0.6|0.8|1.0,8016fcd410e6360c869190dcae4dcba0f51e8e56996560f32642f3d6bea47e00
locked,bank_marketing,pure_mavs_gc,random_feature_deletion,primary,f1,higher_is_better,0.15333773401707315,0.0|0.05|0.1|0.2|0.4|0.6|0.8|1.0,fc786c476f8fd01c9384cea498b3c6c3859b0e99fd83d84b677eedc69d1e8387
locked,bank_marketing,pure_mavs_gc,random_feature_deletion,primary,unsafe_acceptance_rate,lower_is_better,0.005959836339345359,0.0|0.05|0.1|0.2|0.4|0.6|0.8|1.0,d9b80cf3b9680f62ef8d43088044a6b44b2c7df01c58f4229925d3f8c4167c97
locked,bank_marketing,pure_mavs_gc,random_feature_deletion,primary,technical_failure_rate,lower_is_better,0.0,0.0|0.05|0.1|0.2|0.4|0.6|0.8|1.0,e84c84fe9fd65c1f8a4f667b550f815d3f8917be07e626de159e9a38af91fa55
locked,bank_marketing,pure_mavs_gc,random_feature_deletion,primary,rejection_rate,context_dependent,0.9829904888299049,0.0|0.05|0.1|0.2|0.4|0.6|0.8|1.0,40ece48cb649bf955af2d466a8a8a72172f3237d63e5e440bdc162ac68abcb6d
locked,bank_marketing,pure_mavs_gc,random_feature_deletion,shadow,accuracy,higher_is_better,0.8935025436850256,0.0|0.05|0.1|0.2|0.4|0.6|0.8|1.0,6ab2df3221edd19612ec9b80c9a6406427e6372ba7a5e81b7e3e7559a82a2a77
locked,bank_marketing,pure_mavs_gc,random_feature_deletion,shadow,f1,higher_is_better,0.2609631746074361,0.0|0.05|0.1|0.2|0.4|0.6|0.8|1.0,413ea8fbb63187ba4c993fa8aa9914e967bb888bde9c143d54aec9c6fd2816e7
locked,bank_marketing,pure_mavs_gc,random_feature_deletion,shadow,unsafe_acceptance_rate,lower_is_better,0.011460420841683366,0.0|0.05|0.1|0.2|0.4|0.6|0.8|1.0,d533d21b202f79729c9613b6f941d90d0a09876871c5c547f1057a8fd11b175d
locked,bank_marketing,pure_mavs_gc,random_feature_deletion,shadow,technical_failure_rate,lower_is_better,0.0,0.0|0.05|0.1|0.2|0.4|0.6|0.8|1.0,6b35cdeb4354d9387746ae6afc987288a3c6578bc3a8abbc74856dc4b7e6dc77
locked,bank_marketing,pure_mavs_gc,random_feature_deletion,shadow,rejection_rate,context_dependent,0.9692490599424907,0.0|0.05|0.1|0.2|0.4|0.6|0.8|1.0,52562c67f72de48ef3eab750b99b0e7b6ac30a23a4cbeea45c3caa80e32577fd
audit,bank_marketing,pure_mavs_gc,specialist_failure,audit,accuracy,higher_is_better,0.8974668141592922,0.0|0.05|0.1|0.2|0.4|0.6|0.8|1.0,dfa2a558c1d650e70e720c810ed710c83e34383ecc61e9cfbc24ccb3b72f0add
audit,bank_marketing,pure_mavs_gc,specialist_failure,audit,f1,higher_is_better,0.298729597350287,0.0|0.05|0.1|0.2|0.4|0.6|0.8|1.0,6e614ee166a29f4e643126a9035dba3c95931dad8fbcb6e8fbec9f0763bccae1
audit,bank_marketing,pure_mavs_gc,specialist_failure,audit,unsafe_acceptance_rate,lower_is_better,0.012537575150300602,0.0|0.05|0.1|0.2|0.4|0.6|0.8|1.0,57d980ec2440d6580ad6f181d665d8ec38fbbcafc8e32dbb71d7ae992898b3a3
audit,bank_marketing,pure_mavs_gc,specialist_failure,audit,technical_failure_rate,lower_is_better,0.0,0.0|0.05|0.1|0.2|0.4|0.6|0.8|1.0,62d0d266acf5c0721ef73255381f4e95e8771233c8f65eadbf3f2c81d87797e4
audit,bank_marketing,pure_mavs_gc,specialist_failure,audit,rejection_rate,context_dependent,0.9635730088495575,0.0|0.05|0.1|0.2|0.4|0.6|0.8|1.0,c1a642104a47256498a1e46f4c4df57765d60f47b29ea2702601433e089d6f59
audit,bank_marketing,pure_mavs_gc,specialist_failure,shadow,accuracy,higher_is_better,0.8974668141592922,0.0|0.05|0.1|0.2|0.4|0.6|0.8|1.0,b2df761f92fe16498a51d4ce946e08eb7bf12905ed97f4a33907908f168ca182
audit,bank_marketing,pure_mavs_gc,specialist_failure,shadow,f1,higher_is_better,0.298729597350287,0.0|0.05|0.1|0.2|0.4|0.6|0.8|1.0,88446d2790e7fa799669e230b3d7203f8a472d19c9ac6df882921bcbb7f7319d
audit,bank_marketing,pure_mavs_gc,specialist_failure,shadow,unsafe_acceptance_rate,lower_is_better,0.012537575150300602,0.0|0.05|0.1|0.2|0.4|0.6|0.8|1.0,36bf9225f152b5dee5eae0d854a84c2571b747ff869ef356de5a96582fbe00f5
audit,bank_marketing,pure_mavs_gc,specialist_failure,shadow,technical_failure_rate,lower_is_better,0.0,0.0|0.05|0.1|0.2|0.4|0.6|0.8|1.0,34f15267907dc497e7cece97a685f4b3165e5debbf0bcb81e355e593eaefbd17
audit,bank_marketing,pure_mavs_gc,specialist_failure,shadow,rejection_rate,context_dependent,0.9635730088495575,0.0|0.05|0.1|0.2|0.4|0.6|0.8|1.0,118556b579cea991c2070295ca42785387fc2225fbceaaa0fb413b81504a36af
locked,bank_marketing,pure_mavs_gc,specialist_failure,primary,accuracy,higher_is_better,0.8953052422030525,0.0|0.05|0.1|0.2|0.4|0.6|0.8|1.0,e29bbc5c92a1588a601522dc59c222150552d6623d5ca5c071ed1212b3ed8c57
locked,bank_marketing,pure_mavs_gc,specialist_failure,primary,f1,higher_is_better,0.2627904971350485,0.0|0.05|0.1|0.2|0.4|0.6|0.8|1.0,0d435742a19c0fab22697ad8a44b35b3fb95795a594a5fd3d69eead893f6ba2b
locked,bank_marketing,pure_mavs_gc,specialist_failure,primary,unsafe_acceptance_rate,lower_is_better,0.010151553106212425,0.0|0.05|0.1|0.2|0.4|0.6|0.8|1.0,058314ab6b9358f22aa30db7d075b4787a33c79d96d71fd1c0fb5fd9557e0cee
locked,bank_marketing,pure_mavs_gc,specialist_failure,primary,technical_failure_rate,lower_is_better,0.0,0.0|0.05|0.1|0.2|0.4|0.6|0.8|1.0,0cdb0c0780f38d6d0916cb649f567875ed8987c61a1dd623623bffa7edb65235
locked,bank_marketing,pure_mavs_gc,specialist_failure,primary,rejection_rate,context_dependent,0.9697577969475779,0.0|0.05|0.1|0.2|0.4|0.6|0.8|1.0,7acebf4cf24beda7517db444455a8a46741202faa4a60f98226be4b2dda5b529
locked,bank_marketing,pure_mavs_gc,specialist_failure,shadow,accuracy,higher_is_better,0.8953052422030525,0.0|0.05|0.1|0.2|0.4|0.6|0.8|1.0,4e714c9ef76af739433d477e80187ec93dc8c3598c72f954a32327f64ac2723a
locked,bank_marketing,pure_mavs_gc,specialist_failure,shadow,f1,higher_is_better,0.2627904971350485,0.0|0.05|0.1|0.2|0.4|0.6|0.8|1.0,ee3e277c813ba373edce981c8eaa82e9c785bc149eb64d95c0cf3dab11043dfe
locked,bank_marketing,pure_mavs_gc,specialist_failure,shadow,unsafe_acceptance_rate,lower_is_better,0.010151553106212425,0.0|0.05|0.1|0.2|0.4|0.6|0.8|1.0,e6c4ed4e1a50c33ac32769e4e32d032dc067144e459afc1d6c06a39c79e0684b
locked,bank_marketing,pure_mavs_gc,specialist_failure,shadow,technical_failure_rate,lower_is_better,0.0,0.0|0.05|0.1|0.2|0.4|0.6|0.8|1.0,32afba4281c4d0b0879e9f006605e566ade20c67bd092dbb95693197ba0a551a
locked,bank_marketing,pure_mavs_gc,specialist_failure,shadow,rejection_rate,context_dependent,0.9697577969475779,0.0|0.05|0.1|0.2|0.4|0.6|0.8|1.0,1c2fb8c0ee5edbb32495db692373ba5de7c9ad4d8a47f5aaeebc0c8bb0e3e700
audit,bank_marketing,pure_mavs_gc,synthetic_sensor_failure,audit,accuracy,higher_is_better,0.8891924778761061,0.0|0.05|0.1|0.2|0.4|0.6|0.8|1.0,77629aaff059026a772daf3c5380b70a2f03f920d5b29b7cf5afe48076f30aaf
audit,bank_marketing,pure_mavs_gc,synthetic_sensor_failure,audit,f1,higher_is_better,0.18662342675441387,0.0|0.05|0.1|0.2|0.4|0.6|0.8|1.0,3854dcd5052cbc4aa13b4f8dac07fd6ec6a4ff0f0946b0d42621362176c8af37
audit,bank_marketing,pure_mavs_gc,synthetic_sensor_failure,audit,unsafe_acceptance_rate,lower_is_better,0.009531563126252505,0.0|0.05|0.1|0.2|0.4|0.6|0.8|1.0,12b5fc4c2a5f7303338001f67bd7c8b778c189dd55c3ee24096f1d6296d0fb37
audit,bank_marketing,pure_mavs_gc,synthetic_sensor_failure,audit,technical_failure_rate,lower_is_better,0.0,0.0|0.05|0.1|0.2|0.4|0.6|0.8|1.0,fcdb8cad77cdca9403a18155b9a709d35ea90bc6a88276e1c7993450019c3be7
audit,bank_marketing,pure_mavs_gc,synthetic_sensor_failure,audit,rejection_rate,context_dependent,0.9771570796460176,0.0|0.05|0.1|0.2|0.4|0.6|0.8|1.0,87c52e6f3a0ebfbecfe1c75125c67cc7f38bdeaddab02a1d8fa4109bace4bc51
audit,bank_marketing,pure_mavs_gc,synthetic_sensor_failure,shadow,accuracy,higher_is_better,0.8891924778761061,0.0|0.05|0.1|0.2|0.4|0.6|0.8|1.0,408ad1a84ff924e5d0c26545aafbd5d5a2c60c95b0a87d43418a77b2976fca36
audit,bank_marketing,pure_mavs_gc,synthetic_sensor_failure,shadow,f1,higher_is_better,0.18662342675441387,0.0|0.05|0.1|0.2|0.4|0.6|0.8|1.0,c57fa83558c2b3770a5dfb27bf7752c3e9dc3ddb1809299850a3cb67e9aa591e
audit,bank_marketing,pure_mavs_gc,synthetic_sensor_failure,shadow,unsafe_acceptance_rate,lower_is_better,0.009531563126252505,0.0|0.05|0.1|0.2|0.4|0.6|0.8|1.0,bd47e13ff5cb4ca7cefc59b7ec80410d63c4d66a5aad4565a1a8e60f3cbaca21
audit,bank_marketing,pure_mavs_gc,synthetic_sensor_failure,shadow,technical_failure_rate,lower_is_better,0.0,0.0|0.05|0.1|0.2|0.4|0.6|0.8|1.0,91848b5175c8557e960873df622c42eaa955746367d6329a3d2914a53bf00aa6
audit,bank_marketing,pure_mavs_gc,synthetic_sensor_failure,shadow,rejection_rate,context_dependent,0.9771570796460176,0.0|0.05|0.1|0.2|0.4|0.6|0.8|1.0,a5c6bb1e21f6a3fb3352ace77ba8fa96bba4c24bc3fd3fd0b6b68dcc776bbb49
locked,bank_marketing,pure_mavs_gc,synthetic_sensor_failure,primary,accuracy,higher_is_better,0.8900077416500773,0.0|0.05|0.1|0.2|0.4|0.6|0.8|1.0,78eb9201babb8448379fa41a62af06b18d28e89280e683e681185e6499c4c0a0
locked,bank_marketing,pure_mavs_gc,synthetic_sensor_failure,primary,f1,higher_is_better,0.1732288904432681,0.0|0.05|0.1|0.2|0.4|0.6|0.8|1.0,ad9d0fe3a122ca8d51a776d0526006243a3ce9a520dcd87ab2af189c64645bea
locked,bank_marketing,pure_mavs_gc,synthetic_sensor_failure,primary,unsafe_acceptance_rate,lower_is_better,0.006450400801603206,0.0|0.05|0.1|0.2|0.4|0.6|0.8|1.0,f453f75c4506f77ced2e76b0d6dbf4e08073ebff60c12d10cc79393501f3debc
locked,bank_marketing,pure_mavs_gc,synthetic_sensor_failure,primary,technical_failure_rate,lower_is_better,0.0,0.0|0.05|0.1|0.2|0.4|0.6|0.8|1.0,8da9f092e4bd4e3e79e162ce649e06a0be2a65a53e25f0a4f00450497b5969bb
locked,bank_marketing,pure_mavs_gc,synthetic_sensor_failure,primary,rejection_rate,context_dependent,0.9815914620659145,0.0|0.05|0.1|0.2|0.4|0.6|0.8|1.0,82d9264f0eae5d0ae2a2f04e65ec61ef7e2a235fbb38b5e64f7e4476b20f2fed
locked,bank_marketing,pure_mavs_gc,synthetic_sensor_failure,shadow,accuracy,higher_is_better,0.8900077416500773,0.0|0.05|0.1|0.2|0.4|0.6|0.8|1.0,e4b195319bd9f6257b1e3c9e0bc8a2eec5d4ecb856bde1605b04635ecd5f9a23
locked,bank_marketing,pure_mavs_gc,synthetic_sensor_failure,shadow,f1,higher_is_better,0.1732288904432681,0.0|0.05|0.1|0.2|0.4|0.6|0.8|1.0,4c6ee20cc2a8cbc3741c39b5462a6034633b7ba829382d5575dd359a013edeb1
locked,bank_marketing,pure_mavs_gc,synthetic_sensor_failure,shadow,unsafe_acceptance_rate,lower_is_better,0.006450400801603206,0.0|0.05|0.1|0.2|0.4|0.6|0.8|1.0,8c3a4da7c31593a02973d058ccddae1b7be9dd80532f3f73d2f060f8e4fc4698
locked,bank_marketing,pure_mavs_gc,synthetic_sensor_failure,shadow,technical_failure_rate,lower_is_better,0.0,0.0|0.05|0.1|0.2|0.4|0.6|0.8|1.0,667db3297b9ab9c9cf64f3f5cbdd0d8c93cb035caba05c5d553a5130dae4d88f
locked,bank_marketing,pure_mavs_gc,synthetic_sensor_failure,shadow,rejection_rate,context_dependent,0.9815914620659145,0.0|0.05|0.1|0.2|0.4|0.6|0.8|1.0,5846ac92c34299e9655ce4dd282b9d00c18862a976ea32c3c9e549c346ddbad4
audit,bank_marketing,single_model,adversarial_confidence_inflation,audit,accuracy,higher_is_better,0.9075221238938053,0.0|0.05|0.1|0.2|0.4|0.6|0.8|1.0,6eb65ecf1b297d6e4ccaa7536eff736f1eddaf3a90d4ac35d4b2b203f9232085
audit,bank_marketing,single_model,adversarial_confidence_inflation,audit,f1,higher_is_better,0.5690721649484536,0.0|0.05|0.1|0.2|0.4|0.6|0.8|1.0,94705a9a83549fc438e0d6393bb612d0cf28d59b8e98dd4d1829398138ebf123
audit,bank_marketing,single_model,adversarial_confidence_inflation,audit,unsafe_acceptance_rate,lower_is_better,0.04158316633266533,0.0|0.05|0.1|0.2|0.4|0.6|0.8|1.0,159bf037929d030f69d95f6b9a3b20244349e7a3e537db53167b1fbf81831d5a
audit,bank_marketing,single_model,adversarial_confidence_inflation,audit,technical_failure_rate,lower_is_better,0.0,0.0|0.05|0.1|0.2|0.4|0.6|0.8|1.0,83546c45ed95564b6644a6ea8201cce9c33aff5dc368edb711503078b21da650
audit,bank_marketing,single_model,adversarial_confidence_inflation,audit,rejection_rate,context_dependent,0.9022123893805309,0.0|0.05|0.1|0.2|0.4|0.6|0.8|1.0,cb8b8fd522e598882547184a50d4edd0d54455a71796979c8e169513d27397b7
audit,bank_marketing,single_model,adversarial_confidence_inflation,shadow,accuracy,higher_is_better,0.9075221238938053,0.0|0.05|0.1|0.2|0.4|0.6|0.8|1.0,700c88ebfad30e520cfe41f5fdd3424394b98f66540dce4acaa7ac7b22d7a90f
audit,bank_marketing,single_model,adversarial_confidence_inflation,shadow,f1,higher_is_better,0.5690721649484536,0.0|0.05|0.1|0.2|0.4|0.6|0.8|1.0,fae7c5315c1f1ccb465f6f8bd5c3fcab848bc999fb46dc86c3b5f01e2f1d4c04
audit,bank_marketing,single_model,adversarial_confidence_inflation,shadow,unsafe_acceptance_rate,lower_is_better,0.04158316633266533,0.0|0.05|0.1|0.2|0.4|0.6|0.8|1.0,9f3a01e9ea5ddff7e59e9e0bdffca3aa0c5c71ad8b81687980c11da6ed7e0b7b
audit,bank_marketing,single_model,adversarial_confidence_inflation,shadow,technical_failure_rate,lower_is_better,0.0,0.0|0.05|0.1|0.2|0.4|0.6|0.8|1.0,23fcd1a82f72ec2d5a44123057b816a9f5af419adbbab4cc9fce9bece1c3bd09
audit,bank_marketing,single_model,adversarial_confidence_inflation,shadow,rejection_rate,context_dependent,0.9022123893805309,0.0|0.05|0.1|0.2|0.4|0.6|0.8|1.0,6e118ebab271d94b4d5e918b58d6a156215295506c4e8259957ae30cb1d228d9
locked,bank_marketing,single_model,adversarial_confidence_inflation,primary,accuracy,higher_is_better,0.9044459190444591,0.0|0.05|0.1|0.2|0.4|0.6|0.8|1.0,66459f42f7c84c818b7ae97cf71b759cc675c8175d19b7a01d8838d75523a290
locked,bank_marketing,single_model,adversarial_confidence_inflation,primary,f1,higher_is_better,0.5527950310559007,0.0|0.05|0.1|0.2|0.4|0.6|0.8|1.0,3fb84a5d6b93209a97531721ad6d396732f086635eaad96ec9906549530d0e3c
locked,bank_marketing,single_model,adversarial_confidence_inflation,primary,unsafe_acceptance_rate,lower_is_better,0.042585170340681364,0.0|0.05|0.1|0.2|0.4|0.6|0.8|1.0,5ec19c68cf4dfa225d54006048d6f35e082457884a0c73d16e865e1839f54fdd
locked,bank_marketing,single_model,adversarial_confidence_inflation,primary,technical_failure_rate,lower_is_better,0.0,0.0|0.05|0.1|0.2|0.4|0.6|0.8|1.0,a52ddf2d07cc119545d92533e015423547a3c69e6241fb796819408153817ab5
locked,bank_marketing,single_model,adversarial_confidence_inflation,primary,rejection_rate,context_dependent,0.9033399690333996,0.0|0.05|0.1|0.2|0.4|0.6|0.8|1.0,9ed0d669016003ee97caf3bc95e17f045e95f2bb5cf069ffbbb8f353a21b4db6
locked,bank_marketing,single_model,adversarial_confidence_inflation,shadow,accuracy,higher_is_better,0.9044459190444591,0.0|0.05|0.1|0.2|0.4|0.6|0.8|1.0,0f90a1ab28a21e5d383c831cc3eba78d6d4296bb60bc8c2db434fb5f724bce99
locked,bank_marketing,single_model,adversarial_confidence_inflation,shadow,f1,higher_is_better,0.5527950310559007,0.0|0.05|0.1|0.2|0.4|0.6|0.8|1.0,0e4b156228c5e899c7771fe09a6ca50711f2a37798c1194e30496dee7b167faa
locked,bank_marketing,single_model,adversarial_confidence_inflation,shadow,unsafe_acceptance_rate,lower_is_better,0.042585170340681364,0.0|0.05|0.1|0.2|0.4|0.6|0.8|1.0,98de0bef4603c7f709337e6c9afac8936eae0b4ca7b16fc015763c53d9fa2732
locked,bank_marketing,single_model,adversarial_confidence_inflation,shadow,technical_failure_rate,lower_is_better,0.0,0.0|0.05|0.1|0.2|0.4|0.6|0.8|1.0,79a64ece547aa5532811f253974fba8f288bff5333ddbfb9285574c7f8f7a2cb
locked,bank_marketing,single_model,adversarial_confidence_inflation,shadow,rejection_rate,context_dependent,0.9033399690333996,0.0|0.05|0.1|0.2|0.4|0.6|0.8|1.0,502ead1952eaeec4a6e668616327a9a8129cfe6356682652d018590b9f646d7c
audit,bank_marketing,single_model,confidence_distortion,audit,accuracy,higher_is_better,0.9075221238938053,0.0|0.05|0.1|0.2|0.4|0.6|0.8|1.0,f82409641d68820442ee4c94b4cd433325678afe7c9653254e0f93e14de42fa2
audit,bank_marketing,single_model,confidence_distortion,audit,f1,higher_is_better,0.5690721649484536,0.0|0.05|0.1|0.2|0.4|0.6|0.8|1.0,2d427ca7284ac28852428942e705fdc27ce7d1f3b7d7b22f6939f30f513551fb
audit,bank_marketing,single_model,confidence_distortion,audit,unsafe_acceptance_rate,lower_is_better,0.04158316633266533,0.0|0.05|0.1|0.2|0.4|0.6|0.8|1.0,a677bbc10f24a454f1df324f44a529c0bbb6b5db04697e9364044717876520fa
audit,bank_marketing,single_model,confidence_distortion,audit,technical_failure_rate,lower_is_better,0.0,0.0|0.05|0.1|0.2|0.4|0.6|0.8|1.0,2297f2fb49819c8cbe6c045e1105a0d16127f62f4d9cdc59e58b81b667297b23
audit,bank_marketing,single_model,confidence_distortion,audit,rejection_rate,context_dependent,0.9022123893805309,0.0|0.05|0.1|0.2|0.4|0.6|0.8|1.0,e29dd5b2e76bb44d44470d1051d8636260c671ca548dec3bc28d0c4d9da35563
audit,bank_marketing,single_model,confidence_distortion,shadow,accuracy,higher_is_better,0.9075221238938053,0.0|0.05|0.1|0.2|0.4|0.6|0.8|1.0,95cd0367906d9fdcdc4e68e5d36be4e1b98483e60f428f57f69b204484b63c1d
audit,bank_marketing,single_model,confidence_distortion,shadow,f1,higher_is_better,0.5690721649484536,0.0|0.05|0.1|0.2|0.4|0.6|0.8|1.0,61ac07a17123326b248211fac0d4cd1148e725fb0ce24fdfa502016bfdaa1d20
audit,bank_marketing,single_model,confidence_distortion,shadow,unsafe_acceptance_rate,lower_is_better,0.04158316633266533,0.0|0.05|0.1|0.2|0.4|0.6|0.8|1.0,579b4ade5ca430519d3c96a1e05eeb0a348f5ebe4d2f9f67cf616330e1439b5c
audit,bank_marketing,single_model,confidence_distortion,shadow,technical_failure_rate,lower_is_better,0.0,0.0|0.05|0.1|0.2|0.4|0.6|0.8|1.0,1c5f7b5d87a43792732e260f00381329a97c429d1eb9f64a6057bf450cf105b4
audit,bank_marketing,single_model,confidence_distortion,shadow,rejection_rate,context_dependent,0.9022123893805309,0.0|0.05|0.1|0.2|0.4|0.6|0.8|1.0,6efe8a4845b3a745debe5e59b1a667b39c153d1d82628c5e7c6a6d367f635588
locked,bank_marketing,single_model,confidence_distortion,primary,accuracy,higher_is_better,0.9044459190444591,0.0|0.05|0.1|0.2|0.4|0.6|0.8|1.0,a232f635eb06ae939a2c8eff0ce63b84220a0e2171ab4433e98fd58d933b52a2
locked,bank_marketing,single_model,confidence_distortion,primary,f1,higher_is_better,0.5527950310559007,0.0|0.05|0.1|0.2|0.4|0.6|0.8|1.0,43ae6dd9bf1e58d5f0f746e8f0b803c85e76465f811e54c6e600ce2923d76f7b
locked,bank_marketing,single_model,confidence_distortion,primary,unsafe_acceptance_rate,lower_is_better,0.042585170340681364,0.0|0.05|0.1|0.2|0.4|0.6|0.8|1.0,1503c78eefa6083dbc9d7c03262b49a40ba9a8f8f3504900c2c686f68da09c8c
locked,bank_marketing,single_model,confidence_distortion,primary,technical_failure_rate,lower_is_better,0.0,0.0|0.05|0.1|0.2|0.4|0.6|0.8|1.0,f1def853747ddbc7bce168286c285777eac5a6530c23d1f8a218125270872e56
locked,bank_marketing,single_model,confidence_distortion,primary,rejection_rate,context_dependent,0.9033399690333996,0.0|0.05|0.1|0.2|0.4|0.6|0.8|1.0,066fb6d2283cafbad6c82b2abc29d67979bed28745f4678fb0993ef7b3ae1376
locked,bank_marketing,single_model,confidence_distortion,shadow,accuracy,higher_is_better,0.9044459190444591,0.0|0.05|0.1|0.2|0.4|0.6|0.8|1.0,4f07221703ad94b36e995491bdd875327704972f9955468facce458e72ca3da7
locked,bank_marketing,single_model,confidence_distortion,shadow,f1,higher_is_better,0.5527950310559007,0.0|0.05|0.1|0.2|0.4|0.6|0.8|1.0,945cb4b2c2668607a85e912d68896962bc2728974b7e14dd69e295a7eaae8ff5
locked,bank_marketing,single_model,confidence_distortion,shadow,unsafe_acceptance_rate,lower_is_better,0.042585170340681364,0.0|0.05|0.1|0.2|0.4|0.6|0.8|1.0,e2310c6411e88308dda1bbaa5c9c592835b13d56b7d2e87534a22bb0af51921b
locked,bank_marketing,single_model,confidence_distortion,shadow,technical_failure_rate,lower_is_better,0.0,0.0|0.05|0.1|0.2|0.4|0.6|0.8|1.0,e32bbdb8d1b1624dcafe4de1319d5c2626c1e2653cd045178a5c41c5f5ae5b20
locked,bank_marketing,single_model,confidence_distortion,shadow,rejection_rate,context_dependent,0.9033399690333996,0.0|0.05|0.1|0.2|0.4|0.6|0.8|1.0,ae06f52c6e0f1176c46bfc6b4aff8309c08615f846264a13183d42d058d50c7e
audit,bank_marketing,single_model,distribution_shift,audit,accuracy,higher_is_better,0.8816693726050309,0.0|0.05|0.1|0.2|0.4|0.6|0.8|1.0,04174d34119d4a21e7d3d493b5b94c3b97198298fd3059ba2f485ce354b07640
audit,bank_marketing,single_model,distribution_shift,audit,f1,higher_is_better,0.6070051283220806,0.0|0.05|0.1|0.2|0.4|0.6|0.8|1.0,5360ee77d4688ef029a61936ccbea6d836cf936d750cc26a8dca91b8654f1598
audit,bank_marketing,single_model,distribution_shift,audit,unsafe_acceptance_rate,lower_is_better,0.06577174881983788,0.0|0.05|0.1|0.2|0.4|0.6|0.8|1.0,15ba0da0e66225341882ab2d7152adf742e5cba8ad2cf645ab3c3a25ff79030c
audit,bank_marketing,single_model,distribution_shift,audit,technical_failure_rate,lower_is_better,0.0,0.0|0.05|0.1|0.2|0.4|0.6|0.8|1.0,66699643f324e9662046174d41596275336b4c89c37528d2579e110612de36c3
audit,bank_marketing,single_model,distribution_shift,audit,rejection_rate,context_dependent,0.8513463855204771,0.0|0.05|0.1|0.2|0.4|0.6|0.8|1.0,4f734727b3138e33b2783b6c85a529b7395d0f5fef864089f20cd01774bdb9fc
audit,bank_marketing,single_model,distribution_shift,shadow,accuracy,higher_is_better,0.8816693726050309,0.0|0.05|0.1|0.2|0.4|0.6|0.8|1.0,b38bbbca3e1263581872ac7fa593f33c9bf3f1789de9ab2771346da73c9832d7
audit,bank_marketing,single_model,distribution_shift,shadow,f1,higher_is_better,0.6070051283220806,0.0|0.05|0.1|0.2|0.4|0.6|0.8|1.0,17ab12b229c9d9a1c272308d81a76729bce107b3ec30404b71b41393fc11ef45
audit,bank_marketing,single_model,distribution_shift,shadow,unsafe_acceptance_rate,lower_is_better,0.06577174881983788,0.0|0.05|0.1|0.2|0.4|0.6|0.8|1.0,463007f7703abe54eb7b788dc97da0cd9b9e444dc7e27527a22da7892a72688b
audit,bank_marketing,single_model,distribution_shift,shadow,technical_failure_rate,lower_is_better,0.0,0.0|0.05|0.1|0.2|0.4|0.6|0.8|1.0,34656239d491b5fcaf29ba4545bc769c2ad4fc4c48399de38115f5a50fa48d20
audit,bank_marketing,single_model,distribution_shift,shadow,rejection_rate,context_dependent,0.8513463855204771,0.0|0.05|0.1|0.2|0.4|0.6|0.8|1.0,ffe4b87cb3470c81f402f3ca49eb06220f34b0e8b6fcb932c4a84835dcfb5376
locked,bank_marketing,single_model,distribution_shift,primary,accuracy,higher_is_better,0.8762200336433152,0.0|0.05|0.1|0.2|0.4|0.6|0.8|1.0,28eee8f63255ba0216201e6ebde738c01fd4c1719bc375dce6a215f5f2619712
locked,bank_marketing,single_model,distribution_shift,primary,f1,higher_is_better,0.586211552601448,0.0|0.05|0.1|0.2|0.4|0.6|0.8|1.0,32ccecbcaf9afdb205e4d5b4630f949e9072c8b937b478b5f17ac27cb6af377b
locked,bank_marketing,single_model,distribution_shift,primary,unsafe_acceptance_rate,lower_is_better,0.06892403081653478,0.0|0.05|0.1|0.2|0.4|0.6|0.8|1.0,6a59d45ab89e6718499db26b66b678e7563491a79d1faae4d441ea93dc8ff9d8
locked,bank_marketing,single_model,distribution_shift,primary,technical_failure_rate,lower_is_better,0.0,0.0|0.05|0.1|0.2|0.4|0.6|0.8|1.0,efcf8dc6ddcb53aa30a9f7d781c349ce919b518a9ad55df5f807b3c0660376e6
locked,bank_marketing,single_model,distribution_shift,primary,rejection_rate,context_dependent,0.8530908817563139,0.0|0.05|0.1|0.2|0.4|0.6|0.8|1.0,2b3c6dcf5bad63a07ab0ff6baa3c535a599d3ae47f965684bc881051010ab7cc
locked,bank_marketing,single_model,distribution_shift,shadow,accuracy,higher_is_better,0.8762200336433152,0.0|0.05|0.1|0.2|0.4|0.6|0.8|1.0,4cca2d7ce016a1e9360cf8ade82fcbb05f1d5fc03c597c4102101ff7e7f40778
locked,bank_marketing,single_model,distribution_shift,shadow,f1,higher_is_better,0.586211552601448,0.0|0.05|0.1|0.2|0.4|0.6|0.8|1.0,3d3fcdbad3bc77e98cc77d10bd755acd49136922179541394c389635fe5872a6
locked,bank_marketing,single_model,distribution_shift,shadow,unsafe_acceptance_rate,lower_is_better,0.06892403081653478,0.0|0.05|0.1|0.2|0.4|0.6|0.8|1.0,9699f68c9a1d6ad68ed29165ad0f5b06c3a2bd22c3e1719d208f1a85d7aabcd8
locked,bank_marketing,single_model,distribution_shift,shadow,technical_failure_rate,lower_is_better,0.0,0.0|0.05|0.1|0.2|0.4|0.6|0.8|1.0,be044c94cb43ab51b54da97a54d3399b335f1f572273cfe670c989e387e3e72b
locked,bank_marketing,single_model,distribution_shift,shadow,rejection_rate,context_dependent,0.8530908817563139,0.0|0.05|0.1|0.2|0.4|0.6|0.8|1.0,830856cc588797deabec379cc5cd6c162dccb6712e21f83b6985a9c74f195f2f
audit,bank_marketing,single_model,feature_noise,audit,accuracy,higher_is_better,0.8883738938053098,0.0|0.05|0.1|0.2|0.4|0.6|0.8|1.0,305706e73db02893dbac7823dfdc2f2c09b180f3ac7662bc205d4df72a8b5353
audit,bank_marketing,single_model,feature_noise,audit,f1,higher_is_better,0.5050750661791257,0.0|0.05|0.1|0.2|0.4|0.6|0.8|1.0,9667e304a867e740eeab66ca52db08737af00be1a4a2940e920e0d1f4e7214fd
audit,bank_marketing,single_model,feature_noise,audit,unsafe_acceptance_rate,lower_is_better,0.05815798263193052,0.0|0.05|0.1|0.2|0.4|0.6|0.8|1.0,7f0a4953dc5dbe9223459074d372f072d69aeddbb06e8cfddddb0b96463cab54
audit,bank_marketing,single_model,feature_noise,audit,technical_failure_rate,lower_is_better,0.0,0.0|0.05|0.1|0.2|0.4|0.6|0.8|1.0,32204fefb761ea722c04398e989f2da7c59b99ba5012f5234eb3ce08ef044a1c
audit,bank_marketing,single_model,feature_noise,audit,rejection_rate,context_dependent,0.8920833333333333,0.0|0.05|0.1|0.2|0.4|0.6|0.8|1.0,fe668fad109eb2c34201639fc47029c6ea1d33a4b39f2a6ed5253bffeec86785
audit,bank_marketing,single_model,feature_noise,shadow,accuracy,higher_is_better,0.8855143805309735,0.0|0.05|0.1|0.2|0.4|0.6|0.8|1.0,90462058b9db073a9a5e3a091aa7c661a502b4e9844f970ffaa4f2b58e95bdb7
audit,bank_marketing,single_model,feature_noise,shadow,f1,higher_is_better,0.49680764660480037,0.0|0.05|0.1|0.2|0.4|0.6|0.8|1.0,9137a0ea99e672502ca12ce7660fe30db8a4bf13b378e9c172524982e901b02b
audit,bank_marketing,single_model,feature_noise,shadow,unsafe_acceptance_rate,lower_is_better,0.06082164328657315,0.0|0.05|0.1|0.2|0.4|0.6|0.8|1.0,5402bcb69525d2e605ba7e5ef352b236b9c471e9b05493bb86861c5d106570d7
audit,bank_marketing,single_model,feature_noise,shadow,technical_failure_rate,lower_is_better,0.0,0.0|0.05|0.1|0.2|0.4|0.6|0.8|1.0,d8f376f3a0900229a53773761d9c3eb0b9920ba8dfe18da43cfc60105ad69f94
audit,bank_marketing,single_model,feature_noise,shadow,rejection_rate,context_dependent,0.8902378318584071,0.0|0.05|0.1|0.2|0.4|0.6|0.8|1.0,7181121a5c24f26c159e94cb1b03404d889212793f91edcda1c7b51a9f2b1df1
locked,bank_marketing,single_model,feature_noise,primary,accuracy,higher_is_better,0.8885202388852024,0.0|0.05|0.1|0.2|0.4|0.6|0.8|1.0,8ff45f120911849cc4ef54f45b2b34636746d6e6ef96b5d28e41bbee64f87b83
locked,bank_marketing,single_model,feature_noise,primary,f1,higher_is_better,0.5023872255099269,0.0|0.05|0.1|0.2|0.4|0.6|0.8|1.0,4c967089410f7991969271fda1280278c44223b073864b5dd818abf552c65aec
locked,bank_marketing,single_model,feature_noise,primary,unsafe_acceptance_rate,lower_is_better,0.05707665330661322,0.0|0.05|0.1|0.2|0.4|0.6|0.8|1.0,edade93546ea830c52bd1df151edab5d3ea82296411b60b35571dbe3ab17b96e
locked,bank_marketing,single_model,feature_noise,primary,technical_failure_rate,lower_is_better,0.0,0.0|0.05|0.1|0.2|0.4|0.6|0.8|1.0,a920710c76310c8f5a97d4be84dc7996aff1c88358a1edc8468ddb6e613e5938
locked,bank_marketing,single_model,feature_noise,primary,rejection_rate,context_dependent,0.8936739659367396,0.0|0.05|0.1|0.2|0.4|0.6|0.8|1.0,bd6c9776bb45c9c66e40b835a5bfcae00a51cef812abb1273c831550b5f0a3a0
locked,bank_marketing,single_model,feature_noise,shadow,accuracy,higher_is_better,0.8852162132271622,0.0|0.05|0.1|0.2|0.4|0.6|0.8|1.0,cde7c84ed1674d23c4812a5887969de6afa7e75fa21f65af62f7c9c9ad11e68d
locked,bank_marketing,single_model,feature_noise,shadow,f1,higher_is_better,0.48786536330482433,0.0|0.05|0.1|0.2|0.4|0.6|0.8|1.0,918c6d04dcf2cfd04904b0d2fe42e9e64bada8cc93f882f22939d57ec0138334
locked,bank_marketing,single_model,feature_noise,shadow,unsafe_acceptance_rate,lower_is_better,0.05907753006012024,0.0|0.05|0.1|0.2|0.4|0.6|0.8|1.0,501278ce310e2cdfb68ecda6b459f26767d1dc8f44bded353894c2063757dbcf
locked,bank_marketing,single_model,feature_noise,shadow,technical_failure_rate,lower_is_better,0.0,0.0|0.05|0.1|0.2|0.4|0.6|0.8|1.0,a00db316e6d9d9c27ca5d18ca3e260fd9d73c15e760e0ecf52c77b8ca32d059e
locked,bank_marketing,single_model,feature_noise,shadow,rejection_rate,context_dependent,0.8934444813094449,0.0|0.05|0.1|0.2|0.4|0.6|0.8|1.0,8533dddc6e9c9fd36bb65138e82d9db2bfe2de4a709d7d136ecbee6c2a864094
audit,bank_marketing,single_model,label_noise,audit,accuracy,higher_is_better,0.9075221238938053,0.0|0.05|0.1|0.2|0.4|0.6|0.8|1.0,19f5b3ac4d70e3fbc0a8fc3ce285c9b3b93ca3d7adcafac582ba2b18955cb9a3
audit,bank_marketing,single_model,label_noise,audit,f1,higher_is_better,0.5690721649484536,0.0|0.05|0.1|0.2|0.4|0.6|0.8|1.0,e9c73d076be3823b2aa206a230be01a8a43135829fc0c81f13429092ef08d791
audit,bank_marketing,single_model,label_noise,audit,unsafe_acceptance_rate,lower_is_better,0.04158316633266533,0.0|0.05|0.1|0.2|0.4|0.6|0.8|1.0,ec79fd3b207a74a5ef02b97a367017148647c52997ddc709532f02afa24ea7f8
audit,bank_marketing,single_model,label_noise,audit,technical_failure_rate,lower_is_better,0.0,0.0|0.05|0.1|0.2|0.4|0.6|0.8|1.0,235e237b2936949413c922d6ffcca2fde212086f70adf450483dcff80d5c7c04
audit,bank_marketing,single_model,label_noise,audit,rejection_rate,context_dependent,0.9022123893805309,0.0|0.05|0.1|0.2|0.4|0.6|0.8|1.0,f3bb8ec47fa5fc37236fafe64265804807c5fa4d75cfc13a0af03b09117aa07d
audit,bank_marketing,single_model,label_noise,shadow,accuracy,higher_is_better,0.9075221238938053,0.0|0.05|0.1|0.2|0.4|0.6|0.8|1.0,6c30492f113efcf751f193629ad8f6579d3338c2968d0b5c6cd187d3b657fd8f
audit,bank_marketing,single_model,label_noise,shadow,f1,higher_is_better,0.5690721649484536,0.0|0.05|0.1|0.2|0.4|0.6|0.8|1.0,d1b453d48aecb8fc6405c9cf2cbb9e209048ad0584bc13ad7e03775853cf6013
audit,bank_marketing,single_model,label_noise,shadow,unsafe_acceptance_rate,lower_is_better,0.04158316633266533,0.0|0.05|0.1|0.2|0.4|0.6|0.8|1.0,358bcb2f489d17f529cfb0c43bf0f06713b67db84cfb50f076caa0bdd948ae6d
audit,bank_marketing,single_model,label_noise,shadow,technical_failure_rate,lower_is_better,0.0,0.0|0.05|0.1|0.2|0.4|0.6|0.8|1.0,3fc6360f197612a48d9a03c81825765a2bf8a03e9ce8ef34983d294d9cda48b5
audit,bank_marketing,single_model,label_noise,shadow,rejection_rate,context_dependent,0.9022123893805309,0.0|0.05|0.1|0.2|0.4|0.6|0.8|1.0,4b75bdc497f4bb0184ff4bf946772698b44b7c4f805d854d98a72b69b61f1d73
locked,bank_marketing,single_model,label_noise,primary,accuracy,higher_is_better,0.9044459190444591,0.0|0.05|0.1|0.2|0.4|0.6|0.8|1.0,55654c56386999f6536688b28c03baf3b7796f15ac18c606361c1c6510c05718
locked,bank_marketing,single_model,label_noise,primary,f1,higher_is_better,0.5527950310559007,0.0|0.05|0.1|0.2|0.4|0.6|0.8|1.0,6599ff3405206abee679ab9bb0447f662ddb9872d14916093a3d9121bf720d29
locked,bank_marketing,single_model,label_noise,primary,unsafe_acceptance_rate,lower_is_better,0.042585170340681364,0.0|0.05|0.1|0.2|0.4|0.6|0.8|1.0,2d362a08262c402b113032f42584dc2af388f9045e4237b7368080d5f26f0513
locked,bank_marketing,single_model,label_noise,primary,technical_failure_rate,lower_is_better,0.0,0.0|0.05|0.1|0.2|0.4|0.6|0.8|1.0,d73864dcec7776efb55e7b4ab9091bd84372a2754c77756b5c8e385a5d716e7e
locked,bank_marketing,single_model,label_noise,primary,rejection_rate,context_dependent,0.9033399690333996,0.0|0.05|0.1|0.2|0.4|0.6|0.8|1.0,9d883923b44abb66a2c7df768b932c9d7db662a8258e0f3891d06616095f0323
locked,bank_marketing,single_model,label_noise,shadow,accuracy,higher_is_better,0.9044459190444591,0.0|0.05|0.1|0.2|0.4|0.6|0.8|1.0,733452e0a3ae7ebf48c0dda7a4d189e12301c7edaec3f56ff7966c39af2508d0
locked,bank_marketing,single_model,label_noise,shadow,f1,higher_is_better,0.5527950310559007,0.0|0.05|0.1|0.2|0.4|0.6|0.8|1.0,5b67f33ff4dc49ecd08927e759ab680c365f3b6447c91ae2488a32bac9d9d977
locked,bank_marketing,single_model,label_noise,shadow,unsafe_acceptance_rate,lower_is_better,0.042585170340681364,0.0|0.05|0.1|0.2|0.4|0.6|0.8|1.0,12340d6c0ac713c08d8725a6a3fe1461186e70acac610b7e0294207e88dbaa88
locked,bank_marketing,single_model,label_noise,shadow,technical_failure_rate,lower_is_better,0.0,0.0|0.05|0.1|0.2|0.4|0.6|0.8|1.0,b3a0cc48b3d6f7fc0f8e1fd2741e1b5c13f1938ddd2910eab5f46e98e7677095
locked,bank_marketing,single_model,label_noise,shadow,rejection_rate,context_dependent,0.9033399690333996,0.0|0.05|0.1|0.2|0.4|0.6|0.8|1.0,dc0444ce7f55200347a79fdd76fd432f77885a162d3a8d2fc1ed8e9ba5cfe842
audit,bank_marketing,single_model,missing_features,audit,accuracy,higher_is_better,0.8910213864306785,0.0|0.05|0.1|0.2|0.4|0.6|0.8|1.0,392abb6a12b54a7409b716ac74d9ea9d502c93ee64572b67fda05124be50fc2d
audit,bank_marketing,single_model,missing_features,audit,f1,higher_is_better,0.3046190532070651,0.0|0.05|0.1|0.2|0.4|0.6|0.8|1.0,3c14c8f1521825586e73dec341dd94e2a653b51fb8987cae39cfe3151c9c1d0f
audit,bank_marketing,single_model,missing_features,audit,unsafe_acceptance_rate,lower_is_better,0.022474114896459584,0.0|0.05|0.1|0.2|0.4|0.6|0.8|1.0,431505f529cb7836d3326fe28e8451a22d5ae288fc1d5d6b50ae7180b7ef6068
audit,bank_marketing,single_model,missing_features,audit,technical_failure_rate,lower_is_better,0.0,0.0|0.05|0.1|0.2|0.4|0.6|0.8|1.0,f419f50dd6f01c38479a67c3c562d5ae2a0d377f42215361694319d1793b795b
audit,bank_marketing,single_model,missing_features,audit,rejection_rate,context_dependent,0.952466814159292,0.0|0.05|0.1|0.2|0.4|0.6|0.8|1.0,0c24ab1924aab080f823581fe924e3e37dc275030adc02f847b8df25cb15e0a1
audit,bank_marketing,single_model,missing_features,shadow,accuracy,higher_is_better,0.8905254424778761,0.0|0.05|0.1|0.2|0.4|0.6|0.8|1.0,7c21a73e583d9c66718f5617b6ebb3b973c461b682e24d9d19ea49f26b53b786
audit,bank_marketing,single_model,missing_features,shadow,f1,higher_is_better,0.30259761037760796,0.0|0.05|0.1|0.2|0.4|0.6|0.8|1.0,5583432cd2c358994fb745f18ca4e2dcb0f878c3a171aab6a1fed7a33501ddd9
audit,bank_marketing,single_model,missing_features,shadow,unsafe_acceptance_rate,lower_is_better,0.023171342685370744,0.0|0.05|0.1|0.2|0.4|0.6|0.8|1.0,9e49b2d5984789ddfd8749fd783758dc5836397520919ffff45c346dfb718109
audit,bank_marketing,single_model,missing_features,shadow,technical_failure_rate,lower_is_better,0.0,0.0|0.05|0.1|0.2|0.4|0.6|0.8|1.0,9cbdeec4ffe1c5c3b2836b42dc7e253d692d39a517f1e9c86200dbcb7c5296c7
audit,bank_marketing,single_model,missing_features,shadow,rejection_rate,context_dependent,0.9517311946902653,0.0|0.05|0.1|0.2|0.4|0.6|0.8|1.0,e9666271760c0f7f84ed2690525c9f694a665cbb2707941d5b1f1b51d427b43d
locked,bank_marketing,single_model,missing_features,primary,accuracy,higher_is_better,0.8904814569048145,0.0|0.05|0.1|0.2|0.4|0.6|0.8|1.0,525e29a0e4c938fea56f21cc50781e51c7acb60aa7058c1ec02c12fb8e6c26cf
locked,bank_marketing,single_model,missing_features,primary,f1,higher_is_better,0.2994486837996101,0.0|0.05|0.1|0.2|0.4|0.6|0.8|1.0,c8f5d3ea7353df7c45f0c7866fe27bf3a41bbdd1fcbd6f0a44ca5684152ef7e8
locked,bank_marketing,single_model,missing_features,primary,unsafe_acceptance_rate,lower_is_better,0.022019038076152304,0.0|0.05|0.1|0.2|0.4|0.6|0.8|1.0,de5ee5569ea61632f9645e7533b2c9bf8116fea4f12bac1f8ded1bf9c515ba21
locked,bank_marketing,single_model,missing_features,primary,technical_failure_rate,lower_is_better,0.0,0.0|0.05|0.1|0.2|0.4|0.6|0.8|1.0,b986b483fb99b2d60a7c5a6586b995687d1ab114ff85b67ee8236ec38b9c8cd5
locked,bank_marketing,single_model,missing_features,primary,rejection_rate,context_dependent,0.9536238295362383,0.0|0.05|0.1|0.2|0.4|0.6|0.8|1.0,2894946831a05a2ecddcd614fc7338ff5ac8fc478f66e509b49e2d2916f2f27c
locked,bank_marketing,single_model,missing_features,shadow,accuracy,higher_is_better,0.8908759124087593,0.0|0.05|0.1|0.2|0.4|0.6|0.8|1.0,09dfa0f99bce01a1b8625a7c4c7b0405e70917edfece209ccab08d4f43daf756
locked,bank_marketing,single_model,missing_features,shadow,f1,higher_is_better,0.30052922670163656,0.0|0.05|0.1|0.2|0.4|0.6|0.8|1.0,004eb161fdfce1f01c5124751d01f9c4a53d43a41923cd9033467164e3998dcb
locked,bank_marketing,single_model,missing_features,shadow,unsafe_acceptance_rate,lower_is_better,0.0218562124248497,0.0|0.05|0.1|0.2|0.4|0.6|0.8|1.0,43d68931f7f8e73b9cc8badda5048db2a339a478c49c3d22c92d3d260739d20d
locked,bank_marketing,single_model,missing_features,shadow,technical_failure_rate,lower_is_better,0.0,0.0|0.05|0.1|0.2|0.4|0.6|0.8|1.0,c98a3a6746697279ad0da3ac292e5b1434f1f4e3a180c192fd02a56080a67610
locked,bank_marketing,single_model,missing_features,shadow,rejection_rate,context_dependent,0.9535169210351693,0.0|0.05|0.1|0.2|0.4|0.6|0.8|1.0,1ff74464a47ad68258028129d7e94e57357c14f136f15ea93a871da68f8f3872
audit,bank_marketing,single_model,random_feature_deletion,audit,accuracy,higher_is_better,0.8906563421828908,0.0|0.05|0.1|0.2|0.4|0.6|0.8|1.0,003cf6314a9401e326a227e8a9698a5a8d45b54cd04e8dfc04e04556a4bfb14a
audit,bank_marketing,single_model,random_feature_deletion,audit,f1,higher_is_better,0.3225589100081288,0.0|0.05|0.1|0.2|0.4|0.6|0.8|1.0,3414366bca333cf91c4670692e4be510622b98316488ce81ef1dc06ae1a8f1d4
audit,bank_marketing,single_model,random_feature_deletion,audit,unsafe_acceptance_rate,lower_is_better,0.025559452237808953,0.0|0.05|0.1|0.2|0.4|0.6|0.8|1.0,bc299b4f729b86721ce59f2643e939850a436322fa90a002a0d5437fac6c9c75
audit,bank_marketing,single_model,random_feature_deletion,audit,technical_failure_rate,lower_is_better,0.0,0.0|0.05|0.1|0.2|0.4|0.6|0.8|1.0,a279471b6303c0651ec066605accd7442ea902f51d4e6b62f8c6adcb4ee090d9
audit,bank_marketing,single_model,random_feature_deletion,audit,rejection_rate,context_dependent,0.9473820058997051,0.0|0.05|0.1|0.2|0.4|0.6|0.8|1.0,1ef10885ca467f49cb50855695efb25db35807257033263993c202bbbde57d2a
audit,bank_marketing,single_model,random_feature_deletion,shadow,accuracy,higher_is_better,0.8904258849557521,0.0|0.05|0.1|0.2|0.4|0.6|0.8|1.0,8a24171c258ab8afe62d4920c6110976d1d0bcc8d78ab19ddef946e93a87294e
audit,bank_marketing,single_model,random_feature_deletion,shadow,f1,higher_is_better,0.24383259379227734,0.0|0.05|0.1|0.2|0.4|0.6|0.8|1.0,b9915a9fbd25cc434aaaa471ccf4e7e30c25401e38a85f892be38b9fee1a1fd2
audit,bank_marketing,single_model,random_feature_deletion,shadow,unsafe_acceptance_rate,lower_is_better,0.020340681362725457,0.0|0.05|0.1|0.2|0.4|0.6|0.8|1.0,f03cb9de7d80dc7462a247489c5296fab7d272a551300ff87e01451aa49eeb85
audit,bank_marketing,single_model,random_feature_deletion,shadow,technical_failure_rate,lower_is_better,0.0,0.0|0.05|0.1|0.2|0.4|0.6|0.8|1.0,236f65d49bfd62f1c9a34ffdb594d2f2ac111600361aac615d79417dbd4b53fa
audit,bank_marketing,single_model,random_feature_deletion,shadow,rejection_rate,context_dependent,0.9568307522123893,0.0|0.05|0.1|0.2|0.4|0.6|0.8|1.0,42bb96d95e9b69a2b6322f4f515e9c64de5ae484511d0f6dc3670ebf45f0e435
locked,bank_marketing,single_model,random_feature_deletion,primary,accuracy,higher_is_better,0.8887451153874513,0.0|0.05|0.1|0.2|0.4|0.6|0.8|1.0,147c7598787772f6715f9606336ca40ee0ee246121d70162d390f1191b58669c
locked,bank_marketing,single_model,random_feature_deletion,primary,f1,higher_is_better,0.25990912604140676,0.0|0.05|0.1|0.2|0.4|0.6|0.8|1.0,d62c11e4e62a89f321ac8cd484d011684b257532a14ecbe92492ff230a8e0e27
locked,bank_marketing,single_model,random_feature_deletion,primary,unsafe_acceptance_rate,lower_is_better,0.021146459585838343,0.0|0.05|0.1|0.2|0.4|0.6|0.8|1.0,8d1e8acb2f20479bb811d1a1186e9f49b2df594cf3144f4312a50eaa9088d262
locked,bank_marketing,single_model,random_feature_deletion,primary,technical_failure_rate,lower_is_better,0.0,0.0|0.05|0.1|0.2|0.4|0.6|0.8|1.0,78a77fc095fd84736cd527545cdb44613dde7b8a4aef41d1a66ccdca951d9633
locked,bank_marketing,single_model,random_feature_deletion,primary,rejection_rate,context_dependent,0.9569011280690112,0.0|0.05|0.1|0.2|0.4|0.6|0.8|1.0,0300caeecbc640af8d365319f65a4f5afb6fdf2256865126676ecec8e794ef47
locked,bank_marketing,single_model,random_feature_deletion,shadow,accuracy,higher_is_better,0.8927311435523114,0.0|0.05|0.1|0.2|0.4|0.6|0.8|1.0,b227de90324749f7a3f7c4cf0187e46ab5a508bc5574c3441d1edd94db002337
locked,bank_marketing,single_model,random_feature_deletion,shadow,f1,higher_is_better,0.39175402946121773,0.0|0.05|0.1|0.2|0.4|0.6|0.8|1.0,45c579d41686e06a18a9e8378c3fab74a8a7cd0742e1a2be590b6a4dcde38abe
locked,bank_marketing,single_model,random_feature_deletion,shadow,unsafe_acceptance_rate,lower_is_better,0.03242109218436874,0.0|0.05|0.1|0.2|0.4|0.6|0.8|1.0,cabfbad6a697eacee7b4c245eb6b5798d74818addc5a25990868cc3f262d74a8
locked,bank_marketing,single_model,random_feature_deletion,shadow,technical_failure_rate,lower_is_better,0.0,0.0|0.05|0.1|0.2|0.4|0.6|0.8|1.0,795451d701e235cfa1a8d90096816b03ea6b01d3696b225eafccd08a9437784a
locked,bank_marketing,single_model,random_feature_deletion,shadow,rejection_rate,context_dependent,0.933004313205043,0.0|0.05|0.1|0.2|0.4|0.6|0.8|1.0,32ffdbeb5218dddc9a31be6fe9fcddaeda90a1dba6d81d2474249c3a18686ab3
audit,bank_marketing,single_model,specialist_failure,audit,accuracy,higher_is_better,0.3540265486725664,0.0|0.05|0.1|0.2|0.4|0.6|0.8|1.0,888065f4edec511dab03cb73f648797a8a8446f413260b4819750abd2f670fae
audit,bank_marketing,single_model,specialist_failure,audit,f1,higher_is_better,0.31715588086329993,0.0|0.05|0.1|0.2|0.4|0.6|0.8|1.0,96850dc3ae3b6001e040f8e2f0d0d229b0d56083c05d77cd42109b9edeaccd13
audit,bank_marketing,single_model,specialist_failure,audit,unsafe_acceptance_rate,lower_is_better,0.7124749498997995,0.0|0.05|0.1|0.2|0.4|0.6|0.8|1.0,d8174b23c649aadc1bad7666702a255775920d9625143da1d82d242d1342e151
audit,bank_marketing,single_model,specialist_failure,audit,technical_failure_rate,lower_is_better,0.0,0.0|0.05|0.1|0.2|0.4|0.6|0.8|1.0,67e829895c50511ff846b0c1b784b4edc98785bdecccb7f6c60a49fed29bf38b
audit,bank_marketing,single_model,specialist_failure,audit,rejection_rate,context_dependent,0.2706637168141593,0.0|0.05|0.1|0.2|0.4|0.6|0.8|1.0,c7539abe30bc90c6594e169f1e609cfa36860a5b7bc2a7570342267db09add35
audit,bank_marketing,single_model,specialist_failure,shadow,accuracy,higher_is_better,0.3540265486725664,0.0|0.05|0.1|0.2|0.4|0.6|0.8|1.0,6dac02314b62b0db3e71f02c353fa8a15d99fabadd4c203bd871fc67ae8fb20b
audit,bank_marketing,single_model,specialist_failure,shadow,f1,higher_is_better,0.31715588086329993,0.0|0.05|0.1|0.2|0.4|0.6|0.8|1.0,95e85f9749c2a4f804bee051926a7ef6de36cc96baf2c6fdad8a37e54732e7e3
audit,bank_marketing,single_model,specialist_failure,shadow,unsafe_acceptance_rate,lower_is_better,0.7124749498997995,0.0|0.05|0.1|0.2|0.4|0.6|0.8|1.0,0644c5db04d7564919139979f7e79891dc512f1fe8a1138e77130509e17255b3
audit,bank_marketing,single_model,specialist_failure,shadow,technical_failure_rate,lower_is_better,0.0,0.0|0.05|0.1|0.2|0.4|0.6|0.8|1.0,6da45ed56d146af8a50729f779e456cbbbec50ff651dc250eaf6dccc7191348e
audit,bank_marketing,single_model,specialist_failure,shadow,rejection_rate,context_dependent,0.2706637168141593,0.0|0.05|0.1|0.2|0.4|0.6|0.8|1.0,2ef017a32d1c233705e01e2c12bbd7d100d1488d874311c92be5930d9857d167
locked,bank_marketing,single_model,specialist_failure,primary,accuracy,higher_is_better,0.3532404335324043,0.0|0.05|0.1|0.2|0.4|0.6|0.8|1.0,f42bbc747aeeb3d8af3f9aad6159159dede1a9b935202d76dd042456134fb4dc
locked,bank_marketing,single_model,specialist_failure,primary,f1,higher_is_better,0.31249197466330486,0.0|0.05|0.1|0.2|0.4|0.6|0.8|1.0,e60a78bfc9faf43eaec890156a9e6d28c62e42aeeeea3cb9ea90f3de40184dee
locked,bank_marketing,single_model,specialist_failure,primary,unsafe_acceptance_rate,lower_is_better,0.7127755511022044,0.0|0.05|0.1|0.2|0.4|0.6|0.8|1.0,f8bff8ec93fdf4c5a8d3aac5f58304645834ebcd561ab473b0d9eab1896af0a5
locked,bank_marketing,single_model,specialist_failure,primary,technical_failure_rate,lower_is_better,0.0,0.0|0.05|0.1|0.2|0.4|0.6|0.8|1.0,4b1c8911562d09c00c965e828e5e8b4efe927e6ddaefb55d1b8952569e0311c9
locked,bank_marketing,single_model,specialist_failure,primary,rejection_rate,context_dependent,0.2710019907100199,0.0|0.05|0.1|0.2|0.4|0.6|0.8|1.0,32c50fb5684aceec002f3b4ad26ceabf6218f32826b191d6748ea024fd347cc4
locked,bank_marketing,single_model,specialist_failure,shadow,accuracy,higher_is_better,0.3532404335324043,0.0|0.05|0.1|0.2|0.4|0.6|0.8|1.0,517f3923327aa2f7d901bbfc5071b5938b03fb04b56ea5834a1290c9c276e062
locked,bank_marketing,single_model,specialist_failure,shadow,f1,higher_is_better,0.31249197466330486,0.0|0.05|0.1|0.2|0.4|0.6|0.8|1.0,293cf45f05ea91effd5908f5f1efde7e8afa945fb5d2c42a07caae58c6c5118c
locked,bank_marketing,single_model,specialist_failure,shadow,unsafe_acceptance_rate,lower_is_better,0.7127755511022044,0.0|0.05|0.1|0.2|0.4|0.6|0.8|1.0,d70e08fb2e4f4b85e82ee8cd9dfe0c04eebdea3516bbeff6f5da4fcaae2073c3
locked,bank_marketing,single_model,specialist_failure,shadow,technical_failure_rate,lower_is_better,0.0,0.0|0.05|0.1|0.2|0.4|0.6|0.8|1.0,f245dd4e92d248250df10181197205fbe41d48a81600302792025658ae92dd6f
locked,bank_marketing,single_model,specialist_failure,shadow,rejection_rate,context_dependent,0.2710019907100199,0.0|0.05|0.1|0.2|0.4|0.6|0.8|1.0,e604bd3715913c1ac2d7f8d2bfdbf511ae9343987a2922646d3bdbf673b362c9
audit,bank_marketing,single_model,synthetic_sensor_failure,audit,accuracy,higher_is_better,0.8885398230088496,0.0|0.05|0.1|0.2|0.4|0.6|0.8|1.0,7fa2429177254d1a82fd714a4d12912fb362b3a97af8e7563be75aad0921c17b
audit,bank_marketing,single_model,synthetic_sensor_failure,audit,f1,higher_is_better,0.24006567813472882,0.0|0.05|0.1|0.2|0.4|0.6|0.8|1.0,ba8fd3b25fcda64f1b6f91f34ab47b9dd13741d2ed876e073269c6bc1e459bfb
audit,bank_marketing,single_model,synthetic_sensor_failure,audit,unsafe_acceptance_rate,lower_is_better,0.017610220440881758,0.0|0.05|0.1|0.2|0.4|0.6|0.8|1.0,09247e01ce7efa66e1be171df7c08968a881813252ce2ab2c4718419bcad69e0
audit,bank_marketing,single_model,synthetic_sensor_failure,audit,technical_failure_rate,lower_is_better,0.0,0.0|0.05|0.1|0.2|0.4|0.6|0.8|1.0,10afae171a04f9cd95c6e5a41ad705c395c011733ac74880f8252fd279e17c5b
audit,bank_marketing,single_model,synthetic_sensor_failure,audit,rejection_rate,context_dependent,0.9635398230088497,0.0|0.05|0.1|0.2|0.4|0.6|0.8|1.0,e5384a5e72cd2d4b31486ef4b581b459b9a301fabe7d0216888984fe9fb8697c
audit,bank_marketing,single_model,synthetic_sensor_failure,shadow,accuracy,higher_is_better,0.8885398230088496,0.0|0.05|0.1|0.2|0.4|0.6|0.8|1.0,368fe470df3a588b63567e87ecd668518a1f01f89ba3e934939ed886d86d02b5
audit,bank_marketing,single_model,synthetic_sensor_failure,shadow,f1,higher_is_better,0.24006567813472882,0.0|0.05|0.1|0.2|0.4|0.6|0.8|1.0,bf66147eb4f79a965dd6cb03961a5c53119cedd0081255f0a834e09e9a7d75b2
audit,bank_marketing,single_model,synthetic_sensor_failure,shadow,unsafe_acceptance_rate,lower_is_better,0.017610220440881758,0.0|0.05|0.1|0.2|0.4|0.6|0.8|1.0,88eaab1808cb3e27ef11c1066850f07b035e0ee7805e907f3a2dd6a9ecdd456c
audit,bank_marketing,single_model,synthetic_sensor_failure,shadow,technical_failure_rate,lower_is_better,0.0,0.0|0.05|0.1|0.2|0.4|0.6|0.8|1.0,24aa61ec47cc2e09f6bf8ab7eb464b3a636fdee0bc9b638747bbffcc5a50c62a
audit,bank_marketing,single_model,synthetic_sensor_failure,shadow,rejection_rate,context_dependent,0.9635398230088497,0.0|0.05|0.1|0.2|0.4|0.6|0.8|1.0,33a2894cd05fb4373f3f07cc104924751d3f126280ea6ccdbf509d338982ce43
locked,bank_marketing,single_model,synthetic_sensor_failure,primary,accuracy,higher_is_better,0.8878400796284008,0.0|0.05|0.1|0.2|0.4|0.6|0.8|1.0,9ea920b2a8975fbbb7a9b6cdc47a318714e7cf92f8e03cde5f8aa09dba527607
locked,bank_marketing,single_model,synthetic_sensor_failure,primary,f1,higher_is_better,0.22180272439884935,0.0|0.05|0.1|0.2|0.4|0.6|0.8|1.0,a40479a988f7d529e20ad092ba99f448cbce56cb422c562d718e6f7e829a604b
locked,bank_marketing,single_model,synthetic_sensor_failure,primary,unsafe_acceptance_rate,lower_is_better,0.015487224448897795,0.0|0.05|0.1|0.2|0.4|0.6|0.8|1.0,a71efcc85833cd939ec2bd6e5366f62a1df4486411148b984a8c01c80b660bc3
locked,bank_marketing,single_model,synthetic_sensor_failure,primary,technical_failure_rate,lower_is_better,0.0,0.0|0.05|0.1|0.2|0.4|0.6|0.8|1.0,bfaf4201b6e75c55b1591e3636da8c4ce39f6090e33ec57db7179fb8e67435cb
locked,bank_marketing,single_model,synthetic_sensor_failure,primary,rejection_rate,context_dependent,0.9678002654280027,0.0|0.05|0.1|0.2|0.4|0.6|0.8|1.0,da3e8e6ef49add384be2c9ef9e4e4175a49b4b9352bcf7a72639ad78f9f600d3
locked,bank_marketing,single_model,synthetic_sensor_failure,shadow,accuracy,higher_is_better,0.8878400796284008,0.0|0.05|0.1|0.2|0.4|0.6|0.8|1.0,93af55e7cf0f3dc17c159cc52a4f0a0278b85cb71fe3ba5d1674a183b72bf1f6
locked,bank_marketing,single_model,synthetic_sensor_failure,shadow,f1,higher_is_better,0.22180272439884935,0.0|0.05|0.1|0.2|0.4|0.6|0.8|1.0,c9803f51586700cf0956073fd04ad31dbd31915de7a0463d81d33af99d34dac6
locked,bank_marketing,single_model,synthetic_sensor_failure,shadow,unsafe_acceptance_rate,lower_is_better,0.015487224448897795,0.0|0.05|0.1|0.2|0.4|0.6|0.8|1.0,704c8eb24e999e22548c08a61cbf542609e3db1c55dbb8d72807b25008c6329e
locked,bank_marketing,single_model,synthetic_sensor_failure,shadow,technical_failure_rate,lower_is_better,0.0,0.0|0.05|0.1|0.2|0.4|0.6|0.8|1.0,fc8cffcc848386fadf325858c8459feb34ea518ef2c36f5279877a6333880805
locked,bank_marketing,single_model,synthetic_sensor_failure,shadow,rejection_rate,context_dependent,0.9678002654280027,0.0|0.05|0.1|0.2|0.4|0.6|0.8|1.0,360e93b86fa50ef7e4dddca054568fed5bdd32e34715c85bcf043afcbc827917
audit,bank_marketing,static_weighted_ensemble,adversarial_confidence_inflation,audit,accuracy,higher_is_better,0.9001069321533923,0.0|0.05|0.1|0.2|0.4|0.6|0.8|1.0,27d6b08b178d1682c5f6645d176e735e4ea830a0a40e802936f4bb3b43fe30b3
audit,bank_marketing,static_weighted_ensemble,adversarial_confidence_inflation,audit,f1,higher_is_better,0.5246136225415285,0.0|0.05|0.1|0.2|0.4|0.6|0.8|1.0,1d964ff5d9bea87599176170dcab95bc37e2c1451786a39ed83f6ed5af7d73d5
audit,bank_marketing,static_weighted_ensemble,adversarial_confidence_inflation,audit,unsafe_acceptance_rate,lower_is_better,0.04329492317969272,0.0|0.05|0.1|0.2|0.4|0.6|0.8|1.0,d4fa00d020ea759f4c3f6a0e5bf737dc3a90e0c8c23ac83ad6e8fefac1c45b55
audit,bank_marketing,static_weighted_ensemble,adversarial_confidence_inflation,audit,technical_failure_rate,lower_is_better,0.0,0.0|0.05|0.1|0.2|0.4|0.6|0.8|1.0,13ae769a6983f28b80feac09c28b81f965e5841a123bfefc4521e08522cee09d
audit,bank_marketing,static_weighted_ensemble,adversarial_confidence_inflation,audit,rejection_rate,context_dependent,0.906603982300885,0.0|0.05|0.1|0.2|0.4|0.6|0.8|1.0,3ab519d5c30d9b7eeb52d5466922c8931581c8da7d0cdb5ea312051b8c8778e0
audit,bank_marketing,static_weighted_ensemble,adversarial_confidence_inflation,shadow,accuracy,higher_is_better,0.8999778761061947,0.0|0.05|0.1|0.2|0.4|0.6|0.8|1.0,869763b2a9b2cbf65fc9d93d7dce5cb42c9ab4306619ec8429b4c3ddddb25f82
audit,bank_marketing,static_weighted_ensemble,adversarial_confidence_inflation,shadow,f1,higher_is_better,0.5230107921855512,0.0|0.05|0.1|0.2|0.4|0.6|0.8|1.0,ff4527ca3507430e4f5bd387af50130fb51f1625df8ceacaba66ca04317ef43a
audit,bank_marketing,static_weighted_ensemble,adversarial_confidence_inflation,shadow,unsafe_acceptance_rate,lower_is_better,0.04311748496993988,0.0|0.05|0.1|0.2|0.4|0.6|0.8|1.0,8cb570af506be39bfbb67e671e311dc6b2a04135bec4653b3f43bcdf27007f8d
audit,bank_marketing,static_weighted_ensemble,adversarial_confidence_inflation,shadow,technical_failure_rate,lower_is_better,0.0,0.0|0.05|0.1|0.2|0.4|0.6|0.8|1.0,387c237147e6da881f182b600e036bb8f950673d644a2f6bb9139e8d557d5a30
audit,bank_marketing,static_weighted_ensemble,adversarial_confidence_inflation,shadow,rejection_rate,context_dependent,0.9070464601769911,0.0|0.05|0.1|0.2|0.4|0.6|0.8|1.0,b71dd856cebb99063817e97a50c97b5a7b5e14ad1a854b6a59c4f8e159bee8ad
locked,bank_marketing,static_weighted_ensemble,adversarial_confidence_inflation,primary,accuracy,higher_is_better,0.8958213522082135,0.0|0.05|0.1|0.2|0.4|0.6|0.8|1.0,461596e0d2efaa8589c6bb925adbf0c36cc61d8b701990f5e5163bd39c563f42
locked,bank_marketing,static_weighted_ensemble,adversarial_confidence_inflation,primary,f1,higher_is_better,0.49210812187090563,0.0|0.05|0.1|0.2|0.4|0.6|0.8|1.0,606de279f9228de32a3cba161d09d4bd001b8f6f1ba30cbf45cf8e9b8c60b6fa
locked,bank_marketing,static_weighted_ensemble,adversarial_confidence_inflation,primary,unsafe_acceptance_rate,lower_is_better,0.04264570808283233,0.0|0.05|0.1|0.2|0.4|0.6|0.8|1.0,ff6e4df8120c3c93cc15355b441a339cf6738fe9af6d0dfb9124d2711069dd4c
locked,bank_marketing,static_weighted_ensemble,adversarial_confidence_inflation,primary,technical_failure_rate,lower_is_better,0.0,0.0|0.05|0.1|0.2|0.4|0.6|0.8|1.0,3750a41eff265621d005fde491b0e8d68910bc756c2ea00c5eeb8034beef39b0
locked,bank_marketing,static_weighted_ensemble,adversarial_confidence_inflation,primary,rejection_rate,context_dependent,0.9118576273685762,0.0|0.05|0.1|0.2|0.4|0.6|0.8|1.0,e7559ee86b6d114fdf27fb9dc787d9a48df0c6126d99d8bdf520a2b11806b6d9
locked,bank_marketing,static_weighted_ensemble,adversarial_confidence_inflation,shadow,accuracy,higher_is_better,0.8957310329573104,0.0|0.05|0.1|0.2|0.4|0.6|0.8|1.0,56c7254ce3b52114958895e5404a1da8891bf393bcb48c2b68f6c0558806da0d
locked,bank_marketing,static_weighted_ensemble,adversarial_confidence_inflation,shadow,f1,higher_is_better,0.49127144322302835,0.0|0.05|0.1|0.2|0.4|0.6|0.8|1.0,7472e01c387a4d9b3bc1e668c74d10684eba6878731408df5d2ae2bccd2d18f1
locked,bank_marketing,static_weighted_ensemble,adversarial_confidence_inflation,shadow,unsafe_acceptance_rate,lower_is_better,0.04262274549098197,0.0|0.05|0.1|0.2|0.4|0.6|0.8|1.0,c7a90b0e70e18e7eb3456e9ffd0376f626fdbffbb12690dce89fbc6e6d8855ec
locked,bank_marketing,static_weighted_ensemble,adversarial_confidence_inflation,shadow,technical_failure_rate,lower_is_better,0.0,0.0|0.05|0.1|0.2|0.4|0.6|0.8|1.0,24384b5a88b68a719c59a93b2873f50e24458e9cd0a03297362c9a176ebcbaa7
locked,bank_marketing,static_weighted_ensemble,adversarial_confidence_inflation,shadow,rejection_rate,context_dependent,0.9119884981198849,0.0|0.05|0.1|0.2|0.4|0.6|0.8|1.0,7860bc3feef15c75c52b997ae0369e1d19e42a915ac7e14e807bc2a18b947ef0
audit,bank_marketing,static_weighted_ensemble,confidence_distortion,audit,accuracy,higher_is_better,0.9088606194690266,0.0|0.05|0.1|0.2|0.4|0.6|0.8|1.0,e74ddbcb729ad0a096352a145e72797c2b5803c257599e3150be4011fe196e6a
audit,bank_marketing,static_weighted_ensemble,confidence_distortion,audit,f1,higher_is_better,0.5690674806803329,0.0|0.05|0.1|0.2|0.4|0.6|0.8|1.0,cd27eca432c008b9ef61151b24d970827aeb32acf8aaa66e1a740db24c7b999f
audit,bank_marketing,static_weighted_ensemble,confidence_distortion,audit,unsafe_acceptance_rate,lower_is_better,0.03906563126252505,0.0|0.05|0.1|0.2|0.4|0.6|0.8|1.0,c1c24c55fd5637615fa2dc096e930b8c27fee008f40c4f9673b548a23a804f47
audit,bank_marketing,static_weighted_ensemble,confidence_distortion,audit,technical_failure_rate,lower_is_better,0.0,0.0|0.05|0.1|0.2|0.4|0.6|0.8|1.0,9ed71566dba2a0cf3fe65b302c9215ba4dccb57d15e8d5830be24b089d4f067b
audit,bank_marketing,static_weighted_ensemble,confidence_distortion,audit,rejection_rate,context_dependent,0.905320796460177,0.0|0.05|0.1|0.2|0.4|0.6|0.8|1.0,1279e18935f575592baab37b7188b403560870074f918a8320a3c3126780470f
audit,bank_marketing,static_weighted_ensemble,confidence_distortion,shadow,accuracy,higher_is_better,0.9088606194690266,0.0|0.05|0.1|0.2|0.4|0.6|0.8|1.0,90d00302545939565c31cb987f8a84022be4df0c69d868fba23538a48bfc824d
audit,bank_marketing,static_weighted_ensemble,confidence_distortion,shadow,f1,higher_is_better,0.5690674806803329,0.0|0.05|0.1|0.2|0.4|0.6|0.8|1.0,7731aaebb25e45756e31692668072cda7217cabd9b3c9e9ad58e0feca21a37e4
audit,bank_marketing,static_weighted_ensemble,confidence_distortion,shadow,unsafe_acceptance_rate,lower_is_better,0.03906563126252505,0.0|0.05|0.1|0.2|0.4|0.6|0.8|1.0,89faa273109ab02d128c6f0ba8bc20c18b98671e1e3b286919c615b7b6395c15
audit,bank_marketing,static_weighted_ensemble,confidence_distortion,shadow,technical_failure_rate,lower_is_better,0.0,0.0|0.05|0.1|0.2|0.4|0.6|0.8|1.0,ef3e9914b451b8d20b2df05beffa6cf8ce84c6d28f81e08ae1cb001a394c3b46
audit,bank_marketing,static_weighted_ensemble,confidence_distortion,shadow,rejection_rate,context_dependent,0.905320796460177,0.0|0.05|0.1|0.2|0.4|0.6|0.8|1.0,a898ca19c2d45506f8ffcf8c9a0a18165fd46156fcdc349c928ae756f1f4d61a
locked,bank_marketing,static_weighted_ensemble,confidence_distortion,primary,accuracy,higher_is_better,0.9070559610705596,0.0|0.05|0.1|0.2|0.4|0.6|0.8|1.0,10b439d9b11440a3cfcf7f59b5dd0a4e78d2685b34e91789181c5d16b56d78de
locked,bank_marketing,static_weighted_ensemble,confidence_distortion,primary,f1,higher_is_better,0.5453366411768139,0.0|0.05|0.1|0.2|0.4|0.6|0.8|1.0,e0227e99cdcd9552750344ad5f3d7dadaa77ac64b6da4ac5cb5476a8766fd4a4
locked,bank_marketing,static_weighted_ensemble,confidence_distortion,primary,unsafe_acceptance_rate,lower_is_better,0.03587174348697395,0.0|0.05|0.1|0.2|0.4|0.6|0.8|1.0,812b9768380f2df259f6b7db7056d4053e3285e72913d960eaf01a2b607096c4
locked,bank_marketing,static_weighted_ensemble,confidence_distortion,primary,technical_failure_rate,lower_is_better,0.0,0.0|0.05|0.1|0.2|0.4|0.6|0.8|1.0,0a8f5537a4477aeb971b1866256329f41098140ca6b7805f5bfc765744e8c344
locked,bank_marketing,static_weighted_ensemble,confidence_distortion,primary,rejection_rate,context_dependent,0.9125857111258571,0.0|0.05|0.1|0.2|0.4|0.6|0.8|1.0,eb9128030394dbcbb1b9e2215fd288ebdb6e8ba5a9bd98ca33bfe1094740b01d
locked,bank_marketing,static_weighted_ensemble,confidence_distortion,shadow,accuracy,higher_is_better,0.9070559610705596,0.0|0.05|0.1|0.2|0.4|0.6|0.8|1.0,ce061e519c5fac985d518e055899e05b2f66a995cadf6d761715ed8c48ea758d
locked,bank_marketing,static_weighted_ensemble,confidence_distortion,shadow,f1,higher_is_better,0.5453366411768139,0.0|0.05|0.1|0.2|0.4|0.6|0.8|1.0,73c026993300c2afc0a08ad9da49ad64244136f6b55690bf6ebc767b90ed1869
locked,bank_marketing,static_weighted_ensemble,confidence_distortion,shadow,unsafe_acceptance_rate,lower_is_better,0.03587174348697395,0.0|0.05|0.1|0.2|0.4|0.6|0.8|1.0,ee4950bc491c94632ca5a4bc24d99227a91bc0eda443c39523824790a68a9ada
locked,bank_marketing,static_weighted_ensemble,confidence_distortion,shadow,technical_failure_rate,lower_is_better,0.0,0.0|0.05|0.1|0.2|0.4|0.6|0.8|1.0,c19fde962a7235190ad054f9abeabb53e4a72278a9cc6d8d486e1c2d83fc4f0c
locked,bank_marketing,static_weighted_ensemble,confidence_distortion,shadow,rejection_rate,context_dependent,0.9125857111258571,0.0|0.05|0.1|0.2|0.4|0.6|0.8|1.0,bd6bcf4ca7e7b9d48c316aba3fdd888c3aad457abbaeb3e137b582441f3d45fd
audit,bank_marketing,static_weighted_ensemble,distribution_shift,audit,accuracy,higher_is_better,0.8847376754028866,0.0|0.05|0.1|0.2|0.4|0.6|0.8|1.0,6dff70342389ac2815941a7066b1446005d406f8695d0beeb2dc40504bea6e4b
audit,bank_marketing,static_weighted_ensemble,distribution_shift,audit,f1,higher_is_better,0.6097712595881556,0.0|0.05|0.1|0.2|0.4|0.6|0.8|1.0,fb2052736a1dc5621416516d46a9d68c9b75a6dba3de91446f6555428251a54b
audit,bank_marketing,static_weighted_ensemble,distribution_shift,audit,unsafe_acceptance_rate,lower_is_better,0.06057843754667838,0.0|0.05|0.1|0.2|0.4|0.6|0.8|1.0,b15935b125b1d16334a21721422865d8513344533399ca9b165b1491a58785ec
audit,bank_marketing,static_weighted_ensemble,distribution_shift,audit,technical_failure_rate,lower_is_better,0.0,0.0|0.05|0.1|0.2|0.4|0.6|0.8|1.0,6a56f3a5ea85ad8b3c96580dfa20f0c9790df84ffc1aed448eca6e898d0f3b91
audit,bank_marketing,static_weighted_ensemble,distribution_shift,audit,rejection_rate,context_dependent,0.8569299957244835,0.0|0.05|0.1|0.2|0.4|0.6|0.8|1.0,21d04ec4c8cf3f86f3afb27e93a53f8231d2eb7ac02b7be482cbcc5caf50fc20
audit,bank_marketing,static_weighted_ensemble,distribution_shift,shadow,accuracy,higher_is_better,0.8847376754028866,0.0|0.05|0.1|0.2|0.4|0.6|0.8|1.0,0bf1dcd4eeb2234c6c464f60b52c363cfeda95898c7149c92bd6ba64c2dfa7c5
audit,bank_marketing,static_weighted_ensemble,distribution_shift,shadow,f1,higher_is_better,0.6097712595881556,0.0|0.05|0.1|0.2|0.4|0.6|0.8|1.0,0925030ba9a0d024cf4ce5537718a3a94e437bbf6b7c0cb037eb013fef838620
audit,bank_marketing,static_weighted_ensemble,distribution_shift,shadow,unsafe_acceptance_rate,lower_is_better,0.06057843754667838,0.0|0.05|0.1|0.2|0.4|0.6|0.8|1.0,8504c21dcfe7efbdc13acdd3fc92d04826e93effce01c531c1c466b4fac1060e
audit,bank_marketing,static_weighted_ensemble,distribution_shift,shadow,technical_failure_rate,lower_is_better,0.0,0.0|0.05|0.1|0.2|0.4|0.6|0.8|1.0,7d391932c87c7a00b78e7a8c1f205ead7939d60df979a42c5bd8ed2ea67aceff
audit,bank_marketing,static_weighted_ensemble,distribution_shift,shadow,rejection_rate,context_dependent,0.8569299957244835,0.0|0.05|0.1|0.2|0.4|0.6|0.8|1.0,ad9a46b9e37743f19906d9bbc0d4d400fc3750b859397ff5f792bb9db617ab73
locked,bank_marketing,static_weighted_ensemble,distribution_shift,primary,accuracy,higher_is_better,0.8788361826428672,0.0|0.05|0.1|0.2|0.4|0.6|0.8|1.0,dfac95720567fd6fb9477749a1af0ef6e346d9d202c08876aff0e2347b7e755d
locked,bank_marketing,static_weighted_ensemble,distribution_shift,primary,f1,higher_is_better,0.5784006485418451,0.0|0.05|0.1|0.2|0.4|0.6|0.8|1.0,c71c78693fd56e444c36198b0ae5836d2d0e7fe1e05bc8737b71d49ac7af9c36
locked,bank_marketing,static_weighted_ensemble,distribution_shift,primary,unsafe_acceptance_rate,lower_is_better,0.060382403293609825,0.0|0.05|0.1|0.2|0.4|0.6|0.8|1.0,e5b582edbed61db1cae3f176287e81ee4705c53e916cf5b44f773ef6208484cf
locked,bank_marketing,static_weighted_ensemble,distribution_shift,primary,technical_failure_rate,lower_is_better,0.0,0.0|0.05|0.1|0.2|0.4|0.6|0.8|1.0,bc7d2231f824e27e48e9654227a8c1ef87fe9d591690c268adb5dee0e1d21b50
locked,bank_marketing,static_weighted_ensemble,distribution_shift,primary,rejection_rate,context_dependent,0.8647805756393538,0.0|0.05|0.1|0.2|0.4|0.6|0.8|1.0,743e805eb023e5646e2b3889d2ee9d23c59fb621246898179d5d98ca099b5097
locked,bank_marketing,static_weighted_ensemble,distribution_shift,shadow,accuracy,higher_is_better,0.8788361826428672,0.0|0.05|0.1|0.2|0.4|0.6|0.8|1.0,2600577ce17ba15b53590a5dcbfa6a5cce1212164061eba8a8e464f09b55f9c7
locked,bank_marketing,static_weighted_ensemble,distribution_shift,shadow,f1,higher_is_better,0.5784006485418451,0.0|0.05|0.1|0.2|0.4|0.6|0.8|1.0,d054b47eb5f999eeddb3620c9706d9a532c34391ae32371dcf230b402e1b1d40
locked,bank_marketing,static_weighted_ensemble,distribution_shift,shadow,unsafe_acceptance_rate,lower_is_better,0.060382403293609825,0.0|0.05|0.1|0.2|0.4|0.6|0.8|1.0,b6774518776dc919477f305d450004a4e7f80679ffd40f182137807f7e72cf34
locked,bank_marketing,static_weighted_ensemble,distribution_shift,shadow,technical_failure_rate,lower_is_better,0.0,0.0|0.05|0.1|0.2|0.4|0.6|0.8|1.0,753125666b6099700626c4d1fc54a4b7c40cfbf54e51766ab4f0db5842db520b
locked,bank_marketing,static_weighted_ensemble,distribution_shift,shadow,rejection_rate,context_dependent,0.8647805756393538,0.0|0.05|0.1|0.2|0.4|0.6|0.8|1.0,beeb0595cec40afc1037ff1957cb43c753c23aac2c285e6068d704f4d26ba2e4
audit,bank_marketing,static_weighted_ensemble,feature_noise,audit,accuracy,higher_is_better,0.8927617994100295,0.0|0.05|0.1|0.2|0.4|0.6|0.8|1.0,112ef2f569b161c7dd48624a27186f27efd722c81f2d85add06cf19c3b6d489c
audit,bank_marketing,static_weighted_ensemble,feature_noise,audit,f1,higher_is_better,0.5085269299394383,0.0|0.05|0.1|0.2|0.4|0.6|0.8|1.0,9a25b90a194f6f52a8434ba7b2afd8d1afda5d00dc6f00e6c855fe4a9c57473c
audit,bank_marketing,static_weighted_ensemble,feature_noise,audit,unsafe_acceptance_rate,lower_is_better,0.05168670674682698,0.0|0.05|0.1|0.2|0.4|0.6|0.8|1.0,58d725184695de264fb7b6cbd6516bdebe23cf2ae1193d4afb9b9fd76790d856
audit,bank_marketing,static_weighted_ensemble,feature_noise,audit,technical_failure_rate,lower_is_better,0.0,0.0|0.05|0.1|0.2|0.4|0.6|0.8|1.0,455a9c6fe8e7ae3621f3b0965a8468b8ee7b563893428a49247bf03e088122a3
audit,bank_marketing,static_weighted_ensemble,feature_noise,audit,rejection_rate,context_dependent,0.8991261061946902,0.0|0.05|0.1|0.2|0.4|0.6|0.8|1.0,7a0bb57544281ce65c19d4e674218b0e45b7bb9a2591e996dd9d2062788c77a0
audit,bank_marketing,static_weighted_ensemble,feature_noise,shadow,accuracy,higher_is_better,0.8908573008849558,0.0|0.05|0.1|0.2|0.4|0.6|0.8|1.0,4eb3126a9af94d30cbd02954296b609b01dca0105bd7a8b414da11ad33b0ac73
audit,bank_marketing,static_weighted_ensemble,feature_noise,shadow,f1,higher_is_better,0.5042416802279481,0.0|0.05|0.1|0.2|0.4|0.6|0.8|1.0,923cb190b17c147f2c68069b948df074b66b254fc29cb1e91253545749929784
audit,bank_marketing,static_weighted_ensemble,feature_noise,shadow,unsafe_acceptance_rate,lower_is_better,0.05371993987975952,0.0|0.05|0.1|0.2|0.4|0.6|0.8|1.0,5ce6baf167e1d877e5afb0dd5886b973acaff9b0cb4fdbc765f2949b0d07bf7a
audit,bank_marketing,static_weighted_ensemble,feature_noise,shadow,technical_failure_rate,lower_is_better,0.0,0.0|0.05|0.1|0.2|0.4|0.6|0.8|1.0,2ce13339de91ae7c088b61d7ed5d158ed0d6e02ffbac8517ad1d10b9ebf5eed2
audit,bank_marketing,static_weighted_ensemble,feature_noise,shadow,rejection_rate,context_dependent,0.8974391592920353,0.0|0.05|0.1|0.2|0.4|0.6|0.8|1.0,aa0a884018adf58713210fdee403bbc1363a63ed57c91566b0d13552ea5c045c
locked,bank_marketing,static_weighted_ensemble,feature_noise,primary,accuracy,higher_is_better,0.8921551279215513,0.0|0.05|0.1|0.2|0.4|0.6|0.8|1.0,d5ca08e7af19aff88dcd0e8f83a26bae45145738da4db07cd5f855d248a35558
locked,bank_marketing,static_weighted_ensemble,feature_noise,primary,f1,higher_is_better,0.49549202943454523,0.0|0.05|0.1|0.2|0.4|0.6|0.8|1.0,eaade20f7d426e97e2b59878b5fbb63124150057753e89fd472416d90fc7a2c1
locked,bank_marketing,static_weighted_ensemble,feature_noise,primary,unsafe_acceptance_rate,lower_is_better,0.04925475951903808,0.0|0.05|0.1|0.2|0.4|0.6|0.8|1.0,9af7667c1f44df5403d6da5a147922c271c0b2c71563d809e106ab982080432f
locked,bank_marketing,static_weighted_ensemble,feature_noise,primary,technical_failure_rate,lower_is_better,0.0,0.0|0.05|0.1|0.2|0.4|0.6|0.8|1.0,d7d7cf6ac6744878abbd160314c40c8f5b9923f8cf29137712b1dd9167101583
locked,bank_marketing,static_weighted_ensemble,feature_noise,primary,rejection_rate,context_dependent,0.903852392538524,0.0|0.05|0.1|0.2|0.4|0.6|0.8|1.0,9e23dcf5649cd8ed621f65686387810668e2f2980fafbf277f29647167e02133
locked,bank_marketing,static_weighted_ensemble,feature_noise,shadow,accuracy,higher_is_better,0.8895570670205706,0.0|0.05|0.1|0.2|0.4|0.6|0.8|1.0,41ccfe2881ba991957b9818b117029af113edac20e28d9d1f28e36c71c517f8c
locked,bank_marketing,static_weighted_ensemble,feature_noise,shadow,f1,higher_is_better,0.4826769522567807,0.0|0.05|0.1|0.2|0.4|0.6|0.8|1.0,4797bdb230f937e3eb566eebfacf5c6afc910744351463fe66f516e7a0e4c372
locked,bank_marketing,static_weighted_ensemble,feature_noise,shadow,unsafe_acceptance_rate,lower_is_better,0.05060433366733467,0.0|0.05|0.1|0.2|0.4|0.6|0.8|1.0,731602dc8e670cbeff0ed5ab03334bf9a88c8326d09c616687a2e742c444326f
locked,bank_marketing,static_weighted_ensemble,feature_noise,shadow,technical_failure_rate,lower_is_better,0.0,0.0|0.05|0.1|0.2|0.4|0.6|0.8|1.0,5c18ab958015cfb5dc72dc8ca607b038d855fda8889197492346b93e8b2fd0c8
locked,bank_marketing,static_weighted_ensemble,feature_noise,shadow,rejection_rate,context_dependent,0.9040671311656714,0.0|0.05|0.1|0.2|0.4|0.6|0.8|1.0,a7c4fbc11ceb00090e4e3903f33a9ac7022943596e44ff1891a47b093d0f681d
audit,bank_marketing,static_weighted_ensemble,label_noise,audit,accuracy,higher_is_better,0.9092920353982301,0.0|0.05|0.1|0.2|0.4|0.6|0.8|1.0,ce3431e9dfb77855f1d22f4f48e778efb4ded931d6d3f9f924aa4ec95a9d66f3
audit,bank_marketing,static_weighted_ensemble,label_noise,audit,f1,higher_is_better,0.5702306079664571,0.0|0.05|0.1|0.2|0.4|0.6|0.8|1.0,3565a886855fd49a8d31c467ecfe9d965709bb2c776d017ab0f251cb9b46beb5
audit,bank_marketing,static_weighted_ensemble,label_noise,audit,unsafe_acceptance_rate,lower_is_better,0.03857715430861723,0.0|0.05|0.1|0.2|0.4|0.6|0.8|1.0,4c18c96024cedcebe1a7532624e85fa5789a5d43aca0c94fd038f4171e5f9196
audit,bank_marketing,static_weighted_ensemble,label_noise,audit,technical_failure_rate,lower_is_better,0.0,0.0|0.05|0.1|0.2|0.4|0.6|0.8|1.0,71bb3c6652c22e75993c1c8cc50c5ca3899029209827897c892a7aa6440eeac3
audit,bank_marketing,static_weighted_ensemble,label_noise,audit,rejection_rate,context_dependent,0.9057522123893805,0.0|0.05|0.1|0.2|0.4|0.6|0.8|1.0,b08a8dfd253407224cbae7fc97c27bc269851b29e4569691259f2722bda4989a
audit,bank_marketing,static_weighted_ensemble,label_noise,shadow,accuracy,higher_is_better,0.9092920353982301,0.0|0.05|0.1|0.2|0.4|0.6|0.8|1.0,90f209b2101c7dc9e5a2e4571ba3f1ebffd880dc2cdcc80ffca5bcbf31eb6362
audit,bank_marketing,static_weighted_ensemble,label_noise,shadow,f1,higher_is_better,0.5702306079664571,0.0|0.05|0.1|0.2|0.4|0.6|0.8|1.0,2c8923419365ac96a6155ce9d508fdcde10886ef45c656f88d3fc5fb5cfa4752
audit,bank_marketing,static_weighted_ensemble,label_noise,shadow,unsafe_acceptance_rate,lower_is_better,0.03857715430861723,0.0|0.05|0.1|0.2|0.4|0.6|0.8|1.0,550bd6fb7597f307780a6c447942607b1e8ff63496c09c517f7334b4deb5ec0f
audit,bank_marketing,static_weighted_ensemble,label_noise,shadow,technical_failure_rate,lower_is_better,0.0,0.0|0.05|0.1|0.2|0.4|0.6|0.8|1.0,2a0493e44d6d1a6d56d25180b6b607fdaf1e0e4e5429089826ed0b5c1044bce2
audit,bank_marketing,static_weighted_ensemble,label_noise,shadow,rejection_rate,context_dependent,0.9057522123893805,0.0|0.05|0.1|0.2|0.4|0.6|0.8|1.0,8bc53e524a0623b2069f3ab5b2f63c2c1fcfd9de3a74fe6c83e11b4ab2db5d1d
locked,bank_marketing,static_weighted_ensemble,label_noise,primary,accuracy,higher_is_better,0.9066578190665782,0.0|0.05|0.1|0.2|0.4|0.6|0.8|1.0,6d1604dd1e971c020b37c9774846da9686115bc90ccf2d3b0cc4e2ee8a8fe734
locked,bank_marketing,static_weighted_ensemble,label_noise,primary,f1,higher_is_better,0.5442764578833694,0.0|0.05|0.1|0.2|0.4|0.6|0.8|1.0,6e33427db7238c731b546b0388b5c0e98c14385a37224552ab61718a5ccaff8d
locked,bank_marketing,static_weighted_ensemble,label_noise,primary,unsafe_acceptance_rate,lower_is_better,0.036322645290581164,0.0|0.05|0.1|0.2|0.4|0.6|0.8|1.0,672f002cd4af294fd0d7a166f8e15cd003d8c40331a54c3e336294406f2efb93
locked,bank_marketing,static_weighted_ensemble,label_noise,primary,technical_failure_rate,lower_is_better,0.0,0.0|0.05|0.1|0.2|0.4|0.6|0.8|1.0,1be2f3adda0658da58ec0c1fcec1a071b556bd6249769405a50d6cb8b0d79b39
locked,bank_marketing,static_weighted_ensemble,label_noise,primary,rejection_rate,context_dependent,0.9121875691218757,0.0|0.05|0.1|0.2|0.4|0.6|0.8|1.0,627ac23a91e76c8d481549bb0e3d72e36d2ed5584c48885f68e5cfae4a20c632
locked,bank_marketing,static_weighted_ensemble,label_noise,shadow,accuracy,higher_is_better,0.9066578190665782,0.0|0.05|0.1|0.2|0.4|0.6|0.8|1.0,2a3579ec143a6da25ce54b1377ae167ab47312b083df74b13445ec554e653c07
locked,bank_marketing,static_weighted_ensemble,label_noise,shadow,f1,higher_is_better,0.5442764578833694,0.0|0.05|0.1|0.2|0.4|0.6|0.8|1.0,0e499d461971edf5beb1ee5e8c0fed4333aefb3e4bc544af6d170b5d47d9d69c
locked,bank_marketing,static_weighted_ensemble,label_noise,shadow,unsafe_acceptance_rate,lower_is_better,0.036322645290581164,0.0|0.05|0.1|0.2|0.4|0.6|0.8|1.0,14466f0fe02ce92e468a3fdb3c6d6a7153319d6a2f231cc2e83ebe585a851c41
locked,bank_marketing,static_weighted_ensemble,label_noise,shadow,technical_failure_rate,lower_is_better,0.0,0.0|0.05|0.1|0.2|0.4|0.6|0.8|1.0,5c43579baff3aaa81a0245d576a2aba1d9614cb03af3bea19d84d72dbe8aa278
locked,bank_marketing,static_weighted_ensemble,label_noise,shadow,rejection_rate,context_dependent,0.9121875691218757,0.0|0.05|0.1|0.2|0.4|0.6|0.8|1.0,3e5b287ef6a7a43fa05a873da7b19713786b71658ccaf9eeb75ade951e71a130
audit,bank_marketing,static_weighted_ensemble,missing_features,audit,accuracy,higher_is_better,0.8929977876106194,0.0|0.05|0.1|0.2|0.4|0.6|0.8|1.0,4847ef401fac9475af5c8abfd0e43bb8335f511c150a7ea0ad0d756ed99a6ecf
audit,bank_marketing,static_weighted_ensemble,missing_features,audit,f1,higher_is_better,0.29981354243510394,0.0|0.05|0.1|0.2|0.4|0.6|0.8|1.0,ce8d8b6b8aa4c8fa07d93b083c916ca25201d416cabc7f46f57ea6e38a074523
audit,bank_marketing,static_weighted_ensemble,missing_features,audit,unsafe_acceptance_rate,lower_is_better,0.019146626586506343,0.0|0.05|0.1|0.2|0.4|0.6|0.8|1.0,174a79f8c5a05adf00c8227b576081e1cef4d54c81ef66e61322e75dcb1c126c
audit,bank_marketing,static_weighted_ensemble,missing_features,audit,technical_failure_rate,lower_is_better,0.0,0.0|0.05|0.1|0.2|0.4|0.6|0.8|1.0,210295cd7298d697b87a2f4307da696b6fc4253db120ecbb94c78adf0e2beab3
audit,bank_marketing,static_weighted_ensemble,missing_features,audit,rejection_rate,context_dependent,0.9563679941002949,0.0|0.05|0.1|0.2|0.4|0.6|0.8|1.0,e5753031a25740b0db0fe6b4aae7816d7186cf204bad992aa855234362aa91f8
audit,bank_marketing,static_weighted_ensemble,missing_features,shadow,accuracy,higher_is_better,0.8927433628318585,0.0|0.05|0.1|0.2|0.4|0.6|0.8|1.0,570db816ace722a4febd0a3d77228ac8124294c1290dd620c8b46775f1c9e802
audit,bank_marketing,static_weighted_ensemble,missing_features,shadow,f1,higher_is_better,0.30289838369054983,0.0|0.05|0.1|0.2|0.4|0.6|0.8|1.0,0881cc5e0f9b605cdb53ac677a240cdafdfbbbc64720bffe729790420cc74444
audit,bank_marketing,static_weighted_ensemble,missing_features,shadow,unsafe_acceptance_rate,lower_is_better,0.019914829659318636,0.0|0.05|0.1|0.2|0.4|0.6|0.8|1.0,fb0def9dd37d1d1d9808af4704065288e8f711b53d0d121eaa5c0ccf551b5999
audit,bank_marketing,static_weighted_ensemble,missing_features,shadow,technical_failure_rate,lower_is_better,0.0,0.0|0.05|0.1|0.2|0.4|0.6|0.8|1.0,b96565cc15bd05419363afce8f1da530af102fa18963efa0d58b36a256ea04bd
audit,bank_marketing,static_weighted_ensemble,missing_features,shadow,rejection_rate,context_dependent,0.9552654867256637,0.0|0.05|0.1|0.2|0.4|0.6|0.8|1.0,829f6e2bf45ad5bf8c04d0a9e1243e0b60c48b7e88066f99727c3e0cecc07c2a
locked,bank_marketing,static_weighted_ensemble,missing_features,primary,accuracy,higher_is_better,0.8911616161616162,0.0|0.05|0.1|0.2|0.4|0.6|0.8|1.0,e720d1cc6d1a7dcded5b6deee378ad6a627bdab534cdc5bc7b0d361f0e576aa1
locked,bank_marketing,static_weighted_ensemble,missing_features,primary,f1,higher_is_better,0.2849352334755768,0.0|0.05|0.1|0.2|0.4|0.6|0.8|1.0,b05b1cfa255b09f258f01ed0f11359bd4ee75aa1b83e49d8b311888fd5b37340
locked,bank_marketing,static_weighted_ensemble,missing_features,primary,unsafe_acceptance_rate,lower_is_better,0.018927438209752838,0.0|0.05|0.1|0.2|0.4|0.6|0.8|1.0,170c2f081da05671713d8b8f7a2c0bc4a2067d8997823332266125ea80c4cd37
locked,bank_marketing,static_weighted_ensemble,missing_features,primary,technical_failure_rate,lower_is_better,0.0,0.0|0.05|0.1|0.2|0.4|0.6|0.8|1.0,ea85a9ca125bfe2b7bd40e8ac507d67aeaedf494d37533e07fb1d3dc684e6b17
locked,bank_marketing,static_weighted_ensemble,missing_features,primary,rejection_rate,context_dependent,0.9584033768340338,0.0|0.05|0.1|0.2|0.4|0.6|0.8|1.0,0a98d8c17d834ad116e4d4007d865d8ffd3a6cf81e56f6659c3f0372648de6aa
locked,bank_marketing,static_weighted_ensemble,missing_features,shadow,accuracy,higher_is_better,0.8918491484184915,0.0|0.05|0.1|0.2|0.4|0.6|0.8|1.0,f151de07c98971cdc2dcb2aa59b9265683d4b0137cfbf45a67d00d4a0195caa2
locked,bank_marketing,static_weighted_ensemble,missing_features,shadow,f1,higher_is_better,0.28806945073115725,0.0|0.05|0.1|0.2|0.4|0.6|0.8|1.0,c116cb030b5d0f603819753dda5af3288c11d8352335f8f6b53f91e5ad8eeef8
locked,bank_marketing,static_weighted_ensemble,missing_features,shadow,unsafe_acceptance_rate,lower_is_better,0.018499498997995995,0.0|0.05|0.1|0.2|0.4|0.6|0.8|1.0,0ec70fb7199807249da1c659925b4fc3a10b0f865344bc01b84c448b632d6c45
locked,bank_marketing,static_weighted_ensemble,missing_features,shadow,technical_failure_rate,lower_is_better,0.0,0.0|0.05|0.1|0.2|0.4|0.6|0.8|1.0,a36ff07008603a03f926ec6713cb27d665533fadc4de3929a00dd3f10dcc28df
locked,bank_marketing,static_weighted_ensemble,missing_features,shadow,rejection_rate,context_dependent,0.9584715770847156,0.0|0.05|0.1|0.2|0.4|0.6|0.8|1.0,31a8acac0cf171e81373767a1c2f6d411cc78683fbf01e9f7aa18a2d87cf2bd1
audit,bank_marketing,static_weighted_ensemble,random_feature_deletion,audit,accuracy,higher_is_better,0.89202802359882,0.0|0.05|0.1|0.2|0.4|0.6|0.8|1.0,606fb070c1db668d7463519a5a539ee488e5d24defcdbc28de8ad6105359c9f6
audit,bank_marketing,static_weighted_ensemble,random_feature_deletion,audit,f1,higher_is_better,0.31411976926813007,0.0|0.05|0.1|0.2|0.4|0.6|0.8|1.0,fafef277367acbbc35cb84102554d98e996c3b8c819fbd465c24e405d2ae3557
audit,bank_marketing,static_weighted_ensemble,random_feature_deletion,audit,unsafe_acceptance_rate,lower_is_better,0.022386439545758183,0.0|0.05|0.1|0.2|0.4|0.6|0.8|1.0,545d8c5832028e7a158328306e3568306826c82546b5fae376fd25beaea97d2a
audit,bank_marketing,static_weighted_ensemble,random_feature_deletion,audit,technical_failure_rate,lower_is_better,0.0,0.0|0.05|0.1|0.2|0.4|0.6|0.8|1.0,396d3a1c274688bf7db4b433cac62954118c0b1af28b85a0c2b18448eff91fa4
audit,bank_marketing,static_weighted_ensemble,random_feature_deletion,audit,rejection_rate,context_dependent,0.9516150442477878,0.0|0.05|0.1|0.2|0.4|0.6|0.8|1.0,90c055f5d8bd67480003247bce56b0a9b16cd8854360272bd81794b289f4a188
audit,bank_marketing,static_weighted_ensemble,random_feature_deletion,shadow,accuracy,higher_is_better,0.891825221238938,0.0|0.05|0.1|0.2|0.4|0.6|0.8|1.0,937e2d35d21d4253f2b81445c0107371a26cca52ea9fb385659c3229202e495e
audit,bank_marketing,static_weighted_ensemble,random_feature_deletion,shadow,f1,higher_is_better,0.24482042876514976,0.0|0.05|0.1|0.2|0.4|0.6|0.8|1.0,a0731e3c5980ceabfba46c4c551127e0c9e170e6b107ea5ec619b50e719e15e5
audit,bank_marketing,static_weighted_ensemble,random_feature_deletion,shadow,unsafe_acceptance_rate,lower_is_better,0.018029809619238477,0.0|0.05|0.1|0.2|0.4|0.6|0.8|1.0,5c6017cd07c0d842c04f068f09cf2133d367d2708fda77f3a753488e670c846e
audit,bank_marketing,static_weighted_ensemble,random_feature_deletion,shadow,technical_failure_rate,lower_is_better,0.0,0.0|0.05|0.1|0.2|0.4|0.6|0.8|1.0,a07d20bac086656affc4acf48489d81cbe6f5579082ac9cb912787c4856f9573
audit,bank_marketing,static_weighted_ensemble,random_feature_deletion,shadow,rejection_rate,context_dependent,0.9595132743362831,0.0|0.05|0.1|0.2|0.4|0.6|0.8|1.0,9fbb09de24cf6abbfa8bc0d20ddc36e3e47aca3a08884268df9ed7be90a75720
locked,bank_marketing,static_weighted_ensemble,random_feature_deletion,primary,accuracy,higher_is_better,0.8898879303988794,0.0|0.05|0.1|0.2|0.4|0.6|0.8|1.0,ddb2afa66914e58e6b73a3b537bcdf72b7b2de03f0072717e6cfc36bea1c16eb
locked,bank_marketing,static_weighted_ensemble,random_feature_deletion,primary,f1,higher_is_better,0.2448771804404676,0.0|0.05|0.1|0.2|0.4|0.6|0.8|1.0,40ee4c50195f5cf08da9f3251d025767d83da356a33fc67a33f371b3cc751cb2
locked,bank_marketing,static_weighted_ensemble,random_feature_deletion,primary,unsafe_acceptance_rate,lower_is_better,0.01727413159652639,0.0|0.05|0.1|0.2|0.4|0.6|0.8|1.0,caff2f96d825509992815c26f8076f754f478a12b6e964ee16c730b95700c1f9
locked,bank_marketing,static_weighted_ensemble,random_feature_deletion,primary,technical_failure_rate,lower_is_better,0.0,0.0|0.05|0.1|0.2|0.4|0.6|0.8|1.0,3507301e9cd1f6f1a3be7a4198794615cade02b6a1bdccaf70e80962454bd447
locked,bank_marketing,static_weighted_ensemble,random_feature_deletion,primary,rejection_rate,context_dependent,0.9625967706259678,0.0|0.05|0.1|0.2|0.4|0.6|0.8|1.0,48582209cc7d24fce830473746c127e1c3c3b7964f0d4540c90038bcb81f5e19
locked,bank_marketing,static_weighted_ensemble,random_feature_deletion,shadow,accuracy,higher_is_better,0.8941191108161911,0.0|0.05|0.1|0.2|0.4|0.6|0.8|1.0,09caea43c9a022b9e546b91c34c7c38df9d07916d57c195ade28cc2a9cf7431f
locked,bank_marketing,static_weighted_ensemble,random_feature_deletion,shadow,f1,higher_is_better,0.37714230673233806,0.0|0.05|0.1|0.2|0.4|0.6|0.8|1.0,23a03922a32abde72b70fdfa009e7f29c635ab6f905be832361b7a1ee5489707
locked,bank_marketing,static_weighted_ensemble,random_feature_deletion,shadow,unsafe_acceptance_rate,lower_is_better,0.027451778557114233,0.0|0.05|0.1|0.2|0.4|0.6|0.8|1.0,4392bc882bb63932172925cd99fad3179bc659017910c2e1e45a3541d2b6dbdc
locked,bank_marketing,static_weighted_ensemble,random_feature_deletion,shadow,technical_failure_rate,lower_is_better,0.0,0.0|0.05|0.1|0.2|0.4|0.6|0.8|1.0,0eac5fb71a80351ab7d17fcf336d5da3765a58cf92ba8f352a9f545fe7ea82e4
locked,bank_marketing,static_weighted_ensemble,random_feature_deletion,shadow,rejection_rate,context_dependent,0.9403920592789206,0.0|0.05|0.1|0.2|0.4|0.6|0.8|1.0,c0a98fa59a81211e81ad5e2ed3ae2822862ff8297e24fbc5d29d165b9d1d2871
audit,bank_marketing,static_weighted_ensemble,specialist_failure,audit,accuracy,higher_is_better,0.6697787610619469,0.0|0.05|0.1|0.2|0.4|0.6|0.8|1.0,3e1e5d1f64998f375a9ff9cc4f22479205d5f82877c5efaa8fc01252d09a36f7
audit,bank_marketing,static_weighted_ensemble,specialist_failure,audit,f1,higher_is_better,0.44481572111270407,0.0|0.05|0.1|0.2|0.4|0.6|0.8|1.0,a635cc43ef81206ae5d61238c502050c4861e02a22348ac4db4bd9b98585206d
audit,bank_marketing,static_weighted_ensemble,specialist_failure,audit,unsafe_acceptance_rate,lower_is_better,0.3258016032064128,0.0|0.05|0.1|0.2|0.4|0.6|0.8|1.0,29cc27e9565b5f39418238a759f900fe0c37b786750b632bb65089e7c9b8a192
audit,bank_marketing,static_weighted_ensemble,specialist_failure,audit,technical_failure_rate,lower_is_better,0.0,0.0|0.05|0.1|0.2|0.4|0.6|0.8|1.0,44b5b68c8fc19fbbe871712cc0af0081c0f3e6aa2c0639dcf4da29281c692a9e
audit,bank_marketing,static_weighted_ensemble,specialist_failure,audit,rejection_rate,context_dependent,0.6379203539823008,0.0|0.05|0.1|0.2|0.4|0.6|0.8|1.0,2456666c5dda21b92dcf709a62a2f4ab37e1334b8cbe44cabaf607e90ecf4523
audit,bank_marketing,static_weighted_ensemble,specialist_failure,shadow,accuracy,higher_is_better,0.6697787610619469,0.0|0.05|0.1|0.2|0.4|0.6|0.8|1.0,5c611ba1ecdbd44ff5828f78da181d2381b39a83b7d24e86e8fa13c301b99b58
audit,bank_marketing,static_weighted_ensemble,specialist_failure,shadow,f1,higher_is_better,0.44481572111270407,0.0|0.05|0.1|0.2|0.4|0.6|0.8|1.0,193903ab2487949f44d7ac92fc0f1da3fa0e59487293d03a9574251514d6f1e0
audit,bank_marketing,static_weighted_ensemble,specialist_failure,shadow,unsafe_acceptance_rate,lower_is_better,0.3258016032064128,0.0|0.05|0.1|0.2|0.4|0.6|0.8|1.0,f14615e773409944a893cac51395af449d1f8bc98b2549424340af6797100d32
audit,bank_marketing,static_weighted_ensemble,specialist_failure,shadow,technical_failure_rate,lower_is_better,0.0,0.0|0.05|0.1|0.2|0.4|0.6|0.8|1.0,0a9ae01e5c34530f8512612e12b592b0bc979c2120dfc7281907624c8bc07ba3
audit,bank_marketing,static_weighted_ensemble,specialist_failure,shadow,rejection_rate,context_dependent,0.6379203539823008,0.0|0.05|0.1|0.2|0.4|0.6|0.8|1.0,1273fb28bc78a8dfc33cb7d3f5d9a855760f19acdd6584d82473301f5c73cec2
locked,bank_marketing,static_weighted_ensemble,specialist_failure,primary,accuracy,higher_is_better,0.6692324706923247,0.0|0.05|0.1|0.2|0.4|0.6|0.8|1.0,f2ad65e29acf548c1da824e2290040ca2bcd2ccb9b38fe81de55896e7801c5e1
locked,bank_marketing,static_weighted_ensemble,specialist_failure,primary,f1,higher_is_better,0.4284438913356966,0.0|0.05|0.1|0.2|0.4|0.6|0.8|1.0,6f2d867de723f5a975a4f9a657453e49c6c1d62b27bbbd71644ad532f8ac7b02
locked,bank_marketing,static_weighted_ensemble,specialist_failure,primary,unsafe_acceptance_rate,lower_is_better,0.32272044088176355,0.0|0.05|0.1|0.2|0.4|0.6|0.8|1.0,04028ad12b1097edbcc2cdc590fdc198cbb14bf74c91f8e9c44ac78b6cc9c56e
locked,bank_marketing,static_weighted_ensemble,specialist_failure,primary,technical_failure_rate,lower_is_better,0.0,0.0|0.05|0.1|0.2|0.4|0.6|0.8|1.0,a254cf88cea25e7ab95f27d740ab9c0ac97c59db9dd86cf3388bc72106623331
locked,bank_marketing,static_weighted_ensemble,specialist_failure,primary,rejection_rate,context_dependent,0.6438398584383986,0.0|0.05|0.1|0.2|0.4|0.6|0.8|1.0,c3b0adacfa1e04e4ff98347656eaa0a2beee6661a185262e358d1dbbe6ab4cff
locked,bank_marketing,static_weighted_ensemble,specialist_failure,shadow,accuracy,higher_is_better,0.6692324706923247,0.0|0.05|0.1|0.2|0.4|0.6|0.8|1.0,2e2e6b788b90ce4c5fbc163e6e3849ba08ad25406a230ccd1e0fe01956fc5f3a
locked,bank_marketing,static_weighted_ensemble,specialist_failure,shadow,f1,higher_is_better,0.4284438913356966,0.0|0.05|0.1|0.2|0.4|0.6|0.8|1.0,72c921a4ef8d8e7273e92cce0446253710dc2cbb88ac8926779ac76487cafeb0
locked,bank_marketing,static_weighted_ensemble,specialist_failure,shadow,unsafe_acceptance_rate,lower_is_better,0.32272044088176355,0.0|0.05|0.1|0.2|0.4|0.6|0.8|1.0,830eec8234bdf64b657f1f63a2871c1e9d54538e4f8d10debd7f0778fa3d3d7b
locked,bank_marketing,static_weighted_ensemble,specialist_failure,shadow,technical_failure_rate,lower_is_better,0.0,0.0|0.05|0.1|0.2|0.4|0.6|0.8|1.0,98edaf96ab7fe49f614b77f98beb448661f26aa39729f605236157627aa31124
locked,bank_marketing,static_weighted_ensemble,specialist_failure,shadow,rejection_rate,context_dependent,0.6438398584383986,0.0|0.05|0.1|0.2|0.4|0.6|0.8|1.0,ba7f4d61e10a022a9af1bc0fb6a4cd14a16cab926b5ca5a77eb14d6c2c8775f1
audit,bank_marketing,static_weighted_ensemble,synthetic_sensor_failure,audit,accuracy,higher_is_better,0.8886393805309735,0.0|0.05|0.1|0.2|0.4|0.6|0.8|1.0,73a7ce0a53e7e3626b1d26597a2f263934c2c5d606699dda7ddde075e940b637
audit,bank_marketing,static_weighted_ensemble,synthetic_sensor_failure,audit,f1,higher_is_better,0.24035205915507826,0.0|0.05|0.1|0.2|0.4|0.6|0.8|1.0,f745aa54da274f9f5e05a0d16a5ff5a20338233291973dfb1e0429f54b013af4
audit,bank_marketing,static_weighted_ensemble,synthetic_sensor_failure,audit,unsafe_acceptance_rate,lower_is_better,0.017246993987975953,0.0|0.05|0.1|0.2|0.4|0.6|0.8|1.0,1157d2bf8a030035a15f55c635eba1f8b44b8fc03b196697b049a235d9529c11
audit,bank_marketing,static_weighted_ensemble,synthetic_sensor_failure,audit,technical_failure_rate,lower_is_better,0.0,0.0|0.05|0.1|0.2|0.4|0.6|0.8|1.0,248688b6539d5f60259750f3838942251a97e7be65c3c3ebebb932463b609695
audit,bank_marketing,static_weighted_ensemble,synthetic_sensor_failure,audit,rejection_rate,context_dependent,0.9640818584070796,0.0|0.05|0.1|0.2|0.4|0.6|0.8|1.0,e4bcbe822ee098b06dbaa690113b98ea518728a37582780fbcb2b3eecaa06c28
audit,bank_marketing,static_weighted_ensemble,synthetic_sensor_failure,shadow,accuracy,higher_is_better,0.8886393805309735,0.0|0.05|0.1|0.2|0.4|0.6|0.8|1.0,06d90bcf23c8e628a0c9806f35d2ea6591759508e2c0bb080ed952e25a5010d3
audit,bank_marketing,static_weighted_ensemble,synthetic_sensor_failure,shadow,f1,higher_is_better,0.24035205915507826,0.0|0.05|0.1|0.2|0.4|0.6|0.8|1.0,5843cdc4e9c7963d7e0d951b9e523241bf1940bce1f489cd50ab39635ddc4ccb
audit,bank_marketing,static_weighted_ensemble,synthetic_sensor_failure,shadow,unsafe_acceptance_rate,lower_is_better,0.017246993987975953,0.0|0.05|0.1|0.2|0.4|0.6|0.8|1.0,3821946e408e5981fe2588dcce296c5cce5ba7e48014f60fe0ccad645162a615
audit,bank_marketing,static_weighted_ensemble,synthetic_sensor_failure,shadow,technical_failure_rate,lower_is_better,0.0,0.0|0.05|0.1|0.2|0.4|0.6|0.8|1.0,168a9e73d23a042f3b61ad1d1b043cc883195e13bf5d479704261b97679c4b18
audit,bank_marketing,static_weighted_ensemble,synthetic_sensor_failure,shadow,rejection_rate,context_dependent,0.9640818584070796,0.0|0.05|0.1|0.2|0.4|0.6|0.8|1.0,718027c73e059be35ae78401fdc20d7080f20ca2e9efa7bd9cb75f3d934c7034
locked,bank_marketing,static_weighted_ensemble,synthetic_sensor_failure,primary,accuracy,higher_is_better,0.8881884538818846,0.0|0.05|0.1|0.2|0.4|0.6|0.8|1.0,537e8325a2538472b62847d03b5888e78407adcda605128fa7f0a98357b624b4
locked,bank_marketing,static_weighted_ensemble,synthetic_sensor_failure,primary,f1,higher_is_better,0.2191666611692175,0.0|0.05|0.1|0.2|0.4|0.6|0.8|1.0,e4a635ad2e1dc46d44d6345d8934e0825a6932418ae0e2d62b05fe5c09fc2642
locked,bank_marketing,static_weighted_ensemble,synthetic_sensor_failure,primary,unsafe_acceptance_rate,lower_is_better,0.01441007014028056,0.0|0.05|0.1|0.2|0.4|0.6|0.8|1.0,578449821b5d951a82be4ae2f5ca094c255fd60f85304fb8c6e106978c68becc
locked,bank_marketing,static_weighted_ensemble,synthetic_sensor_failure,primary,technical_failure_rate,lower_is_better,0.0,0.0|0.05|0.1|0.2|0.4|0.6|0.8|1.0,f2c9c67cb5acf9b64b3c8e54c0793b59b137d61d43e5fcfd49a3ec7c29f4a11a
locked,bank_marketing,static_weighted_ensemble,synthetic_sensor_failure,primary,rejection_rate,context_dependent,0.9693541251935412,0.0|0.05|0.1|0.2|0.4|0.6|0.8|1.0,02aa801ed30d6c110c48f03945c4c33794c4cd22ea03493b78638640470cc7b7
locked,bank_marketing,static_weighted_ensemble,synthetic_sensor_failure,shadow,accuracy,higher_is_better,0.8881884538818846,0.0|0.05|0.1|0.2|0.4|0.6|0.8|1.0,5875b0ddf76939b24aac4ae7431f6154e6ca776db3a1fdd9661fa6614db5b58a
locked,bank_marketing,static_weighted_ensemble,synthetic_sensor_failure,shadow,f1,higher_is_better,0.2191666611692175,0.0|0.05|0.1|0.2|0.4|0.6|0.8|1.0,a037e5ee3027e0378f85b53a83e19e69df8d5fc414cc029994a3c92852bb23f5
locked,bank_marketing,static_weighted_ensemble,synthetic_sensor_failure,shadow,unsafe_acceptance_rate,lower_is_better,0.01441007014028056,0.0|0.05|0.1|0.2|0.4|0.6|0.8|1.0,f7c1501a1bbaea2b6b6e7165ec4eb09219268e81eda84804619593443f1aebb1
locked,bank_marketing,static_weighted_ensemble,synthetic_sensor_failure,shadow,technical_failure_rate,lower_is_better,0.0,0.0|0.05|0.1|0.2|0.4|0.6|0.8|1.0,b9105894fc8d4daedb727d08e64c250959dbe7fc2d13b8d54efbbf57007fc166
locked,bank_marketing,static_weighted_ensemble,synthetic_sensor_failure,shadow,rejection_rate,context_dependent,0.9693541251935412,0.0|0.05|0.1|0.2|0.4|0.6|0.8|1.0,00fe57e0ad5699ee463396e3bb84361119a59a0ecae6eaa6a0af3f11516b9229
audit,bank_marketing,veto_mavs,adversarial_confidence_inflation,audit,accuracy,higher_is_better,0.8947713864306784,0.0|0.05|0.1|0.2|0.4|0.6|0.8|1.0,89562a457353799f43ef2daa2537e32c40b75e97cc8fed7bf5f0b4ab5af0d927
audit,bank_marketing,veto_mavs,adversarial_confidence_inflation,audit,f1,higher_is_better,0.47830320111303465,0.0|0.05|0.1|0.2|0.4|0.6|0.8|1.0,ac09669775bdc038bfc09868d5c751a06dd8c37c52e94d5a1154c590971b7e35
audit,bank_marketing,veto_mavs,adversarial_confidence_inflation,audit,unsafe_acceptance_rate,lower_is_better,0.04145791583166333,0.0|0.05|0.1|0.2|0.4|0.6|0.8|1.0,71439b408cf789456b6ce4881db049d221f37690fb7feb9df880ea627c57aae1
audit,bank_marketing,veto_mavs,adversarial_confidence_inflation,audit,technical_failure_rate,lower_is_better,0.0,0.0|0.05|0.1|0.2|0.4|0.6|0.8|1.0,26c06f1ddc482f73c4e9ba9dda6e28f449f2b5ad6ceae3bdc2e0b7c8a3d497c7
audit,bank_marketing,veto_mavs,adversarial_confidence_inflation,audit,rejection_rate,context_dependent,0.9151843657817109,0.0|0.05|0.1|0.2|0.4|0.6|0.8|1.0,c88475ee059a35dcca8fe26117ab5341698ac6c903dc02a3361fe0c1a2a26461
audit,bank_marketing,veto_mavs,adversarial_confidence_inflation,shadow,accuracy,higher_is_better,0.894557522123894,0.0|0.05|0.1|0.2|0.4|0.6|0.8|1.0,991eb16015a0d92d0538b626764ac13c56382a8b890b60b37dac34e194b5601f
audit,bank_marketing,veto_mavs,adversarial_confidence_inflation,shadow,f1,higher_is_better,0.4776827541489918,0.0|0.05|0.1|0.2|0.4|0.6|0.8|1.0,01f7bfb959d488672fbb0c585e1e871836e52ed5e68281a42f988a7ee65422cb
audit,bank_marketing,veto_mavs,adversarial_confidence_inflation,shadow,unsafe_acceptance_rate,lower_is_better,0.04167084168336674,0.0|0.05|0.1|0.2|0.4|0.6|0.8|1.0,935bdb3fd75294c9a4f4821f4e948b9c2ae655e319458c1f83dc6d385928cc70
audit,bank_marketing,veto_mavs,adversarial_confidence_inflation,shadow,technical_failure_rate,lower_is_better,0.0,0.0|0.05|0.1|0.2|0.4|0.6|0.8|1.0,ee9b2a7e1d33832913c79a27ffeb296b6df5eea1e865020407fa2df6d06b51c0
audit,bank_marketing,veto_mavs,adversarial_confidence_inflation,shadow,rejection_rate,context_dependent,0.9150221238938053,0.0|0.05|0.1|0.2|0.4|0.6|0.8|1.0,0391edf6a5c50b40a700331a9ea46e7018dda1d2caa2542a4842fecc9a2e1f66
locked,bank_marketing,veto_mavs,adversarial_confidence_inflation,primary,accuracy,higher_is_better,0.8909680749096807,0.0|0.05|0.1|0.2|0.4|0.6|0.8|1.0,e84296a8c4748eef1fa30ef3ad4abe13687b576d81d70289ba7cac7385fe5f65
locked,bank_marketing,veto_mavs,adversarial_confidence_inflation,primary,f1,higher_is_better,0.44601722159708435,0.0|0.05|0.1|0.2|0.4|0.6|0.8|1.0,94ebba96fba11b2228d981bfd6566d0861c887c5de6a46eae8c8fd5292078f8a
locked,bank_marketing,veto_mavs,adversarial_confidence_inflation,primary,unsafe_acceptance_rate,lower_is_better,0.04058533734134937,0.0|0.05|0.1|0.2|0.4|0.6|0.8|1.0,a70359b7ffaace160809806a14365bbdd8f724825fc61c5fa440a3f3a75f849c
locked,bank_marketing,veto_mavs,adversarial_confidence_inflation,primary,technical_failure_rate,lower_is_better,0.0,0.0|0.05|0.1|0.2|0.4|0.6|0.8|1.0,dc855b485806d90f21cd5fd88b1ae867d1714672ea19de49cd8f5a049833672f
locked,bank_marketing,veto_mavs,adversarial_confidence_inflation,primary,rejection_rate,context_dependent,0.9203494802034948,0.0|0.05|0.1|0.2|0.4|0.6|0.8|1.0,232ea2354b253cdb60e1c22e6aa53bda99d80461336123699f75b334cf504065
locked,bank_marketing,veto_mavs,adversarial_confidence_inflation,shadow,accuracy,higher_is_better,0.8905994249059943,0.0|0.05|0.1|0.2|0.4|0.6|0.8|1.0,777b1fdc61213547f3375281a2013cd85dc8a805242b4b7f94fff4ea8e0c318c
locked,bank_marketing,veto_mavs,adversarial_confidence_inflation,shadow,f1,higher_is_better,0.4418093234616888,0.0|0.05|0.1|0.2|0.4|0.6|0.8|1.0,e3f2b65a42680e6e6515b2aa7045b99d3fcd8e3729f554fabcc5bcd1b9c33d99
locked,bank_marketing,veto_mavs,adversarial_confidence_inflation,shadow,unsafe_acceptance_rate,lower_is_better,0.040349448897795584,0.0|0.05|0.1|0.2|0.4|0.6|0.8|1.0,4d61adba705052ccf0e6604728873953f1839e124412cd7aa6838478195fd0f4
locked,bank_marketing,veto_mavs,adversarial_confidence_inflation,shadow,technical_failure_rate,lower_is_better,0.0,0.0|0.05|0.1|0.2|0.4|0.6|0.8|1.0,8726bb916f762c1225f595d8fe3f899aaa1d25f6a84b88b7e0c4d536e3b437e5
locked,bank_marketing,veto_mavs,adversarial_confidence_inflation,shadow,rejection_rate,context_dependent,0.9211347047113471,0.0|0.05|0.1|0.2|0.4|0.6|0.8|1.0,7570a7fd92dc80e87ceca470c4866dcd06dc797f6c838efb1ed47ad2ecfe6be3
audit,bank_marketing,veto_mavs,confidence_distortion,audit,accuracy,higher_is_better,0.9070796460176991,0.0|0.05|0.1|0.2|0.4|0.6|0.8|1.0,7c1a1d52414e2c9843cb54e644a8115d946c2707603e6faab384ff3b47fe23fa
audit,bank_marketing,veto_mavs,confidence_distortion,audit,f1,higher_is_better,0.5374449339207048,0.0|0.05|0.1|0.2|0.4|0.6|0.8|1.0,4abb8cc0f2053a398eb8e78fcc25e28b9aa1aa3cdb8a2066ba859ce740df9d25
audit,bank_marketing,veto_mavs,confidence_distortion,audit,unsafe_acceptance_rate,lower_is_better,0.03406813627254509,0.0|0.05|0.1|0.2|0.4|0.6|0.8|1.0,e8eb8e0f6654e88442c954d9f0f21253a71de2136f70dbed429bc57063062eff
audit,bank_marketing,veto_mavs,confidence_distortion,audit,technical_failure_rate,lower_is_better,0.0,0.0|0.05|0.1|0.2|0.4|0.6|0.8|1.0,e62b0bf43e2ba4a71fb6e90eb022ef450a9795e967c98cd32bc0972ef6e58840
audit,bank_marketing,veto_mavs,confidence_distortion,audit,rejection_rate,context_dependent,0.915929203539823,0.0|0.05|0.1|0.2|0.4|0.6|0.8|1.0,997d82db764d830b5fcec113e667a4d76657f95605b513f95e8eaa59df0a8bad
audit,bank_marketing,veto_mavs,confidence_distortion,shadow,accuracy,higher_is_better,0.9070796460176991,0.0|0.05|0.1|0.2|0.4|0.6|0.8|1.0,dd796db3ae0ffdd30af07e6e9409d899a7abbfa3fe38dc72de0b5069a0d1674e
audit,bank_marketing,veto_mavs,confidence_distortion,shadow,f1,higher_is_better,0.5374449339207048,0.0|0.05|0.1|0.2|0.4|0.6|0.8|1.0,2857586373b19af6b6071b750152e2a0c153d025ef485c8aff6c006bb8000332
audit,bank_marketing,veto_mavs,confidence_distortion,shadow,unsafe_acceptance_rate,lower_is_better,0.03406813627254509,0.0|0.05|0.1|0.2|0.4|0.6|0.8|1.0,b5175b6ba870272be541e0ca8ae2446608ef15d8a808396ca64723666fd66fda
audit,bank_marketing,veto_mavs,confidence_distortion,shadow,technical_failure_rate,lower_is_better,0.0,0.0|0.05|0.1|0.2|0.4|0.6|0.8|1.0,260643be250638d9729bdcf43a854aa4058bea5fc6fa199d1df1c789a0a16b8c
audit,bank_marketing,veto_mavs,confidence_distortion,shadow,rejection_rate,context_dependent,0.915929203539823,0.0|0.05|0.1|0.2|0.4|0.6|0.8|1.0,fa833d9c5827c519ae96bf7e8c83e71ec0ee5e5811855a6c35319685064e852c
locked,bank_marketing,veto_mavs,confidence_distortion,primary,accuracy,higher_is_better,0.9080015483300155,0.0|0.05|0.1|0.2|0.4|0.6|0.8|1.0,bd40748ba551c4a79303a1422f0a8d3b27c56a6816f7b787e224c9e55ab0c986
locked,bank_marketing,veto_mavs,confidence_distortion,primary,f1,higher_is_better,0.527398101331132,0.0|0.05|0.1|0.2|0.4|0.6|0.8|1.0,acd88372265579efb11f795806a6592b87ab6647a01d1fab15f398c73811c6f9
locked,bank_marketing,veto_mavs,confidence_distortion,primary,unsafe_acceptance_rate,lower_is_better,0.02980961923847695,0.0|0.05|0.1|0.2|0.4|0.6|0.8|1.0,6096e58a6894a0bfb7e1577c8c5bb3920ef2f814e7d9922953b8f3ad14dee4c6
locked,bank_marketing,veto_mavs,confidence_distortion,primary,technical_failure_rate,lower_is_better,0.0,0.0|0.05|0.1|0.2|0.4|0.6|0.8|1.0,2122460705275ef9d4469dc48693cff89e8904428e47b7976f0db67110614ffb
locked,bank_marketing,veto_mavs,confidence_distortion,primary,rejection_rate,context_dependent,0.9223457199734572,0.0|0.05|0.1|0.2|0.4|0.6|0.8|1.0,a50f1b861a897d0a0a656fce7d3aaf1f9590f8f88dc2666c9f1e5e5d951a3867
locked,bank_marketing,veto_mavs,confidence_distortion,shadow,accuracy,higher_is_better,0.9080015483300155,0.0|0.05|0.1|0.2|0.4|0.6|0.8|1.0,78dc8db7bc9f09177eb6edbdf8a8702c19945ba80bdaebb0fad4c4e029a04199
locked,bank_marketing,veto_mavs,confidence_distortion,shadow,f1,higher_is_better,0.527398101331132,0.0|0.05|0.1|0.2|0.4|0.6|0.8|1.0,79dcd260cd1ea211edf89181af6350ae3f0109a0c879cc8d341498ca3f4c4b7c
locked,bank_marketing,veto_mavs,confidence_distortion,shadow,unsafe_acceptance_rate,lower_is_better,0.02980961923847695,0.0|0.05|0.1|0.2|0.4|0.6|0.8|1.0,93ca392379247325098f29ca474750bbc72d5341e6e05067c91416dda3176063
locked,bank_marketing,veto_mavs,confidence_distortion,shadow,technical_failure_rate,lower_is_better,0.0,0.0|0.05|0.1|0.2|0.4|0.6|0.8|1.0,bbe78505a73eb8a01b6f0f1856a40633bf88ac8f79df61023a436de33d0af402
locked,bank_marketing,veto_mavs,confidence_distortion,shadow,rejection_rate,context_dependent,0.9223457199734572,0.0|0.05|0.1|0.2|0.4|0.6|0.8|1.0,93af45cea5b3b36c936637f73f714ac27dac03a41c6109d100a9abd38022641d
audit,bank_marketing,veto_mavs,distribution_shift,audit,accuracy,higher_is_better,0.8796791024899552,0.0|0.05|0.1|0.2|0.4|0.6|0.8|1.0,b5a98432ed5f7fa7a7da5701146c3ab559986b3f540b574988049a4df4b337b9
audit,bank_marketing,veto_mavs,distribution_shift,audit,f1,higher_is_better,0.5732683101994296,0.0|0.05|0.1|0.2|0.4|0.6|0.8|1.0,b545e139f3b1fb016a79017e94b7dfa7cc37a0e965b4366691b09beb0bc4a98a
audit,bank_marketing,veto_mavs,distribution_shift,audit,unsafe_acceptance_rate,lower_is_better,0.05503974932230387,0.0|0.05|0.1|0.2|0.4|0.6|0.8|1.0,641d1966bbfaccd418bba77d37dac84c812fdf4d8bdcdc99496171b771d98f62
audit,bank_marketing,veto_mavs,distribution_shift,audit,technical_failure_rate,lower_is_better,0.0,0.0|0.05|0.1|0.2|0.4|0.6|0.8|1.0,5192ef77f2dc7c6cdb21951b1a542990906da0a3f6c02e3cbefd51c858adcda9
audit,bank_marketing,veto_mavs,distribution_shift,audit,rejection_rate,context_dependent,0.8713006863140004,0.0|0.05|0.1|0.2|0.4|0.6|0.8|1.0,23d13b1d2c9d5a9aa66f3d9626a034db3ffaf3efdac4f86d5fa825f4d64ab5ee
audit,bank_marketing,veto_mavs,distribution_shift,shadow,accuracy,higher_is_better,0.8796791024899552,0.0|0.05|0.1|0.2|0.4|0.6|0.8|1.0,1327b82ba1f2dfef8fd21add5c1c3bf48c0951b8e5e50ae47686a3459f9f27c0
audit,bank_marketing,veto_mavs,distribution_shift,shadow,f1,higher_is_better,0.5732683101994296,0.0|0.05|0.1|0.2|0.4|0.6|0.8|1.0,0711ad153530f28be32a6146ea9d3f59503f80b49b11782329c85d61124b25ba
audit,bank_marketing,veto_mavs,distribution_shift,shadow,unsafe_acceptance_rate,lower_is_better,0.05503974932230387,0.0|0.05|0.1|0.2|0.4|0.6|0.8|1.0,9cb13258794cf1cc89a4fa802ceefd3b2acac339259619e0a1c2f2e757b04cee
audit,bank_marketing,veto_mavs,distribution_shift,shadow,technical_failure_rate,lower_is_better,0.0,0.0|0.05|0.1|0.2|0.4|0.6|0.8|1.0,1e2aaed4f0769e1b93aac8930e23045a55a4fb990b1e4b086d78b8c6bc58a3d1
audit,bank_marketing,veto_mavs,distribution_shift,shadow,rejection_rate,context_dependent,0.8713006863140004,0.0|0.05|0.1|0.2|0.4|0.6|0.8|1.0,5eba4b4535d25eeb1fd856d596627c9bdc097a4b1251d92dec47fb61f18bf4c9
locked,bank_marketing,veto_mavs,distribution_shift,primary,accuracy,higher_is_better,0.8822922848926651,0.0|0.05|0.1|0.2|0.4|0.6|0.8|1.0,d9a97bb79a11da116cc2342eef3d1cf76f473cff0809f61dcd4878753f067273
locked,bank_marketing,veto_mavs,distribution_shift,primary,f1,higher_is_better,0.5660747667712471,0.0|0.05|0.1|0.2|0.4|0.6|0.8|1.0,dd4ce99764c7f3decf7961ee2b191cd6070b205943330f092e818dfc466d2bfe
locked,bank_marketing,veto_mavs,distribution_shift,primary,unsafe_acceptance_rate,lower_is_better,0.0486718766735844,0.0|0.05|0.1|0.2|0.4|0.6|0.8|1.0,f133b30f41ed968b9808b5654c4bcc8b3b8ada506851b204c65bcd3bfd22dbdf
locked,bank_marketing,veto_mavs,distribution_shift,primary,technical_failure_rate,lower_is_better,0.0,0.0|0.05|0.1|0.2|0.4|0.6|0.8|1.0,07aaa8e649ff868e9d01d8a0f653f8ea68dea2f9cbe818761d9552fd9788f40f
locked,bank_marketing,veto_mavs,distribution_shift,primary,rejection_rate,context_dependent,0.8808741535329861,0.0|0.05|0.1|0.2|0.4|0.6|0.8|1.0,4b1690758127b3165523b52847552afaa786458abd7f55251cc7cdf56939ad35
locked,bank_marketing,veto_mavs,distribution_shift,shadow,accuracy,higher_is_better,0.8822922848926651,0.0|0.05|0.1|0.2|0.4|0.6|0.8|1.0,6edb4b446b286260bfc40ffcd082c009eaaafcfd8b1e690b7931605c21380244
locked,bank_marketing,veto_mavs,distribution_shift,shadow,f1,higher_is_better,0.5660747667712471,0.0|0.05|0.1|0.2|0.4|0.6|0.8|1.0,d1e0d8762371d684a8fe38ed3305264cfbc60efd8b7fbc3601b0dae15648ca15
locked,bank_marketing,veto_mavs,distribution_shift,shadow,unsafe_acceptance_rate,lower_is_better,0.0486718766735844,0.0|0.05|0.1|0.2|0.4|0.6|0.8|1.0,09885bfdc116039ebaf69fa55017a4e95626ae1fcb8a26dcf31f720bcd5441c1
locked,bank_marketing,veto_mavs,distribution_shift,shadow,technical_failure_rate,lower_is_better,0.0,0.0|0.05|0.1|0.2|0.4|0.6|0.8|1.0,894b407ab4297e09539f9aba046884c10757d30c5b1bfa64bc9cf0bfe8d1face
locked,bank_marketing,veto_mavs,distribution_shift,shadow,rejection_rate,context_dependent,0.8808741535329861,0.0|0.05|0.1|0.2|0.4|0.6|0.8|1.0,3fa9e4ad96e2a0a5ea2887ce79208201b95299f18c0c538346472c6d4b316733
audit,bank_marketing,veto_mavs,feature_noise,audit,accuracy,higher_is_better,0.8952765486725665,0.0|0.05|0.1|0.2|0.4|0.6|0.8|1.0,2612b303ca8fd3bd6ccaa90bd394751c4ac77df22e14c74b05fccb180f97c849
audit,bank_marketing,veto_mavs,feature_noise,audit,f1,higher_is_better,0.4866684431618767,0.0|0.05|0.1|0.2|0.4|0.6|0.8|1.0,6ff4d064917b4dce51a22949ee8d5a988fb0ffbe461e3a61d32484885d56d04e
audit,bank_marketing,veto_mavs,feature_noise,audit,unsafe_acceptance_rate,lower_is_better,0.04239311957247829,0.0|0.05|0.1|0.2|0.4|0.6|0.8|1.0,9422dc696585260c164581ba4838c335fcc2d2314b91c8b64974b7970a204c67
audit,bank_marketing,veto_mavs,feature_noise,audit,technical_failure_rate,lower_is_better,0.0,0.0|0.05|0.1|0.2|0.4|0.6|0.8|1.0,8c928f82a364a9e58dd8454446ff04191301a365a83ac7f12018ad494ac01ca3
audit,bank_marketing,veto_mavs,feature_noise,audit,rejection_rate,context_dependent,0.9130272861356932,0.0|0.05|0.1|0.2|0.4|0.6|0.8|1.0,ec389240bfc3cd847a02a173c61016ced25b0054df2fd422766208a37b193249
audit,bank_marketing,veto_mavs,feature_noise,shadow,accuracy,higher_is_better,0.8933960176991151,0.0|0.05|0.1|0.2|0.4|0.6|0.8|1.0,eaeb9d646d18b028010a4716dc83688934a755cf43599e69acc29b06bc2e522c
audit,bank_marketing,veto_mavs,feature_noise,shadow,f1,higher_is_better,0.48046287807281696,0.0|0.05|0.1|0.2|0.4|0.6|0.8|1.0,10e775fc3a6e7c17cd8572ec8556cc793fccdcb7a70a77b952abc020c2c12c0e
audit,bank_marketing,veto_mavs,feature_noise,shadow,unsafe_acceptance_rate,lower_is_better,0.04407565130260521,0.0|0.05|0.1|0.2|0.4|0.6|0.8|1.0,d2324e48912b64c00945c6a3fcf0e1d4a31815fdac18e29d4bd7ed2231bb63ea
audit,bank_marketing,veto_mavs,feature_noise,shadow,technical_failure_rate,lower_is_better,0.0,0.0|0.05|0.1|0.2|0.4|0.6|0.8|1.0,c1e396679b2b1c6ad0bbfb97f3ebd6d075287f9e59110a620ed2ebd7873927ba
audit,bank_marketing,veto_mavs,feature_noise,shadow,rejection_rate,context_dependent,0.9119358407079647,0.0|0.05|0.1|0.2|0.4|0.6|0.8|1.0,d8a5fcb2fb1b75b10d09579b7137e0ad2508cce1e247e1714c7ad6b2ead35627
locked,bank_marketing,veto_mavs,feature_noise,primary,accuracy,higher_is_better,0.8959669689596697,0.0|0.05|0.1|0.2|0.4|0.6|0.8|1.0,03a6a56e6061cc90b6ecdd5987e941c0eeca9ab965801fb4dbcd43b1811242f3
locked,bank_marketing,veto_mavs,feature_noise,primary,f1,higher_is_better,0.4756603955763792,0.0|0.05|0.1|0.2|0.4|0.6|0.8|1.0,5be1ffdd7d2508408554b2df41b3189dc2bdc0e56704f6511e83e5a2b3b68af4
locked,bank_marketing,veto_mavs,feature_noise,primary,unsafe_acceptance_rate,lower_is_better,0.0385750668002672,0.0|0.05|0.1|0.2|0.4|0.6|0.8|1.0,a73916afd7d2f75d281d08e4e955d8b7147f464018feefaa0d3f34a6e260feec
locked,bank_marketing,veto_mavs,feature_noise,primary,technical_failure_rate,lower_is_better,0.0,0.0|0.05|0.1|0.2|0.4|0.6|0.8|1.0,a9be3858481674b4e4dd16dd3bf21813d3c31ef319b1c590b381d3ac7572850d
locked,bank_marketing,veto_mavs,feature_noise,primary,rejection_rate,context_dependent,0.9189006856890068,0.0|0.05|0.1|0.2|0.4|0.6|0.8|1.0,33d2b7c1a3eaa2e260971fb1e7cb35eb1e775533c5e14514abdc4207c88d142b
locked,bank_marketing,veto_mavs,feature_noise,shadow,accuracy,higher_is_better,0.8933394160583942,0.0|0.05|0.1|0.2|0.4|0.6|0.8|1.0,8c13f35cd1d348fa8531f6ec96b210ab3b99d49a28ff38d4ca7ef6c1d447d51b
locked,bank_marketing,veto_mavs,feature_noise,shadow,f1,higher_is_better,0.4615846780038133,0.0|0.05|0.1|0.2|0.4|0.6|0.8|1.0,c46c1306e65ee9786c3535099ce492f1e69e3e72230dc60614a2c871a3f9f5c0
locked,bank_marketing,veto_mavs,feature_noise,shadow,unsafe_acceptance_rate,lower_is_better,0.03990480961923847,0.0|0.05|0.1|0.2|0.4|0.6|0.8|1.0,88a265c2688fed00df529ba49ecaa6efddd05ea22d34e19a8de3fc3a965a4719
locked,bank_marketing,veto_mavs,feature_noise,shadow,technical_failure_rate,lower_is_better,0.0,0.0|0.05|0.1|0.2|0.4|0.6|0.8|1.0,d76f4fc0cf132a16dd8540cc9099b98675dbb93c7d93db27f67ac2a93687af6b
locked,bank_marketing,veto_mavs,feature_noise,shadow,rejection_rate,context_dependent,0.9191799380667994,0.0|0.05|0.1|0.2|0.4|0.6|0.8|1.0,412495df39f48b0e603c94c7afafc7b9324bd918ded5d337d55d8b4eee49950a
audit,bank_marketing,veto_mavs,label_noise,audit,accuracy,higher_is_better,0.9070796460176991,0.0|0.05|0.1|0.2|0.4|0.6|0.8|1.0,27f102d80dbff846141d21ea641c6357a9e16787244b6530d5a251e8a0df92b5
audit,bank_marketing,veto_mavs,label_noise,audit,f1,higher_is_better,0.5374449339207048,0.0|0.05|0.1|0.2|0.4|0.6|0.8|1.0,7941ea8ec145c52a152132e913b22878084db4f44b09cd7b60bb08c64c0cfc2b
audit,bank_marketing,veto_mavs,label_noise,audit,unsafe_acceptance_rate,lower_is_better,0.03406813627254509,0.0|0.05|0.1|0.2|0.4|0.6|0.8|1.0,2fcc05dc5143022510ccbbb23ea677eaf255c92c835fa8744250d120b0cc8e51
audit,bank_marketing,veto_mavs,label_noise,audit,technical_failure_rate,lower_is_better,0.0,0.0|0.05|0.1|0.2|0.4|0.6|0.8|1.0,25856fadab9c5b95bdcb3f674d086d48d2bfc23719484cd3f6467912b7f297ec
audit,bank_marketing,veto_mavs,label_noise,audit,rejection_rate,context_dependent,0.915929203539823,0.0|0.05|0.1|0.2|0.4|0.6|0.8|1.0,299b82be86abb37b1b806668a166fff18d501db93bbd1c2db35a9c9d7a61b02a
audit,bank_marketing,veto_mavs,label_noise,shadow,accuracy,higher_is_better,0.9070796460176991,0.0|0.05|0.1|0.2|0.4|0.6|0.8|1.0,64e127cfecca3006408bdcb1c4be577bad51dc45ab62a21da52a2ad6ae068065
audit,bank_marketing,veto_mavs,label_noise,shadow,f1,higher_is_better,0.5374449339207048,0.0|0.05|0.1|0.2|0.4|0.6|0.8|1.0,70f7f264b4a73e13e70b64a5700b7ec8e6888caade9152b17ccb3e68ee4e58ab
audit,bank_marketing,veto_mavs,label_noise,shadow,unsafe_acceptance_rate,lower_is_better,0.03406813627254509,0.0|0.05|0.1|0.2|0.4|0.6|0.8|1.0,fc3a43eee4b64a4a3fbb9f9efd71462f64de2765de61330316b4157d6cf3e37e
audit,bank_marketing,veto_mavs,label_noise,shadow,technical_failure_rate,lower_is_better,0.0,0.0|0.05|0.1|0.2|0.4|0.6|0.8|1.0,130186f0bec2edff757a0ff272ed48609a201f088fc0ffb47e19cbd55d675fce
audit,bank_marketing,veto_mavs,label_noise,shadow,rejection_rate,context_dependent,0.915929203539823,0.0|0.05|0.1|0.2|0.4|0.6|0.8|1.0,a91d06b899f01410aadc2839a8717bfcb47d45e4a2892c691b024305c33a90f2
locked,bank_marketing,veto_mavs,label_noise,primary,accuracy,higher_is_better,0.9082061490820615,0.0|0.05|0.1|0.2|0.4|0.6|0.8|1.0,f896212c2289d26bd4d6dc43efe7915f74c264974260163047bfa362c8c25693
locked,bank_marketing,veto_mavs,label_noise,primary,f1,higher_is_better,0.5289443813847899,0.0|0.05|0.1|0.2|0.4|0.6|0.8|1.0,44cf3959596f74a584140d72e03b452be497ff114af82ac08fa637a771b79c1b
locked,bank_marketing,veto_mavs,label_noise,primary,unsafe_acceptance_rate,lower_is_better,0.02980961923847695,0.0|0.05|0.1|0.2|0.4|0.6|0.8|1.0,ac75db602f91dd02971fff51a6760c7b78e7bf6a5e905006b1ffadb0ed9fabab
locked,bank_marketing,veto_mavs,label_noise,primary,technical_failure_rate,lower_is_better,0.0,0.0|0.05|0.1|0.2|0.4|0.6|0.8|1.0,0a3f0e761593e02a18bde55241a535f96798be292bac517ebc1a8626a732217c
locked,bank_marketing,veto_mavs,label_noise,primary,rejection_rate,context_dependent,0.9221411192214113,0.0|0.05|0.1|0.2|0.4|0.6|0.8|1.0,04d452ce108e582f104690d5f909226f23f44ff2014cdd9017a8b16ea90f6190
locked,bank_marketing,veto_mavs,label_noise,shadow,accuracy,higher_is_better,0.9082061490820615,0.0|0.05|0.1|0.2|0.4|0.6|0.8|1.0,99fbe0134754c50286d67896821b552bf40ebb3c70747c938e173248989a2b27
locked,bank_marketing,veto_mavs,label_noise,shadow,f1,higher_is_better,0.5289443813847899,0.0|0.05|0.1|0.2|0.4|0.6|0.8|1.0,5dd449b422ecb256185c7cf0b554885b4cb308034ba46181f5407dfa4632c11a
locked,bank_marketing,veto_mavs,label_noise,shadow,unsafe_acceptance_rate,lower_is_better,0.02980961923847695,0.0|0.05|0.1|0.2|0.4|0.6|0.8|1.0,f139bdd95d78fcd417ea5c972564d7dba0c43813bea8237a6597eed89e637e05
locked,bank_marketing,veto_mavs,label_noise,shadow,technical_failure_rate,lower_is_better,0.0,0.0|0.05|0.1|0.2|0.4|0.6|0.8|1.0,7590d106f5723be7e9d0eb4609f44330c076c1b66e0d98666417ce76c7838b44
locked,bank_marketing,veto_mavs,label_noise,shadow,rejection_rate,context_dependent,0.9221411192214113,0.0|0.05|0.1|0.2|0.4|0.6|0.8|1.0,639f9bb82e87d86b2a289493e7d1dfcb7551599416ef923ef4e89213fab5404c
audit,bank_marketing,veto_mavs,missing_features,audit,accuracy,higher_is_better,0.8934660766961652,0.0|0.05|0.1|0.2|0.4|0.6|0.8|1.0,e02d83155b3d6ca1fdfb4d4c3482b04389a0b2b579e3ffc7936fa7d62fdf793e
audit,bank_marketing,veto_mavs,missing_features,audit,f1,higher_is_better,0.28084014741133956,0.0|0.05|0.1|0.2|0.4|0.6|0.8|1.0,13b6c2b5258a2f1a8cc9b945ae65bad0fb67724672b3cea9091dd4a0eaaecf37
audit,bank_marketing,veto_mavs,missing_features,audit,unsafe_acceptance_rate,lower_is_better,0.015689712758851036,0.0|0.05|0.1|0.2|0.4|0.6|0.8|1.0,825fe20e0f5508e599bfd33b6400ffc4a8e687fe7eb6e1e3223159882b51952d
audit,bank_marketing,veto_mavs,missing_features,audit,technical_failure_rate,lower_is_better,0.0,0.0|0.05|0.1|0.2|0.4|0.6|0.8|1.0,b7c911db598cd2f347d89f74c05457b95f9e9e81bd175064eca4e5736b2f4173
audit,bank_marketing,veto_mavs,missing_features,audit,rejection_rate,context_dependent,0.9620058997050147,0.0|0.05|0.1|0.2|0.4|0.6|0.8|1.0,910810290a363c3f8b941769359545589a88b3d831c185c00d4e4b197836f3ec
audit,bank_marketing,veto_mavs,missing_features,shadow,accuracy,higher_is_better,0.8930752212389381,0.0|0.05|0.1|0.2|0.4|0.6|0.8|1.0,5c9483b42ab29861a63aac0a762636dda9f20db2b4b8673c2d5f4207af19e46b
audit,bank_marketing,veto_mavs,missing_features,shadow,f1,higher_is_better,0.2820685608032254,0.0|0.05|0.1|0.2|0.4|0.6|0.8|1.0,de9fe8b70d8ec237062912cc6c569f69b8ce68033ed6699b1a879b5e5a24c29d
audit,bank_marketing,veto_mavs,missing_features,shadow,unsafe_acceptance_rate,lower_is_better,0.016295090180360725,0.0|0.05|0.1|0.2|0.4|0.6|0.8|1.0,3c36b86fae05db1740c270233685ce33f21deb8fe45618b72f2cb42784a6afdf
audit,bank_marketing,veto_mavs,missing_features,shadow,technical_failure_rate,lower_is_better,0.0,0.0|0.05|0.1|0.2|0.4|0.6|0.8|1.0,de7e4934593e1c1ff9d4b088f9f9ea36b9f2ee6e704e86b418ce3e2d61dc78e3
audit,bank_marketing,veto_mavs,missing_features,shadow,rejection_rate,context_dependent,0.9613274336283186,0.0|0.05|0.1|0.2|0.4|0.6|0.8|1.0,a058af1055c7325b629e65b5baae902f0c9ca08f032f091621280aa1ad0b7bcf
locked,bank_marketing,veto_mavs,missing_features,primary,accuracy,higher_is_better,0.8918841701688416,0.0|0.05|0.1|0.2|0.4|0.6|0.8|1.0,368034d9c6c5860f9b687b0e3c352e27d9eef74d194b21dc34aace003d1bcea4
locked,bank_marketing,veto_mavs,missing_features,primary,f1,higher_is_better,0.2642912377405168,0.0|0.05|0.1|0.2|0.4|0.6|0.8|1.0,7c3ead552b58d166e08a9bb04baeec7a84213d7d3cb7f1c5c76473540e1eabbd
locked,bank_marketing,veto_mavs,missing_features,primary,unsafe_acceptance_rate,lower_is_better,0.015007097528390113,0.0|0.05|0.1|0.2|0.4|0.6|0.8|1.0,72818bdbe67a080f57792ebd52e6f4c8611fecf1e51b1495df6f71c5d665ea41
locked,bank_marketing,veto_mavs,missing_features,primary,technical_failure_rate,lower_is_better,0.0,0.0|0.05|0.1|0.2|0.4|0.6|0.8|1.0,dbbac20374f97bc54c3820f08b67a7acd350d5329fcc53ebf288d33e657edc96
locked,bank_marketing,veto_mavs,missing_features,primary,rejection_rate,context_dependent,0.9646040698960408,0.0|0.05|0.1|0.2|0.4|0.6|0.8|1.0,4291d8c8a7cecda240c8c9d61fbdd66ef84152d275d268cdde546deb9dbaeac0
locked,bank_marketing,veto_mavs,missing_features,shadow,accuracy,higher_is_better,0.8918463835434638,0.0|0.05|0.1|0.2|0.4|0.6|0.8|1.0,d0ad26f99945446ab6ea8407fecfb39b0e928acc1f2ea4614a61d9287651051b
locked,bank_marketing,veto_mavs,missing_features,shadow,f1,higher_is_better,0.26282322556180127,0.0|0.05|0.1|0.2|0.4|0.6|0.8|1.0,b81b5e89e0debc9153e2c083949e5168d9aa716c8a622e49b9c7fec2956290d6
locked,bank_marketing,veto_mavs,missing_features,shadow,unsafe_acceptance_rate,lower_is_better,0.014939253507014026,0.0|0.05|0.1|0.2|0.4|0.6|0.8|1.0,558dd073ae9fe40f896af0501b86828fc49652ef1b5bcf7eeaa38af11c1954c4
locked,bank_marketing,veto_mavs,missing_features,shadow,technical_failure_rate,lower_is_better,0.0,0.0|0.05|0.1|0.2|0.4|0.6|0.8|1.0,ea912d8d396145f1c583ab8e82158ce60d73bef9f7464b18f4ce5f3626ed69e2
locked,bank_marketing,veto_mavs,missing_features,shadow,rejection_rate,context_dependent,0.9647616677726167,0.0|0.05|0.1|0.2|0.4|0.6|0.8|1.0,31e5bf1f015c112ce5d9883a52ffca2946df887bb2daf6648a0b5f8fde283235
audit,bank_marketing,veto_mavs,random_feature_deletion,audit,accuracy,higher_is_better,0.892160766961652,0.0|0.05|0.1|0.2|0.4|0.6|0.8|1.0,f1da687cae47a88927baeee5753a2a325cd2918422b509f81e64a85fb9959a42
audit,bank_marketing,veto_mavs,random_feature_deletion,audit,f1,higher_is_better,0.2926818289093546,0.0|0.05|0.1|0.2|0.4|0.6|0.8|1.0,ff9f15182f53ed1c75d8c525db22e72641f88f14b17e5ecc213a52d9f2490ccb
audit,bank_marketing,veto_mavs,random_feature_deletion,audit,unsafe_acceptance_rate,lower_is_better,0.01904642618570474,0.0|0.05|0.1|0.2|0.4|0.6|0.8|1.0,030c5526ec21ed47abf5ee9705153fc85dde50bba460c19dd390ab25c701eaa2
audit,bank_marketing,veto_mavs,random_feature_deletion,audit,technical_failure_rate,lower_is_better,0.0,0.0|0.05|0.1|0.2|0.4|0.6|0.8|1.0,9407860f1a16cd68499790a6846182c565170b1368fa586ca7229faf39c4c819
audit,bank_marketing,veto_mavs,random_feature_deletion,audit,rejection_rate,context_dependent,0.9573820058997051,0.0|0.05|0.1|0.2|0.4|0.6|0.8|1.0,cd20f3cc50dab3e491ce5c367ce5e006abb972e95ef126b1ed12f4b135ae1292
audit,bank_marketing,veto_mavs,random_feature_deletion,shadow,accuracy,higher_is_better,0.8921238938053098,0.0|0.05|0.1|0.2|0.4|0.6|0.8|1.0,f674ce2fe6e3545effc930ece703205741b023335832fa4503e05220aba445d8
audit,bank_marketing,veto_mavs,random_feature_deletion,shadow,f1,higher_is_better,0.23833657217910292,0.0|0.05|0.1|0.2|0.4|0.6|0.8|1.0,b9589088ebdb0b3b5e80eaa4dfb5f99d27fa5b30eb1dd2f5a2890b9b17d1cdc9
audit,bank_marketing,veto_mavs,random_feature_deletion,shadow,unsafe_acceptance_rate,lower_is_better,0.015913076152304608,0.0|0.05|0.1|0.2|0.4|0.6|0.8|1.0,702da2712f607739f52a9d10950147cda57b02edda799a2a70ecb0eda4f5f4df
audit,bank_marketing,veto_mavs,random_feature_deletion,shadow,technical_failure_rate,lower_is_better,0.0,0.0|0.05|0.1|0.2|0.4|0.6|0.8|1.0,98b989cdb853e57678e51490dae2be50abfeb72b2d4407592974d9632c4e26d1
audit,bank_marketing,veto_mavs,random_feature_deletion,shadow,rejection_rate,context_dependent,0.9629535398230089,0.0|0.05|0.1|0.2|0.4|0.6|0.8|1.0,f32d839f12b8a92d772c79b92d6c1962d73cce5195781286f16192d6cd2bb780
locked,bank_marketing,veto_mavs,random_feature_deletion,primary,accuracy,higher_is_better,0.8908279879082799,0.0|0.05|0.1|0.2|0.4|0.6|0.8|1.0,d81efc70a2f6711b8021d5d82cb1a9641516706599e38e8daa55bf76d32db170
locked,bank_marketing,veto_mavs,random_feature_deletion,primary,f1,higher_is_better,0.22296747814737355,0.0|0.05|0.1|0.2|0.4|0.6|0.8|1.0,3199b7a606040f6cfe3b0ddfe7f937ac7e63e9930b10597210e9fcf5e450d51d
locked,bank_marketing,veto_mavs,random_feature_deletion,primary,unsafe_acceptance_rate,lower_is_better,0.012550100200400803,0.0|0.05|0.1|0.2|0.4|0.6|0.8|1.0,976bf1ca01145f7345d34df48a9f45588b48a7592d59ddd7facb3e9c29505880
locked,bank_marketing,veto_mavs,random_feature_deletion,primary,technical_failure_rate,lower_is_better,0.0,0.0|0.05|0.1|0.2|0.4|0.6|0.8|1.0,75422907fc3eaef96985d1fa5075a4acccbdf6dea408c640102973dba88e8b90
locked,bank_marketing,veto_mavs,random_feature_deletion,primary,rejection_rate,context_dependent,0.9699992626999926,0.0|0.05|0.1|0.2|0.4|0.6|0.8|1.0,feff4cacc6fdc10510872e1c7a03ea3ba9183cd2d457c4636e5884730c3eb700
locked,bank_marketing,veto_mavs,random_feature_deletion,shadow,accuracy,higher_is_better,0.8949098650740988,0.0|0.05|0.1|0.2|0.4|0.6|0.8|1.0,f25a20011ec17472183ead1b20ac9bf63c587357541fa355e596b449dfd860c1
locked,bank_marketing,veto_mavs,random_feature_deletion,shadow,f1,higher_is_better,0.3515873654566796,0.0|0.05|0.1|0.2|0.4|0.6|0.8|1.0,1bcf0e8a9a727af7345aacb64c764aaf0122769e2c8640c47e071aaf2358ef0b
locked,bank_marketing,veto_mavs,random_feature_deletion,shadow,unsafe_acceptance_rate,lower_is_better,0.021934493987975957,0.0|0.05|0.1|0.2|0.4|0.6|0.8|1.0,bee2995d064f8a5be855d0bf73247038fa2e95f4460e141e6fb87bb4e3077880
locked,bank_marketing,veto_mavs,random_feature_deletion,shadow,technical_failure_rate,lower_is_better,0.0,0.0|0.05|0.1|0.2|0.4|0.6|0.8|1.0,51f3b4989500a9f09298f3d9168ec5d1c676867023c6ec10f206eeebb19104d6
locked,bank_marketing,veto_mavs,random_feature_deletion,shadow,rejection_rate,context_dependent,0.9493447246184472,0.0|0.05|0.1|0.2|0.4|0.6|0.8|1.0,0724fa31c7c93a1b0281e64c710648f8923cd1a1df1602c5282e70b3d25d15e4
audit,bank_marketing,veto_mavs,specialist_failure,audit,accuracy,higher_is_better,0.6702101769911504,0.0|0.05|0.1|0.2|0.4|0.6|0.8|1.0,f2417c1d4a064f4f516a9ba13358fdcd0d446f5a9f5c648b0ca163c31a336b43
audit,bank_marketing,veto_mavs,specialist_failure,audit,f1,higher_is_better,0.4443255192136418,0.0|0.05|0.1|0.2|0.4|0.6|0.8|1.0,e3ef83600a3c67dd78876d3f8698a1635cb688ad46f046cbbf1dc19e483aa07a
audit,bank_marketing,veto_mavs,specialist_failure,audit,unsafe_acceptance_rate,lower_is_better,0.3248622244488978,0.0|0.05|0.1|0.2|0.4|0.6|0.8|1.0,f8039f077190262210ed08c72bbbaa6089d3737b63026534b6c43cf3cc063914
audit,bank_marketing,veto_mavs,specialist_failure,audit,technical_failure_rate,lower_is_better,0.0,0.0|0.05|0.1|0.2|0.4|0.6|0.8|1.0,e36b7da6406d6c38c1336310ec7fc92a7907119962d861ded91ee090e54b51ea
audit,bank_marketing,veto_mavs,specialist_failure,audit,rejection_rate,context_dependent,0.6391482300884955,0.0|0.05|0.1|0.2|0.4|0.6|0.8|1.0,128d0649d51a3c576f847a0f53e18a1c6a13de0d2d7a5d25e5fc287a7f623aa2
audit,bank_marketing,veto_mavs,specialist_failure,shadow,accuracy,higher_is_better,0.6702101769911504,0.0|0.05|0.1|0.2|0.4|0.6|0.8|1.0,ab5473b744f5feb45292bd48e9bc3ee923e6059a4504241fa0f81693b6335dc0
audit,bank_marketing,veto_mavs,specialist_failure,shadow,f1,higher_is_better,0.4443255192136418,0.0|0.05|0.1|0.2|0.4|0.6|0.8|1.0,d4e6ada05098a23eee2f3de53ca2a307753a13ca465bb53c1b86d2c800a9e427
audit,bank_marketing,veto_mavs,specialist_failure,shadow,unsafe_acceptance_rate,lower_is_better,0.3248622244488978,0.0|0.05|0.1|0.2|0.4|0.6|0.8|1.0,a754cf77a2d474ca0333fd968a58d91073f6fe9c12c087186681cb4227c0dad3
audit,bank_marketing,veto_mavs,specialist_failure,shadow,technical_failure_rate,lower_is_better,0.0,0.0|0.05|0.1|0.2|0.4|0.6|0.8|1.0,a99bfeb1d162a4735dbc2e42c2c9662bcc00e9816abcf06314c8afde1350f2f3
audit,bank_marketing,veto_mavs,specialist_failure,shadow,rejection_rate,context_dependent,0.6391482300884955,0.0|0.05|0.1|0.2|0.4|0.6|0.8|1.0,982bd0cc7652306e7337b1ff881ca25ce58a81ba7f4275216a79e8a6204acaf9
locked,bank_marketing,veto_mavs,specialist_failure,primary,accuracy,higher_is_better,0.669757796947578,0.0|0.05|0.1|0.2|0.4|0.6|0.8|1.0,c8d059e81ae1aee69b5d77bbc97a6d2561469b0b4ed8c3cfc7b3c7a340e66bed
locked,bank_marketing,veto_mavs,specialist_failure,primary,f1,higher_is_better,0.42660282631154156,0.0|0.05|0.1|0.2|0.4|0.6|0.8|1.0,36c9bacddc0edb948a6e915dd92c428174495312d640d4dfa6d43384da0e1569
locked,bank_marketing,veto_mavs,specialist_failure,primary,unsafe_acceptance_rate,lower_is_better,0.3213176352705411,0.0|0.05|0.1|0.2|0.4|0.6|0.8|1.0,8fda5731648f9ae18e8acf1d85174a40e8980315f74159c33c57632436548d07
locked,bank_marketing,veto_mavs,specialist_failure,primary,technical_failure_rate,lower_is_better,0.0,0.0|0.05|0.1|0.2|0.4|0.6|0.8|1.0,a279911e48b9f6a380c565e71e2bd48162d9bf75747c7671ea73d82151a28ad1
locked,bank_marketing,veto_mavs,specialist_failure,primary,rejection_rate,context_dependent,0.6457918602079186,0.0|0.05|0.1|0.2|0.4|0.6|0.8|1.0,d9ab837b2463f5f2ac23c311f262c7e6540370b58421b9003e02d2a58e227fc2
locked,bank_marketing,veto_mavs,specialist_failure,shadow,accuracy,higher_is_better,0.669757796947578,0.0|0.05|0.1|0.2|0.4|0.6|0.8|1.0,63a34f7416786210185431c2695868e3ecf0bc22827eac34d155acd15ba14681
locked,bank_marketing,veto_mavs,specialist_failure,shadow,f1,higher_is_better,0.42660282631154156,0.0|0.05|0.1|0.2|0.4|0.6|0.8|1.0,f97a4f5cb4da0187e719a08e493154ceabd132b6304441c3a8e4ccc486401c82
locked,bank_marketing,veto_mavs,specialist_failure,shadow,unsafe_acceptance_rate,lower_is_better,0.3213176352705411,0.0|0.05|0.1|0.2|0.4|0.6|0.8|1.0,e32f4038bf3b9f3134c4065aaa1898eabab68b987c6349b2ef4b03e634601786
locked,bank_marketing,veto_mavs,specialist_failure,shadow,technical_failure_rate,lower_is_better,0.0,0.0|0.05|0.1|0.2|0.4|0.6|0.8|1.0,be242352e9009f2381f163510a8c2206be4c83cdebbc09ecc1313731ce610bd2
locked,bank_marketing,veto_mavs,specialist_failure,shadow,rejection_rate,context_dependent,0.6457918602079186,0.0|0.05|0.1|0.2|0.4|0.6|0.8|1.0,b16ae0171436807d992f9c14f66fc7ecf93390d75c98eaecb0be81c61fb6ee7b
audit,bank_marketing,veto_mavs,synthetic_sensor_failure,audit,accuracy,higher_is_better,0.8887057522123893,0.0|0.05|0.1|0.2|0.4|0.6|0.8|1.0,d1d00ba12894c8bced68d4bc8065654df81621ef8fbb2485de8037d065088b5a
audit,bank_marketing,veto_mavs,synthetic_sensor_failure,audit,f1,higher_is_better,0.22977260581754586,0.0|0.05|0.1|0.2|0.4|0.6|0.8|1.0,89822c36b24cd71cbfa735fc5ee05dca2a1ec21715009321535cef63ce78ff42
audit,bank_marketing,veto_mavs,synthetic_sensor_failure,audit,unsafe_acceptance_rate,lower_is_better,0.015330661322645291,0.0|0.05|0.1|0.2|0.4|0.6|0.8|1.0,9234b61287fcf204d32f22b52475f98d4c52474109d8ffcf90573ae7418d5226
audit,bank_marketing,veto_mavs,synthetic_sensor_failure,audit,technical_failure_rate,lower_is_better,0.0,0.0|0.05|0.1|0.2|0.4|0.6|0.8|1.0,f2c56c79eed350ce02df8391990b4d9e877bd4879918adef9f42db937dccc062
audit,bank_marketing,veto_mavs,synthetic_sensor_failure,audit,rejection_rate,context_dependent,0.9674004424778762,0.0|0.05|0.1|0.2|0.4|0.6|0.8|1.0,49285d5a64cf72e578abc50be02b79e4795a53011d97b9fbc9f0512cf87113bf
audit,bank_marketing,veto_mavs,synthetic_sensor_failure,shadow,accuracy,higher_is_better,0.8887057522123893,0.0|0.05|0.1|0.2|0.4|0.6|0.8|1.0,46a61f365693e49c49cbb5c12ec7991c9a3b90142a1d8e1f4222f9b15717a99b
audit,bank_marketing,veto_mavs,synthetic_sensor_failure,shadow,f1,higher_is_better,0.22977260581754586,0.0|0.05|0.1|0.2|0.4|0.6|0.8|1.0,e5dde2e0e433654f29aeb58159f503e053eb5561d6ca1fa693d17ad5a5c69239
audit,bank_marketing,veto_mavs,synthetic_sensor_failure,shadow,unsafe_acceptance_rate,lower_is_better,0.015330661322645291,0.0|0.05|0.1|0.2|0.4|0.6|0.8|1.0,336d56d136c965d580cd79515f607307ff7907c9d4c9366414ae3c45eb6f1d45
audit,bank_marketing,veto_mavs,synthetic_sensor_failure,shadow,technical_failure_rate,lower_is_better,0.0,0.0|0.05|0.1|0.2|0.4|0.6|0.8|1.0,b5ed185a67b27948106645afebb2ad0014305c5e1e20fdc471daefb043b9add1
audit,bank_marketing,veto_mavs,synthetic_sensor_failure,shadow,rejection_rate,context_dependent,0.9674004424778762,0.0|0.05|0.1|0.2|0.4|0.6|0.8|1.0,e1105daefd6dcdd9e7ccf504e23dbb610c82666b04d33db9570a1cdd066abbb7
locked,bank_marketing,veto_mavs,synthetic_sensor_failure,primary,accuracy,higher_is_better,0.8893994691439948,0.0|0.05|0.1|0.2|0.4|0.6|0.8|1.0,62a17e365657669b48b2274e042b3f2057a1fed0503a0aeb5551faeafd96487a
locked,bank_marketing,veto_mavs,synthetic_sensor_failure,primary,f1,higher_is_better,0.21588616478352302,0.0|0.05|0.1|0.2|0.4|0.6|0.8|1.0,2bde867b405add4147a29c646c1c7e7ee065c2f769ad8018446506efea749f19
locked,bank_marketing,veto_mavs,synthetic_sensor_failure,primary,unsafe_acceptance_rate,lower_is_better,0.012149298597194389,0.0|0.05|0.1|0.2|0.4|0.6|0.8|1.0,0265d5b42fb624707bb21aa3415561534e3fbaaebb4e0f95c12ba29e10b34e2c
locked,bank_marketing,veto_mavs,synthetic_sensor_failure,primary,technical_failure_rate,lower_is_better,0.0,0.0|0.05|0.1|0.2|0.4|0.6|0.8|1.0,16369d2aa1ea7499232b4aea381f255eafd033805b172e810b48c2c6b9e36728
locked,bank_marketing,veto_mavs,synthetic_sensor_failure,primary,rejection_rate,context_dependent,0.9721355894713559,0.0|0.05|0.1|0.2|0.4|0.6|0.8|1.0,51ee402878c33f167ae17ecb564726d7d5433fab0b571b6d3420df16d0ea48da
locked,bank_marketing,veto_mavs,synthetic_sensor_failure,shadow,accuracy,higher_is_better,0.8893994691439948,0.0|0.05|0.1|0.2|0.4|0.6|0.8|1.0,06ee1aa1f901564a2649063417acd33479e17710becf805c64a280b271a7343d
locked,bank_marketing,veto_mavs,synthetic_sensor_failure,shadow,f1,higher_is_better,0.21588616478352302,0.0|0.05|0.1|0.2|0.4|0.6|0.8|1.0,322bb9397803374c50be303fcb0f540551b15befde051c56d09f7c651f320f0b
locked,bank_marketing,veto_mavs,synthetic_sensor_failure,shadow,unsafe_acceptance_rate,lower_is_better,0.012149298597194389,0.0|0.05|0.1|0.2|0.4|0.6|0.8|1.0,d2658635d396d36c1a64aec544e31470644397e3ad5ea855f8eefa0100502dfb
locked,bank_marketing,veto_mavs,synthetic_sensor_failure,shadow,technical_failure_rate,lower_is_better,0.0,0.0|0.05|0.1|0.2|0.4|0.6|0.8|1.0,1e391fabbe6800f3663645fe7ee09d13fba8b24d6ee76840a20ec8ac0c7773ac
locked,bank_marketing,veto_mavs,synthetic_sensor_failure,shadow,rejection_rate,context_dependent,0.9721355894713559,0.0|0.05|0.1|0.2|0.4|0.6|0.8|1.0,6093b732e81c1f70da621542c02f810b406e78708686ba6afbaeba9babed03d2
audit,breast_cancer_wisconsin,mean_ensemble,adversarial_confidence_inflation,audit,accuracy,higher_is_better,0.9655172413793104,0.0|0.05|0.1|0.2|0.4|0.6|0.8|1.0,7f95369518443800d0b68b7c5bd8dc0f8d629d52af55db7d4581468f41cf577f
audit,breast_cancer_wisconsin,mean_ensemble,adversarial_confidence_inflation,audit,f1,higher_is_better,0.9523809523809523,0.0|0.05|0.1|0.2|0.4|0.6|0.8|1.0,9f941f9d36c440e324da8d983a674bd84a346f80f0829cad87479833f302e5b2
audit,breast_cancer_wisconsin,mean_ensemble,adversarial_confidence_inflation,audit,unsafe_acceptance_rate,lower_is_better,0.0,0.0|0.05|0.1|0.2|0.4|0.6|0.8|1.0,c266af3cfae1789ed5deb6826c0c8fb5198d0c91518ae1b71087aba56fc65574
audit,breast_cancer_wisconsin,mean_ensemble,adversarial_confidence_inflation,audit,technical_failure_rate,lower_is_better,0.0,0.0|0.05|0.1|0.2|0.4|0.6|0.8|1.0,4a6647b52e1d2ef60d40bfae933db676b8c15852e97764c2491eb7ebbceb68d7
audit,breast_cancer_wisconsin,mean_ensemble,adversarial_confidence_inflation,audit,rejection_rate,context_dependent,0.6551724137931034,0.0|0.05|0.1|0.2|0.4|0.6|0.8|1.0,aa32c0adb41468c66f792ce737d28be9bf2d5fdb8cda5469e1bf547fff04df87
audit,breast_cancer_wisconsin,mean_ensemble,adversarial_confidence_inflation,shadow,accuracy,higher_is_better,0.9655172413793104,0.0|0.05|0.1|0.2|0.4|0.6|0.8|1.0,4050436fb6aa18e93f6128c2404339c246f36fdcf642890161b47c0784a3737d
audit,breast_cancer_wisconsin,mean_ensemble,adversarial_confidence_inflation,shadow,f1,higher_is_better,0.9523809523809523,0.0|0.05|0.1|0.2|0.4|0.6|0.8|1.0,345edcf20f74e16a68ed22567e97b2ef52b7c9ff018760fdc998ed9bc1a76445
audit,breast_cancer_wisconsin,mean_ensemble,adversarial_confidence_inflation,shadow,unsafe_acceptance_rate,lower_is_better,0.0,0.0|0.05|0.1|0.2|0.4|0.6|0.8|1.0,c45f2afb382c89010c983c56ce1a02d4c0c8dc4ce229f7decce58754c8193829
audit,breast_cancer_wisconsin,mean_ensemble,adversarial_confidence_inflation,shadow,technical_failure_rate,lower_is_better,0.0,0.0|0.05|0.1|0.2|0.4|0.6|0.8|1.0,8882dc9b2b6ce555145283e537783a960a8573713c32a2beda00612f774739eb
audit,breast_cancer_wisconsin,mean_ensemble,adversarial_confidence_inflation,shadow,rejection_rate,context_dependent,0.6551724137931034,0.0|0.05|0.1|0.2|0.4|0.6|0.8|1.0,d41cf317df6b74662001e30a9665abfa24aed4664fa517b7d062c7145f4cbd57
locked,breast_cancer_wisconsin,mean_ensemble,adversarial_confidence_inflation,primary,accuracy,higher_is_better,0.9473684210526315,0.0|0.05|0.1|0.2|0.4|0.6|0.8|1.0,d9cbb8d0c6d4f51f3eced0da3fbcae66e3110c2919766b023d27b8ea91ab9da2
locked,breast_cancer_wisconsin,mean_ensemble,adversarial_confidence_inflation,primary,f1,higher_is_better,0.9268292682926829,0.0|0.05|0.1|0.2|0.4|0.6|0.8|1.0,c18f30674bfaa6f033f652a8f8e4daeba97ba377d2b013378ae5b65bd47fbe07
locked,breast_cancer_wisconsin,mean_ensemble,adversarial_confidence_inflation,primary,unsafe_acceptance_rate,lower_is_better,0.027777777777777776,0.0|0.05|0.1|0.2|0.4|0.6|0.8|1.0,08d1d9ec640b389853b9e64b767a50440976af4766006504ccc9ceb3125fc2aa
locked,breast_cancer_wisconsin,mean_ensemble,adversarial_confidence_inflation,primary,technical_failure_rate,lower_is_better,0.0,0.0|0.05|0.1|0.2|0.4|0.6|0.8|1.0,ac677ea3102e82abdb1fe19aef476f15281139c022fcf4e9dc0a8741cdd03e7d
locked,breast_cancer_wisconsin,mean_ensemble,adversarial_confidence_inflation,primary,rejection_rate,context_dependent,0.6491228070175439,0.0|0.05|0.1|0.2|0.4|0.6|0.8|1.0,49609c402b778dfe2483244f75fa68c681014d052f85fad659e36bb1fb3c60ee
locked,breast_cancer_wisconsin,mean_ensemble,adversarial_confidence_inflation,shadow,accuracy,higher_is_better,0.9473684210526315,0.0|0.05|0.1|0.2|0.4|0.6|0.8|1.0,473548bd1acae47df14b992843a9b360c4c252ca310c2b7673813790cea0187b
locked,breast_cancer_wisconsin,mean_ensemble,adversarial_confidence_inflation,shadow,f1,higher_is_better,0.9268292682926829,0.0|0.05|0.1|0.2|0.4|0.6|0.8|1.0,22fceadd134dd059a49b69fae493fc6399cc06a49a2ab7130274bd67f22e314b
locked,breast_cancer_wisconsin,mean_ensemble,adversarial_confidence_inflation,shadow,unsafe_acceptance_rate,lower_is_better,0.027777777777777776,0.0|0.05|0.1|0.2|0.4|0.6|0.8|1.0,b64cd6ea5480f03850fe848502f9da9a2881c7e90d108d637bb08dacfa6e0218
locked,breast_cancer_wisconsin,mean_ensemble,adversarial_confidence_inflation,shadow,technical_failure_rate,lower_is_better,0.0,0.0|0.05|0.1|0.2|0.4|0.6|0.8|1.0,1de19ef0de0d475b2a6be4054581cb3b10bb3692fde4ff4c4c0f71d3a6aa53aa
locked,breast_cancer_wisconsin,mean_ensemble,adversarial_confidence_inflation,shadow,rejection_rate,context_dependent,0.6491228070175439,0.0|0.05|0.1|0.2|0.4|0.6|0.8|1.0,a4b2909e82936a2b24d068f29c439c68a93defbda5c0f1c9c4aa7c27435229ff
audit,breast_cancer_wisconsin,mean_ensemble,confidence_distortion,audit,accuracy,higher_is_better,0.9655172413793104,0.0|0.05|0.1|0.2|0.4|0.6|0.8|1.0,c03ac9d65c01eeb4b631ecfb74743c2cebe6b6b1494adea773672169c4177fe1
audit,breast_cancer_wisconsin,mean_ensemble,confidence_distortion,audit,f1,higher_is_better,0.9523809523809523,0.0|0.05|0.1|0.2|0.4|0.6|0.8|1.0,bfcd8e8f2da061244cc5f554be6b59b9f0822db354cde3bd324571715beab543
audit,breast_cancer_wisconsin,mean_ensemble,confidence_distortion,audit,unsafe_acceptance_rate,lower_is_better,0.0,0.0|0.05|0.1|0.2|0.4|0.6|0.8|1.0,94a4c6967b5b43ac82a92f1827ed7b94f91df02696fc966c90ccda304cc79de5
audit,breast_cancer_wisconsin,mean_ensemble,confidence_distortion,audit,technical_failure_rate,lower_is_better,0.0,0.0|0.05|0.1|0.2|0.4|0.6|0.8|1.0,7fbfa2fb5b17c5dfbc1d025d38d1bd137aa569bacf940021e428c6e349e255a8
audit,breast_cancer_wisconsin,mean_ensemble,confidence_distortion,audit,rejection_rate,context_dependent,0.6551724137931034,0.0|0.05|0.1|0.2|0.4|0.6|0.8|1.0,1ef5a6a52863012e3ce0a1d1e653f13be5ff4459dc53455b4700ffe8b4acfe74
audit,breast_cancer_wisconsin,mean_ensemble,confidence_distortion,shadow,accuracy,higher_is_better,0.9655172413793104,0.0|0.05|0.1|0.2|0.4|0.6|0.8|1.0,b81808ad3a7a4764882525e3abbef8f1cd04da367f62d994bce632c08194c444
audit,breast_cancer_wisconsin,mean_ensemble,confidence_distortion,shadow,f1,higher_is_better,0.9523809523809523,0.0|0.05|0.1|0.2|0.4|0.6|0.8|1.0,80945e981d71ccea230c651d7bd10ff015b1c92136488778a77e96d6b033a2a0
audit,breast_cancer_wisconsin,mean_ensemble,confidence_distortion,shadow,unsafe_acceptance_rate,lower_is_better,0.0,0.0|0.05|0.1|0.2|0.4|0.6|0.8|1.0,4cf40ab0ba48a4f5c94e77a414b1d015967bd769b67d4cb7f872324a64a1d284
audit,breast_cancer_wisconsin,mean_ensemble,confidence_distortion,shadow,technical_failure_rate,lower_is_better,0.0,0.0|0.05|0.1|0.2|0.4|0.6|0.8|1.0,39163869ca6f3e2b0513c1cbc88cbc3dcb846d7909eec4c602dd5f5713e7341a
audit,breast_cancer_wisconsin,mean_ensemble,confidence_distortion,shadow,rejection_rate,context_dependent,0.6551724137931034,0.0|0.05|0.1|0.2|0.4|0.6|0.8|1.0,a00b8afb0f29fa681986876dd63e99b7e836fcfaa7c94b814d53041c1757cd63
locked,breast_cancer_wisconsin,mean_ensemble,confidence_distortion,primary,accuracy,higher_is_better,0.9473684210526315,0.0|0.05|0.1|0.2|0.4|0.6|0.8|1.0,006e665741ed0e2ff77b88131185c2a8f1fc27e4fd71e161761dd72b32818364
locked,breast_cancer_wisconsin,mean_ensemble,confidence_distortion,primary,f1,higher_is_better,0.9268292682926829,0.0|0.05|0.1|0.2|0.4|0.6|0.8|1.0,c1c82d724e941a0b115ad233ba119b316ce617c20e87ba8def15a8973ce3093c
locked,breast_cancer_wisconsin,mean_ensemble,confidence_distortion,primary,unsafe_acceptance_rate,lower_is_better,0.027777777777777776,0.0|0.05|0.1|0.2|0.4|0.6|0.8|1.0,41449db6c580221f1bd17d251db1cba821f92b79b8473dc81eda10377c40c436
locked,breast_cancer_wisconsin,mean_ensemble,confidence_distortion,primary,technical_failure_rate,lower_is_better,0.0,0.0|0.05|0.1|0.2|0.4|0.6|0.8|1.0,5c5803acbe32343e92eb9638cb74472bc7e01a3762435761397522ebd7495daa
locked,breast_cancer_wisconsin,mean_ensemble,confidence_distortion,primary,rejection_rate,context_dependent,0.6491228070175439,0.0|0.05|0.1|0.2|0.4|0.6|0.8|1.0,e3dd7410c75e34123f67c19741c3a7780b8e40887bd36297c782ddef91f03b72
locked,breast_cancer_wisconsin,mean_ensemble,confidence_distortion,shadow,accuracy,higher_is_better,0.9473684210526315,0.0|0.05|0.1|0.2|0.4|0.6|0.8|1.0,d6bdbc94ffc32412205f4ebd4810efff83e08b4920cac7ea69dc8d034317ccda
locked,breast_cancer_wisconsin,mean_ensemble,confidence_distortion,shadow,f1,higher_is_better,0.9268292682926829,0.0|0.05|0.1|0.2|0.4|0.6|0.8|1.0,85de4361025c1fb32a62a5eb11d6482ce9ec9f299133b9e702927ee33c6afb99
locked,breast_cancer_wisconsin,mean_ensemble,confidence_distortion,shadow,unsafe_acceptance_rate,lower_is_better,0.027777777777777776,0.0|0.05|0.1|0.2|0.4|0.6|0.8|1.0,cb593683286bafc84169b9a9e97de119dd0dcc25cc33a2c114bb95071f0dcd14
locked,breast_cancer_wisconsin,mean_ensemble,confidence_distortion,shadow,technical_failure_rate,lower_is_better,0.0,0.0|0.05|0.1|0.2|0.4|0.6|0.8|1.0,31691f337b380e659cf886623cbfc60bc64013c93538f55eb50970bf3aea9ee5
locked,breast_cancer_wisconsin,mean_ensemble,confidence_distortion,shadow,rejection_rate,context_dependent,0.6491228070175439,0.0|0.05|0.1|0.2|0.4|0.6|0.8|1.0,42069af3c4a7296030deb78793bc8d8418d7abffe00bb35c8d63d950fe8ba25f
audit,breast_cancer_wisconsin,mean_ensemble,distribution_shift,audit,accuracy,higher_is_better,0.979875081814737,0.0|0.05|0.1|0.2|0.4|0.6|0.8|1.0,0c4cc52054fb577bf2897776531fde7780a395b64f1c897258065894b87b05a0
audit,breast_cancer_wisconsin,mean_ensemble,distribution_shift,audit,f1,higher_is_better,0.9761904761904762,0.0|0.05|0.1|0.2|0.4|0.6|0.8|1.0,0c60876d1172fd3c76e888bae20888f23b5a29158fa218dc72c0c6d97282d82f
audit,breast_cancer_wisconsin,mean_ensemble,distribution_shift,audit,unsafe_acceptance_rate,lower_is_better,0.0,0.0|0.05|0.1|0.2|0.4|0.6|0.8|1.0,b51b8f40ac23d8ac45d74bfca101e262bc661004ce9ecee36b7e46058ddec3c9
audit,breast_cancer_wisconsin,mean_ensemble,distribution_shift,audit,technical_failure_rate,lower_is_better,0.0,0.0|0.05|0.1|0.2|0.4|0.6|0.8|1.0,7f3e611b3007a6329b1d898c15bf62b260d2dc80695bbdf6f12690961f52139e
audit,breast_cancer_wisconsin,mean_ensemble,distribution_shift,audit,rejection_rate,context_dependent,0.4974521168486686,0.0|0.05|0.1|0.2|0.4|0.6|0.8|1.0,5410069bd3ad0606a6488f9fce961359709f937da62298fa7cfeb6018faea0c9
audit,breast_cancer_wisconsin,mean_ensemble,distribution_shift,shadow,accuracy,higher_is_better,0.979875081814737,0.0|0.05|0.1|0.2|0.4|0.6|0.8|1.0,ca004b214194b827f9f87661da18406e521f97b613f539b68d6c84b3ccb6325a
audit,breast_cancer_wisconsin,mean_ensemble,distribution_shift,shadow,f1,higher_is_better,0.9761904761904762,0.0|0.05|0.1|0.2|0.4|0.6|0.8|1.0,36129c5b3d8b25a0ccf671174fe5ab4692cc5a6852f811e652650832ccf8f7e1
audit,breast_cancer_wisconsin,mean_ensemble,distribution_shift,shadow,unsafe_acceptance_rate,lower_is_better,0.0,0.0|0.05|0.1|0.2|0.4|0.6|0.8|1.0,9d8c1d3707a58694031900b6a27ec46daad10b39af989aed78fe72551feec22a
audit,breast_cancer_wisconsin,mean_ensemble,distribution_shift,shadow,technical_failure_rate,lower_is_better,0.0,0.0|0.05|0.1|0.2|0.4|0.6|0.8|1.0,ebc6f30c48e1e1ae4d0d0d320cd5bda15bac829a4241f2437f6a34c5e664fe41
audit,breast_cancer_wisconsin,mean_ensemble,distribution_shift,shadow,rejection_rate,context_dependent,0.4974521168486686,0.0|0.05|0.1|0.2|0.4|0.6|0.8|1.0,acbe5f14aab984c469f54413e42c9b140b419b9c8df5e626f02a89ed95f91dad
locked,breast_cancer_wisconsin,mean_ensemble,distribution_shift,primary,accuracy,higher_is_better,0.9727195556721261,0.0|0.05|0.1|0.2|0.4|0.6|0.8|1.0,4e06eb4c70e64705224e2857b0556c92e1296116ae94837d7d51e4a065ea3810
locked,breast_cancer_wisconsin,mean_ensemble,distribution_shift,primary,f1,higher_is_better,0.9660343960636827,0.0|0.05|0.1|0.2|0.4|0.6|0.8|1.0,cd21f73cb9b2fc8826a6e2cf819097bdd9a70ad8ea3eeb52501b2a965a8217bc
locked,breast_cancer_wisconsin,mean_ensemble,distribution_shift,primary,unsafe_acceptance_rate,lower_is_better,0.0042658730158730155,0.0|0.05|0.1|0.2|0.4|0.6|0.8|1.0,38868720806fbcb7ed582d051009f99f9ea3320be50244809a630e46579ab751
locked,breast_cancer_wisconsin,mean_ensemble,distribution_shift,primary,technical_failure_rate,lower_is_better,0.0,0.0|0.05|0.1|0.2|0.4|0.6|0.8|1.0,e50eae6327f8636ce0c5564c67e4201707a03f886114a5c29ebdb20059ed57e9
locked,breast_cancer_wisconsin,mean_ensemble,distribution_shift,primary,rejection_rate,context_dependent,0.5762145965689418,0.0|0.05|0.1|0.2|0.4|0.6|0.8|1.0,9c4e83c185f1cef6f7fc81a882aabbb02d34f964e251b44d5fbe3242dd5b95ae
locked,breast_cancer_wisconsin,mean_ensemble,distribution_shift,shadow,accuracy,higher_is_better,0.9727195556721261,0.0|0.05|0.1|0.2|0.4|0.6|0.8|1.0,3654626b88f7fe660d38d140afcfe7a927151e030711c7a6699f1f23bcd9fe6f
locked,breast_cancer_wisconsin,mean_ensemble,distribution_shift,shadow,f1,higher_is_better,0.9660343960636827,0.0|0.05|0.1|0.2|0.4|0.6|0.8|1.0,f23da34c959b829daa94942ac85d12ce7178e27d41d91d18f1c6ee873516d0da
locked,breast_cancer_wisconsin,mean_ensemble,distribution_shift,shadow,unsafe_acceptance_rate,lower_is_better,0.0042658730158730155,0.0|0.05|0.1|0.2|0.4|0.6|0.8|1.0,d9d3923bdd1595c2211bb273f531732d0c22ac7fe43fd2f9741e7f26f4ba8489
locked,breast_cancer_wisconsin,mean_ensemble,distribution_shift,shadow,technical_failure_rate,lower_is_better,0.0,0.0|0.05|0.1|0.2|0.4|0.6|0.8|1.0,31590c2b309dbe17b9038c2dcf7ade44db79fb6c746ca19eda8c8520ef6243dc
locked,breast_cancer_wisconsin,mean_ensemble,distribution_shift,shadow,rejection_rate,context_dependent,0.5762145965689418,0.0|0.05|0.1|0.2|0.4|0.6|0.8|1.0,40b74b591a6bd67187c685be43c0978924e36115cad75d7aae154c6c97ec4fac
audit,breast_cancer_wisconsin,mean_ensemble,feature_noise,audit,accuracy,higher_is_better,0.9275862068965517,0.0|0.05|0.1|0.2|0.4|0.6|0.8|1.0,f126f838e421a8f76cd14d490f51a8b114dc416f36d8026ccd6c5ea5aa28c10e
audit,breast_cancer_wisconsin,mean_ensemble,feature_noise,audit,f1,higher_is_better,0.9076569420917248,0.0|0.05|0.1|0.2|0.4|0.6|0.8|1.0,837085684d121e71cd7b13e92bc9c794a52406fe88fb3f510469118d3c9fabe4
audit,breast_cancer_wisconsin,mean_ensemble,feature_noise,audit,unsafe_acceptance_rate,lower_is_better,0.06481481481481481,0.0|0.05|0.1|0.2|0.4|0.6|0.8|1.0,f59d35b0ee8795a6b71df11a43583a561c6bb5e68ef196a694e7171c8a9934e4
audit,breast_cancer_wisconsin,mean_ensemble,feature_noise,audit,technical_failure_rate,lower_is_better,0.0,0.0|0.05|0.1|0.2|0.4|0.6|0.8|1.0,f4c5af4753be9441a210875d999d0e1566148f414fc5686adf568a6873998d42
audit,breast_cancer_wisconsin,mean_ensemble,feature_noise,audit,rejection_rate,context_dependent,0.6126436781609195,0.0|0.05|0.1|0.2|0.4|0.6|0.8|1.0,1de3b95a355b05d67f367e9f555e4b68738f17b83a7741df1dd09d0c7de1298e
audit,breast_cancer_wisconsin,mean_ensemble,feature_noise,shadow,accuracy,higher_is_better,0.9344827586206896,0.0|0.05|0.1|0.2|0.4|0.6|0.8|1.0,b9befd7697ac2ebbc7ecb549f0c287f3b2857ed2b03099efed82f3977efc8618
audit,breast_cancer_wisconsin,mean_ensemble,feature_noise,shadow,f1,higher_is_better,0.912892904197252,0.0|0.05|0.1|0.2|0.4|0.6|0.8|1.0,6019edde22541314fb0a25cbc20db0ddca5763b76d78224eb6e08898200f2046
audit,breast_cancer_wisconsin,mean_ensemble,feature_noise,shadow,unsafe_acceptance_rate,lower_is_better,0.03888888888888889,0.0|0.05|0.1|0.2|0.4|0.6|0.8|1.0,fb25188a1f8d2b6d485f9bf0523cd493d94127ae0fb30bfd717ccde512fa5bc7
audit,breast_cancer_wisconsin,mean_ensemble,feature_noise,shadow,technical_failure_rate,lower_is_better,0.0,0.0|0.05|0.1|0.2|0.4|0.6|0.8|1.0,36a782da367af03cc566ce301a691f3d3872439874e593298cc00edaa73067eb
audit,breast_cancer_wisconsin,mean_ensemble,feature_noise,shadow,rejection_rate,context_dependent,0.6379310344827587,0.0|0.05|0.1|0.2|0.4|0.6|0.8|1.0,56824a66f74065b942db343dfd4ed2622c2b941a8b177308286954dbd2356bb8
locked,breast_cancer_wisconsin,mean_ensemble,feature_noise,primary,accuracy,higher_is_better,0.9342105263157895,0.0|0.05|0.1|0.2|0.4|0.6|0.8|1.0,5de1029c40cdce1f81cdded4438601868c520fe67f9e1aa568c2d88f9c9a0deb
locked,breast_cancer_wisconsin,mean_ensemble,feature_noise,primary,f1,higher_is_better,0.908292450548548,0.0|0.05|0.1|0.2|0.4|0.6|0.8|1.0,de21558ab6f770e535cc92a41d4c9b229e37ceb65607557d98cde771a3baa0f1
locked,breast_cancer_wisconsin,mean_ensemble,feature_noise,primary,unsafe_acceptance_rate,lower_is_better,0.03773148148148148,0.0|0.05|0.1|0.2|0.4|0.6|0.8|1.0,0f59f04c3d6111e5453df96b8df6697e94f5deba389faa1a1b568cf3f917c13d
locked,breast_cancer_wisconsin,mean_ensemble,feature_noise,primary,technical_failure_rate,lower_is_better,0.0,0.0|0.05|0.1|0.2|0.4|0.6|0.8|1.0,7b3a2821bb5a77a080d80c418ec3b504799da85c13b87900f9925d25396e6d15
locked,breast_cancer_wisconsin,mean_ensemble,feature_noise,primary,rejection_rate,context_dependent,0.6497076023391812,0.0|0.05|0.1|0.2|0.4|0.6|0.8|1.0,e021c55084504254bcfaebfd465f2fdb9fb91e1ae3f375252c863f1fbb3e4de2
locked,breast_cancer_wisconsin,mean_ensemble,feature_noise,shadow,accuracy,higher_is_better,0.9342105263157895,0.0|0.05|0.1|0.2|0.4|0.6|0.8|1.0,b2de6688aae8c34159852005ebc317c0bc2dfbe7715a63f8be01af00c611d4df
locked,breast_cancer_wisconsin,mean_ensemble,feature_noise,shadow,f1,higher_is_better,0.9097333757894592,0.0|0.05|0.1|0.2|0.4|0.6|0.8|1.0,6e9987db5392b83a62c2b07f20b3aa03defd318ea1a82da494e7851eefce8640
locked,breast_cancer_wisconsin,mean_ensemble,feature_noise,shadow,unsafe_acceptance_rate,lower_is_better,0.040624999999999994,0.0|0.05|0.1|0.2|0.4|0.6|0.8|1.0,c05a487e3bb512236661ffdb1a4059a58974081f8ecaebca537b2e4056cf5095
locked,breast_cancer_wisconsin,mean_ensemble,feature_noise,shadow,technical_failure_rate,lower_is_better,0.0,0.0|0.05|0.1|0.2|0.4|0.6|0.8|1.0,474420aa35a807ba8b59d4e6da824d974a77ec1ce8acd6a049971feed59a4c59
locked,breast_cancer_wisconsin,mean_ensemble,feature_noise,shadow,rejection_rate,context_dependent,0.6460526315789473,0.0|0.05|0.1|0.2|0.4|0.6|0.8|1.0,7866982ff6fc9b380eb4ce13bf1f4975e77401af53e1ecee473778b348beeb15
audit,breast_cancer_wisconsin,mean_ensemble,label_noise,audit,accuracy,higher_is_better,0.9655172413793104,0.0|0.05|0.1|0.2|0.4|0.6|0.8|1.0,9f1db4b99d57aac164917d3ed8285042afc53758abf92de0560caeddb056d15a
audit,breast_cancer_wisconsin,mean_ensemble,label_noise,audit,f1,higher_is_better,0.9523809523809523,0.0|0.05|0.1|0.2|0.4|0.6|0.8|1.0,7ed72ea011a5c40f07825a1e870c3be2377c942c423d973c6797ecafb2a55dc6
audit,breast_cancer_wisconsin,mean_ensemble,label_noise,audit,unsafe_acceptance_rate,lower_is_better,0.0,0.0|0.05|0.1|0.2|0.4|0.6|0.8|1.0,e98af9283e9be07e92d5b7b8b1b80e242eb46549bcc9914859dfc5aaf4552ab1
audit,breast_cancer_wisconsin,mean_ensemble,label_noise,audit,technical_failure_rate,lower_is_better,0.0,0.0|0.05|0.1|0.2|0.4|0.6|0.8|1.0,8d423c562b7d8f0197aa675779dd1ab68a9e945762b320b4d842b8ecbfc11265
audit,breast_cancer_wisconsin,mean_ensemble,label_noise,audit,rejection_rate,context_dependent,0.6551724137931034,0.0|0.05|0.1|0.2|0.4|0.6|0.8|1.0,e1b361a0bcc307511f44e9cee0c181468da574f62009f0f0a0e48b5f393f628b
audit,breast_cancer_wisconsin,mean_ensemble,label_noise,shadow,accuracy,higher_is_better,0.9655172413793104,0.0|0.05|0.1|0.2|0.4|0.6|0.8|1.0,39b38f6615088485935c442ef8d38d6e9afb0ef4676b9c98d28dfd12ae8467d5
audit,breast_cancer_wisconsin,mean_ensemble,label_noise,shadow,f1,higher_is_better,0.9523809523809523,0.0|0.05|0.1|0.2|0.4|0.6|0.8|1.0,bea9ec2f4f86b055702bcf5fbaddcacd21392b4eff248272058190f260d350d1
audit,breast_cancer_wisconsin,mean_ensemble,label_noise,shadow,unsafe_acceptance_rate,lower_is_better,0.0,0.0|0.05|0.1|0.2|0.4|0.6|0.8|1.0,0d39092378864bdca32a6151ebda47da9a76709727370995821f50fb5c4e54df
audit,breast_cancer_wisconsin,mean_ensemble,label_noise,shadow,technical_failure_rate,lower_is_better,0.0,0.0|0.05|0.1|0.2|0.4|0.6|0.8|1.0,f40641405e3729e174d1473ba609d068ec7ec1eebb0759b97fbd35adfd20c84a
audit,breast_cancer_wisconsin,mean_ensemble,label_noise,shadow,rejection_rate,context_dependent,0.6551724137931034,0.0|0.05|0.1|0.2|0.4|0.6|0.8|1.0,2766eaf77581c5e011853d24d26fe5c9b2d5fa4f3e97cfe0167e76d5e00edd5b
locked,breast_cancer_wisconsin,mean_ensemble,label_noise,primary,accuracy,higher_is_better,0.9473684210526315,0.0|0.05|0.1|0.2|0.4|0.6|0.8|1.0,a3b2e13e4311efc318038616f61f531b1fef60774d50d8ba33044198a568b666
locked,breast_cancer_wisconsin,mean_ensemble,label_noise,primary,f1,higher_is_better,0.9268292682926829,0.0|0.05|0.1|0.2|0.4|0.6|0.8|1.0,fb1fae73c153acfd2f663bab498a01984dcc26a727571f0fe4cbc207fabacbdc
locked,breast_cancer_wisconsin,mean_ensemble,label_noise,primary,unsafe_acceptance_rate,lower_is_better,0.027777777777777776,0.0|0.05|0.1|0.2|0.4|0.6|0.8|1.0,66db4076544de9f2a8507bcfaf7244f2b4b07dbc08c5c812dc6d7ffcb52ebe1f
locked,breast_cancer_wisconsin,mean_ensemble,label_noise,primary,technical_failure_rate,lower_is_better,0.0,0.0|0.05|0.1|0.2|0.4|0.6|0.8|1.0,860e505934f5c2243657489ad7578bce189fea7f00d6edcf0e9ec7285f73c10d
locked,breast_cancer_wisconsin,mean_ensemble,label_noise,primary,rejection_rate,context_dependent,0.6491228070175439,0.0|0.05|0.1|0.2|0.4|0.6|0.8|1.0,59aeef2a11bb361fa2546f007cfd414283f67a720dfae20c72b158167611d0d5
locked,breast_cancer_wisconsin,mean_ensemble,label_noise,shadow,accuracy,higher_is_better,0.9473684210526315,0.0|0.05|0.1|0.2|0.4|0.6|0.8|1.0,8f4d7681f6e35176170d77a85bbea70cfee4bc23509a81172de09e414d42e7d1
locked,breast_cancer_wisconsin,mean_ensemble,label_noise,shadow,f1,higher_is_better,0.9268292682926829,0.0|0.05|0.1|0.2|0.4|0.6|0.8|1.0,3e5743e861033e78f2d99eb201631bc31acda719c167965af870fe47403a1a99
locked,breast_cancer_wisconsin,mean_ensemble,label_noise,shadow,unsafe_acceptance_rate,lower_is_better,0.027777777777777776,0.0|0.05|0.1|0.2|0.4|0.6|0.8|1.0,d75994b71f82d28a38a01113d93cdee867843504b8e28058d5f92111ea701b6b
locked,breast_cancer_wisconsin,mean_ensemble,label_noise,shadow,technical_failure_rate,lower_is_better,0.0,0.0|0.05|0.1|0.2|0.4|0.6|0.8|1.0,9bcab9407761df94f9fc59215057b5daf12cefc5ac89e3917a58eee3b1ae4d0d
locked,breast_cancer_wisconsin,mean_ensemble,label_noise,shadow,rejection_rate,context_dependent,0.6491228070175439,0.0|0.05|0.1|0.2|0.4|0.6|0.8|1.0,1cbf525a5421db7ff5bd16a31c5d6700fab563487c455eb7c8cdc1c2654a1410
audit,breast_cancer_wisconsin,mean_ensemble,missing_features,audit,accuracy,higher_is_better,0.878735632183908,0.0|0.05|0.1|0.2|0.4|0.6|0.8|1.0,d486fc0a4ae13abf583e178ef44dee9bec40c7c4cac849ea064ba9d47372984f
audit,breast_cancer_wisconsin,mean_ensemble,missing_features,audit,f1,higher_is_better,0.7598895113600995,0.0|0.05|0.1|0.2|0.4|0.6|0.8|1.0,b7cfe94ad7d2f42f504e46ca900471fb475327ce31654f0142c21087161a0d53
audit,breast_cancer_wisconsin,mean_ensemble,missing_features,audit,unsafe_acceptance_rate,lower_is_better,0.003703703703703704,0.0|0.05|0.1|0.2|0.4|0.6|0.8|1.0,660a2c6a4c45dbd6953160701eb6c3e6ed39506ac698ab87260e0d1cf46a5486
audit,breast_cancer_wisconsin,mean_ensemble,missing_features,audit,technical_failure_rate,lower_is_better,0.0,0.0|0.05|0.1|0.2|0.4|0.6|0.8|1.0,8e3d98a8f42b4b89b0417df31d6e708d35b459e38e017a1abb98a3e207c285cb
audit,breast_cancer_wisconsin,mean_ensemble,missing_features,audit,rejection_rate,context_dependent,0.7373563218390805,0.0|0.05|0.1|0.2|0.4|0.6|0.8|1.0,ccf1e0bb60abf4a7bab73de5eaf2cac659ea65604cb78c3ec826c56b759841a0
audit,breast_cancer_wisconsin,mean_ensemble,missing_features,shadow,accuracy,higher_is_better,0.8905172413793103,0.0|0.05|0.1|0.2|0.4|0.6|0.8|1.0,ea956c4d248ef37572d368c2a5a6b806a7a0cd6fc99e7ab9029f6bdeff3736c6
audit,breast_cancer_wisconsin,mean_ensemble,missing_features,shadow,f1,higher_is_better,0.7923773448773449,0.0|0.05|0.1|0.2|0.4|0.6|0.8|1.0,e885d9057352b4f9ff91a6d04605a02e66bf2d7f73190a81b2ec9b29b967b7e6
audit,breast_cancer_wisconsin,mean_ensemble,missing_features,shadow,unsafe_acceptance_rate,lower_is_better,0.011111111111111112,0.0|0.05|0.1|0.2|0.4|0.6|0.8|1.0,27f42d361bcb8e8bb34131a9ec6fe0fe47c2a06a4c50db8f8d919daa4e129f7a
audit,breast_cancer_wisconsin,mean_ensemble,missing_features,shadow,technical_failure_rate,lower_is_better,0.0,0.0|0.05|0.1|0.2|0.4|0.6|0.8|1.0,cb0150e43452bdaa239176c15a434aabc007b99c3882a3ab0d18874db02e5100
audit,breast_cancer_wisconsin,mean_ensemble,missing_features,shadow,rejection_rate,context_dependent,0.7163793103448277,0.0|0.05|0.1|0.2|0.4|0.6|0.8|1.0,cd82c4247aa10367cd95365389de7574284ee9011bc1e7900668fb4b1512f37c
locked,breast_cancer_wisconsin,mean_ensemble,missing_features,primary,accuracy,higher_is_better,0.8766081871345028,0.0|0.05|0.1|0.2|0.4|0.6|0.8|1.0,bc543337c1ee693fe85add9e403cb2c55a02058cb6ff7e0d0c5983250dd59870
locked,breast_cancer_wisconsin,mean_ensemble,missing_features,primary,f1,higher_is_better,0.7651647745410914,0.0|0.05|0.1|0.2|0.4|0.6|0.8|1.0,0d29da7cc83d82deb0c884f398e466a11301c5cb2bb89e08fc3df864a16df91e
locked,breast_cancer_wisconsin,mean_ensemble,missing_features,primary,unsafe_acceptance_rate,lower_is_better,0.018749999999999996,0.0|0.05|0.1|0.2|0.4|0.6|0.8|1.0,b5eb33364aa263e1e7ea26e5158811ed788ecac9c74421944ec7555b118a29b6
locked,breast_cancer_wisconsin,mean_ensemble,missing_features,primary,technical_failure_rate,lower_is_better,0.0,0.0|0.05|0.1|0.2|0.4|0.6|0.8|1.0,f039a2ec1c3412ab5c432368f91800703908a19f74e06fbb523ef1cc351ef844
locked,breast_cancer_wisconsin,mean_ensemble,missing_features,primary,rejection_rate,context_dependent,0.7312865497076024,0.0|0.05|0.1|0.2|0.4|0.6|0.8|1.0,31ef16673acf73484d45b026b92de0b5e9314f239b07cc9f6005f417f89dd73a
locked,breast_cancer_wisconsin,mean_ensemble,missing_features,shadow,accuracy,higher_is_better,0.8719298245614036,0.0|0.05|0.1|0.2|0.4|0.6|0.8|1.0,800598f39288d1ed9b688dd32edc5584aad50c6571b4633dae73288a3f6fb3e7
locked,breast_cancer_wisconsin,mean_ensemble,missing_features,shadow,f1,higher_is_better,0.753043607749962,0.0|0.05|0.1|0.2|0.4|0.6|0.8|1.0,ebf7e5f23ca5466b569afe59c7fb938b17a6e8837257eeb0fffdef8a085f5cee
locked,breast_cancer_wisconsin,mean_ensemble,missing_features,shadow,unsafe_acceptance_rate,lower_is_better,0.015624999999999998,0.0|0.05|0.1|0.2|0.4|0.6|0.8|1.0,76a54e13da29cb919b4726758c04ac28a05c0ac252fa58384bd9561aa765f20f
locked,breast_cancer_wisconsin,mean_ensemble,missing_features,shadow,technical_failure_rate,lower_is_better,0.0,0.0|0.05|0.1|0.2|0.4|0.6|0.8|1.0,46bd4118f484868b3bac4e7028c6162ecf47c6c3893f0f1f6ac5552f44a34cbd
locked,breast_cancer_wisconsin,mean_ensemble,missing_features,shadow,rejection_rate,context_dependent,0.7399122807017544,0.0|0.05|0.1|0.2|0.4|0.6|0.8|1.0,aed57a434cb8d4e30639c35883f13fef904fa83cc5080b6eb5d1e816e47e0678
audit,breast_cancer_wisconsin,mean_ensemble,random_feature_deletion,audit,accuracy,higher_is_better,0.8741379310344828,0.0|0.05|0.1|0.2|0.4|0.6|0.8|1.0,9113e0f4778df75bbc6b82b03721e8c76c2346adeb976026b16d86c400942a75
audit,breast_cancer_wisconsin,mean_ensemble,random_feature_deletion,audit,f1,higher_is_better,0.7420091896407686,0.0|0.05|0.1|0.2|0.4|0.6|0.8|1.0,06ccb38964c49d05c216861e70d0a14af2ed224689ee811c84fac87395f246ec
audit,breast_cancer_wisconsin,mean_ensemble,random_feature_deletion,audit,unsafe_acceptance_rate,lower_is_better,0.003703703703703704,0.0|0.05|0.1|0.2|0.4|0.6|0.8|1.0,d132e9060c92c998b5d56aa359727015786c2bdbe6e8026bfec354ba05152f16
audit,breast_cancer_wisconsin,mean_ensemble,random_feature_deletion,audit,technical_failure_rate,lower_is_better,0.0,0.0|0.05|0.1|0.2|0.4|0.6|0.8|1.0,320138962d967b55333bd25931455743521d815ffce538b6551a04822eca3fc5
audit,breast_cancer_wisconsin,mean_ensemble,random_feature_deletion,audit,rejection_rate,context_dependent,0.7419540229885058,0.0|0.05|0.1|0.2|0.4|0.6|0.8|1.0,078239ff538c32286bfdc531d96339240d051d4c56e743cb94fdcad327250d72
audit,breast_cancer_wisconsin,mean_ensemble,random_feature_deletion,shadow,accuracy,higher_is_better,0.8896551724137931,0.0|0.05|0.1|0.2|0.4|0.6|0.8|1.0,3a8b13a3f71facf8f9201a4c78ccb6fafd9bcbef8a0270e4d4f441ebd6c60200
audit,breast_cancer_wisconsin,mean_ensemble,random_feature_deletion,shadow,f1,higher_is_better,0.7943692564745196,0.0|0.05|0.1|0.2|0.4|0.6|0.8|1.0,59c79b9cb418b95baff75fe3a36b60db79bda4acf58e1ecb9443bb0612217e04
audit,breast_cancer_wisconsin,mean_ensemble,random_feature_deletion,shadow,unsafe_acceptance_rate,lower_is_better,0.016666666666666666,0.0|0.05|0.1|0.2|0.4|0.6|0.8|1.0,8e93820f03bb951f1630dbe382f6cdbe214016c464c86c0dfd03f177f1e38180
audit,breast_cancer_wisconsin,mean_ensemble,random_feature_deletion,shadow,technical_failure_rate,lower_is_better,0.0,0.0|0.05|0.1|0.2|0.4|0.6|0.8|1.0,940328cd34eee2fb3cbc9f19075fb743b36184bb46b1751d4834c9220350d26f
audit,breast_cancer_wisconsin,mean_ensemble,random_feature_deletion,shadow,rejection_rate,context_dependent,0.710344827586207,0.0|0.05|0.1|0.2|0.4|0.6|0.8|1.0,ffc24674b023b2269e2b4c8e6b59bbe86b7b216de3a5fc5ec87395e0917095e9
locked,breast_cancer_wisconsin,mean_ensemble,random_feature_deletion,primary,accuracy,higher_is_better,0.8839181286549707,0.0|0.05|0.1|0.2|0.4|0.6|0.8|1.0,c8673c0d06683088e015e106b7d941a6c684e652952e13f37914a235aa187bfc
locked,breast_cancer_wisconsin,mean_ensemble,random_feature_deletion,primary,f1,higher_is_better,0.7759606591350428,0.0|0.05|0.1|0.2|0.4|0.6|0.8|1.0,0a10b57cdf6dcbd6568d8516ec7168e0b3813fe130aa877fcb7698d40e82f052
locked,breast_cancer_wisconsin,mean_ensemble,random_feature_deletion,primary,unsafe_acceptance_rate,lower_is_better,0.01898148148148148,0.0|0.05|0.1|0.2|0.4|0.6|0.8|1.0,514ac94bd5bddfc6a92edf5a56f63b6dbd72a06d058dc2f159a8229b496585cd
locked,breast_cancer_wisconsin,mean_ensemble,random_feature_deletion,primary,technical_failure_rate,lower_is_better,0.0,0.0|0.05|0.1|0.2|0.4|0.6|0.8|1.0,9755ffeaf023c6b448f4138ea0dd1429f6a84437069606ca7a187c9087c2228b
locked,breast_cancer_wisconsin,mean_ensemble,random_feature_deletion,primary,rejection_rate,context_dependent,0.7236842105263158,0.0|0.05|0.1|0.2|0.4|0.6|0.8|1.0,625fb81a27209b4722143e708aedf3f12309755f2e03edda9aee8877d5656f21
locked,breast_cancer_wisconsin,mean_ensemble,random_feature_deletion,shadow,accuracy,higher_is_better,0.874122807017544,0.0|0.05|0.1|0.2|0.4|0.6|0.8|1.0,3a67a4f0aa7d7431b986a09d359b8d37987744dcb881ddb699ea36bc45effecb
locked,breast_cancer_wisconsin,mean_ensemble,random_feature_deletion,shadow,f1,higher_is_better,0.761103679990387,0.0|0.05|0.1|0.2|0.4|0.6|0.8|1.0,84a24b087d3a37c2d23428b8fb746f4ca505ea9b7338f00c736f8eab76d74081
locked,breast_cancer_wisconsin,mean_ensemble,random_feature_deletion,shadow,unsafe_acceptance_rate,lower_is_better,0.02847222222222222,0.0|0.05|0.1|0.2|0.4|0.6|0.8|1.0,72bc69497cf635dde4ff1478506892fef3f2c31e36a60637de144c8b06a54e8c
locked,breast_cancer_wisconsin,mean_ensemble,random_feature_deletion,shadow,technical_failure_rate,lower_is_better,0.0,0.0|0.05|0.1|0.2|0.4|0.6|0.8|1.0,408641671e0f7c21b9b8a0abccda806cf4614168f228b20f1cf59a7ec9282501
locked,breast_cancer_wisconsin,mean_ensemble,random_feature_deletion,shadow,rejection_rate,context_dependent,0.7214912280701755,0.0|0.05|0.1|0.2|0.4|0.6|0.8|1.0,f776e80c5433f80aee0acfec926ed833beb039ed06cb0551e398d1a5acf33896
audit,breast_cancer_wisconsin,mean_ensemble,specialist_failure,audit,accuracy,higher_is_better,0.7896551724137932,0.0|0.05|0.1|0.2|0.4|0.6|0.8|1.0,19a6b5303b186e898ab5bc6970a4903655eb0d9fd858d8fdd6ac7dd11d462316
audit,breast_cancer_wisconsin,mean_ensemble,specialist_failure,audit,f1,higher_is_better,0.8316666666666667,0.0|0.05|0.1|0.2|0.4|0.6|0.8|1.0,85c28f6e1b6b0fdccf5796521ae2745d6090325ebbe5058b723f217f73de5935
audit,breast_cancer_wisconsin,mean_ensemble,specialist_failure,audit,unsafe_acceptance_rate,lower_is_better,0.3,0.0|0.05|0.1|0.2|0.4|0.6|0.8|1.0,39a1a653e64ac0336b8b42fc9f94916f4815233553195c16a7d31340110d6b9c
audit,breast_cancer_wisconsin,mean_ensemble,specialist_failure,audit,technical_failure_rate,lower_is_better,0.0,0.0|0.05|0.1|0.2|0.4|0.6|0.8|1.0,0415583eabc03f48cd469d9e4e08b40398e17016c38afced338f657464094d03
audit,breast_cancer_wisconsin,mean_ensemble,specialist_failure,audit,rejection_rate,context_dependent,0.45862068965517244,0.0|0.05|0.1|0.2|0.4|0.6|0.8|1.0,5176bb52289ead7a6f14d1daefe2dc43f63193381c07d9b1e6f22164ce913830
audit,breast_cancer_wisconsin,mean_ensemble,specialist_failure,shadow,accuracy,higher_is_better,0.7896551724137932,0.0|0.05|0.1|0.2|0.4|0.6|0.8|1.0,9c46981809325c8a4a817e2b6a2a9739aa2bd2bd0af12d5e0f856d362f1ed3a4
audit,breast_cancer_wisconsin,mean_ensemble,specialist_failure,shadow,f1,higher_is_better,0.8316666666666667,0.0|0.05|0.1|0.2|0.4|0.6|0.8|1.0,e964dd2704de6bcd53970363f0248e635a8787915c2df1b6095c1e4409a87ab8
audit,breast_cancer_wisconsin,mean_ensemble,specialist_failure,shadow,unsafe_acceptance_rate,lower_is_better,0.3,0.0|0.05|0.1|0.2|0.4|0.6|0.8|1.0,65962c6e2bfda3e392f4540139bfa03fe682d6d574df3cca5d7052cd4aa7af4d
audit,breast_cancer_wisconsin,mean_ensemble,specialist_failure,shadow,technical_failure_rate,lower_is_better,0.0,0.0|0.05|0.1|0.2|0.4|0.6|0.8|1.0,d232012aa7085be96895473ac7b6fd250a3d84711631f086b113b6a4bf902fc2
audit,breast_cancer_wisconsin,mean_ensemble,specialist_failure,shadow,rejection_rate,context_dependent,0.45862068965517244,0.0|0.05|0.1|0.2|0.4|0.6|0.8|1.0,9e8368a2b6ca5fc246abcaa707d57030356a91065e45739f4f7eebe1b330f368
locked,breast_cancer_wisconsin,mean_ensemble,specialist_failure,primary,accuracy,higher_is_better,0.7758771929824562,0.0|0.05|0.1|0.2|0.4|0.6|0.8|1.0,62927f131484c69ef91ca79868e55d8b42575e6f65fcf07be8bbc79a1e67f90d
locked,breast_cancer_wisconsin,mean_ensemble,specialist_failure,primary,f1,higher_is_better,0.8144710980076832,0.0|0.05|0.1|0.2|0.4|0.6|0.8|1.0,eeeb66e7283251759ed0ab19365d45023f078883758925f743d75155042bd731
locked,breast_cancer_wisconsin,mean_ensemble,specialist_failure,primary,unsafe_acceptance_rate,lower_is_better,0.3270833333333333,0.0|0.05|0.1|0.2|0.4|0.6|0.8|1.0,f98d15ea80da82b8376f7a4faf9530c700c48eed0e3b3648c55c8158e0f083cc
locked,breast_cancer_wisconsin,mean_ensemble,specialist_failure,primary,technical_failure_rate,lower_is_better,0.0,0.0|0.05|0.1|0.2|0.4|0.6|0.8|1.0,6729709ec377aba4a22d77c25fa546fba4d5aa18bddd4545dbccc084cad502e0
locked,breast_cancer_wisconsin,mean_ensemble,specialist_failure,primary,rejection_rate,context_dependent,0.44254385964912285,0.0|0.05|0.1|0.2|0.4|0.6|0.8|1.0,aa954a36bc549a865776743407e5ad70b4c80860f882757b0a3c80703127fc95
locked,breast_cancer_wisconsin,mean_ensemble,specialist_failure,shadow,accuracy,higher_is_better,0.7758771929824562,0.0|0.05|0.1|0.2|0.4|0.6|0.8|1.0,095023f71195d006167970ad6334604d32e0d0fa7d69483ce3f8485be4943e55
locked,breast_cancer_wisconsin,mean_ensemble,specialist_failure,shadow,f1,higher_is_better,0.8144710980076832,0.0|0.05|0.1|0.2|0.4|0.6|0.8|1.0,29b0ed9b1abe3f104d7b852f8616ff653def743b88f2de0f61e1eef1ec295a73
locked,breast_cancer_wisconsin,mean_ensemble,specialist_failure,shadow,unsafe_acceptance_rate,lower_is_better,0.3270833333333333,0.0|0.05|0.1|0.2|0.4|0.6|0.8|1.0,373b52879859d18c52f22a5946302633fb6f89caab94e1e5571e27f948f3c35d
locked,breast_cancer_wisconsin,mean_ensemble,specialist_failure,shadow,technical_failure_rate,lower_is_better,0.0,0.0|0.05|0.1|0.2|0.4|0.6|0.8|1.0,9c51fcf9e7e6dface3257852f9ac0e8487dd402a425a1956844a7c75e4745cb1
locked,breast_cancer_wisconsin,mean_ensemble,specialist_failure,shadow,rejection_rate,context_dependent,0.44254385964912285,0.0|0.05|0.1|0.2|0.4|0.6|0.8|1.0,461a3f0c1135e7cac0ccb76d911559bebc2d6dbea72296e8fb9c387e8a5cd2b7
audit,breast_cancer_wisconsin,mean_ensemble,synthetic_sensor_failure,audit,accuracy,higher_is_better,0.903448275862069,0.0|0.05|0.1|0.2|0.4|0.6|0.8|1.0,fa0b662ae82e9b6bdbc4faae07e30c70f8b9869839352bd19b527084b36ba437
audit,breast_cancer_wisconsin,mean_ensemble,synthetic_sensor_failure,audit,f1,higher_is_better,0.819047619047619,0.0|0.05|0.1|0.2|0.4|0.6|0.8|1.0,e54936d0f3733db16e263c100a08e2af8abc381b1d2ae5eee08b7fdd825a390d
audit,breast_cancer_wisconsin,mean_ensemble,synthetic_sensor_failure,audit,unsafe_acceptance_rate,lower_is_better,0.022222222222222223,0.0|0.05|0.1|0.2|0.4|0.6|0.8|1.0,4d6b265b609aa6e347a346975bd41aee21032be33b7a75d10cf81406b2280fdd
audit,breast_cancer_wisconsin,mean_ensemble,synthetic_sensor_failure,audit,technical_failure_rate,lower_is_better,0.0,0.0|0.05|0.1|0.2|0.4|0.6|0.8|1.0,888a600f3d911ecb1072289edd005c9309cf0728acac58ecb94e7358daf96e8f
audit,breast_cancer_wisconsin,mean_ensemble,synthetic_sensor_failure,audit,rejection_rate,context_dependent,0.6896551724137931,0.0|0.05|0.1|0.2|0.4|0.6|0.8|1.0,cd4f092a4e2a7d3fe37b794b7f09c83fe0abc7459616fda802a2afd663618f2a
audit,breast_cancer_wisconsin,mean_ensemble,synthetic_sensor_failure,shadow,accuracy,higher_is_better,0.903448275862069,0.0|0.05|0.1|0.2|0.4|0.6|0.8|1.0,199bf587f36d16cf19c119548a1fbb1378b37673f7f471459f5f2e232eb343d3
audit,breast_cancer_wisconsin,mean_ensemble,synthetic_sensor_failure,shadow,f1,higher_is_better,0.819047619047619,0.0|0.05|0.1|0.2|0.4|0.6|0.8|1.0,908e3b70ebc69d47e58c0397eb2f88000563b733107ca1c2fef2f8840db198ca
audit,breast_cancer_wisconsin,mean_ensemble,synthetic_sensor_failure,shadow,unsafe_acceptance_rate,lower_is_better,0.022222222222222223,0.0|0.05|0.1|0.2|0.4|0.6|0.8|1.0,3ace36709bd0f4eb095a8b3ad2ec60af7fe2f445c726408f5d1ea115b894a403
audit,breast_cancer_wisconsin,mean_ensemble,synthetic_sensor_failure,shadow,technical_failure_rate,lower_is_better,0.0,0.0|0.05|0.1|0.2|0.4|0.6|0.8|1.0,48e4b0a948d75fad92fe916293497bbfb09bf29414e17e385d4ec3b660f449e4
audit,breast_cancer_wisconsin,mean_ensemble,synthetic_sensor_failure,shadow,rejection_rate,context_dependent,0.6896551724137931,0.0|0.05|0.1|0.2|0.4|0.6|0.8|1.0,59da919c62834c785d1205e06bb9523c81741af0a095a0968ea2cd35b90a7558
locked,breast_cancer_wisconsin,mean_ensemble,synthetic_sensor_failure,primary,accuracy,higher_is_better,0.9052631578947368,0.0|0.05|0.1|0.2|0.4|0.6|0.8|1.0,a9b7b7ee9dfddd4de1df69567c486ec935114c6c68ca83c750df03aa7a56c366
locked,breast_cancer_wisconsin,mean_ensemble,synthetic_sensor_failure,primary,f1,higher_is_better,0.8189448762619495,0.0|0.05|0.1|0.2|0.4|0.6|0.8|1.0,582ea607c458df47e4ca7782865250aabf60883e5787a4a0e231eb6d83ffbe6f
locked,breast_cancer_wisconsin,mean_ensemble,synthetic_sensor_failure,primary,unsafe_acceptance_rate,lower_is_better,0.02847222222222222,0.0|0.05|0.1|0.2|0.4|0.6|0.8|1.0,8440d7d65f6a1b8f156a58333e7503b7e6682e629b6e64910aeee5613f8884cc
locked,breast_cancer_wisconsin,mean_ensemble,synthetic_sensor_failure,primary,technical_failure_rate,lower_is_better,0.0,0.0|0.05|0.1|0.2|0.4|0.6|0.8|1.0,81488f5c0e9fd5f5f84a85d83e9cf32b5456083043dc3aa1a0196604a07ba62d
locked,breast_cancer_wisconsin,mean_ensemble,synthetic_sensor_failure,primary,rejection_rate,context_dependent,0.6903508771929825,0.0|0.05|0.1|0.2|0.4|0.6|0.8|1.0,98b2e5407b6f5e07cb67763027f8424dead1a9bb3a7e1f677a36a834f0709436
locked,breast_cancer_wisconsin,mean_ensemble,synthetic_sensor_failure,shadow,accuracy,higher_is_better,0.9052631578947368,0.0|0.05|0.1|0.2|0.4|0.6|0.8|1.0,71b2cbafd50480ba7b2b9f9d401e43ccf944cae3c7f04f2074111d0344a678ae
locked,breast_cancer_wisconsin,mean_ensemble,synthetic_sensor_failure,shadow,f1,higher_is_better,0.8189448762619495,0.0|0.05|0.1|0.2|0.4|0.6|0.8|1.0,4ac4ef3792e5c877b83147297cc44e9b64b5fa84508d822250b8fdc9b20e1f94
locked,breast_cancer_wisconsin,mean_ensemble,synthetic_sensor_failure,shadow,unsafe_acceptance_rate,lower_is_better,0.02847222222222222,0.0|0.05|0.1|0.2|0.4|0.6|0.8|1.0,7816cb66c0f4720e42ce885835b497f1707281696af3e6afe13b86aed221da75
locked,breast_cancer_wisconsin,mean_ensemble,synthetic_sensor_failure,shadow,technical_failure_rate,lower_is_better,0.0,0.0|0.05|0.1|0.2|0.4|0.6|0.8|1.0,7140ab032cfe4787673b17cfecf7536f77b32e7b96d23c5ed318fc67d8eb33ff
locked,breast_cancer_wisconsin,mean_ensemble,synthetic_sensor_failure,shadow,rejection_rate,context_dependent,0.6903508771929825,0.0|0.05|0.1|0.2|0.4|0.6|0.8|1.0,182130c7839e245b81772f8bd588f69d34c1af6ec2e71eed9a27bd9dfead4cb7
audit,breast_cancer_wisconsin,pure_mavs_gc,adversarial_confidence_inflation,audit,accuracy,higher_is_better,0.9655172413793104,0.0|0.05|0.1|0.2|0.4|0.6|0.8|1.0,2886044ec52e58694cbf5f5640668d9b0b5398997ca3cc5280cbb8b32e2003f6
audit,breast_cancer_wisconsin,pure_mavs_gc,adversarial_confidence_inflation,audit,f1,higher_is_better,0.9523809523809523,0.0|0.05|0.1|0.2|0.4|0.6|0.8|1.0,8931c864bd4f256724c1e7e99f108e7bee43caa397776ecddb6ab84d0666dfc8
audit,breast_cancer_wisconsin,pure_mavs_gc,adversarial_confidence_inflation,audit,unsafe_acceptance_rate,lower_is_better,0.0,0.0|0.05|0.1|0.2|0.4|0.6|0.8|1.0,dc92219004627f6de082ba4b4101fd58a128f43c813eebd18a16635b15481c27
audit,breast_cancer_wisconsin,pure_mavs_gc,adversarial_confidence_inflation,audit,technical_failure_rate,lower_is_better,0.0,0.0|0.05|0.1|0.2|0.4|0.6|0.8|1.0,34d51a373c102c31fee5fafc7663c710f1623c1f3871adb5b8059118ebb7eb4f
audit,breast_cancer_wisconsin,pure_mavs_gc,adversarial_confidence_inflation,audit,rejection_rate,context_dependent,0.6551724137931034,0.0|0.05|0.1|0.2|0.4|0.6|0.8|1.0,3fda6035bb0a1406458756128d1ab3636e94425d3448ec340bb036bcb337c192
audit,breast_cancer_wisconsin,pure_mavs_gc,adversarial_confidence_inflation,shadow,accuracy,higher_is_better,0.9655172413793104,0.0|0.05|0.1|0.2|0.4|0.6|0.8|1.0,ecbb59c4fb45e9d241002c73351f8be07b8e1ddcc574e8c60d45ca83a79c50a5
audit,breast_cancer_wisconsin,pure_mavs_gc,adversarial_confidence_inflation,shadow,f1,higher_is_better,0.9523809523809523,0.0|0.05|0.1|0.2|0.4|0.6|0.8|1.0,3f075d7e674f38a2c258e34b2e5d0103b589211a2466da77e287b59c0f4935e0
audit,breast_cancer_wisconsin,pure_mavs_gc,adversarial_confidence_inflation,shadow,unsafe_acceptance_rate,lower_is_better,0.0,0.0|0.05|0.1|0.2|0.4|0.6|0.8|1.0,60941f3e4ecd2a61efc379bd1537a657f8674402ff0d2de9c000c431ba6dc382
audit,breast_cancer_wisconsin,pure_mavs_gc,adversarial_confidence_inflation,shadow,technical_failure_rate,lower_is_better,0.0,0.0|0.05|0.1|0.2|0.4|0.6|0.8|1.0,f70705e522465ad77542fc5b858ccc1924998a40387fc2dc2027a068ed6504ee
audit,breast_cancer_wisconsin,pure_mavs_gc,adversarial_confidence_inflation,shadow,rejection_rate,context_dependent,0.6551724137931034,0.0|0.05|0.1|0.2|0.4|0.6|0.8|1.0,24cc8579cc360013fa47bb48e53e3e1f67623f57a08a3be2d931f8d1886751ab
locked,breast_cancer_wisconsin,pure_mavs_gc,adversarial_confidence_inflation,primary,accuracy,higher_is_better,0.9380116959064326,0.0|0.05|0.1|0.2|0.4|0.6|0.8|1.0,d666baa7d7d22e922216db0b970b944c3488f41b41a643149a33f63483575126
locked,breast_cancer_wisconsin,pure_mavs_gc,adversarial_confidence_inflation,primary,f1,higher_is_better,0.9123827392120074,0.0|0.05|0.1|0.2|0.4|0.6|0.8|1.0,c8ebf3fc4f4ba779925279066d31ce32e497cd00e938f12fa9250221a5971a15
locked,breast_cancer_wisconsin,pure_mavs_gc,adversarial_confidence_inflation,primary,unsafe_acceptance_rate,lower_is_better,0.027777777777777776,0.0|0.05|0.1|0.2|0.4|0.6|0.8|1.0,315e98fa1af2e288c0ae30198336a2c15e594a8eb00b008deec1f1161854329e
locked,breast_cancer_wisconsin,pure_mavs_gc,adversarial_confidence_inflation,primary,technical_failure_rate,lower_is_better,0.0,0.0|0.05|0.1|0.2|0.4|0.6|0.8|1.0,d2baf8fab5beae021d26a3eed025fd6087cb6f5056447b404a7024a5e666e174
locked,breast_cancer_wisconsin,pure_mavs_gc,adversarial_confidence_inflation,primary,rejection_rate,context_dependent,0.6584795321637427,0.0|0.05|0.1|0.2|0.4|0.6|0.8|1.0,aea28c685c8282992b9055ce67f36e0a1a943f05433fad23b81933e1e3f48577
locked,breast_cancer_wisconsin,pure_mavs_gc,adversarial_confidence_inflation,shadow,accuracy,higher_is_better,0.9385964912280702,0.0|0.05|0.1|0.2|0.4|0.6|0.8|1.0,853565eee2a9b9decf70ae126123e3113db407b7c30d50bbf1258142dad599f1
locked,breast_cancer_wisconsin,pure_mavs_gc,adversarial_confidence_inflation,shadow,f1,higher_is_better,0.9132770481550969,0.0|0.05|0.1|0.2|0.4|0.6|0.8|1.0,8f56e402222a2778287e45e402807783b6a5988651a9cb6ea993cf19b161668e
locked,breast_cancer_wisconsin,pure_mavs_gc,adversarial_confidence_inflation,shadow,unsafe_acceptance_rate,lower_is_better,0.027777777777777776,0.0|0.05|0.1|0.2|0.4|0.6|0.8|1.0,a671e4c8e8c47558ff377b146962fba84b64d9aa5f470a87753baf3e08feb661
locked,breast_cancer_wisconsin,pure_mavs_gc,adversarial_confidence_inflation,shadow,technical_failure_rate,lower_is_better,0.0,0.0|0.05|0.1|0.2|0.4|0.6|0.8|1.0,d0e00fafaa364560969aeb85276029574cf705f6c1b4fcf75ccd9b643e7d71cd
locked,breast_cancer_wisconsin,pure_mavs_gc,adversarial_confidence_inflation,shadow,rejection_rate,context_dependent,0.6578947368421053,0.0|0.05|0.1|0.2|0.4|0.6|0.8|1.0,bd3a03d6ce9fc2165ec0b49aa7aacccf33cbd415287c37f5864ed3f248e5fd84
audit,breast_cancer_wisconsin,pure_mavs_gc,confidence_distortion,audit,accuracy,higher_is_better,0.9655172413793104,0.0|0.05|0.1|0.2|0.4|0.6|0.8|1.0,b3a364ddc8b6cc58d3f5153cb9fc5c69fb527f3246457489f0d5b2f817ed979a
audit,breast_cancer_wisconsin,pure_mavs_gc,confidence_distortion,audit,f1,higher_is_better,0.9523809523809523,0.0|0.05|0.1|0.2|0.4|0.6|0.8|1.0,a9f5ebfd01867eb9fd27e5ddbb74a573284df6982deb53995c3d642450cbf661
audit,breast_cancer_wisconsin,pure_mavs_gc,confidence_distortion,audit,unsafe_acceptance_rate,lower_is_better,0.0,0.0|0.05|0.1|0.2|0.4|0.6|0.8|1.0,a052fc82dab16bc8d5c6a3faef1fc3f49e46b52e8b41e181de075d4c4ddda2cb
audit,breast_cancer_wisconsin,pure_mavs_gc,confidence_distortion,audit,technical_failure_rate,lower_is_better,0.0,0.0|0.05|0.1|0.2|0.4|0.6|0.8|1.0,1a6fe6fa9ed0ebfb35521dd50309f415aded57a2d9479f0a85c587a891a09f67
audit,breast_cancer_wisconsin,pure_mavs_gc,confidence_distortion,audit,rejection_rate,context_dependent,0.6551724137931034,0.0|0.05|0.1|0.2|0.4|0.6|0.8|1.0,5345ac195c93c0bd1ddf35945aea839f9223ada748d383e16b2cecb491845fb5
audit,breast_cancer_wisconsin,pure_mavs_gc,confidence_distortion,shadow,accuracy,higher_is_better,0.9655172413793104,0.0|0.05|0.1|0.2|0.4|0.6|0.8|1.0,a8c0b10bac7005e80f7d1feb338d45ce4c30bd5e3dc5411b936b3e7106b4dab2
audit,breast_cancer_wisconsin,pure_mavs_gc,confidence_distortion,shadow,f1,higher_is_better,0.9523809523809523,0.0|0.05|0.1|0.2|0.4|0.6|0.8|1.0,2598d3ec708c38fcfe5c6a30112dfa7b415b638cdd7bb4e6a971149664578626
audit,breast_cancer_wisconsin,pure_mavs_gc,confidence_distortion,shadow,unsafe_acceptance_rate,lower_is_better,0.0,0.0|0.05|0.1|0.2|0.4|0.6|0.8|1.0,e861e4d3694f936503aaff134becbe310250a386f17d4d08310eafbc2ce2cdfa
audit,breast_cancer_wisconsin,pure_mavs_gc,confidence_distortion,shadow,technical_failure_rate,lower_is_better,0.0,0.0|0.05|0.1|0.2|0.4|0.6|0.8|1.0,581ae333a93cb1bc1fbe6626106026cda36d218e426f853238858551f01aa0ae
audit,breast_cancer_wisconsin,pure_mavs_gc,confidence_distortion,shadow,rejection_rate,context_dependent,0.6551724137931034,0.0|0.05|0.1|0.2|0.4|0.6|0.8|1.0,c15452606018ccffd7154d6ddcb36d6407a525a93aa75c312b3d6a6b5e830e09
locked,breast_cancer_wisconsin,pure_mavs_gc,confidence_distortion,primary,accuracy,higher_is_better,0.95,0.0|0.05|0.1|0.2|0.4|0.6|0.8|1.0,938547490f5d72bb4eed384ff6ecd078a83ddede80e92725272772752bd9bab7
locked,breast_cancer_wisconsin,pure_mavs_gc,confidence_distortion,primary,f1,higher_is_better,0.9276782363977485,0.0|0.05|0.1|0.2|0.4|0.6|0.8|1.0,35e9a8d2b6e570386239957ca6033a551fad816efaf120c17b75e30c65fe054d
locked,breast_cancer_wisconsin,pure_mavs_gc,confidence_distortion,primary,unsafe_acceptance_rate,lower_is_better,0.004166666666666667,0.0|0.05|0.1|0.2|0.4|0.6|0.8|1.0,4bb541fb80e8c74be5764729aee1f091af22b598a5bfff167e286049454aad3e
locked,breast_cancer_wisconsin,pure_mavs_gc,confidence_distortion,primary,technical_failure_rate,lower_is_better,0.0,0.0|0.05|0.1|0.2|0.4|0.6|0.8|1.0,3709c6539928d1e379fd4f306cb097a7dd7f40872e506c4876d0755af29352a9
locked,breast_cancer_wisconsin,pure_mavs_gc,confidence_distortion,primary,rejection_rate,context_dependent,0.6763157894736842,0.0|0.05|0.1|0.2|0.4|0.6|0.8|1.0,18ff42d4a3c3b0a1666c4c8acc5ee8a60b8b598c0ad11641db78c6a287d2597c
locked,breast_cancer_wisconsin,pure_mavs_gc,confidence_distortion,shadow,accuracy,higher_is_better,0.95,0.0|0.05|0.1|0.2|0.4|0.6|0.8|1.0,dfcbb22457a46cf95d3a51550740ac22f8efb450176b477ddbeda019aaa47018
locked,breast_cancer_wisconsin,pure_mavs_gc,confidence_distortion,shadow,f1,higher_is_better,0.9276782363977485,0.0|0.05|0.1|0.2|0.4|0.6|0.8|1.0,3d1da1ccda67bf619b109ce4a081c272fd05944649bb2e593625c690b745002c
locked,breast_cancer_wisconsin,pure_mavs_gc,confidence_distortion,shadow,unsafe_acceptance_rate,lower_is_better,0.004166666666666667,0.0|0.05|0.1|0.2|0.4|0.6|0.8|1.0,ef4ba1592787e14c84f2620211ff3ff45be18b6db3e9a67790d57f29547c0e80
locked,breast_cancer_wisconsin,pure_mavs_gc,confidence_distortion,shadow,technical_failure_rate,lower_is_better,0.0,0.0|0.05|0.1|0.2|0.4|0.6|0.8|1.0,a6376169b4fd936ab969a15ca6ba0aed5732cf2d32e8e428cdaa6542e2718e97
locked,breast_cancer_wisconsin,pure_mavs_gc,confidence_distortion,shadow,rejection_rate,context_dependent,0.6763157894736842,0.0|0.05|0.1|0.2|0.4|0.6|0.8|1.0,e1a1524da254103a568eded5de114a998c7ae4991fd881665e044cdfb81144c2
audit,breast_cancer_wisconsin,pure_mavs_gc,distribution_shift,audit,accuracy,higher_is_better,0.979875081814737,0.0|0.05|0.1|0.2|0.4|0.6|0.8|1.0,fc15b3ad20fc617d76288b9d76a0db703632bbd421c4735f92576ac486e88cec
audit,breast_cancer_wisconsin,pure_mavs_gc,distribution_shift,audit,f1,higher_is_better,0.9761904761904762,0.0|0.05|0.1|0.2|0.4|0.6|0.8|1.0,51d2dc1b04e0c5a7d1e5e8b66c37fc26ce7cfddc34b4aba6cf03450889c5ed7d
audit,breast_cancer_wisconsin,pure_mavs_gc,distribution_shift,audit,unsafe_acceptance_rate,lower_is_better,0.0,0.0|0.05|0.1|0.2|0.4|0.6|0.8|1.0,84d250726217402f38fbcb142a59138781da22ff3a1bebb53ace4dff5dcea93f
audit,breast_cancer_wisconsin,pure_mavs_gc,distribution_shift,audit,technical_failure_rate,lower_is_better,0.0,0.0|0.05|0.1|0.2|0.4|0.6|0.8|1.0,8ae3d2e9b6ba7ad83815473cecfd3dee9e0a214491b30f62416f92f6733f9709
audit,breast_cancer_wisconsin,pure_mavs_gc,distribution_shift,audit,rejection_rate,context_dependent,0.4974521168486686,0.0|0.05|0.1|0.2|0.4|0.6|0.8|1.0,4a3c5ef5de581ae24ea896b44b296a441aed695f29c30f464df89d7377a95ea0
audit,breast_cancer_wisconsin,pure_mavs_gc,distribution_shift,shadow,accuracy,higher_is_better,0.979875081814737,0.0|0.05|0.1|0.2|0.4|0.6|0.8|1.0,a0757ae0840db41abd86adebe734a081daed4d7e496d43dbaf97fc31284c6554
audit,breast_cancer_wisconsin,pure_mavs_gc,distribution_shift,shadow,f1,higher_is_better,0.9761904761904762,0.0|0.05|0.1|0.2|0.4|0.6|0.8|1.0,ec92e988d1b3777726577514f26be75a3b25546e8a091f5cd4d8b367b3bb0eb6
audit,breast_cancer_wisconsin,pure_mavs_gc,distribution_shift,shadow,unsafe_acceptance_rate,lower_is_better,0.0,0.0|0.05|0.1|0.2|0.4|0.6|0.8|1.0,cc8d41f25848ee5dabde0a038b717dd955351ccf9ce732a805b7e7088557f683
audit,breast_cancer_wisconsin,pure_mavs_gc,distribution_shift,shadow,technical_failure_rate,lower_is_better,0.0,0.0|0.05|0.1|0.2|0.4|0.6|0.8|1.0,e60f9e9df9701561a598b0f84d10b8f2ba2e12b90686d19f5985a1f8dd559d75
audit,breast_cancer_wisconsin,pure_mavs_gc,distribution_shift,shadow,rejection_rate,context_dependent,0.4974521168486686,0.0|0.05|0.1|0.2|0.4|0.6|0.8|1.0,0cb8768fb02fef7b3585338e098b9e768c455168bb7b6a11b205e30eeff5b5ba
locked,breast_cancer_wisconsin,pure_mavs_gc,distribution_shift,primary,accuracy,higher_is_better,0.9727195556721261,0.0|0.05|0.1|0.2|0.4|0.6|0.8|1.0,a7113abfc656275611ca0ee2a6dd0c10e45b3df440c513639870ce5b3380df6a
locked,breast_cancer_wisconsin,pure_mavs_gc,distribution_shift,primary,f1,higher_is_better,0.9660343960636827,0.0|0.05|0.1|0.2|0.4|0.6|0.8|1.0,2a06b83559a50ec5dceea49805b9b6b3b50785bae00f5070d54fa69c69d10f26
locked,breast_cancer_wisconsin,pure_mavs_gc,distribution_shift,primary,unsafe_acceptance_rate,lower_is_better,0.0042658730158730155,0.0|0.05|0.1|0.2|0.4|0.6|0.8|1.0,4525e302b8f05f56e8e14f3a0aa1eabf7809abf69576e022846650d85dd1fd83
locked,breast_cancer_wisconsin,pure_mavs_gc,distribution_shift,primary,technical_failure_rate,lower_is_better,0.0,0.0|0.05|0.1|0.2|0.4|0.6|0.8|1.0,6dbab93690d98455e983c5872b5be88bbc6e8362013e0d1757fff6954e163726
locked,breast_cancer_wisconsin,pure_mavs_gc,distribution_shift,primary,rejection_rate,context_dependent,0.5762145965689418,0.0|0.05|0.1|0.2|0.4|0.6|0.8|1.0,a03480670f544a8825bd8bcab504b79b666651be0a552ac0c28abf1b5e5ae651
locked,breast_cancer_wisconsin,pure_mavs_gc,distribution_shift,shadow,accuracy,higher_is_better,0.9727195556721261,0.0|0.05|0.1|0.2|0.4|0.6|0.8|1.0,2829f1dd17544dacb91791e88518be02226ed36acca056bbc4399bb7535fe0ff
locked,breast_cancer_wisconsin,pure_mavs_gc,distribution_shift,shadow,f1,higher_is_better,0.9660343960636827,0.0|0.05|0.1|0.2|0.4|0.6|0.8|1.0,9f3d17e412074bdddba2302f619d1477d1613488423911459e3a39adade82ca4
locked,breast_cancer_wisconsin,pure_mavs_gc,distribution_shift,shadow,unsafe_acceptance_rate,lower_is_better,0.0042658730158730155,0.0|0.05|0.1|0.2|0.4|0.6|0.8|1.0,8a9f11b319b4a86235d63734868cd8fe0a567ee72eae3ae48c1971dff9e7a69c
locked,breast_cancer_wisconsin,pure_mavs_gc,distribution_shift,shadow,technical_failure_rate,lower_is_better,0.0,0.0|0.05|0.1|0.2|0.4|0.6|0.8|1.0,8bad9aa371c37b342b2c14afefd4712d3502f71a189293563a46ff0e29ae4798
locked,breast_cancer_wisconsin,pure_mavs_gc,distribution_shift,shadow,rejection_rate,context_dependent,0.5762145965689418,0.0|0.05|0.1|0.2|0.4|0.6|0.8|1.0,3e995111ef4604bfdea6c2662b035497dd3aca341cde2f8081127721a547d6ed
audit,breast_cancer_wisconsin,pure_mavs_gc,feature_noise,audit,accuracy,higher_is_better,0.9304597701149426,0.0|0.05|0.1|0.2|0.4|0.6|0.8|1.0,1497591dbe9246ccfd00b25c4654206498111f1076716fadfdbce22222b26d0d
audit,breast_cancer_wisconsin,pure_mavs_gc,feature_noise,audit,f1,higher_is_better,0.9077946546207416,0.0|0.05|0.1|0.2|0.4|0.6|0.8|1.0,856aea1b0df476ca0a16b7bbbf1754564562e4188fba2e9489d0579ff69dac25
audit,breast_cancer_wisconsin,pure_mavs_gc,feature_noise,audit,unsafe_acceptance_rate,lower_is_better,0.042592592592592585,0.0|0.05|0.1|0.2|0.4|0.6|0.8|1.0,bce832639218b7d30b5654c13ef1a6e199be1256791f1f95ac814b8f95d8d509
audit,breast_cancer_wisconsin,pure_mavs_gc,feature_noise,audit,technical_failure_rate,lower_is_better,0.0,0.0|0.05|0.1|0.2|0.4|0.6|0.8|1.0,9309ca862f58b377738910abc5024e842b9045fe6d7dfd6e3153d3b39f8dde1d
audit,breast_cancer_wisconsin,pure_mavs_gc,feature_noise,audit,rejection_rate,context_dependent,0.6373563218390805,0.0|0.05|0.1|0.2|0.4|0.6|0.8|1.0,0dfd91716564ce98e9d4b1bf4dbf8609df00612c759a2e6cda50f57217adce94
audit,breast_cancer_wisconsin,pure_mavs_gc,feature_noise,shadow,accuracy,higher_is_better,0.9448275862068967,0.0|0.05|0.1|0.2|0.4|0.6|0.8|1.0,f12a790cecb960b06e21f44452a866876c61cbec3be7d313cee973f82514833b
audit,breast_cancer_wisconsin,pure_mavs_gc,feature_noise,shadow,f1,higher_is_better,0.9237662337662338,0.0|0.05|0.1|0.2|0.4|0.6|0.8|1.0,b2c5f50b06c0ed7a76fc29938745fd8b01492503aa5d7dcb2d7bae4c2c1a8e96
audit,breast_cancer_wisconsin,pure_mavs_gc,feature_noise,shadow,unsafe_acceptance_rate,lower_is_better,0.016666666666666666,0.0|0.05|0.1|0.2|0.4|0.6|0.8|1.0,ec156680433a8ac545867911603ddcf2f3bea1116679c3f2a2a283113836b649
audit,breast_cancer_wisconsin,pure_mavs_gc,feature_noise,shadow,technical_failure_rate,lower_is_better,0.0,0.0|0.05|0.1|0.2|0.4|0.6|0.8|1.0,5ef69aa9972fefdb3e1595db354d53accf86783508fbabf77cd2a04aca0a9334
audit,breast_cancer_wisconsin,pure_mavs_gc,feature_noise,shadow,rejection_rate,context_dependent,0.6551724137931034,0.0|0.05|0.1|0.2|0.4|0.6|0.8|1.0,6f7b7678166e5505f825d5f4cb1bac20634ebe93a0fa8c93cb8a7955373aed9f
locked,breast_cancer_wisconsin,pure_mavs_gc,feature_noise,primary,accuracy,higher_is_better,0.9271929824561403,0.0|0.05|0.1|0.2|0.4|0.6|0.8|1.0,932686f3090026a05b4257e766d1b7f4d01403cb06e05008df221b5e91765c8c
locked,breast_cancer_wisconsin,pure_mavs_gc,feature_noise,primary,f1,higher_is_better,0.8937172311049076,0.0|0.05|0.1|0.2|0.4|0.6|0.8|1.0,51d4f4ec465eb80e404edb6dea795d6a83c704ebb4b78d39ebedb1b29c14c29d
locked,breast_cancer_wisconsin,pure_mavs_gc,feature_noise,primary,unsafe_acceptance_rate,lower_is_better,0.021990740740740738,0.0|0.05|0.1|0.2|0.4|0.6|0.8|1.0,1bec6cbfbec44f9dfc585084b44421af7f207c813ccaf4baa0af7b9e71c18bec
locked,breast_cancer_wisconsin,pure_mavs_gc,feature_noise,primary,technical_failure_rate,lower_is_better,0.0,0.0|0.05|0.1|0.2|0.4|0.6|0.8|1.0,d5a3bd127d00f5fc5dd3312f8e3d13e576e519e6f6cff0d4b19792281571920c
locked,breast_cancer_wisconsin,pure_mavs_gc,feature_noise,primary,rejection_rate,context_dependent,0.6766081871345029,0.0|0.05|0.1|0.2|0.4|0.6|0.8|1.0,b0864ee5731e60d681157c2aef43eebac854aeb59858effcdd1fbff603b6132f
locked,breast_cancer_wisconsin,pure_mavs_gc,feature_noise,shadow,accuracy,higher_is_better,0.936622807017544,0.0|0.05|0.1|0.2|0.4|0.6|0.8|1.0,2945a6c478f56a94f804e24ad9c7f5be438b4d158c6942b03ff9bf237cd93b0f
locked,breast_cancer_wisconsin,pure_mavs_gc,feature_noise,shadow,f1,higher_is_better,0.9107454230087415,0.0|0.05|0.1|0.2|0.4|0.6|0.8|1.0,b66263dda55abb9197706dc1375c03633c20f99d5942f06369979a8ec804784a
locked,breast_cancer_wisconsin,pure_mavs_gc,feature_noise,shadow,unsafe_acceptance_rate,lower_is_better,0.02673611111111111,0.0|0.05|0.1|0.2|0.4|0.6|0.8|1.0,9f95ec1c26a3a6a0a4749bef7bc7db8473bb65d1e9eaf5ec93a76d879b3d8e3f
locked,breast_cancer_wisconsin,pure_mavs_gc,feature_noise,shadow,technical_failure_rate,lower_is_better,0.0,0.0|0.05|0.1|0.2|0.4|0.6|0.8|1.0,b1e6036e7f03886b8f3c0d2491b5adf99dc76e84c64e7932a7d82818f8d1e66b
locked,breast_cancer_wisconsin,pure_mavs_gc,feature_noise,shadow,rejection_rate,context_dependent,0.6611842105263158,0.0|0.05|0.1|0.2|0.4|0.6|0.8|1.0,7f03342ff474b2611d49c2461377bf42fc4915bc777d3f349025c2fa09e815d5
audit,breast_cancer_wisconsin,pure_mavs_gc,label_noise,audit,accuracy,higher_is_better,0.9655172413793104,0.0|0.05|0.1|0.2|0.4|0.6|0.8|1.0,97b20454fa5683a8c9d7b21af8f9d73ae86ced86ba9f4babf129bb1b8142a2dc
audit,breast_cancer_wisconsin,pure_mavs_gc,label_noise,audit,f1,higher_is_better,0.9523809523809523,0.0|0.05|0.1|0.2|0.4|0.6|0.8|1.0,b5be3a32d62decf04af78d0b3c05900aebd45352b81ee152bee7d8cf6090b724
audit,breast_cancer_wisconsin,pure_mavs_gc,label_noise,audit,unsafe_acceptance_rate,lower_is_better,0.0,0.0|0.05|0.1|0.2|0.4|0.6|0.8|1.0,e4f86db114b6787e5d426e90cc56281aa1c57841d95cc3695b5dfff84e4b6b4f
audit,breast_cancer_wisconsin,pure_mavs_gc,label_noise,audit,technical_failure_rate,lower_is_better,0.0,0.0|0.05|0.1|0.2|0.4|0.6|0.8|1.0,d2b2e9f294004954d22bc2e64d483656ad6829372eb9ef77640b198c728fabe3
audit,breast_cancer_wisconsin,pure_mavs_gc,label_noise,audit,rejection_rate,context_dependent,0.6551724137931034,0.0|0.05|0.1|0.2|0.4|0.6|0.8|1.0,01700385f98ca0161599afd1ab3c20f4bf54125fc6069d0461aff976f84beb87
audit,breast_cancer_wisconsin,pure_mavs_gc,label_noise,shadow,accuracy,higher_is_better,0.9655172413793104,0.0|0.05|0.1|0.2|0.4|0.6|0.8|1.0,386294e8a21a6162d1cdc86bc31c623d37b7a50bb50a36527fd9429ea77a0b84
audit,breast_cancer_wisconsin,pure_mavs_gc,label_noise,shadow,f1,higher_is_better,0.9523809523809523,0.0|0.05|0.1|0.2|0.4|0.6|0.8|1.0,f48bae3c59fe9b5bba42ba593c23ee87203764be08525055c33348fbfbad2a12
audit,breast_cancer_wisconsin,pure_mavs_gc,label_noise,shadow,unsafe_acceptance_rate,lower_is_better,0.0,0.0|0.05|0.1|0.2|0.4|0.6|0.8|1.0,8d54e0025e55859dce1a200f3880ad4b7b1f7e424119a3bac4309e126c90f671
audit,breast_cancer_wisconsin,pure_mavs_gc,label_noise,shadow,technical_failure_rate,lower_is_better,0.0,0.0|0.05|0.1|0.2|0.4|0.6|0.8|1.0,952b683db2e388a1675a54321a1567b9cd9863b69f1864738d48bb1a57008353
audit,breast_cancer_wisconsin,pure_mavs_gc,label_noise,shadow,rejection_rate,context_dependent,0.6551724137931034,0.0|0.05|0.1|0.2|0.4|0.6|0.8|1.0,b8363a39a6b64b89bacd9f22fe5b4d2b5d6595cfc046d62c0133b993352275fa
locked,breast_cancer_wisconsin,pure_mavs_gc,label_noise,primary,accuracy,higher_is_better,0.9473684210526315,0.0|0.05|0.1|0.2|0.4|0.6|0.8|1.0,c7f3706dc921e581c4c0e7286a196934cf8ee586445c0ab2768ef86e2317047a
locked,breast_cancer_wisconsin,pure_mavs_gc,label_noise,primary,f1,higher_is_better,0.9268292682926829,0.0|0.05|0.1|0.2|0.4|0.6|0.8|1.0,e4790f76d14eb8ffa6a9c40683a763923fc78fd800ff195609d1f96aa9908b3b
locked,breast_cancer_wisconsin,pure_mavs_gc,label_noise,primary,unsafe_acceptance_rate,lower_is_better,0.027777777777777776,0.0|0.05|0.1|0.2|0.4|0.6|0.8|1.0,35a04cf4470257004b013009373ea6b04c597120dfc056925fc0aa8439dd329c
locked,breast_cancer_wisconsin,pure_mavs_gc,label_noise,primary,technical_failure_rate,lower_is_better,0.0,0.0|0.05|0.1|0.2|0.4|0.6|0.8|1.0,385ce9aabb71cd97876f104b740a49cb10d6796b32d8e385d1e3e8b6517b3b96
locked,breast_cancer_wisconsin,pure_mavs_gc,label_noise,primary,rejection_rate,context_dependent,0.6491228070175439,0.0|0.05|0.1|0.2|0.4|0.6|0.8|1.0,b9c0fc8f007b1574def12d1702d42f81100425701735ef64b286a208199a922f
locked,breast_cancer_wisconsin,pure_mavs_gc,label_noise,shadow,accuracy,higher_is_better,0.9473684210526315,0.0|0.05|0.1|0.2|0.4|0.6|0.8|1.0,fd56201d4618cf25a3848ac96cec317cdc25f029cc3bdab705b381614b519aa2
locked,breast_cancer_wisconsin,pure_mavs_gc,label_noise,shadow,f1,higher_is_better,0.9268292682926829,0.0|0.05|0.1|0.2|0.4|0.6|0.8|1.0,a0ea82546104695a5c57f563a7f6ce2fc434d0c41b27800aa4b5327109a45d1c
locked,breast_cancer_wisconsin,pure_mavs_gc,label_noise,shadow,unsafe_acceptance_rate,lower_is_better,0.027777777777777776,0.0|0.05|0.1|0.2|0.4|0.6|0.8|1.0,be09956a0f88ad5568e9085e39c8906f115278a54ea595654408cae5259ff603
locked,breast_cancer_wisconsin,pure_mavs_gc,label_noise,shadow,technical_failure_rate,lower_is_better,0.0,0.0|0.05|0.1|0.2|0.4|0.6|0.8|1.0,51fd3def6d57d4233af354fc175f85ea99e08063f31e2f50f9fc9a4a5535f2a8
locked,breast_cancer_wisconsin,pure_mavs_gc,label_noise,shadow,rejection_rate,context_dependent,0.6491228070175439,0.0|0.05|0.1|0.2|0.4|0.6|0.8|1.0,18a3db08d4cfbce41e16214b72300e25acbfb148cf3884e8cc658ac353399d32
audit,breast_cancer_wisconsin,pure_mavs_gc,missing_features,audit,accuracy,higher_is_better,0.8681034482758622,0.0|0.05|0.1|0.2|0.4|0.6|0.8|1.0,bf4daefd23b796a58ff0c017bfafe423b1c6e965dd115a55f68ea124ac6e7262
audit,breast_cancer_wisconsin,pure_mavs_gc,missing_features,audit,f1,higher_is_better,0.73269069166128,0.0|0.05|0.1|0.2|0.4|0.6|0.8|1.0,1520cc7facb0f2d578bbd0ca2b1fa83578e42caf554030d35158f3ed386bf242
audit,breast_cancer_wisconsin,pure_mavs_gc,missing_features,audit,unsafe_acceptance_rate,lower_is_better,0.0,0.0|0.05|0.1|0.2|0.4|0.6|0.8|1.0,a0a2d8179f1c00eb6ced2cfbc478102790c2882c7e1fab8db0499f670a60e665
audit,breast_cancer_wisconsin,pure_mavs_gc,missing_features,audit,technical_failure_rate,lower_is_better,0.0,0.0|0.05|0.1|0.2|0.4|0.6|0.8|1.0,c478804daf3ce00c4987cda62c09bca56987182240589120abe5f034820f92ab
audit,breast_cancer_wisconsin,pure_mavs_gc,missing_features,audit,rejection_rate,context_dependent,0.7525862068965519,0.0|0.05|0.1|0.2|0.4|0.6|0.8|1.0,57c41bf7b4ccfa925de4e94386c7725d6992142c1892600bb89325cb34048b8a
audit,breast_cancer_wisconsin,pure_mavs_gc,missing_features,shadow,accuracy,higher_is_better,0.8767241379310344,0.0|0.05|0.1|0.2|0.4|0.6|0.8|1.0,a7b2a7715e6bbfdaa1b29c663083bf8e81cd5206a8ae870772eaa890dbfdf1e1
audit,breast_cancer_wisconsin,pure_mavs_gc,missing_features,shadow,f1,higher_is_better,0.7534850606909431,0.0|0.05|0.1|0.2|0.4|0.6|0.8|1.0,121a7c8b5aab5d230c5663f1951f9acb9170517074a437d41d3015f68451787d
audit,breast_cancer_wisconsin,pure_mavs_gc,missing_features,shadow,unsafe_acceptance_rate,lower_is_better,0.0,0.0|0.05|0.1|0.2|0.4|0.6|0.8|1.0,fa49ddc5e2ad1a205d703d863a261e761dfb14a5555c7c6a8ed510be6ec6699a
audit,breast_cancer_wisconsin,pure_mavs_gc,missing_features,shadow,technical_failure_rate,lower_is_better,0.0,0.0|0.05|0.1|0.2|0.4|0.6|0.8|1.0,5416320e6e53fdb843cff97f5430cfed735b7af6e2bd3d71150245ee0eb90e2b
audit,breast_cancer_wisconsin,pure_mavs_gc,missing_features,shadow,rejection_rate,context_dependent,0.7439655172413794,0.0|0.05|0.1|0.2|0.4|0.6|0.8|1.0,08df2f0011aac23c810bd719d3ca33102aa8c11c0ded23b755953284d5428eca
locked,breast_cancer_wisconsin,pure_mavs_gc,missing_features,primary,accuracy,higher_is_better,0.8558479532163742,0.0|0.05|0.1|0.2|0.4|0.6|0.8|1.0,29613296e279c4fa67109694d378be9a10a338fc5758992d720c705d7392070e
locked,breast_cancer_wisconsin,pure_mavs_gc,missing_features,primary,f1,higher_is_better,0.7168693128196912,0.0|0.05|0.1|0.2|0.4|0.6|0.8|1.0,e9c71b1bd9057ba6c10d7198740ba866c72af44b9afd6dd26953eb19a37ce74e
locked,breast_cancer_wisconsin,pure_mavs_gc,missing_features,primary,unsafe_acceptance_rate,lower_is_better,0.008564814814814813,0.0|0.05|0.1|0.2|0.4|0.6|0.8|1.0,c6c3487b7440928471e0c7339261aafba8f7a052d7a754c78218cc4d6ba2d426
locked,breast_cancer_wisconsin,pure_mavs_gc,missing_features,primary,technical_failure_rate,lower_is_better,0.0,0.0|0.05|0.1|0.2|0.4|0.6|0.8|1.0,688de5dc0e56da8c64ecb494954bf68ec0ff82d27633d238100d39d1018bd02a
locked,breast_cancer_wisconsin,pure_mavs_gc,missing_features,primary,rejection_rate,context_dependent,0.7649122807017543,0.0|0.05|0.1|0.2|0.4|0.6|0.8|1.0,8220200a2798a3ed2043685f01f6ecbb748187519d7999042dda58a374649053
locked,breast_cancer_wisconsin,pure_mavs_gc,missing_features,shadow,accuracy,higher_is_better,0.8583333333333334,0.0|0.05|0.1|0.2|0.4|0.6|0.8|1.0,1307b4e6e7e37558d6902869001cf7c08d0a7892ea1d5f1b81e88f3f14aff40f
locked,breast_cancer_wisconsin,pure_mavs_gc,missing_features,shadow,f1,higher_is_better,0.7191403655556416,0.0|0.05|0.1|0.2|0.4|0.6|0.8|1.0,be9b214e3b9f9ef591b959b616dd2cbdcb62a89e08fcdb98a4d78a7c9ae1374c
locked,breast_cancer_wisconsin,pure_mavs_gc,missing_features,shadow,unsafe_acceptance_rate,lower_is_better,0.004166666666666667,0.0|0.05|0.1|0.2|0.4|0.6|0.8|1.0,78ec14683441a33c0b42665f79281e616407255e94053816c2fa5a4e563dbb43
locked,breast_cancer_wisconsin,pure_mavs_gc,missing_features,shadow,technical_failure_rate,lower_is_better,0.0,0.0|0.05|0.1|0.2|0.4|0.6|0.8|1.0,7f09cd65f874fe3b3519b0c5d16f65dac95095438490d59ba0b598b513f89425
locked,breast_cancer_wisconsin,pure_mavs_gc,missing_features,shadow,rejection_rate,context_dependent,0.767982456140351,0.0|0.05|0.1|0.2|0.4|0.6|0.8|1.0,f4154b873e837f5b8bcaee04aafd384a10f6f35b6235e881da0a8f74487c5501
audit,breast_cancer_wisconsin,pure_mavs_gc,random_feature_deletion,audit,accuracy,higher_is_better,0.8543103448275863,0.0|0.05|0.1|0.2|0.4|0.6|0.8|1.0,54683fcd28cfb8b47f6188e0c0b4e36d43066f74b0fc7453206d197c7791a586
audit,breast_cancer_wisconsin,pure_mavs_gc,random_feature_deletion,audit,f1,higher_is_better,0.6779232804232805,0.0|0.05|0.1|0.2|0.4|0.6|0.8|1.0,10344f75a530a78e93a1fa9c22cc25a7853396b8d545667b6a73c5835c2e5f1d
audit,breast_cancer_wisconsin,pure_mavs_gc,random_feature_deletion,audit,unsafe_acceptance_rate,lower_is_better,0.0,0.0|0.05|0.1|0.2|0.4|0.6|0.8|1.0,ba098db28f35f02001ef03959023414a6bffee38e25ea7377a13f7607f4c8ff5
audit,breast_cancer_wisconsin,pure_mavs_gc,random_feature_deletion,audit,technical_failure_rate,lower_is_better,0.0,0.0|0.05|0.1|0.2|0.4|0.6|0.8|1.0,e001db5dd24e573c35a3f4ac89200542c4c63710a41cd5f469a1905ed72df084
audit,breast_cancer_wisconsin,pure_mavs_gc,random_feature_deletion,audit,rejection_rate,context_dependent,0.7663793103448275,0.0|0.05|0.1|0.2|0.4|0.6|0.8|1.0,e0319f5128e6df2418111eedbfe8ff54f4f9abcc22aec2a5d1f4905fb4c9eca7
audit,breast_cancer_wisconsin,pure_mavs_gc,random_feature_deletion,shadow,accuracy,higher_is_better,0.8655172413793104,0.0|0.05|0.1|0.2|0.4|0.6|0.8|1.0,ef50a6445039481748696b69ee524716a642a799722eb4f074a74e2d2d14aa02
audit,breast_cancer_wisconsin,pure_mavs_gc,random_feature_deletion,shadow,f1,higher_is_better,0.727865402571285,0.0|0.05|0.1|0.2|0.4|0.6|0.8|1.0,c26551fb048b4e6a725205d426ae747cc4c369bc85b2e38bdc5d62e761bd63fa
audit,breast_cancer_wisconsin,pure_mavs_gc,random_feature_deletion,shadow,unsafe_acceptance_rate,lower_is_better,0.0,0.0|0.05|0.1|0.2|0.4|0.6|0.8|1.0,720930ee570faf7d3925b55e3220ac4cf1205c115cc3cbecbfa30eae7eace511
audit,breast_cancer_wisconsin,pure_mavs_gc,random_feature_deletion,shadow,technical_failure_rate,lower_is_better,0.0,0.0|0.05|0.1|0.2|0.4|0.6|0.8|1.0,a521c4c28a043ba734af50aca60171ccd24997bc42c2ed9998ef761ca5952d77
audit,breast_cancer_wisconsin,pure_mavs_gc,random_feature_deletion,shadow,rejection_rate,context_dependent,0.7551724137931035,0.0|0.05|0.1|0.2|0.4|0.6|0.8|1.0,0c0b595a61562f83918da47114220e44091ddb4956f602d32348294fbef70798
locked,breast_cancer_wisconsin,pure_mavs_gc,random_feature_deletion,primary,accuracy,higher_is_better,0.861111111111111,0.0|0.05|0.1|0.2|0.4|0.6|0.8|1.0,86ad2d8cf87c2dd23890a83e10762ea249e88d3711aab4fb6864b4c10faa7212
locked,breast_cancer_wisconsin,pure_mavs_gc,random_feature_deletion,primary,f1,higher_is_better,0.7150225270141451,0.0|0.05|0.1|0.2|0.4|0.6|0.8|1.0,0265c5c15f5703377ca8952332343d083ac566681a9b9dce16f0c8b0a5f8ce3f
locked,breast_cancer_wisconsin,pure_mavs_gc,random_feature_deletion,primary,unsafe_acceptance_rate,lower_is_better,0.01712962962962963,0.0|0.05|0.1|0.2|0.4|0.6|0.8|1.0,cedca4c8bc00f6dbc221e1cdd5ca91acb036911ed343f3f478931d24645e06b1
locked,breast_cancer_wisconsin,pure_mavs_gc,random_feature_deletion,primary,technical_failure_rate,lower_is_better,0.0,0.0|0.05|0.1|0.2|0.4|0.6|0.8|1.0,e3f44e81b2116595e33669b40997e4f00a986a9623068dd04213f69e1f3c1705
locked,breast_cancer_wisconsin,pure_mavs_gc,random_feature_deletion,primary,rejection_rate,context_dependent,0.7488304093567251,0.0|0.05|0.1|0.2|0.4|0.6|0.8|1.0,a25b1c80e203457103b338a0b06fd6283a1cdef87e612c5d50cfa09f4a8b1f12
locked,breast_cancer_wisconsin,pure_mavs_gc,random_feature_deletion,shadow,accuracy,higher_is_better,0.8633771929824563,0.0|0.05|0.1|0.2|0.4|0.6|0.8|1.0,a7211b91b542ca0f0603857e2b20c8bf0d3495c1ae49561240820f0af82c7fe9
locked,breast_cancer_wisconsin,pure_mavs_gc,random_feature_deletion,shadow,f1,higher_is_better,0.735941037400285,0.0|0.05|0.1|0.2|0.4|0.6|0.8|1.0,64bdbd27a08fd441d8b5d6726db0589668630aa313f26ab110ed4613bf4ff962
locked,breast_cancer_wisconsin,pure_mavs_gc,random_feature_deletion,shadow,unsafe_acceptance_rate,lower_is_better,0.010069444444444443,0.0|0.05|0.1|0.2|0.4|0.6|0.8|1.0,c02e10a8cb766e64ecfe675129248f5a2ae35479003f55bb2ea60ad867216f7a
locked,breast_cancer_wisconsin,pure_mavs_gc,random_feature_deletion,shadow,technical_failure_rate,lower_is_better,0.0,0.0|0.05|0.1|0.2|0.4|0.6|0.8|1.0,7163474d9c367bcb55b110d65387457324fce68f896a92157816a6b736c98ddd
locked,breast_cancer_wisconsin,pure_mavs_gc,random_feature_deletion,shadow,rejection_rate,context_dependent,0.7554824561403508,0.0|0.05|0.1|0.2|0.4|0.6|0.8|1.0,ed231245e8d334806f0a6d382c124377fcb14f07d4b508344a9e4aaaeabe6169
audit,breast_cancer_wisconsin,pure_mavs_gc,specialist_failure,audit,accuracy,higher_is_better,0.8620689655172415,0.0|0.05|0.1|0.2|0.4|0.6|0.8|1.0,237eec819650741ff2dd2662142685c54c98a613c7de09fe148c80ffeb8b511a
audit,breast_cancer_wisconsin,pure_mavs_gc,specialist_failure,audit,f1,higher_is_better,0.6666666666666666,0.0|0.05|0.1|0.2|0.4|0.6|0.8|1.0,3bd2c9d685dc2989ce19d8782f4c0630c891249952e0d48c9d6df6e11dd0275a
audit,breast_cancer_wisconsin,pure_mavs_gc,specialist_failure,audit,unsafe_acceptance_rate,lower_is_better,0.0,0.0|0.05|0.1|0.2|0.4|0.6|0.8|1.0,782f9df1b6c5a5d0ce1bce6ca5cfc810ddd361c2e445b343d75ba8dc204ad439
audit,breast_cancer_wisconsin,pure_mavs_gc,specialist_failure,audit,technical_failure_rate,lower_is_better,0.0,0.0|0.05|0.1|0.2|0.4|0.6|0.8|1.0,afbe88e0e415a117957a57abe0260f06393511ec75a857bc4508b9c46775f6fb
audit,breast_cancer_wisconsin,pure_mavs_gc,specialist_failure,audit,rejection_rate,context_dependent,0.7586206896551724,0.0|0.05|0.1|0.2|0.4|0.6|0.8|1.0,002c457c764fd0569a240ad1e888b35bd196a1a27173d657f6f6c07e42fa4dcd
audit,breast_cancer_wisconsin,pure_mavs_gc,specialist_failure,shadow,accuracy,higher_is_better,0.8620689655172415,0.0|0.05|0.1|0.2|0.4|0.6|0.8|1.0,41f5b3255c11deede1b5d94893a923116d59079588952e52c8e9c77aff5edf97
audit,breast_cancer_wisconsin,pure_mavs_gc,specialist_failure,shadow,f1,higher_is_better,0.6666666666666666,0.0|0.05|0.1|0.2|0.4|0.6|0.8|1.0,693570a195a51062e3d6ac475c5e46d0e1df62f3c311c17c9fa4054af2be3ed5
audit,breast_cancer_wisconsin,pure_mavs_gc,specialist_failure,shadow,unsafe_acceptance_rate,lower_is_better,0.0,0.0|0.05|0.1|0.2|0.4|0.6|0.8|1.0,c228a5507e2ec0da8ea27fe53e90daf05ff3c68a3cd99f83b664697d2875cbf3
audit,breast_cancer_wisconsin,pure_mavs_gc,specialist_failure,shadow,technical_failure_rate,lower_is_better,0.0,0.0|0.05|0.1|0.2|0.4|0.6|0.8|1.0,2285b70213c1613c54f6dfd1ba43c027d3202b29d1991894260f7a62706d1c48
audit,breast_cancer_wisconsin,pure_mavs_gc,specialist_failure,shadow,rejection_rate,context_dependent,0.7586206896551724,0.0|0.05|0.1|0.2|0.4|0.6|0.8|1.0,77ba237dd2adbc5880d1c24fe9993a27ce6cb4d41800fcd7ad65a55b1bbb4ffb
locked,breast_cancer_wisconsin,pure_mavs_gc,specialist_failure,primary,accuracy,higher_is_better,0.8478070175438597,0.0|0.05|0.1|0.2|0.4|0.6|0.8|1.0,674dea06ed0d265858ea0d99c23130a6c4303580d7500abfff39454f83442a4d
locked,breast_cancer_wisconsin,pure_mavs_gc,specialist_failure,primary,f1,higher_is_better,0.6414024390243902,0.0|0.05|0.1|0.2|0.4|0.6|0.8|1.0,0eb4c0df93eba05fdf4abf23d0a456852327e96b8582c0c165bd06996f60a5e1
locked,breast_cancer_wisconsin,pure_mavs_gc,specialist_failure,primary,unsafe_acceptance_rate,lower_is_better,0.019444444444444445,0.0|0.05|0.1|0.2|0.4|0.6|0.8|1.0,d6be69dac63e3f8205a708d64927eeb6b6d66136148b41d61a3dd35d1f12aef6
locked,breast_cancer_wisconsin,pure_mavs_gc,specialist_failure,primary,technical_failure_rate,lower_is_better,0.0,0.0|0.05|0.1|0.2|0.4|0.6|0.8|1.0,1b651a09b1f0709cd05a052278f4e00b7240b413022c1e2ba4c096dc6fd681d3
locked,breast_cancer_wisconsin,pure_mavs_gc,specialist_failure,primary,rejection_rate,context_dependent,0.7592105263157896,0.0|0.05|0.1|0.2|0.4|0.6|0.8|1.0,f9463e2a70eb48e3c37772e9c1d3bef350f163f25ffba5a7f6b4408db1d4e9f9
locked,breast_cancer_wisconsin,pure_mavs_gc,specialist_failure,shadow,accuracy,higher_is_better,0.8478070175438597,0.0|0.05|0.1|0.2|0.4|0.6|0.8|1.0,73939c1759ef957c4112c032cfe1148c2bf92cb23ceab28bf7f847385e0fe8d6
locked,breast_cancer_wisconsin,pure_mavs_gc,specialist_failure,shadow,f1,higher_is_better,0.6414024390243902,0.0|0.05|0.1|0.2|0.4|0.6|0.8|1.0,e08e83fff1929d83d0309b236294b4300c959d33354e0775a573b019b5f90faa
locked,breast_cancer_wisconsin,pure_mavs_gc,specialist_failure,shadow,unsafe_acceptance_rate,lower_is_better,0.019444444444444445,0.0|0.05|0.1|0.2|0.4|0.6|0.8|1.0,bac67dcc1fb94e88eee5ea49d323eaf349ea76f2e53957d74c1e0cb0438de96e
locked,breast_cancer_wisconsin,pure_mavs_gc,specialist_failure,shadow,technical_failure_rate,lower_is_better,0.0,0.0|0.05|0.1|0.2|0.4|0.6|0.8|1.0,097d8c8755c043bbec66eddc8d6fb2db6bd21660c4a275b923d1370aab3beb71
locked,breast_cancer_wisconsin,pure_mavs_gc,specialist_failure,shadow,rejection_rate,context_dependent,0.7592105263157896,0.0|0.05|0.1|0.2|0.4|0.6|0.8|1.0,c121d0bd5e4d1c8de559c7a263bd53651e14bb3acf96c41988b93fa414102d73
audit,breast_cancer_wisconsin,pure_mavs_gc,synthetic_sensor_failure,audit,accuracy,higher_is_better,0.896551724137931,0.0|0.05|0.1|0.2|0.4|0.6|0.8|1.0,dbc73a76018da66884f5562c96bed0840f00a7f4dc577099cc4850be527056ea
audit,breast_cancer_wisconsin,pure_mavs_gc,synthetic_sensor_failure,audit,f1,higher_is_better,0.8,0.0|0.05|0.1|0.2|0.4|0.6|0.8|1.0,ff7d5c5337b7840c00cd1f30481675f969e176b5f70ccb481efdf53c623e87ba
audit,breast_cancer_wisconsin,pure_mavs_gc,synthetic_sensor_failure,audit,unsafe_acceptance_rate,lower_is_better,0.011111111111111112,0.0|0.05|0.1|0.2|0.4|0.6|0.8|1.0,1e8c00df41592640f6008f743b57880d6291c4456fd294da7ef3bd2d07441e44
audit,breast_cancer_wisconsin,pure_mavs_gc,synthetic_sensor_failure,audit,technical_failure_rate,lower_is_better,0.0,0.0|0.05|0.1|0.2|0.4|0.6|0.8|1.0,75d0ab40449aa061ae723306994195f88eb9934814dee8940124c002d5f7ab19
audit,breast_cancer_wisconsin,pure_mavs_gc,synthetic_sensor_failure,audit,rejection_rate,context_dependent,0.710344827586207,0.0|0.05|0.1|0.2|0.4|0.6|0.8|1.0,48548be72a65e1acb42a0eeaceeb295ba72baf0a066a4ee6752bf179879a0ca5
audit,breast_cancer_wisconsin,pure_mavs_gc,synthetic_sensor_failure,shadow,accuracy,higher_is_better,0.896551724137931,0.0|0.05|0.1|0.2|0.4|0.6|0.8|1.0,c049073235d34d736222dc56efaebf77bf9b0ae9c56aec8faa0415783ea91fcb
audit,breast_cancer_wisconsin,pure_mavs_gc,synthetic_sensor_failure,shadow,f1,higher_is_better,0.8,0.0|0.05|0.1|0.2|0.4|0.6|0.8|1.0,4269495b2673dfd70349e58686b86311e13fa4b4656c6d8ea3a803d0a85c0970
audit,breast_cancer_wisconsin,pure_mavs_gc,synthetic_sensor_failure,shadow,unsafe_acceptance_rate,lower_is_better,0.011111111111111112,0.0|0.05|0.1|0.2|0.4|0.6|0.8|1.0,84e53448dc77340f8c1fc80e49ce7bface08e34a4b942c42c3caf7796a22a304
audit,breast_cancer_wisconsin,pure_mavs_gc,synthetic_sensor_failure,shadow,technical_failure_rate,lower_is_better,0.0,0.0|0.05|0.1|0.2|0.4|0.6|0.8|1.0,1516fbc4398d0d48e8ec175283b2038713556b596dcb8f655c4f63a8283cb2cd
audit,breast_cancer_wisconsin,pure_mavs_gc,synthetic_sensor_failure,shadow,rejection_rate,context_dependent,0.710344827586207,0.0|0.05|0.1|0.2|0.4|0.6|0.8|1.0,b764fedc3d178ea94ae1af00d0268a234e84b1d0c18a9a1a73daf2686732684a
locked,breast_cancer_wisconsin,pure_mavs_gc,synthetic_sensor_failure,primary,accuracy,higher_is_better,0.900438596491228,0.0|0.05|0.1|0.2|0.4|0.6|0.8|1.0,fa2a9bdfca61c8519197c7b018d0008ed662e49a5eb02a7c0f189ab51dbb6c3f
locked,breast_cancer_wisconsin,pure_mavs_gc,synthetic_sensor_failure,primary,f1,higher_is_better,0.8083761232349165,0.0|0.05|0.1|0.2|0.4|0.6|0.8|1.0,94e1978d13bf379ce546982af35da44f5ed65e5a27a1bb9d40859a58ea317436
locked,breast_cancer_wisconsin,pure_mavs_gc,synthetic_sensor_failure,primary,unsafe_acceptance_rate,lower_is_better,0.017361111111111112,0.0|0.05|0.1|0.2|0.4|0.6|0.8|1.0,f133444116ce992f48951ff8ec75ed6aca436492a632303de0fb4263220ffb04
locked,breast_cancer_wisconsin,pure_mavs_gc,synthetic_sensor_failure,primary,technical_failure_rate,lower_is_better,0.0,0.0|0.05|0.1|0.2|0.4|0.6|0.8|1.0,762aec53f9bb5241e9a39a47742f722774567e1c646ed2100dce5b6a1281a918
locked,breast_cancer_wisconsin,pure_mavs_gc,synthetic_sensor_failure,primary,rejection_rate,context_dependent,0.7092105263157894,0.0|0.05|0.1|0.2|0.4|0.6|0.8|1.0,a1a65434a6ebd362c5a84600a378202a2883da5085e6ed4e8cee627b1fab1a12
locked,breast_cancer_wisconsin,pure_mavs_gc,synthetic_sensor_failure,shadow,accuracy,higher_is_better,0.900438596491228,0.0|0.05|0.1|0.2|0.4|0.6|0.8|1.0,a27d7b08e913d8a9f9ec1702444645bc70ddb35b7371358a640bf131a7e0692f
locked,breast_cancer_wisconsin,pure_mavs_gc,synthetic_sensor_failure,shadow,f1,higher_is_better,0.8083761232349165,0.0|0.05|0.1|0.2|0.4|0.6|0.8|1.0,c329c695c85ebe83dbea0c4ec4a687c1b8b90e7f5ef0115cf8baca4521131506
locked,breast_cancer_wisconsin,pure_mavs_gc,synthetic_sensor_failure,shadow,unsafe_acceptance_rate,lower_is_better,0.017361111111111112,0.0|0.05|0.1|0.2|0.4|0.6|0.8|1.0,b7efce48bd7422493a45657cbb56044304290ddf8cb3b1438faf6e357f3b38bf
locked,breast_cancer_wisconsin,pure_mavs_gc,synthetic_sensor_failure,shadow,technical_failure_rate,lower_is_better,0.0,0.0|0.05|0.1|0.2|0.4|0.6|0.8|1.0,5a63184252e4b6ddacd18cd6e4ab6aa9a53fa575bc16a3ab7d139af518e3a82d
locked,breast_cancer_wisconsin,pure_mavs_gc,synthetic_sensor_failure,shadow,rejection_rate,context_dependent,0.7092105263157894,0.0|0.05|0.1|0.2|0.4|0.6|0.8|1.0,b22306c934cfc13fd0d04707706d590ea3e7e29f92a0ed50af791cc390e58642
audit,breast_cancer_wisconsin,single_model,adversarial_confidence_inflation,audit,accuracy,higher_is_better,0.9655172413793104,0.0|0.05|0.1|0.2|0.4|0.6|0.8|1.0,40e179b37f970b4c9d388e8056a7145f45e47f94014e55b9553042ef6e5c7905
audit,breast_cancer_wisconsin,single_model,adversarial_confidence_inflation,audit,f1,higher_is_better,0.9523809523809523,0.0|0.05|0.1|0.2|0.4|0.6|0.8|1.0,b8d6dd2bf01ec04e5cacb009acdcbb295d06df0a7559d3af45f27707390e388a
audit,breast_cancer_wisconsin,single_model,adversarial_confidence_inflation,audit,unsafe_acceptance_rate,lower_is_better,0.0,0.0|0.05|0.1|0.2|0.4|0.6|0.8|1.0,9390e6f5d3d3e7382cffe96ffa4a541d392d22bade2e41dee3916747680008d3
audit,breast_cancer_wisconsin,single_model,adversarial_confidence_inflation,audit,technical_failure_rate,lower_is_better,0.0,0.0|0.05|0.1|0.2|0.4|0.6|0.8|1.0,a72de105bfe1611fbd2563b056487c43b7809946bb265b36d389066c92ed67f4
audit,breast_cancer_wisconsin,single_model,adversarial_confidence_inflation,audit,rejection_rate,context_dependent,0.6551724137931034,0.0|0.05|0.1|0.2|0.4|0.6|0.8|1.0,3c7ff62ebd9fe7f8471d213aa5cb70fa1a08d5d2df40aaebe69aeebb115c1637
audit,breast_cancer_wisconsin,single_model,adversarial_confidence_inflation,shadow,accuracy,higher_is_better,0.9655172413793104,0.0|0.05|0.1|0.2|0.4|0.6|0.8|1.0,f60b267a0c948bb870764f66aacbdb646a902dbcfae87f53fab79bb0572e20e3
audit,breast_cancer_wisconsin,single_model,adversarial_confidence_inflation,shadow,f1,higher_is_better,0.9523809523809523,0.0|0.05|0.1|0.2|0.4|0.6|0.8|1.0,821ff58b482bb80f0675448fbf91cf04fcea954ae797627f2d546b83c43bbfd0
audit,breast_cancer_wisconsin,single_model,adversarial_confidence_inflation,shadow,unsafe_acceptance_rate,lower_is_better,0.0,0.0|0.05|0.1|0.2|0.4|0.6|0.8|1.0,ff70e25973a357522015240a81795d3f4c3d83255cbadc0a9ff2e3b4e2eef75f
audit,breast_cancer_wisconsin,single_model,adversarial_confidence_inflation,shadow,technical_failure_rate,lower_is_better,0.0,0.0|0.05|0.1|0.2|0.4|0.6|0.8|1.0,fabbfbe8d0eb0ba74e96cbafee192a084b40c6bee7729dae0f159aa096adddbc
audit,breast_cancer_wisconsin,single_model,adversarial_confidence_inflation,shadow,rejection_rate,context_dependent,0.6551724137931034,0.0|0.05|0.1|0.2|0.4|0.6|0.8|1.0,8d46747ded8913335c34e9cb0740d75f41153ea9098bafc5956d5d9c43355685
locked,breast_cancer_wisconsin,single_model,adversarial_confidence_inflation,primary,accuracy,higher_is_better,0.9649122807017544,0.0|0.05|0.1|0.2|0.4|0.6|0.8|1.0,d8a3265ddbdc72648fc3e117c2b81757e0a05b9318849531fab08cfca39ad600
locked,breast_cancer_wisconsin,single_model,adversarial_confidence_inflation,primary,f1,higher_is_better,0.9523809523809523,0.0|0.05|0.1|0.2|0.4|0.6|0.8|1.0,845df4e60ec3485ab4342a4accf0c584a806f1e4824c0de5d664ce8a806313b7
locked,breast_cancer_wisconsin,single_model,adversarial_confidence_inflation,primary,unsafe_acceptance_rate,lower_is_better,0.027777777777777776,0.0|0.05|0.1|0.2|0.4|0.6|0.8|1.0,202936d68a271b10e51203c4dc762caa6e4d6b6af4a1100f51adc42758a5fc7b
locked,breast_cancer_wisconsin,single_model,adversarial_confidence_inflation,primary,technical_failure_rate,lower_is_better,0.0,0.0|0.05|0.1|0.2|0.4|0.6|0.8|1.0,6631b3767b6f70c455f046600be9b22dcd151b7ecf1c53f62021f3d4b9454bb4
locked,breast_cancer_wisconsin,single_model,adversarial_confidence_inflation,primary,rejection_rate,context_dependent,0.631578947368421,0.0|0.05|0.1|0.2|0.4|0.6|0.8|1.0,f741a751c54d7954ec5112b95f1a8013e80b6a64e710aff9f67f41d912c1a191
locked,breast_cancer_wisconsin,single_model,adversarial_confidence_inflation,shadow,accuracy,higher_is_better,0.9649122807017544,0.0|0.05|0.1|0.2|0.4|0.6|0.8|1.0,da28e825bf372e905765aafa5207bc5d812bfb971fd9683cda201abb0e921b4d
locked,breast_cancer_wisconsin,single_model,adversarial_confidence_inflation,shadow,f1,higher_is_better,0.9523809523809523,0.0|0.05|0.1|0.2|0.4|0.6|0.8|1.0,53c5221a037b5531f35a55ad830c7949a13a4155ef01d626b9b60918093ef4d9
locked,breast_cancer_wisconsin,single_model,adversarial_confidence_inflation,shadow,unsafe_acceptance_rate,lower_is_better,0.027777777777777776,0.0|0.05|0.1|0.2|0.4|0.6|0.8|1.0,57a0174d6a6e6511b819abd3d6d0678a8053fda883614b60bcfb77d66c89fd5d
locked,breast_cancer_wisconsin,single_model,adversarial_confidence_inflation,shadow,technical_failure_rate,lower_is_better,0.0,0.0|0.05|0.1|0.2|0.4|0.6|0.8|1.0,e3a2977b87cd9ed7eb4691778138e9b557d86dccb140792dc34fcc252e104b86
locked,breast_cancer_wisconsin,single_model,adversarial_confidence_inflation,shadow,rejection_rate,context_dependent,0.631578947368421,0.0|0.05|0.1|0.2|0.4|0.6|0.8|1.0,b4735f374138750e1b9bec1925a27eb9dfa7228d2a82a4ce354faadd55c7c0fb
audit,breast_cancer_wisconsin,single_model,confidence_distortion,audit,accuracy,higher_is_better,0.9655172413793104,0.0|0.05|0.1|0.2|0.4|0.6|0.8|1.0,0b8e8024a7af74c05a86ab5eb39c850098a07fc8a791f9adb841dd72edd53fe3
audit,breast_cancer_wisconsin,single_model,confidence_distortion,audit,f1,higher_is_better,0.9523809523809523,0.0|0.05|0.1|0.2|0.4|0.6|0.8|1.0,8143fcec2f0f544c0ee86290bc96d6fb0de5c5cac0cbb0dc6349c0067720a0f8
audit,breast_cancer_wisconsin,single_model,confidence_distortion,audit,unsafe_acceptance_rate,lower_is_better,0.0,0.0|0.05|0.1|0.2|0.4|0.6|0.8|1.0,cce93ba89ba01db1418eae0bb07c5dc1254bc681c037ae27caf0543d285ea4b6
audit,breast_cancer_wisconsin,single_model,confidence_distortion,audit,technical_failure_rate,lower_is_better,0.0,0.0|0.05|0.1|0.2|0.4|0.6|0.8|1.0,793c8338aea82259888c9755dbd34fcf4a9f28a1b5de8e433af5137654cc9324
audit,breast_cancer_wisconsin,single_model,confidence_distortion,audit,rejection_rate,context_dependent,0.6551724137931034,0.0|0.05|0.1|0.2|0.4|0.6|0.8|1.0,bcf5a3eff2f1b6752fc8c420b6eb2edb622192cb60019407d64258be4905f46b
audit,breast_cancer_wisconsin,single_model,confidence_distortion,shadow,accuracy,higher_is_better,0.9655172413793104,0.0|0.05|0.1|0.2|0.4|0.6|0.8|1.0,b40f5cca5a9d1a347fceb0302c5a3d5254c87810d7e7842c4f2b7678e4857ed3
audit,breast_cancer_wisconsin,single_model,confidence_distortion,shadow,f1,higher_is_better,0.9523809523809523,0.0|0.05|0.1|0.2|0.4|0.6|0.8|1.0,84e932fc3cd1f0f4ac928409ae2e7823e9afcd89e4cb3a30ddfe935b181ee12a
audit,breast_cancer_wisconsin,single_model,confidence_distortion,shadow,unsafe_acceptance_rate,lower_is_better,0.0,0.0|0.05|0.1|0.2|0.4|0.6|0.8|1.0,7d70839e5f25d992624310850d94e952f5df481a06f3fe8458bdd5f9f5f33386
audit,breast_cancer_wisconsin,single_model,confidence_distortion,shadow,technical_failure_rate,lower_is_better,0.0,0.0|0.05|0.1|0.2|0.4|0.6|0.8|1.0,8d6b58497b5cc425f5649dcfdc7dfebe35c58ec7692ba194cf4a7c24c97de9f4
audit,breast_cancer_wisconsin,single_model,confidence_distortion,shadow,rejection_rate,context_dependent,0.6551724137931034,0.0|0.05|0.1|0.2|0.4|0.6|0.8|1.0,f3a9d30bab81e1134d62761ff1317b06a8bba67c55765f7d9365328e0d5a0f25
locked,breast_cancer_wisconsin,single_model,confidence_distortion,primary,accuracy,higher_is_better,0.9649122807017544,0.0|0.05|0.1|0.2|0.4|0.6|0.8|1.0,16a51c57708b3009a3219b6a000df6f56a5bc8442db0b0a42e602f5a1f0c1c87
locked,breast_cancer_wisconsin,single_model,confidence_distortion,primary,f1,higher_is_better,0.9523809523809523,0.0|0.05|0.1|0.2|0.4|0.6|0.8|1.0,e6805f96bce66209fd0a0930fb85e47926339c6d15035c46ef82f20a67fbd62c
locked,breast_cancer_wisconsin,single_model,confidence_distortion,primary,unsafe_acceptance_rate,lower_is_better,0.027777777777777776,0.0|0.05|0.1|0.2|0.4|0.6|0.8|1.0,342ddc5e2beb9c5c77a0df1925b80dd6d0389f0394df37e1b4b39287072ad9fc
locked,breast_cancer_wisconsin,single_model,confidence_distortion,primary,technical_failure_rate,lower_is_better,0.0,0.0|0.05|0.1|0.2|0.4|0.6|0.8|1.0,5dd21b137897c07cca916f8ce2e04815a4520a34954e0301a8a6c7b68b527035
locked,breast_cancer_wisconsin,single_model,confidence_distortion,primary,rejection_rate,context_dependent,0.631578947368421,0.0|0.05|0.1|0.2|0.4|0.6|0.8|1.0,7cca4b3840e9412eb5752cab0fa80fa16f7bc8d99f0227c2a03c92d3c778ded1
locked,breast_cancer_wisconsin,single_model,confidence_distortion,shadow,accuracy,higher_is_better,0.9649122807017544,0.0|0.05|0.1|0.2|0.4|0.6|0.8|1.0,ce2de8cb112cfd7df2009e90cb3d2abb109d376443bb66dbd7897c329e1ea5d9
locked,breast_cancer_wisconsin,single_model,confidence_distortion,shadow,f1,higher_is_better,0.9523809523809523,0.0|0.05|0.1|0.2|0.4|0.6|0.8|1.0,478f62db27552d2e821ea67f5170a88c4a3ef63e5c342af1893499d23b5c2b9d
locked,breast_cancer_wisconsin,single_model,confidence_distortion,shadow,unsafe_acceptance_rate,lower_is_better,0.027777777777777776,0.0|0.05|0.1|0.2|0.4|0.6|0.8|1.0,7725141d0f18fa79345fac6c5f48ecd7cc4267839dfde2d40aadb4c3fc31116e
locked,breast_cancer_wisconsin,single_model,confidence_distortion,shadow,technical_failure_rate,lower_is_better,0.0,0.0|0.05|0.1|0.2|0.4|0.6|0.8|1.0,581d86817aea51e5b7ecb77df8b9b5250a6990238d5b0af18642abee9309d722
locked,breast_cancer_wisconsin,single_model,confidence_distortion,shadow,rejection_rate,context_dependent,0.631578947368421,0.0|0.05|0.1|0.2|0.4|0.6|0.8|1.0,d8980ddf4f7aa53b47810d6155a6f0b287f503391435ed149e6b334bf6044d95
audit,breast_cancer_wisconsin,single_model,distribution_shift,audit,accuracy,higher_is_better,0.979875081814737,0.0|0.05|0.1|0.2|0.4|0.6|0.8|1.0,2becda62e2e4b61246d7a7aa80a20c5998e9257d58d755816ec59b2f406ff6b9
audit,breast_cancer_wisconsin,single_model,distribution_shift,audit,f1,higher_is_better,0.9761904761904762,0.0|0.05|0.1|0.2|0.4|0.6|0.8|1.0,57e87b3a94967e03ae193dc5356d7f2a09ff2d6f93f7397da7c19cf2b991a31a
audit,breast_cancer_wisconsin,single_model,distribution_shift,audit,unsafe_acceptance_rate,lower_is_better,0.0,0.0|0.05|0.1|0.2|0.4|0.6|0.8|1.0,bfd0c8088b6e2d6f3ec8642fbd9e7366a66ab69dd5833083c7cca343c404556d
audit,breast_cancer_wisconsin,single_model,distribution_shift,audit,technical_failure_rate,lower_is_better,0.0,0.0|0.05|0.1|0.2|0.4|0.6|0.8|1.0,3e1a51993168e2a3cf60a6c677b6293b77af9c804684934b27f348fb6cde7005
audit,breast_cancer_wisconsin,single_model,distribution_shift,audit,rejection_rate,context_dependent,0.4974521168486686,0.0|0.05|0.1|0.2|0.4|0.6|0.8|1.0,4471fb7da7f998c68d589b97bda14d4d2310f2ccc4f6d35c703ec05f4690d680
audit,breast_cancer_wisconsin,single_model,distribution_shift,shadow,accuracy,higher_is_better,0.979875081814737,0.0|0.05|0.1|0.2|0.4|0.6|0.8|1.0,598860ec9c526eb4c1a96c5b873561b0566703d6ef683c8f59bda1846393e109
audit,breast_cancer_wisconsin,single_model,distribution_shift,shadow,f1,higher_is_better,0.9761904761904762,0.0|0.05|0.1|0.2|0.4|0.6|0.8|1.0,e6a817527c77389d5bb936181cb0782b457de07c3ab9e2a8a4c609ec499473ee
audit,breast_cancer_wisconsin,single_model,distribution_shift,shadow,unsafe_acceptance_rate,lower_is_better,0.0,0.0|0.05|0.1|0.2|0.4|0.6|0.8|1.0,19c82021da7d13b489316a46d81d8aeda648e5f12ac2985ae8ee65e7c0b6bd8f
audit,breast_cancer_wisconsin,single_model,distribution_shift,shadow,technical_failure_rate,lower_is_better,0.0,0.0|0.05|0.1|0.2|0.4|0.6|0.8|1.0,7650e62df183ab9cdc250b9099e624a543e7fba99fbb673e2122094fec33702f
audit,breast_cancer_wisconsin,single_model,distribution_shift,shadow,rejection_rate,context_dependent,0.4974521168486686,0.0|0.05|0.1|0.2|0.4|0.6|0.8|1.0,3d13a6eb2de29ae26d65ae4ff48948815124e74781647d8272a80d2829c8e9a0
locked,breast_cancer_wisconsin,single_model,distribution_shift,primary,accuracy,higher_is_better,0.9945593149540518,0.0|0.05|0.1|0.2|0.4|0.6|0.8|1.0,d21fa32283f1aa28aefe9e37b894654561eb6fd68244df633d321b2f08e2afb0
locked,breast_cancer_wisconsin,single_model,distribution_shift,primary,f1,higher_is_better,0.9924812030075189,0.0|0.05|0.1|0.2|0.4|0.6|0.8|1.0,9319070b0f4a6b67a0ff9e0310512e6f257204c2f13f77f624a46829702da68d
locked,breast_cancer_wisconsin,single_model,distribution_shift,primary,unsafe_acceptance_rate,lower_is_better,0.0042658730158730155,0.0|0.05|0.1|0.2|0.4|0.6|0.8|1.0,24e5451f07d3881c60f5575c177b2233a9683d655ca7f9e42858e72ced345f39
locked,breast_cancer_wisconsin,single_model,distribution_shift,primary,technical_failure_rate,lower_is_better,0.0,0.0|0.05|0.1|0.2|0.4|0.6|0.8|1.0,bee0b836578c83bed39ecc2732bffb7a727d3cb240d012b2dd65130dfa77572e
locked,breast_cancer_wisconsin,single_model,distribution_shift,primary,rejection_rate,context_dependent,0.5543748372870161,0.0|0.05|0.1|0.2|0.4|0.6|0.8|1.0,1c447ed183e72451135d7dd8f6fea76d91ea9d787471a5b13a48e43ed1c4af0d
locked,breast_cancer_wisconsin,single_model,distribution_shift,shadow,accuracy,higher_is_better,0.9945593149540518,0.0|0.05|0.1|0.2|0.4|0.6|0.8|1.0,ca6d9e63b89b8a8bf9736c800a70b3026c699b6477fb8b3bef4794ca6f1ad104
locked,breast_cancer_wisconsin,single_model,distribution_shift,shadow,f1,higher_is_better,0.9924812030075189,0.0|0.05|0.1|0.2|0.4|0.6|0.8|1.0,ea336c28bf60e9b661b9aa8cd5dfbf0d8066297fc8668e2fffd909422f9becc9
locked,breast_cancer_wisconsin,single_model,distribution_shift,shadow,unsafe_acceptance_rate,lower_is_better,0.0042658730158730155,0.0|0.05|0.1|0.2|0.4|0.6|0.8|1.0,0ff34ef2953de8d6502a666b76d306b9099bd7352fcf06e2446a54da23ac838c
locked,breast_cancer_wisconsin,single_model,distribution_shift,shadow,technical_failure_rate,lower_is_better,0.0,0.0|0.05|0.1|0.2|0.4|0.6|0.8|1.0,d19364aa07cdff2b793053ba3a89ea4fa58194015c888873e638f89efa1b0ef2
locked,breast_cancer_wisconsin,single_model,distribution_shift,shadow,rejection_rate,context_dependent,0.5543748372870161,0.0|0.05|0.1|0.2|0.4|0.6|0.8|1.0,8b996df4e738ad23615ef9862d7d12db06fea9739719a2ef0e8a40b74bd0a2c7
audit,breast_cancer_wisconsin,single_model,feature_noise,audit,accuracy,higher_is_better,0.9287356321839081,0.0|0.05|0.1|0.2|0.4|0.6|0.8|1.0,2f8e74bcf1453528f37d0636ac3a9fc61ac04033277ec91777a7f40d67954ff7
audit,breast_cancer_wisconsin,single_model,feature_noise,audit,f1,higher_is_better,0.9095836262502929,0.0|0.05|0.1|0.2|0.4|0.6|0.8|1.0,72ea2ec38ce584d78ea5f4cdb5f3630f4f40b1911f0d14b0fd4c337bec3ab4f6
audit,breast_cancer_wisconsin,single_model,feature_noise,audit,unsafe_acceptance_rate,lower_is_better,0.06111111111111111,0.0|0.05|0.1|0.2|0.4|0.6|0.8|1.0,8ac96450ef09ddde630319fd345983c97d7880e9ab16cd0439e07e2ee329dd7e
audit,breast_cancer_wisconsin,single_model,feature_noise,audit,technical_failure_rate,lower_is_better,0.0,0.0|0.05|0.1|0.2|0.4|0.6|0.8|1.0,9b9a290353771a66c55073387b9e06b54377e4d01a227c97569694392358d1af
audit,breast_cancer_wisconsin,single_model,feature_noise,audit,rejection_rate,context_dependent,0.6160919540229886,0.0|0.05|0.1|0.2|0.4|0.6|0.8|1.0,9fa40f20e1511dd73bc208e4e48151c0f58b677ec99677b7960f3de37d56b8f3
audit,breast_cancer_wisconsin,single_model,feature_noise,shadow,accuracy,higher_is_better,0.9327586206896552,0.0|0.05|0.1|0.2|0.4|0.6|0.8|1.0,80c095156ebc3dc0c338cd45bb20d7dd5d5685412259eaa570dd5e31fc81cfed
audit,breast_cancer_wisconsin,single_model,feature_noise,shadow,f1,higher_is_better,0.9104413702239789,0.0|0.05|0.1|0.2|0.4|0.6|0.8|1.0,115e9b804ae4da2c7547778f1e44e70723185e4d06264698cc9bbba7318b1915
audit,breast_cancer_wisconsin,single_model,feature_noise,shadow,unsafe_acceptance_rate,lower_is_better,0.041666666666666664,0.0|0.05|0.1|0.2|0.4|0.6|0.8|1.0,f17722d52e742e732b5686181ccb7da2cd67f9a482273c92ca05a245864b7bd1
audit,breast_cancer_wisconsin,single_model,feature_noise,shadow,technical_failure_rate,lower_is_better,0.0,0.0|0.05|0.1|0.2|0.4|0.6|0.8|1.0,947e7a5cf8b55a9526059fcee0d07333a4fe0fe3c9b1236396eebbc45d1f1f87
audit,breast_cancer_wisconsin,single_model,feature_noise,shadow,rejection_rate,context_dependent,0.6362068965517242,0.0|0.05|0.1|0.2|0.4|0.6|0.8|1.0,6823ffa0f9e8841a79fc9e6ae85d38ff630f8bbfc27cdef31f0818b55eba7c9f
locked,breast_cancer_wisconsin,single_model,feature_noise,primary,accuracy,higher_is_better,0.9409356725146198,0.0|0.05|0.1|0.2|0.4|0.6|0.8|1.0,3c252f9b1fff5d7a00cbfeb53edbfef9d097894ad3e154d95055ba42b5d49383
locked,breast_cancer_wisconsin,single_model,feature_noise,primary,f1,higher_is_better,0.9205718496855761,0.0|0.05|0.1|0.2|0.4|0.6|0.8|1.0,82c1d76b9e2154ba8fcab1aad4c6ac8555dee185a06f814f30533c1d37f5089a
locked,breast_cancer_wisconsin,single_model,feature_noise,primary,unsafe_acceptance_rate,lower_is_better,0.05138888888888889,0.0|0.05|0.1|0.2|0.4|0.6|0.8|1.0,a9aad93428ce21a4f2c91dbe2cc50b3cbb743bd4aba326ee0a3e08728cb8ce4e
locked,breast_cancer_wisconsin,single_model,feature_noise,primary,technical_failure_rate,lower_is_better,0.0,0.0|0.05|0.1|0.2|0.4|0.6|0.8|1.0,a4b4e0adca5d50368dc44ee6badfca69197f25445fbd2753a00a273c4e402e09
locked,breast_cancer_wisconsin,single_model,feature_noise,primary,rejection_rate,context_dependent,0.6257309941520468,0.0|0.05|0.1|0.2|0.4|0.6|0.8|1.0,e3d86408c8c129dc2aece1524a0f24cec72cc4df734c888933d0817d84cb431b
locked,breast_cancer_wisconsin,single_model,feature_noise,shadow,accuracy,higher_is_better,0.9339912280701754,0.0|0.05|0.1|0.2|0.4|0.6|0.8|1.0,647af5bb9797f8f7642fb8aca660fea5e006fa0ddb5d0d7ee412be623e3c7246
locked,breast_cancer_wisconsin,single_model,feature_noise,shadow,f1,higher_is_better,0.9128114816780382,0.0|0.05|0.1|0.2|0.4|0.6|0.8|1.0,000f86339688e30cfb7cf54c9b51389362314eb1154afe9cbc5d9a62ec71fe09
locked,breast_cancer_wisconsin,single_model,feature_noise,shadow,unsafe_acceptance_rate,lower_is_better,0.06527777777777778,0.0|0.05|0.1|0.2|0.4|0.6|0.8|1.0,f20a2a1f3e265a2711dd30e2caaad3de6edab8fddf7963c25eb6c95275003aaf
locked,breast_cancer_wisconsin,single_model,feature_noise,shadow,technical_failure_rate,lower_is_better,0.0,0.0|0.05|0.1|0.2|0.4|0.6|0.8|1.0,2b58c04667684407d32bb87c9f8bae2b68fbfbcf9604e0d3afc3b6343a78088c
locked,breast_cancer_wisconsin,single_model,feature_noise,shadow,rejection_rate,context_dependent,0.6151315789473684,0.0|0.05|0.1|0.2|0.4|0.6|0.8|1.0,6006edb81945c9ba908845829df0c793a2aa4359df8942484bbc9432bd5cfb06
audit,breast_cancer_wisconsin,single_model,label_noise,audit,accuracy,higher_is_better,0.9655172413793104,0.0|0.05|0.1|0.2|0.4|0.6|0.8|1.0,5c7c45359ae08c8a02ff19fdbea2cbb694fcde8344945da119354a3eba70a428
audit,breast_cancer_wisconsin,single_model,label_noise,audit,f1,higher_is_better,0.9523809523809523,0.0|0.05|0.1|0.2|0.4|0.6|0.8|1.0,cd080d38de4cb86dff538f0676c40a7f37fdb2a952d57370b4456faad2124218
audit,breast_cancer_wisconsin,single_model,label_noise,audit,unsafe_acceptance_rate,lower_is_better,0.0,0.0|0.05|0.1|0.2|0.4|0.6|0.8|1.0,f312a6b64f9f995db7b08fbac0436d5ec54899e4bef00ffceb7d653ba93f600d
audit,breast_cancer_wisconsin,single_model,label_noise,audit,technical_failure_rate,lower_is_better,0.0,0.0|0.05|0.1|0.2|0.4|0.6|0.8|1.0,9d2c3091d0fd443e0f2fe65487c6c9358139000ac949821ff843250b6519a39e
audit,breast_cancer_wisconsin,single_model,label_noise,audit,rejection_rate,context_dependent,0.6551724137931034,0.0|0.05|0.1|0.2|0.4|0.6|0.8|1.0,4fd612b7aa5ef54c5fbff364768fdc6ad84b2f224eb552ae7a72e9c9b8012fa7
audit,breast_cancer_wisconsin,single_model,label_noise,shadow,accuracy,higher_is_better,0.9655172413793104,0.0|0.05|0.1|0.2|0.4|0.6|0.8|1.0,3ce674d359d0c8cdd574b096c099e7c7b793066139f7265f5e6c83fc3c515d71
audit,breast_cancer_wisconsin,single_model,label_noise,shadow,f1,higher_is_better,0.9523809523809523,0.0|0.05|0.1|0.2|0.4|0.6|0.8|1.0,fe76de93520c278a29e97e14135141f63d405e1a331bf2720d1071a3428c57ca
audit,breast_cancer_wisconsin,single_model,label_noise,shadow,unsafe_acceptance_rate,lower_is_better,0.0,0.0|0.05|0.1|0.2|0.4|0.6|0.8|1.0,e00e4199e872b273b1e8af1197df48fddf085c8f6cbf1e2f4e641b3e7796e6fe
audit,breast_cancer_wisconsin,single_model,label_noise,shadow,technical_failure_rate,lower_is_better,0.0,0.0|0.05|0.1|0.2|0.4|0.6|0.8|1.0,7710f8a3b87ce57ab22189488441c57737956c2f0b803d1cb8d2cf1c513302c6
audit,breast_cancer_wisconsin,single_model,label_noise,shadow,rejection_rate,context_dependent,0.6551724137931034,0.0|0.05|0.1|0.2|0.4|0.6|0.8|1.0,8ce23802832269a24e71c9a2cd41b9a739e4e22ca05dc13406ae1ad9b3b14f80
locked,breast_cancer_wisconsin,single_model,label_noise,primary,accuracy,higher_is_better,0.9649122807017544,0.0|0.05|0.1|0.2|0.4|0.6|0.8|1.0,95c37eb7d8b7486f677e0a24351f2d94980d1af8ba50edbc94bfe49db8cb9bfb
locked,breast_cancer_wisconsin,single_model,label_noise,primary,f1,higher_is_better,0.9523809523809523,0.0|0.05|0.1|0.2|0.4|0.6|0.8|1.0,bf13a6f4049a8e7eaf9fe1fb6fd2e20c0666e895a0483a8dbb4479b310ec4214
locked,breast_cancer_wisconsin,single_model,label_noise,primary,unsafe_acceptance_rate,lower_is_better,0.027777777777777776,0.0|0.05|0.1|0.2|0.4|0.6|0.8|1.0,44e868938260b841dee4010d9f2bbd60ef5d99f8a4ec68858eca3cff6e183007
locked,breast_cancer_wisconsin,single_model,label_noise,primary,technical_failure_rate,lower_is_better,0.0,0.0|0.05|0.1|0.2|0.4|0.6|0.8|1.0,e4b346c5c207e058641e8ae314f1b140c9562aa494c847b638c4c17fdadd52e0
locked,breast_cancer_wisconsin,single_model,label_noise,primary,rejection_rate,context_dependent,0.631578947368421,0.0|0.05|0.1|0.2|0.4|0.6|0.8|1.0,26c9353fb1463d743ec6505416288cc4f145c56d57370e96616dc7729c06676d
locked,breast_cancer_wisconsin,single_model,label_noise,shadow,accuracy,higher_is_better,0.9649122807017544,0.0|0.05|0.1|0.2|0.4|0.6|0.8|1.0,dff69623fb2bfceb4098ceceb23a3842a2dd59e8e1ac7c667747783a3a345278
locked,breast_cancer_wisconsin,single_model,label_noise,shadow,f1,higher_is_better,0.9523809523809523,0.0|0.05|0.1|0.2|0.4|0.6|0.8|1.0,0b9a35dac9065df062f67a5d08c89eab63a19779530de9994b243b219ca8ce8b
locked,breast_cancer_wisconsin,single_model,label_noise,shadow,unsafe_acceptance_rate,lower_is_better,0.027777777777777776,0.0|0.05|0.1|0.2|0.4|0.6|0.8|1.0,e03acc8e9c2d3dae9bda6b1d10de4d1e1bfd871f14ff624f262a59938ec6d6f9
locked,breast_cancer_wisconsin,single_model,label_noise,shadow,technical_failure_rate,lower_is_better,0.0,0.0|0.05|0.1|0.2|0.4|0.6|0.8|1.0,663db69fd6747c70c5b5f982a56711d82d19bc581a7fa9db5cac5060b9a17ff5
locked,breast_cancer_wisconsin,single_model,label_noise,shadow,rejection_rate,context_dependent,0.631578947368421,0.0|0.05|0.1|0.2|0.4|0.6|0.8|1.0,80c9e8f90095f3642477092c69557766998a51c38e1be9eec706fe690c257235
audit,breast_cancer_wisconsin,single_model,missing_features,audit,accuracy,higher_is_better,0.9008620689655172,0.0|0.05|0.1|0.2|0.4|0.6|0.8|1.0,782bb07d96cffcef07034dcc5a983fa3c73cb9eb1d571c7011ff208fc737e725
audit,breast_cancer_wisconsin,single_model,missing_features,audit,f1,higher_is_better,0.8188489288489287,0.0|0.05|0.1|0.2|0.4|0.6|0.8|1.0,5578545a562b734de849074f8484d11b515efdc91dcf5eb4a6f0682a3a961d17
audit,breast_cancer_wisconsin,single_model,missing_features,audit,unsafe_acceptance_rate,lower_is_better,0.0375,0.0|0.05|0.1|0.2|0.4|0.6|0.8|1.0,9d4dd00f72f4f8ffea81a34a62d920199dfb2f6e96de91c09592c47389610887
audit,breast_cancer_wisconsin,single_model,missing_features,audit,technical_failure_rate,lower_is_better,0.0,0.0|0.05|0.1|0.2|0.4|0.6|0.8|1.0,fd1257f010f02f619e2e9a0011b746cd4a129c73c2783b2c2ce75b0af462cb76
audit,breast_cancer_wisconsin,single_model,missing_features,audit,rejection_rate,context_dependent,0.6732758620689654,0.0|0.05|0.1|0.2|0.4|0.6|0.8|1.0,0fcea62e53479e0512a086d4686844047dc93b4b3097c457d32a575c1d2344be
audit,breast_cancer_wisconsin,single_model,missing_features,shadow,accuracy,higher_is_better,0.8767241379310345,0.0|0.05|0.1|0.2|0.4|0.6|0.8|1.0,26aa7592a0009b9e4083b1451f8909b3a11a2eceabf943073d17a75c39b2c660
audit,breast_cancer_wisconsin,single_model,missing_features,shadow,f1,higher_is_better,0.7864102202145681,0.0|0.05|0.1|0.2|0.4|0.6|0.8|1.0,467216688bfefd1c269e97770ec222d29ae61918ca660690a9f1544c1c66402e
audit,breast_cancer_wisconsin,single_model,missing_features,shadow,unsafe_acceptance_rate,lower_is_better,0.05555555555555556,0.0|0.05|0.1|0.2|0.4|0.6|0.8|1.0,6d8a399df977d0b530d9659705179ce6e627f35afd0421b20522eee683328e89
audit,breast_cancer_wisconsin,single_model,missing_features,shadow,technical_failure_rate,lower_is_better,0.0,0.0|0.05|0.1|0.2|0.4|0.6|0.8|1.0,09e5b6e6a7a09433d2257da12e003e761c8aa7e768304fa61c602a86629bd5be
audit,breast_cancer_wisconsin,single_model,missing_features,shadow,rejection_rate,context_dependent,0.675,0.0|0.05|0.1|0.2|0.4|0.6|0.8|1.0,46593639f730179cead3cd44a356eae1e22b4b692950874806a958cd199ba16b
locked,breast_cancer_wisconsin,single_model,missing_features,primary,accuracy,higher_is_better,0.8812865497076022,0.0|0.05|0.1|0.2|0.4|0.6|0.8|1.0,87641e619a7e5ee96c7a86b172beb318940e9de6682e980a0472d0165cd78ec7
locked,breast_cancer_wisconsin,single_model,missing_features,primary,f1,higher_is_better,0.7860143297806372,0.0|0.05|0.1|0.2|0.4|0.6|0.8|1.0,1227db0c5877a25026d2d26813aa977fe52ab3152b06eed5775a3913f0b03908
locked,breast_cancer_wisconsin,single_model,missing_features,primary,unsafe_acceptance_rate,lower_is_better,0.053703703703703705,0.0|0.05|0.1|0.2|0.4|0.6|0.8|1.0,ec39ff2d84270707e2172cea65260387cea05117b952082b5a3133497de3b5ba
locked,breast_cancer_wisconsin,single_model,missing_features,primary,technical_failure_rate,lower_is_better,0.0,0.0|0.05|0.1|0.2|0.4|0.6|0.8|1.0,359772bfb387f239edf72bffe82496b1a5dad325bd360be3efdad054ebdaa0ad
locked,breast_cancer_wisconsin,single_model,missing_features,primary,rejection_rate,context_dependent,0.6824561403508772,0.0|0.05|0.1|0.2|0.4|0.6|0.8|1.0,4f5527eeb8fdf122e9e77e8438538cef2f7d7cb192ad48ecb87e799cbbe4c1d5
locked,breast_cancer_wisconsin,single_model,missing_features,shadow,accuracy,higher_is_better,0.8912280701754387,0.0|0.05|0.1|0.2|0.4|0.6|0.8|1.0,417a28d2dbd9f91e7ecabe9e3087fe52b0aa230eed4cf3e2b4405270a4106f37
locked,breast_cancer_wisconsin,single_model,missing_features,shadow,f1,higher_is_better,0.7981304401565916,0.0|0.05|0.1|0.2|0.4|0.6|0.8|1.0,6e6a03556740f053d07f96a550184804e0089997f44829b6946788828233a812
locked,breast_cancer_wisconsin,single_model,missing_features,shadow,unsafe_acceptance_rate,lower_is_better,0.04652777777777778,0.0|0.05|0.1|0.2|0.4|0.6|0.8|1.0,ec30d058e2a361a78d566d0582af43792961106bdedb735ca40dd443fdc08a87
locked,breast_cancer_wisconsin,single_model,missing_features,shadow,technical_failure_rate,lower_is_better,0.0,0.0|0.05|0.1|0.2|0.4|0.6|0.8|1.0,8f76fbef196a24747b99bb4ccb4117f58dee926cfe3841fa4982b7de6c2bf397
locked,breast_cancer_wisconsin,single_model,missing_features,shadow,rejection_rate,context_dependent,0.6815789473684211,0.0|0.05|0.1|0.2|0.4|0.6|0.8|1.0,f03d5d988c6154530834cc58a873db4f46be9c62a2d22d6c844bbf611481de8b
audit,breast_cancer_wisconsin,single_model,random_feature_deletion,audit,accuracy,higher_is_better,0.8933908045977011,0.0|0.05|0.1|0.2|0.4|0.6|0.8|1.0,dbeca8f892ccf5c631122ef9338901135ea812c48f24824dd6c7c86461d7b1ee
audit,breast_cancer_wisconsin,single_model,random_feature_deletion,audit,f1,higher_is_better,0.8084559884559884,0.0|0.05|0.1|0.2|0.4|0.6|0.8|1.0,d8b89017accb15bc2cd160033845032c42c2c4e82a16d3c5e826779a4a6db3db
audit,breast_cancer_wisconsin,single_model,random_feature_deletion,audit,unsafe_acceptance_rate,lower_is_better,0.038425925925925926,0.0|0.05|0.1|0.2|0.4|0.6|0.8|1.0,7305f64d2528d5772544f4c5df53109d6c97c0dc3eb7dfbe4da1de058ad8f04f
audit,breast_cancer_wisconsin,single_model,random_feature_deletion,audit,technical_failure_rate,lower_is_better,0.0,0.0|0.05|0.1|0.2|0.4|0.6|0.8|1.0,239918bfdf5c89cc03f7b428366c56ec5e616da84b2a284832a149b788e11496
audit,breast_cancer_wisconsin,single_model,random_feature_deletion,audit,rejection_rate,context_dependent,0.6795977011494254,0.0|0.05|0.1|0.2|0.4|0.6|0.8|1.0,fed6ba47330dd9b8c43dc10c406a35757d5af6f95a2f0413774f243f0255f6bd
audit,breast_cancer_wisconsin,single_model,random_feature_deletion,shadow,accuracy,higher_is_better,0.8862068965517241,0.0|0.05|0.1|0.2|0.4|0.6|0.8|1.0,0034c743b02a9716b7352cbe636cce4f44da38b8c196236b9830be8a7caa93a3
audit,breast_cancer_wisconsin,single_model,random_feature_deletion,shadow,f1,higher_is_better,0.8025115753811406,0.0|0.05|0.1|0.2|0.4|0.6|0.8|1.0,262636ad97a6c65a9212a96dc926665df9d182a6aaf7755758e00414e5487770
audit,breast_cancer_wisconsin,single_model,random_feature_deletion,shadow,unsafe_acceptance_rate,lower_is_better,0.06666666666666667,0.0|0.05|0.1|0.2|0.4|0.6|0.8|1.0,d76bd6559404b2b02318484d876a0db47237cd6e38e6f1a41bdd75c67ebbaba9
audit,breast_cancer_wisconsin,single_model,random_feature_deletion,shadow,technical_failure_rate,lower_is_better,0.0,0.0|0.05|0.1|0.2|0.4|0.6|0.8|1.0,025e8072a8b24b222bc3569c5a1f52d4fa00c7e6b30b440b031fe367831975d5
audit,breast_cancer_wisconsin,single_model,random_feature_deletion,shadow,rejection_rate,context_dependent,0.6517241379310345,0.0|0.05|0.1|0.2|0.4|0.6|0.8|1.0,598edc6d72526b052d46a02a858a286378abedc1b698f8f708872f0fc144ecbb
locked,breast_cancer_wisconsin,single_model,random_feature_deletion,primary,accuracy,higher_is_better,0.8902046783625731,0.0|0.05|0.1|0.2|0.4|0.6|0.8|1.0,5859a342491a04271b246bd58d62ca08467328b75859e1cb6df1951bfcd3065d
locked,breast_cancer_wisconsin,single_model,random_feature_deletion,primary,f1,higher_is_better,0.8024730109224882,0.0|0.05|0.1|0.2|0.4|0.6|0.8|1.0,fc80622c72bc72695943b9193f6a345c61aa6072ab7e69febbddffda92202bd6
locked,breast_cancer_wisconsin,single_model,random_feature_deletion,primary,unsafe_acceptance_rate,lower_is_better,0.05833333333333334,0.0|0.05|0.1|0.2|0.4|0.6|0.8|1.0,cef3a7fe033048120c4c2dd7ad404057f75a95b2e33223799c7fbb139ca905fe
locked,breast_cancer_wisconsin,single_model,random_feature_deletion,primary,technical_failure_rate,lower_is_better,0.0,0.0|0.05|0.1|0.2|0.4|0.6|0.8|1.0,cf5151a915b2ae701bbfd0b81c5b810887a90a9dd72c028a7bf13cf5431fb0c9
locked,breast_cancer_wisconsin,single_model,random_feature_deletion,primary,rejection_rate,context_dependent,0.6676900584795321,0.0|0.05|0.1|0.2|0.4|0.6|0.8|1.0,b13ac511d4e406f39646c5ac596b75f9fd6b67088e9442f5520ad8fa7009bccd
locked,breast_cancer_wisconsin,single_model,random_feature_deletion,shadow,accuracy,higher_is_better,0.8903508771929823,0.0|0.05|0.1|0.2|0.4|0.6|0.8|1.0,1bbb4b1725cfd450a45539036c0626f636b8538a7d2652b60f2beaff27cae8b5
locked,breast_cancer_wisconsin,single_model,random_feature_deletion,shadow,f1,higher_is_better,0.7958633214347905,0.0|0.05|0.1|0.2|0.4|0.6|0.8|1.0,0be8bbb794146bf82b79fa16c4eeb5c52d1064555875177c93538ba2cdf6c6a6
locked,breast_cancer_wisconsin,single_model,random_feature_deletion,shadow,unsafe_acceptance_rate,lower_is_better,0.04097222222222222,0.0|0.05|0.1|0.2|0.4|0.6|0.8|1.0,15eb1155a7400d2cac9bc915c417b77fa6f5f28f2353af81b907ce5e4721cb39
locked,breast_cancer_wisconsin,single_model,random_feature_deletion,shadow,technical_failure_rate,lower_is_better,0.0,0.0|0.05|0.1|0.2|0.4|0.6|0.8|1.0,a4c8f0c15080a2e21e3540f58d24e0b8cd408500d0ea6223af1266f9a4bace57
locked,breast_cancer_wisconsin,single_model,random_feature_deletion,shadow,rejection_rate,context_dependent,0.6894736842105263,0.0|0.05|0.1|0.2|0.4|0.6|0.8|1.0,7d9abe7f70d2d13445636558a02fc3be7f64a0228d4f46794ec1bd9dfecfffff
audit,breast_cancer_wisconsin,single_model,specialist_failure,audit,accuracy,higher_is_better,0.7896551724137932,0.0|0.05|0.1|0.2|0.4|0.6|0.8|1.0,fa7506bc41ce197f3a1f5c69d487716ffed7afc9fb5095ea15968557115c8093
audit,breast_cancer_wisconsin,single_model,specialist_failure,audit,f1,higher_is_better,0.8316666666666667,0.0|0.05|0.1|0.2|0.4|0.6|0.8|1.0,3a7506a9e46f75342bd598b2e84b065113d18066c20619b76af2034d90dc9e8d
audit,breast_cancer_wisconsin,single_model,specialist_failure,audit,unsafe_acceptance_rate,lower_is_better,0.3,0.0|0.05|0.1|0.2|0.4|0.6|0.8|1.0,42873bb0af262b36888bf5b36758f03a9191d7d433016d1513862324ac226545
audit,breast_cancer_wisconsin,single_model,specialist_failure,audit,technical_failure_rate,lower_is_better,0.0,0.0|0.05|0.1|0.2|0.4|0.6|0.8|1.0,9789f2adc5bfe77faf6ca2e6914b6065220e77cc82926a41f2bc881b03668821
audit,breast_cancer_wisconsin,single_model,specialist_failure,audit,rejection_rate,context_dependent,0.45862068965517244,0.0|0.05|0.1|0.2|0.4|0.6|0.8|1.0,6262b443918f856aa371c8ed31432e966590cea8839c4363c63b42391aadac7b
audit,breast_cancer_wisconsin,single_model,specialist_failure,shadow,accuracy,higher_is_better,0.7896551724137932,0.0|0.05|0.1|0.2|0.4|0.6|0.8|1.0,f83bbc08910aad15f824a9538081065dfd33a8db1ade2202afe0963b0e4da60d
audit,breast_cancer_wisconsin,single_model,specialist_failure,shadow,f1,higher_is_better,0.8316666666666667,0.0|0.05|0.1|0.2|0.4|0.6|0.8|1.0,67ce86324033c368732088b11401595bb96bdb960e2eaf1d89238f19e795f08e
audit,breast_cancer_wisconsin,single_model,specialist_failure,shadow,unsafe_acceptance_rate,lower_is_better,0.3,0.0|0.05|0.1|0.2|0.4|0.6|0.8|1.0,84fe771c64b9cbe5bc73f9e5e9cdf06d6b33edf54ab0dc991b51de90e5c69076
audit,breast_cancer_wisconsin,single_model,specialist_failure,shadow,technical_failure_rate,lower_is_better,0.0,0.0|0.05|0.1|0.2|0.4|0.6|0.8|1.0,fbf6e561a55e6fb9050c0f4ddba34364072f44d8c6cfbf79e7434b3ac9ad358b
audit,breast_cancer_wisconsin,single_model,specialist_failure,shadow,rejection_rate,context_dependent,0.45862068965517244,0.0|0.05|0.1|0.2|0.4|0.6|0.8|1.0,95d60c39b2eac2c89d98285978c8c23191b179974a85cd8fac51be7a2b72af85
locked,breast_cancer_wisconsin,single_model,specialist_failure,primary,accuracy,higher_is_better,0.7859649122807018,0.0|0.05|0.1|0.2|0.4|0.6|0.8|1.0,c47fb4322dbf282ad57c956a2a4637e75df1ea44eb401d13c1c89bd2c01391d5
locked,breast_cancer_wisconsin,single_model,specialist_failure,primary,f1,higher_is_better,0.8282051282051281,0.0|0.05|0.1|0.2|0.4|0.6|0.8|1.0,a669db543a2c941d5670107bef0e36836c042861b2b92a144f82c59002a24e4d
locked,breast_cancer_wisconsin,single_model,specialist_failure,primary,unsafe_acceptance_rate,lower_is_better,0.3194444444444444,0.0|0.05|0.1|0.2|0.4|0.6|0.8|1.0,4b046bc9f48731570bcc9f6080c00970efbcb0f4871bc4b0e82dca3756682b11
locked,breast_cancer_wisconsin,single_model,specialist_failure,primary,technical_failure_rate,lower_is_better,0.0,0.0|0.05|0.1|0.2|0.4|0.6|0.8|1.0,568924d8e885ceee8a8127172f2912579c1654fd29e2c86bd559a65272538b38
locked,breast_cancer_wisconsin,single_model,specialist_failure,primary,rejection_rate,context_dependent,0.4421052631578947,0.0|0.05|0.1|0.2|0.4|0.6|0.8|1.0,d0c69b956bf5861cab8c598ace9d2aae9b119c3b2edd3672b19744099107c539
locked,breast_cancer_wisconsin,single_model,specialist_failure,shadow,accuracy,higher_is_better,0.7859649122807018,0.0|0.05|0.1|0.2|0.4|0.6|0.8|1.0,ac2f5e4ee74ea853208405d02f707511ee0e10f8f13b9b92d093a6e2cf34eb68
locked,breast_cancer_wisconsin,single_model,specialist_failure,shadow,f1,higher_is_better,0.8282051282051281,0.0|0.05|0.1|0.2|0.4|0.6|0.8|1.0,5336c38935c1c7df731ea0963ce15ea34915ccd02c8f9cbb3f7045bf8f75e660
locked,breast_cancer_wisconsin,single_model,specialist_failure,shadow,unsafe_acceptance_rate,lower_is_better,0.3194444444444444,0.0|0.05|0.1|0.2|0.4|0.6|0.8|1.0,978c2c7780bdc5972d01d1efd0c4774652a567764faf8fd67a370088599ea2eb
locked,breast_cancer_wisconsin,single_model,specialist_failure,shadow,technical_failure_rate,lower_is_better,0.0,0.0|0.05|0.1|0.2|0.4|0.6|0.8|1.0,813429cce10f4bb126e7e864cf9c20d9c2f1f47c547bba74c899e9e5028212c2
locked,breast_cancer_wisconsin,single_model,specialist_failure,shadow,rejection_rate,context_dependent,0.4421052631578947,0.0|0.05|0.1|0.2|0.4|0.6|0.8|1.0,f3f208115a590c79b9547b5e76cb44803175ad65e663a7f6509bdf67a477f19f
audit,breast_cancer_wisconsin,single_model,synthetic_sensor_failure,audit,accuracy,higher_is_better,0.8689655172413794,0.0|0.05|0.1|0.2|0.4|0.6|0.8|1.0,c473eb40240fb8968259043b14730f8370955bd6638b351f4a0c6f269021405d
audit,breast_cancer_wisconsin,single_model,synthetic_sensor_failure,audit,f1,higher_is_better,0.7747788443440617,0.0|0.05|0.1|0.2|0.4|0.6|0.8|1.0,abd9357a3a05d0a3f78abfdd9b3163b6cdfad94895878660a740d668ed99e9ba
audit,breast_cancer_wisconsin,single_model,synthetic_sensor_failure,audit,unsafe_acceptance_rate,lower_is_better,0.06666666666666667,0.0|0.05|0.1|0.2|0.4|0.6|0.8|1.0,133ecbc30ae2309d2fa11fdbcbac2c7e948d7d6b5ad2c0aeb014112c7b421488
audit,breast_cancer_wisconsin,single_model,synthetic_sensor_failure,audit,technical_failure_rate,lower_is_better,0.0,0.0|0.05|0.1|0.2|0.4|0.6|0.8|1.0,0ae1d3de8987f0c5dcb2642d226740aeb7ad91adc4917e9e380630e3e097438b
audit,breast_cancer_wisconsin,single_model,synthetic_sensor_failure,audit,rejection_rate,context_dependent,0.6689655172413793,0.0|0.05|0.1|0.2|0.4|0.6|0.8|1.0,a893acc7b5b06b329580ee160c65b9c9cc166cff454c326c39ae3595d27dc2c7
audit,breast_cancer_wisconsin,single_model,synthetic_sensor_failure,shadow,accuracy,higher_is_better,0.8689655172413794,0.0|0.05|0.1|0.2|0.4|0.6|0.8|1.0,00a3e15965b45643f667179d089dab0c31b1df945d8eb0ecacbb6bc2290cfbcf
audit,breast_cancer_wisconsin,single_model,synthetic_sensor_failure,shadow,f1,higher_is_better,0.7747788443440617,0.0|0.05|0.1|0.2|0.4|0.6|0.8|1.0,5556c22bf410b3d44ecbc7dda511fda480363af0313d5162d316c900b073930e
audit,breast_cancer_wisconsin,single_model,synthetic_sensor_failure,shadow,unsafe_acceptance_rate,lower_is_better,0.06666666666666667,0.0|0.05|0.1|0.2|0.4|0.6|0.8|1.0,e3cac6e6dba9cb9a61c9d4c4cfc4d772ebaf385020298b232f852cbe800f0259
audit,breast_cancer_wisconsin,single_model,synthetic_sensor_failure,shadow,technical_failure_rate,lower_is_better,0.0,0.0|0.05|0.1|0.2|0.4|0.6|0.8|1.0,6f6bee538fb130eea125d481728311d594c50d153e4c8c38e5d31039ba88cb61
audit,breast_cancer_wisconsin,single_model,synthetic_sensor_failure,shadow,rejection_rate,context_dependent,0.6689655172413793,0.0|0.05|0.1|0.2|0.4|0.6|0.8|1.0,e20eee65b60f0656df8dfdd19b93c40faabe01733ab74622bdcf3cae191322b4
locked,breast_cancer_wisconsin,single_model,synthetic_sensor_failure,primary,accuracy,higher_is_better,0.9035087719298245,0.0|0.05|0.1|0.2|0.4|0.6|0.8|1.0,444fd6fc75459b1aa431b4d1767951f45da84933b90e2dfb05c3f7c41d019419
locked,breast_cancer_wisconsin,single_model,synthetic_sensor_failure,primary,f1,higher_is_better,0.8222369878183831,0.0|0.05|0.1|0.2|0.4|0.6|0.8|1.0,2875dbb0d4dca332e6e1217aabe2a38ddd94312720960f19024e366eb0ff5a14
locked,breast_cancer_wisconsin,single_model,synthetic_sensor_failure,primary,unsafe_acceptance_rate,lower_is_better,0.058333333333333334,0.0|0.05|0.1|0.2|0.4|0.6|0.8|1.0,5ece8af966410ea8cee997840fff31c031e129abd2872cfd7e8adc45526b5780
locked,breast_cancer_wisconsin,single_model,synthetic_sensor_failure,primary,technical_failure_rate,lower_is_better,0.0,0.0|0.05|0.1|0.2|0.4|0.6|0.8|1.0,cde41676e678916fc10b3ca5d4483da4512a9958fdcbb64568ed44c34962f906
locked,breast_cancer_wisconsin,single_model,synthetic_sensor_failure,primary,rejection_rate,context_dependent,0.6543859649122806,0.0|0.05|0.1|0.2|0.4|0.6|0.8|1.0,193579cf2eb556f9c97aadf2110382917c107049ea97c6a43a90bb1587893229
locked,breast_cancer_wisconsin,single_model,synthetic_sensor_failure,shadow,accuracy,higher_is_better,0.9035087719298245,0.0|0.05|0.1|0.2|0.4|0.6|0.8|1.0,332e7f7f0566efca3afa0761f6fe4b11486512994b2f152848ca6922f9d3e932
locked,breast_cancer_wisconsin,single_model,synthetic_sensor_failure,shadow,f1,higher_is_better,0.8222369878183831,0.0|0.05|0.1|0.2|0.4|0.6|0.8|1.0,6c2fdeddd3e6d35c0a333c4c286427d8e64897b1e51b4517af93ab2e6b971464
locked,breast_cancer_wisconsin,single_model,synthetic_sensor_failure,shadow,unsafe_acceptance_rate,lower_is_better,0.058333333333333334,0.0|0.05|0.1|0.2|0.4|0.6|0.8|1.0,66f0807a6d7e87686c3db9b0970aa5e318090a2cef005d4077454b7581a53ce9
locked,breast_cancer_wisconsin,single_model,synthetic_sensor_failure,shadow,technical_failure_rate,lower_is_better,0.0,0.0|0.05|0.1|0.2|0.4|0.6|0.8|1.0,a2a96624d12de6dd9f35cc706efae42861cd0f02f804e27b3dd1a47c2514a6bf
locked,breast_cancer_wisconsin,single_model,synthetic_sensor_failure,shadow,rejection_rate,context_dependent,0.6543859649122806,0.0|0.05|0.1|0.2|0.4|0.6|0.8|1.0,0a254782e6bf04d18f7733339d50c34c9d3227619cc44ef8f48188ff180ce83c
audit,breast_cancer_wisconsin,static_weighted_ensemble,adversarial_confidence_inflation,audit,accuracy,higher_is_better,0.9655172413793104,0.0|0.05|0.1|0.2|0.4|0.6|0.8|1.0,aa52198173b9f5ab49c66923e1d0aa801361cc8c5e31e815b7c583f4d28a2611
audit,breast_cancer_wisconsin,static_weighted_ensemble,adversarial_confidence_inflation,audit,f1,higher_is_better,0.9523809523809523,0.0|0.05|0.1|0.2|0.4|0.6|0.8|1.0,bf2879f101ec7ec5dd9594093913c5e65496430cca7df9215f3b0d59d72f7ae0
audit,breast_cancer_wisconsin,static_weighted_ensemble,adversarial_confidence_inflation,audit,unsafe_acceptance_rate,lower_is_better,0.0,0.0|0.05|0.1|0.2|0.4|0.6|0.8|1.0,f635373926da76b96159e3730d89d654b27b0be3a2d81e13b362cae6970bbf54
audit,breast_cancer_wisconsin,static_weighted_ensemble,adversarial_confidence_inflation,audit,technical_failure_rate,lower_is_better,0.0,0.0|0.05|0.1|0.2|0.4|0.6|0.8|1.0,3b1261fa2195fb4be6bf1fe0776e957e63efcb34d51ea8595c5c812a27c05b72
audit,breast_cancer_wisconsin,static_weighted_ensemble,adversarial_confidence_inflation,audit,rejection_rate,context_dependent,0.6551724137931034,0.0|0.05|0.1|0.2|0.4|0.6|0.8|1.0,68c315abd61ce3a2a66d70be85af4a6b31a5026d037cfbb20480c6711d213a74
audit,breast_cancer_wisconsin,static_weighted_ensemble,adversarial_confidence_inflation,shadow,accuracy,higher_is_better,0.9655172413793104,0.0|0.05|0.1|0.2|0.4|0.6|0.8|1.0,aa1de14a93e70c412f4a3196d0823a279154a9a9b55e4d4c6f3ee2419d783cd4
audit,breast_cancer_wisconsin,static_weighted_ensemble,adversarial_confidence_inflation,shadow,f1,higher_is_better,0.9523809523809523,0.0|0.05|0.1|0.2|0.4|0.6|0.8|1.0,4fbbd50ffbd5a27e77394f10e89baecf5b62642b04ddc1c08a060019d2a295a8
audit,breast_cancer_wisconsin,static_weighted_ensemble,adversarial_confidence_inflation,shadow,unsafe_acceptance_rate,lower_is_better,0.0,0.0|0.05|0.1|0.2|0.4|0.6|0.8|1.0,dd67daed2c997c4c27d97a91d36e55cbd39a99350e013091b4327263f2d468a0
audit,breast_cancer_wisconsin,static_weighted_ensemble,adversarial_confidence_inflation,shadow,technical_failure_rate,lower_is_better,0.0,0.0|0.05|0.1|0.2|0.4|0.6|0.8|1.0,ff26b15510808877f35e5ed4d64967439519e1152ac0da39859d2a5e0b6f52e5
audit,breast_cancer_wisconsin,static_weighted_ensemble,adversarial_confidence_inflation,shadow,rejection_rate,context_dependent,0.6551724137931034,0.0|0.05|0.1|0.2|0.4|0.6|0.8|1.0,0d1f646de19b02878ae85267b07e4142fc1e539020e6e7f6ed6ecabffb1de4dc
locked,breast_cancer_wisconsin,static_weighted_ensemble,adversarial_confidence_inflation,primary,accuracy,higher_is_better,0.9649122807017544,0.0|0.05|0.1|0.2|0.4|0.6|0.8|1.0,a5e3f7438cc8dc2b3f3412a52329ad38f003028d621cde99b3ac986ead4e84ed
locked,breast_cancer_wisconsin,static_weighted_ensemble,adversarial_confidence_inflation,primary,f1,higher_is_better,0.9523809523809523,0.0|0.05|0.1|0.2|0.4|0.6|0.8|1.0,0084ebb32064315c9e329ba9a743e2cef651214ed84dd50b647ad50a36eaf192
locked,breast_cancer_wisconsin,static_weighted_ensemble,adversarial_confidence_inflation,primary,unsafe_acceptance_rate,lower_is_better,0.027777777777777776,0.0|0.05|0.1|0.2|0.4|0.6|0.8|1.0,0670ec573e16571a8d92a63e49c215ca1e38271459ea3d6a63a043e97edb3b4a
locked,breast_cancer_wisconsin,static_weighted_ensemble,adversarial_confidence_inflation,primary,technical_failure_rate,lower_is_better,0.0,0.0|0.05|0.1|0.2|0.4|0.6|0.8|1.0,00bd5f15a2cbd1f44764cbeb339a3b0ced132d0d9a02e5d7728efde3c1a41ae4
locked,breast_cancer_wisconsin,static_weighted_ensemble,adversarial_confidence_inflation,primary,rejection_rate,context_dependent,0.631578947368421,0.0|0.05|0.1|0.2|0.4|0.6|0.8|1.0,c85cf2fec27c8e8459d74d3ce7e526c8c92f29d3e01ee211323bba277116a43c
locked,breast_cancer_wisconsin,static_weighted_ensemble,adversarial_confidence_inflation,shadow,accuracy,higher_is_better,0.9649122807017544,0.0|0.05|0.1|0.2|0.4|0.6|0.8|1.0,ae16a392a814677e8be0986e969a62382fb792f7dc3c0fdf337c7965894394df
locked,breast_cancer_wisconsin,static_weighted_ensemble,adversarial_confidence_inflation,shadow,f1,higher_is_better,0.9523809523809523,0.0|0.05|0.1|0.2|0.4|0.6|0.8|1.0,e3673500757900916eab8720d58639fbf824d0124e5370bbd8144d37b5e1fdeb
locked,breast_cancer_wisconsin,static_weighted_ensemble,adversarial_confidence_inflation,shadow,unsafe_acceptance_rate,lower_is_better,0.027777777777777776,0.0|0.05|0.1|0.2|0.4|0.6|0.8|1.0,3d30432868a0202229b6b1558830582acf959048cbc2a058d677dd87be7c5e36
locked,breast_cancer_wisconsin,static_weighted_ensemble,adversarial_confidence_inflation,shadow,technical_failure_rate,lower_is_better,0.0,0.0|0.05|0.1|0.2|0.4|0.6|0.8|1.0,ea9f0ad1a2a2a3a25c07684248f48b76757a5dd82b6fbd241df778d6141b79d7
locked,breast_cancer_wisconsin,static_weighted_ensemble,adversarial_confidence_inflation,shadow,rejection_rate,context_dependent,0.631578947368421,0.0|0.05|0.1|0.2|0.4|0.6|0.8|1.0,c5b6fcf54c21d084635c446911ddbb7531bebe5a894168fb7384e39d58d0714d
audit,breast_cancer_wisconsin,static_weighted_ensemble,confidence_distortion,audit,accuracy,higher_is_better,0.9655172413793104,0.0|0.05|0.1|0.2|0.4|0.6|0.8|1.0,649917779cfba219c934fbe609622b2a5c2b8fa22c9fcbcc30e662d19dd7aed9
audit,breast_cancer_wisconsin,static_weighted_ensemble,confidence_distortion,audit,f1,higher_is_better,0.9523809523809523,0.0|0.05|0.1|0.2|0.4|0.6|0.8|1.0,079485c4caf90c27b64dee7e06b14332747a5db61a2e5eeed6e7453041a9fb2d
audit,breast_cancer_wisconsin,static_weighted_ensemble,confidence_distortion,audit,unsafe_acceptance_rate,lower_is_better,0.0,0.0|0.05|0.1|0.2|0.4|0.6|0.8|1.0,7617c0c9d979090641a8e43173fa209ba58cf5d86cbb1ee59dfa730390a475fe
audit,breast_cancer_wisconsin,static_weighted_ensemble,confidence_distortion,audit,technical_failure_rate,lower_is_better,0.0,0.0|0.05|0.1|0.2|0.4|0.6|0.8|1.0,3397bd398c171156dc64e630d20939b73bdd7dff4bcd2f7c78184fce81511619
audit,breast_cancer_wisconsin,static_weighted_ensemble,confidence_distortion,audit,rejection_rate,context_dependent,0.6551724137931034,0.0|0.05|0.1|0.2|0.4|0.6|0.8|1.0,79d1a83abe2485b9905f1440f29078cd4ab1a30b45e5cb46fc87dab0a052c81c
audit,breast_cancer_wisconsin,static_weighted_ensemble,confidence_distortion,shadow,accuracy,higher_is_better,0.9655172413793104,0.0|0.05|0.1|0.2|0.4|0.6|0.8|1.0,141ff5024316f4f4b768548d0510dee86e898b2b352095d519e19329fe69b089
audit,breast_cancer_wisconsin,static_weighted_ensemble,confidence_distortion,shadow,f1,higher_is_better,0.9523809523809523,0.0|0.05|0.1|0.2|0.4|0.6|0.8|1.0,45a26aa170438371bd7331493c09c1448d059a289ccd6ac71d164d4744a8a52d
audit,breast_cancer_wisconsin,static_weighted_ensemble,confidence_distortion,shadow,unsafe_acceptance_rate,lower_is_better,0.0,0.0|0.05|0.1|0.2|0.4|0.6|0.8|1.0,bf04566a7af3579713a2b1f550401003bfef716ab2f6000d080afac18f4aec4e
audit,breast_cancer_wisconsin,static_weighted_ensemble,confidence_distortion,shadow,technical_failure_rate,lower_is_better,0.0,0.0|0.05|0.1|0.2|0.4|0.6|0.8|1.0,9686d3dda77c49f0480ab2635945cb6840474e977919420bc4d6a138ed565e37
audit,breast_cancer_wisconsin,static_weighted_ensemble,confidence_distortion,shadow,rejection_rate,context_dependent,0.6551724137931034,0.0|0.05|0.1|0.2|0.4|0.6|0.8|1.0,82bd1bf0265d06686bb26c5e44079ff9ec55cc79a766f2b9d8e4e3c077794416
locked,breast_cancer_wisconsin,static_weighted_ensemble,confidence_distortion,primary,accuracy,higher_is_better,0.9649122807017544,0.0|0.05|0.1|0.2|0.4|0.6|0.8|1.0,be99ba1cdfd8b1fb7f7f111932d742bf3f4ef0807b2f43dd2d7b9cfc6359185f
locked,breast_cancer_wisconsin,static_weighted_ensemble,confidence_distortion,primary,f1,higher_is_better,0.9523809523809523,0.0|0.05|0.1|0.2|0.4|0.6|0.8|1.0,58c5ddd64f8635403591d11578f3d640d2656858a5e4b050074c853d6cf05cf9
locked,breast_cancer_wisconsin,static_weighted_ensemble,confidence_distortion,primary,unsafe_acceptance_rate,lower_is_better,0.027777777777777776,0.0|0.05|0.1|0.2|0.4|0.6|0.8|1.0,eaadcb4627b9df7b658043381c81de6c8df0786dbb4c2a8af3626e84fafc47bb
locked,breast_cancer_wisconsin,static_weighted_ensemble,confidence_distortion,primary,technical_failure_rate,lower_is_better,0.0,0.0|0.05|0.1|0.2|0.4|0.6|0.8|1.0,decdcb7b7b644cfe029ab39c2d4e6aea13eef9345ffdd23ebd2b71aceb1c6261
locked,breast_cancer_wisconsin,static_weighted_ensemble,confidence_distortion,primary,rejection_rate,context_dependent,0.631578947368421,0.0|0.05|0.1|0.2|0.4|0.6|0.8|1.0,de49639352652855e15d36f6c5c4f918e271036e4330a38c63685948c9a1c80d
locked,breast_cancer_wisconsin,static_weighted_ensemble,confidence_distortion,shadow,accuracy,higher_is_better,0.9649122807017544,0.0|0.05|0.1|0.2|0.4|0.6|0.8|1.0,d7b19631cb41e1bad76587f19f3e712756496df30d8c9c9e1ac1df7be371b42b
locked,breast_cancer_wisconsin,static_weighted_ensemble,confidence_distortion,shadow,f1,higher_is_better,0.9523809523809523,0.0|0.05|0.1|0.2|0.4|0.6|0.8|1.0,c1f3af52c8d2b0f80a8d50f9a3939c022e169784f80cd96f3b053a9d794eb414
locked,breast_cancer_wisconsin,static_weighted_ensemble,confidence_distortion,shadow,unsafe_acceptance_rate,lower_is_better,0.027777777777777776,0.0|0.05|0.1|0.2|0.4|0.6|0.8|1.0,5b7659fba54cd3ce0791356a6249862f589486fe75991e17159841030714b141
locked,breast_cancer_wisconsin,static_weighted_ensemble,confidence_distortion,shadow,technical_failure_rate,lower_is_better,0.0,0.0|0.05|0.1|0.2|0.4|0.6|0.8|1.0,638d4079e882cfb26ab31af8596a1553f11ba32d5198a29b04cc0bb2b656a661
locked,breast_cancer_wisconsin,static_weighted_ensemble,confidence_distortion,shadow,rejection_rate,context_dependent,0.631578947368421,0.0|0.05|0.1|0.2|0.4|0.6|0.8|1.0,f10eba4562823448e47f2b63cf6f0ace05efad1e07527fb4e14d850a870af85c
audit,breast_cancer_wisconsin,static_weighted_ensemble,distribution_shift,audit,accuracy,higher_is_better,0.979875081814737,0.0|0.05|0.1|0.2|0.4|0.6|0.8|1.0,bc2dca3b5dc0eb09f44fed28250d9b21a2326c800346ee4028d0ac1b54c5e131
audit,breast_cancer_wisconsin,static_weighted_ensemble,distribution_shift,audit,f1,higher_is_better,0.9761904761904762,0.0|0.05|0.1|0.2|0.4|0.6|0.8|1.0,c4ced771ef31c2f40ff571eeeb77c399004e6bba1f679c00d0f56d4a5a338922
audit,breast_cancer_wisconsin,static_weighted_ensemble,distribution_shift,audit,unsafe_acceptance_rate,lower_is_better,0.0,0.0|0.05|0.1|0.2|0.4|0.6|0.8|1.0,253b0aae90ceaa0278793bd72d115afc5ad0f1c0eb1b2c0fbcc373a08aac9f00
audit,breast_cancer_wisconsin,static_weighted_ensemble,distribution_shift,audit,technical_failure_rate,lower_is_better,0.0,0.0|0.05|0.1|0.2|0.4|0.6|0.8|1.0,198e7677e2fe6480b589007fe6691bd029d1669407e185a5f3f75e83e0bbc23d
audit,breast_cancer_wisconsin,static_weighted_ensemble,distribution_shift,audit,rejection_rate,context_dependent,0.4974521168486686,0.0|0.05|0.1|0.2|0.4|0.6|0.8|1.0,d76e7b43ee53b31e80bf2b0b3c5e50de3325311bf394563fa364074e11b8e68d
audit,breast_cancer_wisconsin,static_weighted_ensemble,distribution_shift,shadow,accuracy,higher_is_better,0.979875081814737,0.0|0.05|0.1|0.2|0.4|0.6|0.8|1.0,b91e898bd9d8e4ba5ba30245558343778e6d6c4d2da730fc0015ee37a82eaa65
audit,breast_cancer_wisconsin,static_weighted_ensemble,distribution_shift,shadow,f1,higher_is_better,0.9761904761904762,0.0|0.05|0.1|0.2|0.4|0.6|0.8|1.0,9fc9322383e448a92cf2bc284101d181bfccfdc4ea9a91cb340faceb76f0932a
audit,breast_cancer_wisconsin,static_weighted_ensemble,distribution_shift,shadow,unsafe_acceptance_rate,lower_is_better,0.0,0.0|0.05|0.1|0.2|0.4|0.6|0.8|1.0,5fbd8a640d058726cdaa94a2365dadfba4bb8f0643ded9c631d451ae76f8987e
audit,breast_cancer_wisconsin,static_weighted_ensemble,distribution_shift,shadow,technical_failure_rate,lower_is_better,0.0,0.0|0.05|0.1|0.2|0.4|0.6|0.8|1.0,1117a6017704a8cdab53d4951827e712ca78d534f93c0a6cd87caa11b9c099b2
audit,breast_cancer_wisconsin,static_weighted_ensemble,distribution_shift,shadow,rejection_rate,context_dependent,0.4974521168486686,0.0|0.05|0.1|0.2|0.4|0.6|0.8|1.0,595e841bb1103372cdd2d8c8126cbdbe3f47126a97fbadebe8a3e43a4db3bb39
locked,breast_cancer_wisconsin,static_weighted_ensemble,distribution_shift,primary,accuracy,higher_is_better,0.9945593149540518,0.0|0.05|0.1|0.2|0.4|0.6|0.8|1.0,4cfed3ad24ae2913dd68cd1202e3158d084a3b3c34311b606d3a7f93e819f777
locked,breast_cancer_wisconsin,static_weighted_ensemble,distribution_shift,primary,f1,higher_is_better,0.9924812030075189,0.0|0.05|0.1|0.2|0.4|0.6|0.8|1.0,e60ae4ee5ec04b3906fee3da9a1dfa871b5225132ab0150fd648c9b53d0b2d5e
locked,breast_cancer_wisconsin,static_weighted_ensemble,distribution_shift,primary,unsafe_acceptance_rate,lower_is_better,0.0042658730158730155,0.0|0.05|0.1|0.2|0.4|0.6|0.8|1.0,d0edc57b159920ba74055aba4b2675cb52ab6788033b4dad37c456b81a460d43
locked,breast_cancer_wisconsin,static_weighted_ensemble,distribution_shift,primary,technical_failure_rate,lower_is_better,0.0,0.0|0.05|0.1|0.2|0.4|0.6|0.8|1.0,7f5ba33c23e62b2dc4493b526353b3af3d1dd1074a991a2b49682b35f7af2921
locked,breast_cancer_wisconsin,static_weighted_ensemble,distribution_shift,primary,rejection_rate,context_dependent,0.5543748372870161,0.0|0.05|0.1|0.2|0.4|0.6|0.8|1.0,fddb1b33090f43812addce323fd1636626b3592f2818d10be2730ebc0427d562
locked,breast_cancer_wisconsin,static_weighted_ensemble,distribution_shift,shadow,accuracy,higher_is_better,0.9945593149540518,0.0|0.05|0.1|0.2|0.4|0.6|0.8|1.0,f40971134b6475dfb05e6e99411ba409ca9847c2670686ca07c3df7a7944c7f0
locked,breast_cancer_wisconsin,static_weighted_ensemble,distribution_shift,shadow,f1,higher_is_better,0.9924812030075189,0.0|0.05|0.1|0.2|0.4|0.6|0.8|1.0,5706ca0a8de51fbd152fc147c9d0a738104c44c0b6b047479a2297659619dc69
locked,breast_cancer_wisconsin,static_weighted_ensemble,distribution_shift,shadow,unsafe_acceptance_rate,lower_is_better,0.0042658730158730155,0.0|0.05|0.1|0.2|0.4|0.6|0.8|1.0,585b630d43a134acda0b3f7f253e45b2dfa408747a4db753ffaab81dfd536638
locked,breast_cancer_wisconsin,static_weighted_ensemble,distribution_shift,shadow,technical_failure_rate,lower_is_better,0.0,0.0|0.05|0.1|0.2|0.4|0.6|0.8|1.0,fd0b2acb91a209b3d69397f2e6c20ff2e596ad117a94956de65906cacf6d838d
locked,breast_cancer_wisconsin,static_weighted_ensemble,distribution_shift,shadow,rejection_rate,context_dependent,0.5543748372870161,0.0|0.05|0.1|0.2|0.4|0.6|0.8|1.0,b88c2612d98407c72d24ef9780a80ae5ba5a7e14b03ff69fd3ec72dad6aa4458
audit,breast_cancer_wisconsin,static_weighted_ensemble,feature_noise,audit,accuracy,higher_is_better,0.9310344827586208,0.0|0.05|0.1|0.2|0.4|0.6|0.8|1.0,48f07a739935f42c0f29b3d6189b248e4703f711a163358cce52619c1572e827
audit,breast_cancer_wisconsin,static_weighted_ensemble,feature_noise,audit,f1,higher_is_better,0.9119048584265974,0.0|0.05|0.1|0.2|0.4|0.6|0.8|1.0,0449daa816baf8138948fd860f6f12fdac0b789f0770b809ee37d700df022b6a
audit,breast_cancer_wisconsin,static_weighted_ensemble,feature_noise,audit,unsafe_acceptance_rate,lower_is_better,0.05740740740740739,0.0|0.05|0.1|0.2|0.4|0.6|0.8|1.0,028f51725750a49665513e096c58d35e6ad98b1294b2ed6849d3d9ecb5d9de62
audit,breast_cancer_wisconsin,static_weighted_ensemble,feature_noise,audit,technical_failure_rate,lower_is_better,0.0,0.0|0.05|0.1|0.2|0.4|0.6|0.8|1.0,90e89e584fc776fe637659b2deedd162559d6e144c55f2263e552160c9b5a423
audit,breast_cancer_wisconsin,static_weighted_ensemble,feature_noise,audit,rejection_rate,context_dependent,0.6183908045977011,0.0|0.05|0.1|0.2|0.4|0.6|0.8|1.0,1118f114fe3d191d47b6e6bd80bccbd7186d15cd273955be5d281239293f4588
audit,breast_cancer_wisconsin,static_weighted_ensemble,feature_noise,shadow,accuracy,higher_is_better,0.9362068965517242,0.0|0.05|0.1|0.2|0.4|0.6|0.8|1.0,f1a60aa18c4700f409bcd455f10bd1767ac3f93c6355799c44e8e87b718025f2
audit,breast_cancer_wisconsin,static_weighted_ensemble,feature_noise,shadow,f1,higher_is_better,0.9147703745529832,0.0|0.05|0.1|0.2|0.4|0.6|0.8|1.0,4b406ffd8068392ffa4d96f165434a61514dc50165370a334035f4b28a6d3510
audit,breast_cancer_wisconsin,static_weighted_ensemble,feature_noise,shadow,unsafe_acceptance_rate,lower_is_better,0.036111111111111115,0.0|0.05|0.1|0.2|0.4|0.6|0.8|1.0,7d0e230cb6469c9c05f3636f00265142f65a5303b9fe0f752a04f138c4715cf2
audit,breast_cancer_wisconsin,static_weighted_ensemble,feature_noise,shadow,technical_failure_rate,lower_is_better,0.0,0.0|0.05|0.1|0.2|0.4|0.6|0.8|1.0,c53b3caa7cde81b1b84ef32d92508503efef493f573af8be94ad916ade6ff6d2
audit,breast_cancer_wisconsin,static_weighted_ensemble,feature_noise,shadow,rejection_rate,context_dependent,0.6396551724137931,0.0|0.05|0.1|0.2|0.4|0.6|0.8|1.0,eec1a2aaf9050a742de10f0e7ae75ec1d93dcf37675cbb47a74752d84142c4e5
locked,breast_cancer_wisconsin,static_weighted_ensemble,feature_noise,primary,accuracy,higher_is_better,0.94093567251462,0.0|0.05|0.1|0.2|0.4|0.6|0.8|1.0,fb10f0a2060652f40509d1ccf0c18c09ead71a330717f6b16dd7efef9584ddd4
locked,breast_cancer_wisconsin,static_weighted_ensemble,feature_noise,primary,f1,higher_is_better,0.9204666448129295,0.0|0.05|0.1|0.2|0.4|0.6|0.8|1.0,24d2010b23f10d3ec277f9af5b8f2d951a72612b85f8e67dea82f95c94394194
locked,breast_cancer_wisconsin,static_weighted_ensemble,feature_noise,primary,unsafe_acceptance_rate,lower_is_better,0.05046296296296296,0.0|0.05|0.1|0.2|0.4|0.6|0.8|1.0,15aa560b59a969f829ca287f77954fbd4e2bc402af54a1985a45738ba25ef74e
locked,breast_cancer_wisconsin,static_weighted_ensemble,feature_noise,primary,technical_failure_rate,lower_is_better,0.0,0.0|0.05|0.1|0.2|0.4|0.6|0.8|1.0,06fd87b87520799508a1bbd11f21a473bdff09ef5524aa7d7bb9384fba46ca20
locked,breast_cancer_wisconsin,static_weighted_ensemble,feature_noise,primary,rejection_rate,context_dependent,0.6269005847953216,0.0|0.05|0.1|0.2|0.4|0.6|0.8|1.0,36ac26fb6423d594565154a716c697db50443d70e901bcbf0c5c055f897e0cff
locked,breast_cancer_wisconsin,static_weighted_ensemble,feature_noise,shadow,accuracy,higher_is_better,0.9375,0.0|0.05|0.1|0.2|0.4|0.6|0.8|1.0,aece41a5a556e47b1420d8336c70eec8a286689cbc48ae399ee2a73b6266b1d4
locked,breast_cancer_wisconsin,static_weighted_ensemble,feature_noise,shadow,f1,higher_is_better,0.9169240357905923,0.0|0.05|0.1|0.2|0.4|0.6|0.8|1.0,4cbbc4e064725cc3cd9391133c3605955ba9efb252be1a5bcab243e79b01076d
locked,breast_cancer_wisconsin,static_weighted_ensemble,feature_noise,shadow,unsafe_acceptance_rate,lower_is_better,0.05972222222222222,0.0|0.05|0.1|0.2|0.4|0.6|0.8|1.0,cc2a5a8c3db4a297069e6c141910aa2acbf39d9c3dfed76b71bed40808014458
locked,breast_cancer_wisconsin,static_weighted_ensemble,feature_noise,shadow,technical_failure_rate,lower_is_better,0.0,0.0|0.05|0.1|0.2|0.4|0.6|0.8|1.0,36f7ca4678dbc02f22e37c884411887de497dd795f5256498f542e231706f960
locked,breast_cancer_wisconsin,static_weighted_ensemble,feature_noise,shadow,rejection_rate,context_dependent,0.6186403508771929,0.0|0.05|0.1|0.2|0.4|0.6|0.8|1.0,1521ac0c68307c61f5e84192741c86d4d803a31fbad7567dc65c2ebd8d5b37e1
audit,breast_cancer_wisconsin,static_weighted_ensemble,label_noise,audit,accuracy,higher_is_better,0.9655172413793104,0.0|0.05|0.1|0.2|0.4|0.6|0.8|1.0,7b4b07ca0b5f264c59bcdaed06693907d5e0d85f10677fccc8f3f232493a00cd
audit,breast_cancer_wisconsin,static_weighted_ensemble,label_noise,audit,f1,higher_is_better,0.9523809523809523,0.0|0.05|0.1|0.2|0.4|0.6|0.8|1.0,98ab30734670a61710a5ca0abf4bfba38e0dd186497bae75880792a7597ab0f0
audit,breast_cancer_wisconsin,static_weighted_ensemble,label_noise,audit,unsafe_acceptance_rate,lower_is_better,0.0,0.0|0.05|0.1|0.2|0.4|0.6|0.8|1.0,83ee130d950a7e169366b42ad4a212ba389ef93f0462a47320e283a4b3b1661c
audit,breast_cancer_wisconsin,static_weighted_ensemble,label_noise,audit,technical_failure_rate,lower_is_better,0.0,0.0|0.05|0.1|0.2|0.4|0.6|0.8|1.0,fb714957050afed9981175dc79c872c98b941e08e76140e94a001378c9d963d5
audit,breast_cancer_wisconsin,static_weighted_ensemble,label_noise,audit,rejection_rate,context_dependent,0.6551724137931034,0.0|0.05|0.1|0.2|0.4|0.6|0.8|1.0,58f7f5200dbf9e80e18f75bddedf6021644ea3e46793d2b2f20a5fa86e1a6242
audit,breast_cancer_wisconsin,static_weighted_ensemble,label_noise,shadow,accuracy,higher_is_better,0.9655172413793104,0.0|0.05|0.1|0.2|0.4|0.6|0.8|1.0,152aa95acf9badeee3b67e824fc3d9d607d5d5ce1d1ad954f23aff1743737cd0
audit,breast_cancer_wisconsin,static_weighted_ensemble,label_noise,shadow,f1,higher_is_better,0.9523809523809523,0.0|0.05|0.1|0.2|0.4|0.6|0.8|1.0,c87ebd44b8b78e62a521f2bb523a37ac38bbe5fd0469de1426b79e7dc3bf6a3e
audit,breast_cancer_wisconsin,static_weighted_ensemble,label_noise,shadow,unsafe_acceptance_rate,lower_is_better,0.0,0.0|0.05|0.1|0.2|0.4|0.6|0.8|1.0,6b3c718357d0464988d65c8811475043d05d9433a8e3495dc24c70c1718e6a2f
audit,breast_cancer_wisconsin,static_weighted_ensemble,label_noise,shadow,technical_failure_rate,lower_is_better,0.0,0.0|0.05|0.1|0.2|0.4|0.6|0.8|1.0,bfdd5c3c83a2142d2adb813b9f2e5678909a9dc2c8c2f1f270a9da1550d15862
audit,breast_cancer_wisconsin,static_weighted_ensemble,label_noise,shadow,rejection_rate,context_dependent,0.6551724137931034,0.0|0.05|0.1|0.2|0.4|0.6|0.8|1.0,52b83d74e913faecc9f1c3551632faa4982ec6f04782dbc57284c731655fb9be
locked,breast_cancer_wisconsin,static_weighted_ensemble,label_noise,primary,accuracy,higher_is_better,0.9649122807017544,0.0|0.05|0.1|0.2|0.4|0.6|0.8|1.0,88812fc78ab89a25f2d9a72e0f97710894f1b30fcb18d3355e77b60c24e05aef
locked,breast_cancer_wisconsin,static_weighted_ensemble,label_noise,primary,f1,higher_is_better,0.9523809523809523,0.0|0.05|0.1|0.2|0.4|0.6|0.8|1.0,6e13d16b66b74690c1088004fa797423290e20e846411cb89f6423d8865da5ef
locked,breast_cancer_wisconsin,static_weighted_ensemble,label_noise,primary,unsafe_acceptance_rate,lower_is_better,0.027777777777777776,0.0|0.05|0.1|0.2|0.4|0.6|0.8|1.0,a4fa17bcf7c8b1970c25d60243e0d8fd9e5d4185ea92bff3300832755235b2ac
locked,breast_cancer_wisconsin,static_weighted_ensemble,label_noise,primary,technical_failure_rate,lower_is_better,0.0,0.0|0.05|0.1|0.2|0.4|0.6|0.8|1.0,a9b4040318f912fd131cd12a35ff5a731155162fa2b789daaa1a8c0fa3d1a38d
locked,breast_cancer_wisconsin,static_weighted_ensemble,label_noise,primary,rejection_rate,context_dependent,0.631578947368421,0.0|0.05|0.1|0.2|0.4|0.6|0.8|1.0,1e8bbb85c68090e873d4710fb22ac887407a5fe2ee1e781b260eb62d4fdbd646
locked,breast_cancer_wisconsin,static_weighted_ensemble,label_noise,shadow,accuracy,higher_is_better,0.9649122807017544,0.0|0.05|0.1|0.2|0.4|0.6|0.8|1.0,bcd914984f9762dd6468848a04515910babace62c9ff65c2485c3e5ad87d7394
locked,breast_cancer_wisconsin,static_weighted_ensemble,label_noise,shadow,f1,higher_is_better,0.9523809523809523,0.0|0.05|0.1|0.2|0.4|0.6|0.8|1.0,0b0acee45ca043078c940d101f5cb082df6efce2fa493b53384e05314ca3eea4
locked,breast_cancer_wisconsin,static_weighted_ensemble,label_noise,shadow,unsafe_acceptance_rate,lower_is_better,0.027777777777777776,0.0|0.05|0.1|0.2|0.4|0.6|0.8|1.0,58c8f3c5983eb0d0541811074d90f4f6ee8539d190ac3747bf6854ff3c62c87d
locked,breast_cancer_wisconsin,static_weighted_ensemble,label_noise,shadow,technical_failure_rate,lower_is_better,0.0,0.0|0.05|0.1|0.2|0.4|0.6|0.8|1.0,7cc1dcadf37b18fa91e0b7ed284e484a733712be7d21ef18ea6fc459d36fd123
locked,breast_cancer_wisconsin,static_weighted_ensemble,label_noise,shadow,rejection_rate,context_dependent,0.631578947368421,0.0|0.05|0.1|0.2|0.4|0.6|0.8|1.0,c43cde712cc070d9c712fdb08e14fd9161c3430d0865f9c65b7889cc608617d2
audit,breast_cancer_wisconsin,static_weighted_ensemble,missing_features,audit,accuracy,higher_is_better,0.9054597701149424,0.0|0.05|0.1|0.2|0.4|0.6|0.8|1.0,bc9c9e29260fc1302f03e1ddec7e64e5000a5f058da9ee6ec9219852022b8aa1
audit,breast_cancer_wisconsin,static_weighted_ensemble,missing_features,audit,f1,higher_is_better,0.8228357520943332,0.0|0.05|0.1|0.2|0.4|0.6|0.8|1.0,3235df3a2e256d76e8d4b0e85a6e7b808870fe7f8500f5f217b118d847f7145e
audit,breast_cancer_wisconsin,static_weighted_ensemble,missing_features,audit,unsafe_acceptance_rate,lower_is_better,0.02638888888888889,0.0|0.05|0.1|0.2|0.4|0.6|0.8|1.0,332f05e0aab912357cafc8f0dc248e892691a67cc880e61d7e96206be1c98552
audit,breast_cancer_wisconsin,static_weighted_ensemble,missing_features,audit,technical_failure_rate,lower_is_better,0.0,0.0|0.05|0.1|0.2|0.4|0.6|0.8|1.0,2722331a35cfe443291eeafeea201d2f11f3d6295073884c03851d618756e428
audit,breast_cancer_wisconsin,static_weighted_ensemble,missing_features,audit,rejection_rate,context_dependent,0.6824712643678161,0.0|0.05|0.1|0.2|0.4|0.6|0.8|1.0,0c58faec5def4abc2aa1f6d195002c34c1d7c32a4717ac6716b98695d9a9f1cc
audit,breast_cancer_wisconsin,static_weighted_ensemble,missing_features,shadow,accuracy,higher_is_better,0.8870689655172415,0.0|0.05|0.1|0.2|0.4|0.6|0.8|1.0,3416dd29ef4a5c0c7a78d001dcf52cbdeb3f18f189c84a4f0ceadcd0019db5fe
audit,breast_cancer_wisconsin,static_weighted_ensemble,missing_features,shadow,f1,higher_is_better,0.7981926406926406,0.0|0.05|0.1|0.2|0.4|0.6|0.8|1.0,7d97217974d122a572a868941804a473b08e45306caacfdaacb55b5146a8ef71
audit,breast_cancer_wisconsin,static_weighted_ensemble,missing_features,shadow,unsafe_acceptance_rate,lower_is_better,0.03888888888888889,0.0|0.05|0.1|0.2|0.4|0.6|0.8|1.0,c9ef28ad373bdbfbff5acc79377d0d3470e0d40e72e1e8b79331914196b14011
audit,breast_cancer_wisconsin,static_weighted_ensemble,missing_features,shadow,technical_failure_rate,lower_is_better,0.0,0.0|0.05|0.1|0.2|0.4|0.6|0.8|1.0,0429c58a3bed3df1528ce1d09e4938256e123b9a2f90676e7fcacda731d0de94
audit,breast_cancer_wisconsin,static_weighted_ensemble,missing_features,shadow,rejection_rate,context_dependent,0.685344827586207,0.0|0.05|0.1|0.2|0.4|0.6|0.8|1.0,0cdc603eff8e3f729c36a1594f1578303ae02bc86e49ff9f75116c97ab454312
locked,breast_cancer_wisconsin,static_weighted_ensemble,missing_features,primary,accuracy,higher_is_better,0.8840643274853801,0.0|0.05|0.1|0.2|0.4|0.6|0.8|1.0,f513e452f17cc92eb6582425db3ee30d1124c581fbc8bdc1fd45ff0a26abcd10
locked,breast_cancer_wisconsin,static_weighted_ensemble,missing_features,primary,f1,higher_is_better,0.7872591228168594,0.0|0.05|0.1|0.2|0.4|0.6|0.8|1.0,7493da5be4de70512e0da9f6067eab03c5b1624cabe0bf403d2dc79385051468
locked,breast_cancer_wisconsin,static_weighted_ensemble,missing_features,primary,unsafe_acceptance_rate,lower_is_better,0.043055555555555555,0.0|0.05|0.1|0.2|0.4|0.6|0.8|1.0,52828d458973feb0b32d9064103dc8ef194d6dc76ee0ef40539ee14e4251c6ef
locked,breast_cancer_wisconsin,static_weighted_ensemble,missing_features,primary,technical_failure_rate,lower_is_better,0.0,0.0|0.05|0.1|0.2|0.4|0.6|0.8|1.0,410c9b8da8a97045f40aaf2830e4f9a20a36c5f971eef459ffb81f423dae83ef
locked,breast_cancer_wisconsin,static_weighted_ensemble,missing_features,primary,rejection_rate,context_dependent,0.6931286549707603,0.0|0.05|0.1|0.2|0.4|0.6|0.8|1.0,ef1da29437792b593dd289a3055a366b82468f71811b225732be93a4f019926f
locked,breast_cancer_wisconsin,static_weighted_ensemble,missing_features,shadow,accuracy,higher_is_better,0.8929824561403509,0.0|0.05|0.1|0.2|0.4|0.6|0.8|1.0,b50e28c380b95dae17dffc8494824fe25cb1f987a7a0e4ec57d32797fce4991b
locked,breast_cancer_wisconsin,static_weighted_ensemble,missing_features,shadow,f1,higher_is_better,0.7992946203638206,0.0|0.05|0.1|0.2|0.4|0.6|0.8|1.0,61d15aaefd693f5acb1be22f950b012a2ff83340b80328569d877dfca45bc641
locked,breast_cancer_wisconsin,static_weighted_ensemble,missing_features,shadow,unsafe_acceptance_rate,lower_is_better,0.03888888888888888,0.0|0.05|0.1|0.2|0.4|0.6|0.8|1.0,80e8198ae2b84578d4887d3139907e17c30a0570215e884e3bc9b2112b8051a1
locked,breast_cancer_wisconsin,static_weighted_ensemble,missing_features,shadow,technical_failure_rate,lower_is_better,0.0,0.0|0.05|0.1|0.2|0.4|0.6|0.8|1.0,a1e219031878216268d5c23400a56b8ed96a9ff75cd184960755c2471c64ba91
locked,breast_cancer_wisconsin,static_weighted_ensemble,missing_features,shadow,rejection_rate,context_dependent,0.6894736842105263,0.0|0.05|0.1|0.2|0.4|0.6|0.8|1.0,4f15201e91e78e55c7fc03891a26dfa56c9ec8378d8b9e3845e58435852a0233
audit,breast_cancer_wisconsin,static_weighted_ensemble,random_feature_deletion,audit,accuracy,higher_is_better,0.8956896551724137,0.0|0.05|0.1|0.2|0.4|0.6|0.8|1.0,a56b1568cccee836856c35dc48694b02bbd1e21edda9d949409964d8c2b22d6a
audit,breast_cancer_wisconsin,static_weighted_ensemble,random_feature_deletion,audit,f1,higher_is_better,0.8106299014994667,0.0|0.05|0.1|0.2|0.4|0.6|0.8|1.0,6edebe49e6f2c25f42e54e4930f10b31c443949cdb7675011614f857c66cb0b6
audit,breast_cancer_wisconsin,static_weighted_ensemble,random_feature_deletion,audit,unsafe_acceptance_rate,lower_is_better,0.034722222222222224,0.0|0.05|0.1|0.2|0.4|0.6|0.8|1.0,6af083e42a501595c534bb304217bf3f417ece727140ff9e51cabd6844c8a4ad
audit,breast_cancer_wisconsin,static_weighted_ensemble,random_feature_deletion,audit,technical_failure_rate,lower_is_better,0.0,0.0|0.05|0.1|0.2|0.4|0.6|0.8|1.0,cef4675a2106dc2e4c15eb99694b7f12465928d6f62ec219179829325d5302e4
audit,breast_cancer_wisconsin,static_weighted_ensemble,random_feature_deletion,audit,rejection_rate,context_dependent,0.681896551724138,0.0|0.05|0.1|0.2|0.4|0.6|0.8|1.0,1cd346c81b572d00d83b95afd03100b94a4a4dbd0011955edb800d8bf21869d2
audit,breast_cancer_wisconsin,static_weighted_ensemble,random_feature_deletion,shadow,accuracy,higher_is_better,0.8896551724137931,0.0|0.05|0.1|0.2|0.4|0.6|0.8|1.0,2b83883c9ce9337ec5674d3c02275579626ed4e102315aaf6a3fa6306915848f
audit,breast_cancer_wisconsin,static_weighted_ensemble,random_feature_deletion,shadow,f1,higher_is_better,0.8041727837380012,0.0|0.05|0.1|0.2|0.4|0.6|0.8|1.0,fdc9b0ce675939e394f94105aaf0df4945e8a44ab0f00a388c197f7e9acc2e59
audit,breast_cancer_wisconsin,static_weighted_ensemble,random_feature_deletion,shadow,unsafe_acceptance_rate,lower_is_better,0.049999999999999996,0.0|0.05|0.1|0.2|0.4|0.6|0.8|1.0,9b9b2ea237831e3ba7339114f488095323fd34c331fcd9bf9bc7e1ef0caff576
audit,breast_cancer_wisconsin,static_weighted_ensemble,random_feature_deletion,shadow,technical_failure_rate,lower_is_better,0.0,0.0|0.05|0.1|0.2|0.4|0.6|0.8|1.0,9d5fb19f9903ef4e6517ac42eae8028f3f61407dd8dc11835939a0cb48422f44
audit,breast_cancer_wisconsin,static_weighted_ensemble,random_feature_deletion,shadow,rejection_rate,context_dependent,0.6689655172413792,0.0|0.05|0.1|0.2|0.4|0.6|0.8|1.0,3fbde35fe81e5b9cfaad5ed8aca4bcc30a122e73c57f07582c0b4b81b846b98d
locked,breast_cancer_wisconsin,static_weighted_ensemble,random_feature_deletion,primary,accuracy,higher_is_better,0.8878654970760234,0.0|0.05|0.1|0.2|0.4|0.6|0.8|1.0,934d272d0b997340e0d40ad40ba33c6c9c6a60e5792a4243880a5f071b4b8976
locked,breast_cancer_wisconsin,static_weighted_ensemble,random_feature_deletion,primary,f1,higher_is_better,0.7983123057193017,0.0|0.05|0.1|0.2|0.4|0.6|0.8|1.0,8a5789cfe6ca4d3950ce266487e3e65c76d994d17fdd61b04c33cfc93b79ea74
locked,breast_cancer_wisconsin,static_weighted_ensemble,random_feature_deletion,primary,unsafe_acceptance_rate,lower_is_better,0.05648148148148149,0.0|0.05|0.1|0.2|0.4|0.6|0.8|1.0,8f11efce9c6cafb1c1df1cbfc768db762ff2437c04192f1d32fd9d722391c2cb
locked,breast_cancer_wisconsin,static_weighted_ensemble,random_feature_deletion,primary,technical_failure_rate,lower_is_better,0.0,0.0|0.05|0.1|0.2|0.4|0.6|0.8|1.0,b2b2a46cf0bc811bb0f022dd6276411a9d26ac3e131cece167efc0a772e11a96
locked,breast_cancer_wisconsin,static_weighted_ensemble,random_feature_deletion,primary,rejection_rate,context_dependent,0.6723684210526315,0.0|0.05|0.1|0.2|0.4|0.6|0.8|1.0,37d2bac1010197c35b916782c9eabacc4ba55e95afd3f33e846413bdaeb9f6e7
locked,breast_cancer_wisconsin,static_weighted_ensemble,random_feature_deletion,shadow,accuracy,higher_is_better,0.8921052631578947,0.0|0.05|0.1|0.2|0.4|0.6|0.8|1.0,04e80785c3809b7716017a0f9462a36ae11cd6c0340c6a07396f2aa292c2ad3f
locked,breast_cancer_wisconsin,static_weighted_ensemble,random_feature_deletion,shadow,f1,higher_is_better,0.7961081437114366,0.0|0.05|0.1|0.2|0.4|0.6|0.8|1.0,b29f0c5f92221e95ab46313398a7cf87e6a0dca7c067fcc765d16b3100447a44
locked,breast_cancer_wisconsin,static_weighted_ensemble,random_feature_deletion,shadow,unsafe_acceptance_rate,lower_is_better,0.03263888888888889,0.0|0.05|0.1|0.2|0.4|0.6|0.8|1.0,fb79e5b1784e7cc349bdde8fc9554458ea6e683f5b2fa60b1152f51cfe0a2f28
locked,breast_cancer_wisconsin,static_weighted_ensemble,random_feature_deletion,shadow,technical_failure_rate,lower_is_better,0.0,0.0|0.05|0.1|0.2|0.4|0.6|0.8|1.0,ad6d5b158c18bda9a7a24a1c8258b30a0d78eea9ac734506de7fda9ffa15cdf4
locked,breast_cancer_wisconsin,static_weighted_ensemble,random_feature_deletion,shadow,rejection_rate,context_dependent,0.6982456140350878,0.0|0.05|0.1|0.2|0.4|0.6|0.8|1.0,c6f1c57118a35ed1541240c98b2554f06627ed4be805f155eb8a44a1423e6f60
audit,breast_cancer_wisconsin,static_weighted_ensemble,specialist_failure,audit,accuracy,higher_is_better,0.7896551724137932,0.0|0.05|0.1|0.2|0.4|0.6|0.8|1.0,6feac3090447a09010d20902e8ea6dd224fcb1075bc7d5fd1e32356967d745b4
audit,breast_cancer_wisconsin,static_weighted_ensemble,specialist_failure,audit,f1,higher_is_better,0.8316666666666667,0.0|0.05|0.1|0.2|0.4|0.6|0.8|1.0,44541c983672fbafb12892f0a3a69702953595e9cf5bf23c7439bf3d5a0d391a
audit,breast_cancer_wisconsin,static_weighted_ensemble,specialist_failure,audit,unsafe_acceptance_rate,lower_is_better,0.3,0.0|0.05|0.1|0.2|0.4|0.6|0.8|1.0,8a37159bd4d6ccf3be6163a7c96bc72f6d2835cff33839da1e822ddf7c8e576f
audit,breast_cancer_wisconsin,static_weighted_ensemble,specialist_failure,audit,technical_failure_rate,lower_is_better,0.0,0.0|0.05|0.1|0.2|0.4|0.6|0.8|1.0,611ecd05b1174b8ed4db2a414c490c8649319bf4c20ad136ca7ba2be8ac686f9
audit,breast_cancer_wisconsin,static_weighted_ensemble,specialist_failure,audit,rejection_rate,context_dependent,0.45862068965517244,0.0|0.05|0.1|0.2|0.4|0.6|0.8|1.0,4213598a402271984046b9042e6b0b505ac5efdd536bf14df320122c704f64c1
audit,breast_cancer_wisconsin,static_weighted_ensemble,specialist_failure,shadow,accuracy,higher_is_better,0.7896551724137932,0.0|0.05|0.1|0.2|0.4|0.6|0.8|1.0,f9f93e257920d7508b32217ca4139ff79de23cfcad7f0ceaaede4403b90d5273
audit,breast_cancer_wisconsin,static_weighted_ensemble,specialist_failure,shadow,f1,higher_is_better,0.8316666666666667,0.0|0.05|0.1|0.2|0.4|0.6|0.8|1.0,9af75c277560985998dc0a37f49e3ab7120d65d33e305614972743d81b8d4877
audit,breast_cancer_wisconsin,static_weighted_ensemble,specialist_failure,shadow,unsafe_acceptance_rate,lower_is_better,0.3,0.0|0.05|0.1|0.2|0.4|0.6|0.8|1.0,a4fecac480abfbb54ff0cfff7aa299c00cb0bafbb11ac5723d9e0be242ccd55f
audit,breast_cancer_wisconsin,static_weighted_ensemble,specialist_failure,shadow,technical_failure_rate,lower_is_better,0.0,0.0|0.05|0.1|0.2|0.4|0.6|0.8|1.0,95d99d0c492057d88b5134c7f9175a2cc3918ed9fcf887c0d94b910a49fe2238
audit,breast_cancer_wisconsin,static_weighted_ensemble,specialist_failure,shadow,rejection_rate,context_dependent,0.45862068965517244,0.0|0.05|0.1|0.2|0.4|0.6|0.8|1.0,5e13ca7f5bbfa0be5e0d265452027c4c9ad05f1d784eeeac2d5496826307e2c2
locked,breast_cancer_wisconsin,static_weighted_ensemble,specialist_failure,primary,accuracy,higher_is_better,0.7859649122807018,0.0|0.05|0.1|0.2|0.4|0.6|0.8|1.0,9426ddc367542f51af0d7cd794b20e2e6944503ee187108ca3cdfc893b645957
locked,breast_cancer_wisconsin,static_weighted_ensemble,specialist_failure,primary,f1,higher_is_better,0.8282051282051281,0.0|0.05|0.1|0.2|0.4|0.6|0.8|1.0,3fe136dfdc2f34070d10b14e73e1355650b24cc7dd91777b389c4da719898b34
locked,breast_cancer_wisconsin,static_weighted_ensemble,specialist_failure,primary,unsafe_acceptance_rate,lower_is_better,0.3194444444444444,0.0|0.05|0.1|0.2|0.4|0.6|0.8|1.0,9777f2b6ed65fa6f1df25ae3ae02d08f476ec3c7b9dd58e6870bef76c80a4bb4
locked,breast_cancer_wisconsin,static_weighted_ensemble,specialist_failure,primary,technical_failure_rate,lower_is_better,0.0,0.0|0.05|0.1|0.2|0.4|0.6|0.8|1.0,77dfd5b9775200e020aa6929a9ccb29c83c1e0207dbbfdb942c20988772beb9d
locked,breast_cancer_wisconsin,static_weighted_ensemble,specialist_failure,primary,rejection_rate,context_dependent,0.4421052631578947,0.0|0.05|0.1|0.2|0.4|0.6|0.8|1.0,b705b595ea6440711cba59051cabe7f1d35c28314407c81b398382c9e5ca6554
locked,breast_cancer_wisconsin,static_weighted_ensemble,specialist_failure,shadow,accuracy,higher_is_better,0.7859649122807018,0.0|0.05|0.1|0.2|0.4|0.6|0.8|1.0,459f67e8495eebaea46defac8745a53f541c1dfa61cc915a4fa9d6867fea15e8
locked,breast_cancer_wisconsin,static_weighted_ensemble,specialist_failure,shadow,f1,higher_is_better,0.8282051282051281,0.0|0.05|0.1|0.2|0.4|0.6|0.8|1.0,99893fed8ff66892371d58dcf389acb3dd5dbfbe9d6f1df0f8fda853ece513aa
locked,breast_cancer_wisconsin,static_weighted_ensemble,specialist_failure,shadow,unsafe_acceptance_rate,lower_is_better,0.3194444444444444,0.0|0.05|0.1|0.2|0.4|0.6|0.8|1.0,dc74e3658f13f47ff7d64b70b16c884b668287a2ea8cb43011f2ffb9b9938c71
locked,breast_cancer_wisconsin,static_weighted_ensemble,specialist_failure,shadow,technical_failure_rate,lower_is_better,0.0,0.0|0.05|0.1|0.2|0.4|0.6|0.8|1.0,50977e58cc8f682e2c568e7e91a383e00829db8459f64b18654291807fb873ed
locked,breast_cancer_wisconsin,static_weighted_ensemble,specialist_failure,shadow,rejection_rate,context_dependent,0.4421052631578947,0.0|0.05|0.1|0.2|0.4|0.6|0.8|1.0,3fe088600c1d618f6c9f9263f8bee5c12cd160214b0250ac7f37cd4703a20b74
audit,breast_cancer_wisconsin,static_weighted_ensemble,synthetic_sensor_failure,audit,accuracy,higher_is_better,0.8689655172413794,0.0|0.05|0.1|0.2|0.4|0.6|0.8|1.0,13a9d564daa744f7712b00eae15ca2b017c6a414f1cf51364407fcf5600ebf53
audit,breast_cancer_wisconsin,static_weighted_ensemble,synthetic_sensor_failure,audit,f1,higher_is_better,0.7747788443440617,0.0|0.05|0.1|0.2|0.4|0.6|0.8|1.0,bdf1890a2e1439429620bf1a4fa91de1b818ffebf19b372c72eaecf45635ba79
audit,breast_cancer_wisconsin,static_weighted_ensemble,synthetic_sensor_failure,audit,unsafe_acceptance_rate,lower_is_better,0.06666666666666667,0.0|0.05|0.1|0.2|0.4|0.6|0.8|1.0,79edd4c37baff377639de84405938a3733afb38cc83d1ec99fd728a91a6bb5f8
audit,breast_cancer_wisconsin,static_weighted_ensemble,synthetic_sensor_failure,audit,technical_failure_rate,lower_is_better,0.0,0.0|0.05|0.1|0.2|0.4|0.6|0.8|1.0,cfcdd7b09bceccf7dcafbdc5f3c4fd329f476f193c6c1b8ff97d3e397d90e411
audit,breast_cancer_wisconsin,static_weighted_ensemble,synthetic_sensor_failure,audit,rejection_rate,context_dependent,0.6689655172413793,0.0|0.05|0.1|0.2|0.4|0.6|0.8|1.0,dc27e3cac91bda34502a7158ca5d50c3d786e11ca8091c81f06d1a4c94743c75
audit,breast_cancer_wisconsin,static_weighted_ensemble,synthetic_sensor_failure,shadow,accuracy,higher_is_better,0.8689655172413794,0.0|0.05|0.1|0.2|0.4|0.6|0.8|1.0,491710ecd090db0c4a2e2e4e8039c4c41c0df052fc6215c18af1f7f6785c9893
audit,breast_cancer_wisconsin,static_weighted_ensemble,synthetic_sensor_failure,shadow,f1,higher_is_better,0.7747788443440617,0.0|0.05|0.1|0.2|0.4|0.6|0.8|1.0,0ac18cc4be5fa9ff5e4dd15ca9a1085988e22fb19272a2c00c4e5875f202dd4d
audit,breast_cancer_wisconsin,static_weighted_ensemble,synthetic_sensor_failure,shadow,unsafe_acceptance_rate,lower_is_better,0.06666666666666667,0.0|0.05|0.1|0.2|0.4|0.6|0.8|1.0,70ec4458f50e668c4d8dba70956de7201bda5539ed56cc57ecccbc7776e76fb8
audit,breast_cancer_wisconsin,static_weighted_ensemble,synthetic_sensor_failure,shadow,technical_failure_rate,lower_is_better,0.0,0.0|0.05|0.1|0.2|0.4|0.6|0.8|1.0,7beeffd6cc8677911706e53b5fd4e933e96db17588191aa84391316587cfa317
audit,breast_cancer_wisconsin,static_weighted_ensemble,synthetic_sensor_failure,shadow,rejection_rate,context_dependent,0.6689655172413793,0.0|0.05|0.1|0.2|0.4|0.6|0.8|1.0,cfb3a63c3fae4270920cbde054b8aa33feeb6f7897ff17a237546e8722c36551
locked,breast_cancer_wisconsin,static_weighted_ensemble,synthetic_sensor_failure,primary,accuracy,higher_is_better,0.9035087719298245,0.0|0.05|0.1|0.2|0.4|0.6|0.8|1.0,80eaa0149e90971d5b1f94fafe6b0f4d989dcf52b1628c056fa1327b2d3f10d6
locked,breast_cancer_wisconsin,static_weighted_ensemble,synthetic_sensor_failure,primary,f1,higher_is_better,0.8222369878183831,0.0|0.05|0.1|0.2|0.4|0.6|0.8|1.0,98ccce4e095529bbb818e1f16a205b02675af6d04a9c3e1e8ca6a39c9700034f
locked,breast_cancer_wisconsin,static_weighted_ensemble,synthetic_sensor_failure,primary,unsafe_acceptance_rate,lower_is_better,0.058333333333333334,0.0|0.05|0.1|0.2|0.4|0.6|0.8|1.0,180e3ff365c9d67d5bde049a819626c4881def47558b2835df4f068940032c02
locked,breast_cancer_wisconsin,static_weighted_ensemble,synthetic_sensor_failure,primary,technical_failure_rate,lower_is_better,0.0,0.0|0.05|0.1|0.2|0.4|0.6|0.8|1.0,f8a09dcfb9dd95cf73734fa91a1a65c7d4a9d4a0f28b8aedacf2c0b9cca63b79
locked,breast_cancer_wisconsin,static_weighted_ensemble,synthetic_sensor_failure,primary,rejection_rate,context_dependent,0.6543859649122806,0.0|0.05|0.1|0.2|0.4|0.6|0.8|1.0,6df2a726d9e5fa45449959ac57abeb193642ec4672082d858b55a71453a00a6c
locked,breast_cancer_wisconsin,static_weighted_ensemble,synthetic_sensor_failure,shadow,accuracy,higher_is_better,0.9035087719298245,0.0|0.05|0.1|0.2|0.4|0.6|0.8|1.0,a6ee82493d0fc65c43051d6953ed344b126be215f67dda003532e794be98a2d1
locked,breast_cancer_wisconsin,static_weighted_ensemble,synthetic_sensor_failure,shadow,f1,higher_is_better,0.8222369878183831,0.0|0.05|0.1|0.2|0.4|0.6|0.8|1.0,08281d619d778a05b8895e9d4789c8c2979e86c0b2bbbae820e4362598400e22
locked,breast_cancer_wisconsin,static_weighted_ensemble,synthetic_sensor_failure,shadow,unsafe_acceptance_rate,lower_is_better,0.058333333333333334,0.0|0.05|0.1|0.2|0.4|0.6|0.8|1.0,f2f5a6f34e927de832e8649ace9cfd8c15441526e39966906083e1b296e73ac7
locked,breast_cancer_wisconsin,static_weighted_ensemble,synthetic_sensor_failure,shadow,technical_failure_rate,lower_is_better,0.0,0.0|0.05|0.1|0.2|0.4|0.6|0.8|1.0,4db3488c961ea1b5d002a8b95f8446e3c1f717560f458a31734fd8d14e2af5cf
locked,breast_cancer_wisconsin,static_weighted_ensemble,synthetic_sensor_failure,shadow,rejection_rate,context_dependent,0.6543859649122806,0.0|0.05|0.1|0.2|0.4|0.6|0.8|1.0,4aa02beae662052c7465a7526242b7bf90c0738a76e65e6eb34b43ede623a4b4
audit,breast_cancer_wisconsin,veto_mavs,adversarial_confidence_inflation,audit,accuracy,higher_is_better,0.9655172413793104,0.0|0.05|0.1|0.2|0.4|0.6|0.8|1.0,d9da5fe5241d56e5105d8d999fa541f6e35f9f5ff0982e0f4241de5e82f7f893
audit,breast_cancer_wisconsin,veto_mavs,adversarial_confidence_inflation,audit,f1,higher_is_better,0.9523809523809523,0.0|0.05|0.1|0.2|0.4|0.6|0.8|1.0,55a7b872f4f4e21fd2d304653c7a6f9980a210eb3c320e76198d5e1509c0925b
audit,breast_cancer_wisconsin,veto_mavs,adversarial_confidence_inflation,audit,unsafe_acceptance_rate,lower_is_better,0.0,0.0|0.05|0.1|0.2|0.4|0.6|0.8|1.0,335ebd6b781222560b5605345e770626ebae042a6c2bc74550c16a985573058e
audit,breast_cancer_wisconsin,veto_mavs,adversarial_confidence_inflation,audit,technical_failure_rate,lower_is_better,0.0,0.0|0.05|0.1|0.2|0.4|0.6|0.8|1.0,d9394edde1e95a7069d2f60b5852969da801d345056428f02bcb1f8c2de65f05
audit,breast_cancer_wisconsin,veto_mavs,adversarial_confidence_inflation,audit,rejection_rate,context_dependent,0.6551724137931034,0.0|0.05|0.1|0.2|0.4|0.6|0.8|1.0,e1d03543a573f17abd5cbbf6a4124ef4e0321731da9458eb13a419be7b82077e
audit,breast_cancer_wisconsin,veto_mavs,adversarial_confidence_inflation,shadow,accuracy,higher_is_better,0.9655172413793104,0.0|0.05|0.1|0.2|0.4|0.6|0.8|1.0,73493751bc713fccaf6dd25406c27dcf235a87b292dca64d23031dc13d321f0c
audit,breast_cancer_wisconsin,veto_mavs,adversarial_confidence_inflation,shadow,f1,higher_is_better,0.9523809523809523,0.0|0.05|0.1|0.2|0.4|0.6|0.8|1.0,fcc0a4eb3d2ab62f52f415486f09e5be15203d4de8f2ac46024b880eef91acf0
audit,breast_cancer_wisconsin,veto_mavs,adversarial_confidence_inflation,shadow,unsafe_acceptance_rate,lower_is_better,0.0,0.0|0.05|0.1|0.2|0.4|0.6|0.8|1.0,4c763f72a93e782df80e2281b564306f3e1af0cc5d3daf37c53be4d573799713
audit,breast_cancer_wisconsin,veto_mavs,adversarial_confidence_inflation,shadow,technical_failure_rate,lower_is_better,0.0,0.0|0.05|0.1|0.2|0.4|0.6|0.8|1.0,def3a107a3df572f7bf3cb48377bab39f4b1c38cbe3ec65a269cf41a62b4d366
audit,breast_cancer_wisconsin,veto_mavs,adversarial_confidence_inflation,shadow,rejection_rate,context_dependent,0.6551724137931034,0.0|0.05|0.1|0.2|0.4|0.6|0.8|1.0,1952f85b690d63e514b0328d67d1e586b706b464c059942437f6b9af2b8d17d8
locked,breast_cancer_wisconsin,veto_mavs,adversarial_confidence_inflation,primary,accuracy,higher_is_better,0.9473684210526315,0.0|0.05|0.1|0.2|0.4|0.6|0.8|1.0,638821354af3214f0643920fc5a89997be0208941f7e03427b1e75ef757a52de
locked,breast_cancer_wisconsin,veto_mavs,adversarial_confidence_inflation,primary,f1,higher_is_better,0.9268292682926829,0.0|0.05|0.1|0.2|0.4|0.6|0.8|1.0,dfa484ab2b2a8bda56a1ea7926d8f6d96cac9e8fcc26119f10aa69ae4a8743cf
locked,breast_cancer_wisconsin,veto_mavs,adversarial_confidence_inflation,primary,unsafe_acceptance_rate,lower_is_better,0.027777777777777776,0.0|0.05|0.1|0.2|0.4|0.6|0.8|1.0,654ffe095138cc5753a9dfa112eb6c1d6ea0ff4698fe2f6bd542f9790215f014
locked,breast_cancer_wisconsin,veto_mavs,adversarial_confidence_inflation,primary,technical_failure_rate,lower_is_better,0.0,0.0|0.05|0.1|0.2|0.4|0.6|0.8|1.0,39cab664bacb1839c9062fd34f33705ad2e568ca555fbb9cef8b184050838aa7
locked,breast_cancer_wisconsin,veto_mavs,adversarial_confidence_inflation,primary,rejection_rate,context_dependent,0.6491228070175439,0.0|0.05|0.1|0.2|0.4|0.6|0.8|1.0,b68bef09fcda781fcdb288482c39c691279527b410c75a208ab4297149a1b80c
locked,breast_cancer_wisconsin,veto_mavs,adversarial_confidence_inflation,shadow,accuracy,higher_is_better,0.9473684210526315,0.0|0.05|0.1|0.2|0.4|0.6|0.8|1.0,f23682d1f102972089c005859816b178601f707713705ce18db10d6c0a62175d
locked,breast_cancer_wisconsin,veto_mavs,adversarial_confidence_inflation,shadow,f1,higher_is_better,0.9268292682926829,0.0|0.05|0.1|0.2|0.4|0.6|0.8|1.0,3eb3ae8c43b4d512004c541d5c7b8e41dd3295c8a57c92853d467435e98d9269
locked,breast_cancer_wisconsin,veto_mavs,adversarial_confidence_inflation,shadow,unsafe_acceptance_rate,lower_is_better,0.027777777777777776,0.0|0.05|0.1|0.2|0.4|0.6|0.8|1.0,3d015958581f576d063259ee6fe82381bd562b638938f6189ecca69c4cf86c05
locked,breast_cancer_wisconsin,veto_mavs,adversarial_confidence_inflation,shadow,technical_failure_rate,lower_is_better,0.0,0.0|0.05|0.1|0.2|0.4|0.6|0.8|1.0,b008a9fea77feb423c0119b616b7f70480837d43d0e425ec9f74e9e151520789
locked,breast_cancer_wisconsin,veto_mavs,adversarial_confidence_inflation,shadow,rejection_rate,context_dependent,0.6491228070175439,0.0|0.05|0.1|0.2|0.4|0.6|0.8|1.0,804cad21bed5a080714370f587e99b1749e024838de31ce4a10abf4002129f50
audit,breast_cancer_wisconsin,veto_mavs,confidence_distortion,audit,accuracy,higher_is_better,0.9655172413793104,0.0|0.05|0.1|0.2|0.4|0.6|0.8|1.0,45b393d3f5f9e2080d44df65789fcd80b8097ca0ce34106a317f1f6e0d42b486
audit,breast_cancer_wisconsin,veto_mavs,confidence_distortion,audit,f1,higher_is_better,0.9523809523809523,0.0|0.05|0.1|0.2|0.4|0.6|0.8|1.0,8118bcb5f293be38d14416e8a110b8eff33a0cc7ed895fe155dd7918690d8d36
audit,breast_cancer_wisconsin,veto_mavs,confidence_distortion,audit,unsafe_acceptance_rate,lower_is_better,0.0,0.0|0.05|0.1|0.2|0.4|0.6|0.8|1.0,3f44a27116b1eaf66be736db801995423dc58b0cefef3f067c855f34e26f9bbf
audit,breast_cancer_wisconsin,veto_mavs,confidence_distortion,audit,technical_failure_rate,lower_is_better,0.0,0.0|0.05|0.1|0.2|0.4|0.6|0.8|1.0,224c0243f95ecb1363dd13c1d269ef52c46852f2020a67f99ff2531dab60a16d
audit,breast_cancer_wisconsin,veto_mavs,confidence_distortion,audit,rejection_rate,context_dependent,0.6551724137931034,0.0|0.05|0.1|0.2|0.4|0.6|0.8|1.0,5e9ceffd69170108f8258c60e55405a861c1791e936a440669155241beee9fe1
audit,breast_cancer_wisconsin,veto_mavs,confidence_distortion,shadow,accuracy,higher_is_better,0.9655172413793104,0.0|0.05|0.1|0.2|0.4|0.6|0.8|1.0,68006a4a316cf9210c5de4bd8a1d9fe926c9781381e0ff6ae5beb7e975157777
audit,breast_cancer_wisconsin,veto_mavs,confidence_distortion,shadow,f1,higher_is_better,0.9523809523809523,0.0|0.05|0.1|0.2|0.4|0.6|0.8|1.0,ffadc422bf3d5268b38de3d7aff57f090107eb6b680fb149120b06d7a8a19da1
audit,breast_cancer_wisconsin,veto_mavs,confidence_distortion,shadow,unsafe_acceptance_rate,lower_is_better,0.0,0.0|0.05|0.1|0.2|0.4|0.6|0.8|1.0,ee45c68d2fb257994ff2abb1a9d437b3a0e4a06d5ef9555c41e60ce0fe614560
audit,breast_cancer_wisconsin,veto_mavs,confidence_distortion,shadow,technical_failure_rate,lower_is_better,0.0,0.0|0.05|0.1|0.2|0.4|0.6|0.8|1.0,733a48b217a1a89855d2000c617b0b64ddab414936b3e0dfc3eab8019fb5f4fd
audit,breast_cancer_wisconsin,veto_mavs,confidence_distortion,shadow,rejection_rate,context_dependent,0.6551724137931034,0.0|0.05|0.1|0.2|0.4|0.6|0.8|1.0,31584bf243ef39fb762bd4ec05f3fed4c2406881e1db9b6d92efd8e15f16237c
locked,breast_cancer_wisconsin,veto_mavs,confidence_distortion,primary,accuracy,higher_is_better,0.9473684210526315,0.0|0.05|0.1|0.2|0.4|0.6|0.8|1.0,f258ec3014fdd61ceb2b30fdb2e3583a44849281f21bca77980ebd3ea71a693d
locked,breast_cancer_wisconsin,veto_mavs,confidence_distortion,primary,f1,higher_is_better,0.9268292682926829,0.0|0.05|0.1|0.2|0.4|0.6|0.8|1.0,7e5cedcbc1315459bda93b8640d9eca0de9a11759c2be16b201e87ee72337e85
locked,breast_cancer_wisconsin,veto_mavs,confidence_distortion,primary,unsafe_acceptance_rate,lower_is_better,0.027777777777777776,0.0|0.05|0.1|0.2|0.4|0.6|0.8|1.0,a02196e239984d44e3cdce5e760ab7eef63802a55b9d46f3df2ef676bcf64109
locked,breast_cancer_wisconsin,veto_mavs,confidence_distortion,primary,technical_failure_rate,lower_is_better,0.0,0.0|0.05|0.1|0.2|0.4|0.6|0.8|1.0,fb6097400a085f0884b700bf2865b46f98da791f9586b3463c0cb5439e25879c
locked,breast_cancer_wisconsin,veto_mavs,confidence_distortion,primary,rejection_rate,context_dependent,0.6491228070175439,0.0|0.05|0.1|0.2|0.4|0.6|0.8|1.0,6a59a98da8bfdd0e3671ef5844a98a18fc816d70f181162d0b0f8f5549053205
locked,breast_cancer_wisconsin,veto_mavs,confidence_distortion,shadow,accuracy,higher_is_better,0.9473684210526315,0.0|0.05|0.1|0.2|0.4|0.6|0.8|1.0,9a5bb9c769b36de741c99e6bd5c6392db2dc0456a758ec0ef2a6ebeeb9587de8
locked,breast_cancer_wisconsin,veto_mavs,confidence_distortion,shadow,f1,higher_is_better,0.9268292682926829,0.0|0.05|0.1|0.2|0.4|0.6|0.8|1.0,1a4bb22b36ea493b6f321b171484866c7842315dce9ca46228817df23cf388de
locked,breast_cancer_wisconsin,veto_mavs,confidence_distortion,shadow,unsafe_acceptance_rate,lower_is_better,0.027777777777777776,0.0|0.05|0.1|0.2|0.4|0.6|0.8|1.0,084fb98f53439601323687d5e14d6ce38dcdf71f196a74747f81c01009dd7d5a
locked,breast_cancer_wisconsin,veto_mavs,confidence_distortion,shadow,technical_failure_rate,lower_is_better,0.0,0.0|0.05|0.1|0.2|0.4|0.6|0.8|1.0,6bb562835d2e4a71c966924caa34443f522a020eff887b7e283807e7ddeeb282
locked,breast_cancer_wisconsin,veto_mavs,confidence_distortion,shadow,rejection_rate,context_dependent,0.6491228070175439,0.0|0.05|0.1|0.2|0.4|0.6|0.8|1.0,7d5d917936ed94616222a78ccef25b130f145a02b9b0762e57278341df5faccc
audit,breast_cancer_wisconsin,veto_mavs,distribution_shift,audit,accuracy,higher_is_better,0.979875081814737,0.0|0.05|0.1|0.2|0.4|0.6|0.8|1.0,18e9fd5789dba48ce55a4613a02e1d36d53afbe45ae9d302319b5b540d81329a
audit,breast_cancer_wisconsin,veto_mavs,distribution_shift,audit,f1,higher_is_better,0.9761904761904762,0.0|0.05|0.1|0.2|0.4|0.6|0.8|1.0,51ac8d03877caf932932a79d40f2271816b9a2a048f00eb0d17afd52f5eaec5e
audit,breast_cancer_wisconsin,veto_mavs,distribution_shift,audit,unsafe_acceptance_rate,lower_is_better,0.0,0.0|0.05|0.1|0.2|0.4|0.6|0.8|1.0,4f3407027a5dd2276b72c3a04dbfc34632ef7cfda29fa59cabdb39d40521f56c
audit,breast_cancer_wisconsin,veto_mavs,distribution_shift,audit,technical_failure_rate,lower_is_better,0.0,0.0|0.05|0.1|0.2|0.4|0.6|0.8|1.0,11ad1d56e4dc5765e9653e5d581bd10e2babbf140c24a05b7dc109174cc3f084
audit,breast_cancer_wisconsin,veto_mavs,distribution_shift,audit,rejection_rate,context_dependent,0.4974521168486686,0.0|0.05|0.1|0.2|0.4|0.6|0.8|1.0,b1f4d3185d66fc20e227807e181df8d6486b58cbf7fbb09908f5a9ef2035a265
audit,breast_cancer_wisconsin,veto_mavs,distribution_shift,shadow,accuracy,higher_is_better,0.979875081814737,0.0|0.05|0.1|0.2|0.4|0.6|0.8|1.0,8a67872faa04b0488dd43cc51ce5658b11cf198cf1e15f9ec15fc01885bbc33c
audit,breast_cancer_wisconsin,veto_mavs,distribution_shift,shadow,f1,higher_is_better,0.9761904761904762,0.0|0.05|0.1|0.2|0.4|0.6|0.8|1.0,2e6a3de6a28a790dec9e1eb213ea0f184112ab3c8c6af4012d35b7d39e8e3f3f
audit,breast_cancer_wisconsin,veto_mavs,distribution_shift,shadow,unsafe_acceptance_rate,lower_is_better,0.0,0.0|0.05|0.1|0.2|0.4|0.6|0.8|1.0,871948115fb766f0af89177778701bf769b39e3decdd4b73317c41917a077aca
audit,breast_cancer_wisconsin,veto_mavs,distribution_shift,shadow,technical_failure_rate,lower_is_better,0.0,0.0|0.05|0.1|0.2|0.4|0.6|0.8|1.0,8b48f63aff1010be59c96c8295277fd34fca4963c952a63985b1e3d5f38bd1d2
audit,breast_cancer_wisconsin,veto_mavs,distribution_shift,shadow,rejection_rate,context_dependent,0.4974521168486686,0.0|0.05|0.1|0.2|0.4|0.6|0.8|1.0,35c501fb6478582231428144e208010ba44c063e545647ea8a9e22182b26b73d
locked,breast_cancer_wisconsin,veto_mavs,distribution_shift,primary,accuracy,higher_is_better,0.9727195556721261,0.0|0.05|0.1|0.2|0.4|0.6|0.8|1.0,dd97836fb1b752c74d0530b4a4a1ec6207b672e04b54b9bebe390681bcb8b935
locked,breast_cancer_wisconsin,veto_mavs,distribution_shift,primary,f1,higher_is_better,0.9660343960636827,0.0|0.05|0.1|0.2|0.4|0.6|0.8|1.0,d07f269654e2cbcbb6944f240b550261a35f28d49e9c4fc9a5d10d200f3cd3c0
locked,breast_cancer_wisconsin,veto_mavs,distribution_shift,primary,unsafe_acceptance_rate,lower_is_better,0.0042658730158730155,0.0|0.05|0.1|0.2|0.4|0.6|0.8|1.0,12396535630b3f3b6eae6312a2fa2216bcf2ce9fdeaae099f1cd92b43a6dd3aa
locked,breast_cancer_wisconsin,veto_mavs,distribution_shift,primary,technical_failure_rate,lower_is_better,0.0,0.0|0.05|0.1|0.2|0.4|0.6|0.8|1.0,f63de684268d3781c00e1aa08f03bb31c8b52c19fd52b1a213d7ff9f04c2eb96
locked,breast_cancer_wisconsin,veto_mavs,distribution_shift,primary,rejection_rate,context_dependent,0.5762145965689418,0.0|0.05|0.1|0.2|0.4|0.6|0.8|1.0,5cef3b262e03084d33109c3fb2015fabf51da06c64e5bc4a5e7d102c3394d733
locked,breast_cancer_wisconsin,veto_mavs,distribution_shift,shadow,accuracy,higher_is_better,0.9727195556721261,0.0|0.05|0.1|0.2|0.4|0.6|0.8|1.0,1f54ed8cb56ec5743e4fdc48d32e95f5011bafaa1d3e20858cfd29f967d1bef9
locked,breast_cancer_wisconsin,veto_mavs,distribution_shift,shadow,f1,higher_is_better,0.9660343960636827,0.0|0.05|0.1|0.2|0.4|0.6|0.8|1.0,24a857c4dc7a9a0c95ec29140fdf95c2f2f2da8e51736e729a10d9b252d37bfa
locked,breast_cancer_wisconsin,veto_mavs,distribution_shift,shadow,unsafe_acceptance_rate,lower_is_better,0.0042658730158730155,0.0|0.05|0.1|0.2|0.4|0.6|0.8|1.0,60f94fa46d8e28f0f8ac91736e42810aaff80d8160c6fb809df9303376189d1e
locked,breast_cancer_wisconsin,veto_mavs,distribution_shift,shadow,technical_failure_rate,lower_is_better,0.0,0.0|0.05|0.1|0.2|0.4|0.6|0.8|1.0,deeff86cb08c832906b50b6264c1bb0aea28af00f7d0c6b52ce9e024f0e0dc5e
locked,breast_cancer_wisconsin,veto_mavs,distribution_shift,shadow,rejection_rate,context_dependent,0.5762145965689418,0.0|0.05|0.1|0.2|0.4|0.6|0.8|1.0,9022831b5076d313c582b8b33feda9d8e8dc626205d7fc6e30c541ee663daff8
audit,breast_cancer_wisconsin,veto_mavs,feature_noise,audit,accuracy,higher_is_better,0.9275862068965517,0.0|0.05|0.1|0.2|0.4|0.6|0.8|1.0,5afd212e701bb14fe6d976daf8b19661ebb7aaa51ab72d96c6b3bfefa420d416
audit,breast_cancer_wisconsin,veto_mavs,feature_noise,audit,f1,higher_is_better,0.9076569420917248,0.0|0.05|0.1|0.2|0.4|0.6|0.8|1.0,9c9fc0b22f332a77ebff72cc80d7a2496e9bebec3827ca35d45ea76c880a2ab7
audit,breast_cancer_wisconsin,veto_mavs,feature_noise,audit,unsafe_acceptance_rate,lower_is_better,0.06481481481481481,0.0|0.05|0.1|0.2|0.4|0.6|0.8|1.0,39c75725cc76f43d32e11b9f9e1f19e74c1a4f176f4c4ecc09e3df1a86b3bb8e
audit,breast_cancer_wisconsin,veto_mavs,feature_noise,audit,technical_failure_rate,lower_is_better,0.0,0.0|0.05|0.1|0.2|0.4|0.6|0.8|1.0,47e8d0163b272d900e6113717effbacc7142fdc8f84815858801d518dac69f76
audit,breast_cancer_wisconsin,veto_mavs,feature_noise,audit,rejection_rate,context_dependent,0.6126436781609195,0.0|0.05|0.1|0.2|0.4|0.6|0.8|1.0,4261959a23f5f1bb58647472ffee1cee73648a80230c144eeec9031d3a802c20
audit,breast_cancer_wisconsin,veto_mavs,feature_noise,shadow,accuracy,higher_is_better,0.9344827586206896,0.0|0.05|0.1|0.2|0.4|0.6|0.8|1.0,d5b0b79b5135a3e5fa5bc3c1ebf55106d2f82158d35da5fa271c357f80b5c963
audit,breast_cancer_wisconsin,veto_mavs,feature_noise,shadow,f1,higher_is_better,0.912892904197252,0.0|0.05|0.1|0.2|0.4|0.6|0.8|1.0,b1006e8582715a5933d563f743529a4a8d399293cd21a832fed71bc24abd8169
audit,breast_cancer_wisconsin,veto_mavs,feature_noise,shadow,unsafe_acceptance_rate,lower_is_better,0.03888888888888889,0.0|0.05|0.1|0.2|0.4|0.6|0.8|1.0,d7071dcb1783ea88d6adc25d050e5e38939f90721757d820fe609694388985f0
audit,breast_cancer_wisconsin,veto_mavs,feature_noise,shadow,technical_failure_rate,lower_is_better,0.0,0.0|0.05|0.1|0.2|0.4|0.6|0.8|1.0,55e362694347349fd0235b56da1251a659d35084ee7d9a6f3b4b1a4b43995e66
audit,breast_cancer_wisconsin,veto_mavs,feature_noise,shadow,rejection_rate,context_dependent,0.6379310344827587,0.0|0.05|0.1|0.2|0.4|0.6|0.8|1.0,4b092877101c7a76776843d7ad832c0a180b8a9658f321e410b2bba92f395ddf
locked,breast_cancer_wisconsin,veto_mavs,feature_noise,primary,accuracy,higher_is_better,0.9342105263157895,0.0|0.05|0.1|0.2|0.4|0.6|0.8|1.0,9a6a19597532f705565b735acd7b2bf73651345480cf988b88083a55cbd8c79e
locked,breast_cancer_wisconsin,veto_mavs,feature_noise,primary,f1,higher_is_better,0.908292450548548,0.0|0.05|0.1|0.2|0.4|0.6|0.8|1.0,33cdf298bc172c790ef9770311807fcdd306b488afce835538c5bf02054ca45e
locked,breast_cancer_wisconsin,veto_mavs,feature_noise,primary,unsafe_acceptance_rate,lower_is_better,0.03773148148148148,0.0|0.05|0.1|0.2|0.4|0.6|0.8|1.0,c24e2cdcb6bb85b77e0e8a6328ee2d61ebf0d667644c721cfb808f329b44fbec
locked,breast_cancer_wisconsin,veto_mavs,feature_noise,primary,technical_failure_rate,lower_is_better,0.0,0.0|0.05|0.1|0.2|0.4|0.6|0.8|1.0,078b8a9fcf80005061b754c0b003146c14e52455047ff77d2c4f08e4e965b202
locked,breast_cancer_wisconsin,veto_mavs,feature_noise,primary,rejection_rate,context_dependent,0.6497076023391812,0.0|0.05|0.1|0.2|0.4|0.6|0.8|1.0,75d22502a7898787ae43b3ba519abf89a1ca17493345f2cf18908f5a7e4ef1e0
locked,breast_cancer_wisconsin,veto_mavs,feature_noise,shadow,accuracy,higher_is_better,0.9342105263157895,0.0|0.05|0.1|0.2|0.4|0.6|0.8|1.0,e0697faf44a5c5767a4a46fbf478a6ca72e94adbf4caeae7676921b3a90970d1
locked,breast_cancer_wisconsin,veto_mavs,feature_noise,shadow,f1,higher_is_better,0.9097333757894592,0.0|0.05|0.1|0.2|0.4|0.6|0.8|1.0,0b6847c285e0d88c62e6d8d3f0d534efd60782f626a6cdc196b808d7fbc1607c
locked,breast_cancer_wisconsin,veto_mavs,feature_noise,shadow,unsafe_acceptance_rate,lower_is_better,0.040624999999999994,0.0|0.05|0.1|0.2|0.4|0.6|0.8|1.0,a61031003afec554f92a607a74204a057b50289490a7803fdd74088313727887
locked,breast_cancer_wisconsin,veto_mavs,feature_noise,shadow,technical_failure_rate,lower_is_better,0.0,0.0|0.05|0.1|0.2|0.4|0.6|0.8|1.0,6a93f5982ba71ddc37dc217813cdef9b7df0d2ef42fc19a3d0caabb6a422c169
locked,breast_cancer_wisconsin,veto_mavs,feature_noise,shadow,rejection_rate,context_dependent,0.6460526315789473,0.0|0.05|0.1|0.2|0.4|0.6|0.8|1.0,f94842a3d75db65be34530f6578ea24a7b3825c16c6e75dc79ac8b4b8d56a051
audit,breast_cancer_wisconsin,veto_mavs,label_noise,audit,accuracy,higher_is_better,0.9655172413793104,0.0|0.05|0.1|0.2|0.4|0.6|0.8|1.0,afea38418aef8cea7bad9575baa8226e3c6a36a2e34123068d47d05e02fd32a6
audit,breast_cancer_wisconsin,veto_mavs,label_noise,audit,f1,higher_is_better,0.9523809523809523,0.0|0.05|0.1|0.2|0.4|0.6|0.8|1.0,1b2d6597fc7c9f85511e04b3a04c7194319d8e81b5389566a82df1175ab9aa3b
audit,breast_cancer_wisconsin,veto_mavs,label_noise,audit,unsafe_acceptance_rate,lower_is_better,0.0,0.0|0.05|0.1|0.2|0.4|0.6|0.8|1.0,61750543a1967920a69cf0d964dbf0ebdba87f3c43f0f4028c368bf28a6761b3
audit,breast_cancer_wisconsin,veto_mavs,label_noise,audit,technical_failure_rate,lower_is_better,0.0,0.0|0.05|0.1|0.2|0.4|0.6|0.8|1.0,7a39fafb635d294c76e8142fe090e164e215f31b2442f8a1be967c8f962627ef
audit,breast_cancer_wisconsin,veto_mavs,label_noise,audit,rejection_rate,context_dependent,0.6551724137931034,0.0|0.05|0.1|0.2|0.4|0.6|0.8|1.0,9b8b2619f8d0c0bc41ef3cadee67aa759e7d027040c2ed6321881781030b374f
audit,breast_cancer_wisconsin,veto_mavs,label_noise,shadow,accuracy,higher_is_better,0.9655172413793104,0.0|0.05|0.1|0.2|0.4|0.6|0.8|1.0,17047de7b13cabacc6dd0ac4543329e31657cd54de4d58b7836e3388ced64462
audit,breast_cancer_wisconsin,veto_mavs,label_noise,shadow,f1,higher_is_better,0.9523809523809523,0.0|0.05|0.1|0.2|0.4|0.6|0.8|1.0,c9ee2ebeb1d0c39d0f0d88f2c6417306fbdda88451c96b44365968b153372f32
audit,breast_cancer_wisconsin,veto_mavs,label_noise,shadow,unsafe_acceptance_rate,lower_is_better,0.0,0.0|0.05|0.1|0.2|0.4|0.6|0.8|1.0,93b756135f3d9faacdde48d9a271f0a269b829eb917a21eb34fde75268c95150
audit,breast_cancer_wisconsin,veto_mavs,label_noise,shadow,technical_failure_rate,lower_is_better,0.0,0.0|0.05|0.1|0.2|0.4|0.6|0.8|1.0,0faa41ad1ff2c5468ed71355ef4cb6b7847901e5577d871bdd720494545c3c78
audit,breast_cancer_wisconsin,veto_mavs,label_noise,shadow,rejection_rate,context_dependent,0.6551724137931034,0.0|0.05|0.1|0.2|0.4|0.6|0.8|1.0,90ab51a577de0fdd4487d3e01222676397646bfc05e15709310b7eb18ac3bdbb
locked,breast_cancer_wisconsin,veto_mavs,label_noise,primary,accuracy,higher_is_better,0.9473684210526315,0.0|0.05|0.1|0.2|0.4|0.6|0.8|1.0,0121c934dc3e80eab22f25f9acfba9c3b89d04a6c90e019dab9be81992d19a41
locked,breast_cancer_wisconsin,veto_mavs,label_noise,primary,f1,higher_is_better,0.9268292682926829,0.0|0.05|0.1|0.2|0.4|0.6|0.8|1.0,5af8b8018263aa0d850c52b6b9e2b3c21858e71796b36c6e1bd8b392703b949e
locked,breast_cancer_wisconsin,veto_mavs,label_noise,primary,unsafe_acceptance_rate,lower_is_better,0.027777777777777776,0.0|0.05|0.1|0.2|0.4|0.6|0.8|1.0,4683a4b7c8292fcbefb69ca8e4475e12cc73856cb9e164482696edc74628da30
locked,breast_cancer_wisconsin,veto_mavs,label_noise,primary,technical_failure_rate,lower_is_better,0.0,0.0|0.05|0.1|0.2|0.4|0.6|0.8|1.0,b451a01cc3808892cb0fb4f27ea86ab8832560b9e4b07e0acf5fd18bec0c4e00
locked,breast_cancer_wisconsin,veto_mavs,label_noise,primary,rejection_rate,context_dependent,0.6491228070175439,0.0|0.05|0.1|0.2|0.4|0.6|0.8|1.0,7779de7780dcf4b3a7ab211528ff83d261fc8ac3cb346aed5641d8de626891f7
locked,breast_cancer_wisconsin,veto_mavs,label_noise,shadow,accuracy,higher_is_better,0.9473684210526315,0.0|0.05|0.1|0.2|0.4|0.6|0.8|1.0,423ac2de061313696dd44b55ccbb25ae6e6ef3fd3c98e42a19c4a3717c542ee6
locked,breast_cancer_wisconsin,veto_mavs,label_noise,shadow,f1,higher_is_better,0.9268292682926829,0.0|0.05|0.1|0.2|0.4|0.6|0.8|1.0,cea571d639d9b669febb9636a16ac7ef15f43bf75dc90d00a1b05b268695447d
locked,breast_cancer_wisconsin,veto_mavs,label_noise,shadow,unsafe_acceptance_rate,lower_is_better,0.027777777777777776,0.0|0.05|0.1|0.2|0.4|0.6|0.8|1.0,fad225d83d77390285501f59b7ee9b936ee8530900d0155dc0eb630287d34237
locked,breast_cancer_wisconsin,veto_mavs,label_noise,shadow,technical_failure_rate,lower_is_better,0.0,0.0|0.05|0.1|0.2|0.4|0.6|0.8|1.0,340c89e448418950c393f6de5649f46ceba5276f7316d327101b9851964df53f
locked,breast_cancer_wisconsin,veto_mavs,label_noise,shadow,rejection_rate,context_dependent,0.6491228070175439,0.0|0.05|0.1|0.2|0.4|0.6|0.8|1.0,c9040e176bf2a6567965219989346218d62a1777a729a2e9f08bcf8fa8639de7
audit,breast_cancer_wisconsin,veto_mavs,missing_features,audit,accuracy,higher_is_better,0.878735632183908,0.0|0.05|0.1|0.2|0.4|0.6|0.8|1.0,e2239ae067756f2e2f20d3791298561907c7030cfdbf93a543d7db2197a055b7
audit,breast_cancer_wisconsin,veto_mavs,missing_features,audit,f1,higher_is_better,0.7598895113600995,0.0|0.05|0.1|0.2|0.4|0.6|0.8|1.0,f995a07d78c49692293b8d6e66eef18cb3406d0826bab086a549685b7a07da59
audit,breast_cancer_wisconsin,veto_mavs,missing_features,audit,unsafe_acceptance_rate,lower_is_better,0.003703703703703704,0.0|0.05|0.1|0.2|0.4|0.6|0.8|1.0,8b7a7dceb8978cb20f79e5011cd852b33d8fbce59c1e0d40dd5bfdb6e5122072
audit,breast_cancer_wisconsin,veto_mavs,missing_features,audit,technical_failure_rate,lower_is_better,0.0,0.0|0.05|0.1|0.2|0.4|0.6|0.8|1.0,375569025cbed4602123bc22787e68dbd37325fbf2a3ec8753ad8159c441fe05
audit,breast_cancer_wisconsin,veto_mavs,missing_features,audit,rejection_rate,context_dependent,0.7373563218390805,0.0|0.05|0.1|0.2|0.4|0.6|0.8|1.0,183b840a15c31089d33c20057d6edd75aebe63e4d89935c86c68a9007e3e745e
audit,breast_cancer_wisconsin,veto_mavs,missing_features,shadow,accuracy,higher_is_better,0.8905172413793103,0.0|0.05|0.1|0.2|0.4|0.6|0.8|1.0,3dbe05ff66fab802617a0f745df0700acb6392d0db0706ea8181f31d61532cb3
audit,breast_cancer_wisconsin,veto_mavs,missing_features,shadow,f1,higher_is_better,0.7923773448773449,0.0|0.05|0.1|0.2|0.4|0.6|0.8|1.0,90d69a5dc2dc5423bf758e9c5c88e0677044101209c7cbec39a9d105526d878e
audit,breast_cancer_wisconsin,veto_mavs,missing_features,shadow,unsafe_acceptance_rate,lower_is_better,0.011111111111111112,0.0|0.05|0.1|0.2|0.4|0.6|0.8|1.0,6b0c200ad420ae0b6aa3d25dfe1b0dfd7a7ffbe15f625873ed38857cf4c15ecd
audit,breast_cancer_wisconsin,veto_mavs,missing_features,shadow,technical_failure_rate,lower_is_better,0.0,0.0|0.05|0.1|0.2|0.4|0.6|0.8|1.0,c56c45f302a1a5884f796e8d12389c6a78430f1c8f039b97b2a31ac6bd0e1e26
audit,breast_cancer_wisconsin,veto_mavs,missing_features,shadow,rejection_rate,context_dependent,0.7163793103448277,0.0|0.05|0.1|0.2|0.4|0.6|0.8|1.0,086b23ee34e7f049e10a038becf0b97d13f25cb22e08b37bce31d5d2d26224ca
locked,breast_cancer_wisconsin,veto_mavs,missing_features,primary,accuracy,higher_is_better,0.8766081871345028,0.0|0.05|0.1|0.2|0.4|0.6|0.8|1.0,eb759342eb7991fd1b749ac1e66d8a2d514b43d40e13621aa781826a2ebc0c93
locked,breast_cancer_wisconsin,veto_mavs,missing_features,primary,f1,higher_is_better,0.7651647745410914,0.0|0.05|0.1|0.2|0.4|0.6|0.8|1.0,2d0634a348d3557c64feb9c9f514c8a8ca6b432851d20c3e220b114b7e00478c
locked,breast_cancer_wisconsin,veto_mavs,missing_features,primary,unsafe_acceptance_rate,lower_is_better,0.018749999999999996,0.0|0.05|0.1|0.2|0.4|0.6|0.8|1.0,26ff4d0917f9226d92ea11eb71acd87589c8055e67b50d32bf569ac75e5c0f85
locked,breast_cancer_wisconsin,veto_mavs,missing_features,primary,technical_failure_rate,lower_is_better,0.0,0.0|0.05|0.1|0.2|0.4|0.6|0.8|1.0,8116d472f5b6f4bee976fb15097f1b9ab45b16b92ba960fdd11076116925c671
locked,breast_cancer_wisconsin,veto_mavs,missing_features,primary,rejection_rate,context_dependent,0.7312865497076024,0.0|0.05|0.1|0.2|0.4|0.6|0.8|1.0,c9ef9c6d9382af6ae4b9557e49c1f0f703ed4eeee845ced88a9a64c2c6a53742
locked,breast_cancer_wisconsin,veto_mavs,missing_features,shadow,accuracy,higher_is_better,0.8719298245614036,0.0|0.05|0.1|0.2|0.4|0.6|0.8|1.0,cab6602af9740ef689eb5ac144cb7adfaac2a60d0500985bb67b226a28314167
locked,breast_cancer_wisconsin,veto_mavs,missing_features,shadow,f1,higher_is_better,0.753043607749962,0.0|0.05|0.1|0.2|0.4|0.6|0.8|1.0,1d0e548393cdcb4be3b3728042e2059597afb8de08f848ec90a06a3fc4f18f7d
locked,breast_cancer_wisconsin,veto_mavs,missing_features,shadow,unsafe_acceptance_rate,lower_is_better,0.015624999999999998,0.0|0.05|0.1|0.2|0.4|0.6|0.8|1.0,1b382603628f1a49da00b4d457f01de513e10de058928cdff0703cc061543302
locked,breast_cancer_wisconsin,veto_mavs,missing_features,shadow,technical_failure_rate,lower_is_better,0.0,0.0|0.05|0.1|0.2|0.4|0.6|0.8|1.0,ee98f0a1704cda17275fedcbb96ffcb763a86d36a9c0fc7da06b4692357cbc95
locked,breast_cancer_wisconsin,veto_mavs,missing_features,shadow,rejection_rate,context_dependent,0.7399122807017544,0.0|0.05|0.1|0.2|0.4|0.6|0.8|1.0,1f048adabf253b67e921a5e841342807568f43c7d2a77d04ef39f9f2d06f19ad
audit,breast_cancer_wisconsin,veto_mavs,random_feature_deletion,audit,accuracy,higher_is_better,0.8741379310344828,0.0|0.05|0.1|0.2|0.4|0.6|0.8|1.0,48e4101a9d601180d2ef2e53a366cdffc455f513e9aea83cd12305f334b904fd
audit,breast_cancer_wisconsin,veto_mavs,random_feature_deletion,audit,f1,higher_is_better,0.7420091896407686,0.0|0.05|0.1|0.2|0.4|0.6|0.8|1.0,0cbf53ef0f72310a034b0a6fea4e0a4c37794dd7225ecf9e12ec3f49ba826026
audit,breast_cancer_wisconsin,veto_mavs,random_feature_deletion,audit,unsafe_acceptance_rate,lower_is_better,0.003703703703703704,0.0|0.05|0.1|0.2|0.4|0.6|0.8|1.0,26b33f73101b76b78560963849fab5051940223fc0cf3026c3440fc592c8ddc4
audit,breast_cancer_wisconsin,veto_mavs,random_feature_deletion,audit,technical_failure_rate,lower_is_better,0.0,0.0|0.05|0.1|0.2|0.4|0.6|0.8|1.0,0dec3d48c48c9e85500b693f7cf3f0983efe005b5f2e503b2b1db0bb61b65ffa
audit,breast_cancer_wisconsin,veto_mavs,random_feature_deletion,audit,rejection_rate,context_dependent,0.7419540229885058,0.0|0.05|0.1|0.2|0.4|0.6|0.8|1.0,ee7f3efd325a38287cb3422cc050f21b5b9cac596b0e67c876d4f61edab4ce8d
audit,breast_cancer_wisconsin,veto_mavs,random_feature_deletion,shadow,accuracy,higher_is_better,0.8896551724137931,0.0|0.05|0.1|0.2|0.4|0.6|0.8|1.0,ecee03a93fd6663decf9a12062751759bad1e4bbd62f45424d4841fd8681665b
audit,breast_cancer_wisconsin,veto_mavs,random_feature_deletion,shadow,f1,higher_is_better,0.7943692564745196,0.0|0.05|0.1|0.2|0.4|0.6|0.8|1.0,33e5ec101219a31a40dee791594fb513389152b9ca99c0c34ef32171525920ab
audit,breast_cancer_wisconsin,veto_mavs,random_feature_deletion,shadow,unsafe_acceptance_rate,lower_is_better,0.016666666666666666,0.0|0.05|0.1|0.2|0.4|0.6|0.8|1.0,a0e4796e8a6bbb9d6a15a3e1a16b13fe98e45d975f08392b9d5dfa671cd8ea81
audit,breast_cancer_wisconsin,veto_mavs,random_feature_deletion,shadow,technical_failure_rate,lower_is_better,0.0,0.0|0.05|0.1|0.2|0.4|0.6|0.8|1.0,214889888d5ef8cdd814f4c154ac8df921bf84a2bc843d0a6687ba379bfd4f79
audit,breast_cancer_wisconsin,veto_mavs,random_feature_deletion,shadow,rejection_rate,context_dependent,0.710344827586207,0.0|0.05|0.1|0.2|0.4|0.6|0.8|1.0,20eabcb0b947fb9d78fee10cb69e1c00325a5656ce4c19ce13e48cd711ccd4d4
locked,breast_cancer_wisconsin,veto_mavs,random_feature_deletion,primary,accuracy,higher_is_better,0.8839181286549707,0.0|0.05|0.1|0.2|0.4|0.6|0.8|1.0,6ca18da05e35bb303a74f4b134adfa13b7db531927ad6cba94a77078c6775329
locked,breast_cancer_wisconsin,veto_mavs,random_feature_deletion,primary,f1,higher_is_better,0.7759606591350428,0.0|0.05|0.1|0.2|0.4|0.6|0.8|1.0,ec29ce87d5731a15b68c56949a2f8df5f23237fed333a6b8a426a4f5b354f344
locked,breast_cancer_wisconsin,veto_mavs,random_feature_deletion,primary,unsafe_acceptance_rate,lower_is_better,0.01898148148148148,0.0|0.05|0.1|0.2|0.4|0.6|0.8|1.0,5e081ed9cb0651397732278eb594e53a8809b9b6de53e7f54f007ac0dd63207b
locked,breast_cancer_wisconsin,veto_mavs,random_feature_deletion,primary,technical_failure_rate,lower_is_better,0.0,0.0|0.05|0.1|0.2|0.4|0.6|0.8|1.0,0dd01eb9e6a3d27bf5db2604f12e34af0f3f3c02f009d1e3ad3f3c98d2d3fd40
locked,breast_cancer_wisconsin,veto_mavs,random_feature_deletion,primary,rejection_rate,context_dependent,0.7236842105263158,0.0|0.05|0.1|0.2|0.4|0.6|0.8|1.0,ececb5c80b99ed32bafb308d2dcb9b22a3fa35e019da74a41fbb770261112de2
locked,breast_cancer_wisconsin,veto_mavs,random_feature_deletion,shadow,accuracy,higher_is_better,0.874122807017544,0.0|0.05|0.1|0.2|0.4|0.6|0.8|1.0,23bd918fec8e7dc66fcff9688f2bfe6efae0a20e6197bab102363b67ac5037a7
locked,breast_cancer_wisconsin,veto_mavs,random_feature_deletion,shadow,f1,higher_is_better,0.761103679990387,0.0|0.05|0.1|0.2|0.4|0.6|0.8|1.0,f33de9836d434b8da6418036d32831884c4e6c3b4a0eedb183245141cef5540e
locked,breast_cancer_wisconsin,veto_mavs,random_feature_deletion,shadow,unsafe_acceptance_rate,lower_is_better,0.02847222222222222,0.0|0.05|0.1|0.2|0.4|0.6|0.8|1.0,e1eea7c4e790ce5c7ce5e2146eed0c95291e0da1d6e1881441dfb5083198c45b
locked,breast_cancer_wisconsin,veto_mavs,random_feature_deletion,shadow,technical_failure_rate,lower_is_better,0.0,0.0|0.05|0.1|0.2|0.4|0.6|0.8|1.0,0472b338f1399afcd68f8f44054d1cb09ba02cb22233a787026dbe12fa229273
locked,breast_cancer_wisconsin,veto_mavs,random_feature_deletion,shadow,rejection_rate,context_dependent,0.7214912280701755,0.0|0.05|0.1|0.2|0.4|0.6|0.8|1.0,b6d025f9cee8508aa1bc33a487563997e1e98d27a294097775d9daff8386a974
audit,breast_cancer_wisconsin,veto_mavs,specialist_failure,audit,accuracy,higher_is_better,0.7896551724137932,0.0|0.05|0.1|0.2|0.4|0.6|0.8|1.0,033818f19e1ce13ad835ac57fdc6dabfef7050454b0735efa29758f03652f98f
audit,breast_cancer_wisconsin,veto_mavs,specialist_failure,audit,f1,higher_is_better,0.8316666666666667,0.0|0.05|0.1|0.2|0.4|0.6|0.8|1.0,0edeb8653c294c1653e8bc98e6313ea3f73f2d54e3f6f632854153e0b26e7d04
audit,breast_cancer_wisconsin,veto_mavs,specialist_failure,audit,unsafe_acceptance_rate,lower_is_better,0.3,0.0|0.05|0.1|0.2|0.4|0.6|0.8|1.0,0582ab4e4725852ddd21fe3680c8d02bfdc3db8662256a72ed55f797b6760396
audit,breast_cancer_wisconsin,veto_mavs,specialist_failure,audit,technical_failure_rate,lower_is_better,0.0,0.0|0.05|0.1|0.2|0.4|0.6|0.8|1.0,48fe691808d44cfe6b15318ad7b24ed1808d761c1b60f5dfc2b529108b4a5976
audit,breast_cancer_wisconsin,veto_mavs,specialist_failure,audit,rejection_rate,context_dependent,0.45862068965517244,0.0|0.05|0.1|0.2|0.4|0.6|0.8|1.0,e5422d58c3cbc4828fba0887c6bb98baf9ac57e9282ad9230d08c3632f293dd5
audit,breast_cancer_wisconsin,veto_mavs,specialist_failure,shadow,accuracy,higher_is_better,0.7896551724137932,0.0|0.05|0.1|0.2|0.4|0.6|0.8|1.0,d1f0975e8cc999b15c0e9c48bcbdeb21f3b40438d0885821b5d29a585597a01f
audit,breast_cancer_wisconsin,veto_mavs,specialist_failure,shadow,f1,higher_is_better,0.8316666666666667,0.0|0.05|0.1|0.2|0.4|0.6|0.8|1.0,420eb65af89ce3558deccfdeab84829e6b733a0a2191f2fb9e57d8c1b6dd213c
audit,breast_cancer_wisconsin,veto_mavs,specialist_failure,shadow,unsafe_acceptance_rate,lower_is_better,0.3,0.0|0.05|0.1|0.2|0.4|0.6|0.8|1.0,5d5ff58233203ce64e6c5917bd3fdafe884b22113199b3942d19fa5245dd9b53
audit,breast_cancer_wisconsin,veto_mavs,specialist_failure,shadow,technical_failure_rate,lower_is_better,0.0,0.0|0.05|0.1|0.2|0.4|0.6|0.8|1.0,1a343b6864f691ac7893e2067b6a37f60c27872648d76bb00779d34d9b087d6a
audit,breast_cancer_wisconsin,veto_mavs,specialist_failure,shadow,rejection_rate,context_dependent,0.45862068965517244,0.0|0.05|0.1|0.2|0.4|0.6|0.8|1.0,a7840888306733bde8e753178174bbfe07da8794c843ec58ff1c667ffb087dd7
locked,breast_cancer_wisconsin,veto_mavs,specialist_failure,primary,accuracy,higher_is_better,0.7758771929824562,0.0|0.05|0.1|0.2|0.4|0.6|0.8|1.0,9af2b5b7be6f4d412b2ba961a30ec971fdfd73f66c2019d681029c8206d6eb8b
locked,breast_cancer_wisconsin,veto_mavs,specialist_failure,primary,f1,higher_is_better,0.8144710980076832,0.0|0.05|0.1|0.2|0.4|0.6|0.8|1.0,6d7c24aafa80b97c829e7842b69ca4fa8ae1a4b00202c4294f7bb691e152b7e7
locked,breast_cancer_wisconsin,veto_mavs,specialist_failure,primary,unsafe_acceptance_rate,lower_is_better,0.3270833333333333,0.0|0.05|0.1|0.2|0.4|0.6|0.8|1.0,78382b41bba609c9a7e5925423db236e4ff3ce1c883b6a6f9caf07801652420a
locked,breast_cancer_wisconsin,veto_mavs,specialist_failure,primary,technical_failure_rate,lower_is_better,0.0,0.0|0.05|0.1|0.2|0.4|0.6|0.8|1.0,c953a36ed1d914b2616ecbd8c8e982a328573df151afb9561f18fddca467f682
locked,breast_cancer_wisconsin,veto_mavs,specialist_failure,primary,rejection_rate,context_dependent,0.44254385964912285,0.0|0.05|0.1|0.2|0.4|0.6|0.8|1.0,1154c4b82208307cc10d2824ae713643044ff9ce20ac336e6272141a77b1ee5c
locked,breast_cancer_wisconsin,veto_mavs,specialist_failure,shadow,accuracy,higher_is_better,0.7758771929824562,0.0|0.05|0.1|0.2|0.4|0.6|0.8|1.0,fc601352dfd820d6498feb39acbdf112614e9e04b5e633907de673b90a744df6
locked,breast_cancer_wisconsin,veto_mavs,specialist_failure,shadow,f1,higher_is_better,0.8144710980076832,0.0|0.05|0.1|0.2|0.4|0.6|0.8|1.0,010ccfdbd837ef04a947ef88dc88d55364a3e4e9d0a20509a34f713a0405492d
locked,breast_cancer_wisconsin,veto_mavs,specialist_failure,shadow,unsafe_acceptance_rate,lower_is_better,0.3270833333333333,0.0|0.05|0.1|0.2|0.4|0.6|0.8|1.0,820c68ebd0c8792909c95ff97199cf8fbd5817ab4979bad39d0bff6ad78e7dee
locked,breast_cancer_wisconsin,veto_mavs,specialist_failure,shadow,technical_failure_rate,lower_is_better,0.0,0.0|0.05|0.1|0.2|0.4|0.6|0.8|1.0,7d8a1741a2ba6c2f7d12f63d0cd2dc402be0b96e67dfcf649afe84e0b67c304d
locked,breast_cancer_wisconsin,veto_mavs,specialist_failure,shadow,rejection_rate,context_dependent,0.44254385964912285,0.0|0.05|0.1|0.2|0.4|0.6|0.8|1.0,5ac86988f6bde5dce5636fdd0d7ad4129f8d74cbc1d520ca2814df68ae187671
audit,breast_cancer_wisconsin,veto_mavs,synthetic_sensor_failure,audit,accuracy,higher_is_better,0.903448275862069,0.0|0.05|0.1|0.2|0.4|0.6|0.8|1.0,c0336a2acb15969694045045b248c4b088e26dc6dd07efa2456d28e388f6707f
audit,breast_cancer_wisconsin,veto_mavs,synthetic_sensor_failure,audit,f1,higher_is_better,0.819047619047619,0.0|0.05|0.1|0.2|0.4|0.6|0.8|1.0,dd0862cc1f23fd408719111d7619ceaf452c490cad1e49e2c1f680f031efd4d7
audit,breast_cancer_wisconsin,veto_mavs,synthetic_sensor_failure,audit,unsafe_acceptance_rate,lower_is_better,0.022222222222222223,0.0|0.05|0.1|0.2|0.4|0.6|0.8|1.0,b436ebb20959b1f6761645059d65146c74ebcebebf817c8c44f54c8933106b65
audit,breast_cancer_wisconsin,veto_mavs,synthetic_sensor_failure,audit,technical_failure_rate,lower_is_better,0.0,0.0|0.05|0.1|0.2|0.4|0.6|0.8|1.0,65c5e151226816dc13e2d0dbeee523f1e7f0a4112712097eca8373852d652ec3
audit,breast_cancer_wisconsin,veto_mavs,synthetic_sensor_failure,audit,rejection_rate,context_dependent,0.6896551724137931,0.0|0.05|0.1|0.2|0.4|0.6|0.8|1.0,615f02e35cd21143237c0f21722c3b57e1a1043ba11ff8eaea11bed9ba654db0
audit,breast_cancer_wisconsin,veto_mavs,synthetic_sensor_failure,shadow,accuracy,higher_is_better,0.903448275862069,0.0|0.05|0.1|0.2|0.4|0.6|0.8|1.0,3eef4009589d58dc190978a60fd93c32bbd00506fee3fa0c3de0551c42c96c06
audit,breast_cancer_wisconsin,veto_mavs,synthetic_sensor_failure,shadow,f1,higher_is_better,0.819047619047619,0.0|0.05|0.1|0.2|0.4|0.6|0.8|1.0,eac7407035885d9e9d5babebc8cd3edd0f4a3ef828fa079dc51b7349ed155c35
audit,breast_cancer_wisconsin,veto_mavs,synthetic_sensor_failure,shadow,unsafe_acceptance_rate,lower_is_better,0.022222222222222223,0.0|0.05|0.1|0.2|0.4|0.6|0.8|1.0,ddbefdc965da9fca6b77ab1e52ac94b8c293979eb0b471f1dbaeee3ef0538eb7
audit,breast_cancer_wisconsin,veto_mavs,synthetic_sensor_failure,shadow,technical_failure_rate,lower_is_better,0.0,0.0|0.05|0.1|0.2|0.4|0.6|0.8|1.0,ea4fe1451cbe1dc287dd7cdd4ef130ef8c91162520bc1d050d2211d53e2cb28f
audit,breast_cancer_wisconsin,veto_mavs,synthetic_sensor_failure,shadow,rejection_rate,context_dependent,0.6896551724137931,0.0|0.05|0.1|0.2|0.4|0.6|0.8|1.0,46b0ff9d7fd0a9c0903b45da4110215fa637b41fe45842257dd8d4031cfba3c8
locked,breast_cancer_wisconsin,veto_mavs,synthetic_sensor_failure,primary,accuracy,higher_is_better,0.9052631578947368,0.0|0.05|0.1|0.2|0.4|0.6|0.8|1.0,4881ad30ede02311f632d37ac02083e5d99a090081d8801d44efe3cf3511b522
locked,breast_cancer_wisconsin,veto_mavs,synthetic_sensor_failure,primary,f1,higher_is_better,0.8189448762619495,0.0|0.05|0.1|0.2|0.4|0.6|0.8|1.0,63d40bf9e21c70977ca54e8847f7a867270a05f5736ceb7f28acd60cb8f47b0a
locked,breast_cancer_wisconsin,veto_mavs,synthetic_sensor_failure,primary,unsafe_acceptance_rate,lower_is_better,0.02847222222222222,0.0|0.05|0.1|0.2|0.4|0.6|0.8|1.0,79693dc5f06cd947ba22572b2f3948df37c9e7179134b3649410a2735f41dadb
locked,breast_cancer_wisconsin,veto_mavs,synthetic_sensor_failure,primary,technical_failure_rate,lower_is_better,0.0,0.0|0.05|0.1|0.2|0.4|0.6|0.8|1.0,5a343bc2f62b4a35ccf589a0bc059d9eb41dee6478675ce4a23f1d59a1d68bc9
locked,breast_cancer_wisconsin,veto_mavs,synthetic_sensor_failure,primary,rejection_rate,context_dependent,0.6903508771929825,0.0|0.05|0.1|0.2|0.4|0.6|0.8|1.0,7d7bb11d07b72f971c73026c6d9c46efb1229fa92cafa29e0cc331005366a3bb
locked,breast_cancer_wisconsin,veto_mavs,synthetic_sensor_failure,shadow,accuracy,higher_is_better,0.9052631578947368,0.0|0.05|0.1|0.2|0.4|0.6|0.8|1.0,00ba65a24504e2eafd2cfb3db2fdaa74fcf8e67c3cbfdeefd0b5935378646d63
locked,breast_cancer_wisconsin,veto_mavs,synthetic_sensor_failure,shadow,f1,higher_is_better,0.8189448762619495,0.0|0.05|0.1|0.2|0.4|0.6|0.8|1.0,b98153d2c7ca4fbb442e89b4ee67b7d51abcf9e463e83f25d92398f36eb87dbd
locked,breast_cancer_wisconsin,veto_mavs,synthetic_sensor_failure,shadow,unsafe_acceptance_rate,lower_is_better,0.02847222222222222,0.0|0.05|0.1|0.2|0.4|0.6|0.8|1.0,e054dbe7fd1b80e95f874eeff49cbb66dda527ce5a0e4fd55725ab7a235d51fe
locked,breast_cancer_wisconsin,veto_mavs,synthetic_sensor_failure,shadow,technical_failure_rate,lower_is_better,0.0,0.0|0.05|0.1|0.2|0.4|0.6|0.8|1.0,021d113106af0bfcf98addfc5a3db59dd8e754fc21f096c1486ee35f8c221e1c
locked,breast_cancer_wisconsin,veto_mavs,synthetic_sensor_failure,shadow,rejection_rate,context_dependent,0.6903508771929825,0.0|0.05|0.1|0.2|0.4|0.6|0.8|1.0,95ef400b0c852035e30268e66f7ddfae8ed966f760f0db68bd6d21a64f6e6cac
audit,credit_card_fraud,mean_ensemble,adversarial_confidence_inflation,audit,accuracy,higher_is_better,0.9992275280898877,0.0|0.05|0.1|0.2|0.4|0.6|0.8|1.0,7f3165b1097519d9c79a369a3153b33a3d2c21aeba1743b44eb4b2332f05133e
audit,credit_card_fraud,mean_ensemble,adversarial_confidence_inflation,audit,f1,higher_is_better,0.7441860465116279,0.0|0.05|0.1|0.2|0.4|0.6|0.8|1.0,ee6c8541594b8967b91379d7bfec3390145391bf992ab6e6b964d4b6955a1345
audit,credit_card_fraud,mean_ensemble,adversarial_confidence_inflation,audit,unsafe_acceptance_rate,lower_is_better,0.00014069644741470278,0.0|0.05|0.1|0.2|0.4|0.6|0.8|1.0,21ffda213d93f3babf74f7ddd0d3625b7a08f6625e9234023de8b615cf81d5d2
audit,credit_card_fraud,mean_ensemble,adversarial_confidence_inflation,audit,technical_failure_rate,lower_is_better,0.0,0.0|0.05|0.1|0.2|0.4|0.6|0.8|1.0,f9efed6a73300174521f7173a0e55df0e79fef017534dcd7e83f7a4a8d196c93
audit,credit_card_fraud,mean_ensemble,adversarial_confidence_inflation,audit,rejection_rate,context_dependent,0.9987359550561796,0.0|0.05|0.1|0.2|0.4|0.6|0.8|1.0,24b5bf8f12750a5cd6a82c1addb09a2e70773ea82f5aa2bb5d20e3b30647beec
audit,credit_card_fraud,mean_ensemble,adversarial_confidence_inflation,shadow,accuracy,higher_is_better,0.9992275280898877,0.0|0.05|0.1|0.2|0.4|0.6|0.8|1.0,d4b2d56cab8a14541e97294d86db70cc0d1fcf2485543a4c14ab570536805189
audit,credit_card_fraud,mean_ensemble,adversarial_confidence_inflation,shadow,f1,higher_is_better,0.7441860465116279,0.0|0.05|0.1|0.2|0.4|0.6|0.8|1.0,b8aabd6fa1c530b13e44e0fa106cb1f7547e8d0d577db491be8e1def7461bab5
audit,credit_card_fraud,mean_ensemble,adversarial_confidence_inflation,shadow,unsafe_acceptance_rate,lower_is_better,0.00014069644741470278,0.0|0.05|0.1|0.2|0.4|0.6|0.8|1.0,a0ddbec95fb6c20e781dad6f36a8eb1ced05ba14fc3e4fdfa9000032a90fc455
audit,credit_card_fraud,mean_ensemble,adversarial_confidence_inflation,shadow,technical_failure_rate,lower_is_better,0.0,0.0|0.05|0.1|0.2|0.4|0.6|0.8|1.0,14dd41b4f4b6c5c4662d4e164ac4ef635b5bd885a7be0562f4c67fb44b3589cd
audit,credit_card_fraud,mean_ensemble,adversarial_confidence_inflation,shadow,rejection_rate,context_dependent,0.9987359550561796,0.0|0.05|0.1|0.2|0.4|0.6|0.8|1.0,c6abe9bb1f726f5ae78701d17824d88d8bfed0a9ba569d02bf81552cf85c1301
locked,credit_card_fraud,mean_ensemble,adversarial_confidence_inflation,primary,accuracy,higher_is_better,0.9993328885923949,0.0|0.05|0.1|0.2|0.4|0.6|0.8|1.0,13ca38e9d95f38d612e9c4cd6b97e1260060ad88c42ddd968fcc20be2e1d401e
locked,credit_card_fraud,mean_ensemble,adversarial_confidence_inflation,primary,f1,higher_is_better,0.7710843373493975,0.0|0.05|0.1|0.2|0.4|0.6|0.8|1.0,2616dd79fc3b8f37c26b9670e69dc6c48186b7032b550d7042e00aacdee23e69
locked,credit_card_fraud,mean_ensemble,adversarial_confidence_inflation,primary,unsafe_acceptance_rate,lower_is_better,7.034327518289252e-05,0.0|0.05|0.1|0.2|0.4|0.6|0.8|1.0,fa3829b9fb3bad705014500b502fda72a865f9e46cb7aea0fd6b7ccc2d75bd25
locked,credit_card_fraud,mean_ensemble,adversarial_confidence_inflation,primary,technical_failure_rate,lower_is_better,0.0,0.0|0.05|0.1|0.2|0.4|0.6|0.8|1.0,6913525bbacbd7ffac5a194984919ec374933a34c709d2037605c213aebffb1c
locked,credit_card_fraud,mean_ensemble,adversarial_confidence_inflation,primary,rejection_rate,context_dependent,0.9988062216916541,0.0|0.05|0.1|0.2|0.4|0.6|0.8|1.0,227c001fab95137bb327e4d97b7c6754a9ab86390b73db5e2693bfb63f100426
locked,credit_card_fraud,mean_ensemble,adversarial_confidence_inflation,shadow,accuracy,higher_is_better,0.9993328885923949,0.0|0.05|0.1|0.2|0.4|0.6|0.8|1.0,241751dab8a3bc8646685b0f42531b7ddce46520ae4716eca8b1c8e0afb9c233
locked,credit_card_fraud,mean_ensemble,adversarial_confidence_inflation,shadow,f1,higher_is_better,0.7710843373493975,0.0|0.05|0.1|0.2|0.4|0.6|0.8|1.0,aaf7a58cfd5e97d5fc62ad432c2daa9c5a6da368d1e6effc82eff0e66e348b75
locked,credit_card_fraud,mean_ensemble,adversarial_confidence_inflation,shadow,unsafe_acceptance_rate,lower_is_better,7.034327518289252e-05,0.0|0.05|0.1|0.2|0.4|0.6|0.8|1.0,5670305f12affe1bc2f7619fe8b1dd5b8dc5e86156c8261908e1c43b67ede0c7
locked,credit_card_fraud,mean_ensemble,adversarial_confidence_inflation,shadow,technical_failure_rate,lower_is_better,0.0,0.0|0.05|0.1|0.2|0.4|0.6|0.8|1.0,614a9433b3be9afbe9a3863f1c170b1fcdf610593178180a88cebc2a1d7d0fd4
locked,credit_card_fraud,mean_ensemble,adversarial_confidence_inflation,shadow,rejection_rate,context_dependent,0.9988062216916541,0.0|0.05|0.1|0.2|0.4|0.6|0.8|1.0,6bd520c94434eb67cf5530391b916ecbd8b28726cea3f3f02ecde9268091d695
audit,credit_card_fraud,mean_ensemble,confidence_distortion,audit,accuracy,higher_is_better,0.9992275280898877,0.0|0.05|0.1|0.2|0.4|0.6|0.8|1.0,c5ef5233128dca8215e8d6adf80941855eae801ba8704801a32f8df19430cd32
audit,credit_card_fraud,mean_ensemble,confidence_distortion,audit,f1,higher_is_better,0.7441860465116279,0.0|0.05|0.1|0.2|0.4|0.6|0.8|1.0,81a7bbc4f50ebe1588ea7fd378360f55ee76cbaead9767d3dfb61eed553c358c
audit,credit_card_fraud,mean_ensemble,confidence_distortion,audit,unsafe_acceptance_rate,lower_is_better,0.00014069644741470278,0.0|0.05|0.1|0.2|0.4|0.6|0.8|1.0,400cf0e98a145bc0b63712eec1f1a8fdf2d4f3993a32fb19415c0e2f0753f454
audit,credit_card_fraud,mean_ensemble,confidence_distortion,audit,technical_failure_rate,lower_is_better,0.0,0.0|0.05|0.1|0.2|0.4|0.6|0.8|1.0,536c57f148e128f14ea94e8e7a2469685192d87143e894424d1d4e13386231a9
audit,credit_card_fraud,mean_ensemble,confidence_distortion,audit,rejection_rate,context_dependent,0.9987359550561796,0.0|0.05|0.1|0.2|0.4|0.6|0.8|1.0,ec295f24b2d19a704b6158949fe2fea2a7758415ae52d11aad73bebc155f8e7e
audit,credit_card_fraud,mean_ensemble,confidence_distortion,shadow,accuracy,higher_is_better,0.9992275280898877,0.0|0.05|0.1|0.2|0.4|0.6|0.8|1.0,76622a932df5c12e7d7e5285f5cd3ee0e6db1c2865331ccec0e910771314980c
audit,credit_card_fraud,mean_ensemble,confidence_distortion,shadow,f1,higher_is_better,0.7441860465116279,0.0|0.05|0.1|0.2|0.4|0.6|0.8|1.0,3faf0cfefcd9c14f681c2bb4df928265fec6c976a6284608721ca7df4da11395
audit,credit_card_fraud,mean_ensemble,confidence_distortion,shadow,unsafe_acceptance_rate,lower_is_better,0.00014069644741470278,0.0|0.05|0.1|0.2|0.4|0.6|0.8|1.0,0ea5ae6f6d913f6ec2a955769eab8daa113496af0a5ed38265b3a0027d67fea9
audit,credit_card_fraud,mean_ensemble,confidence_distortion,shadow,technical_failure_rate,lower_is_better,0.0,0.0|0.05|0.1|0.2|0.4|0.6|0.8|1.0,c95bb5a72932823cfd44487ca5b1398f5199b9b8b320c2da599dc25762f98367
audit,credit_card_fraud,mean_ensemble,confidence_distortion,shadow,rejection_rate,context_dependent,0.9987359550561796,0.0|0.05|0.1|0.2|0.4|0.6|0.8|1.0,ce61ff2e9899556c58e794cd5447e56712bbe585ad407324e31c31141c74c71d
locked,credit_card_fraud,mean_ensemble,confidence_distortion,primary,accuracy,higher_is_better,0.9993328885923949,0.0|0.05|0.1|0.2|0.4|0.6|0.8|1.0,ffcb01988621ada4361147ce40355a13fa7730ea1cdbbba1ca6da6b1e8998633
locked,credit_card_fraud,mean_ensemble,confidence_distortion,primary,f1,higher_is_better,0.7710843373493975,0.0|0.05|0.1|0.2|0.4|0.6|0.8|1.0,71623cdf38ce17c70ee0260c0b101b696158d1a7488c12e8cfb27a37ad374c35
locked,credit_card_fraud,mean_ensemble,confidence_distortion,primary,unsafe_acceptance_rate,lower_is_better,7.034327518289252e-05,0.0|0.05|0.1|0.2|0.4|0.6|0.8|1.0,db4fb235f356fef32723560d1696d389ed669f4aedc25fc96414c59ee3caadb0
locked,credit_card_fraud,mean_ensemble,confidence_distortion,primary,technical_failure_rate,lower_is_better,0.0,0.0|0.05|0.1|0.2|0.4|0.6|0.8|1.0,de31feeb8b4368ca2555444377e3a908060562920a5297de077221a312753dd7
locked,credit_card_fraud,mean_ensemble,confidence_distortion,primary,rejection_rate,context_dependent,0.9988062216916541,0.0|0.05|0.1|0.2|0.4|0.6|0.8|1.0,6507f851a455f7b35ff4d3ece44a19a518c62d74617ae64c4df3fba6a7b3790b
locked,credit_card_fraud,mean_ensemble,confidence_distortion,shadow,accuracy,higher_is_better,0.9993328885923949,0.0|0.05|0.1|0.2|0.4|0.6|0.8|1.0,748f7fc942a73d836ed3b45a29ee120b38b436572210bd5db5aeb1e88623043e
locked,credit_card_fraud,mean_ensemble,confidence_distortion,shadow,f1,higher_is_better,0.7710843373493975,0.0|0.05|0.1|0.2|0.4|0.6|0.8|1.0,4849b5881a07e85c1000bf379aeda85d51b149e1e11133af1e19a5dbf0762b61
locked,credit_card_fraud,mean_ensemble,confidence_distortion,shadow,unsafe_acceptance_rate,lower_is_better,7.034327518289252e-05,0.0|0.05|0.1|0.2|0.4|0.6|0.8|1.0,8b50e299971d52082b83ac840f64a39468c4fd177e342a55aeade56077115711
locked,credit_card_fraud,mean_ensemble,confidence_distortion,shadow,technical_failure_rate,lower_is_better,0.0,0.0|0.05|0.1|0.2|0.4|0.6|0.8|1.0,152279da581f6a9ec27b7bdd95abeee8dfbfab0b7b920fb68be484abd6d6bda4
locked,credit_card_fraud,mean_ensemble,confidence_distortion,shadow,rejection_rate,context_dependent,0.9988062216916541,0.0|0.05|0.1|0.2|0.4|0.6|0.8|1.0,e31aebbaeef9d0a9b69e76a9baa1587ebf4b1be9c996db1b2713704952cf68cf
audit,credit_card_fraud,mean_ensemble,distribution_shift,audit,accuracy,higher_is_better,0.9987611386974047,0.0|0.05|0.1|0.2|0.4|0.6|0.8|1.0,849ca53015747591ebfbeda361a518a77646c517dd03d4dd89d705da5a6f1138
audit,credit_card_fraud,mean_ensemble,distribution_shift,audit,f1,higher_is_better,0.7459579180509412,0.0|0.05|0.1|0.2|0.4|0.6|0.8|1.0,0f3a59134c33f51648f1a3b3353cda0f5b1b616316fc884db51321b36970be6a
audit,credit_card_fraud,mean_ensemble,distribution_shift,audit,unsafe_acceptance_rate,lower_is_better,0.0002296171765053172,0.0|0.05|0.1|0.2|0.4|0.6|0.8|1.0,70652517e3d1fb03d7de9872ea1c357d390975d097364e50d3a2fd9a8b0fca28
audit,credit_card_fraud,mean_ensemble,distribution_shift,audit,technical_failure_rate,lower_is_better,0.0,0.0|0.05|0.1|0.2|0.4|0.6|0.8|1.0,23e1610188a836a43b5b3ce6911a4b3f00fa0f249472ba8352072d0986014ced
audit,credit_card_fraud,mean_ensemble,distribution_shift,audit,rejection_rate,context_dependent,0.9979399400777318,0.0|0.05|0.1|0.2|0.4|0.6|0.8|1.0,ceaa3c2f688c8c95a873972ec2606f479317c028ebb19bf9570b2e634f8a8ae6
audit,credit_card_fraud,mean_ensemble,distribution_shift,shadow,accuracy,higher_is_better,0.9987611386974047,0.0|0.05|0.1|0.2|0.4|0.6|0.8|1.0,ce32c56a8208172b26d068ad0c0a30034363b428a46378ce08950487939bc658
audit,credit_card_fraud,mean_ensemble,distribution_shift,shadow,f1,higher_is_better,0.7459579180509412,0.0|0.05|0.1|0.2|0.4|0.6|0.8|1.0,7d367f5f65982b2a3a1efee6ff8ede6250d12ddc76e70315f83cdbdbc16063bd
audit,credit_card_fraud,mean_ensemble,distribution_shift,shadow,unsafe_acceptance_rate,lower_is_better,0.0002296171765053172,0.0|0.05|0.1|0.2|0.4|0.6|0.8|1.0,a437bc5542c40b9aad6ae4c4ba655349666fb8b655aaabce5a6e65c3c8f94695
audit,credit_card_fraud,mean_ensemble,distribution_shift,shadow,technical_failure_rate,lower_is_better,0.0,0.0|0.05|0.1|0.2|0.4|0.6|0.8|1.0,9894e47aa480acde90e82d85a0f7043ca709858b49b368eda77b18227f53e876
audit,credit_card_fraud,mean_ensemble,distribution_shift,shadow,rejection_rate,context_dependent,0.9979399400777318,0.0|0.05|0.1|0.2|0.4|0.6|0.8|1.0,88773203b2c6c04f6a64e4acbe8b47a70923b02bad8223e55d747d763f19c08b
locked,credit_card_fraud,mean_ensemble,distribution_shift,primary,accuracy,higher_is_better,0.9991001392109995,0.0|0.05|0.1|0.2|0.4|0.6|0.8|1.0,6062da0acbaf69aeb489dda633f45605215ee559bb2221e15e75d3ec78118c17
locked,credit_card_fraud,mean_ensemble,distribution_shift,primary,f1,higher_is_better,0.7957359525987826,0.0|0.05|0.1|0.2|0.4|0.6|0.8|1.0,24a42179b0e87bdecc196a0e45cd573142b97e991d3cd4c6c0ab4c6b92485b11
locked,credit_card_fraud,mean_ensemble,distribution_shift,primary,unsafe_acceptance_rate,lower_is_better,0.00011477500857098845,0.0|0.05|0.1|0.2|0.4|0.6|0.8|1.0,be607798bb8fca66595e44606ea93a031437f0b3684eec367cb14e1e16a59fdc
locked,credit_card_fraud,mean_ensemble,distribution_shift,primary,technical_failure_rate,lower_is_better,0.0,0.0|0.05|0.1|0.2|0.4|0.6|0.8|1.0,cc06008ecec72ed08e30ba849b4ee9fb0b05f922431d64c4054702ba7fb13541
locked,credit_card_fraud,mean_ensemble,distribution_shift,primary,rejection_rate,context_dependent,0.9980543950396935,0.0|0.05|0.1|0.2|0.4|0.6|0.8|1.0,87cb493382478cad5392b07d1ccd3c8c430196fecaac68100a88264a0e3bca37
locked,credit_card_fraud,mean_ensemble,distribution_shift,shadow,accuracy,higher_is_better,0.9991001392109995,0.0|0.05|0.1|0.2|0.4|0.6|0.8|1.0,e7162adfc4662a22f65e95f6c7edcf8385238c0da70be40ba4af2bbbe9bc5903
locked,credit_card_fraud,mean_ensemble,distribution_shift,shadow,f1,higher_is_better,0.7957359525987826,0.0|0.05|0.1|0.2|0.4|0.6|0.8|1.0,54f10c898a226988de757685e6aee157ae80e6083bac7603bee98158b0910f00
locked,credit_card_fraud,mean_ensemble,distribution_shift,shadow,unsafe_acceptance_rate,lower_is_better,0.00011477500857098845,0.0|0.05|0.1|0.2|0.4|0.6|0.8|1.0,bf92e73798f8b37036130eee27ef297a06cbe8e3ba255e89003018b32d5e7483
locked,credit_card_fraud,mean_ensemble,distribution_shift,shadow,technical_failure_rate,lower_is_better,0.0,0.0|0.05|0.1|0.2|0.4|0.6|0.8|1.0,46518b7ea87d04dde03fa45662d9b7be4ace443a8377e81c497f32d26317befd
locked,credit_card_fraud,mean_ensemble,distribution_shift,shadow,rejection_rate,context_dependent,0.9980543950396935,0.0|0.05|0.1|0.2|0.4|0.6|0.8|1.0,43dca87e15af829deaf994d5fd4704f0bd848ebadd2e20f249e63e7f5da43c3f
audit,credit_card_fraud,mean_ensemble,feature_noise,audit,accuracy,higher_is_better,0.9991134129213483,0.0|0.05|0.1|0.2|0.4|0.6|0.8|1.0,fd135fbe89d0911c07602f1cbe624f678bf7550374395ad7ce910cd084fb1cac
audit,credit_card_fraud,mean_ensemble,feature_noise,audit,f1,higher_is_better,0.709354157953137,0.0|0.05|0.1|0.2|0.4|0.6|0.8|1.0,d0590d425f7de21540de00c5ecd244c11f269cf5ad73897cc55d199c4c96dea0
audit,credit_card_fraud,mean_ensemble,feature_noise,audit,unsafe_acceptance_rate,lower_is_better,0.00021397584710986046,0.0|0.05|0.1|0.2|0.4|0.6|0.8|1.0,508813079ab0ee3cad8e3f5edea3842664fa5672a664105ebe0331618f9ea27d
audit,credit_card_fraud,mean_ensemble,feature_noise,audit,technical_failure_rate,lower_is_better,0.0,0.0|0.05|0.1|0.2|0.4|0.6|0.8|1.0,69a26ac8c32471bb289b92c907e889c3a7b4ab6a0f89b4de9636b5e51bc803ae
audit,credit_card_fraud,mean_ensemble,feature_noise,audit,rejection_rate,context_dependent,0.9987037687265918,0.0|0.05|0.1|0.2|0.4|0.6|0.8|1.0,bef4c8ef1037f031977a8abfb4eb5981badd0ec072ea27309c644549ef4fc062
audit,credit_card_fraud,mean_ensemble,feature_noise,shadow,accuracy,higher_is_better,0.9990783005617978,0.0|0.05|0.1|0.2|0.4|0.6|0.8|1.0,87a0d4a0c477533d44088f75ce8b51a52a379f24abe16a17b63f1667c0901c63
audit,credit_card_fraud,mean_ensemble,feature_noise,shadow,f1,higher_is_better,0.697906518388651,0.0|0.05|0.1|0.2|0.4|0.6|0.8|1.0,37fcd675dc0725f59302f827e979cab5beba0594283f1597f93ec5984ad20e73
audit,credit_card_fraud,mean_ensemble,feature_noise,shadow,unsafe_acceptance_rate,lower_is_better,0.00023214913823425959,0.0|0.05|0.1|0.2|0.4|0.6|0.8|1.0,4cad425256907530bd60c7d3c632c4263034f9132b664104ad4904c0ef50a216
audit,credit_card_fraud,mean_ensemble,feature_noise,shadow,technical_failure_rate,lower_is_better,0.0,0.0|0.05|0.1|0.2|0.4|0.6|0.8|1.0,e06c348906412d40a5afb490f406ad0680deae11419108bd43e30d926b108fad
audit,credit_card_fraud,mean_ensemble,feature_noise,shadow,rejection_rate,context_dependent,0.9987025983146067,0.0|0.05|0.1|0.2|0.4|0.6|0.8|1.0,fb10051a23f5dd8481bf1d1b1d5dff2f79b197e633e2f8601c22d6acd481aa90
locked,credit_card_fraud,mean_ensemble,feature_noise,primary,accuracy,higher_is_better,0.9992641293025759,0.0|0.05|0.1|0.2|0.4|0.6|0.8|1.0,a5967c2051e03581cff1807c0f448aae1a359d6da8f479f6e573906f0d986a56
locked,credit_card_fraud,mean_ensemble,feature_noise,primary,f1,higher_is_better,0.7471244473150717,0.0|0.05|0.1|0.2|0.4|0.6|0.8|1.0,04c0ed8efdd7dd76af0dee6f8d5a9be5227dd66614999a3ffb652162438e32cd
locked,credit_card_fraud,mean_ensemble,feature_noise,primary,unsafe_acceptance_rate,lower_is_better,0.0001043425248546239,0.0|0.05|0.1|0.2|0.4|0.6|0.8|1.0,c28c458231e821705f6ac33358a14f098ec1cbc5c8d0bfcdcb93ad86275c83bd
locked,credit_card_fraud,mean_ensemble,feature_noise,primary,technical_failure_rate,lower_is_better,0.0,0.0|0.05|0.1|0.2|0.4|0.6|0.8|1.0,798d1f50135bdd869abdf786f483860657259706c6efaaeb8ea3d57504af6b6f
locked,credit_card_fraud,mean_ensemble,feature_noise,primary,rejection_rate,context_dependent,0.9988070994698219,0.0|0.05|0.1|0.2|0.4|0.6|0.8|1.0,6d724467bb5c90add84b5d3486024cd56100212b03aa4c7f5655418a2ae6c8aa
locked,credit_card_fraud,mean_ensemble,feature_noise,shadow,accuracy,higher_is_better,0.9992740774551454,0.0|0.05|0.1|0.2|0.4|0.6|0.8|1.0,4819ec083d89715d1f3a9f2a569d9ac8c840b98c25f287a47635ef8aadae5d78
locked,credit_card_fraud,mean_ensemble,feature_noise,shadow,f1,higher_is_better,0.7548227367541539,0.0|0.05|0.1|0.2|0.4|0.6|0.8|1.0,af4acc7eb0d0eda2af0239579260f9465c471a6ef147612f1ab06d26e76f92a4
locked,credit_card_fraud,mean_ensemble,feature_noise,shadow,unsafe_acceptance_rate,lower_is_better,0.00012310073157006192,0.0|0.05|0.1|0.2|0.4|0.6|0.8|1.0,288ba65fd0c8898bc818caf11799db56b1b0ea004d80bd30b38d17fc8763041e
locked,credit_card_fraud,mean_ensemble,feature_noise,shadow,technical_failure_rate,lower_is_better,0.0,0.0|0.05|0.1|0.2|0.4|0.6|0.8|1.0,683c111a388fbba78c477c9d055e0e6844fa1fee26b786f129aad5557eb2c2cd
locked,credit_card_fraud,mean_ensemble,feature_noise,shadow,rejection_rate,context_dependent,0.9987596994487552,0.0|0.05|0.1|0.2|0.4|0.6|0.8|1.0,1fe13d463830586aaab7f0ca8556c47a71f4fd49903a845ac4e950bb333370c3
audit,credit_card_fraud,mean_ensemble,label_noise,audit,accuracy,higher_is_better,0.9992275280898877,0.0|0.05|0.1|0.2|0.4|0.6|0.8|1.0,94b6883fec1a4a9bfe428f872f70261332385f145e8f58803613902d05921545
audit,credit_card_fraud,mean_ensemble,label_noise,audit,f1,higher_is_better,0.7441860465116279,0.0|0.05|0.1|0.2|0.4|0.6|0.8|1.0,58bbbb264fa6ae9e48998f66502a55d6bf2e182ccb7326a26c93b6802ee08aa9
audit,credit_card_fraud,mean_ensemble,label_noise,audit,unsafe_acceptance_rate,lower_is_better,0.00014069644741470278,0.0|0.05|0.1|0.2|0.4|0.6|0.8|1.0,9daeb821863536312e030d0a3e9b648f211e80146d01e615dec84e4a08ac2df9
audit,credit_card_fraud,mean_ensemble,label_noise,audit,technical_failure_rate,lower_is_better,0.0,0.0|0.05|0.1|0.2|0.4|0.6|0.8|1.0,5d49c440c89181760802f7de903705f1bca83be261fbec04512e4819556b25bf
audit,credit_card_fraud,mean_ensemble,label_noise,audit,rejection_rate,context_dependent,0.9987359550561796,0.0|0.05|0.1|0.2|0.4|0.6|0.8|1.0,a31a44375b4ea4a061947e01d294dba4cbc9989392fb58a4643ffe1747c9ea8a
audit,credit_card_fraud,mean_ensemble,label_noise,shadow,accuracy,higher_is_better,0.9992275280898877,0.0|0.05|0.1|0.2|0.4|0.6|0.8|1.0,6f3fcf0d65ede58592bfe8746c3290220bc2da034c93570e45f38c09ea1908f2
audit,credit_card_fraud,mean_ensemble,label_noise,shadow,f1,higher_is_better,0.7441860465116279,0.0|0.05|0.1|0.2|0.4|0.6|0.8|1.0,532ac17df03375b8c5521ebe1c381cad824311670ee22aadce561661f72cdd4b
audit,credit_card_fraud,mean_ensemble,label_noise,shadow,unsafe_acceptance_rate,lower_is_better,0.00014069644741470278,0.0|0.05|0.1|0.2|0.4|0.6|0.8|1.0,013c8be7d8aaf815aee605dccb81596517fa67fdf73f93fca9dd4731c49f008a
audit,credit_card_fraud,mean_ensemble,label_noise,shadow,technical_failure_rate,lower_is_better,0.0,0.0|0.05|0.1|0.2|0.4|0.6|0.8|1.0,ba37b3411df9e4153e3351c80a38397a47c7b4723afd751160734fa905f764ae
audit,credit_card_fraud,mean_ensemble,label_noise,shadow,rejection_rate,context_dependent,0.9987359550561796,0.0|0.05|0.1|0.2|0.4|0.6|0.8|1.0,a30ea8c89f4c899fe2f64f23f0b8c540670214d3d3aadfcaca930026dce69051
locked,credit_card_fraud,mean_ensemble,label_noise,primary,accuracy,higher_is_better,0.9993328885923949,0.0|0.05|0.1|0.2|0.4|0.6|0.8|1.0,1a75ca2a11819b21363fd1666e1a1b26d52fbb52c1b3871ff94bad130eec5e51
locked,credit_card_fraud,mean_ensemble,label_noise,primary,f1,higher_is_better,0.7710843373493975,0.0|0.05|0.1|0.2|0.4|0.6|0.8|1.0,f4f7d70a7801b2f81d0f2576b4d0a034c96c134b258fe8fca52fec322b5cb41f
locked,credit_card_fraud,mean_ensemble,label_noise,primary,unsafe_acceptance_rate,lower_is_better,7.034327518289252e-05,0.0|0.05|0.1|0.2|0.4|0.6|0.8|1.0,389ccfb0bd17c1975364051825a3a89f2d61b9e587384a196acc000687c8041a
locked,credit_card_fraud,mean_ensemble,label_noise,primary,technical_failure_rate,lower_is_better,0.0,0.0|0.05|0.1|0.2|0.4|0.6|0.8|1.0,cbd5c41e278910c74e52f53e4fe4b3398c8421736443553d66935e9613cdff4f
locked,credit_card_fraud,mean_ensemble,label_noise,primary,rejection_rate,context_dependent,0.9988062216916541,0.0|0.05|0.1|0.2|0.4|0.6|0.8|1.0,2d45e09631ce69b60460846aab31f71c7de8213a1effcc42e960ad4b4c4f3fd1
locked,credit_card_fraud,mean_ensemble,label_noise,shadow,accuracy,higher_is_better,0.9993328885923949,0.0|0.05|0.1|0.2|0.4|0.6|0.8|1.0,1f2654dc0918ca3f57f8c4c315b14424ffc34e6586b2a9a769c1093b8d0bff03
locked,credit_card_fraud,mean_ensemble,label_noise,shadow,f1,higher_is_better,0.7710843373493975,0.0|0.05|0.1|0.2|0.4|0.6|0.8|1.0,0509ddb89eabdf9c7d237dc33a5f790a63e5143d65a484ec3e595e6a94d80210
locked,credit_card_fraud,mean_ensemble,label_noise,shadow,unsafe_acceptance_rate,lower_is_better,7.034327518289252e-05,0.0|0.05|0.1|0.2|0.4|0.6|0.8|1.0,399e219dba4ed4c2fad3bc2d8e3aa83388082e3f0e78a2eea6f03d6ac23ef17b
locked,credit_card_fraud,mean_ensemble,label_noise,shadow,technical_failure_rate,lower_is_better,0.0,0.0|0.05|0.1|0.2|0.4|0.6|0.8|1.0,17925a7938177b3c1406db61c32ba74a8645aa191e5b6bf4b1cd309023e12086
locked,credit_card_fraud,mean_ensemble,label_noise,shadow,rejection_rate,context_dependent,0.9988062216916541,0.0|0.05|0.1|0.2|0.4|0.6|0.8|1.0,9870076a18259a92a4ef344f746808f3caa97a217c23bf8daff7ca9e22dd4492
audit,credit_card_fraud,mean_ensemble,missing_features,audit,accuracy,higher_is_better,0.9985767790262172,0.0|0.05|0.1|0.2|0.4|0.6|0.8|1.0,981be1e14e4be120cf57ca559ae0f1b36d6b206385d7e912f68cc04c8d8e56a6
audit,credit_card_fraud,mean_ensemble,missing_features,audit,f1,higher_is_better,0.3090830813089994,0.0|0.05|0.1|0.2|0.4|0.6|0.8|1.0,ca7064b1a4d27211ba8ec9350f24573d137804b6a16cd63c8a4bceb8f09a2a9b
audit,credit_card_fraud,mean_ensemble,missing_features,audit,unsafe_acceptance_rate,lower_is_better,5.510610857075859e-05,0.0|0.05|0.1|0.2|0.4|0.6|0.8|1.0,6fda09fb02f3f1d7ace1b1f008c91f3128b2e5b96bc68dc0bad8daa47c8daeab
audit,credit_card_fraud,mean_ensemble,missing_features,audit,technical_failure_rate,lower_is_better,0.0,0.0|0.05|0.1|0.2|0.4|0.6|0.8|1.0,daba771b6592e13f980de6f5d3116ab81cd36e8d3f29e6b0f842734d729d51d2
audit,credit_card_fraud,mean_ensemble,missing_features,audit,rejection_rate,context_dependent,0.9995575842696629,0.0|0.05|0.1|0.2|0.4|0.6|0.8|1.0,2629578d9175158602182ab5705183dc17355375cfa306148e659588f65b5dae
audit,credit_card_fraud,mean_ensemble,missing_features,shadow,accuracy,higher_is_better,0.9985533707865168,0.0|0.05|0.1|0.2|0.4|0.6|0.8|1.0,d00d39f74a6645ecebedccd3330b9c305634c1991d3812a681c4815b27e7fe2f
audit,credit_card_fraud,mean_ensemble,missing_features,shadow,f1,higher_is_better,0.29912482823544984,0.0|0.05|0.1|0.2|0.4|0.6|0.8|1.0,6aa46a4cd7120a5ea3b55281e135b8c3bda0bf53f7b57c47fc65e82e3184acb1
audit,credit_card_fraud,mean_ensemble,missing_features,shadow,unsafe_acceptance_rate,lower_is_better,7.12275765036933e-05,0.0|0.05|0.1|0.2|0.4|0.6|0.8|1.0,c994ccea129b9c530b746145bfdd642a0d2a96f2f834e673a631240639f84cec
audit,credit_card_fraud,mean_ensemble,missing_features,shadow,technical_failure_rate,lower_is_better,0.0,0.0|0.05|0.1|0.2|0.4|0.6|0.8|1.0,f0b0f3e706547119916ad3c3abaab55daff9f61f57f89731bf53c94da9b083b0
audit,credit_card_fraud,mean_ensemble,missing_features,shadow,rejection_rate,context_dependent,0.9995488061797753,0.0|0.05|0.1|0.2|0.4|0.6|0.8|1.0,4e2d79f5f6392c6198a882cc4d70043f57fa6d7e607b9bbf711514214c47f3ac
locked,credit_card_fraud,mean_ensemble,missing_features,primary,accuracy,higher_is_better,0.9986122327165479,0.0|0.05|0.1|0.2|0.4|0.6|0.8|1.0,0f27667ed9bc2a6e1ce5f5b6613f4ab495a58525b50eeb1d48757f26920b00fa
locked,credit_card_fraud,mean_ensemble,missing_features,primary,f1,higher_is_better,0.30212048677255493,0.0|0.05|0.1|0.2|0.4|0.6|0.8|1.0,4a2d2b3df1f0a3475d8f883e81bf3dd0ead9113b1644696c2ed0818e4f1dcb93
locked,credit_card_fraud,mean_ensemble,missing_features,primary,unsafe_acceptance_rate,lower_is_better,3.780951041080473e-05,0.0|0.05|0.1|0.2|0.4|0.6|0.8|1.0,7b0cd04d326c7cc4d05b3b45b9f6384c09e51a624c99a23ecc96c8394d12f193
locked,credit_card_fraud,mean_ensemble,missing_features,primary,technical_failure_rate,lower_is_better,0.0,0.0|0.05|0.1|0.2|0.4|0.6|0.8|1.0,c27a201d23a11c66eb9ed4d0f89309eeafdefd5b3d0aeb170bdc62a88abe7a84
locked,credit_card_fraud,mean_ensemble,missing_features,primary,rejection_rate,context_dependent,0.9995918331519259,0.0|0.05|0.1|0.2|0.4|0.6|0.8|1.0,348e497fe43a5fd9fe6c64ec298dc4a4bb30ed03ac4ff6346a9dc1b1128a1400
locked,credit_card_fraud,mean_ensemble,missing_features,shadow,accuracy,higher_is_better,0.9986131104947158,0.0|0.05|0.1|0.2|0.4|0.6|0.8|1.0,43bcb9cf036578db61b331547345aa301c20064efccdda209db0274c5d8164ba
locked,credit_card_fraud,mean_ensemble,missing_features,shadow,f1,higher_is_better,0.3154828056623004,0.0|0.05|0.1|0.2|0.4|0.6|0.8|1.0,89c2630f1a86eea396bea269783d2e80622677f36fca1f434d757c80e71bab6d
locked,credit_card_fraud,mean_ensemble,missing_features,shadow,unsafe_acceptance_rate,lower_is_better,5.715391108610017e-05,0.0|0.05|0.1|0.2|0.4|0.6|0.8|1.0,c0b15bd374b3cc7ce80c0bb610eb2a8fecfcd4a26f23faecca91b06278a3502c
locked,credit_card_fraud,mean_ensemble,missing_features,shadow,technical_failure_rate,lower_is_better,0.0,0.0|0.05|0.1|0.2|0.4|0.6|0.8|1.0,e017dc2a6607264916df61ccfa86bc11cda7427d743cd377651a1c33237c5eca
locked,credit_card_fraud,mean_ensemble,missing_features,shadow,rejection_rate,context_dependent,0.9995523331343702,0.0|0.05|0.1|0.2|0.4|0.6|0.8|1.0,ac41582b86fa0b3e0846c16c5991d725e6df89601e82148a665017710cd3b633
audit,credit_card_fraud,mean_ensemble,random_feature_deletion,audit,accuracy,higher_is_better,0.9984667602996254,0.0|0.05|0.1|0.2|0.4|0.6|0.8|1.0,86302a7444142635174c86cacaf2551da98b14958bf71cb4f2a5eb9f6d3c832f
audit,credit_card_fraud,mean_ensemble,random_feature_deletion,audit,f1,higher_is_better,0.17537656771916557,0.0|0.05|0.1|0.2|0.4|0.6|0.8|1.0,effafe5126c1067af8a6f8426cf256e14a6156517593daa01fd30d320d1e00c5
audit,credit_card_fraud,mean_ensemble,random_feature_deletion,audit,unsafe_acceptance_rate,lower_is_better,3.4001641458553174e-05,0.0|0.05|0.1|0.2|0.4|0.6|0.8|1.0,d1735f8531964990b719f9b2b9b17acd900ca43c30e6d78f809b7321c27d2b16
audit,credit_card_fraud,mean_ensemble,random_feature_deletion,audit,technical_failure_rate,lower_is_better,0.0,0.0|0.05|0.1|0.2|0.4|0.6|0.8|1.0,82dccb360d7cc3b9cb315a152e1c76f4199186a96b6d535850a62b49eb429f0d
audit,credit_card_fraud,mean_ensemble,random_feature_deletion,audit,rejection_rate,context_dependent,0.9997097378277154,0.0|0.05|0.1|0.2|0.4|0.6|0.8|1.0,b875378cc7994f6023435cad4070267a30dda11b777aba50c0e2958a59d8fae5
audit,credit_card_fraud,mean_ensemble,random_feature_deletion,shadow,accuracy,higher_is_better,0.9986437851123596,0.0|0.05|0.1|0.2|0.4|0.6|0.8|1.0,5bb6c14c7f32a6d2fd6503279aa7d6572c105d73fcfbf8dc7578d3a38ee633cf
audit,credit_card_fraud,mean_ensemble,random_feature_deletion,shadow,f1,higher_is_better,0.3485632743999165,0.0|0.05|0.1|0.2|0.4|0.6|0.8|1.0,78cffcdb725c3b67cf302082997e631f5467884bf6444a41c5d521cd43a3ed47
audit,credit_card_fraud,mean_ensemble,random_feature_deletion,shadow,unsafe_acceptance_rate,lower_is_better,8.441786844882166e-05,0.0|0.05|0.1|0.2|0.4|0.6|0.8|1.0,f53d27c30dc05d5c240c63b038b6718dfcaf6e90b38cb5a08c477e1d7143b8d4
audit,credit_card_fraud,mean_ensemble,random_feature_deletion,shadow,technical_failure_rate,lower_is_better,0.0,0.0|0.05|0.1|0.2|0.4|0.6|0.8|1.0,69af355457303d653f7cf589f082cd16ba5e9c8da45656ab724401d795b330b7
audit,credit_card_fraud,mean_ensemble,random_feature_deletion,shadow,rejection_rate,context_dependent,0.9994320575842697,0.0|0.05|0.1|0.2|0.4|0.6|0.8|1.0,1d2c258b7ef083db91bd4b36fb19d76023f21d7829d888a4ceffc929fa148686
locked,credit_card_fraud,mean_ensemble,random_feature_deletion,primary,accuracy,higher_is_better,0.9985232845288672,0.0|0.05|0.1|0.2|0.4|0.6|0.8|1.0,ed1f3c6e528dab4a32b1c3a832f3f9abed460383b0d0929d760d0e16b15f9e76
locked,credit_card_fraud,mean_ensemble,random_feature_deletion,primary,f1,higher_is_better,0.183326037727224,0.0|0.05|0.1|0.2|0.4|0.6|0.8|1.0,13b58a41ace419c1d29b8c9f9c134e1088b19fdf4f02ac756c695f3e547b079f
locked,credit_card_fraud,mean_ensemble,random_feature_deletion,primary,unsafe_acceptance_rate,lower_is_better,1.4654848996435943e-05,0.0|0.05|0.1|0.2|0.4|0.6|0.8|1.0,5ce5dd7dd7c1d2334ad85933db737db385f16557f0717861b3608024b2a805b4
locked,credit_card_fraud,mean_ensemble,random_feature_deletion,primary,technical_failure_rate,lower_is_better,0.0,0.0|0.05|0.1|0.2|0.4|0.6|0.8|1.0,7795c7ad6b2622923c8913791a285e51f47ac2c61adbb6a8aaa4432de7fe44cd
locked,credit_card_fraud,mean_ensemble,random_feature_deletion,primary,rejection_rate,context_dependent,0.9997270109897827,0.0|0.05|0.1|0.2|0.4|0.6|0.8|1.0,64446656b77ec2eb0d3c22ff8619d1ce8a513031f66c25a83e0d34a53b24d425
locked,credit_card_fraud,mean_ensemble,random_feature_deletion,shadow,accuracy,higher_is_better,0.9986578771812787,0.0|0.05|0.1|0.2|0.4|0.6|0.8|1.0,13a2edf284a601ca86f277b9be460b36bd6a1900d3400a6cee643a5fc4f7f80a
locked,credit_card_fraud,mean_ensemble,random_feature_deletion,shadow,f1,higher_is_better,0.31174368530995183,0.0|0.05|0.1|0.2|0.4|0.6|0.8|1.0,8714ebdaef2e9d3f4a5d9e1b6d6d65076a22ea66a7cf943a8c7dd3823342730f
locked,credit_card_fraud,mean_ensemble,random_feature_deletion,shadow,unsafe_acceptance_rate,lower_is_better,3.3413055711873943e-05,0.0|0.05|0.1|0.2|0.4|0.6|0.8|1.0,7720f5d5abb1f7b382fb69f8acc6304dbe6f8968043417590f419c51cd5e45fd
locked,credit_card_fraud,mean_ensemble,random_feature_deletion,shadow,technical_failure_rate,lower_is_better,0.0,0.0|0.05|0.1|0.2|0.4|0.6|0.8|1.0,dd069ee031c9d361ee4fab1a3bc03c5d357640909f8f05a8fc2361e92d54a68c
locked,credit_card_fraud,mean_ensemble,random_feature_deletion,shadow,rejection_rate,context_dependent,0.999554966468874,0.0|0.05|0.1|0.2|0.4|0.6|0.8|1.0,c9f0496de47a76b40d8c19c8ac755a01d64b7ec3fbe26acc5154b2d13fd743bf
audit,credit_card_fraud,mean_ensemble,specialist_failure,audit,accuracy,higher_is_better,0.699929775280899,0.0|0.05|0.1|0.2|0.4|0.6|0.8|1.0,148bac4f57cc246fdd3232a7562d910bdbc3f01c174ea6e92ce0b40cf805a66b
audit,credit_card_fraud,mean_ensemble,specialist_failure,audit,f1,higher_is_better,0.5033771061061795,0.0|0.05|0.1|0.2|0.4|0.6|0.8|1.0,bd6729094ef1c09514860641fdef90f8dad7244afc9b7b55bdb7fa3c6409ce66
audit,credit_card_fraud,mean_ensemble,specialist_failure,audit,unsafe_acceptance_rate,lower_is_better,0.3001266268026732,0.0|0.05|0.1|0.2|0.4|0.6|0.8|1.0,4b2212d15f89e736747726dfda6ccfa643bc8b1c265b5632cbc883bbda3422b3
audit,credit_card_fraud,mean_ensemble,specialist_failure,audit,technical_failure_rate,lower_is_better,0.0,0.0|0.05|0.1|0.2|0.4|0.6|0.8|1.0,4637b1de58494b2e038dfe4e3175e4d1139678f1e96d9d31c2eb150389bcd396
audit,credit_card_fraud,mean_ensemble,specialist_failure,audit,rejection_rate,context_dependent,0.6991151685393258,0.0|0.05|0.1|0.2|0.4|0.6|0.8|1.0,548ce77ed97abde0b60be8c0d7dd1ff1de01b9ea89437e207ac980897df463bb
audit,credit_card_fraud,mean_ensemble,specialist_failure,shadow,accuracy,higher_is_better,0.699929775280899,0.0|0.05|0.1|0.2|0.4|0.6|0.8|1.0,b983b211642471cc6be95659cfb360047203034fee90a0c0521ffbee84c7bfd4
audit,credit_card_fraud,mean_ensemble,specialist_failure,shadow,f1,higher_is_better,0.5033771061061795,0.0|0.05|0.1|0.2|0.4|0.6|0.8|1.0,62e2c22a681384e5d471bfae6ba28d672abe3e3be305d42a38d8b5dc79e0e173
audit,credit_card_fraud,mean_ensemble,specialist_failure,shadow,unsafe_acceptance_rate,lower_is_better,0.3001266268026732,0.0|0.05|0.1|0.2|0.4|0.6|0.8|1.0,b148f1ba2b6cebd57418c5578c1d3bceeebfd874e5e1bc5fb3b12bef02098932
audit,credit_card_fraud,mean_ensemble,specialist_failure,shadow,technical_failure_rate,lower_is_better,0.0,0.0|0.05|0.1|0.2|0.4|0.6|0.8|1.0,be9dd4de6e2edd34b871f69e37b887f1971e404453d982ad4ff674b026a2f19c
audit,credit_card_fraud,mean_ensemble,specialist_failure,shadow,rejection_rate,context_dependent,0.6991151685393258,0.0|0.05|0.1|0.2|0.4|0.6|0.8|1.0,dec5ed3e38517d83739e468edbb64e385d3fc587402f71170d6c60414dd392ad
locked,credit_card_fraud,mean_ensemble,specialist_failure,primary,accuracy,higher_is_better,0.7000491555774024,0.0|0.05|0.1|0.2|0.4|0.6|0.8|1.0,13713971a4a4cab5d12f1ea35c7054fde381b019089336660461af5c51f5806a
locked,credit_card_fraud,mean_ensemble,specialist_failure,primary,f1,higher_is_better,0.5444252497091725,0.0|0.05|0.1|0.2|0.4|0.6|0.8|1.0,5df87fda5c90240ae781b14e09b333cfd5e643760f0c5a794da9fbe27e7e1aac
locked,credit_card_fraud,mean_ensemble,specialist_failure,primary,unsafe_acceptance_rate,lower_is_better,0.30007298114800224,0.0|0.05|0.1|0.2|0.4|0.6|0.8|1.0,55ceca1d27f4316aa2b6a1f01f3045bf17bb61eed4fc95cf5916a40b9220a952
locked,credit_card_fraud,mean_ensemble,specialist_failure,primary,technical_failure_rate,lower_is_better,0.0,0.0|0.05|0.1|0.2|0.4|0.6|0.8|1.0,c0aab25e5fe4a8b340df885b7f75a33974b4c12556438e4d03ce2d212cc6c4a9
locked,credit_card_fraud,mean_ensemble,specialist_failure,primary,rejection_rate,context_dependent,0.6991169551630912,0.0|0.05|0.1|0.2|0.4|0.6|0.8|1.0,cd1537f485f10875ac996c6280d2d5ab7bbf87500e0a1af2b23ac52a225a06ea
locked,credit_card_fraud,mean_ensemble,specialist_failure,shadow,accuracy,higher_is_better,0.7000491555774024,0.0|0.05|0.1|0.2|0.4|0.6|0.8|1.0,e4de79380fed3e8d0509deeec82902443ebece8da15a1a64c0cbf90326323cb0
locked,credit_card_fraud,mean_ensemble,specialist_failure,shadow,f1,higher_is_better,0.5444252497091725,0.0|0.05|0.1|0.2|0.4|0.6|0.8|1.0,ce7da5b0da1d8881b35dbcfe774317888fb86c3f16ef34342d224d87e718c55a
locked,credit_card_fraud,mean_ensemble,specialist_failure,shadow,unsafe_acceptance_rate,lower_is_better,0.30007298114800224,0.0|0.05|0.1|0.2|0.4|0.6|0.8|1.0,c60ee61e47309624bce166dad7138ba9ca9c78b6305f44c6290204f3112a7367
locked,credit_card_fraud,mean_ensemble,specialist_failure,shadow,technical_failure_rate,lower_is_better,0.0,0.0|0.05|0.1|0.2|0.4|0.6|0.8|1.0,477a94ecb24bb549e1f4a0282e53418520b21feed4e69d253238efd751450cf1
locked,credit_card_fraud,mean_ensemble,specialist_failure,shadow,rejection_rate,context_dependent,0.6991169551630912,0.0|0.05|0.1|0.2|0.4|0.6|0.8|1.0,1332e30e5ac28b31e60b87340b5a50ca9d1cc49186e3cc738e71ffbe72d187df
audit,credit_card_fraud,mean_ensemble,synthetic_sensor_failure,audit,accuracy,higher_is_better,0.9984427668539326,0.0|0.05|0.1|0.2|0.4|0.6|0.8|1.0,84809515d9da717d9c264e0608ccd7b847ae3c020698ab0c39f65663e19bd2bb
audit,credit_card_fraud,mean_ensemble,synthetic_sensor_failure,audit,f1,higher_is_better,0.17781517747858014,0.0|0.05|0.1|0.2|0.4|0.6|0.8|1.0,1a83f128766d2c4d7ccf8090d50376093ef42da63c62993396b2a997c0e346b2
audit,credit_card_fraud,mean_ensemble,synthetic_sensor_failure,audit,unsafe_acceptance_rate,lower_is_better,4.220893422441084e-05,0.0|0.05|0.1|0.2|0.4|0.6|0.8|1.0,b95cbcfc05e4c2a18cde84374a96ddf1c482cd49db9f999c071fe8eecbd9662e
audit,credit_card_fraud,mean_ensemble,synthetic_sensor_failure,audit,technical_failure_rate,lower_is_better,0.0,0.0|0.05|0.1|0.2|0.4|0.6|0.8|1.0,700db79041474e351b317d949bb2b741ba08ae44acc2b6245e3950006f4ffae4
audit,credit_card_fraud,mean_ensemble,synthetic_sensor_failure,audit,rejection_rate,context_dependent,0.999717345505618,0.0|0.05|0.1|0.2|0.4|0.6|0.8|1.0,0d378833abdfc0e416861ad2168c5fb5eec954aa0849680125db2485c6e3028b
audit,credit_card_fraud,mean_ensemble,synthetic_sensor_failure,shadow,accuracy,higher_is_better,0.9984427668539326,0.0|0.05|0.1|0.2|0.4|0.6|0.8|1.0,d5f67c9122986b336ddf7558ed58de746d20df2e98edfff9583902e1f2bf46da
audit,credit_card_fraud,mean_ensemble,synthetic_sensor_failure,shadow,f1,higher_is_better,0.17781517747858014,0.0|0.05|0.1|0.2|0.4|0.6|0.8|1.0,489d5d5514f069bb61aebc264b14fde61a47d59b477f2b44e7a39328a3b15453
audit,credit_card_fraud,mean_ensemble,synthetic_sensor_failure,shadow,unsafe_acceptance_rate,lower_is_better,4.220893422441084e-05,0.0|0.05|0.1|0.2|0.4|0.6|0.8|1.0,4b5df2b6236444a714d043086b9c60c69b5866c5d774ea137a0facf539dcd01e
audit,credit_card_fraud,mean_ensemble,synthetic_sensor_failure,shadow,technical_failure_rate,lower_is_better,0.0,0.0|0.05|0.1|0.2|0.4|0.6|0.8|1.0,dcb3c7e03fd382c59b1212390cae91a54a375fd1636b5a692daa679824301376
audit,credit_card_fraud,mean_ensemble,synthetic_sensor_failure,shadow,rejection_rate,context_dependent,0.999717345505618,0.0|0.05|0.1|0.2|0.4|0.6|0.8|1.0,ee52b4795713eed93bebf7a6dcedef016911ad99931af6d0b7efb80c8ff6c227
locked,credit_card_fraud,mean_ensemble,synthetic_sensor_failure,primary,accuracy,higher_is_better,0.9985376215722762,0.0|0.05|0.1|0.2|0.4|0.6|0.8|1.0,d24c3d83cea1b0d9c61842dbf9ab54421d6cb51da4d7889b61e829bfcae0a02a
locked,credit_card_fraud,mean_ensemble,synthetic_sensor_failure,primary,f1,higher_is_better,0.2026104417670683,0.0|0.05|0.1|0.2|0.4|0.6|0.8|1.0,c90c5c89f3fc133c7df372a52a005230a45dbe36ae0a98d05aeee2affb8c2886
locked,credit_card_fraud,mean_ensemble,synthetic_sensor_failure,primary,unsafe_acceptance_rate,lower_is_better,1.1430782217220034e-05,0.0|0.05|0.1|0.2|0.4|0.6|0.8|1.0,a2e0d4215560b74c3baa3fd52ed3190cf6b54571a3d5bc4aca5c92cc9cceb1c1
locked,credit_card_fraud,mean_ensemble,synthetic_sensor_failure,primary,technical_failure_rate,lower_is_better,0.0,0.0|0.05|0.1|0.2|0.4|0.6|0.8|1.0,8394374c65e39693be710cd02382651057e02cc19bfaf5a49d99527345c2c6d9
locked,credit_card_fraud,mean_ensemble,synthetic_sensor_failure,primary,rejection_rate,context_dependent,0.9997191109862715,0.0|0.05|0.1|0.2|0.4|0.6|0.8|1.0,a3d388fc1c8d83e4fcede7bee243ec69bf914fecf3f8b339794d22f8fe073ead
locked,credit_card_fraud,mean_ensemble,synthetic_sensor_failure,shadow,accuracy,higher_is_better,0.9985376215722762,0.0|0.05|0.1|0.2|0.4|0.6|0.8|1.0,e86c63f6905110dd18974cafc7c3e1ea46ea9a96d1f071a046e3684a77bedbfd
locked,credit_card_fraud,mean_ensemble,synthetic_sensor_failure,shadow,f1,higher_is_better,0.2026104417670683,0.0|0.05|0.1|0.2|0.4|0.6|0.8|1.0,80154fb6b438045ddcf8e6246a1b07fec96efccdb124ae09c5e2f62231afc4e9
locked,credit_card_fraud,mean_ensemble,synthetic_sensor_failure,shadow,unsafe_acceptance_rate,lower_is_better,1.1430782217220034e-05,0.0|0.05|0.1|0.2|0.4|0.6|0.8|1.0,d0e3597383e79b689293e38df4ebe353d21b08b13b14d210a005b5bb886e3734
locked,credit_card_fraud,mean_ensemble,synthetic_sensor_failure,shadow,technical_failure_rate,lower_is_better,0.0,0.0|0.05|0.1|0.2|0.4|0.6|0.8|1.0,64ce7f89021f674d9bed87445fc7effe992c336165e6b4351bafa76f9e122787
locked,credit_card_fraud,mean_ensemble,synthetic_sensor_failure,shadow,rejection_rate,context_dependent,0.9997191109862715,0.0|0.05|0.1|0.2|0.4|0.6|0.8|1.0,4d65f15efc950cfe70b69412fdaa04e4842dfdd8f7fa08ca7191ec1bc53e243e
audit,credit_card_fraud,pure_mavs_gc,adversarial_confidence_inflation,audit,accuracy,higher_is_better,0.9991573033707866,0.0|0.05|0.1|0.2|0.4|0.6|0.8|1.0,883febcf7153b4fea8a43b1c7ffce9675b69069e96792f39428498595df83dfd
audit,credit_card_fraud,pure_mavs_gc,adversarial_confidence_inflation,audit,f1,higher_is_better,0.7142857142857143,0.0|0.05|0.1|0.2|0.4|0.6|0.8|1.0,300e9dcf0c49c58537966a6a25feaee836a0e145c87cd98bd1d6a16829920c4d
audit,credit_card_fraud,pure_mavs_gc,adversarial_confidence_inflation,audit,unsafe_acceptance_rate,lower_is_better,0.00014069644741470278,0.0|0.05|0.1|0.2|0.4|0.6|0.8|1.0,5939038944d1eccdf08b42720930582e2e84f415a3394fe4b1cbe10d7c54ea66
audit,credit_card_fraud,pure_mavs_gc,adversarial_confidence_inflation,audit,technical_failure_rate,lower_is_better,0.0,0.0|0.05|0.1|0.2|0.4|0.6|0.8|1.0,012e9eb014cb4ed663603be5c965a9f03d98776320e8ab8bcbe3c30c4fd0338e
audit,credit_card_fraud,pure_mavs_gc,adversarial_confidence_inflation,audit,rejection_rate,context_dependent,0.9988061797752809,0.0|0.05|0.1|0.2|0.4|0.6|0.8|1.0,1ac296a9e43b4735dba6e8eea717087eb8c717321d2bbee542699dbe6da294a0
audit,credit_card_fraud,pure_mavs_gc,adversarial_confidence_inflation,shadow,accuracy,higher_is_better,0.9991573033707866,0.0|0.05|0.1|0.2|0.4|0.6|0.8|1.0,207c6b9bcde4a24adc211bc940a6db0119d57b7cd8324f138c27217c507e1b2d
audit,credit_card_fraud,pure_mavs_gc,adversarial_confidence_inflation,shadow,f1,higher_is_better,0.7142857142857143,0.0|0.05|0.1|0.2|0.4|0.6|0.8|1.0,dc62654a974a5739ebcbf6bfa0e0039be927b2f7d3306d7fa99474037f3c2101
audit,credit_card_fraud,pure_mavs_gc,adversarial_confidence_inflation,shadow,unsafe_acceptance_rate,lower_is_better,0.00014069644741470278,0.0|0.05|0.1|0.2|0.4|0.6|0.8|1.0,266bd1b704a9b3460775ccdd2b7038405c680be824e7b5c77df16950aca6ce88
audit,credit_card_fraud,pure_mavs_gc,adversarial_confidence_inflation,shadow,technical_failure_rate,lower_is_better,0.0,0.0|0.05|0.1|0.2|0.4|0.6|0.8|1.0,487328e201b2de55fefcc3e96bf265fc516603f0fbf4f14480f707be36148491
audit,credit_card_fraud,pure_mavs_gc,adversarial_confidence_inflation,shadow,rejection_rate,context_dependent,0.9988061797752809,0.0|0.05|0.1|0.2|0.4|0.6|0.8|1.0,6739ecd7380f05d77bcc2834f283ca18165c118cb4949f98b9f38c09105ecf78
locked,credit_card_fraud,pure_mavs_gc,adversarial_confidence_inflation,primary,accuracy,higher_is_better,0.9993679997191109,0.0|0.05|0.1|0.2|0.4|0.6|0.8|1.0,6f2be9f0833edc11cff6623555fb0b7e35ff5292bdab1da4a9a37eadaa27ce7a
locked,credit_card_fraud,pure_mavs_gc,adversarial_confidence_inflation,primary,f1,higher_is_better,0.7804878048780488,0.0|0.05|0.1|0.2|0.4|0.6|0.8|1.0,e687f5d5498708b17d10c953d66355cbaf2968a7099049d556af6957db262ad5
locked,credit_card_fraud,pure_mavs_gc,adversarial_confidence_inflation,primary,unsafe_acceptance_rate,lower_is_better,3.517163759144626e-05,0.0|0.05|0.1|0.2|0.4|0.6|0.8|1.0,d533e28fa7c3c5fb680fe3f7af78fbb1c2c9b71380e7ce44e3e2d454e8efde0a
locked,credit_card_fraud,pure_mavs_gc,adversarial_confidence_inflation,primary,technical_failure_rate,lower_is_better,0.0,0.0|0.05|0.1|0.2|0.4|0.6|0.8|1.0,696aae8f5633eeefd8ef3d0e66be55fa9cca8c9e68f3d9278d45f81f9eb20758
locked,credit_card_fraud,pure_mavs_gc,adversarial_confidence_inflation,primary,rejection_rate,context_dependent,0.9988413328183702,0.0|0.05|0.1|0.2|0.4|0.6|0.8|1.0,b1c9ce5fd6fa18e7ba31c3feef39ee334250f9fada2d07e0c337416cea93ba0c
locked,credit_card_fraud,pure_mavs_gc,adversarial_confidence_inflation,shadow,accuracy,higher_is_better,0.9993679997191109,0.0|0.05|0.1|0.2|0.4|0.6|0.8|1.0,ac22bca294d1caa0fe60dba302d4ac01e081b053d81e1bbe3df85dd0f3a678d6
locked,credit_card_fraud,pure_mavs_gc,adversarial_confidence_inflation,shadow,f1,higher_is_better,0.7804878048780488,0.0|0.05|0.1|0.2|0.4|0.6|0.8|1.0,ba138961a555c80b5a0c91ace30f132b6153af21d0e06d7472a5c026a1b2aea1
locked,credit_card_fraud,pure_mavs_gc,adversarial_confidence_inflation,shadow,unsafe_acceptance_rate,lower_is_better,3.517163759144626e-05,0.0|0.05|0.1|0.2|0.4|0.6|0.8|1.0,2db627ea2d4750f508f17483e97a1a352e6f0c6bae2e5ffe314d40134c82b6dd
locked,credit_card_fraud,pure_mavs_gc,adversarial_confidence_inflation,shadow,technical_failure_rate,lower_is_better,0.0,0.0|0.05|0.1|0.2|0.4|0.6|0.8|1.0,8a6bfc2b244ad09897ebb7c181c5a395a305a8896312c3c674986c8d54afa825
locked,credit_card_fraud,pure_mavs_gc,adversarial_confidence_inflation,shadow,rejection_rate,context_dependent,0.9988413328183702,0.0|0.05|0.1|0.2|0.4|0.6|0.8|1.0,8173ae36a5234fd1fd9658a15f5b2523b98efe05c1e0d0cdc0d4f4175c646685
audit,credit_card_fraud,pure_mavs_gc,confidence_distortion,audit,accuracy,higher_is_better,0.9991573033707866,0.0|0.05|0.1|0.2|0.4|0.6|0.8|1.0,3bc8a9e307b5e2759a967fe229be8f614e41082e104615cf0aac914cdba51c91
audit,credit_card_fraud,pure_mavs_gc,confidence_distortion,audit,f1,higher_is_better,0.7142857142857143,0.0|0.05|0.1|0.2|0.4|0.6|0.8|1.0,7035f8901c3af651104e7ecdbd69e0cce309c6e8c8e19f341cd75f2f7be21556
audit,credit_card_fraud,pure_mavs_gc,confidence_distortion,audit,unsafe_acceptance_rate,lower_is_better,0.00014069644741470278,0.0|0.05|0.1|0.2|0.4|0.6|0.8|1.0,d6823ed64f2d0cbe8a6944abe1137eb5bdc76e8ee2a72037e554b1f8fc900daa
audit,credit_card_fraud,pure_mavs_gc,confidence_distortion,audit,technical_failure_rate,lower_is_better,0.0,0.0|0.05|0.1|0.2|0.4|0.6|0.8|1.0,d8ac2e4dc4eba2a97a1b17d6f9ee824fe03da81eb73b5e4cfa0dd17997d86aaa
audit,credit_card_fraud,pure_mavs_gc,confidence_distortion,audit,rejection_rate,context_dependent,0.9988061797752809,0.0|0.05|0.1|0.2|0.4|0.6|0.8|1.0,9e350671c028e0dc474ec29abff095b5c69d8b83af3fd9b512c9ae1b8db6becc
audit,credit_card_fraud,pure_mavs_gc,confidence_distortion,shadow,accuracy,higher_is_better,0.9991573033707866,0.0|0.05|0.1|0.2|0.4|0.6|0.8|1.0,f302de1f096f2ab645a2271283a9310da61bef6e504ef6c2ec9c844989edc02e
audit,credit_card_fraud,pure_mavs_gc,confidence_distortion,shadow,f1,higher_is_better,0.7142857142857143,0.0|0.05|0.1|0.2|0.4|0.6|0.8|1.0,a1e06d4f93fa5db8f17a0a805788ed5d522d7b73a8e0ed05b966146b9da57dd7
audit,credit_card_fraud,pure_mavs_gc,confidence_distortion,shadow,unsafe_acceptance_rate,lower_is_better,0.00014069644741470278,0.0|0.05|0.1|0.2|0.4|0.6|0.8|1.0,f7d93427df8f3d090e36cf341450c641e2188a40999d1fddda2940e48f6f7b0a
audit,credit_card_fraud,pure_mavs_gc,confidence_distortion,shadow,technical_failure_rate,lower_is_better,0.0,0.0|0.05|0.1|0.2|0.4|0.6|0.8|1.0,309ebdb9563c318e982be209c3972bb4ef0deeaf909ec8b75f3fb0bfab33d5d4
audit,credit_card_fraud,pure_mavs_gc,confidence_distortion,shadow,rejection_rate,context_dependent,0.9988061797752809,0.0|0.05|0.1|0.2|0.4|0.6|0.8|1.0,aad189b0a8dc9b4e7c8e851d51f8fc12a05679badb0e8e0567a9616f3682ab5e
locked,credit_card_fraud,pure_mavs_gc,confidence_distortion,primary,accuracy,higher_is_better,0.9993679997191109,0.0|0.05|0.1|0.2|0.4|0.6|0.8|1.0,367ce1a5076e52f4faf7daf2b88305bf68ab420d5acea616fbff9b31175a4479
locked,credit_card_fraud,pure_mavs_gc,confidence_distortion,primary,f1,higher_is_better,0.7804878048780488,0.0|0.05|0.1|0.2|0.4|0.6|0.8|1.0,85e5e083bb048e8779a91030cb1b6e7520c9c4f55ff036b629eb719596e34201
locked,credit_card_fraud,pure_mavs_gc,confidence_distortion,primary,unsafe_acceptance_rate,lower_is_better,3.517163759144626e-05,0.0|0.05|0.1|0.2|0.4|0.6|0.8|1.0,7ce7175c164945996a697e8e742b2a0ff954ee60b501405a143609694ed003b3
locked,credit_card_fraud,pure_mavs_gc,confidence_distortion,primary,technical_failure_rate,lower_is_better,0.0,0.0|0.05|0.1|0.2|0.4|0.6|0.8|1.0,0838584d3fa778ea068740c7ad2c53d5f292415123f8e792223f0dd18e5333b8
locked,credit_card_fraud,pure_mavs_gc,confidence_distortion,primary,rejection_rate,context_dependent,0.9988413328183702,0.0|0.05|0.1|0.2|0.4|0.6|0.8|1.0,abf25ea27964bcc82044c09f8af06487dba5d881cf21badaeec283b00fd666e9
locked,credit_card_fraud,pure_mavs_gc,confidence_distortion,shadow,accuracy,higher_is_better,0.9993679997191109,0.0|0.05|0.1|0.2|0.4|0.6|0.8|1.0,90c3d26b213433fab958860e2dfc593721dd083fe27d7e907582ac6148becea4
locked,credit_card_fraud,pure_mavs_gc,confidence_distortion,shadow,f1,higher_is_better,0.7804878048780488,0.0|0.05|0.1|0.2|0.4|0.6|0.8|1.0,ddbc6e8b03370ae70b80c427232698da2a816b05613b885cbe474445458496a6
locked,credit_card_fraud,pure_mavs_gc,confidence_distortion,shadow,unsafe_acceptance_rate,lower_is_better,3.517163759144626e-05,0.0|0.05|0.1|0.2|0.4|0.6|0.8|1.0,52900dec39998f60145f914f9995ab32f4197ed2392e2c98f650bad7d493447d
locked,credit_card_fraud,pure_mavs_gc,confidence_distortion,shadow,technical_failure_rate,lower_is_better,0.0,0.0|0.05|0.1|0.2|0.4|0.6|0.8|1.0,49d76641817856c4a668ff891195d31d62f375863c628d4df462cb478d122aeb
locked,credit_card_fraud,pure_mavs_gc,confidence_distortion,shadow,rejection_rate,context_dependent,0.9988413328183702,0.0|0.05|0.1|0.2|0.4|0.6|0.8|1.0,18dd5f3117761492fc4e75be3e8fd2df89aa07b06fb28a2592d69538668e360c
audit,credit_card_fraud,pure_mavs_gc,distribution_shift,audit,accuracy,higher_is_better,0.9986466909239453,0.0|0.05|0.1|0.2|0.4|0.6|0.8|1.0,62c1649d0d05e0a548310ac966153632c14d16d32494245b0abda18a4b29cc91
audit,credit_card_fraud,pure_mavs_gc,distribution_shift,audit,f1,higher_is_better,0.7160278745644599,0.0|0.05|0.1|0.2|0.4|0.6|0.8|1.0,eb09700de3fef7e6a4f7358dbe648bd30e67d35eccd6c8c779031bb30d6bc7e0
audit,credit_card_fraud,pure_mavs_gc,distribution_shift,audit,unsafe_acceptance_rate,lower_is_better,0.0002296171765053172,0.0|0.05|0.1|0.2|0.4|0.6|0.8|1.0,dbaaab0a858788abc8c0183f8e12a66edecc5ea1de200dacc63f835414b91af8
audit,credit_card_fraud,pure_mavs_gc,distribution_shift,audit,technical_failure_rate,lower_is_better,0.0,0.0|0.05|0.1|0.2|0.4|0.6|0.8|1.0,d6b971fbaf39216d948ccbcadf902ac34e38085976f0b629ee419898ff297262
audit,credit_card_fraud,pure_mavs_gc,distribution_shift,audit,rejection_rate,context_dependent,0.9980543878511912,0.0|0.05|0.1|0.2|0.4|0.6|0.8|1.0,6a6d48207c8c1028143d704e7eac5e3a8abcb7e2900a277ed41b9249a786d34f
audit,credit_card_fraud,pure_mavs_gc,distribution_shift,shadow,accuracy,higher_is_better,0.9986466909239453,0.0|0.05|0.1|0.2|0.4|0.6|0.8|1.0,afe67ba633fdebe84b0f523c568d5fe7b2a0b58995d2c517732e33e3a7dc4934
audit,credit_card_fraud,pure_mavs_gc,distribution_shift,shadow,f1,higher_is_better,0.7160278745644599,0.0|0.05|0.1|0.2|0.4|0.6|0.8|1.0,37823d8cd41e1a64c554226f10da2248b5f8f5d5116191c82154b2612a145b52
audit,credit_card_fraud,pure_mavs_gc,distribution_shift,shadow,unsafe_acceptance_rate,lower_is_better,0.0002296171765053172,0.0|0.05|0.1|0.2|0.4|0.6|0.8|1.0,0ea3690b5f4f1914674aee6459eac4a28d5491051ff4bb64ec59b8cb86f0c06b
audit,credit_card_fraud,pure_mavs_gc,distribution_shift,shadow,technical_failure_rate,lower_is_better,0.0,0.0|0.05|0.1|0.2|0.4|0.6|0.8|1.0,7231018d868ddf8c08a93c052a18ef7716f451c8a9d9e5bafb66752b2cd2ec89
audit,credit_card_fraud,pure_mavs_gc,distribution_shift,shadow,rejection_rate,context_dependent,0.9980543878511912,0.0|0.05|0.1|0.2|0.4|0.6|0.8|1.0,1b131b844d5dbfb458435f0b93ffa6156225655d18264f66fe54fe3ed232c7cb
locked,credit_card_fraud,pure_mavs_gc,distribution_shift,primary,accuracy,higher_is_better,0.9991573628863026,0.0|0.05|0.1|0.2|0.4|0.6|0.8|1.0,792c8387943eb05f618aa74df8fb37f9046b785b0b0bb3a5d721a6d421548b02
locked,credit_card_fraud,pure_mavs_gc,distribution_shift,primary,f1,higher_is_better,0.8057634488442351,0.0|0.05|0.1|0.2|0.4|0.6|0.8|1.0,f049328418d6da6ee9ce433f7a3959dc4abbff29023d43abac0ff9c529105234
locked,credit_card_fraud,pure_mavs_gc,distribution_shift,primary,unsafe_acceptance_rate,lower_is_better,5.738750428549423e-05,0.0|0.05|0.1|0.2|0.4|0.6|0.8|1.0,6b50cb369de4edd5b176b95faf0c0699d5d11c5bd7cae0fb7938326f280818d6
locked,credit_card_fraud,pure_mavs_gc,distribution_shift,primary,technical_failure_rate,lower_is_better,0.0,0.0|0.05|0.1|0.2|0.4|0.6|0.8|1.0,bb7488dbd69baa208f58cdacf74674aaa4b449ca504ec506f4e720e404ddeb9d
locked,credit_card_fraud,pure_mavs_gc,distribution_shift,primary,rejection_rate,context_dependent,0.9981116187149968,0.0|0.05|0.1|0.2|0.4|0.6|0.8|1.0,d2fbe6aa30007130241421f7e16f0723969391e9593ef2e099187d7c0d450759
locked,credit_card_fraud,pure_mavs_gc,distribution_shift,shadow,accuracy,higher_is_better,0.9991573628863026,0.0|0.05|0.1|0.2|0.4|0.6|0.8|1.0,5768a0e23beb685d519a4edea6f05c9855564c44a5df262c4a486e305f646ffb
locked,credit_card_fraud,pure_mavs_gc,distribution_shift,shadow,f1,higher_is_better,0.8057634488442351,0.0|0.05|0.1|0.2|0.4|0.6|0.8|1.0,b88e366a053f11c718b0dbbf85d0ac2617034e5f9447d9cbe8cfd1d138dd0813
locked,credit_card_fraud,pure_mavs_gc,distribution_shift,shadow,unsafe_acceptance_rate,lower_is_better,5.738750428549423e-05,0.0|0.05|0.1|0.2|0.4|0.6|0.8|1.0,03414092f155d9660eb9d4a18fc67feb8a95e03ed3bab425cf80d93407fe8781
locked,credit_card_fraud,pure_mavs_gc,distribution_shift,shadow,technical_failure_rate,lower_is_better,0.0,0.0|0.05|0.1|0.2|0.4|0.6|0.8|1.0,4dd7d2c6f84d0a179e419e8c9aa43f7552783c88ef973fadb84f2e248f884521
locked,credit_card_fraud,pure_mavs_gc,distribution_shift,shadow,rejection_rate,context_dependent,0.9981116187149968,0.0|0.05|0.1|0.2|0.4|0.6|0.8|1.0,08c7a2538d5b94d72605052d9c6713eade7f58a7ccae92c91b6644da88a3f76a
audit,credit_card_fraud,pure_mavs_gc,feature_noise,audit,accuracy,higher_is_better,0.9991151685393259,0.0|0.05|0.1|0.2|0.4|0.6|0.8|1.0,5baa4a11fc5eb73bdfe658f54e795dc16e3ae3f31e9d01a40877a79b9e38da31
audit,credit_card_fraud,pure_mavs_gc,feature_noise,audit,f1,higher_is_better,0.6979416342150317,0.0|0.05|0.1|0.2|0.4|0.6|0.8|1.0,80272656b919f234a42c7396a013f8b3323d2ff21b5a4e8cf13d209e10101958
audit,credit_card_fraud,pure_mavs_gc,feature_noise,audit,unsafe_acceptance_rate,lower_is_better,0.000152421151365928,0.0|0.05|0.1|0.2|0.4|0.6|0.8|1.0,66d0dcf91287039e4224875006daa17964bfb2522c3e4f1ac68296467f52f660
audit,credit_card_fraud,pure_mavs_gc,feature_noise,audit,technical_failure_rate,lower_is_better,0.0,0.0|0.05|0.1|0.2|0.4|0.6|0.8|1.0,7635bb0a2f423d304410e29134bf818ea9bc616c13396d6e74a2c48e37183308
audit,credit_card_fraud,pure_mavs_gc,feature_noise,audit,rejection_rate,context_dependent,0.9988249063670411,0.0|0.05|0.1|0.2|0.4|0.6|0.8|1.0,ed2c73a273f54d43e4b4bc6236aef16c897794311d0c3e23e8d4fa2f1935fca0
audit,credit_card_fraud,pure_mavs_gc,feature_noise,shadow,accuracy,higher_is_better,0.999122191011236,0.0|0.05|0.1|0.2|0.4|0.6|0.8|1.0,30c3041589867c476ba8cf160831d29b6f1857824d81099d972fd8e0d4390570
audit,credit_card_fraud,pure_mavs_gc,feature_noise,shadow,f1,higher_is_better,0.7029711827216081,0.0|0.05|0.1|0.2|0.4|0.6|0.8|1.0,39e9fa147ee934e047ebe522a07d38ac94ac83dd3bde1e0e6af1cb5b61b82303
audit,credit_card_fraud,pure_mavs_gc,feature_noise,shadow,unsafe_acceptance_rate,lower_is_better,0.00016531832571227577,0.0|0.05|0.1|0.2|0.4|0.6|0.8|1.0,9f94ddbf5580a1bee508e3c0f6cc1aa88be843f6c21e7ddd1f02394605397b8c
audit,credit_card_fraud,pure_mavs_gc,feature_noise,shadow,technical_failure_rate,lower_is_better,0.0,0.0|0.05|0.1|0.2|0.4|0.6|0.8|1.0,0bbae10b6a59f91dbb868d3584c5d99c0b479ff7ed9c702c6f1e9bd74ea49c64
audit,credit_card_fraud,pure_mavs_gc,feature_noise,shadow,rejection_rate,context_dependent,0.9987921348314607,0.0|0.05|0.1|0.2|0.4|0.6|0.8|1.0,57898cf655f3d3c05adf883a741889173de204fd69973c2022aae11b311cd8df
locked,credit_card_fraud,pure_mavs_gc,feature_noise,primary,accuracy,higher_is_better,0.9992714441206418,0.0|0.05|0.1|0.2|0.4|0.6|0.8|1.0,47464520c9c1f3f7b37dd0e02643f9ee4e1b35b9328ce8b42563520e1b9f5e85
locked,credit_card_fraud,pure_mavs_gc,feature_noise,primary,f1,higher_is_better,0.7384874923894078,0.0|0.05|0.1|0.2|0.4|0.6|0.8|1.0,5c57b02cd96cf872eecd34695f429e6ad4c2dea234a12c13a9f0ba27498d97e6
locked,credit_card_fraud,pure_mavs_gc,feature_noise,primary,unsafe_acceptance_rate,lower_is_better,4.337835302945038e-05,0.0|0.05|0.1|0.2|0.4|0.6|0.8|1.0,406a8e78a2365d37fa698c46687c470c12f643c653ac2862e29396de79e1be84
locked,credit_card_fraud,pure_mavs_gc,feature_noise,primary,technical_failure_rate,lower_is_better,0.0,0.0|0.05|0.1|0.2|0.4|0.6|0.8|1.0,423fb37a28198e50e0fa90c4f104812b384e996981543ca31650c3471e7ce91c
locked,credit_card_fraud,pure_mavs_gc,feature_noise,primary,rejection_rate,context_dependent,0.9989215032243718,0.0|0.05|0.1|0.2|0.4|0.6|0.8|1.0,05247fb4a99dabb99ab897a114502a50a80f5309d045a2d88300552973f43da2
locked,credit_card_fraud,pure_mavs_gc,feature_noise,shadow,accuracy,higher_is_better,0.9992846107931604,0.0|0.05|0.1|0.2|0.4|0.6|0.8|1.0,c3b8409f6ce9eeea67baed98743d185f6f00b1e7c9aec71fc0136e0b03542392
locked,credit_card_fraud,pure_mavs_gc,feature_noise,shadow,f1,higher_is_better,0.7464894915636419,0.0|0.05|0.1|0.2|0.4|0.6|0.8|1.0,363eac9b4959dcdb15efe81674beb068f0863aef7b62a4f78a928e6852c5a88c
locked,credit_card_fraud,pure_mavs_gc,feature_noise,shadow,unsafe_acceptance_rate,lower_is_better,5.451603826674171e-05,0.0|0.05|0.1|0.2|0.4|0.6|0.8|1.0,d3c1d2bbabb95d6f0078a8442105d4f5f08ce8e6c87f70ee1ae65e8560f440f0
locked,credit_card_fraud,pure_mavs_gc,feature_noise,shadow,technical_failure_rate,lower_is_better,0.0,0.0|0.05|0.1|0.2|0.4|0.6|0.8|1.0,d8daa49278bb56ebe42a782a8ef65ed4390e2059701de4526098b7a0535a3da3
locked,credit_card_fraud,pure_mavs_gc,feature_noise,shadow,rejection_rate,context_dependent,0.9988860995049332,0.0|0.05|0.1|0.2|0.4|0.6|0.8|1.0,afd00269b4fd7addf08202932410825f1eb2ff0e0886b62eaf0961b2e81861cb
audit,credit_card_fraud,pure_mavs_gc,label_noise,audit,accuracy,higher_is_better,0.9991573033707866,0.0|0.05|0.1|0.2|0.4|0.6|0.8|1.0,c81348db3971d4904b8c28fedfdec53b5da2db57f0502dce938b647e0c55a478
audit,credit_card_fraud,pure_mavs_gc,label_noise,audit,f1,higher_is_better,0.7142857142857143,0.0|0.05|0.1|0.2|0.4|0.6|0.8|1.0,31ae9e7b1b3a2666370c854f872ed9c9840b6e9f1de9fe24ff839095b1bec53d
audit,credit_card_fraud,pure_mavs_gc,label_noise,audit,unsafe_acceptance_rate,lower_is_better,0.00014069644741470278,0.0|0.05|0.1|0.2|0.4|0.6|0.8|1.0,25ac6bf797d81b64447b346b2732f2897261df3f77656fb3168af5a92b33e3e5
audit,credit_card_fraud,pure_mavs_gc,label_noise,audit,technical_failure_rate,lower_is_better,0.0,0.0|0.05|0.1|0.2|0.4|0.6|0.8|1.0,8699e5f104a5b735e49a1ef9fccf577a903ab1b2b5f845e624da320a86c17035
audit,credit_card_fraud,pure_mavs_gc,label_noise,audit,rejection_rate,context_dependent,0.9988061797752809,0.0|0.05|0.1|0.2|0.4|0.6|0.8|1.0,d8694e67b0d5bf0407fca57cb926a448c2a5565e09f9aa719581eb138177067a
audit,credit_card_fraud,pure_mavs_gc,label_noise,shadow,accuracy,higher_is_better,0.9991573033707866,0.0|0.05|0.1|0.2|0.4|0.6|0.8|1.0,012fd0671fb622362b53b4232f563b42dbd95605dbd974ac24bda0869672f7f1
audit,credit_card_fraud,pure_mavs_gc,label_noise,shadow,f1,higher_is_better,0.7142857142857143,0.0|0.05|0.1|0.2|0.4|0.6|0.8|1.0,d2be2dcfaf644e87d5e5528b4ed707134912242935a77634fbe7f2125d2732be
audit,credit_card_fraud,pure_mavs_gc,label_noise,shadow,unsafe_acceptance_rate,lower_is_better,0.00014069644741470278,0.0|0.05|0.1|0.2|0.4|0.6|0.8|1.0,28e743d24e608dfbc56a78f5b6980b8f9387c8ebe8548d55f1b99f00d2a1f069
audit,credit_card_fraud,pure_mavs_gc,label_noise,shadow,technical_failure_rate,lower_is_better,0.0,0.0|0.05|0.1|0.2|0.4|0.6|0.8|1.0,728cc61cc7327ead4c1fb46ca0e363f9d8dddd737c5d50256eb0d960a56c530d
audit,credit_card_fraud,pure_mavs_gc,label_noise,shadow,rejection_rate,context_dependent,0.9988061797752809,0.0|0.05|0.1|0.2|0.4|0.6|0.8|1.0,5e7f53057b356a19be5b2628ebca23b585d303e27cb967600ad6e412c7af297e
locked,credit_card_fraud,pure_mavs_gc,label_noise,primary,accuracy,higher_is_better,0.9993679997191109,0.0|0.05|0.1|0.2|0.4|0.6|0.8|1.0,8891084b7604d98824cd6fc809aaee3d7dffed500fb364fa0228f6f7b3869702
locked,credit_card_fraud,pure_mavs_gc,label_noise,primary,f1,higher_is_better,0.7804878048780488,0.0|0.05|0.1|0.2|0.4|0.6|0.8|1.0,82ab5b9df5bbaeac3fa6f622e6d6a41a701d8c98fc2a8da83905fd23ac8566f6
locked,credit_card_fraud,pure_mavs_gc,label_noise,primary,unsafe_acceptance_rate,lower_is_better,3.517163759144626e-05,0.0|0.05|0.1|0.2|0.4|0.6|0.8|1.0,5e33bf6a55ba36f3389d75a2de17ee8c5c1d30602106619df0a6900d7c54250b
locked,credit_card_fraud,pure_mavs_gc,label_noise,primary,technical_failure_rate,lower_is_better,0.0,0.0|0.05|0.1|0.2|0.4|0.6|0.8|1.0,a37a3a8e90ec62aed9c7f2f285e2e08f9f8d983300d5bae3f79f15d6cdce0aa7
locked,credit_card_fraud,pure_mavs_gc,label_noise,primary,rejection_rate,context_dependent,0.9988413328183702,0.0|0.05|0.1|0.2|0.4|0.6|0.8|1.0,a1bcf368f4548d3bfeeb603911a1b5bb75688cefddcef6cbb118fcc45903aaac
locked,credit_card_fraud,pure_mavs_gc,label_noise,shadow,accuracy,higher_is_better,0.9993679997191109,0.0|0.05|0.1|0.2|0.4|0.6|0.8|1.0,233e222ef5554da28178e71e7c13be5b2ed4172fd93362f5fdfbf8d96f5573ef
locked,credit_card_fraud,pure_mavs_gc,label_noise,shadow,f1,higher_is_better,0.7804878048780488,0.0|0.05|0.1|0.2|0.4|0.6|0.8|1.0,37f4d0d57477b4df46b6109c4feb8efbfb7c00caf1b8c96105efdb53b5586808
locked,credit_card_fraud,pure_mavs_gc,label_noise,shadow,unsafe_acceptance_rate,lower_is_better,3.517163759144626e-05,0.0|0.05|0.1|0.2|0.4|0.6|0.8|1.0,cdd73d2fd47378984cac305ebe1e9c2c2008369cf02607b8bb88cf1bb964feb3
locked,credit_card_fraud,pure_mavs_gc,label_noise,shadow,technical_failure_rate,lower_is_better,0.0,0.0|0.05|0.1|0.2|0.4|0.6|0.8|1.0,f56cd82f88c907a09f132584f194229d421b3ba7d8ac0c275f7a07b89e618f56
locked,credit_card_fraud,pure_mavs_gc,label_noise,shadow,rejection_rate,context_dependent,0.9988413328183702,0.0|0.05|0.1|0.2|0.4|0.6|0.8|1.0,72ac710ccca041a862a4ba791faa2570437311364fba51ca494f7b2a8740f09c
audit,credit_card_fraud,pure_mavs_gc,missing_features,audit,accuracy,higher_is_better,0.9985100655430711,0.0|0.05|0.1|0.2|0.4|0.6|0.8|1.0,67531fa52bf59159f91a791f69af78e55ed4112f50473412b9664f9e1d175e27
audit,credit_card_fraud,pure_mavs_gc,missing_features,audit,f1,higher_is_better,0.2585419101027744,0.0|0.05|0.1|0.2|0.4|0.6|0.8|1.0,e2ca552cbdd0fffe238c934eddb62ee505d2c7908d968ffdc264004bbff493f8
audit,credit_card_fraud,pure_mavs_gc,missing_features,audit,unsafe_acceptance_rate,lower_is_better,5.04162269902685e-05,0.0|0.05|0.1|0.2|0.4|0.6|0.8|1.0,ead58a1ebef19467bd9abce98c6a4b0389d6cb36feb7fe48ff4eff4a7d862962
audit,credit_card_fraud,pure_mavs_gc,missing_features,audit,technical_failure_rate,lower_is_better,0.0,0.0|0.05|0.1|0.2|0.4|0.6|0.8|1.0,5365d582f1bea5667046b579937c5d933b62fbfe99aaa7245d2ac4e5485c2d5a
audit,credit_card_fraud,pure_mavs_gc,missing_features,audit,rejection_rate,context_dependent,0.9996336610486891,0.0|0.05|0.1|0.2|0.4|0.6|0.8|1.0,f53cf89129c38f4173029a1e0b9a1426fde064fb862880e22733c7f0e31f3b3e
audit,credit_card_fraud,pure_mavs_gc,missing_features,shadow,accuracy,higher_is_better,0.9984813904494382,0.0|0.05|0.1|0.2|0.4|0.6|0.8|1.0,afecc39299ab346e26ac5c5c46cc9f02c9705353ac77b276124516baeb95b160
audit,credit_card_fraud,pure_mavs_gc,missing_features,shadow,f1,higher_is_better,0.23616095291018138,0.0|0.05|0.1|0.2|0.4|0.6|0.8|1.0,a1ab6c1ef6bab1b5fdabbfa2f10a4ce1f9e8fb6cddb21f780fd2b4ac246bacfd
audit,credit_card_fraud,pure_mavs_gc,missing_features,shadow,unsafe_acceptance_rate,lower_is_better,5.451987337319733e-05,0.0|0.05|0.1|0.2|0.4|0.6|0.8|1.0,5d5593e7aa05a18d41c90179461bd486a8e531fd3fa42b93087a839240b1627f
audit,credit_card_fraud,pure_mavs_gc,missing_features,shadow,technical_failure_rate,lower_is_better,0.0,0.0|0.05|0.1|0.2|0.4|0.6|0.8|1.0,865b09bb1688b86f5780156c7e181636cee6cbbd1ad3bca0baa78a7344dabdb9
audit,credit_card_fraud,pure_mavs_gc,missing_features,shadow,rejection_rate,context_dependent,0.9996541432584269,0.0|0.05|0.1|0.2|0.4|0.6|0.8|1.0,7261af4af47e135d1b2ff4ba0119c9c301dde9de30bbec335029eb1e0ed04037
locked,credit_card_fraud,pure_mavs_gc,missing_features,primary,accuracy,higher_is_better,0.9985630771391454,0.0|0.05|0.1|0.2|0.4|0.6|0.8|1.0,0bfbd25e0dab156757e96be4747536660c34d0c01ce06c8788e590a3d509a57a
locked,credit_card_fraud,pure_mavs_gc,missing_features,primary,f1,higher_is_better,0.25422669673201215,0.0|0.05|0.1|0.2|0.4|0.6|0.8|1.0,17314e0489de145e193170677f42ca2844e58cb0fa75b8430f67eadfed2bdb87
locked,credit_card_fraud,pure_mavs_gc,missing_features,primary,unsafe_acceptance_rate,lower_is_better,2.168917651472519e-05,0.0|0.05|0.1|0.2|0.4|0.6|0.8|1.0,fe8d2d9d1cba4c8e3e8359c94158e0e7f28d46bad6aefb40a2b15650c4d72c4e
locked,credit_card_fraud,pure_mavs_gc,missing_features,primary,technical_failure_rate,lower_is_better,0.0,0.0|0.05|0.1|0.2|0.4|0.6|0.8|1.0,4974d3d640bfc1d0112ab4de081e53350a155b2da4f7fa8e84d489eed1c4f911
locked,credit_card_fraud,pure_mavs_gc,missing_features,primary,rejection_rate,context_dependent,0.999673173928818,0.0|0.05|0.1|0.2|0.4|0.6|0.8|1.0,2d3b73cd293204868b3822ad813833d3e3330c97f3c80a572232acdd8fb38ebc
locked,credit_card_fraud,pure_mavs_gc,missing_features,shadow,accuracy,higher_is_better,0.9985709771426565,0.0|0.05|0.1|0.2|0.4|0.6|0.8|1.0,126e273c658cb5b877ed7152af2c4215a9acfc8f5c4e35f5e094dd2e618a4908
locked,credit_card_fraud,pure_mavs_gc,missing_features,shadow,f1,higher_is_better,0.2662047712709116,0.0|0.05|0.1|0.2|0.4|0.6|0.8|1.0,c8e0a5372484704f58e8b93895764db6944dabcfd8de8070d66bdc9a8b10f34f
locked,credit_card_fraud,pure_mavs_gc,missing_features,shadow,unsafe_acceptance_rate,lower_is_better,2.5939082723691612e-05,0.0|0.05|0.1|0.2|0.4|0.6|0.8|1.0,a275c5c50040e782e47fceeb124f3d1626f5be00fe16bb3b914ae73f1a4fb3d0
locked,credit_card_fraud,pure_mavs_gc,missing_features,shadow,technical_failure_rate,lower_is_better,0.0,0.0|0.05|0.1|0.2|0.4|0.6|0.8|1.0,8090885b5316bf355abec1e1adb1f16c1f33b8fa1fba5a551f9cd49decf727a4
locked,credit_card_fraud,pure_mavs_gc,missing_features,shadow,rejection_rate,context_dependent,0.9996567887363506,0.0|0.05|0.1|0.2|0.4|0.6|0.8|1.0,29ed5c45a0803307c8b34094ac66c10201bf4915acb1bfea56f16b548610be20
audit,credit_card_fraud,pure_mavs_gc,random_feature_deletion,audit,accuracy,higher_is_better,0.9983900983146068,0.0|0.05|0.1|0.2|0.4|0.6|0.8|1.0,043265e2e011937a35c6bb609e2905f2b98e12029634956c68a0ea60d98a8455
audit,credit_card_fraud,pure_mavs_gc,random_feature_deletion,audit,f1,higher_is_better,0.12080826673849929,0.0|0.05|0.1|0.2|0.4|0.6|0.8|1.0,8495097b41c66a457224d29c4b36760fca1773c9d4ff4700a04c2a790c0307fe
audit,credit_card_fraud,pure_mavs_gc,random_feature_deletion,audit,unsafe_acceptance_rate,lower_is_better,2.9311759878063082e-05,0.0|0.05|0.1|0.2|0.4|0.6|0.8|1.0,774e4bead712b798acceeffc477157c2071b20fbaee10ff8043ab2cf0f6599fe
audit,credit_card_fraud,pure_mavs_gc,random_feature_deletion,audit,technical_failure_rate,lower_is_better,0.0,0.0|0.05|0.1|0.2|0.4|0.6|0.8|1.0,97a946d5f2b1c14194f443c8bca9bf9a93094d72f728bea908eeedc5e030714f
audit,credit_card_fraud,pure_mavs_gc,random_feature_deletion,audit,rejection_rate,context_dependent,0.9997957631086143,0.0|0.05|0.1|0.2|0.4|0.6|0.8|1.0,ed0547c0d440ba697159f126ee22535176ef0b22ab2d233b922b1acf732fa3e3
audit,credit_card_fraud,pure_mavs_gc,random_feature_deletion,shadow,accuracy,higher_is_better,0.9985481039325843,0.0|0.05|0.1|0.2|0.4|0.6|0.8|1.0,16ace2684e5501ae0d7373fc82b3e6c08c5ba7dace1e88baf7adf1b72ab0e642
audit,credit_card_fraud,pure_mavs_gc,random_feature_deletion,shadow,f1,higher_is_better,0.2598094539951231,0.0|0.05|0.1|0.2|0.4|0.6|0.8|1.0,5b57f65605bb1926d6a3710bbb8c7c2bee764dcbcb2f858ca68703930da5d18b
audit,credit_card_fraud,pure_mavs_gc,random_feature_deletion,shadow,unsafe_acceptance_rate,lower_is_better,4.3088287020752724e-05,0.0|0.05|0.1|0.2|0.4|0.6|0.8|1.0,777c24b6908015f9f18c462bb0c0678907002b026fc050d578d9045a902f636c
audit,credit_card_fraud,pure_mavs_gc,random_feature_deletion,shadow,technical_failure_rate,lower_is_better,0.0,0.0|0.05|0.1|0.2|0.4|0.6|0.8|1.0,e8d8859a6bf6b5d3b3266d14337125d0bbafef0c6146b4fca51dc63c27df9df4
audit,credit_card_fraud,pure_mavs_gc,random_feature_deletion,shadow,rejection_rate,context_dependent,0.9996102528089887,0.0|0.05|0.1|0.2|0.4|0.6|0.8|1.0,d90ccb50a4b66ccf0e4950dd2377c707cc3edb37030f581f7585fff7099af061
locked,credit_card_fraud,pure_mavs_gc,random_feature_deletion,primary,accuracy,higher_is_better,0.9984972437765527,0.0|0.05|0.1|0.2|0.4|0.6|0.8|1.0,9615e575cf41b58496ebdf019fc19a85b59800853a593853a0ceef426a84e21a
locked,credit_card_fraud,pure_mavs_gc,random_feature_deletion,primary,f1,higher_is_better,0.1700612724577833,0.0|0.05|0.1|0.2|0.4|0.6|0.8|1.0,856dd1488630d6000b39cec61369df5310160b7e85d4c5e0e222050ad5ab2240
locked,credit_card_fraud,pure_mavs_gc,random_feature_deletion,primary,unsafe_acceptance_rate,lower_is_better,1.1430782217220034e-05,0.0|0.05|0.1|0.2|0.4|0.6|0.8|1.0,576fa93042d9e59f32631037f0a1e22a4bf626800bae621ca8c42442750c6336
locked,credit_card_fraud,pure_mavs_gc,random_feature_deletion,primary,technical_failure_rate,lower_is_better,0.0,0.0|0.05|0.1|0.2|0.4|0.6|0.8|1.0,0b8ca62f31042494e502a2ed2b335ff92025f33192afd308e35f36fe640f032b
locked,credit_card_fraud,pure_mavs_gc,random_feature_deletion,primary,rejection_rate,context_dependent,0.999759488781995,0.0|0.05|0.1|0.2|0.4|0.6|0.8|1.0,3867ce3112e9ca463a4834f40ed6ad46e3d30ec9a8bb114c1e4195d0e999498f
locked,credit_card_fraud,pure_mavs_gc,random_feature_deletion,shadow,accuracy,higher_is_better,0.9985450826867034,0.0|0.05|0.1|0.2|0.4|0.6|0.8|1.0,2648d6d4480e28b470cb09b7fa246ac39c6b9750e64271bfff4e6542a12b37de
locked,credit_card_fraud,pure_mavs_gc,random_feature_deletion,shadow,f1,higher_is_better,0.2179825645542996,0.0|0.05|0.1|0.2|0.4|0.6|0.8|1.0,b6c157243d4677602c1a7e6ea4e1bb98ad62e9635d86789da1dbe10f3e0dc547
locked,credit_card_fraud,pure_mavs_gc,random_feature_deletion,shadow,unsafe_acceptance_rate,lower_is_better,1.3629009566685424e-05,0.0|0.05|0.1|0.2|0.4|0.6|0.8|1.0,42370be3b6c94ffeeaa620015bfca6a4508523c27a5aff0712c820f4f6642dc7
locked,credit_card_fraud,pure_mavs_gc,random_feature_deletion,shadow,technical_failure_rate,lower_is_better,0.0,0.0|0.05|0.1|0.2|0.4|0.6|0.8|1.0,c7a688376c878321e8a96fedcc8d108e22145f49ae3258291bd2af1dfa119d7b
locked,credit_card_fraud,pure_mavs_gc,random_feature_deletion,shadow,rejection_rate,context_dependent,0.9997072609810048,0.0|0.05|0.1|0.2|0.4|0.6|0.8|1.0,0bd2689043d1f9c503a5bd787f17430a0213f98cc4f0820987860770b2a6f826
audit,credit_card_fraud,pure_mavs_gc,specialist_failure,audit,accuracy,higher_is_better,0.9988553370786517,0.0|0.05|0.1|0.2|0.4|0.6|0.8|1.0,140d3c0116c38cc6e355e0becf4112bbdd0233b9577ed1b86a3c76f8ad3f02e2
audit,credit_card_fraud,pure_mavs_gc,specialist_failure,audit,f1,higher_is_better,0.4809523809523809,0.0|0.05|0.1|0.2|0.4|0.6|0.8|1.0,d82a6d85cc161c84157c16bdaa3abaca58f09ee43800a17796be9c0bdcd1b3ef
audit,credit_card_fraud,pure_mavs_gc,specialist_failure,audit,unsafe_acceptance_rate,lower_is_better,7.034822370735139e-05,0.0|0.05|0.1|0.2|0.4|0.6|0.8|1.0,8b25af841bc1a31fc1f35ba3d3c4ddafcde5afbb50907be56a8c0113e6f548ce
audit,credit_card_fraud,pure_mavs_gc,specialist_failure,audit,technical_failure_rate,lower_is_better,0.0,0.0|0.05|0.1|0.2|0.4|0.6|0.8|1.0,f99e0dc5cc5168aa0de87d7067b597e4cd9b3290b9a9d6be3f9a4502409dea69
audit,credit_card_fraud,pure_mavs_gc,specialist_failure,audit,rejection_rate,context_dependent,0.999248595505618,0.0|0.05|0.1|0.2|0.4|0.6|0.8|1.0,be7c87b45ae1136ab3073b2d64b3c3143db2c543fc36656731bc3c408043ab38
audit,credit_card_fraud,pure_mavs_gc,specialist_failure,shadow,accuracy,higher_is_better,0.9988553370786517,0.0|0.05|0.1|0.2|0.4|0.6|0.8|1.0,7064a82a6571bd331dec196e9a13dc465dc1293ae56ee47144ebf67ab6070f2b
audit,credit_card_fraud,pure_mavs_gc,specialist_failure,shadow,f1,higher_is_better,0.4809523809523809,0.0|0.05|0.1|0.2|0.4|0.6|0.8|1.0,6970de1ceb0d8fb87018904c8bdee1a4e27cde26eb203b370924071f6e79eb50
audit,credit_card_fraud,pure_mavs_gc,specialist_failure,shadow,unsafe_acceptance_rate,lower_is_better,7.034822370735139e-05,0.0|0.05|0.1|0.2|0.4|0.6|0.8|1.0,e8b8741134e6580c189a406394b6f9d1d9a8ba72f828177d72ff1d1212885aab
audit,credit_card_fraud,pure_mavs_gc,specialist_failure,shadow,technical_failure_rate,lower_is_better,0.0,0.0|0.05|0.1|0.2|0.4|0.6|0.8|1.0,29dc498f9317b91d36b27d88d03d196b410a99dec50e89e65c923be91c4366c7
audit,credit_card_fraud,pure_mavs_gc,specialist_failure,shadow,rejection_rate,context_dependent,0.999248595505618,0.0|0.05|0.1|0.2|0.4|0.6|0.8|1.0,205f8bf1786ccae2b1dcc0b0dd9d4bffc4b3a025864230d2fce471fdb30ddf78
locked,credit_card_fraud,pure_mavs_gc,specialist_failure,primary,accuracy,higher_is_better,0.9989852884379059,0.0|0.05|0.1|0.2|0.4|0.6|0.8|1.0,e07287f0d4a72d58c09b90d4f261095f03ab3213413062e38aee96de57b6a153
locked,credit_card_fraud,pure_mavs_gc,specialist_failure,primary,f1,higher_is_better,0.5268292682926831,0.0|0.05|0.1|0.2|0.4|0.6|0.8|1.0,d6dbd965afce73e6828a3fc56f36b363aef61718f03246e3f74ffdf6f6c15f7a
locked,credit_card_fraud,pure_mavs_gc,specialist_failure,primary,unsafe_acceptance_rate,lower_is_better,5.2757456387169386e-05,0.0|0.05|0.1|0.2|0.4|0.6|0.8|1.0,584102be7c18a46c09212cc41ea0f90285bb0406d5275c36708278598df72b79
locked,credit_card_fraud,pure_mavs_gc,specialist_failure,primary,technical_failure_rate,lower_is_better,0.0,0.0|0.05|0.1|0.2|0.4|0.6|0.8|1.0,3fb4183ec1a017dc333654b77a6ae99e4fef897a541e5e5f88a452aebbcdc590
locked,credit_card_fraud,pure_mavs_gc,specialist_failure,primary,rejection_rate,context_dependent,0.9991889329728592,0.0|0.05|0.1|0.2|0.4|0.6|0.8|1.0,e781cdbcc104f6ac585be9b5ba98f638a66b68367a9ccdeee8f34db1ba2d6b02
locked,credit_card_fraud,pure_mavs_gc,specialist_failure,shadow,accuracy,higher_is_better,0.9989852884379059,0.0|0.05|0.1|0.2|0.4|0.6|0.8|1.0,ef32f1b5cc910b002dc69dd956fc09d51e58c354638eca5f5ede2dc082311c4c
locked,credit_card_fraud,pure_mavs_gc,specialist_failure,shadow,f1,higher_is_better,0.5268292682926831,0.0|0.05|0.1|0.2|0.4|0.6|0.8|1.0,d9ae18e62b7911db6a2fb7504d00b505e792f86c5c0059bcc8b4aba96e683824
locked,credit_card_fraud,pure_mavs_gc,specialist_failure,shadow,unsafe_acceptance_rate,lower_is_better,5.2757456387169386e-05,0.0|0.05|0.1|0.2|0.4|0.6|0.8|1.0,c2530c3c480b375cd399c4b71f67b49c3f48ffa787e3005f414c362c058ff00b
locked,credit_card_fraud,pure_mavs_gc,specialist_failure,shadow,technical_failure_rate,lower_is_better,0.0,0.0|0.05|0.1|0.2|0.4|0.6|0.8|1.0,5187d7c8aeafb22e2bb3b6cbb8a7bd83bb615539ec1a3235018b22b1f8339d4b
locked,credit_card_fraud,pure_mavs_gc,specialist_failure,shadow,rejection_rate,context_dependent,0.9991889329728592,0.0|0.05|0.1|0.2|0.4|0.6|0.8|1.0,4e5132eb9f2e9a6d71eead6a0b673a65febb960b133c17daed05692e018a4344
audit,credit_card_fraud,pure_mavs_gc,synthetic_sensor_failure,audit,accuracy,higher_is_better,0.9984410112359551,0.0|0.05|0.1|0.2|0.4|0.6|0.8|1.0,f6383b147709e5c5c986121f0d609a6b56523adee93a9577431b75e4efff6db8
audit,credit_card_fraud,pure_mavs_gc,synthetic_sensor_failure,audit,f1,higher_is_better,0.17706766917293232,0.0|0.05|0.1|0.2|0.4|0.6|0.8|1.0,8cc06c2fdeb9c37743f8b7b09786c74b12bf335b1ccff57ce9f599ad3d485b36
audit,credit_card_fraud,pure_mavs_gc,synthetic_sensor_failure,audit,unsafe_acceptance_rate,lower_is_better,4.220893422441084e-05,0.0|0.05|0.1|0.2|0.4|0.6|0.8|1.0,9806a9c908b701859f09c2ea713f89da898a0dce0ec0ffc0592c1b5946409995
audit,credit_card_fraud,pure_mavs_gc,synthetic_sensor_failure,audit,technical_failure_rate,lower_is_better,0.0,0.0|0.05|0.1|0.2|0.4|0.6|0.8|1.0,5bad027e50b29fd1385f4ab224ae85eabaaa3640d9b1f3dde4c4cde9fcf53f4b
audit,credit_card_fraud,pure_mavs_gc,synthetic_sensor_failure,audit,rejection_rate,context_dependent,0.9997191011235955,0.0|0.05|0.1|0.2|0.4|0.6|0.8|1.0,607269c96055201ba6be7faa38f3b8474c587c0cacbe415dbddf2c083f22cdc7
audit,credit_card_fraud,pure_mavs_gc,synthetic_sensor_failure,shadow,accuracy,higher_is_better,0.9984410112359551,0.0|0.05|0.1|0.2|0.4|0.6|0.8|1.0,3b772795f4741ea650473d0fb40c28f78f912a735f66ef5afd2781ed36567707
audit,credit_card_fraud,pure_mavs_gc,synthetic_sensor_failure,shadow,f1,higher_is_better,0.17706766917293232,0.0|0.05|0.1|0.2|0.4|0.6|0.8|1.0,895de267657537233b6561da7f906077a871abd2142eb004add5c08bac5d3e00
audit,credit_card_fraud,pure_mavs_gc,synthetic_sensor_failure,shadow,unsafe_acceptance_rate,lower_is_better,4.220893422441084e-05,0.0|0.05|0.1|0.2|0.4|0.6|0.8|1.0,ada4e466cd080f0ac19d04f3781d9c58fb01412241af37c753152cf949e38246
audit,credit_card_fraud,pure_mavs_gc,synthetic_sensor_failure,shadow,technical_failure_rate,lower_is_better,0.0,0.0|0.05|0.1|0.2|0.4|0.6|0.8|1.0,4796abd6127a469a6075d5cc2f7f5f161b2852b12cfdcbe272a6b214d7194863
audit,credit_card_fraud,pure_mavs_gc,synthetic_sensor_failure,shadow,rejection_rate,context_dependent,0.9997191011235955,0.0|0.05|0.1|0.2|0.4|0.6|0.8|1.0,fac4a2b5a0279ab966d11c802f90652b9d30a437e79217c0f79e32b5e59743b5
locked,credit_card_fraud,pure_mavs_gc,synthetic_sensor_failure,primary,accuracy,higher_is_better,0.9985288437905971,0.0|0.05|0.1|0.2|0.4|0.6|0.8|1.0,1d5eca5f5de402eda58fdb8ac1a799aa413bfb54e00bd53a899599d89cfa41e1
locked,credit_card_fraud,pure_mavs_gc,synthetic_sensor_failure,primary,f1,higher_is_better,0.19789057350032957,0.0|0.05|0.1|0.2|0.4|0.6|0.8|1.0,6dd2f749d06728cbf6d4d776ffc702fba17531f0f7ff864806ac78949dcddbaa
locked,credit_card_fraud,pure_mavs_gc,synthetic_sensor_failure,primary,unsafe_acceptance_rate,lower_is_better,1.055149127743388e-05,0.0|0.05|0.1|0.2|0.4|0.6|0.8|1.0,ed0f6e307dd0cdcdf0cf39d589dad7195a7d95b597fbc30766fb1167cbd9bce6
locked,credit_card_fraud,pure_mavs_gc,synthetic_sensor_failure,primary,technical_failure_rate,lower_is_better,0.0,0.0|0.05|0.1|0.2|0.4|0.6|0.8|1.0,4f8ccf63959f15bd221763ae7703e5396d993e54fc6766e70e34d6789b23ff8a
locked,credit_card_fraud,pure_mavs_gc,synthetic_sensor_failure,primary,rejection_rate,context_dependent,0.9997296443242863,0.0|0.05|0.1|0.2|0.4|0.6|0.8|1.0,5a05c7aab38bbdb0e452f633bf2d9a95682b7b0cbd2c53c676def904b9288ea7
locked,credit_card_fraud,pure_mavs_gc,synthetic_sensor_failure,shadow,accuracy,higher_is_better,0.9985288437905971,0.0|0.05|0.1|0.2|0.4|0.6|0.8|1.0,14265d499e5764f29fb952402bded722e7a9f06725879cb95524d43bec6a276a
locked,credit_card_fraud,pure_mavs_gc,synthetic_sensor_failure,shadow,f1,higher_is_better,0.19789057350032957,0.0|0.05|0.1|0.2|0.4|0.6|0.8|1.0,95afcd72edb1d8976b1a7b41d937d519a82a5ee33c18fcd27ab53a476104c1f8
locked,credit_card_fraud,pure_mavs_gc,synthetic_sensor_failure,shadow,unsafe_acceptance_rate,lower_is_better,1.055149127743388e-05,0.0|0.05|0.1|0.2|0.4|0.6|0.8|1.0,e922c093f47cb2c1038db49e53087a7c1379447aacfccdfe7ed08480e5600029
locked,credit_card_fraud,pure_mavs_gc,synthetic_sensor_failure,shadow,technical_failure_rate,lower_is_better,0.0,0.0|0.05|0.1|0.2|0.4|0.6|0.8|1.0,54f2b1cc887b40ff7c7c546d2ad555c8f2508d6a2503a571066c1afccf24dcf6
locked,credit_card_fraud,pure_mavs_gc,synthetic_sensor_failure,shadow,rejection_rate,context_dependent,0.9997296443242863,0.0|0.05|0.1|0.2|0.4|0.6|0.8|1.0,82a695a7dbfb33894c1ac06c47fe42f48e624997768c81f09ec08956434c15c3
audit,credit_card_fraud,single_model,adversarial_confidence_inflation,audit,accuracy,higher_is_better,0.9992275280898877,0.0|0.05|0.1|0.2|0.4|0.6|0.8|1.0,45af8f2fc546303398eb9d844b0e165f1d55133c8b78ab81f6d4cdbb5ee1dc0d
audit,credit_card_fraud,single_model,adversarial_confidence_inflation,audit,f1,higher_is_better,0.7441860465116279,0.0|0.05|0.1|0.2|0.4|0.6|0.8|1.0,69fd2c3c84885d6e6b031dd0382e52f54e527aa4e61372e74e0d264a172a434a
audit,credit_card_fraud,single_model,adversarial_confidence_inflation,audit,unsafe_acceptance_rate,lower_is_better,0.00014069644741470278,0.0|0.05|0.1|0.2|0.4|0.6|0.8|1.0,bbe1f5a7f565a4463ae2392ba86c43ab22d2a06b2aa980594da975e885259e41
audit,credit_card_fraud,single_model,adversarial_confidence_inflation,audit,technical_failure_rate,lower_is_better,0.0,0.0|0.05|0.1|0.2|0.4|0.6|0.8|1.0,c96ee76c84e38f245c1edcc4e66d92c954cf3b9384f0cc28116478bb04827b82
audit,credit_card_fraud,single_model,adversarial_confidence_inflation,audit,rejection_rate,context_dependent,0.9987359550561796,0.0|0.05|0.1|0.2|0.4|0.6|0.8|1.0,34835a109984196d4efbfca8c2cb9545cb48ef7046890d08fae80d4cea1d4c38
audit,credit_card_fraud,single_model,adversarial_confidence_inflation,shadow,accuracy,higher_is_better,0.9992275280898877,0.0|0.05|0.1|0.2|0.4|0.6|0.8|1.0,2cde593f3504994f3e96a74ee6755246fd85861614a519bbdfe9eacfd56f872f
audit,credit_card_fraud,single_model,adversarial_confidence_inflation,shadow,f1,higher_is_better,0.7441860465116279,0.0|0.05|0.1|0.2|0.4|0.6|0.8|1.0,99bdd5b709effd52e1d96cfa6e8dab54fadccefb89f6ed06f9bf8af077cb90c0
audit,credit_card_fraud,single_model,adversarial_confidence_inflation,shadow,unsafe_acceptance_rate,lower_is_better,0.00014069644741470278,0.0|0.05|0.1|0.2|0.4|0.6|0.8|1.0,b19fcd088b1f3222f72b92c063f9b8a54692aa04807827fed791d7dc417f344a
audit,credit_card_fraud,single_model,adversarial_confidence_inflation,shadow,technical_failure_rate,lower_is_better,0.0,0.0|0.05|0.1|0.2|0.4|0.6|0.8|1.0,334fdf55cabea7a2e696903c4f2829098cc7ec78de4c0d87ac7fb1b147f62945
audit,credit_card_fraud,single_model,adversarial_confidence_inflation,shadow,rejection_rate,context_dependent,0.9987359550561796,0.0|0.05|0.1|0.2|0.4|0.6|0.8|1.0,0c245c1c7bd19a98e44a0fc63c46d483e94b12b91ad5cf03750d0dbe15005ebc
locked,credit_card_fraud,single_model,adversarial_confidence_inflation,primary,accuracy,higher_is_better,0.999403110845827,0.0|0.05|0.1|0.2|0.4|0.6|0.8|1.0,e689eee1fa734a7062dfe6e5f7a07d00f2e1bf570d0474b06b465e06c9b29877
locked,credit_card_fraud,single_model,adversarial_confidence_inflation,primary,f1,higher_is_better,0.7999999999999999,0.0|0.05|0.1|0.2|0.4|0.6|0.8|1.0,0beb4674bfb7c469f26acc55430ce1d284ad69da95a6e2468a2165bac91b423e
locked,credit_card_fraud,single_model,adversarial_confidence_inflation,primary,unsafe_acceptance_rate,lower_is_better,7.034327518289252e-05,0.0|0.05|0.1|0.2|0.4|0.6|0.8|1.0,22736f4817a6eeef03d85125804e9c3f8ef7476fea66dcdd5ba1a7b7f84061c8
locked,credit_card_fraud,single_model,adversarial_confidence_inflation,primary,technical_failure_rate,lower_is_better,0.0,0.0|0.05|0.1|0.2|0.4|0.6|0.8|1.0,48ed7eadfc77e3fb7ec1877db5858d80a5f00f12f0ac65b99f0aba099b8c6734
locked,credit_card_fraud,single_model,adversarial_confidence_inflation,primary,rejection_rate,context_dependent,0.998735999438222,0.0|0.05|0.1|0.2|0.4|0.6|0.8|1.0,c712227a5139070fd9736f308166430629bcb75303520aec9c353868a32c4e46
locked,credit_card_fraud,single_model,adversarial_confidence_inflation,shadow,accuracy,higher_is_better,0.999403110845827,0.0|0.05|0.1|0.2|0.4|0.6|0.8|1.0,88eb2d565a50b672c1ce45b8a9b04869175f7b8e60af423dd7143b54bf9b7dd3
locked,credit_card_fraud,single_model,adversarial_confidence_inflation,shadow,f1,higher_is_better,0.7999999999999999,0.0|0.05|0.1|0.2|0.4|0.6|0.8|1.0,c7aaa34fdb59618aee603054acfb9b48b86c78b9a759c9849ef812821beb9895
locked,credit_card_fraud,single_model,adversarial_confidence_inflation,shadow,unsafe_acceptance_rate,lower_is_better,7.034327518289252e-05,0.0|0.05|0.1|0.2|0.4|0.6|0.8|1.0,08a07667511e5a2d904c909b1d44a509d25e52279073fd88d6b65c562ad92c13
locked,credit_card_fraud,single_model,adversarial_confidence_inflation,shadow,technical_failure_rate,lower_is_better,0.0,0.0|0.05|0.1|0.2|0.4|0.6|0.8|1.0,7d41c67c85d8412a946efbafda0a8be7ed695eb0b34bbeab433ca49b927f967c
locked,credit_card_fraud,single_model,adversarial_confidence_inflation,shadow,rejection_rate,context_dependent,0.998735999438222,0.0|0.05|0.1|0.2|0.4|0.6|0.8|1.0,d8b8cffe3cd47b8197caa1eedb46a427b7d33b2b32413dce22fa88c231aa7e8d
audit,credit_card_fraud,single_model,confidence_distortion,audit,accuracy,higher_is_better,0.9992275280898877,0.0|0.05|0.1|0.2|0.4|0.6|0.8|1.0,eecbfc1bd59ef7333a86b8966944b4ff017487efd9389387be2bf3dc7770537d
audit,credit_card_fraud,single_model,confidence_distortion,audit,f1,higher_is_better,0.7441860465116279,0.0|0.05|0.1|0.2|0.4|0.6|0.8|1.0,a4a73a47b17efdaee9271e346214d1aa894e9929e3e80421784ca4172d3bde20
audit,credit_card_fraud,single_model,confidence_distortion,audit,unsafe_acceptance_rate,lower_is_better,0.00014069644741470278,0.0|0.05|0.1|0.2|0.4|0.6|0.8|1.0,18edecc0207bcc6c95e9ec11dcf76bd0a7ec487020be8696dd87dd846095fe8b
audit,credit_card_fraud,single_model,confidence_distortion,audit,technical_failure_rate,lower_is_better,0.0,0.0|0.05|0.1|0.2|0.4|0.6|0.8|1.0,2558a8b6bf02342b4cc17b77f3bf415e4f53417e6b838b0ffcd1fcec9431032f
audit,credit_card_fraud,single_model,confidence_distortion,audit,rejection_rate,context_dependent,0.9987359550561796,0.0|0.05|0.1|0.2|0.4|0.6|0.8|1.0,13a8d86dd3d621498c68867d8c0f1176c502041ff4f525f532ae265f90482c2b
audit,credit_card_fraud,single_model,confidence_distortion,shadow,accuracy,higher_is_better,0.9992275280898877,0.0|0.05|0.1|0.2|0.4|0.6|0.8|1.0,fb60fcdb6484a6669a33df97dee184ac3bb1790b2bda428e480f56f8d73b81bf
audit,credit_card_fraud,single_model,confidence_distortion,shadow,f1,higher_is_better,0.7441860465116279,0.0|0.05|0.1|0.2|0.4|0.6|0.8|1.0,2bb89ce29242723f110ba8452897eda4473ecc11054ee2f46d92eba1d5ad18e1
audit,credit_card_fraud,single_model,confidence_distortion,shadow,unsafe_acceptance_rate,lower_is_better,0.00014069644741470278,0.0|0.05|0.1|0.2|0.4|0.6|0.8|1.0,5be985e5a38fc14f69f55eece5734a1520c778284f44b3d511021072cc22fb1c
audit,credit_card_fraud,single_model,confidence_distortion,shadow,technical_failure_rate,lower_is_better,0.0,0.0|0.05|0.1|0.2|0.4|0.6|0.8|1.0,6fcd67ca01dbb36bb08a180191b1379b098fd18707dd0fe5ac08a6ed78ccd485
audit,credit_card_fraud,single_model,confidence_distortion,shadow,rejection_rate,context_dependent,0.9987359550561796,0.0|0.05|0.1|0.2|0.4|0.6|0.8|1.0,d79eefa29ff5c497620650198e5e4ae66a07ee988b04dc53688dcb559d2b96bc
locked,credit_card_fraud,single_model,confidence_distortion,primary,accuracy,higher_is_better,0.999403110845827,0.0|0.05|0.1|0.2|0.4|0.6|0.8|1.0,0ed23aa894e6efbc56cd54ddafd62b81b8e271e6d660071797fae49b3d813d99
locked,credit_card_fraud,single_model,confidence_distortion,primary,f1,higher_is_better,0.7999999999999999,0.0|0.05|0.1|0.2|0.4|0.6|0.8|1.0,5925aa055cb2f5e95f40c10121cf68c8ba29bf599dea84f1c1397c9c5443ddc5
locked,credit_card_fraud,single_model,confidence_distortion,primary,unsafe_acceptance_rate,lower_is_better,7.034327518289252e-05,0.0|0.05|0.1|0.2|0.4|0.6|0.8|1.0,5753091ef30615f386fb57bf199a3f4dbc8ec53d8e28971e32f1358e37f53352
locked,credit_card_fraud,single_model,confidence_distortion,primary,technical_failure_rate,lower_is_better,0.0,0.0|0.05|0.1|0.2|0.4|0.6|0.8|1.0,4667d1f9ae7e7f1089e290ffc352d1d9109eee1621f531b649048ee03e0534d3
locked,credit_card_fraud,single_model,confidence_distortion,primary,rejection_rate,context_dependent,0.998735999438222,0.0|0.05|0.1|0.2|0.4|0.6|0.8|1.0,6f48e26885c5985ad7ef0d1ff486e5f934cb899fd138658be3cac2cc74dfa9c3
locked,credit_card_fraud,single_model,confidence_distortion,shadow,accuracy,higher_is_better,0.999403110845827,0.0|0.05|0.1|0.2|0.4|0.6|0.8|1.0,ca33354a37a4d1c6f12144b6d5bdda54caca896bc10a02d5677678df3d40f7b6
locked,credit_card_fraud,single_model,confidence_distortion,shadow,f1,higher_is_better,0.7999999999999999,0.0|0.05|0.1|0.2|0.4|0.6|0.8|1.0,ed18c6126cf590bc913ae44c8567a03e76c34d143df7e5589e897146257911f7
locked,credit_card_fraud,single_model,confidence_distortion,shadow,unsafe_acceptance_rate,lower_is_better,7.034327518289252e-05,0.0|0.05|0.1|0.2|0.4|0.6|0.8|1.0,e68fec4604a777e9e635d78cf72d88d562f7ea02153fdab73d0a2593939f9f46
locked,credit_card_fraud,single_model,confidence_distortion,shadow,technical_failure_rate,lower_is_better,0.0,0.0|0.05|0.1|0.2|0.4|0.6|0.8|1.0,86dc66ce43b4d417f7c7b6050632f9501e813933d5d7acff8de2b22efad61205
locked,credit_card_fraud,single_model,confidence_distortion,shadow,rejection_rate,context_dependent,0.998735999438222,0.0|0.05|0.1|0.2|0.4|0.6|0.8|1.0,06cf88e955f0a9d7ab2cf24d8f516082cb5ce31bfd9502c01d27eb019ace0b82
audit,credit_card_fraud,single_model,distribution_shift,audit,accuracy,higher_is_better,0.9987611386974047,0.0|0.05|0.1|0.2|0.4|0.6|0.8|1.0,63815c6ba2c0473aaf6fc1dae281b5bc863769f044a09ddcca4cb93e3a28fc3f
audit,credit_card_fraud,single_model,distribution_shift,audit,f1,higher_is_better,0.7459579180509412,0.0|0.05|0.1|0.2|0.4|0.6|0.8|1.0,bad6d4463f941e3aeabc9c8a04e4a31d881f28344280118b2ff2492c7ad56853
audit,credit_card_fraud,single_model,distribution_shift,audit,unsafe_acceptance_rate,lower_is_better,0.0002296171765053172,0.0|0.05|0.1|0.2|0.4|0.6|0.8|1.0,5b4d033cc022b2300bc62e3c5ec89f48951cb55646a4383ddb61a3971e392f3f
audit,credit_card_fraud,single_model,distribution_shift,audit,technical_failure_rate,lower_is_better,0.0,0.0|0.05|0.1|0.2|0.4|0.6|0.8|1.0,64cae66430c2b4b755bc8209f30aff79dbc2113d3615fdf091b6126ead2d8ac9
audit,credit_card_fraud,single_model,distribution_shift,audit,rejection_rate,context_dependent,0.9979399400777318,0.0|0.05|0.1|0.2|0.4|0.6|0.8|1.0,7a92d31d25d67ab22901ac7370a76768fff648740feb7fd1b792811200558aa2
audit,credit_card_fraud,single_model,distribution_shift,shadow,accuracy,higher_is_better,0.9987611386974047,0.0|0.05|0.1|0.2|0.4|0.6|0.8|1.0,ad989a04392755b9cda147aef90776897f3430eba71ea29d2bc6de9088bd5b4e
audit,credit_card_fraud,single_model,distribution_shift,shadow,f1,higher_is_better,0.7459579180509412,0.0|0.05|0.1|0.2|0.4|0.6|0.8|1.0,20887fc47d141f7bc061be08578a16d2425ddec2d2cf100b4ba977b8b97550fe
audit,credit_card_fraud,single_model,distribution_shift,shadow,unsafe_acceptance_rate,lower_is_better,0.0002296171765053172,0.0|0.05|0.1|0.2|0.4|0.6|0.8|1.0,6f5e939722f9d727e4c41ab7d9b233cb98bed8d79206342720ad83bb354c24c3
audit,credit_card_fraud,single_model,distribution_shift,shadow,technical_failure_rate,lower_is_better,0.0,0.0|0.05|0.1|0.2|0.4|0.6|0.8|1.0,6fd68841cdf302ba4111542fe9c08ff592fb7ceb8d173f2488563af52ad5ca88
audit,credit_card_fraud,single_model,distribution_shift,shadow,rejection_rate,context_dependent,0.9979399400777318,0.0|0.05|0.1|0.2|0.4|0.6|0.8|1.0,4b7f6adedc0cc1b78ba1ab2889a39f155c5f0dd7c33a3cffde03db2b2ffff306
locked,credit_card_fraud,single_model,distribution_shift,primary,accuracy,higher_is_better,0.9992145865616058,0.0|0.05|0.1|0.2|0.4|0.6|0.8|1.0,ae622edade78a9d469e50d55f26fb3e0c53b9acd9d7520b9e6fc3e24c4ade2ff
locked,credit_card_fraud,single_model,distribution_shift,primary,f1,higher_is_better,0.8249379076208345,0.0|0.05|0.1|0.2|0.4|0.6|0.8|1.0,15a9f732bed98f768edc7cbb5650ed1b7702ca232ff6c2980b4b7c65bf2b73f3
locked,credit_card_fraud,single_model,distribution_shift,primary,unsafe_acceptance_rate,lower_is_better,0.00011477500857098845,0.0|0.05|0.1|0.2|0.4|0.6|0.8|1.0,ed10034a01e89e929f8de0dcbcff7815963d101a9028e320b759a0b0391e9fba
locked,credit_card_fraud,single_model,distribution_shift,primary,technical_failure_rate,lower_is_better,0.0,0.0|0.05|0.1|0.2|0.4|0.6|0.8|1.0,2590c7eed2fa17c08e8a6573b78c85120181888663abb14bac1667f54090a9e1
locked,credit_card_fraud,single_model,distribution_shift,primary,rejection_rate,context_dependent,0.9979399476890872,0.0|0.05|0.1|0.2|0.4|0.6|0.8|1.0,19223acee1c0142c12dec666d30f07d294408d4b895af5c25aa9d71df22b11bc
locked,credit_card_fraud,single_model,distribution_shift,shadow,accuracy,higher_is_better,0.9992145865616058,0.0|0.05|0.1|0.2|0.4|0.6|0.8|1.0,bea32597bb681bb8049b78d1833c08c75493060f0670d38d1839ad8e585a66d1
locked,credit_card_fraud,single_model,distribution_shift,shadow,f1,higher_is_better,0.8249379076208345,0.0|0.05|0.1|0.2|0.4|0.6|0.8|1.0,45f457be5f844e724e24274731e4f56e34b8c4fb4ce7225cb25fb2430462d37f
locked,credit_card_fraud,single_model,distribution_shift,shadow,unsafe_acceptance_rate,lower_is_better,0.00011477500857098845,0.0|0.05|0.1|0.2|0.4|0.6|0.8|1.0,80b9ca5551c1dad88d3929d064488f80a0860fcef537190a3b85d22e43943d0e
locked,credit_card_fraud,single_model,distribution_shift,shadow,technical_failure_rate,lower_is_better,0.0,0.0|0.05|0.1|0.2|0.4|0.6|0.8|1.0,d87d71b676a670a068b4a35621a2375c2a146af92352def02bd6655b324e00a2
locked,credit_card_fraud,single_model,distribution_shift,shadow,rejection_rate,context_dependent,0.9979399476890872,0.0|0.05|0.1|0.2|0.4|0.6|0.8|1.0,d44eb6c154a7c99e19b7757d6d5b4023c1bb143be01bce98c587470ff0d5d727
audit,credit_card_fraud,single_model,feature_noise,audit,accuracy,higher_is_better,0.9991233614232211,0.0|0.05|0.1|0.2|0.4|0.6|0.8|1.0,b62c3cccb0b243d6de53323a868a6af011ad3084bed61d0dac3f71ccd0cf22ef
audit,credit_card_fraud,single_model,feature_noise,audit,f1,higher_is_better,0.7229446603374275,0.0|0.05|0.1|0.2|0.4|0.6|0.8|1.0,c828c2325376a6ddda2a8172e6b3a3de6b9cbf0aeea502f7127479c109ecc5d4
audit,credit_card_fraud,single_model,feature_noise,audit,unsafe_acceptance_rate,lower_is_better,0.0002655645444952515,0.0|0.05|0.1|0.2|0.4|0.6|0.8|1.0,3493af25af872642b2a7b304c86fcfcae01e547ae2be37f0bd238b67e8708258
audit,credit_card_fraud,single_model,feature_noise,audit,technical_failure_rate,lower_is_better,0.0,0.0|0.05|0.1|0.2|0.4|0.6|0.8|1.0,f3117ff040da0a9dfb688adced7e75d6693311707192d7c14566b05cdec4d71e
audit,credit_card_fraud,single_model,feature_noise,audit,rejection_rate,context_dependent,0.9985908239700374,0.0|0.05|0.1|0.2|0.4|0.6|0.8|1.0,9873008e31bf361842aef84dc124abbbcd94ce0d68ec71d2526e665fc91a9d4c
audit,credit_card_fraud,single_model,feature_noise,shadow,accuracy,higher_is_better,0.9990572331460673,0.0|0.05|0.1|0.2|0.4|0.6|0.8|1.0,94478290a61f2628330a49cbe0fe563a325ec745077ecb12e1fec6b4031b612d
audit,credit_card_fraud,single_model,feature_noise,shadow,f1,higher_is_better,0.7026434471427264,0.0|0.05|0.1|0.2|0.4|0.6|0.8|1.0,bea2ff335063adfe72e44fc7577ca3c0cf6129415dbe76a5f8f4f735a8bdbb15
audit,credit_card_fraud,single_model,feature_noise,shadow,unsafe_acceptance_rate,lower_is_better,0.0003007386563489272,0.0|0.05|0.1|0.2|0.4|0.6|0.8|1.0,f09d89d2b07b6d365d3eca92e9c71bd49faf801a46eae002aab2f422b302c52a
audit,credit_card_fraud,single_model,feature_noise,shadow,technical_failure_rate,lower_is_better,0.0,0.0|0.05|0.1|0.2|0.4|0.6|0.8|1.0,79dd75ea41a5af8992a044549ca3a8443511dcb353ab04dd618ba8e744e30fbf
audit,credit_card_fraud,single_model,feature_noise,shadow,rejection_rate,context_dependent,0.9985867275280897,0.0|0.05|0.1|0.2|0.4|0.6|0.8|1.0,b67ce6fde4ae8adfed0edd4232548505aef4c169bbdd8fce3bee4985f12ae417
locked,credit_card_fraud,single_model,feature_noise,primary,accuracy,higher_is_better,0.9991985885327059,0.0|0.05|0.1|0.2|0.4|0.6|0.8|1.0,186ddbf6ed81eb20d6a091eeae0ee9bd4372917e2223543b44034fc9490c6350
locked,credit_card_fraud,single_model,feature_noise,primary,f1,higher_is_better,0.7352266040664722,0.0|0.05|0.1|0.2|0.4|0.6|0.8|1.0,b8df6c0b0bb04e49e8de3a3f3607933023e70351eb0dde881d2583c8d5922dd5
locked,credit_card_fraud,single_model,feature_noise,primary,unsafe_acceptance_rate,lower_is_better,0.000194909491652598,0.0|0.05|0.1|0.2|0.4|0.6|0.8|1.0,369a67dbc700e505af6e6920855a3f46da9675d5e792df15f0887c941a393fc2
locked,credit_card_fraud,single_model,feature_noise,primary,technical_failure_rate,lower_is_better,0.0,0.0|0.05|0.1|0.2|0.4|0.6|0.8|1.0,ae8b7bf9e79ae3a04bde67b0fbf9a350a7c4aefb44cf05c36b06e4d90e2ae612
locked,credit_card_fraud,single_model,feature_noise,primary,rejection_rate,context_dependent,0.9986918179371043,0.0|0.05|0.1|0.2|0.4|0.6|0.8|1.0,8bddb50c702d587fb76c0263523be3700b6ba677bbddc1e51aa21639185d1a33
locked,credit_card_fraud,single_model,feature_noise,shadow,accuracy,higher_is_better,0.9992069274253012,0.0|0.05|0.1|0.2|0.4|0.6|0.8|1.0,962311f298166c07c3991da1e4b252dd13b73d86f617eeaf1760731012766999
locked,credit_card_fraud,single_model,feature_noise,shadow,f1,higher_is_better,0.7428856756325779,0.0|0.05|0.1|0.2|0.4|0.6|0.8|1.0,f7e33323472b4d65e93dc65e307d209e5245722e940326f0023c784a40cd33ab
locked,credit_card_fraud,single_model,feature_noise,shadow,unsafe_acceptance_rate,lower_is_better,0.00021674521665728756,0.0|0.05|0.1|0.2|0.4|0.6|0.8|1.0,5db4f4f4a10df08d840c08708791547bb77ddc44e8e7be91c80241fbc248baa4
locked,credit_card_fraud,single_model,feature_noise,shadow,technical_failure_rate,lower_is_better,0.0,0.0|0.05|0.1|0.2|0.4|0.6|0.8|1.0,d55165ff4f97d9ac48e4a2fb4f980bb2e4bbb7e8e104e3dbb0d46f289ee1874b
locked,credit_card_fraud,single_model,feature_noise,shadow,rejection_rate,context_dependent,0.9986398827288367,0.0|0.05|0.1|0.2|0.4|0.6|0.8|1.0,9cc82f0a6d7962989abd25698ca1d8ad583546998e7a5ff93d9dd415b1503593
audit,credit_card_fraud,single_model,label_noise,audit,accuracy,higher_is_better,0.9992275280898877,0.0|0.05|0.1|0.2|0.4|0.6|0.8|1.0,2939f59b3f15aa9481b5c46cc677bfc6a9cf6756ab3ac9dece4bab3004c1e00d
audit,credit_card_fraud,single_model,label_noise,audit,f1,higher_is_better,0.7441860465116279,0.0|0.05|0.1|0.2|0.4|0.6|0.8|1.0,70af64df0a2c22db9208cea8bfc674d4a39a88724b8f119856f78ffb0128ef5b
audit,credit_card_fraud,single_model,label_noise,audit,unsafe_acceptance_rate,lower_is_better,0.00014069644741470278,0.0|0.05|0.1|0.2|0.4|0.6|0.8|1.0,811ed39d4ff4c05cca1c97a611c600833ecb7fd3321adb028c6c0e013c30edad
audit,credit_card_fraud,single_model,label_noise,audit,technical_failure_rate,lower_is_better,0.0,0.0|0.05|0.1|0.2|0.4|0.6|0.8|1.0,5df52878baa790595c0c8c1ade1d39177dbd607f5323ac077c21db436b175df3
audit,credit_card_fraud,single_model,label_noise,audit,rejection_rate,context_dependent,0.9987359550561796,0.0|0.05|0.1|0.2|0.4|0.6|0.8|1.0,e9535bb34e0617694126e56fc730246e27fe1813f13ffde7de8988ff66a40312
audit,credit_card_fraud,single_model,label_noise,shadow,accuracy,higher_is_better,0.9992275280898877,0.0|0.05|0.1|0.2|0.4|0.6|0.8|1.0,fbe216022e677aad2e07b2ad987f8c4e7952e89d7d431fd6667718f9b2ff2893
audit,credit_card_fraud,single_model,label_noise,shadow,f1,higher_is_better,0.7441860465116279,0.0|0.05|0.1|0.2|0.4|0.6|0.8|1.0,2f37fe1e906859827545b5c2cc3ffc33f2ce43cbd0a361693d48f546f8acc561
audit,credit_card_fraud,single_model,label_noise,shadow,unsafe_acceptance_rate,lower_is_better,0.00014069644741470278,0.0|0.05|0.1|0.2|0.4|0.6|0.8|1.0,0d0ccc01154fd4eb9a0d5b28b22e97b7115bad85b8a3c9a5b969bd2ddd6cb8c3
audit,credit_card_fraud,single_model,label_noise,shadow,technical_failure_rate,lower_is_better,0.0,0.0|0.05|0.1|0.2|0.4|0.6|0.8|1.0,a6beea68c359fc6da9f775c96811095665738dd2f6028f3836e2be32615b08c8
audit,credit_card_fraud,single_model,label_noise,shadow,rejection_rate,context_dependent,0.9987359550561796,0.0|0.05|0.1|0.2|0.4|0.6|0.8|1.0,98e887ba674be019f3b3e9328e1dbb75fac70b33854dd5ee8c26fd1496b1805a
locked,credit_card_fraud,single_model,label_noise,primary,accuracy,higher_is_better,0.999403110845827,0.0|0.05|0.1|0.2|0.4|0.6|0.8|1.0,5b72f07fe68a770cae51810e8dec24e69535a76e0f09ec93a8a72b65db535d93
locked,credit_card_fraud,single_model,label_noise,primary,f1,higher_is_better,0.7999999999999999,0.0|0.05|0.1|0.2|0.4|0.6|0.8|1.0,90a9f03d94efdeb7b1ca79957a4377ec744c7f70f22b7b51a6fd017609f25b90
locked,credit_card_fraud,single_model,label_noise,primary,unsafe_acceptance_rate,lower_is_better,7.034327518289252e-05,0.0|0.05|0.1|0.2|0.4|0.6|0.8|1.0,b06e770ae5b2dcc5f1c07d03d621194cbc78bb4744e715875ad71b61b5330418
locked,credit_card_fraud,single_model,label_noise,primary,technical_failure_rate,lower_is_better,0.0,0.0|0.05|0.1|0.2|0.4|0.6|0.8|1.0,c7591627fcc1263456324cc3e7613a2de286691356eeae4cae8950dd0602e02d
locked,credit_card_fraud,single_model,label_noise,primary,rejection_rate,context_dependent,0.998735999438222,0.0|0.05|0.1|0.2|0.4|0.6|0.8|1.0,2676154e66589fa5dd12229ae20f04ff88e2908e7056fd0535b7446896bf907a
locked,credit_card_fraud,single_model,label_noise,shadow,accuracy,higher_is_better,0.999403110845827,0.0|0.05|0.1|0.2|0.4|0.6|0.8|1.0,04220c8f942af4393c90522a54d97ba59fe615d79db4766423738506936edbbc
locked,credit_card_fraud,single_model,label_noise,shadow,f1,higher_is_better,0.7999999999999999,0.0|0.05|0.1|0.2|0.4|0.6|0.8|1.0,89edaad39992663b06906403463479194deb7c3d2c4b8e4764966bb352ca75bf
locked,credit_card_fraud,single_model,label_noise,shadow,unsafe_acceptance_rate,lower_is_better,7.034327518289252e-05,0.0|0.05|0.1|0.2|0.4|0.6|0.8|1.0,32d0c5533e421ba465f40ee4a21f6f5b38f8b752b73b586fe27ecdd6e6fc99da
locked,credit_card_fraud,single_model,label_noise,shadow,technical_failure_rate,lower_is_better,0.0,0.0|0.05|0.1|0.2|0.4|0.6|0.8|1.0,4b5e689e6b468be5bfdc405e1cedce268b8b7f69ea2bbeaf08a67a186f52a3be
locked,credit_card_fraud,single_model,label_noise,shadow,rejection_rate,context_dependent,0.998735999438222,0.0|0.05|0.1|0.2|0.4|0.6|0.8|1.0,1768a55c7425fd98d9790cdcddb5f542236088dc1c8f119a160aa64afb6adf8a
audit,credit_card_fraud,single_model,missing_features,audit,accuracy,higher_is_better,0.99860077247191,0.0|0.05|0.1|0.2|0.4|0.6|0.8|1.0,e072e40ae5e91b48d879621feb3923f158dadd79e7de40bb94b005a20d9c1b76
audit,credit_card_fraud,single_model,missing_features,audit,f1,higher_is_better,0.3360678455461819,0.0|0.05|0.1|0.2|0.4|0.6|0.8|1.0,5587a63d50b276760d64b45c04f5d574ae87e7401a0250f660b95d7e1ff9d471
audit,credit_card_fraud,single_model,missing_features,audit,unsafe_acceptance_rate,lower_is_better,7.503810528784148e-05,0.0|0.05|0.1|0.2|0.4|0.6|0.8|1.0,d94eac264037a8269aa1af5e31585e779f26acfacc00a8e903e14b362affe8ed
audit,credit_card_fraud,single_model,missing_features,audit,technical_failure_rate,lower_is_better,0.0,0.0|0.05|0.1|0.2|0.4|0.6|0.8|1.0,0491065670f0081e3b5810b28cd52198b9e560443fe597bf571aef8d03eeb673
audit,credit_card_fraud,single_model,missing_features,audit,rejection_rate,context_dependent,0.9994937968164794,0.0|0.05|0.1|0.2|0.4|0.6|0.8|1.0,0e70fca213ccf984c8c691801a8cac2274b5f472a433301e73f48ef4d9e2420a
audit,credit_card_fraud,single_model,missing_features,shadow,accuracy,higher_is_better,0.9985919943820225,0.0|0.05|0.1|0.2|0.4|0.6|0.8|1.0,a0e8e97af0e5dffa461b4597723982fb804be5823bf3e5839ced8ca4140af943
audit,credit_card_fraud,single_model,missing_features,shadow,f1,higher_is_better,0.3377856570777362,0.0|0.05|0.1|0.2|0.4|0.6|0.8|1.0,47090225f8e981515535a84b183a9a57bbd1e75755be83a467f160acf0c53fa4
audit,credit_card_fraud,single_model,missing_features,shadow,unsafe_acceptance_rate,lower_is_better,9.848751319029196e-05,0.0|0.05|0.1|0.2|0.4|0.6|0.8|1.0,64100e2c745bcf8f99a35173e77a79cf8198f219083d0f74dd37fb36402ac451
audit,credit_card_fraud,single_model,missing_features,shadow,technical_failure_rate,lower_is_better,0.0,0.0|0.05|0.1|0.2|0.4|0.6|0.8|1.0,2bcd5faf2968d78f7f239e7b0fc8ab8ca6647b60290ae35a0585101b8f935255
audit,credit_card_fraud,single_model,missing_features,shadow,rejection_rate,context_dependent,0.9994557584269663,0.0|0.05|0.1|0.2|0.4|0.6|0.8|1.0,f91e3f6979a20bf60b94e65ab3a50da480acb27dd6a965c9ff2887876a93a297
locked,credit_card_fraud,single_model,missing_features,primary,accuracy,higher_is_better,0.9986330067998548,0.0|0.05|0.1|0.2|0.4|0.6|0.8|1.0,4ba17f58f092fda3c0d4cea742878cdda6d24ee79b222f7967c9518b543d28ad
locked,credit_card_fraud,single_model,missing_features,primary,f1,higher_is_better,0.33499454156963715,0.0|0.05|0.1|0.2|0.4|0.6|0.8|1.0,bc165186a7a463cc201110640b1c140918dd5b529bb9fc21015ad2088f2ae592
locked,credit_card_fraud,single_model,missing_features,primary,unsafe_acceptance_rate,lower_is_better,7.444663290189459e-05,0.0|0.05|0.1|0.2|0.4|0.6|0.8|1.0,fc2d19ecebca4c108d97158d183bf6c63bfc3115db3129534f5128ae3f467a56
locked,credit_card_fraud,single_model,missing_features,primary,technical_failure_rate,lower_is_better,0.0,0.0|0.05|0.1|0.2|0.4|0.6|0.8|1.0,8f35036d798ac8286a05033965ff3dad62403581806f47c902c7b6f42805ffb4
locked,credit_card_fraud,single_model,missing_features,primary,rejection_rate,context_dependent,0.9994979108879604,0.0|0.05|0.1|0.2|0.4|0.6|0.8|1.0,389b58f02eb2462c4239c0896452b206926807e1ece7392da7a7734538dc063a
locked,credit_card_fraud,single_model,missing_features,shadow,accuracy,higher_is_better,0.9986407605070047,0.0|0.05|0.1|0.2|0.4|0.6|0.8|1.0,9e4aa64b2d80c86fc95fd5c93651d23383966ddb3b12aea8b0ee4dfa3561b048
locked,credit_card_fraud,single_model,missing_features,shadow,f1,higher_is_better,0.34444073148559307,0.0|0.05|0.1|0.2|0.4|0.6|0.8|1.0,acbbfe4074de3475a7af3c9ef9373ee94fdafca9152adc4d67cb32206afe4467
locked,credit_card_fraud,single_model,missing_features,shadow,unsafe_acceptance_rate,lower_is_better,8.221370287000564e-05,0.0|0.05|0.1|0.2|0.4|0.6|0.8|1.0,60726d0caa9ae25b50be444cf141eae83ff0331339570682b6a5b537aaf71914
locked,credit_card_fraud,single_model,missing_features,shadow,technical_failure_rate,lower_is_better,0.0,0.0|0.05|0.1|0.2|0.4|0.6|0.8|1.0,68295f94939a9777b4df7ae2987af402358a9690d418169aab19b8b7bfc6cf31
locked,credit_card_fraud,single_model,missing_features,shadow,rejection_rate,context_dependent,0.999474649766511,0.0|0.05|0.1|0.2|0.4|0.6|0.8|1.0,6007f119a2fa5d2b6c5dbe420ab38aba2f3e57da5fe6e9881a0a0bfd006a9028
audit,credit_card_fraud,single_model,random_feature_deletion,audit,accuracy,higher_is_better,0.9984790496254682,0.0|0.05|0.1|0.2|0.4|0.6|0.8|1.0,41c6232aedc2a05d6dd0e4eb49456ebc6a41bb328fa9aff39df92bb924872272
audit,credit_card_fraud,single_model,random_feature_deletion,audit,f1,higher_is_better,0.18175265130029736,0.0|0.05|0.1|0.2|0.4|0.6|0.8|1.0,482b90250ccd46aad851e5cfa2bf873ba5349d7b882100ef1978cdcaf10f5cb1
audit,credit_card_fraud,single_model,random_feature_deletion,audit,unsafe_acceptance_rate,lower_is_better,3.751905264392074e-05,0.0|0.05|0.1|0.2|0.4|0.6|0.8|1.0,49a4633e822f9616377fe6623b9f8060070c15a1ab6a5a1995ccb238d99ecf61
audit,credit_card_fraud,single_model,random_feature_deletion,audit,technical_failure_rate,lower_is_better,0.0,0.0|0.05|0.1|0.2|0.4|0.6|0.8|1.0,a4a2b785a231ba4ef5ca1866c4f7bf36532d5e0b65ad3ba089f913ad8fa4c4bd
audit,credit_card_fraud,single_model,random_feature_deletion,audit,rejection_rate,context_dependent,0.9996904260299625,0.0|0.05|0.1|0.2|0.4|0.6|0.8|1.0,76fb338dab2ffaafd31ea0ac2f07962b23aa5f44c761b55d99bd2da69121096c
audit,credit_card_fraud,single_model,random_feature_deletion,shadow,accuracy,higher_is_better,0.9987052317415731,0.0|0.05|0.1|0.2|0.4|0.6|0.8|1.0,ba92762fb9f229f202992dda670bc54f154e9ed2a3dc6bc74001e6a5b382eab9
audit,credit_card_fraud,single_model,random_feature_deletion,shadow,f1,higher_is_better,0.39994083314775564,0.0|0.05|0.1|0.2|0.4|0.6|0.8|1.0,695048512e59a7ac29ebf5825020914bf2980ee2901bbab80c5f385567a2961d
audit,credit_card_fraud,single_model,random_feature_deletion,shadow,unsafe_acceptance_rate,lower_is_better,0.00013805838902567708,0.0|0.05|0.1|0.2|0.4|0.6|0.8|1.0,fee0a2a2d32a61337ee8b28cb5ae2323363b60047fb89f03f02cdbf1c25155c9
audit,credit_card_fraud,single_model,random_feature_deletion,shadow,technical_failure_rate,lower_is_better,0.0,0.0|0.05|0.1|0.2|0.4|0.6|0.8|1.0,53c0576e335d5d15f34bef48ec9abf59de1f52d5be951ca7c2826937a7044c37
audit,credit_card_fraud,single_model,random_feature_deletion,shadow,rejection_rate,context_dependent,0.999263518258427,0.0|0.05|0.1|0.2|0.4|0.6|0.8|1.0,9ad90e39f8c6161854c0db13b511a53117ce31cd554c2b911051a1f2a350887a
locked,credit_card_fraud,single_model,random_feature_deletion,primary,accuracy,higher_is_better,0.9985147993399108,0.0|0.05|0.1|0.2|0.4|0.6|0.8|1.0,ce8133bfa51ecf70822e482672e9c108ccc1742fadb58cd5e7892a6be4b2f45b
locked,credit_card_fraud,single_model,random_feature_deletion,primary,f1,higher_is_better,0.18740300380568042,0.0|0.05|0.1|0.2|0.4|0.6|0.8|1.0,a38665ebd077537c0d9dccf0c80550f1e19a180e4588381d1660889d1eb22db3
locked,credit_card_fraud,single_model,random_feature_deletion,primary,unsafe_acceptance_rate,lower_is_better,5.5688426186456575e-05,0.0|0.05|0.1|0.2|0.4|0.6|0.8|1.0,2cdde50709219eaccc960380c1082b1c3ff50647b82bfdea52452a87aba1b84e
locked,credit_card_fraud,single_model,random_feature_deletion,primary,technical_failure_rate,lower_is_better,0.0,0.0|0.05|0.1|0.2|0.4|0.6|0.8|1.0,cba683ed71f2aa12bef7fd0cd4b21db52ecd3ac43e06803fe4c39051acf731f9
locked,credit_card_fraud,single_model,random_feature_deletion,primary,rejection_rate,context_dependent,0.9996535702164017,0.0|0.05|0.1|0.2|0.4|0.6|0.8|1.0,0652041596a039f40a2bb34d93e9945b91e2d879f23a22b08043561d6ac41fdc
locked,credit_card_fraud,single_model,random_feature_deletion,shadow,accuracy,higher_is_better,0.998681577191812,0.0|0.05|0.1|0.2|0.4|0.6|0.8|1.0,7d0f4d28da06579d4bc888e1fc935858ad27512f667c5f54c1397e3029328a33
locked,credit_card_fraud,single_model,random_feature_deletion,shadow,f1,higher_is_better,0.343968690771547,0.0|0.05|0.1|0.2|0.4|0.6|0.8|1.0,0f06733e088bdfaef56c9cdc1b816e5f217c8fe9c52d3505a38f585121fc043a
locked,credit_card_fraud,single_model,random_feature_deletion,shadow,unsafe_acceptance_rate,lower_is_better,0.00011254924029262801,0.0|0.05|0.1|0.2|0.4|0.6|0.8|1.0,0937d2a5c01501ae54f3fb33b38df246491c013dacbcab6187f23f390e06b365
locked,credit_card_fraud,single_model,random_feature_deletion,shadow,technical_failure_rate,lower_is_better,0.0,0.0|0.05|0.1|0.2|0.4|0.6|0.8|1.0,e819dcf96eaf5c639175ac7e67988766295b2f44968d3fe15bcf320336e57d2f
locked,credit_card_fraud,single_model,random_feature_deletion,shadow,rejection_rate,context_dependent,0.9993732663881184,0.0|0.05|0.1|0.2|0.4|0.6|0.8|1.0,149b4e17f556e6c6582618b25ba8b07975fd95f25d06a1f46aefa2374eab97ea
audit,credit_card_fraud,single_model,specialist_failure,audit,accuracy,higher_is_better,0.3009971910112359,0.0|0.05|0.1|0.2|0.4|0.6|0.8|1.0,a939be9fac1111377334a291bba32bf582ae3ddb866c62473c161855af068463
audit,credit_card_fraud,single_model,specialist_failure,audit,f1,higher_is_better,0.22570937161209334,0.0|0.05|0.1|0.2|0.4|0.6|0.8|1.0,00e026d70d0ad31cc6a63a517d71e789b43d4866978047c442f4acee328b9f01
audit,credit_card_fraud,single_model,specialist_failure,audit,unsafe_acceptance_rate,lower_is_better,0.7000422089342244,0.0|0.05|0.1|0.2|0.4|0.6|0.8|1.0,fd015646319f84a81294c06e8002135b3423769525e58cd632d415689450dfe3
audit,credit_card_fraud,single_model,specialist_failure,audit,technical_failure_rate,lower_is_better,0.0,0.0|0.05|0.1|0.2|0.4|0.6|0.8|1.0,99ba0f369a057c49490c64c9d3e6402b49adf073b07fc4792251e3369991658a
audit,credit_card_fraud,single_model,specialist_failure,audit,rejection_rate,context_dependent,0.2996207865168539,0.0|0.05|0.1|0.2|0.4|0.6|0.8|1.0,aab928b48d3a36ff99ffb38713837223839ac9c12488452f66f46d9ad7d19089
audit,credit_card_fraud,single_model,specialist_failure,shadow,accuracy,higher_is_better,0.3009971910112359,0.0|0.05|0.1|0.2|0.4|0.6|0.8|1.0,0c6318a1b45ba0c9244c809693a576ca5e456780efe6360edaf25584b1a968c8
audit,credit_card_fraud,single_model,specialist_failure,shadow,f1,higher_is_better,0.22570937161209334,0.0|0.05|0.1|0.2|0.4|0.6|0.8|1.0,dade3d6a78b21a1edc037b40695846c73a719ab63f4ba556370f8abf7de986ff
audit,credit_card_fraud,single_model,specialist_failure,shadow,unsafe_acceptance_rate,lower_is_better,0.7000422089342244,0.0|0.05|0.1|0.2|0.4|0.6|0.8|1.0,b75989aeec589b93f2b7d55aedce7e0fad594ae1aaea3f92eff1e5d96767e826
audit,credit_card_fraud,single_model,specialist_failure,shadow,technical_failure_rate,lower_is_better,0.0,0.0|0.05|0.1|0.2|0.4|0.6|0.8|1.0,975e866330faa96a7c5ecb421636076825b9ce36df739132917d6af41ba360f6
audit,credit_card_fraud,single_model,specialist_failure,shadow,rejection_rate,context_dependent,0.2996207865168539,0.0|0.05|0.1|0.2|0.4|0.6|0.8|1.0,be8624ae8546f703579f136b4592edf393ff399faf7338c9d2bc6d10afcad35e
locked,credit_card_fraud,single_model,specialist_failure,primary,accuracy,higher_is_better,0.3010252449001089,0.0|0.05|0.1|0.2|0.4|0.6|0.8|1.0,c08e074fe213ffa437ebf74672ff2504f396d1857b9751042271e7f3c5c37607
locked,credit_card_fraud,single_model,specialist_failure,primary,f1,higher_is_better,0.2424044865054329,0.0|0.05|0.1|0.2|0.4|0.6|0.8|1.0,c0aae78512ed780f5965bd26187b2fda36c30b868d58ca9c089fe015da711435
locked,credit_card_fraud,single_model,specialist_failure,primary,unsafe_acceptance_rate,lower_is_better,0.7000211029825548,0.0|0.05|0.1|0.2|0.4|0.6|0.8|1.0,4d6d60218a08a6ae3c7c0d8c2c062e0b088b5747c4c39d3c17e71036805c606e
locked,credit_card_fraud,single_model,specialist_failure,primary,technical_failure_rate,lower_is_better,0.0,0.0|0.05|0.1|0.2|0.4|0.6|0.8|1.0,9ff1d0c216a12f0ea21c5fd7a138a344aeb7bd4b251348646c8cc7fec6e24d98
locked,credit_card_fraud,single_model,specialist_failure,primary,rejection_rate,context_dependent,0.2996207998314666,0.0|0.05|0.1|0.2|0.4|0.6|0.8|1.0,940e2fbd533a54739e21e919b5e36414b5f26c2dc095b9660f31325b3e59bf46
locked,credit_card_fraud,single_model,specialist_failure,shadow,accuracy,higher_is_better,0.3010252449001089,0.0|0.05|0.1|0.2|0.4|0.6|0.8|1.0,3fb1490089cd25fed71b57baf4b54157b18cdc3d17f9acb0c452a74388e76582
locked,credit_card_fraud,single_model,specialist_failure,shadow,f1,higher_is_better,0.2424044865054329,0.0|0.05|0.1|0.2|0.4|0.6|0.8|1.0,cf229f0bada1909954a25e2075c49a78e91f12b83467eefbd3dd0935eea7dc06
locked,credit_card_fraud,single_model,specialist_failure,shadow,unsafe_acceptance_rate,lower_is_better,0.7000211029825548,0.0|0.05|0.1|0.2|0.4|0.6|0.8|1.0,523c3b654e104129c94c1a3c9d0e65ffee0d253c262b0c756b29b778646ce59e
locked,credit_card_fraud,single_model,specialist_failure,shadow,technical_failure_rate,lower_is_better,0.0,0.0|0.05|0.1|0.2|0.4|0.6|0.8|1.0,49b39f05b136268efc036e958dcbad124f42a09f463b2523bf72e89138995ec8
locked,credit_card_fraud,single_model,specialist_failure,shadow,rejection_rate,context_dependent,0.2996207998314666,0.0|0.05|0.1|0.2|0.4|0.6|0.8|1.0,2f698dc969463a6fdca40a0177302eaab189f684f2b20be44546538188969be0
audit,credit_card_fraud,single_model,synthetic_sensor_failure,audit,accuracy,higher_is_better,0.9985007022471911,0.0|0.05|0.1|0.2|0.4|0.6|0.8|1.0,325b443046821752776f2c1ac7c42b81b675405032138ff800fd24cb5a0425b5
audit,credit_card_fraud,single_model,synthetic_sensor_failure,audit,f1,higher_is_better,0.2141602067183463,0.0|0.05|0.1|0.2|0.4|0.6|0.8|1.0,c442af23529b66a5d21a818d8ab301ed2803637914d2c5123f5107881f84a7c8
audit,credit_card_fraud,single_model,synthetic_sensor_failure,audit,unsafe_acceptance_rate,lower_is_better,8.090045726345411e-05,0.0|0.05|0.1|0.2|0.4|0.6|0.8|1.0,939aa951fb4277f8f919b14d7385245807c2f33c8d36255e9e0cd595fc8a3c8c
audit,credit_card_fraud,single_model,synthetic_sensor_failure,audit,technical_failure_rate,lower_is_better,0.0,0.0|0.05|0.1|0.2|0.4|0.6|0.8|1.0,8f3a53bac579a8524463c59555cf800062a4d951c976849e98489be7dce63df1
audit,credit_card_fraud,single_model,synthetic_sensor_failure,audit,rejection_rate,context_dependent,0.9995821629213483,0.0|0.05|0.1|0.2|0.4|0.6|0.8|1.0,e2aa99a27ebf8600ffb9bcca7af54cb18f0ca708548104b080af45d5c500c7d5
audit,credit_card_fraud,single_model,synthetic_sensor_failure,shadow,accuracy,higher_is_better,0.9985007022471911,0.0|0.05|0.1|0.2|0.4|0.6|0.8|1.0,521ea3142394725333134d376ef5153adf3102aa5447288d964b9cc58b24ff4c
audit,credit_card_fraud,single_model,synthetic_sensor_failure,shadow,f1,higher_is_better,0.2141602067183463,0.0|0.05|0.1|0.2|0.4|0.6|0.8|1.0,f24d97ee85d3f4bbba3d55a41c21f749fe982d97dd577f7a529c6d5ee01b3349
audit,credit_card_fraud,single_model,synthetic_sensor_failure,shadow,unsafe_acceptance_rate,lower_is_better,8.090045726345411e-05,0.0|0.05|0.1|0.2|0.4|0.6|0.8|1.0,706a13462b47585049005dfa2dbda99920556db82f9cdad206bd88490e1cbb6b
audit,credit_card_fraud,single_model,synthetic_sensor_failure,shadow,technical_failure_rate,lower_is_better,0.0,0.0|0.05|0.1|0.2|0.4|0.6|0.8|1.0,7c5ad59e1406ad2c604cc1bbc3634b73a45bf8983be5e95246baec7db42ffe07
audit,credit_card_fraud,single_model,synthetic_sensor_failure,shadow,rejection_rate,context_dependent,0.9995821629213483,0.0|0.05|0.1|0.2|0.4|0.6|0.8|1.0,57e6daff11eb9afe27ea6adf3cf966c110cf56311a5b14738f6f48324d28d595
locked,credit_card_fraud,single_model,synthetic_sensor_failure,primary,accuracy,higher_is_better,0.998549032688459,0.0|0.05|0.1|0.2|0.4|0.6|0.8|1.0,d0c984f18ec5cbfa804d239306e7c593afbb87c8cec251e1ba9d0530f7de2b14
locked,credit_card_fraud,single_model,synthetic_sensor_failure,primary,f1,higher_is_better,0.22,0.0|0.05|0.1|0.2|0.4|0.6|0.8|1.0,ea4ed9b742014734b247c3f8311d29593a53769f09122347e82cb16d4866789b
locked,credit_card_fraud,single_model,synthetic_sensor_failure,primary,unsafe_acceptance_rate,lower_is_better,6.946398424310636e-05,0.0|0.05|0.1|0.2|0.4|0.6|0.8|1.0,62e6c0f37c75f567e4b7e9f500add6ec9ad5e2ffcf8f33996f1f0dc00a5d9d65
locked,credit_card_fraud,single_model,synthetic_sensor_failure,primary,technical_failure_rate,lower_is_better,0.0,0.0|0.05|0.1|0.2|0.4|0.6|0.8|1.0,b320a2abfd7442f026e6bd8dfd4999c6debb4cdb3e5049362d52dfc50afed444
locked,credit_card_fraud,single_model,synthetic_sensor_failure,primary,rejection_rate,context_dependent,0.9995918331519259,0.0|0.05|0.1|0.2|0.4|0.6|0.8|1.0,b8fecc6ef51f7729b8cc6ea8f7097caef9db95c6d043b6b958303282ef14195a
locked,credit_card_fraud,single_model,synthetic_sensor_failure,shadow,accuracy,higher_is_better,0.998549032688459,0.0|0.05|0.1|0.2|0.4|0.6|0.8|1.0,50340e3520b5802a9ede5d61a9c26a7f02fef6c0ee9a223181b780fad57da9a3
locked,credit_card_fraud,single_model,synthetic_sensor_failure,shadow,f1,higher_is_better,0.22,0.0|0.05|0.1|0.2|0.4|0.6|0.8|1.0,29f3fe7072554a14c5670494aa689bb89e568ad97033504de88d6940ed7ee100
locked,credit_card_fraud,single_model,synthetic_sensor_failure,shadow,unsafe_acceptance_rate,lower_is_better,6.946398424310636e-05,0.0|0.05|0.1|0.2|0.4|0.6|0.8|1.0,6ea9a3a0aa8c38390205bfea9fd48ac84e38c111b2b4928b3db23f7f8735c390
locked,credit_card_fraud,single_model,synthetic_sensor_failure,shadow,technical_failure_rate,lower_is_better,0.0,0.0|0.05|0.1|0.2|0.4|0.6|0.8|1.0,01f731a4a9657446daacc5a150bde55af0c0a5ccdcbc2e500b3ef05657fd6324
locked,credit_card_fraud,single_model,synthetic_sensor_failure,shadow,rejection_rate,context_dependent,0.9995918331519259,0.0|0.05|0.1|0.2|0.4|0.6|0.8|1.0,0c175e2d6768c753187506104d6aaf07523475219dd9e5594830d92d939970da
audit,credit_card_fraud,static_weighted_ensemble,adversarial_confidence_inflation,audit,accuracy,higher_is_better,0.9992275280898877,0.0|0.05|0.1|0.2|0.4|0.6|0.8|1.0,1d0c5f40dac6e866123690a3039233534929be9e26dbf86ea90126f54ca2b1d0
audit,credit_card_fraud,static_weighted_ensemble,adversarial_confidence_inflation,audit,f1,higher_is_better,0.7441860465116279,0.0|0.05|0.1|0.2|0.4|0.6|0.8|1.0,aa7e2469d0072a23c6421386e1d492978155e47ce9c68c3da43ff0731bdb39db
audit,credit_card_fraud,static_weighted_ensemble,adversarial_confidence_inflation,audit,unsafe_acceptance_rate,lower_is_better,0.00014069644741470278,0.0|0.05|0.1|0.2|0.4|0.6|0.8|1.0,a9743d189105bf7b614a83bdf2ab8a11a4475bd4e855a7ee2f7e5c674536ca68
audit,credit_card_fraud,static_weighted_ensemble,adversarial_confidence_inflation,audit,technical_failure_rate,lower_is_better,0.0,0.0|0.05|0.1|0.2|0.4|0.6|0.8|1.0,b5119038e3e4d58a6d76e19906ca7f83eb6fc5cb9c5e440ff157f09978a1ce24
audit,credit_card_fraud,static_weighted_ensemble,adversarial_confidence_inflation,audit,rejection_rate,context_dependent,0.9987359550561796,0.0|0.05|0.1|0.2|0.4|0.6|0.8|1.0,3401f1f533ccc51b7640678968495d9073c261b7d8f9cd88a3c339614240d951
audit,credit_card_fraud,static_weighted_ensemble,adversarial_confidence_inflation,shadow,accuracy,higher_is_better,0.9992275280898877,0.0|0.05|0.1|0.2|0.4|0.6|0.8|1.0,fe0d2d6a976d6369b76cb72ea65c1fcfbac4b68d943d8d8c8dfb3c4ec2d0da16
audit,credit_card_fraud,static_weighted_ensemble,adversarial_confidence_inflation,shadow,f1,higher_is_better,0.7441860465116279,0.0|0.05|0.1|0.2|0.4|0.6|0.8|1.0,9804e05976f986b7d551ba719b8f3ea3b48a700cc6019a90f1dbf92e356c09cd
audit,credit_card_fraud,static_weighted_ensemble,adversarial_confidence_inflation,shadow,unsafe_acceptance_rate,lower_is_better,0.00014069644741470278,0.0|0.05|0.1|0.2|0.4|0.6|0.8|1.0,37b2eff9bede2d36d23821c36e5e53ca0d9449ec7aadd4359db8fbabe35c2d27
audit,credit_card_fraud,static_weighted_ensemble,adversarial_confidence_inflation,shadow,technical_failure_rate,lower_is_better,0.0,0.0|0.05|0.1|0.2|0.4|0.6|0.8|1.0,d9248f5779abb04e9115be2ac45c0a6c89431f56096b3d5447af2ebe6f75d6ab
audit,credit_card_fraud,static_weighted_ensemble,adversarial_confidence_inflation,shadow,rejection_rate,context_dependent,0.9987359550561796,0.0|0.05|0.1|0.2|0.4|0.6|0.8|1.0,51f160a56897ccd2e3c4b0b910e55e41e718b9931fc6c2df41e86fbafdfe1792
locked,credit_card_fraud,static_weighted_ensemble,adversarial_confidence_inflation,primary,accuracy,higher_is_better,0.999403110845827,0.0|0.05|0.1|0.2|0.4|0.6|0.8|1.0,ae193ebce6a405f4245fdf2895d67a47a16511adbb4d187c5b8ea0c376a2d676
locked,credit_card_fraud,static_weighted_ensemble,adversarial_confidence_inflation,primary,f1,higher_is_better,0.7999999999999999,0.0|0.05|0.1|0.2|0.4|0.6|0.8|1.0,bc6ac3141445cea6d5c98245b0f4f81d3f8bfdd1f279365be06c713d81bb4afb
locked,credit_card_fraud,static_weighted_ensemble,adversarial_confidence_inflation,primary,unsafe_acceptance_rate,lower_is_better,7.034327518289252e-05,0.0|0.05|0.1|0.2|0.4|0.6|0.8|1.0,81eb73a0dd5c69a516e3bdb3146d8af14e7b68ff7ab76e0d3378406cb7879368
locked,credit_card_fraud,static_weighted_ensemble,adversarial_confidence_inflation,primary,technical_failure_rate,lower_is_better,0.0,0.0|0.05|0.1|0.2|0.4|0.6|0.8|1.0,ec0edc816ac8c4cdfac3af8fdd61b21364eb057692abcd68bc58cbb2217f0f69
locked,credit_card_fraud,static_weighted_ensemble,adversarial_confidence_inflation,primary,rejection_rate,context_dependent,0.998735999438222,0.0|0.05|0.1|0.2|0.4|0.6|0.8|1.0,4fd37c3ec2cf7a46ebd6d3e7b25ed5f24b1b9ede37c2bc790c01160ee6ba466b
locked,credit_card_fraud,static_weighted_ensemble,adversarial_confidence_inflation,shadow,accuracy,higher_is_better,0.999403110845827,0.0|0.05|0.1|0.2|0.4|0.6|0.8|1.0,9dfe8ebb10be25bd60386650a37674d1bd5628ed83e2e945db2eb67f72d30dc6
locked,credit_card_fraud,static_weighted_ensemble,adversarial_confidence_inflation,shadow,f1,higher_is_better,0.7999999999999999,0.0|0.05|0.1|0.2|0.4|0.6|0.8|1.0,826086fb803a680642e26d8789ca4d2437d9bbfddb46bfba90f8548eabee7c97
locked,credit_card_fraud,static_weighted_ensemble,adversarial_confidence_inflation,shadow,unsafe_acceptance_rate,lower_is_better,7.034327518289252e-05,0.0|0.05|0.1|0.2|0.4|0.6|0.8|1.0,3e5bd354d7528459550216ee8ceaf060249858e1744401c5c64836a776de7546
locked,credit_card_fraud,static_weighted_ensemble,adversarial_confidence_inflation,shadow,technical_failure_rate,lower_is_better,0.0,0.0|0.05|0.1|0.2|0.4|0.6|0.8|1.0,85f4ed4afa5567ef6a88584f19e5fddb7ba41dbe0602dff07f92e33f59414e73
locked,credit_card_fraud,static_weighted_ensemble,adversarial_confidence_inflation,shadow,rejection_rate,context_dependent,0.998735999438222,0.0|0.05|0.1|0.2|0.4|0.6|0.8|1.0,20d28e045544055eaef1892abcec2eb8e764d93d8a1b9a061036a50b1ff2efba
audit,credit_card_fraud,static_weighted_ensemble,confidence_distortion,audit,accuracy,higher_is_better,0.9992275280898877,0.0|0.05|0.1|0.2|0.4|0.6|0.8|1.0,3c8f84dd0da038f7d62b1d013406a259f9108bf365ccc8b3a40a9fe8d6977d33
audit,credit_card_fraud,static_weighted_ensemble,confidence_distortion,audit,f1,higher_is_better,0.7441860465116279,0.0|0.05|0.1|0.2|0.4|0.6|0.8|1.0,889d98a37ce08556b42b64edd024d8a9ace2c5f4b295a7434233c2d47e4485da
audit,credit_card_fraud,static_weighted_ensemble,confidence_distortion,audit,unsafe_acceptance_rate,lower_is_better,0.00014069644741470278,0.0|0.05|0.1|0.2|0.4|0.6|0.8|1.0,3eda2aeb04c3153a80d56c47972a7a612cefee6bc3172650d6cadf16a807428d
audit,credit_card_fraud,static_weighted_ensemble,confidence_distortion,audit,technical_failure_rate,lower_is_better,0.0,0.0|0.05|0.1|0.2|0.4|0.6|0.8|1.0,dbc907512752f76dcd172b016983e91b364ec810c8adf95ecafe7fab7eda99fa
audit,credit_card_fraud,static_weighted_ensemble,confidence_distortion,audit,rejection_rate,context_dependent,0.9987359550561796,0.0|0.05|0.1|0.2|0.4|0.6|0.8|1.0,f8f49b45d828605fda080c034c99677dd612906a4897bfaa096c002dde2ad223
audit,credit_card_fraud,static_weighted_ensemble,confidence_distortion,shadow,accuracy,higher_is_better,0.9992275280898877,0.0|0.05|0.1|0.2|0.4|0.6|0.8|1.0,c9407cde2c779b9c87e3783856c40d728815401b9e35245441ffd8d14e3457cc
audit,credit_card_fraud,static_weighted_ensemble,confidence_distortion,shadow,f1,higher_is_better,0.7441860465116279,0.0|0.05|0.1|0.2|0.4|0.6|0.8|1.0,99b42ab36497501aed5b3bf9447e12c5139b7ec3cc4806ae4a9513cec03dae5d
audit,credit_card_fraud,static_weighted_ensemble,confidence_distortion,shadow,unsafe_acceptance_rate,lower_is_better,0.00014069644741470278,0.0|0.05|0.1|0.2|0.4|0.6|0.8|1.0,54c438c44e71c2f4479b8fe996322258564166b3119016a426b3e2d9692b5fbf
audit,credit_card_fraud,static_weighted_ensemble,confidence_distortion,shadow,technical_failure_rate,lower_is_better,0.0,0.0|0.05|0.1|0.2|0.4|0.6|0.8|1.0,8122b2b4a777c19916be05e8ae45b832f6bef298abdcc42c72df3af283d41b61
audit,credit_card_fraud,static_weighted_ensemble,confidence_distortion,shadow,rejection_rate,context_dependent,0.9987359550561796,0.0|0.05|0.1|0.2|0.4|0.6|0.8|1.0,dd6ff84bb4026254f00639dc6b41fde346afe5b0bc16ff1a7d4f12c4df1142ee
locked,credit_card_fraud,static_weighted_ensemble,confidence_distortion,primary,accuracy,higher_is_better,0.999403110845827,0.0|0.05|0.1|0.2|0.4|0.6|0.8|1.0,2c5d82ed7487bdeb9a4ab2d8ae538c496d0598dae54d7d9051748c49627cfca2
locked,credit_card_fraud,static_weighted_ensemble,confidence_distortion,primary,f1,higher_is_better,0.7999999999999999,0.0|0.05|0.1|0.2|0.4|0.6|0.8|1.0,6a683abc3d9a17663707846cd64928d24c1dc9ff3fc3f38c3d70d2233feb38c4
locked,credit_card_fraud,static_weighted_ensemble,confidence_distortion,primary,unsafe_acceptance_rate,lower_is_better,7.034327518289252e-05,0.0|0.05|0.1|0.2|0.4|0.6|0.8|1.0,5c0fdebbdff2346b44dfc1063e9392d4bee44529d6d770af6dcc514acff45664
locked,credit_card_fraud,static_weighted_ensemble,confidence_distortion,primary,technical_failure_rate,lower_is_better,0.0,0.0|0.05|0.1|0.2|0.4|0.6|0.8|1.0,aa0592ac1e27fac8d5e89a8326468dc10dd45f0dd2bf3ca45dc33f7e118fb613
locked,credit_card_fraud,static_weighted_ensemble,confidence_distortion,primary,rejection_rate,context_dependent,0.998735999438222,0.0|0.05|0.1|0.2|0.4|0.6|0.8|1.0,767d0c820c69c44b84618e06754ebe764d7627290f3e219f3bd19a78a0e17cd5
locked,credit_card_fraud,static_weighted_ensemble,confidence_distortion,shadow,accuracy,higher_is_better,0.999403110845827,0.0|0.05|0.1|0.2|0.4|0.6|0.8|1.0,9bd5fcece85287636bd2aa7025e3a150b2c7ed450cb2af29a89237ece6bfdf59
locked,credit_card_fraud,static_weighted_ensemble,confidence_distortion,shadow,f1,higher_is_better,0.7999999999999999,0.0|0.05|0.1|0.2|0.4|0.6|0.8|1.0,a61d1a7fe51ce4aac369798d317b47fa6e55f92808be190fc4d3e554b8fca2cd
locked,credit_card_fraud,static_weighted_ensemble,confidence_distortion,shadow,unsafe_acceptance_rate,lower_is_better,7.034327518289252e-05,0.0|0.05|0.1|0.2|0.4|0.6|0.8|1.0,d6a0a9ead659b574ef77166043870d6d7f03745ef865291cc5b1fdcca71e646a
locked,credit_card_fraud,static_weighted_ensemble,confidence_distortion,shadow,technical_failure_rate,lower_is_better,0.0,0.0|0.05|0.1|0.2|0.4|0.6|0.8|1.0,b05c2321b6a821a2a2b4a53f349c6dfa39518dcebc50dd72956173de9b068c20
locked,credit_card_fraud,static_weighted_ensemble,confidence_distortion,shadow,rejection_rate,context_dependent,0.998735999438222,0.0|0.05|0.1|0.2|0.4|0.6|0.8|1.0,72d43893424181b73aa4d24fb4868f87467424b97e6423479627ff1ef8ce9400
audit,credit_card_fraud,static_weighted_ensemble,distribution_shift,audit,accuracy,higher_is_better,0.9987611386974047,0.0|0.05|0.1|0.2|0.4|0.6|0.8|1.0,46814f5596f75ca3a2d140335557af35e5b804c0457226cf8e7961655bb9f3e8
audit,credit_card_fraud,static_weighted_ensemble,distribution_shift,audit,f1,higher_is_better,0.7459579180509412,0.0|0.05|0.1|0.2|0.4|0.6|0.8|1.0,95aa93e31c044138e019b4eb4e947aa3887e286b1c557843850cd2d9b4458e0f
audit,credit_card_fraud,static_weighted_ensemble,distribution_shift,audit,unsafe_acceptance_rate,lower_is_better,0.0002296171765053172,0.0|0.05|0.1|0.2|0.4|0.6|0.8|1.0,86012d4fc00c78d9b2ed055bd6339cee9bcd28d4b19e4c3fa6df4aa7ce10248c
audit,credit_card_fraud,static_weighted_ensemble,distribution_shift,audit,technical_failure_rate,lower_is_better,0.0,0.0|0.05|0.1|0.2|0.4|0.6|0.8|1.0,e2c573ab38aefd6790eba1707e5a3c0cd914f825dab23efd48e1901bb1ac5cb0
audit,credit_card_fraud,static_weighted_ensemble,distribution_shift,audit,rejection_rate,context_dependent,0.9979399400777318,0.0|0.05|0.1|0.2|0.4|0.6|0.8|1.0,774ff144c0a463cfb9eba22b1acc01c96d01473f29af2bb3ecfa05a35af5b1cb
audit,credit_card_fraud,static_weighted_ensemble,distribution_shift,shadow,accuracy,higher_is_better,0.9987611386974047,0.0|0.05|0.1|0.2|0.4|0.6|0.8|1.0,0a23dd8d53faf615c86c0306b8e6ed21e2dcb6c233c589b31af90f29f0dc720b
audit,credit_card_fraud,static_weighted_ensemble,distribution_shift,shadow,f1,higher_is_better,0.7459579180509412,0.0|0.05|0.1|0.2|0.4|0.6|0.8|1.0,05fea02999e59c4c3ab5655319a8a8eec8a103c7e5b92d550c4cb336c4231ace
audit,credit_card_fraud,static_weighted_ensemble,distribution_shift,shadow,unsafe_acceptance_rate,lower_is_better,0.0002296171765053172,0.0|0.05|0.1|0.2|0.4|0.6|0.8|1.0,3a536a3bd6af11fe39b78de0ecf48c6f5ae4163018bd659b93ad281c2054d4b8
audit,credit_card_fraud,static_weighted_ensemble,distribution_shift,shadow,technical_failure_rate,lower_is_better,0.0,0.0|0.05|0.1|0.2|0.4|0.6|0.8|1.0,205283fa4e89be167084c75e7545055c108d0e2caabead55f4d04e7f60999e46
audit,credit_card_fraud,static_weighted_ensemble,distribution_shift,shadow,rejection_rate,context_dependent,0.9979399400777318,0.0|0.05|0.1|0.2|0.4|0.6|0.8|1.0,ababbea51c54bf17a893a624a75b9e171ee2bd598506897f41aae1e8d2253d34
locked,credit_card_fraud,static_weighted_ensemble,distribution_shift,primary,accuracy,higher_is_better,0.9992145865616058,0.0|0.05|0.1|0.2|0.4|0.6|0.8|1.0,26522d0402d1d757741ef3e0fc8040905c52c87c40679ff7af5a1b14c30dbd03
locked,credit_card_fraud,static_weighted_ensemble,distribution_shift,primary,f1,higher_is_better,0.8249379076208345,0.0|0.05|0.1|0.2|0.4|0.6|0.8|1.0,d426b23619d24d893e6ca6fcb4085aa7000b7752a906c24e0ee5a1e7808fb6ef
locked,credit_card_fraud,static_weighted_ensemble,distribution_shift,primary,unsafe_acceptance_rate,lower_is_better,0.00011477500857098845,0.0|0.05|0.1|0.2|0.4|0.6|0.8|1.0,42fa4cc13750a0cd280a4b05146fa914aedda618a414d3ae96179b10d10bb6fa
locked,credit_card_fraud,static_weighted_ensemble,distribution_shift,primary,technical_failure_rate,lower_is_better,0.0,0.0|0.05|0.1|0.2|0.4|0.6|0.8|1.0,3e12fb41f94f026098c2e1c2f4b003d7ff24e61456d0243dcba38fc18899f760
locked,credit_card_fraud,static_weighted_ensemble,distribution_shift,primary,rejection_rate,context_dependent,0.9979399476890872,0.0|0.05|0.1|0.2|0.4|0.6|0.8|1.0,f5214d40405c71633672e1d2269cba82b0cd50e34a60b992b775cf113b3c8b3e
locked,credit_card_fraud,static_weighted_ensemble,distribution_shift,shadow,accuracy,higher_is_better,0.9992145865616058,0.0|0.05|0.1|0.2|0.4|0.6|0.8|1.0,495130dbef36975de57c33684fb66ecf223c0863bd2cd549123ed28cf0295040
locked,credit_card_fraud,static_weighted_ensemble,distribution_shift,shadow,f1,higher_is_better,0.8249379076208345,0.0|0.05|0.1|0.2|0.4|0.6|0.8|1.0,d4eae73b8bb22654241f7dff349c88209ff31eb04bf443d0184721a183f29ed4
locked,credit_card_fraud,static_weighted_ensemble,distribution_shift,shadow,unsafe_acceptance_rate,lower_is_better,0.00011477500857098845,0.0|0.05|0.1|0.2|0.4|0.6|0.8|1.0,e488414f1ddb444faf641014080620bcb0dfe0badcdb8d5a947a36e22ca6824a
locked,credit_card_fraud,static_weighted_ensemble,distribution_shift,shadow,technical_failure_rate,lower_is_better,0.0,0.0|0.05|0.1|0.2|0.4|0.6|0.8|1.0,a6f204fdd172366e52d6d323f72506a883d8c8a6523d893a35d295296dd3c4ff
locked,credit_card_fraud,static_weighted_ensemble,distribution_shift,shadow,rejection_rate,context_dependent,0.9979399476890872,0.0|0.05|0.1|0.2|0.4|0.6|0.8|1.0,63cac9eebc9536e50d3f59f07d649d941138ad7a7e730b2d134b3876c99ee54e
audit,credit_card_fraud,static_weighted_ensemble,feature_noise,audit,accuracy,higher_is_better,0.999115168539326,0.0|0.05|0.1|0.2|0.4|0.6|0.8|1.0,4ba82c2e26bfa3f673fcd029be2cf798696119e36837e87b969165f6204bf6cd
audit,credit_card_fraud,static_weighted_ensemble,feature_noise,audit,f1,higher_is_better,0.7202297202040272,0.0|0.05|0.1|0.2|0.4|0.6|0.8|1.0,2c1a5c7df873b0dfadccaa023266453e73edda058f42c9a06811c8a756ff8077
audit,credit_card_fraud,static_weighted_ensemble,feature_noise,audit,unsafe_acceptance_rate,lower_is_better,0.0002679094852854965,0.0|0.05|0.1|0.2|0.4|0.6|0.8|1.0,44201883805cd2b2d20ee18727e82c08b20a078d2861d88b3fba55ec33b706b9
audit,credit_card_fraud,static_weighted_ensemble,feature_noise,audit,technical_failure_rate,lower_is_better,0.0,0.0|0.05|0.1|0.2|0.4|0.6|0.8|1.0,e9dc16d4216bcdedb6b01aecc4e83d09229bcbf765e8ceffb05ec55ab26129fb
audit,credit_card_fraud,static_weighted_ensemble,feature_noise,audit,rejection_rate,context_dependent,0.9985943352059925,0.0|0.05|0.1|0.2|0.4|0.6|0.8|1.0,a4afd8afa9c1efae39fe454e7bdf2c8ffef6507e52d743c832c89c4e5ed6328c
audit,credit_card_fraud,static_weighted_ensemble,feature_noise,shadow,accuracy,higher_is_better,0.9990642556179775,0.0|0.05|0.1|0.2|0.4|0.6|0.8|1.0,db88e665d5f19d356f641df9240fcf9a40e3239aa922777589b890853de0aee0
audit,credit_card_fraud,static_weighted_ensemble,feature_noise,shadow,f1,higher_is_better,0.703385558356623,0.0|0.05|0.1|0.2|0.4|0.6|0.8|1.0,5c0da4915556e108c6d16ecf6839d32fb0a40a446d4650418c29d084ba6fc806
audit,credit_card_fraud,static_weighted_ensemble,feature_noise,shadow,unsafe_acceptance_rate,lower_is_better,0.0002901864227928245,0.0|0.05|0.1|0.2|0.4|0.6|0.8|1.0,1bc6ecd06c5d56c35237d4b50a7b7cd0d4aa51e84fa44a02a9a8caf105411459
audit,credit_card_fraud,static_weighted_ensemble,feature_noise,shadow,technical_failure_rate,lower_is_better,0.0,0.0|0.05|0.1|0.2|0.4|0.6|0.8|1.0,bda7e97a412c22c767d1a7bd889a29f85ed02780a2b12c6cf0c8542896cda926
audit,credit_card_fraud,static_weighted_ensemble,feature_noise,shadow,rejection_rate,context_dependent,0.9986007724719101,0.0|0.05|0.1|0.2|0.4|0.6|0.8|1.0,529bdfb287c54c67f5f5056d96843c2e0f613f863684cdc8927bc09ff9a790fc
locked,credit_card_fraud,static_weighted_ensemble,feature_noise,primary,accuracy,higher_is_better,0.9992038552017134,0.0|0.05|0.1|0.2|0.4|0.6|0.8|1.0,424ded0c41f09349e27149f0c129fb674607834fb897f022334fedde620a00af
locked,credit_card_fraud,static_weighted_ensemble,feature_noise,primary,f1,higher_is_better,0.7361613608259825,0.0|0.05|0.1|0.2|0.4|0.6|0.8|1.0,7e1a4b5cf94957c02543ebae96e137734674d179112255b76c4cfd2639796258
locked,credit_card_fraud,static_weighted_ensemble,feature_noise,primary,unsafe_acceptance_rate,lower_is_better,0.00018758206715438003,0.0|0.05|0.1|0.2|0.4|0.6|0.8|1.0,f0b38479e181d9a2c365b5154b22505435d130b6ad9f596ee9955167542069b6
locked,credit_card_fraud,static_weighted_ensemble,feature_noise,primary,technical_failure_rate,lower_is_better,0.0,0.0|0.05|0.1|0.2|0.4|0.6|0.8|1.0,90f27ea32a6ca8ccf0659e5fb5b1a1c94e221ba5033d435f20133ed52d120a81
locked,credit_card_fraud,static_weighted_ensemble,feature_noise,primary,rejection_rate,context_dependent,0.9987011809042285,0.0|0.05|0.1|0.2|0.4|0.6|0.8|1.0,c7a7558b847a901aac5dda6b0f01137bb392ed8e961983e9d26e4986f7456709
locked,credit_card_fraud,static_weighted_ensemble,feature_noise,shadow,accuracy,higher_is_better,0.9992200940978195,0.0|0.05|0.1|0.2|0.4|0.6|0.8|1.0,0b984fb2e56164e92c2361ee51b69db5f3a17de1b661cc5678473c2abfb326a1
locked,credit_card_fraud,static_weighted_ensemble,feature_noise,shadow,f1,higher_is_better,0.7464211769772975,0.0|0.05|0.1|0.2|0.4|0.6|0.8|1.0,66b0e3f06dc77c7aa3f1a83f5b5d0401fbf29dc8f3b9252e95a7e61d24e9fd5c
locked,credit_card_fraud,static_weighted_ensemble,feature_noise,shadow,unsafe_acceptance_rate,lower_is_better,0.00020575407990996064,0.0|0.05|0.1|0.2|0.4|0.6|0.8|1.0,e9f7e53311f5936bbd68a67e5b1fe51cacfbff0328986877933245554fc386ff
locked,credit_card_fraud,static_weighted_ensemble,feature_noise,shadow,technical_failure_rate,lower_is_better,0.0,0.0|0.05|0.1|0.2|0.4|0.6|0.8|1.0,026cfe75fc15f0ea9abe43b8b902535a844fde95fa71ed89be276b9c02e45b16
locked,credit_card_fraud,static_weighted_ensemble,feature_noise,shadow,rejection_rate,context_dependent,0.9986486605105158,0.0|0.05|0.1|0.2|0.4|0.6|0.8|1.0,13723dd375bbee0b94ece035284f0bd5615920a2f93912c04e427c331fbb6360
audit,credit_card_fraud,static_weighted_ensemble,label_noise,audit,accuracy,higher_is_better,0.9992275280898877,0.0|0.05|0.1|0.2|0.4|0.6|0.8|1.0,8ac18d2115c94a3a61ed4b848fbc6f2467740c2264e2d66aeead446ff64cee71
audit,credit_card_fraud,static_weighted_ensemble,label_noise,audit,f1,higher_is_better,0.7441860465116279,0.0|0.05|0.1|0.2|0.4|0.6|0.8|1.0,8c2eb36fa153d4364ccf7ca4cdac1acd60e9ea92e03069043bd37324234979d7
audit,credit_card_fraud,static_weighted_ensemble,label_noise,audit,unsafe_acceptance_rate,lower_is_better,0.00014069644741470278,0.0|0.05|0.1|0.2|0.4|0.6|0.8|1.0,a0e5841ba56fcc0ad3e19a4d91eb3f8b64740188fd063130eaf6dfbf2009ac1e
audit,credit_card_fraud,static_weighted_ensemble,label_noise,audit,technical_failure_rate,lower_is_better,0.0,0.0|0.05|0.1|0.2|0.4|0.6|0.8|1.0,3db8ba3ae3ba7de3194db385282a20e873d07acfd7b0adb774ce0bb7d7addae8
audit,credit_card_fraud,static_weighted_ensemble,label_noise,audit,rejection_rate,context_dependent,0.9987359550561796,0.0|0.05|0.1|0.2|0.4|0.6|0.8|1.0,1cbc75cd1a65f40e80f087dd2719d32bb07da34eb3fc54c56f8c9c663105b4ce
audit,credit_card_fraud,static_weighted_ensemble,label_noise,shadow,accuracy,higher_is_better,0.9992275280898877,0.0|0.05|0.1|0.2|0.4|0.6|0.8|1.0,741a8defbca7c545ec4c222def3281209c89b2965291415b653256c945599fc2
audit,credit_card_fraud,static_weighted_ensemble,label_noise,shadow,f1,higher_is_better,0.7441860465116279,0.0|0.05|0.1|0.2|0.4|0.6|0.8|1.0,f79a6fd8d76109b9b7cc733b2534fd0b7a0afce1baf301865beff4b37022d8a8
audit,credit_card_fraud,static_weighted_ensemble,label_noise,shadow,unsafe_acceptance_rate,lower_is_better,0.00014069644741470278,0.0|0.05|0.1|0.2|0.4|0.6|0.8|1.0,450cb680084c9bb4a3f6e4582a9240a8061472614cf21da78842564c65c082af
audit,credit_card_fraud,static_weighted_ensemble,label_noise,shadow,technical_failure_rate,lower_is_better,0.0,0.0|0.05|0.1|0.2|0.4|0.6|0.8|1.0,47dd8ee20e4e87865d497cdd93f04f60cb1c8b737485821a6bf1252aa89bc473
audit,credit_card_fraud,static_weighted_ensemble,label_noise,shadow,rejection_rate,context_dependent,0.9987359550561796,0.0|0.05|0.1|0.2|0.4|0.6|0.8|1.0,d0c715d605ff0eeaf9485c5d816e307d60818131f4d2f5de518a98beeb5df035
locked,credit_card_fraud,static_weighted_ensemble,label_noise,primary,accuracy,higher_is_better,0.999403110845827,0.0|0.05|0.1|0.2|0.4|0.6|0.8|1.0,d7b5a0b6cdebe3c472da1c84ba252aa3b15b43ffd90c4a4d70432a7d0f04697b
locked,credit_card_fraud,static_weighted_ensemble,label_noise,primary,f1,higher_is_better,0.7999999999999999,0.0|0.05|0.1|0.2|0.4|0.6|0.8|1.0,e9a31f5c91b3a5146dbfab6ab411f36de96907e662ce0b15f256f41469844427
locked,credit_card_fraud,static_weighted_ensemble,label_noise,primary,unsafe_acceptance_rate,lower_is_better,7.034327518289252e-05,0.0|0.05|0.1|0.2|0.4|0.6|0.8|1.0,f8060c77be2adf1cd3aee2a34c3848ff90759a8c54f9c7bfc7d1118adcccd3d1
locked,credit_card_fraud,static_weighted_ensemble,label_noise,primary,technical_failure_rate,lower_is_better,0.0,0.0|0.05|0.1|0.2|0.4|0.6|0.8|1.0,fa2af1c80b7b2ea378508826323e77de8260a909b7cf7285afdc65ea194e7814
locked,credit_card_fraud,static_weighted_ensemble,label_noise,primary,rejection_rate,context_dependent,0.998735999438222,0.0|0.05|0.1|0.2|0.4|0.6|0.8|1.0,d88b487ef1d4ca468f2be09abf67fd5ff7a0236f1f72b14e59555fcdf01256f2
locked,credit_card_fraud,static_weighted_ensemble,label_noise,shadow,accuracy,higher_is_better,0.999403110845827,0.0|0.05|0.1|0.2|0.4|0.6|0.8|1.0,07429c816a2e344af2b8cfe81a7f1a958e17e4a238c4d1d1697ebca8503560cb
locked,credit_card_fraud,static_weighted_ensemble,label_noise,shadow,f1,higher_is_better,0.7999999999999999,0.0|0.05|0.1|0.2|0.4|0.6|0.8|1.0,5251522909753bc93484e60705c20dd13e3cbafdc346401ba2dd1389c6bdcb13
locked,credit_card_fraud,static_weighted_ensemble,label_noise,shadow,unsafe_acceptance_rate,lower_is_better,7.034327518289252e-05,0.0|0.05|0.1|0.2|0.4|0.6|0.8|1.0,4d4039380afd847008559d8073ccd9da212d80a748fd3f7fa0b3a5fa8c5abe07
locked,credit_card_fraud,static_weighted_ensemble,label_noise,shadow,technical_failure_rate,lower_is_better,0.0,0.0|0.05|0.1|0.2|0.4|0.6|0.8|1.0,ad9347e6fa08c557846c9a87b2e93a91118d8b6d86170dbc28607d4f73ec07ab
locked,credit_card_fraud,static_weighted_ensemble,label_noise,shadow,rejection_rate,context_dependent,0.998735999438222,0.0|0.05|0.1|0.2|0.4|0.6|0.8|1.0,1e807d0de9513fe551806c49791a447b831526425b7cfa8bcca21efb949ff463
audit,credit_card_fraud,static_weighted_ensemble,missing_features,audit,accuracy,higher_is_better,0.9985878979400749,0.0|0.05|0.1|0.2|0.4|0.6|0.8|1.0,428592099005993e72d997e121e0ac5e8787cac4357d95253e85311485c9e980
audit,credit_card_fraud,static_weighted_ensemble,missing_features,audit,f1,higher_is_better,0.32772656961344254,0.0|0.05|0.1|0.2|0.4|0.6|0.8|1.0,09f33a418121995324b80ac2fcc3e5f094b7da3eaad14e10f0b50f2934f401f3
audit,credit_card_fraud,static_weighted_ensemble,missing_features,audit,unsafe_acceptance_rate,lower_is_better,7.503810528784148e-05,0.0|0.05|0.1|0.2|0.4|0.6|0.8|1.0,51c2de3780e07ce074685ce6776009c2d33230b65f26283b7548809006326b26
audit,credit_card_fraud,static_weighted_ensemble,missing_features,audit,technical_failure_rate,lower_is_better,0.0,0.0|0.05|0.1|0.2|0.4|0.6|0.8|1.0,9558e19532611e9119ebd3d32ed5aaf4569998f7b1ba40d827c90801e24e3f4a
audit,credit_card_fraud,static_weighted_ensemble,missing_features,audit,rejection_rate,context_dependent,0.9995066713483146,0.0|0.05|0.1|0.2|0.4|0.6|0.8|1.0,8d8b62c32a81fc53ed0c257d169557836b730bcaf43ebf5dc4da6b435022e2b3
audit,credit_card_fraud,static_weighted_ensemble,missing_features,shadow,accuracy,higher_is_better,0.9985919943820225,0.0|0.05|0.1|0.2|0.4|0.6|0.8|1.0,2a7b494ff27ace26e8d34e6083a4ddf7e42795c54e60254356dd9d0ae23d954b
audit,credit_card_fraud,static_weighted_ensemble,missing_features,shadow,f1,higher_is_better,0.3312468998873064,0.0|0.05|0.1|0.2|0.4|0.6|0.8|1.0,3e3a56e0f9440edd47465b2bca619961888d8abc0263af8176f48b0495cc4fef
audit,credit_card_fraud,static_weighted_ensemble,missing_features,shadow,unsafe_acceptance_rate,lower_is_better,8.617657404150546e-05,0.0|0.05|0.1|0.2|0.4|0.6|0.8|1.0,a7673903945e00b2532ae5f056aa33e7a02888c40927be2b38700e74e7c9830b
audit,credit_card_fraud,static_weighted_ensemble,missing_features,shadow,technical_failure_rate,lower_is_better,0.0,0.0|0.05|0.1|0.2|0.4|0.6|0.8|1.0,07fc3c1fb774d37ba05718143792ab5af31715878a05e33059c6f2c847e00582
audit,credit_card_fraud,static_weighted_ensemble,missing_features,shadow,rejection_rate,context_dependent,0.9994803370786517,0.0|0.05|0.1|0.2|0.4|0.6|0.8|1.0,b5bd8890fef54767ea23b83a5ea29295fa6e2e2e1f92452dc101095595aae0ee
locked,credit_card_fraud,static_weighted_ensemble,missing_features,primary,accuracy,higher_is_better,0.9986268623526795,0.0|0.05|0.1|0.2|0.4|0.6|0.8|1.0,fa08cd5d99065d1058b367ded983da67f823f933f99b3432379fe8cb23447ce0
locked,credit_card_fraud,static_weighted_ensemble,missing_features,primary,f1,higher_is_better,0.3255118687362111,0.0|0.05|0.1|0.2|0.4|0.6|0.8|1.0,4ae30028c5c81ebe98c33e8759d86568c407614827b3712081ba123c103f1735
locked,credit_card_fraud,static_weighted_ensemble,missing_features,primary,unsafe_acceptance_rate,lower_is_better,6.38951416244607e-05,0.0|0.05|0.1|0.2|0.4|0.6|0.8|1.0,a71f3c12b125833ec6daa2b5bf49658940276f37779df25fc17ca19b1b0858dc
locked,credit_card_fraud,static_weighted_ensemble,missing_features,primary,technical_failure_rate,lower_is_better,0.0,0.0|0.05|0.1|0.2|0.4|0.6|0.8|1.0,169dfbbbeb3c45f030c40497f21cedb301d16db6049d0bf7e0a1e104909b1873
locked,credit_card_fraud,static_weighted_ensemble,missing_features,primary,rejection_rate,context_dependent,0.9995251220111654,0.0|0.05|0.1|0.2|0.4|0.6|0.8|1.0,c59d18dd736c0b314d3731b6fa1dd03492c0780fe36434dcf5ee242366a9c502
locked,credit_card_fraud,static_weighted_ensemble,missing_features,shadow,accuracy,higher_is_better,0.998638566061585,0.0|0.05|0.1|0.2|0.4|0.6|0.8|1.0,e9ab61c6eb46e540bfb2c2445430fb9eefafc9fc33fc9feed3a105e0a3f027fe
locked,credit_card_fraud,static_weighted_ensemble,missing_features,shadow,f1,higher_is_better,0.3406943605700252,0.0|0.05|0.1|0.2|0.4|0.6|0.8|1.0,a6ff1baabac593c15d63cbdaa999294b62022365ee0ee6281d4608e3a09ad511
locked,credit_card_fraud,static_weighted_ensemble,missing_features,shadow,unsafe_acceptance_rate,lower_is_better,7.957583005064716e-05,0.0|0.05|0.1|0.2|0.4|0.6|0.8|1.0,6f0febd47106f57285daecc9427dd75f1cf35de15661bd8178441a18752baed1
locked,credit_card_fraud,static_weighted_ensemble,missing_features,shadow,technical_failure_rate,lower_is_better,0.0,0.0|0.05|0.1|0.2|0.4|0.6|0.8|1.0,02bc680abfd52e8552e43306bb61c6b52a93b62f1067afe5abe3aa0ef3976929
locked,credit_card_fraud,static_weighted_ensemble,missing_features,shadow,rejection_rate,context_dependent,0.9994821108809381,0.0|0.05|0.1|0.2|0.4|0.6|0.8|1.0,f5119417fa81cb2d9bf9c17a00af7810f8178689451912c736e56d0b32d44827
audit,credit_card_fraud,static_weighted_ensemble,random_feature_deletion,audit,accuracy,higher_is_better,0.9984714419475657,0.0|0.05|0.1|0.2|0.4|0.6|0.8|1.0,a2fe5a9bd1f990bf0315d512a880ecedc31266be26310bda82cf94e5f7b57b54
audit,credit_card_fraud,static_weighted_ensemble,random_feature_deletion,audit,f1,higher_is_better,0.1784496124031008,0.0|0.05|0.1|0.2|0.4|0.6|0.8|1.0,d90578feb213f02bd166d4875630f19975e0edb4bfbfc79b423ec0d51a70900a
audit,credit_card_fraud,static_weighted_ensemble,random_feature_deletion,audit,unsafe_acceptance_rate,lower_is_better,3.751905264392074e-05,0.0|0.05|0.1|0.2|0.4|0.6|0.8|1.0,c5b52a4690215b3fc2a7f7b56282cc2a3abfbefa6a03fa00e6d8102f312bd9f0
audit,credit_card_fraud,static_weighted_ensemble,random_feature_deletion,audit,technical_failure_rate,lower_is_better,0.0,0.0|0.05|0.1|0.2|0.4|0.6|0.8|1.0,adef894fb1d8f3fec1ff4f79d05784832debdf0d9bde99a40eb6228e261a1116
audit,credit_card_fraud,static_weighted_ensemble,random_feature_deletion,audit,rejection_rate,context_dependent,0.9996980337078651,0.0|0.05|0.1|0.2|0.4|0.6|0.8|1.0,b20017efea26aaf583a73c8dccf72420a560dde708375fb88065bbd3558e3d39
audit,credit_card_fraud,static_weighted_ensemble,random_feature_deletion,shadow,accuracy,higher_is_better,0.9986885533707865,0.0|0.05|0.1|0.2|0.4|0.6|0.8|1.0,6980c011ab915e094d109b57a6c49dcaca9377bc61f99451fadb763d069bc70c
audit,credit_card_fraud,static_weighted_ensemble,random_feature_deletion,shadow,f1,higher_is_better,0.38792116023930695,0.0|0.05|0.1|0.2|0.4|0.6|0.8|1.0,28bd1e13e5be8406df2b751e167810cb36bf40c376bba146baba6804a68c16de
audit,credit_card_fraud,static_weighted_ensemble,random_feature_deletion,shadow,unsafe_acceptance_rate,lower_is_better,0.00013102356665494196,0.0|0.05|0.1|0.2|0.4|0.6|0.8|1.0,3a6fddaf218ffa378a32474fd12e9825dfa647859e78bdf9fd988a1ec95db1dd
audit,credit_card_fraud,static_weighted_ensemble,random_feature_deletion,shadow,technical_failure_rate,lower_is_better,0.0,0.0|0.05|0.1|0.2|0.4|0.6|0.8|1.0,611bb7a81b7cac28af4a6c259ce2afdd448b43b8c56fc0d580935b817779dea4
audit,credit_card_fraud,static_weighted_ensemble,random_feature_deletion,shadow,rejection_rate,context_dependent,0.9992942415730337,0.0|0.05|0.1|0.2|0.4|0.6|0.8|1.0,a2abac639a86c6c22a42863d14549f93188e5b6c640dcecd8bdf4df0ea63b829
locked,credit_card_fraud,static_weighted_ensemble,random_feature_deletion,primary,accuracy,higher_is_better,0.9985165548962466,0.0|0.05|0.1|0.2|0.4|0.6|0.8|1.0,24f6a8991828608cbe7d9fdb83bc11f4d2f762b46ce3ff02a4fd9d1959191c36
locked,credit_card_fraud,static_weighted_ensemble,random_feature_deletion,primary,f1,higher_is_better,0.18781158398954154,0.0|0.05|0.1|0.2|0.4|0.6|0.8|1.0,e32663dcea6ef46eba2ec519a35f0d431343fb6a6012f7e590f0bb4e9bf92a88
locked,credit_card_fraud,static_weighted_ensemble,random_feature_deletion,primary,unsafe_acceptance_rate,lower_is_better,5.3929844306884265e-05,0.0|0.05|0.1|0.2|0.4|0.6|0.8|1.0,8603d9e9eeb22bbdf99575754b74f670e21d1aef742f008791d019ee3976691a
locked,credit_card_fraud,static_weighted_ensemble,random_feature_deletion,primary,technical_failure_rate,lower_is_better,0.0,0.0|0.05|0.1|0.2|0.4|0.6|0.8|1.0,208d9815518fd3e50e26fcd1f52b8dd1d9d0f7e4b59130c440ae755a76fb5922
locked,credit_card_fraud,static_weighted_ensemble,random_feature_deletion,primary,rejection_rate,context_dependent,0.9996553257727374,0.0|0.05|0.1|0.2|0.4|0.6|0.8|1.0,8bc54f04b50147d8922fa67e29714d2d3cd03297900601e821263cb306af282b
locked,credit_card_fraud,static_weighted_ensemble,random_feature_deletion,shadow,accuracy,higher_is_better,0.9986820160808959,0.0|0.05|0.1|0.2|0.4|0.6|0.8|1.0,8371001d5245d6ec5b40aea1714f70f25a67418cd01bf137d588ea0bcf9aed60
locked,credit_card_fraud,static_weighted_ensemble,random_feature_deletion,shadow,f1,higher_is_better,0.3395634648410794,0.0|0.05|0.1|0.2|0.4|0.6|0.8|1.0,872ce4a9637d547158b5deafe6cd1bad573a0a8d64fc16f62e358307fe5cef56
locked,credit_card_fraud,static_weighted_ensemble,random_feature_deletion,shadow,unsafe_acceptance_rate,lower_is_better,9.89202307259426e-05,0.0|0.05|0.1|0.2|0.4|0.6|0.8|1.0,b4adf6a3c37b13cf8ac611e75c5e52c9325dc196367a19b7dff89fb3f19798bb
locked,credit_card_fraud,static_weighted_ensemble,random_feature_deletion,shadow,technical_failure_rate,lower_is_better,0.0,0.0|0.05|0.1|0.2|0.4|0.6|0.8|1.0,6fd7d8d65a596aafa35ae20fc74f1d9d5ac492e3a7d849ebf11556d3bc2c7dd9
locked,credit_card_fraud,static_weighted_ensemble,random_feature_deletion,shadow,rejection_rate,context_dependent,0.9994000386222394,0.0|0.05|0.1|0.2|0.4|0.6|0.8|1.0,d23b66178ad609b3fa0ec62084a71b2dfcbdf322a49be97c43973e1e0eaa8937
audit,credit_card_fraud,static_weighted_ensemble,specialist_failure,audit,accuracy,higher_is_better,0.699929775280899,0.0|0.05|0.1|0.2|0.4|0.6|0.8|1.0,dc3948da58beca9b815bb6843f2a5c80414a59009b36745b576977a1aa886b75
audit,credit_card_fraud,static_weighted_ensemble,specialist_failure,audit,f1,higher_is_better,0.5033771061061795,0.0|0.05|0.1|0.2|0.4|0.6|0.8|1.0,9f836754225363f9e556e262d362e543425a2aaead948a62456cda9aedf1b3b4
audit,credit_card_fraud,static_weighted_ensemble,specialist_failure,audit,unsafe_acceptance_rate,lower_is_better,0.3001266268026732,0.0|0.05|0.1|0.2|0.4|0.6|0.8|1.0,3f6933235ec1f3290a898d36502cde2b23e5bf8ed2e3aa34833038f524043434
audit,credit_card_fraud,static_weighted_ensemble,specialist_failure,audit,technical_failure_rate,lower_is_better,0.0,0.0|0.05|0.1|0.2|0.4|0.6|0.8|1.0,ef94a80538f59cafac27dd5143e2888dc1359e821fbe8293178169cb1d2bb24f
audit,credit_card_fraud,static_weighted_ensemble,specialist_failure,audit,rejection_rate,context_dependent,0.6991151685393258,0.0|0.05|0.1|0.2|0.4|0.6|0.8|1.0,2e69f7f3c60defa72cb4f62b27c9a4e329d6d32a16c6db240c8b236cc0f35fa1
audit,credit_card_fraud,static_weighted_ensemble,specialist_failure,shadow,accuracy,higher_is_better,0.699929775280899,0.0|0.05|0.1|0.2|0.4|0.6|0.8|1.0,47afb9f513e2a87de6785d950c162d32ed961cf501687fcfb11fd46250da9ca4
audit,credit_card_fraud,static_weighted_ensemble,specialist_failure,shadow,f1,higher_is_better,0.5033771061061795,0.0|0.05|0.1|0.2|0.4|0.6|0.8|1.0,cc78af48e2bc77d76d9c59382d0600d35981b4aa97a1e1e40b1a8df4d69a0fe3
audit,credit_card_fraud,static_weighted_ensemble,specialist_failure,shadow,unsafe_acceptance_rate,lower_is_better,0.3001266268026732,0.0|0.05|0.1|0.2|0.4|0.6|0.8|1.0,0bea6341491a8d00b050d6790c5e739fc015c7f58133a1f45e6908ed36c6777c
audit,credit_card_fraud,static_weighted_ensemble,specialist_failure,shadow,technical_failure_rate,lower_is_better,0.0,0.0|0.05|0.1|0.2|0.4|0.6|0.8|1.0,989eaf3fd72295a3fbb20f1186fe55db21c365ad5ad986d0516927b7de8b6469
audit,credit_card_fraud,static_weighted_ensemble,specialist_failure,shadow,rejection_rate,context_dependent,0.6991151685393258,0.0|0.05|0.1|0.2|0.4|0.6|0.8|1.0,dc3e59eb238271e4705895846842ad2946a6e923b707009805359afc269696ba
locked,credit_card_fraud,static_weighted_ensemble,specialist_failure,primary,accuracy,higher_is_better,0.7000702222534321,0.0|0.05|0.1|0.2|0.4|0.6|0.8|1.0,f5fa54cb084d030b6e71c2b72d840c22dabfe6649948417666acd20723484811
locked,credit_card_fraud,static_weighted_ensemble,specialist_failure,primary,f1,higher_is_better,0.5516187295107317,0.0|0.05|0.1|0.2|0.4|0.6|0.8|1.0,409eabcce4cadaec9f8364bbfd82f66030a5493ef51a855502a788b8528f2f7b
locked,credit_card_fraud,static_weighted_ensemble,specialist_failure,primary,unsafe_acceptance_rate,lower_is_better,0.3000633089476646,0.0|0.05|0.1|0.2|0.4|0.6|0.8|1.0,51e8dc01fedc6bdb73ac9166963863552cbbf9875728c183406796b0ee34c749
locked,credit_card_fraud,static_weighted_ensemble,specialist_failure,primary,technical_failure_rate,lower_is_better,0.0,0.0|0.05|0.1|0.2|0.4|0.6|0.8|1.0,fdaea628ee9c955bc91fa19536952ac347cf7ea0f8b5e8a8ede012768972085f
locked,credit_card_fraud,static_weighted_ensemble,specialist_failure,primary,rejection_rate,context_dependent,0.6991151996067555,0.0|0.05|0.1|0.2|0.4|0.6|0.8|1.0,23cc36f02b23e22171ad12adb4a622ced69a429f3c0a20d7054c36177ea34257
locked,credit_card_fraud,static_weighted_ensemble,specialist_failure,shadow,accuracy,higher_is_better,0.7000702222534321,0.0|0.05|0.1|0.2|0.4|0.6|0.8|1.0,f90d33505449cdd13e22d29f49b146a1956c41c08dd5bd77df26e7a2e6004727
locked,credit_card_fraud,static_weighted_ensemble,specialist_failure,shadow,f1,higher_is_better,0.5516187295107317,0.0|0.05|0.1|0.2|0.4|0.6|0.8|1.0,c7b941b4747452a646cb1eb89bb08052a7ba9e870c643548ccdb56f8e1ee84d5
locked,credit_card_fraud,static_weighted_ensemble,specialist_failure,shadow,unsafe_acceptance_rate,lower_is_better,0.3000633089476646,0.0|0.05|0.1|0.2|0.4|0.6|0.8|1.0,95a3ab846e04401930d215989cc1ae36ab8a7c046a42a48be1cde1fc72c4aded
locked,credit_card_fraud,static_weighted_ensemble,specialist_failure,shadow,technical_failure_rate,lower_is_better,0.0,0.0|0.05|0.1|0.2|0.4|0.6|0.8|1.0,c8bbc5ba87fb966a21db1e169ce70a03fe117ca0bac582060dd309c2618964e4
locked,credit_card_fraud,static_weighted_ensemble,specialist_failure,shadow,rejection_rate,context_dependent,0.6991151996067555,0.0|0.05|0.1|0.2|0.4|0.6|0.8|1.0,82c775518bb0c5688e009d34ddca0bc186afc2256408566f6af1f9e29dd51bc2
audit,credit_card_fraud,static_weighted_ensemble,synthetic_sensor_failure,audit,accuracy,higher_is_better,0.9985007022471911,0.0|0.05|0.1|0.2|0.4|0.6|0.8|1.0,16a8408c7824f70f1a718f40969728861d32ed020bae02db82cb3d8b066d0b83
audit,credit_card_fraud,static_weighted_ensemble,synthetic_sensor_failure,audit,f1,higher_is_better,0.2141602067183463,0.0|0.05|0.1|0.2|0.4|0.6|0.8|1.0,d93ba41610cb26105577473f982a62f6fbb2e13ec7b53e4e2d3c3e07924282fe
audit,credit_card_fraud,static_weighted_ensemble,synthetic_sensor_failure,audit,unsafe_acceptance_rate,lower_is_better,8.090045726345411e-05,0.0|0.05|0.1|0.2|0.4|0.6|0.8|1.0,a1a3980e7d5bef0e0ebebea98c64bf0a01c0b3fc834bac8b85fcb66fc01c3280
audit,credit_card_fraud,static_weighted_ensemble,synthetic_sensor_failure,audit,technical_failure_rate,lower_is_better,0.0,0.0|0.05|0.1|0.2|0.4|0.6|0.8|1.0,5b593eef7d35e464699723cbcd4367f7bd33cee94302393979adfa495690bd87
audit,credit_card_fraud,static_weighted_ensemble,synthetic_sensor_failure,audit,rejection_rate,context_dependent,0.9995821629213483,0.0|0.05|0.1|0.2|0.4|0.6|0.8|1.0,27da82de37b184a3e5fbb288ba1c84f31bf73889cbcf2798c0526dce540f54ad
audit,credit_card_fraud,static_weighted_ensemble,synthetic_sensor_failure,shadow,accuracy,higher_is_better,0.9985007022471911,0.0|0.05|0.1|0.2|0.4|0.6|0.8|1.0,f8ff9142a749ad36196290ad7c682f3ff89ed7696907de8a3c619e4ceae820d4
audit,credit_card_fraud,static_weighted_ensemble,synthetic_sensor_failure,shadow,f1,higher_is_better,0.2141602067183463,0.0|0.05|0.1|0.2|0.4|0.6|0.8|1.0,c71bcc63ba1238570b8e83e92290cd2eb28a265afe42b03326c46cd2dea529a1
audit,credit_card_fraud,static_weighted_ensemble,synthetic_sensor_failure,shadow,unsafe_acceptance_rate,lower_is_better,8.090045726345411e-05,0.0|0.05|0.1|0.2|0.4|0.6|0.8|1.0,8ff58e6567faaa6412414f0e85e8775bb3ea6c3872c80c6b9b8df593dd3f07cd
audit,credit_card_fraud,static_weighted_ensemble,synthetic_sensor_failure,shadow,technical_failure_rate,lower_is_better,0.0,0.0|0.05|0.1|0.2|0.4|0.6|0.8|1.0,0553d1cd864bc50194f1543420a1a117218a94a393ff0e6d923ff75f89ad2c9a
audit,credit_card_fraud,static_weighted_ensemble,synthetic_sensor_failure,shadow,rejection_rate,context_dependent,0.9995821629213483,0.0|0.05|0.1|0.2|0.4|0.6|0.8|1.0,883c8751c052f6b318a1980e423a063ed4ee87f13a9d9bd856d3abd36604d2dc
locked,credit_card_fraud,static_weighted_ensemble,synthetic_sensor_failure,primary,accuracy,higher_is_better,0.998549032688459,0.0|0.05|0.1|0.2|0.4|0.6|0.8|1.0,bf18269cbb89c69d6924b840fa7b16be1d9724d12ed40ce965b43c45be1265f4
locked,credit_card_fraud,static_weighted_ensemble,synthetic_sensor_failure,primary,f1,higher_is_better,0.22,0.0|0.05|0.1|0.2|0.4|0.6|0.8|1.0,5ef51a4cf4c5ff9f4734a8a942575c0724baa83b5e833b8febbb36996837799f
locked,credit_card_fraud,static_weighted_ensemble,synthetic_sensor_failure,primary,unsafe_acceptance_rate,lower_is_better,6.946398424310636e-05,0.0|0.05|0.1|0.2|0.4|0.6|0.8|1.0,68480698b1174b9b2087d082395c27c3e23135bc6a202ca92dd0efaa21dd6f79
locked,credit_card_fraud,static_weighted_ensemble,synthetic_sensor_failure,primary,technical_failure_rate,lower_is_better,0.0,0.0|0.05|0.1|0.2|0.4|0.6|0.8|1.0,0e6f260ca0a83ca6e69d338612fccddbcf7fe3ba24b1f60b63e11bbc979ed3f5
locked,credit_card_fraud,static_weighted_ensemble,synthetic_sensor_failure,primary,rejection_rate,context_dependent,0.9995918331519259,0.0|0.05|0.1|0.2|0.4|0.6|0.8|1.0,707e441baa7d073e6d4ea6fe8d1298cf7883b70c8e70d9a1d90001fed1403869
locked,credit_card_fraud,static_weighted_ensemble,synthetic_sensor_failure,shadow,accuracy,higher_is_better,0.998549032688459,0.0|0.05|0.1|0.2|0.4|0.6|0.8|1.0,659e1571cd4e4e572bb90afb9558b399e92b777e9c65009c27d969e121d9899a
locked,credit_card_fraud,static_weighted_ensemble,synthetic_sensor_failure,shadow,f1,higher_is_better,0.22,0.0|0.05|0.1|0.2|0.4|0.6|0.8|1.0,a4fb9760e9b254b41baf2bc8e6403193241b2fcf327cc4f509ce7485c300aeb0
locked,credit_card_fraud,static_weighted_ensemble,synthetic_sensor_failure,shadow,unsafe_acceptance_rate,lower_is_better,6.946398424310636e-05,0.0|0.05|0.1|0.2|0.4|0.6|0.8|1.0,928f0cfab35940d0587bc0cd0b3a7df3c434ce88c797288599237f90b3fcce72
locked,credit_card_fraud,static_weighted_ensemble,synthetic_sensor_failure,shadow,technical_failure_rate,lower_is_better,0.0,0.0|0.05|0.1|0.2|0.4|0.6|0.8|1.0,dc54e4c8d04e1f0a054be5455f9c772ac6567c235f56d2c95ce7c8bd411bb18c
locked,credit_card_fraud,static_weighted_ensemble,synthetic_sensor_failure,shadow,rejection_rate,context_dependent,0.9995918331519259,0.0|0.05|0.1|0.2|0.4|0.6|0.8|1.0,6de1be82169248cee2f5d95ca8d397bbde63135c639d6278fc95cfd5dbf186b8
audit,credit_card_fraud,veto_mavs,adversarial_confidence_inflation,audit,accuracy,higher_is_better,0.9992275280898877,0.0|0.05|0.1|0.2|0.4|0.6|0.8|1.0,1bc258236a9ddfde6e48d8914cbb154034c878dacb26f6ecf3b3008917e2f0e1
audit,credit_card_fraud,veto_mavs,adversarial_confidence_inflation,audit,f1,higher_is_better,0.7441860465116279,0.0|0.05|0.1|0.2|0.4|0.6|0.8|1.0,4c8694e5e8f4e2773ec8a33d071d29797850eec5c4c1065431d4f9a4c7770d8c
audit,credit_card_fraud,veto_mavs,adversarial_confidence_inflation,audit,unsafe_acceptance_rate,lower_is_better,0.00014069644741470278,0.0|0.05|0.1|0.2|0.4|0.6|0.8|1.0,522bb313ed789a1a1331928df1d78d01252600aad9b1a7b47c7e79b706148d44
audit,credit_card_fraud,veto_mavs,adversarial_confidence_inflation,audit,technical_failure_rate,lower_is_better,0.0,0.0|0.05|0.1|0.2|0.4|0.6|0.8|1.0,f0d811f9cce49d84ee2ea0741cb2210b19036eda30bc71d5291dcc2edce93a17
audit,credit_card_fraud,veto_mavs,adversarial_confidence_inflation,audit,rejection_rate,context_dependent,0.9987359550561796,0.0|0.05|0.1|0.2|0.4|0.6|0.8|1.0,1236fbbf91b530f1af53af432d4818777e13b5798792d71b15d6ba8fbdd79a16
audit,credit_card_fraud,veto_mavs,adversarial_confidence_inflation,shadow,accuracy,higher_is_better,0.9992275280898877,0.0|0.05|0.1|0.2|0.4|0.6|0.8|1.0,c159cd1db93d2d922eb4d36b13b742d4464224c90a0c3810591d64ef0d02cc0d
audit,credit_card_fraud,veto_mavs,adversarial_confidence_inflation,shadow,f1,higher_is_better,0.7441860465116279,0.0|0.05|0.1|0.2|0.4|0.6|0.8|1.0,c2ed35a7ea8eb30356d3f2ef3be6d9569330ce85a169ae6c03f859d41abac648
audit,credit_card_fraud,veto_mavs,adversarial_confidence_inflation,shadow,unsafe_acceptance_rate,lower_is_better,0.00014069644741470278,0.0|0.05|0.1|0.2|0.4|0.6|0.8|1.0,ed4960ee7f733a2041b0ecd24ae44513bfe6932a10ae1665c4839b855410581b
audit,credit_card_fraud,veto_mavs,adversarial_confidence_inflation,shadow,technical_failure_rate,lower_is_better,0.0,0.0|0.05|0.1|0.2|0.4|0.6|0.8|1.0,f92ec59632fa4dc63a3111bdbb05b9ce20fc771ef4ec346889d393e1634b0753
audit,credit_card_fraud,veto_mavs,adversarial_confidence_inflation,shadow,rejection_rate,context_dependent,0.9987359550561796,0.0|0.05|0.1|0.2|0.4|0.6|0.8|1.0,e2e8a862f6e6d891fec3b07bdd4d889f8e033ab416c11a7efaa5df8c7bcb07bc
locked,credit_card_fraud,veto_mavs,adversarial_confidence_inflation,primary,accuracy,higher_is_better,0.9993328885923949,0.0|0.05|0.1|0.2|0.4|0.6|0.8|1.0,decb77c47208e3d7fa3895c7ee305b070f2646914c51e7005f115ace2fc80357
locked,credit_card_fraud,veto_mavs,adversarial_confidence_inflation,primary,f1,higher_is_better,0.7710843373493975,0.0|0.05|0.1|0.2|0.4|0.6|0.8|1.0,fc64759ddc997b4de6b12e26eac1662199c3297ea0942199e291c04a9121c205
locked,credit_card_fraud,veto_mavs,adversarial_confidence_inflation,primary,unsafe_acceptance_rate,lower_is_better,7.034327518289252e-05,0.0|0.05|0.1|0.2|0.4|0.6|0.8|1.0,0a777d54ecabda1f5a7dad801e9e177bcf0e6be00dd2eb76513d1a79b2945492
locked,credit_card_fraud,veto_mavs,adversarial_confidence_inflation,primary,technical_failure_rate,lower_is_better,0.0,0.0|0.05|0.1|0.2|0.4|0.6|0.8|1.0,2a02e06b8198a609d7d1134f25132f689753fd582b421c1e9fcbfefdcfcf5d6d
locked,credit_card_fraud,veto_mavs,adversarial_confidence_inflation,primary,rejection_rate,context_dependent,0.9988062216916541,0.0|0.05|0.1|0.2|0.4|0.6|0.8|1.0,2f7e32b68ab37df0c2d1d16a9a21a152db8b2871ac6a098c9b73fa872a8a021b
locked,credit_card_fraud,veto_mavs,adversarial_confidence_inflation,shadow,accuracy,higher_is_better,0.9993328885923949,0.0|0.05|0.1|0.2|0.4|0.6|0.8|1.0,506e6e1436c28c9b35561dcd1561f00d03c708fff8a2284f9790f51954005fa0
locked,credit_card_fraud,veto_mavs,adversarial_confidence_inflation,shadow,f1,higher_is_better,0.7710843373493975,0.0|0.05|0.1|0.2|0.4|0.6|0.8|1.0,9d93061c8a0459411ce9566174966bed7898ccb78f33e1eae21dc44745cdf2e4
locked,credit_card_fraud,veto_mavs,adversarial_confidence_inflation,shadow,unsafe_acceptance_rate,lower_is_better,7.034327518289252e-05,0.0|0.05|0.1|0.2|0.4|0.6|0.8|1.0,c340027290c43fd20f568cd2f2c964c93b2fe8564188920c13221df5f008f01a
locked,credit_card_fraud,veto_mavs,adversarial_confidence_inflation,shadow,technical_failure_rate,lower_is_better,0.0,0.0|0.05|0.1|0.2|0.4|0.6|0.8|1.0,2007b142632288da393ffa2da8a95d3870337374f000e45d7138882affa11d1c
locked,credit_card_fraud,veto_mavs,adversarial_confidence_inflation,shadow,rejection_rate,context_dependent,0.9988062216916541,0.0|0.05|0.1|0.2|0.4|0.6|0.8|1.0,ee4e28704eb0ff60da0990be601f18cc56964cdc628306d4d50369cbb8274623
audit,credit_card_fraud,veto_mavs,confidence_distortion,audit,accuracy,higher_is_better,0.9992275280898877,0.0|0.05|0.1|0.2|0.4|0.6|0.8|1.0,81f7c1f28eba04acbeb53cc4e8cf48e433ce49492dd23664351a0e5fa59b2148
audit,credit_card_fraud,veto_mavs,confidence_distortion,audit,f1,higher_is_better,0.7441860465116279,0.0|0.05|0.1|0.2|0.4|0.6|0.8|1.0,8430db611821c016690d0330e411a4ade49342a83e22305cd4bd7b40779c3bbf
audit,credit_card_fraud,veto_mavs,confidence_distortion,audit,unsafe_acceptance_rate,lower_is_better,0.00014069644741470278,0.0|0.05|0.1|0.2|0.4|0.6|0.8|1.0,672e4544e0de532758159d283ad163140272ad7c8c6a9d7b367582c99e7f2f5b
audit,credit_card_fraud,veto_mavs,confidence_distortion,audit,technical_failure_rate,lower_is_better,0.0,0.0|0.05|0.1|0.2|0.4|0.6|0.8|1.0,ea0d08924d5e21859572d7516a2b6edd083539310511faca71ef8a2566641a5b
audit,credit_card_fraud,veto_mavs,confidence_distortion,audit,rejection_rate,context_dependent,0.9987359550561796,0.0|0.05|0.1|0.2|0.4|0.6|0.8|1.0,d63df985f5d3ab0f7756e9d088c2a9b412b1d8bf8fc606387adee24a24654f15
audit,credit_card_fraud,veto_mavs,confidence_distortion,shadow,accuracy,higher_is_better,0.9992275280898877,0.0|0.05|0.1|0.2|0.4|0.6|0.8|1.0,7ac6771571e088e4664293c88270d04329e7c9b9e670c2dd94d2d4dc144b6a4b
audit,credit_card_fraud,veto_mavs,confidence_distortion,shadow,f1,higher_is_better,0.7441860465116279,0.0|0.05|0.1|0.2|0.4|0.6|0.8|1.0,cee2c1201667d1c5d52dc894d6f6f52107b376a46a18506dcddef129d320af95
audit,credit_card_fraud,veto_mavs,confidence_distortion,shadow,unsafe_acceptance_rate,lower_is_better,0.00014069644741470278,0.0|0.05|0.1|0.2|0.4|0.6|0.8|1.0,5200b84e32cfdaa23a231d896a0294dd95f37b29f3faacdb23a42f1be2fa5883
audit,credit_card_fraud,veto_mavs,confidence_distortion,shadow,technical_failure_rate,lower_is_better,0.0,0.0|0.05|0.1|0.2|0.4|0.6|0.8|1.0,59b5a5647a734b50f81b3475d4314848568d8904302cfe82566ff228e903c92e
audit,credit_card_fraud,veto_mavs,confidence_distortion,shadow,rejection_rate,context_dependent,0.9987359550561796,0.0|0.05|0.1|0.2|0.4|0.6|0.8|1.0,1e676a7b629ee94f29854d262bedaf5b36e76ac75f3baa73066b1006eb402352
locked,credit_card_fraud,veto_mavs,confidence_distortion,primary,accuracy,higher_is_better,0.9993328885923949,0.0|0.05|0.1|0.2|0.4|0.6|0.8|1.0,9a20be6957f8b3cec3fd104586cc3170fb81b47bedc32ea356e62fe9746c58a0
locked,credit_card_fraud,veto_mavs,confidence_distortion,primary,f1,higher_is_better,0.7710843373493975,0.0|0.05|0.1|0.2|0.4|0.6|0.8|1.0,e954fd0182db5c3a3a01832f5c94e028903dab73bf865054d552aeae56ea1bfe
locked,credit_card_fraud,veto_mavs,confidence_distortion,primary,unsafe_acceptance_rate,lower_is_better,7.034327518289252e-05,0.0|0.05|0.1|0.2|0.4|0.6|0.8|1.0,f7b5be903c3d8f233bce1f0236684c78419fe9762abb6055cd8712cdbe0665f6
locked,credit_card_fraud,veto_mavs,confidence_distortion,primary,technical_failure_rate,lower_is_better,0.0,0.0|0.05|0.1|0.2|0.4|0.6|0.8|1.0,6414180b8939b98a5c6508ba4350a0074fd56f0438afaec5c6f8b45105ca8071
locked,credit_card_fraud,veto_mavs,confidence_distortion,primary,rejection_rate,context_dependent,0.9988062216916541,0.0|0.05|0.1|0.2|0.4|0.6|0.8|1.0,40b6f19d7ec5cea7d3e33a2dc716aa71612df7d1b5267b87f885e6e3d9857149
locked,credit_card_fraud,veto_mavs,confidence_distortion,shadow,accuracy,higher_is_better,0.9993328885923949,0.0|0.05|0.1|0.2|0.4|0.6|0.8|1.0,7155a347f959cc0afd3afb347d5ec5acb48a3f27f2a682f5c578c25b0e964c6d
locked,credit_card_fraud,veto_mavs,confidence_distortion,shadow,f1,higher_is_better,0.7710843373493975,0.0|0.05|0.1|0.2|0.4|0.6|0.8|1.0,3a31b832e81a11ad8b4b70204d4e0daab2648f484c7935636c2cf29f55661244
locked,credit_card_fraud,veto_mavs,confidence_distortion,shadow,unsafe_acceptance_rate,lower_is_better,7.034327518289252e-05,0.0|0.05|0.1|0.2|0.4|0.6|0.8|1.0,a156d9af0a23feedb24c2ba3e662bbb098ad498ed3b9503ed0db487df8ca0387
locked,credit_card_fraud,veto_mavs,confidence_distortion,shadow,technical_failure_rate,lower_is_better,0.0,0.0|0.05|0.1|0.2|0.4|0.6|0.8|1.0,32ac935994d10c40c726fefa358393ceb3c6346d8b0e4e4439201ee0ee7237f9
locked,credit_card_fraud,veto_mavs,confidence_distortion,shadow,rejection_rate,context_dependent,0.9988062216916541,0.0|0.05|0.1|0.2|0.4|0.6|0.8|1.0,ef0ef7eb8bce3391887172374f4e662ba8eb61157141a2907839aa60982f27a9
audit,credit_card_fraud,veto_mavs,distribution_shift,audit,accuracy,higher_is_better,0.9987611386974047,0.0|0.05|0.1|0.2|0.4|0.6|0.8|1.0,f20bdcd1fe2d64514319070f62ab364e4e3e704feca8c87120d68a05aa69286e
audit,credit_card_fraud,veto_mavs,distribution_shift,audit,f1,higher_is_better,0.7459579180509412,0.0|0.05|0.1|0.2|0.4|0.6|0.8|1.0,be6b4e11c1dff2582e4320a740e6917ce4e54904f2c7d05a079f522050d2fffe
audit,credit_card_fraud,veto_mavs,distribution_shift,audit,unsafe_acceptance_rate,lower_is_better,0.0002296171765053172,0.0|0.05|0.1|0.2|0.4|0.6|0.8|1.0,5191402b050a01587cb3d2cc17849c6c2c973b601882c3ea5a44f63b258e12a3
audit,credit_card_fraud,veto_mavs,distribution_shift,audit,technical_failure_rate,lower_is_better,0.0,0.0|0.05|0.1|0.2|0.4|0.6|0.8|1.0,cfadc3fd58afcbe113b019655ef0f2899ecc34d117699636b9c96b79619a3b5e
audit,credit_card_fraud,veto_mavs,distribution_shift,audit,rejection_rate,context_dependent,0.9979399400777318,0.0|0.05|0.1|0.2|0.4|0.6|0.8|1.0,6bc2851a81a865b298b08c663bd3817b8ff612aa10f8a2d23e33427d574fdda4
audit,credit_card_fraud,veto_mavs,distribution_shift,shadow,accuracy,higher_is_better,0.9987611386974047,0.0|0.05|0.1|0.2|0.4|0.6|0.8|1.0,91808d9d0dab3c4dffec8fa50920c1a5554d031819b3e0c9eb075936964cb4d7
audit,credit_card_fraud,veto_mavs,distribution_shift,shadow,f1,higher_is_better,0.7459579180509412,0.0|0.05|0.1|0.2|0.4|0.6|0.8|1.0,283657a7ec47405505a3180eb14986636f5a98d40f58061de62fd0a7ea38d44d
audit,credit_card_fraud,veto_mavs,distribution_shift,shadow,unsafe_acceptance_rate,lower_is_better,0.0002296171765053172,0.0|0.05|0.1|0.2|0.4|0.6|0.8|1.0,9c6d04f1fc25a5e1c120e8eacf991213db4c575c3bde8731bec4ffb0bbb8bc26
audit,credit_card_fraud,veto_mavs,distribution_shift,shadow,technical_failure_rate,lower_is_better,0.0,0.0|0.05|0.1|0.2|0.4|0.6|0.8|1.0,9d67a351bc0f415c342d577affc339e6fcec2e10346c1f137a41ddbf5bbc14d4
audit,credit_card_fraud,veto_mavs,distribution_shift,shadow,rejection_rate,context_dependent,0.9979399400777318,0.0|0.05|0.1|0.2|0.4|0.6|0.8|1.0,9ecb675ebeb3c46798cd4909f26927caa08de07df719fb5246884be7bede01da
locked,credit_card_fraud,veto_mavs,distribution_shift,primary,accuracy,higher_is_better,0.9991001392109995,0.0|0.05|0.1|0.2|0.4|0.6|0.8|1.0,bc950bc4ba59620a2aeb64ee94bcce5081a68e3e76f34b7ab62db8d7a03116de
locked,credit_card_fraud,veto_mavs,distribution_shift,primary,f1,higher_is_better,0.7957359525987826,0.0|0.05|0.1|0.2|0.4|0.6|0.8|1.0,907440cc875c9cf55f1765aa3e3dddb917b134ccdd5d0f5b1db5f3e3b698988c
locked,credit_card_fraud,veto_mavs,distribution_shift,primary,unsafe_acceptance_rate,lower_is_better,0.00011477500857098845,0.0|0.05|0.1|0.2|0.4|0.6|0.8|1.0,3d1dc0997cfd5371f6890a8f78644659fcaadbca7d5cc4000d4df0331718b556
locked,credit_card_fraud,veto_mavs,distribution_shift,primary,technical_failure_rate,lower_is_better,0.0,0.0|0.05|0.1|0.2|0.4|0.6|0.8|1.0,242bbe2c245e35573c7ef6a655a8ce5625b23b6a57a3042fa0f02ccb628ed8e8
locked,credit_card_fraud,veto_mavs,distribution_shift,primary,rejection_rate,context_dependent,0.9980543950396935,0.0|0.05|0.1|0.2|0.4|0.6|0.8|1.0,2b9ec40fb3933688845f0341292287299f6780098633e377e9269df1dc5b571c
locked,credit_card_fraud,veto_mavs,distribution_shift,shadow,accuracy,higher_is_better,0.9991001392109995,0.0|0.05|0.1|0.2|0.4|0.6|0.8|1.0,ad83e82bc9cd115fa75c18441f5c10b4528dc2d2fca7bc1d43e12d93d6448515
locked,credit_card_fraud,veto_mavs,distribution_shift,shadow,f1,higher_is_better,0.7957359525987826,0.0|0.05|0.1|0.2|0.4|0.6|0.8|1.0,fec033ea43ec6d3a9dd0eb87d4d4f5066c4b2025ce3a537a2129b00f517b4f03
locked,credit_card_fraud,veto_mavs,distribution_shift,shadow,unsafe_acceptance_rate,lower_is_better,0.00011477500857098845,0.0|0.05|0.1|0.2|0.4|0.6|0.8|1.0,50265d59ca4981ebc3b665e034aad7de5251d8825ec94885c78345340da8afdf
locked,credit_card_fraud,veto_mavs,distribution_shift,shadow,technical_failure_rate,lower_is_better,0.0,0.0|0.05|0.1|0.2|0.4|0.6|0.8|1.0,032c3f19ffe0b64657ece5b4f1d2c03cae6004fe18ae7827afa871b2d65e5aed
locked,credit_card_fraud,veto_mavs,distribution_shift,shadow,rejection_rate,context_dependent,0.9980543950396935,0.0|0.05|0.1|0.2|0.4|0.6|0.8|1.0,ccb361f9be831d51f94a4510b97aa72178d932dd9434c090f85ffe2834b8e860
audit,credit_card_fraud,veto_mavs,feature_noise,audit,accuracy,higher_is_better,0.9991134129213483,0.0|0.05|0.1|0.2|0.4|0.6|0.8|1.0,11c64008855c8162d6ed30fc9db45c71f2b7e91d359cc2054d1fa2e99b9175e2
audit,credit_card_fraud,veto_mavs,feature_noise,audit,f1,higher_is_better,0.709354157953137,0.0|0.05|0.1|0.2|0.4|0.6|0.8|1.0,c32f73e2afd5cab138d928e292543250eac9a2656ec9cc5c4a959b50374ad28e
audit,credit_card_fraud,veto_mavs,feature_noise,audit,unsafe_acceptance_rate,lower_is_better,0.00021397584710986046,0.0|0.05|0.1|0.2|0.4|0.6|0.8|1.0,2411fb93f20ab76b879ed23ce22c2a847d88d012ac97f407e50d76abb3a55b8f
audit,credit_card_fraud,veto_mavs,feature_noise,audit,technical_failure_rate,lower_is_better,0.0,0.0|0.05|0.1|0.2|0.4|0.6|0.8|1.0,368692446a5205b0314150a9d39a6d4f53d72adbd433bf2576a9cc6ddcdfb5f8
audit,credit_card_fraud,veto_mavs,feature_noise,audit,rejection_rate,context_dependent,0.9987037687265918,0.0|0.05|0.1|0.2|0.4|0.6|0.8|1.0,6b209e890c9c0685739204bc004ec3f5d0a6e6883033ab6948f1f3f5bad491cd
audit,credit_card_fraud,veto_mavs,feature_noise,shadow,accuracy,higher_is_better,0.9990783005617978,0.0|0.05|0.1|0.2|0.4|0.6|0.8|1.0,2ad23124f700244b7b51c0053e5843fa7e4b58e0b4fae8744558ff4d0cee690d
audit,credit_card_fraud,veto_mavs,feature_noise,shadow,f1,higher_is_better,0.697906518388651,0.0|0.05|0.1|0.2|0.4|0.6|0.8|1.0,45cc5ef938eaadb967c340c421b9e17b475bf96aacc9ae39e2ae287a9a3c3968
audit,credit_card_fraud,veto_mavs,feature_noise,shadow,unsafe_acceptance_rate,lower_is_better,0.00023214913823425959,0.0|0.05|0.1|0.2|0.4|0.6|0.8|1.0,d69554a6e9858f67f4ca6e068ca08c39d4e478a84adc5323a128b74def165e01
audit,credit_card_fraud,veto_mavs,feature_noise,shadow,technical_failure_rate,lower_is_better,0.0,0.0|0.05|0.1|0.2|0.4|0.6|0.8|1.0,2ec1f0dd108b28e1aecc09dea7a65f7cdb4d7ad7f7890465f2d50198832cfba7
audit,credit_card_fraud,veto_mavs,feature_noise,shadow,rejection_rate,context_dependent,0.9987025983146067,0.0|0.05|0.1|0.2|0.4|0.6|0.8|1.0,2d1f602ec94937247b4647c0d78426a2d1fc4528efa4f30d90564bf60ad8485f
locked,credit_card_fraud,veto_mavs,feature_noise,primary,accuracy,higher_is_better,0.9992641293025759,0.0|0.05|0.1|0.2|0.4|0.6|0.8|1.0,b6654c69bb6dd66109e298c1e1dc34c8373d0954bb05e250f01e49e0405b8879
locked,credit_card_fraud,veto_mavs,feature_noise,primary,f1,higher_is_better,0.7471244473150717,0.0|0.05|0.1|0.2|0.4|0.6|0.8|1.0,4abf0024996cc921ebc0d4bbde5c64deb8d00ea7e5afa651d637bc0f22eaf615
locked,credit_card_fraud,veto_mavs,feature_noise,primary,unsafe_acceptance_rate,lower_is_better,0.0001043425248546239,0.0|0.05|0.1|0.2|0.4|0.6|0.8|1.0,7d437c9310d6248db360fc0097a668cbeb63d1e5c754428613dbc4f165047308
locked,credit_card_fraud,veto_mavs,feature_noise,primary,technical_failure_rate,lower_is_better,0.0,0.0|0.05|0.1|0.2|0.4|0.6|0.8|1.0,4114fe192f842f0306cfe15f010bc9f8f4df3a9c2c91b4cae3acc61f3bd673d1
locked,credit_card_fraud,veto_mavs,feature_noise,primary,rejection_rate,context_dependent,0.9988070994698219,0.0|0.05|0.1|0.2|0.4|0.6|0.8|1.0,f112daf8e6172628b76ee63cbf4c734d273f2abc1c72476dc9ead85edc15bb26
locked,credit_card_fraud,veto_mavs,feature_noise,shadow,accuracy,higher_is_better,0.9992740774551454,0.0|0.05|0.1|0.2|0.4|0.6|0.8|1.0,26422bd6deed4f451675d1e51a9de05157add6abb43f33cd5479b320566b26a7
locked,credit_card_fraud,veto_mavs,feature_noise,shadow,f1,higher_is_better,0.7548227367541539,0.0|0.05|0.1|0.2|0.4|0.6|0.8|1.0,b79425dbefd4ac3a0b11b36a77150ad6a7da6ce98c8b880901843bfb56c0a548
locked,credit_card_fraud,veto_mavs,feature_noise,shadow,unsafe_acceptance_rate,lower_is_better,0.00012310073157006192,0.0|0.05|0.1|0.2|0.4|0.6|0.8|1.0,097c1b3467b1436e3c222d84183faab11161498b25d37827dc1c961a02bd5bf2
locked,credit_card_fraud,veto_mavs,feature_noise,shadow,technical_failure_rate,lower_is_better,0.0,0.0|0.05|0.1|0.2|0.4|0.6|0.8|1.0,bc4db0dbcbff07a9040e192d31c015baa560ac89605d98b478490c09f9253991
locked,credit_card_fraud,veto_mavs,feature_noise,shadow,rejection_rate,context_dependent,0.9987596994487552,0.0|0.05|0.1|0.2|0.4|0.6|0.8|1.0,8541dbca84063aa1888d3becf7dcf78f175642966ddeaf35ab135d5811a85910
audit,credit_card_fraud,veto_mavs,label_noise,audit,accuracy,higher_is_better,0.9992275280898877,0.0|0.05|0.1|0.2|0.4|0.6|0.8|1.0,ba91eb118d959a593a67fab76a9081ac3a0e192e93a85e5019f2a6adcb5d5761
audit,credit_card_fraud,veto_mavs,label_noise,audit,f1,higher_is_better,0.7441860465116279,0.0|0.05|0.1|0.2|0.4|0.6|0.8|1.0,529c16b468cce24f92a5409764618ef326bf942ab7357332d76abc28f47ec5e3
audit,credit_card_fraud,veto_mavs,label_noise,audit,unsafe_acceptance_rate,lower_is_better,0.00014069644741470278,0.0|0.05|0.1|0.2|0.4|0.6|0.8|1.0,beb160c81311a766b36b1ed6f9517ab223d19d1a03b651e31afaf2cac5ce5753
audit,credit_card_fraud,veto_mavs,label_noise,audit,technical_failure_rate,lower_is_better,0.0,0.0|0.05|0.1|0.2|0.4|0.6|0.8|1.0,0ce01ae0490226bdcf8340eeb6beb7703962859497e061e9cec962fafc3768dc
audit,credit_card_fraud,veto_mavs,label_noise,audit,rejection_rate,context_dependent,0.9987359550561796,0.0|0.05|0.1|0.2|0.4|0.6|0.8|1.0,fdd81a6a24d3c84989f67ea052c0ac2840906b024e8a9b34b8a9f57efabfa4b0
audit,credit_card_fraud,veto_mavs,label_noise,shadow,accuracy,higher_is_better,0.9992275280898877,0.0|0.05|0.1|0.2|0.4|0.6|0.8|1.0,12897b91bd57e0f8625b19938390c0857982f27d4fb1af37c77764b838afb0b1
audit,credit_card_fraud,veto_mavs,label_noise,shadow,f1,higher_is_better,0.7441860465116279,0.0|0.05|0.1|0.2|0.4|0.6|0.8|1.0,5cffc4e43ae4c02e997929bd679e2832562c9fafec3db3ccc23f14d4c14514f8
audit,credit_card_fraud,veto_mavs,label_noise,shadow,unsafe_acceptance_rate,lower_is_better,0.00014069644741470278,0.0|0.05|0.1|0.2|0.4|0.6|0.8|1.0,48b2a5cd9ec32a5ce252123a96cd17822d8dc3336a574bab6c834ae80fb049e3
audit,credit_card_fraud,veto_mavs,label_noise,shadow,technical_failure_rate,lower_is_better,0.0,0.0|0.05|0.1|0.2|0.4|0.6|0.8|1.0,d48a90c0797453df5fd74a9d3e83b069fcb61717835b06826997d5b6b6f1a745
audit,credit_card_fraud,veto_mavs,label_noise,shadow,rejection_rate,context_dependent,0.9987359550561796,0.0|0.05|0.1|0.2|0.4|0.6|0.8|1.0,7bce4d6a992a126ce2b506b8fda841e2a104bbd92efc04112ebd8ae0068f2fbf
locked,credit_card_fraud,veto_mavs,label_noise,primary,accuracy,higher_is_better,0.9993328885923949,0.0|0.05|0.1|0.2|0.4|0.6|0.8|1.0,5dd477949a68704a4120c070b0bb6b0ee569702a484a8c2d42c138620c78f2b4
locked,credit_card_fraud,veto_mavs,label_noise,primary,f1,higher_is_better,0.7710843373493975,0.0|0.05|0.1|0.2|0.4|0.6|0.8|1.0,d671affc9faf58e824e2cc0b6b793434d5d69c83c5ab86d896a1285e0e038a28
locked,credit_card_fraud,veto_mavs,label_noise,primary,unsafe_acceptance_rate,lower_is_better,7.034327518289252e-05,0.0|0.05|0.1|0.2|0.4|0.6|0.8|1.0,e61a59f6f1790d722871fd4bf57dd71dc07280e952e03f11963a259070f25e0b
locked,credit_card_fraud,veto_mavs,label_noise,primary,technical_failure_rate,lower_is_better,0.0,0.0|0.05|0.1|0.2|0.4|0.6|0.8|1.0,4a5956429bb6d3325ede61611ef744d0f8a0a3c7f75ba2814e34d7b6da90674f
locked,credit_card_fraud,veto_mavs,label_noise,primary,rejection_rate,context_dependent,0.9988062216916541,0.0|0.05|0.1|0.2|0.4|0.6|0.8|1.0,01c52afad82bdb8d6a3f65989ee1a48147cf80a150804faf24538cc959fb47dd
locked,credit_card_fraud,veto_mavs,label_noise,shadow,accuracy,higher_is_better,0.9993328885923949,0.0|0.05|0.1|0.2|0.4|0.6|0.8|1.0,15d47920152218cb6aac234162256fe14c6f593df5f07bb4eda42517b2c97182
locked,credit_card_fraud,veto_mavs,label_noise,shadow,f1,higher_is_better,0.7710843373493975,0.0|0.05|0.1|0.2|0.4|0.6|0.8|1.0,2baad96f8ca4d277bfc9aee6338387959038d7478b682754b4e94f93beb3b0b9
locked,credit_card_fraud,veto_mavs,label_noise,shadow,unsafe_acceptance_rate,lower_is_better,7.034327518289252e-05,0.0|0.05|0.1|0.2|0.4|0.6|0.8|1.0,d61d47d99832d62294c3a904e29689b26a3781efca6f6e164595508de906ba57
locked,credit_card_fraud,veto_mavs,label_noise,shadow,technical_failure_rate,lower_is_better,0.0,0.0|0.05|0.1|0.2|0.4|0.6|0.8|1.0,18c6e2a570b53d42796692e52b299c67008a426de9fead0edb0d91bb31053716
locked,credit_card_fraud,veto_mavs,label_noise,shadow,rejection_rate,context_dependent,0.9988062216916541,0.0|0.05|0.1|0.2|0.4|0.6|0.8|1.0,895684b4689212bd509ed18dba1e796fe5bb223ab080afa4d5318fc65b3e1681
audit,credit_card_fraud,veto_mavs,missing_features,audit,accuracy,higher_is_better,0.9985767790262172,0.0|0.05|0.1|0.2|0.4|0.6|0.8|1.0,da183ed02f9987a1a6b06873053d2167fb7c20b40bea4ee4ef17221b147acb0a
audit,credit_card_fraud,veto_mavs,missing_features,audit,f1,higher_is_better,0.3090830813089994,0.0|0.05|0.1|0.2|0.4|0.6|0.8|1.0,d949d303385ee6099c882617d52f80548fa0889068c4952e77301ecf619336b6
audit,credit_card_fraud,veto_mavs,missing_features,audit,unsafe_acceptance_rate,lower_is_better,5.510610857075859e-05,0.0|0.05|0.1|0.2|0.4|0.6|0.8|1.0,c69f6790c0ff9d03d91ca69094e6b403be3986c50a14cdd8203dff9bee72ad8d
audit,credit_card_fraud,veto_mavs,missing_features,audit,technical_failure_rate,lower_is_better,0.0,0.0|0.05|0.1|0.2|0.4|0.6|0.8|1.0,358a2e10248a68c3c33a91e2a3a47a28dd7b701f94c2716acc1a9820527f22f3
audit,credit_card_fraud,veto_mavs,missing_features,audit,rejection_rate,context_dependent,0.9995575842696629,0.0|0.05|0.1|0.2|0.4|0.6|0.8|1.0,1ab065f947ebb1d0ecf9acd1e3d0b7620d03094fb6ac22724875be9adadc1efd
audit,credit_card_fraud,veto_mavs,missing_features,shadow,accuracy,higher_is_better,0.9985533707865168,0.0|0.05|0.1|0.2|0.4|0.6|0.8|1.0,5d0f96015c9ea57ff37833f9763e3677bce0e53e1feef14f29fe80053621a43d
audit,credit_card_fraud,veto_mavs,missing_features,shadow,f1,higher_is_better,0.29912482823544984,0.0|0.05|0.1|0.2|0.4|0.6|0.8|1.0,fc7488c738e20b4ab65c2df30cee77b7014ac27c01a17f1e7744a77396bf490d
audit,credit_card_fraud,veto_mavs,missing_features,shadow,unsafe_acceptance_rate,lower_is_better,7.12275765036933e-05,0.0|0.05|0.1|0.2|0.4|0.6|0.8|1.0,13c06a12264dae58c7576ac502fcc006b32082887e4a84f2ba3d5de2c0be434b
audit,credit_card_fraud,veto_mavs,missing_features,shadow,technical_failure_rate,lower_is_better,0.0,0.0|0.05|0.1|0.2|0.4|0.6|0.8|1.0,ff32732991053245e4fc74392bcc0cf68e28b18905d41427fe0c48a046888b20
audit,credit_card_fraud,veto_mavs,missing_features,shadow,rejection_rate,context_dependent,0.9995488061797753,0.0|0.05|0.1|0.2|0.4|0.6|0.8|1.0,3c18ecd34f860176a146300525a119f87ccdda4235e00d16758dcc7531668014
locked,credit_card_fraud,veto_mavs,missing_features,primary,accuracy,higher_is_better,0.9986122327165479,0.0|0.05|0.1|0.2|0.4|0.6|0.8|1.0,d59dd8ce05f2a685a089236bf517bf2769b411fe70b95a6f081a5716cf352ff6
locked,credit_card_fraud,veto_mavs,missing_features,primary,f1,higher_is_better,0.30212048677255493,0.0|0.05|0.1|0.2|0.4|0.6|0.8|1.0,1796c0815df2679e383a4c890abfd98e70c82080ba81bfe3c4d0c3e899d046f8
locked,credit_card_fraud,veto_mavs,missing_features,primary,unsafe_acceptance_rate,lower_is_better,3.780951041080473e-05,0.0|0.05|0.1|0.2|0.4|0.6|0.8|1.0,bb88458a70c2f78e93113d2803217fa3f3e2b6bad6435d3fd421ee930f8b96dd
locked,credit_card_fraud,veto_mavs,missing_features,primary,technical_failure_rate,lower_is_better,0.0,0.0|0.05|0.1|0.2|0.4|0.6|0.8|1.0,17c0411d9a553548ae2b828a3f3f95cd9d23e67d737ea8e2653e3a96cad0e7bf
locked,credit_card_fraud,veto_mavs,missing_features,primary,rejection_rate,context_dependent,0.9995918331519259,0.0|0.05|0.1|0.2|0.4|0.6|0.8|1.0,fed1797ee71b30619ce7391cd70d10c03e244ace87aea8216b09e0519506b38b
locked,credit_card_fraud,veto_mavs,missing_features,shadow,accuracy,higher_is_better,0.9986131104947158,0.0|0.05|0.1|0.2|0.4|0.6|0.8|1.0,5853b830a8e025e1c16484bd9f0e67d5552b3a6f408664ece09e491a4a0702d5
locked,credit_card_fraud,veto_mavs,missing_features,shadow,f1,higher_is_better,0.3154828056623004,0.0|0.05|0.1|0.2|0.4|0.6|0.8|1.0,a486c6a0d8df0d4006b7d8e04167bb417f610473aa750d43c2321f0f8a816b9f
locked,credit_card_fraud,veto_mavs,missing_features,shadow,unsafe_acceptance_rate,lower_is_better,5.715391108610017e-05,0.0|0.05|0.1|0.2|0.4|0.6|0.8|1.0,470c3f9a1b334a56ebaa1e2ffc72a499c4b81a41b94fa05fcdd27c5e5acbad85
locked,credit_card_fraud,veto_mavs,missing_features,shadow,technical_failure_rate,lower_is_better,0.0,0.0|0.05|0.1|0.2|0.4|0.6|0.8|1.0,a99986bb3e0f2e2dd6ea7099ad1de62f4bd4598086c204512bd100af3d1b8dad
locked,credit_card_fraud,veto_mavs,missing_features,shadow,rejection_rate,context_dependent,0.9995523331343702,0.0|0.05|0.1|0.2|0.4|0.6|0.8|1.0,82b2f6f58340b226e1cb0178383ec6146e111e31586ae39a1bd4ef7e045c0da8
audit,credit_card_fraud,veto_mavs,random_feature_deletion,audit,accuracy,higher_is_better,0.9984667602996254,0.0|0.05|0.1|0.2|0.4|0.6|0.8|1.0,99ca422c29e02ed08d8e6b620222647bffbbebb71227d03e47b1356ec653b554
audit,credit_card_fraud,veto_mavs,random_feature_deletion,audit,f1,higher_is_better,0.17537656771916557,0.0|0.05|0.1|0.2|0.4|0.6|0.8|1.0,e1a80cc3fa457f84394dd51122fedd0570e864a52f047a0da25263688a5476ff
audit,credit_card_fraud,veto_mavs,random_feature_deletion,audit,unsafe_acceptance_rate,lower_is_better,3.4001641458553174e-05,0.0|0.05|0.1|0.2|0.4|0.6|0.8|1.0,6da32ad4ed1a8f357d9436fc2d3020d47d08f4d48191fe528a8d8693dace31b1
audit,credit_card_fraud,veto_mavs,random_feature_deletion,audit,technical_failure_rate,lower_is_better,0.0,0.0|0.05|0.1|0.2|0.4|0.6|0.8|1.0,09e11b6aa84afb13fc4f81c39ffb164e965041333677b5a2cba1ad6ade6c6f97
audit,credit_card_fraud,veto_mavs,random_feature_deletion,audit,rejection_rate,context_dependent,0.9997097378277154,0.0|0.05|0.1|0.2|0.4|0.6|0.8|1.0,ee5b2115876b8bfaaf1e02ebbfeeca72bfc6710e4db4ab0c4be3e9ab6ed1d818
audit,credit_card_fraud,veto_mavs,random_feature_deletion,shadow,accuracy,higher_is_better,0.9986437851123596,0.0|0.05|0.1|0.2|0.4|0.6|0.8|1.0,90c56b8c8946575d66ee1ff8b2a4673bd91bfc00179832967b7d88b36f06eb95
audit,credit_card_fraud,veto_mavs,random_feature_deletion,shadow,f1,higher_is_better,0.3485632743999165,0.0|0.05|0.1|0.2|0.4|0.6|0.8|1.0,f054823ec79c9f47c3274a126365ccbf72186dbbb348c776a295af9acf5a6ae0
audit,credit_card_fraud,veto_mavs,random_feature_deletion,shadow,unsafe_acceptance_rate,lower_is_better,8.441786844882166e-05,0.0|0.05|0.1|0.2|0.4|0.6|0.8|1.0,4724cc35efe821730aa359ff8b024477c89928f90756290c2354c1289d51523a
audit,credit_card_fraud,veto_mavs,random_feature_deletion,shadow,technical_failure_rate,lower_is_better,0.0,0.0|0.05|0.1|0.2|0.4|0.6|0.8|1.0,a50bc282d6f5206c57b6a470d15a23461965b9903129a569e1d3f62acd26f4f1
audit,credit_card_fraud,veto_mavs,random_feature_deletion,shadow,rejection_rate,context_dependent,0.9994320575842697,0.0|0.05|0.1|0.2|0.4|0.6|0.8|1.0,0199c267431f8a99efcf64599c0bf4e39ec1b5c7b699a74b72c0bb913045e878
locked,credit_card_fraud,veto_mavs,random_feature_deletion,primary,accuracy,higher_is_better,0.9985232845288672,0.0|0.05|0.1|0.2|0.4|0.6|0.8|1.0,8047529c629f58b638e9cbb17e651af933f5dd5ff52fcf8b72f9197fd56c5c89
locked,credit_card_fraud,veto_mavs,random_feature_deletion,primary,f1,higher_is_better,0.183326037727224,0.0|0.05|0.1|0.2|0.4|0.6|0.8|1.0,b4eb6d2d921824ddd92f627722f8e05081d9234cee7068ed18be600b653e65da
locked,credit_card_fraud,veto_mavs,random_feature_deletion,primary,unsafe_acceptance_rate,lower_is_better,1.4654848996435943e-05,0.0|0.05|0.1|0.2|0.4|0.6|0.8|1.0,a71708ffe66ca2a5aed98284682271f82ea6d8bfbc3438ac8a2ebed313ea9440
locked,credit_card_fraud,veto_mavs,random_feature_deletion,primary,technical_failure_rate,lower_is_better,0.0,0.0|0.05|0.1|0.2|0.4|0.6|0.8|1.0,d2a21561a77a3fa00672ae6b852bf909f2ac28fb06028d418100f9a5cd4c5eb1
locked,credit_card_fraud,veto_mavs,random_feature_deletion,primary,rejection_rate,context_dependent,0.9997270109897827,0.0|0.05|0.1|0.2|0.4|0.6|0.8|1.0,5fde60a1695752a20414d0858390ec38f57ffcd25cee755e52e8b318032cf682
locked,credit_card_fraud,veto_mavs,random_feature_deletion,shadow,accuracy,higher_is_better,0.9986578771812787,0.0|0.05|0.1|0.2|0.4|0.6|0.8|1.0,b16b29c45fa1feecad33c090d2e91763c75ece707461e1e692c1ac33e0a6452d
locked,credit_card_fraud,veto_mavs,random_feature_deletion,shadow,f1,higher_is_better,0.31174368530995183,0.0|0.05|0.1|0.2|0.4|0.6|0.8|1.0,ff500aeb881ab24c8276bd1c658c5928cad014b89d1424ec6c12171c29b8502b
locked,credit_card_fraud,veto_mavs,random_feature_deletion,shadow,unsafe_acceptance_rate,lower_is_better,3.3413055711873943e-05,0.0|0.05|0.1|0.2|0.4|0.6|0.8|1.0,3eedfa8172497ee21e93be127a1706e20eca23e18db07779cabf3096a3c010a2
locked,credit_card_fraud,veto_mavs,random_feature_deletion,shadow,technical_failure_rate,lower_is_better,0.0,0.0|0.05|0.1|0.2|0.4|0.6|0.8|1.0,a97d603d398f34070bf7cd593f8bcdfc148fa637b5d8c5a02257bdbea6fdabf6
locked,credit_card_fraud,veto_mavs,random_feature_deletion,shadow,rejection_rate,context_dependent,0.999554966468874,0.0|0.05|0.1|0.2|0.4|0.6|0.8|1.0,b3de57fd5d0bdf1a9cc0be9503a90916c0fda3a3827e685ba44135778508fefe
audit,credit_card_fraud,veto_mavs,specialist_failure,audit,accuracy,higher_is_better,0.699929775280899,0.0|0.05|0.1|0.2|0.4|0.6|0.8|1.0,04f7161dbe2928331c46051ac65d62f367deb4dd55873d80171c8fb52749303d
audit,credit_card_fraud,veto_mavs,specialist_failure,audit,f1,higher_is_better,0.5033771061061795,0.0|0.05|0.1|0.2|0.4|0.6|0.8|1.0,1278c18fe5551e953f39e245bcccc45a5bc4ed3154d0f7c4ab80a129f878a7df
audit,credit_card_fraud,veto_mavs,specialist_failure,audit,unsafe_acceptance_rate,lower_is_better,0.3001266268026732,0.0|0.05|0.1|0.2|0.4|0.6|0.8|1.0,868ca0867aed992cb25e991ac3abde174844f91d9a43a501a32d7dfac1ba268f
audit,credit_card_fraud,veto_mavs,specialist_failure,audit,technical_failure_rate,lower_is_better,0.0,0.0|0.05|0.1|0.2|0.4|0.6|0.8|1.0,1abb18773b08f99cc99e9703d9a76900d2fe25fd46fd36524dabda5c32d560ab
audit,credit_card_fraud,veto_mavs,specialist_failure,audit,rejection_rate,context_dependent,0.6991151685393258,0.0|0.05|0.1|0.2|0.4|0.6|0.8|1.0,eefc4be13c021d2125524f3b49e78d136b00d1cadac1ca4f9c27b20fe0d90636
audit,credit_card_fraud,veto_mavs,specialist_failure,shadow,accuracy,higher_is_better,0.699929775280899,0.0|0.05|0.1|0.2|0.4|0.6|0.8|1.0,9779dd702037b2320faccdde4b71b066a5dd0fd5b1226d754933952f81e48796
audit,credit_card_fraud,veto_mavs,specialist_failure,shadow,f1,higher_is_better,0.5033771061061795,0.0|0.05|0.1|0.2|0.4|0.6|0.8|1.0,1a887d7f089450ddc5480a2337ad958242abaa5c6b373eb6140f0aeab7514841
audit,credit_card_fraud,veto_mavs,specialist_failure,shadow,unsafe_acceptance_rate,lower_is_better,0.3001266268026732,0.0|0.05|0.1|0.2|0.4|0.6|0.8|1.0,9c9b37a4a851cdf7a587c97e7cd5d368b1d857e09c556375d5c741a322f26164
audit,credit_card_fraud,veto_mavs,specialist_failure,shadow,technical_failure_rate,lower_is_better,0.0,0.0|0.05|0.1|0.2|0.4|0.6|0.8|1.0,86b378186c64700875bcc52f52d0f985f28f8e48faa9fde8611272f99691a569
audit,credit_card_fraud,veto_mavs,specialist_failure,shadow,rejection_rate,context_dependent,0.6991151685393258,0.0|0.05|0.1|0.2|0.4|0.6|0.8|1.0,7c3f9f27ecf1c9afadb6b636e2e32fecf611dcb393f545140f5b8eeebe5674a8
locked,credit_card_fraud,veto_mavs,specialist_failure,primary,accuracy,higher_is_better,0.7000491555774024,0.0|0.05|0.1|0.2|0.4|0.6|0.8|1.0,069fb87d1bc58c0d120bccc2c832628f128c2cc65fdbe2713d2331bd4aaedf28
locked,credit_card_fraud,veto_mavs,specialist_failure,primary,f1,higher_is_better,0.5444252497091725,0.0|0.05|0.1|0.2|0.4|0.6|0.8|1.0,44857e362ef36cad8ae022e567fbee48b1662fd88e25c039fab9ea5e7744ebda
locked,credit_card_fraud,veto_mavs,specialist_failure,primary,unsafe_acceptance_rate,lower_is_better,0.30007298114800224,0.0|0.05|0.1|0.2|0.4|0.6|0.8|1.0,ffc723e763c75454acd6bd871f4beb81f43cf1de9c6c0cc68eed5c8efee1d68a
locked,credit_card_fraud,veto_mavs,specialist_failure,primary,technical_failure_rate,lower_is_better,0.0,0.0|0.05|0.1|0.2|0.4|0.6|0.8|1.0,8fec234109fc07c54bd530c2a00ab462800d446514b4e2390eec7bda7f035769
locked,credit_card_fraud,veto_mavs,specialist_failure,primary,rejection_rate,context_dependent,0.6991169551630912,0.0|0.05|0.1|0.2|0.4|0.6|0.8|1.0,e6497d9dc75f16bddeba8f35f747b3d8c83c5d1caf928839ccb8c675bcb9d359
locked,credit_card_fraud,veto_mavs,specialist_failure,shadow,accuracy,higher_is_better,0.7000491555774024,0.0|0.05|0.1|0.2|0.4|0.6|0.8|1.0,cd24fdaf440591ef0d4946a8c13d098821d7e5f4a31dfed2b56de50e203bc9aa
locked,credit_card_fraud,veto_mavs,specialist_failure,shadow,f1,higher_is_better,0.5444252497091725,0.0|0.05|0.1|0.2|0.4|0.6|0.8|1.0,0bbab045a23a1ba6bc9a0bae209d062136a66d1a3ae59b5e5219b1834896cb4e
locked,credit_card_fraud,veto_mavs,specialist_failure,shadow,unsafe_acceptance_rate,lower_is_better,0.30007298114800224,0.0|0.05|0.1|0.2|0.4|0.6|0.8|1.0,b8b8be6bdaabc00cfa09d1a6e9f1b8b504968a54eed83e86711fb52489e639d3
locked,credit_card_fraud,veto_mavs,specialist_failure,shadow,technical_failure_rate,lower_is_better,0.0,0.0|0.05|0.1|0.2|0.4|0.6|0.8|1.0,3f286b3621e7f649d3f5ef2ec734f03d9707bdaa344e5efdaed4168c66f285fd
locked,credit_card_fraud,veto_mavs,specialist_failure,shadow,rejection_rate,context_dependent,0.6991169551630912,0.0|0.05|0.1|0.2|0.4|0.6|0.8|1.0,9d64f9e1cbb6a5172312e3403218c112de71c2c6ea56495f91e0a52f7401db13
audit,credit_card_fraud,veto_mavs,synthetic_sensor_failure,audit,accuracy,higher_is_better,0.9984427668539326,0.0|0.05|0.1|0.2|0.4|0.6|0.8|1.0,d3be049d5c4a5e38aa38e98e481caffa0d31b470b741981f4659809dc8dfff7f
audit,credit_card_fraud,veto_mavs,synthetic_sensor_failure,audit,f1,higher_is_better,0.17781517747858014,0.0|0.05|0.1|0.2|0.4|0.6|0.8|1.0,7018a0b123937f53d88b11929f6e7ff5e1b743e8533a3594170e6de288e023a6
audit,credit_card_fraud,veto_mavs,synthetic_sensor_failure,audit,unsafe_acceptance_rate,lower_is_better,4.220893422441084e-05,0.0|0.05|0.1|0.2|0.4|0.6|0.8|1.0,0ef07bfbc5f5882b0a454cef3a05c042a300e42054aadd85557242adc693591e
audit,credit_card_fraud,veto_mavs,synthetic_sensor_failure,audit,technical_failure_rate,lower_is_better,0.0,0.0|0.05|0.1|0.2|0.4|0.6|0.8|1.0,1d1af628bae470f8ca580c893affe6bdd993b379a5fc853a7a0780018e390143
audit,credit_card_fraud,veto_mavs,synthetic_sensor_failure,audit,rejection_rate,context_dependent,0.999717345505618,0.0|0.05|0.1|0.2|0.4|0.6|0.8|1.0,ba968917448c7f2cf8a2e54e6aa9784762fe6ced5c71c28e3bf59c9b770a98b3
audit,credit_card_fraud,veto_mavs,synthetic_sensor_failure,shadow,accuracy,higher_is_better,0.9984427668539326,0.0|0.05|0.1|0.2|0.4|0.6|0.8|1.0,4587f0fc96b7286c75a80ae3d1d3fa512ee63b77965f91a25d61e2d501e8f926
audit,credit_card_fraud,veto_mavs,synthetic_sensor_failure,shadow,f1,higher_is_better,0.17781517747858014,0.0|0.05|0.1|0.2|0.4|0.6|0.8|1.0,0342217147b6aea82fc9f94f5e92ae2c79377d4d8b407e6cda95ca6a5a26d2e7
audit,credit_card_fraud,veto_mavs,synthetic_sensor_failure,shadow,unsafe_acceptance_rate,lower_is_better,4.220893422441084e-05,0.0|0.05|0.1|0.2|0.4|0.6|0.8|1.0,d8b5ffcc3bf439cec88de6980e80fdd5d1b54499ea2a307c4dc17970474f87eb
audit,credit_card_fraud,veto_mavs,synthetic_sensor_failure,shadow,technical_failure_rate,lower_is_better,0.0,0.0|0.05|0.1|0.2|0.4|0.6|0.8|1.0,115dbaf2a19f0d5b406d43079412c4df5bf1abc1c68c3779c70e12a2ecd4306e
audit,credit_card_fraud,veto_mavs,synthetic_sensor_failure,shadow,rejection_rate,context_dependent,0.999717345505618,0.0|0.05|0.1|0.2|0.4|0.6|0.8|1.0,4368fdb4d3fe5345b1a227b41b139f810b63848e7822da30871440fbae0e2802
locked,credit_card_fraud,veto_mavs,synthetic_sensor_failure,primary,accuracy,higher_is_better,0.9985376215722762,0.0|0.05|0.1|0.2|0.4|0.6|0.8|1.0,a61eda15773a205a51aa9184f5b60c3738e6490361764124a8146240de8d02e6
locked,credit_card_fraud,veto_mavs,synthetic_sensor_failure,primary,f1,higher_is_better,0.2026104417670683,0.0|0.05|0.1|0.2|0.4|0.6|0.8|1.0,b3c8c088d5cd15da9eb47537195e02148622a94e2eaf8ac4ca96e4e58cbcb8ce
locked,credit_card_fraud,veto_mavs,synthetic_sensor_failure,primary,unsafe_acceptance_rate,lower_is_better,1.1430782217220034e-05,0.0|0.05|0.1|0.2|0.4|0.6|0.8|1.0,37939b09dd467ce0412cd67664edc42ac4a4ecc9b25369fd82e3a02901facbc5
locked,credit_card_fraud,veto_mavs,synthetic_sensor_failure,primary,technical_failure_rate,lower_is_better,0.0,0.0|0.05|0.1|0.2|0.4|0.6|0.8|1.0,acb5f24eef150afa9122dfb5d2e1f76a9dbcfce8cb8f19e64a25fd0edd7575d0
locked,credit_card_fraud,veto_mavs,synthetic_sensor_failure,primary,rejection_rate,context_dependent,0.9997191109862715,0.0|0.05|0.1|0.2|0.4|0.6|0.8|1.0,1ad06ad5dfe9aa707a31db974ac8860c253e53333b0dfb141c8711287a56d531
locked,credit_card_fraud,veto_mavs,synthetic_sensor_failure,shadow,accuracy,higher_is_better,0.9985376215722762,0.0|0.05|0.1|0.2|0.4|0.6|0.8|1.0,2de2a6b6ed1ca40c6effe587371a1d12fb67609a51e4f77a3128474fb363c87d
locked,credit_card_fraud,veto_mavs,synthetic_sensor_failure,shadow,f1,higher_is_better,0.2026104417670683,0.0|0.05|0.1|0.2|0.4|0.6|0.8|1.0,9f32069ade7ec470a3ffa0cca05d0c48e99db3f803079761429e68a655ae327b
locked,credit_card_fraud,veto_mavs,synthetic_sensor_failure,shadow,unsafe_acceptance_rate,lower_is_better,1.1430782217220034e-05,0.0|0.05|0.1|0.2|0.4|0.6|0.8|1.0,da0af6b97dcf11b8da759ded66e0a9a5b01828467a84f7bdbf756c48acbdc806
locked,credit_card_fraud,veto_mavs,synthetic_sensor_failure,shadow,technical_failure_rate,lower_is_better,0.0,0.0|0.05|0.1|0.2|0.4|0.6|0.8|1.0,dbd1ee3b4613f6a51e65dc63389116c9e8b7127cf3081229cd559734a669f939
locked,credit_card_fraud,veto_mavs,synthetic_sensor_failure,shadow,rejection_rate,context_dependent,0.9997191109862715,0.0|0.05|0.1|0.2|0.4|0.6|0.8|1.0,2ea852f70b03fe3dcbb8d6241645a9a9a7be112ab71ab3b50f6266ab011e8fe1
