split_label,dataset_id,system_id,corruption_family,corruption_level,seed_role,seed_count,accuracy_mean,accuracy_variance,variance_hash
audit,breast_cancer_wisconsin,single_model,feature_noise,0.0,audit,3,0.9655172413793104,0.0,1dc5ee917345fd09b7514153969efa13391e6a39a59ead37b043309db61b08fa
audit,breast_cancer_wisconsin,mean_ensemble,feature_noise,0.0,audit,3,0.9655172413793104,0.0,a002b9c103bcbf40403167e937048cd6ef108d596f72a0c8bf3c1c0b30073c3f
audit,breast_cancer_wisconsin,static_weighted_ensemble,feature_noise,0.0,audit,3,0.9655172413793104,0.0,fe5a16deb3f250e999abd5ed09e4362480ce48db8f6baa98729b855020cc72cf
audit,breast_cancer_wisconsin,veto_mavs,feature_noise,0.0,audit,3,0.9655172413793104,0.0,5440628b0e83fb6f5445fc1383e22600f211fd92b5cf3be3b277eeb607a03060
audit,breast_cancer_wisconsin,pure_mavs_gc,feature_noise,0.0,audit,3,0.9655172413793104,0.0,ac8a31861fa2a783223111162bf224a9193e4b9301abe2e42c4f1e6900730f8b
audit,breast_cancer_wisconsin,single_model,feature_noise,0.0,shadow,2,0.9655172413793104,0.0,e139aef2e94ca01dc4f122266a57823dc4c048f85df3578f6f3439b15305c629
audit,breast_cancer_wisconsin,mean_ensemble,feature_noise,0.0,shadow,2,0.9655172413793104,0.0,8bfa95de7012835303ef94b8e7d6a244d973d754d9bd6a9a1b40ca34f0d8d11f
audit,breast_cancer_wisconsin,static_weighted_ensemble,feature_noise,0.0,shadow,2,0.9655172413793104,0.0,275ecf9afcd6fb78fa5f8bb8ba10e3ba0f56d9516cfecc0f76545bf6dc370fad
audit,breast_cancer_wisconsin,veto_mavs,feature_noise,0.0,shadow,2,0.9655172413793104,0.0,a59dda8949095b2392fead0d185e08e74391b41c6f12d47f549b390ab7fd96fa
audit,breast_cancer_wisconsin,pure_mavs_gc,feature_noise,0.0,shadow,2,0.9655172413793104,0.0,8efe1a13b38ac2bf94b110ef3f18d1fef2bf7f4d50c7b4f1b913b3934e0f30de
audit,breast_cancer_wisconsin,single_model,feature_noise,0.05,audit,3,0.9655172413793104,0.0,1f9ae257125aae22a34c3ac01a909f6a503a10d55074d9387c2bd4bca6288591
audit,breast_cancer_wisconsin,mean_ensemble,feature_noise,0.05,audit,3,0.9655172413793104,0.0,54c3297b933573505082aadd6aadd91389f88a3c808374eb3e3087b0d8f3c23d
audit,breast_cancer_wisconsin,static_weighted_ensemble,feature_noise,0.05,audit,3,0.9655172413793104,0.0,b47e75168729ae00cc5c1683fdfc7c114157701e559d39a75cf7c2dccf33ecdd
audit,breast_cancer_wisconsin,veto_mavs,feature_noise,0.05,audit,3,0.9655172413793104,0.0,9ef92552d6856758eb908bb54aa0f25fd1238b138fb6774fc3a90d5bfc026feb
audit,breast_cancer_wisconsin,pure_mavs_gc,feature_noise,0.05,audit,3,0.9655172413793104,0.0,817747a15e44e53cb8a41e703c5ec8c8be6aa0b7f1cfec4b87817e4778fc038f
audit,breast_cancer_wisconsin,single_model,feature_noise,0.05,shadow,2,0.9655172413793104,0.0,c99c15b49eae05bd1ff03d6318bd6cf207a46ae972e93cf95ee44a10b75c0cde
audit,breast_cancer_wisconsin,mean_ensemble,feature_noise,0.05,shadow,2,0.9655172413793104,0.0,099b3d841572a65c19467326d261b2fedd37b5e516ece9ea5235f42bee51d674
audit,breast_cancer_wisconsin,static_weighted_ensemble,feature_noise,0.05,shadow,2,0.9655172413793104,0.0,3f29f5db84f30c5fa81681a07ce6554d705e80f68caf3dafea0ad039919d7538
audit,breast_cancer_wisconsin,veto_mavs,feature_noise,0.05,shadow,2,0.9655172413793104,0.0,b32f80f7bbaefb41abb5549ea300cbb0a6a8091d6d7bd5c270ba982e3274d440
audit,breast_cancer_wisconsin,pure_mavs_gc,feature_noise,0.05,shadow,2,0.9655172413793104,0.0,81cdbd5021682c267b7bcf877a47456e506bb8241c3258b025066f3de81d0261
audit,breast_cancer_wisconsin,single_model,feature_noise,0.1,audit,3,0.9655172413793104,0.0,0ba031f805db5e01e29735947401b669875dcdee399cb8a1aca0ac11247d9338
audit,breast_cancer_wisconsin,mean_ensemble,feature_noise,0.1,audit,3,0.9655172413793104,0.0,d1479a0bdb47f0c033771164e45218e5c4a5d293e84506e5fc48b83dab5a2897
audit,breast_cancer_wisconsin,static_weighted_ensemble,feature_noise,0.1,audit,3,0.9655172413793104,0.0,b3be6bf9151a5f71355719f67b1d1a0eed48c908256a17f700dcef56d4431247
audit,breast_cancer_wisconsin,veto_mavs,feature_noise,0.1,audit,3,0.9655172413793104,0.0,1a75c09ab80b488d08d9e97e5e857dbf43d546df144b27bb69b47b7cd6653722
audit,breast_cancer_wisconsin,pure_mavs_gc,feature_noise,0.1,audit,3,0.9655172413793104,0.0,363a3a19d2fa0fff513190d808d39acdd91cd6604f19696f25df72d598259a2d
audit,breast_cancer_wisconsin,single_model,feature_noise,0.1,shadow,2,0.9655172413793104,0.0,503aa8a410b99243dc6dedec1a0f9c86d4887fd535b9633a57062f8e16172cdf
audit,breast_cancer_wisconsin,mean_ensemble,feature_noise,0.1,shadow,2,0.9655172413793104,0.0,d78f903ff574bdfff0ef806ede2304777a3d1c46edac1a5cb942b081b0f68667
audit,breast_cancer_wisconsin,static_weighted_ensemble,feature_noise,0.1,shadow,2,0.9655172413793104,0.0,b2c6d8f5d6f802cd3e5884d94ce4418760f13829af88bda04f8366419b530954
audit,breast_cancer_wisconsin,veto_mavs,feature_noise,0.1,shadow,2,0.9655172413793104,0.0,6e6b5e85d2fcf88b3b551f5d8b0bc40a8f5d6188a5ab7842e260bda694db62ed
audit,breast_cancer_wisconsin,pure_mavs_gc,feature_noise,0.1,shadow,2,0.9655172413793104,0.0,c1ce452423f98db7e31038dd72a37fccfcff995f5e72877d78fc1dc06208f2c9
audit,breast_cancer_wisconsin,single_model,feature_noise,0.2,audit,3,0.9655172413793104,0.0,e664cbe1098fb176294f33cdda97551aa099f4688160d9c5e2dff9e407077dd7
audit,breast_cancer_wisconsin,mean_ensemble,feature_noise,0.2,audit,3,0.9655172413793104,0.0,16e0908db3132a27a50a15e07c68e862cb6fe7e0349ebee32375d8c42cd36194
audit,breast_cancer_wisconsin,static_weighted_ensemble,feature_noise,0.2,audit,3,0.9655172413793104,0.0,03ee5aabbd8c1b7c25235ec73cc8acdfeaa6ff0fef68e9f1e12c25f5aac666a1
audit,breast_cancer_wisconsin,veto_mavs,feature_noise,0.2,audit,3,0.9655172413793104,0.0,c72612628f926bc78f7c8f750c3ec68518dc0997f5530b708dd72972c5e98e34
audit,breast_cancer_wisconsin,pure_mavs_gc,feature_noise,0.2,audit,3,0.9540229885057472,0.00026423569824283365,a20c9a61187929fa1bde9bd5589b4c4134bb4a6d276d299e4ad8594e76d562c3
audit,breast_cancer_wisconsin,single_model,feature_noise,0.2,shadow,2,0.9655172413793104,0.0,209a95d95a0fadf1adf72fb40cce9a909d53ab0024ca225af6ffbe8058bda364
audit,breast_cancer_wisconsin,mean_ensemble,feature_noise,0.2,shadow,2,0.9655172413793104,0.0,8449bef7ab0faa57253e320e0fcb5ebaa4812c6e5aefff45f4ba5cf6c94e833e
audit,breast_cancer_wisconsin,static_weighted_ensemble,feature_noise,0.2,shadow,2,0.9655172413793104,0.0,871b5962b6e146c53c6008e288b81969212cf1ddf6a8bc99fbf59380d20d0fd9
audit,breast_cancer_wisconsin,veto_mavs,feature_noise,0.2,shadow,2,0.9655172413793104,0.0,0511d09cb8d92e59670713b5fce5382e3fa8cabc89c336f63846ae5e306df104
audit,breast_cancer_wisconsin,pure_mavs_gc,feature_noise,0.2,shadow,2,0.9655172413793104,0.0,64c4807e35da35238f36c835456c84baf851038b77ac03063c03180382d6be6c
audit,breast_cancer_wisconsin,single_model,feature_noise,0.4,audit,3,0.9310344827586207,0.0,d93ae0d578970bb057c0526b9d7ffd3e29ecc7ea74cbb8b2ab717f350dfc5a8e
audit,breast_cancer_wisconsin,mean_ensemble,feature_noise,0.4,audit,3,0.9310344827586207,0.0,042d8ce91f470dd092a606fbb59e11b949b455b0243da16f7c55864d695303e8
audit,breast_cancer_wisconsin,static_weighted_ensemble,feature_noise,0.4,audit,3,0.9310344827586207,0.0007927070947284983,c888a0d81ebfc7a38c29f7ea07388b7142942005072dde207396e8feea115afa
audit,breast_cancer_wisconsin,veto_mavs,feature_noise,0.4,audit,3,0.9310344827586207,0.0,0e956d27471a23671530df7b702c868db2fc9a14d66b825d3f3607e7beb11a09
audit,breast_cancer_wisconsin,pure_mavs_gc,feature_noise,0.4,audit,3,0.9540229885057472,0.00026423569824283365,0105ce28fd82a819240dde2923acdc806879a6b4f2c96e0530f7723483ac0c74
audit,breast_cancer_wisconsin,single_model,feature_noise,0.4,shadow,2,0.9482758620689655,0.00029726516052318785,d87119036d610f0ff6e2914b7e908975e1cd35e29836087762460476e8cd82d6
audit,breast_cancer_wisconsin,mean_ensemble,feature_noise,0.4,shadow,2,0.9137931034482758,0.00029726516052318595,5db2d234056b182ff44702ce81fb90a0e89a21a2397fc781faa95de91ad4c23c
audit,breast_cancer_wisconsin,static_weighted_ensemble,feature_noise,0.4,shadow,2,0.9482758620689655,0.00029726516052318785,40b8b07d14574e0c161a4f3e9663c73188e10ffa249fea6faadbc66071bc3421
audit,breast_cancer_wisconsin,veto_mavs,feature_noise,0.4,shadow,2,0.9137931034482758,0.00029726516052318595,c88be691c2f1719f2f9c9f6514dfde88995ee43b9ff613dd4d1d507c5f4a9ed4
audit,breast_cancer_wisconsin,pure_mavs_gc,feature_noise,0.4,shadow,2,0.9310344827586207,0.0,43efa9337672e26af497a84d2141ece4ada6667ca5deb9e0157a29b221b029ec
audit,breast_cancer_wisconsin,single_model,feature_noise,0.6,audit,3,0.9425287356321839,0.00026423569824283365,6e9b456aefe09b052951cf9328d3fe04478677d0066687f9b25cdaa115565933
audit,breast_cancer_wisconsin,mean_ensemble,feature_noise,0.6,audit,3,0.9425287356321839,0.00026423569824283365,945d601172d7c8d307d78e67763965e4fa4ac16d7de91d6cb120cd613340a4cb
audit,breast_cancer_wisconsin,static_weighted_ensemble,feature_noise,0.6,audit,3,0.9425287356321839,0.00026423569824283365,5adc7bb50969945fb6d6f0d6a85343d73876ebb8d7dbd1a3bb36ccc6851b3b65
audit,breast_cancer_wisconsin,veto_mavs,feature_noise,0.6,audit,3,0.9425287356321839,0.00026423569824283365,8e7e112c3d37c12ac3fea5288d59bbb627a1ba26b9c38abe0c722acbd5751521
audit,breast_cancer_wisconsin,pure_mavs_gc,feature_noise,0.6,audit,3,0.9425287356321839,0.00026423569824283365,1b68e8ebc4d9f35d21def208e39152f5b77b6f27034acfc55e0ddcd346863c13
audit,breast_cancer_wisconsin,single_model,feature_noise,0.6,shadow,2,0.9310344827586208,0.0011890606420927475,03473c208e38abc9aca3abea2166c064eb20a44d3ad98b1fa0e78a4850a7b270
audit,breast_cancer_wisconsin,mean_ensemble,feature_noise,0.6,shadow,2,0.9482758620689655,0.00029726516052318785,6d1fd46cc99cb1197d0b55e82a3eb124dd312b42c22f916d11fa7e5a14dac27c
audit,breast_cancer_wisconsin,static_weighted_ensemble,feature_noise,0.6,shadow,2,0.9310344827586208,0.0011890606420927475,98ce5e4c5cdde33b3aef67242d35fc46cb49f6ebfda885997ad6be884ec57ad6
audit,breast_cancer_wisconsin,veto_mavs,feature_noise,0.6,shadow,2,0.9482758620689655,0.00029726516052318785,8f80f832323ffe16ee33a5b7850f10e7670c4268895b6f26baa7b1a89098a104
audit,breast_cancer_wisconsin,pure_mavs_gc,feature_noise,0.6,shadow,2,0.9655172413793104,0.0,7f033e9d4a75f1b0faa16cba8395cebeda4a50dc1546a300bebf99f60c3f053f
audit,breast_cancer_wisconsin,single_model,feature_noise,0.8,audit,3,0.9080459770114943,0.0010569427929713311,036a7197f81e23c6a12c6b0bac0bd96be72c095109511a0fcd2700619ba5b177
audit,breast_cancer_wisconsin,mean_ensemble,feature_noise,0.8,audit,3,0.8850574712643677,0.0010569427929713311,5cb9e8534e57153796a982cf00eb1cbeeebac9bc34e64bbeda46845caf76f3e2
audit,breast_cancer_wisconsin,static_weighted_ensemble,feature_noise,0.8,audit,3,0.9080459770114943,0.0010569427929713311,bde669cb8931d954a7d21015f727cf6c6eb38a28c9ec805a2fafdbbaa15c2a9c
audit,breast_cancer_wisconsin,veto_mavs,feature_noise,0.8,audit,3,0.8850574712643677,0.0010569427929713311,befa9877bff1b0a7e8d2005723b28e61a0cbd7f3b5207b36b7d0719e6edf8259
audit,breast_cancer_wisconsin,pure_mavs_gc,feature_noise,0.8,audit,3,0.8735632183908046,0.0010569427929713311,b255f561e4b2a75770c6a9b72f0df8046fc372075bea488e4210e6bd73c3f832
audit,breast_cancer_wisconsin,single_model,feature_noise,0.8,shadow,2,0.8793103448275862,0.0026753864447086793,600a9760436b875cac2fb77999a6acfdd9b235962b7cc27e6a67dc6680f7e838
audit,breast_cancer_wisconsin,mean_ensemble,feature_noise,0.8,shadow,2,0.8793103448275862,0.0026753864447086793,f8dbc54b56dfb52a84d1716c60dd9bab5526f6154f6b7de0f714575bf049f7f1
audit,breast_cancer_wisconsin,static_weighted_ensemble,feature_noise,0.8,shadow,2,0.896551724137931,0.004756242568370991,aa0f1874947d67396fafe75c8d12bde0f25aa56166c26be7dddf4dce29c38c3e
audit,breast_cancer_wisconsin,veto_mavs,feature_noise,0.8,shadow,2,0.8793103448275862,0.0026753864447086793,be07d22de701f4ca1ef0578b3f0b5d44e488d934127a3199d95a28124116a92b
audit,breast_cancer_wisconsin,pure_mavs_gc,feature_noise,0.8,shadow,2,0.896551724137931,0.004756242568370991,2c7d0ffbf2b326859e75073dc38737b73f44d463f2ac290d10b8035504bd42d1
audit,breast_cancer_wisconsin,single_model,feature_noise,1.0,audit,3,0.8275862068965517,0.0007927070947284959,e5318a473ca16d6f78e6c73687f3a7999202ae7746ac4f830f3292449e96048e
audit,breast_cancer_wisconsin,mean_ensemble,feature_noise,1.0,audit,3,0.8620689655172413,0.0007927070947284983,6dfedc424b3321250c67d3101179b1e64d6e8598a186d83c6af63fd9fb36a8b7
audit,breast_cancer_wisconsin,static_weighted_ensemble,feature_noise,1.0,audit,3,0.8505747126436781,0.00026423569824283197,b896e5543b84d9da38acf5f0106468cf0db3160645dc3931f986bf6f8d15e4e4
audit,breast_cancer_wisconsin,veto_mavs,feature_noise,1.0,audit,3,0.8620689655172413,0.0007927070947284983,90bc316a18d5a11a73b98a2b4bc8edce5b65b8c8cb53ed7e47d2b73e2c02fbc1
audit,breast_cancer_wisconsin,pure_mavs_gc,feature_noise,1.0,audit,3,0.8850574712643678,0.0018496498876998278,86971d41dc36bffefa2aad1ccb37fbca22ad7a51406410ab1713bb79c613ace8
audit,breast_cancer_wisconsin,single_model,feature_noise,1.0,shadow,2,0.9137931034482758,0.002675386444708685,04f47cdab078ce938a14a53da079c3e4b5a61f2dac52a8009f2f063c34c62ec9
audit,breast_cancer_wisconsin,mean_ensemble,feature_noise,1.0,shadow,2,0.9655172413793104,0.0,a4790a8ae63118a3ae8f8f8c26ab362838a0cf03954d75b0dba7f568a5809201
audit,breast_cancer_wisconsin,static_weighted_ensemble,feature_noise,1.0,shadow,2,0.9137931034482758,0.002675386444708685,40e5e5940efee75428f3250d82afeb879ddf0434122a8c434094aaf8955746ea
audit,breast_cancer_wisconsin,veto_mavs,feature_noise,1.0,shadow,2,0.9655172413793104,0.0,287e507abb8759ea0861a8fa1d892dfd9c8a5f29259c40d693f8dd8dab547dcc
audit,breast_cancer_wisconsin,pure_mavs_gc,feature_noise,1.0,shadow,2,0.9655172413793104,0.0,6164cfb22fe3a223ef6e042c3dfbb87b94286f11d629ba6f6c92b79a58feded2
audit,breast_cancer_wisconsin,single_model,missing_features,0.0,audit,3,0.9655172413793104,0.0,57e2ddf85c2b612f60fa9c921cbaeaddbcb04e4621115571d56a385238f4e23d
audit,breast_cancer_wisconsin,mean_ensemble,missing_features,0.0,audit,3,0.9655172413793104,0.0,b93165ef2f5cbeaf038835b654aa34bb4a582287eb8eef49dd3860c73f05b064
audit,breast_cancer_wisconsin,static_weighted_ensemble,missing_features,0.0,audit,3,0.9655172413793104,0.0,9357383429cd40b1e7e2ee2f6b5fa2d97a9c2de4a61a82bb1235a5fc1bbf7160
audit,breast_cancer_wisconsin,veto_mavs,missing_features,0.0,audit,3,0.9655172413793104,0.0,86068de78b61efa7b047295f2b7eb02444bb1223a73be633dce86ffd046ec25b
audit,breast_cancer_wisconsin,pure_mavs_gc,missing_features,0.0,audit,3,0.9655172413793104,0.0,f520ae4e490de4412bfe6ccf2f79625e314bbe0b2a271e2a5b04d96914d9352b
audit,breast_cancer_wisconsin,single_model,missing_features,0.0,shadow,2,0.9655172413793104,0.0,f3326696ef7b334d546e4a92495282b957467fa0d269027f364aca09b18e757a
audit,breast_cancer_wisconsin,mean_ensemble,missing_features,0.0,shadow,2,0.9655172413793104,0.0,4f6720d93a4408e1c086f2638e3066cefa723b79c4df587ae5ec4a3b6ba3cae2
audit,breast_cancer_wisconsin,static_weighted_ensemble,missing_features,0.0,shadow,2,0.9655172413793104,0.0,11ea414e7da72a532e475df699d204bf3f25eb0d2d7bf8e5044ea0e4a57298a4
audit,breast_cancer_wisconsin,veto_mavs,missing_features,0.0,shadow,2,0.9655172413793104,0.0,7bac218ff5a30c54676a401c9e5f25f43bd7ead72c0a5f06884044da6078adf6
audit,breast_cancer_wisconsin,pure_mavs_gc,missing_features,0.0,shadow,2,0.9655172413793104,0.0,b7a02a73bfc647814cadaa021a356aec54013c2d4f9d5a6683ed01d66f857349
audit,breast_cancer_wisconsin,single_model,missing_features,0.05,audit,3,0.9655172413793104,0.0,7bcba4d24b5efc70e1481c52a1e3dcd689df3aab0eebec740528b75fc61c7aa5
audit,breast_cancer_wisconsin,mean_ensemble,missing_features,0.05,audit,3,0.9655172413793104,0.0,47baf656f691df94e854e26d28ac81fbad217bb01012b6a6a833d018c9ba736d
audit,breast_cancer_wisconsin,static_weighted_ensemble,missing_features,0.05,audit,3,0.9655172413793104,0.0,8dcee8866a4ebe1372fb6efafd11590218c77bb97bd8dd825f27bc2c1e01abba
audit,breast_cancer_wisconsin,veto_mavs,missing_features,0.05,audit,3,0.9655172413793104,0.0,f59a976c8b77b7438b2b51f728530af78e8ab1855415907c474b5900b64a0431
audit,breast_cancer_wisconsin,pure_mavs_gc,missing_features,0.05,audit,3,0.9540229885057472,0.00026423569824283365,55db97e1eefb835ddb08540f8bda6a4a08a03e1586b4aa9409da67b07651e37d
audit,breast_cancer_wisconsin,single_model,missing_features,0.05,shadow,2,0.9655172413793104,0.0,4001eabddd39cb143bf7489a8af6ce4c7d341fd601adfe20ba887d7f92b383f6
audit,breast_cancer_wisconsin,mean_ensemble,missing_features,0.05,shadow,2,0.9655172413793104,0.0,6b628d7dd51e74dd7efe28f580691ce503235b0c54673a68feaedb891ace61e3
audit,breast_cancer_wisconsin,static_weighted_ensemble,missing_features,0.05,shadow,2,0.9655172413793104,0.0,c4f0021e8ea95f35412ae7cd5065b66c8265bf02972be9401ce7358add749a15
audit,breast_cancer_wisconsin,veto_mavs,missing_features,0.05,shadow,2,0.9655172413793104,0.0,c012738b5695472b11ca63ebcdce8e55a140024c35677dd1b55c0677bfd38a54
audit,breast_cancer_wisconsin,pure_mavs_gc,missing_features,0.05,shadow,2,0.9655172413793104,0.0,82afc2e5d149dbe6f2f9196f265b7e92162d4cf3009b76a3ae6d364226207e34
audit,breast_cancer_wisconsin,single_model,missing_features,0.1,audit,3,0.9540229885057472,0.00026423569824283365,7ea2c92ae39489a4441b08b71875793685d1b7600467ad3f3154cd8269d027f6
audit,breast_cancer_wisconsin,mean_ensemble,missing_features,0.1,audit,3,0.9655172413793104,0.0,0d66aa7321a0c548c208e25277b2b0ec20d27aaef0c1e3bcfeb5437a27d97569
audit,breast_cancer_wisconsin,static_weighted_ensemble,missing_features,0.1,audit,3,0.9540229885057472,0.00026423569824283365,66b8a1251cd53f4a6bb7b0368461770b4a7d4974f197dfe245dc70840ddddd21
audit,breast_cancer_wisconsin,veto_mavs,missing_features,0.1,audit,3,0.9655172413793104,0.0,4006b90836e6c38d9cff21945e0a5ea995273ba21c64967df2f392d09bb142a6
audit,breast_cancer_wisconsin,pure_mavs_gc,missing_features,0.1,audit,3,0.9540229885057472,0.00026423569824283365,e13e15953033e5f7da4cbacbd4bcd394bec16de37341b359c94d4904fb9eb71b
audit,breast_cancer_wisconsin,single_model,missing_features,0.1,shadow,2,0.9655172413793104,0.0,8a09755f8d3945dad4eaeab3571347208605a3b355f2b374ef1996874a9fbca5
audit,breast_cancer_wisconsin,mean_ensemble,missing_features,0.1,shadow,2,0.9655172413793104,0.0,d56d0cdc85df345029224b56e9b16a41749a1f79176e212415295ff77762b900
audit,breast_cancer_wisconsin,static_weighted_ensemble,missing_features,0.1,shadow,2,0.9655172413793104,0.0,6fb735cf8e1dca759589e26c1faaed9b1f339479204e38e449836ea7d42292b8
audit,breast_cancer_wisconsin,veto_mavs,missing_features,0.1,shadow,2,0.9655172413793104,0.0,f16a3094f02f1dd16b5502d3142b3dac454fd44a3655a3c4fbb509d915f7394d
audit,breast_cancer_wisconsin,pure_mavs_gc,missing_features,0.1,shadow,2,0.9655172413793104,0.0,34831191c897d129c8d666ab72b587a7a49dab16ce67b6341888c2bc868fa195
audit,breast_cancer_wisconsin,single_model,missing_features,0.2,audit,3,0.9540229885057472,0.00026423569824283365,46d475d1334ea3cb5c2023550f887a186e58d8ab27e52e03a8432d9544f6bd9b
audit,breast_cancer_wisconsin,mean_ensemble,missing_features,0.2,audit,3,0.9540229885057472,0.00026423569824283365,56b56c14716552d4dad631695637f79e0ceaafdb86fab48757b40064d96f97b8
audit,breast_cancer_wisconsin,static_weighted_ensemble,missing_features,0.2,audit,3,0.9540229885057472,0.00026423569824283365,298d750e98446d0ec9e843f932bf8b31717ad2d4643e855d4a1926c88c72ae83
audit,breast_cancer_wisconsin,veto_mavs,missing_features,0.2,audit,3,0.9540229885057472,0.00026423569824283365,553c6a25d7b5bbaebd6d4e921b16eae8278570af6ce5ec611813618ca63563cc
audit,breast_cancer_wisconsin,pure_mavs_gc,missing_features,0.2,audit,3,0.9540229885057472,0.00026423569824283365,e7baf994bf8bd594bf963605553496defa4a7d5f79a54ded857f44f71faa7a18
audit,breast_cancer_wisconsin,single_model,missing_features,0.2,shadow,2,0.9482758620689655,0.00029726516052318785,5546e9c92c1b9bbfa72ec9b0c2e56c9155848ce5a492cdc080a06cc0d09a74ec
audit,breast_cancer_wisconsin,mean_ensemble,missing_features,0.2,shadow,2,0.9482758620689655,0.00029726516052318785,6c37b2a8acae7874783b19c83ae371bcac4e3a346d2cb3d7a1e0537066f8db0c
audit,breast_cancer_wisconsin,static_weighted_ensemble,missing_features,0.2,shadow,2,0.9482758620689655,0.00029726516052318785,11e5ad34ed4281538aa93ec5125102a0aed9cfd06717a9af17895da47092425f
audit,breast_cancer_wisconsin,veto_mavs,missing_features,0.2,shadow,2,0.9482758620689655,0.00029726516052318785,7705d0ad0667e96f9534be05dd426f508e558bc28dc718a3eb758803104f0118
audit,breast_cancer_wisconsin,pure_mavs_gc,missing_features,0.2,shadow,2,0.9482758620689655,0.00029726516052318785,4cf3070861d053845688df13272304d31390967e0a23025d45f71ac23c002df3
audit,breast_cancer_wisconsin,single_model,missing_features,0.4,audit,3,0.9425287356321839,0.00026423569824283365,cc5beea7978b9e796ee80968fdc3f7c86cc33429636600babd3dbd2fa1ee2022
audit,breast_cancer_wisconsin,mean_ensemble,missing_features,0.4,audit,3,0.9425287356321839,0.00026423569824283365,c96404d0db52629374ed09171a997915a644d21b459b58abdf50638018c8be06
audit,breast_cancer_wisconsin,static_weighted_ensemble,missing_features,0.4,audit,3,0.9425287356321839,0.00026423569824283365,efc97647a0c0985f106fc3921cc8f5af9e12428a18e468c2b9d855e788ab6249
audit,breast_cancer_wisconsin,veto_mavs,missing_features,0.4,audit,3,0.9425287356321839,0.00026423569824283365,7411b5e475525526a5affe8741c54a607ebc2e9690602a0f16612661d1282f7d
audit,breast_cancer_wisconsin,pure_mavs_gc,missing_features,0.4,audit,3,0.9425287356321839,0.00026423569824283365,86f25a1b24d533e29e6a3b9a0f6639da09e8c8066aa15700a6fa25b27ac9c57d
audit,breast_cancer_wisconsin,single_model,missing_features,0.4,shadow,2,0.9310344827586207,0.0,ea50435a43c164df326b584544cc6d84b8802394c4bcd11bdb5fb5a6788fe520
audit,breast_cancer_wisconsin,mean_ensemble,missing_features,0.4,shadow,2,0.9482758620689655,0.00029726516052318785,53bb62ec6af9eacb1548fa3b5046d64feb68582ea3d032643eac4a700a0d1bd7
audit,breast_cancer_wisconsin,static_weighted_ensemble,missing_features,0.4,shadow,2,0.9482758620689655,0.00029726516052318785,60d6e400b4ff86be7108eef38b3294c4c5f4ef8854f0b5b157c8cb2d6b30a9ca
audit,breast_cancer_wisconsin,veto_mavs,missing_features,0.4,shadow,2,0.9482758620689655,0.00029726516052318785,839babb7aaefdc12ae56190ff8d51d8a13526a405f5412c73955ee1918aaf338
audit,breast_cancer_wisconsin,pure_mavs_gc,missing_features,0.4,shadow,2,0.9482758620689655,0.00029726516052318785,008bed810fa284b1b62c5d7f72ccce6a21aa8a0467fc1584cb0ba7e04bfc108f
audit,breast_cancer_wisconsin,single_model,missing_features,0.6,audit,3,0.9195402298850575,0.0018496498876998315,03d59f22b2e9d649899678843febada2c4ac472bc17ad40ca0a6a825fb7df128
audit,breast_cancer_wisconsin,mean_ensemble,missing_features,0.6,audit,3,0.9195402298850575,0.0018496498876998315,5e7a4d43d983aa89b6e28b025250e97ddf7404a9c54f5c532d5837e6ced75936
audit,breast_cancer_wisconsin,static_weighted_ensemble,missing_features,0.6,audit,3,0.9310344827586207,0.0007927070947284983,7244537602a24af4a6b3420b2854014293d30b6dba6340d46cd0d9680a25026e
audit,breast_cancer_wisconsin,veto_mavs,missing_features,0.6,audit,3,0.9195402298850575,0.0018496498876998315,f0cf23b3817111975557e39eaa7eb4eb72d8c4cfac5819357f461ecb0171b3ab
audit,breast_cancer_wisconsin,pure_mavs_gc,missing_features,0.6,audit,3,0.9080459770114943,0.003435064077156826,e708d828275df8cab564194297a347e521282907101b4fa77d68f1dc3a64ba52
audit,breast_cancer_wisconsin,single_model,missing_features,0.6,shadow,2,0.8448275862068966,0.00029726516052318595,2c4d14eff581b7bbe4ce6cbfeb448dbe73af574f855fddc06476e68ae2d60746
audit,breast_cancer_wisconsin,mean_ensemble,missing_features,0.6,shadow,2,0.9310344827586207,0.0,9bc3e0e170c2089d52d066cca97819f376e0054d02f8afc727ad9a587bdd9e31
audit,breast_cancer_wisconsin,static_weighted_ensemble,missing_features,0.6,shadow,2,0.8620689655172413,0.0,77fb78af17b7a631c580aa874f469b86d5b1cf751afd1caa295072cc0f4c054f
audit,breast_cancer_wisconsin,veto_mavs,missing_features,0.6,shadow,2,0.9310344827586207,0.0,689debaa0d8b9fc4e9953987861b15744a6c9bc5eb48e8815ff774d9a2d9d894
audit,breast_cancer_wisconsin,pure_mavs_gc,missing_features,0.6,shadow,2,0.9137931034482758,0.002675386444708685,53877b5d04dafa2982e582ad88939d9152a7dd168a1575062e251f03bce643ca
audit,breast_cancer_wisconsin,single_model,missing_features,0.8,audit,3,0.896551724137931,0.002378121284185498,881557470151e8f33a2846031a320b8987eaa690991c3996f1ebda5836cd65eb
audit,breast_cancer_wisconsin,mean_ensemble,missing_features,0.8,audit,3,0.7816091954022988,0.008191306645527809,ee66796fd29530a2419318c43649000b522b144c3c9c03fd3d83cea876920335
audit,breast_cancer_wisconsin,static_weighted_ensemble,missing_features,0.8,audit,3,0.9080459770114943,0.0002642356982428319,52fc3496bd36c22e26bb0089d376b45a88c3f5f8959fc0a9baa974c79357b278
audit,breast_cancer_wisconsin,veto_mavs,missing_features,0.8,audit,3,0.7816091954022988,0.008191306645527809,53a5a4bc1b6d44ebdad116c42bddc76fe876585584a3505b98431175759b132a
audit,breast_cancer_wisconsin,pure_mavs_gc,missing_features,0.8,audit,3,0.7471264367816092,0.001849649887699827,ca04047fef613a46a84f6afb5145f89d69bb629939c87ba0df1eafc24394727b
audit,breast_cancer_wisconsin,single_model,missing_features,0.8,shadow,2,0.8620689655172413,0.0,dede6ae899f69532f51d9c5fcbc50c965fd45ab04b2e22dafe45b8043ee7050e
audit,breast_cancer_wisconsin,mean_ensemble,missing_features,0.8,shadow,2,0.8275862068965517,0.0011890606420927438,f2354dc68fd9cf017281020fb3a9883e8a6f191945afb43865e35015af530230
audit,breast_cancer_wisconsin,static_weighted_ensemble,missing_features,0.8,shadow,2,0.8793103448275862,0.00029726516052318785,4476ee285f0cbe2170ebb3a2dacce13d11b19d6c23231e608f5e3ee562af2dc4
audit,breast_cancer_wisconsin,veto_mavs,missing_features,0.8,shadow,2,0.8275862068965517,0.0011890606420927438,89ec6e4dc48911858799ba8b6f085cb78f98d896d7f9e71a3f22272f789dbb9d
audit,breast_cancer_wisconsin,pure_mavs_gc,missing_features,0.8,shadow,2,0.7758620689655172,0.0026753864447086793,e4ee857b85631912840970792350fbae9ab43a7d7cbe726b4c903b93b6df3819
audit,breast_cancer_wisconsin,single_model,missing_features,1.0,audit,3,0.6206896551724138,0.0,479e928b5e6bfeaa15a8d0d1ea0d2f983449f45fa9d994c967423be4c9edeaf8
audit,breast_cancer_wisconsin,mean_ensemble,missing_features,1.0,audit,3,0.6206896551724138,0.0,8f4fb672910e47908bd79eb302507b4e61f1d6298413c61ef8558bfd349b3517
audit,breast_cancer_wisconsin,static_weighted_ensemble,missing_features,1.0,audit,3,0.6206896551724138,0.0,20fd0c8ea23c951aeabc204909239924cb1bc0f3a2a7a24ba7a3022f8782a6bd
audit,breast_cancer_wisconsin,veto_mavs,missing_features,1.0,audit,3,0.6206896551724138,0.0,3325a0de442a0132f4633103ecb76c6a4420102a4d25f3e5f26e6fed6c2cfab7
audit,breast_cancer_wisconsin,pure_mavs_gc,missing_features,1.0,audit,3,0.6206896551724138,0.0,1506ef613414624bf8a7d83e5532fba47c7a0a306993ef74c03ca3cdfa97c1be
audit,breast_cancer_wisconsin,single_model,missing_features,1.0,shadow,2,0.6206896551724138,0.0,30641e37dabb68c1810344ca39daf4af9f9ed9a47d3378a7b16ce17397470a06
audit,breast_cancer_wisconsin,mean_ensemble,missing_features,1.0,shadow,2,0.6206896551724138,0.0,183c300ebd68aba936d3a5c35abbfb07e738c2ed907a5574e9b1ff5b077d5515
audit,breast_cancer_wisconsin,static_weighted_ensemble,missing_features,1.0,shadow,2,0.6206896551724138,0.0,d9b3ecfc5d3af489db282b32bbbda0bebaba60bb4a6b9d7898042f1523671a75
audit,breast_cancer_wisconsin,veto_mavs,missing_features,1.0,shadow,2,0.6206896551724138,0.0,90b219851dad394e0ea26564b0714be4a454250701e41ef8ea38bd07131fd204
audit,breast_cancer_wisconsin,pure_mavs_gc,missing_features,1.0,shadow,2,0.6206896551724138,0.0,adcfc336bec9f846928c26fb245b9423e6ed8214c74c01a3e3998bcd62590d6e
audit,breast_cancer_wisconsin,single_model,random_feature_deletion,0.0,audit,3,0.9655172413793104,0.0,9a056c9b4352619924a316416f78f30912af0e016e71a448dd3b68ab329fefa8
audit,breast_cancer_wisconsin,mean_ensemble,random_feature_deletion,0.0,audit,3,0.9655172413793104,0.0,e5521b5475a53382d6cf34a92de01292cb05371ab19451acfa68424bf175591e
audit,breast_cancer_wisconsin,static_weighted_ensemble,random_feature_deletion,0.0,audit,3,0.9655172413793104,0.0,b5468440099f6c31c33f87ac41462208c177a565c359ecd3c10ee793f31e51db
audit,breast_cancer_wisconsin,veto_mavs,random_feature_deletion,0.0,audit,3,0.9655172413793104,0.0,3d96855cdae5c900078644e3a5ba6be0daad045445746f46445db4356ed14f9e
audit,breast_cancer_wisconsin,pure_mavs_gc,random_feature_deletion,0.0,audit,3,0.9655172413793104,0.0,9b4ea5b00d6992f9f8d21e55b4c1f60d1c75e3fc4cd50943c0fdacba55163092
audit,breast_cancer_wisconsin,single_model,random_feature_deletion,0.0,shadow,2,0.9655172413793104,0.0,e1afb7fbd980684bee2bcdc46f2fdd4b244fa0b7fb64211aa78f35ffc7197c61
audit,breast_cancer_wisconsin,mean_ensemble,random_feature_deletion,0.0,shadow,2,0.9655172413793104,0.0,54cf587ffee705033e18ec6a2da422622c9bb909e603ba34c526b7a08a22b4ee
audit,breast_cancer_wisconsin,static_weighted_ensemble,random_feature_deletion,0.0,shadow,2,0.9655172413793104,0.0,6c5c71c47a3341a4b89d8953e8138bd095070cc3e64ec4838ab87d389e956c67
audit,breast_cancer_wisconsin,veto_mavs,random_feature_deletion,0.0,shadow,2,0.9655172413793104,0.0,edb875dd06f792b1fe4983e397e5783963a68220ab117ecc7b1cddc69f83c975
audit,breast_cancer_wisconsin,pure_mavs_gc,random_feature_deletion,0.0,shadow,2,0.9655172413793104,0.0,55f59e7a574c2122ba2c9fdd55076bb1ed25a05af2e638662afe694f9c6889d1
audit,breast_cancer_wisconsin,single_model,random_feature_deletion,0.05,audit,3,0.9540229885057472,0.00026423569824283365,07671b52c5e24921684d0b0f4044bc7b2b195622d4f515f4725b6ae08147a24b
audit,breast_cancer_wisconsin,mean_ensemble,random_feature_deletion,0.05,audit,3,0.9655172413793104,0.0,8dba5617c7470ddfb88d59d7ef4cf51e60891d6a84d616c0144f772a1553e8d2
audit,breast_cancer_wisconsin,static_weighted_ensemble,random_feature_deletion,0.05,audit,3,0.9540229885057472,0.00026423569824283365,06bb899d05f42ba47799039136a49ab003541d480d87cb49e8552fdfc1db6e85
audit,breast_cancer_wisconsin,veto_mavs,random_feature_deletion,0.05,audit,3,0.9655172413793104,0.0,cd5e43308f3084ead7ac0736802b67e46a6192a96f490e6f64b03bc12e911b9c
audit,breast_cancer_wisconsin,pure_mavs_gc,random_feature_deletion,0.05,audit,3,0.9540229885057472,0.00026423569824283365,7ac827453938559920eb9720f946f6721ad5c580cb1d4cd5023c4049a7dcb880
audit,breast_cancer_wisconsin,single_model,random_feature_deletion,0.05,shadow,2,0.9655172413793104,0.0,bfba7a7d042d46e7c57a63e4dbe66653a3a4023c1c8bda862e1168cc4a1e6195
audit,breast_cancer_wisconsin,mean_ensemble,random_feature_deletion,0.05,shadow,2,0.9655172413793104,0.0,9c1d5dec2fafdd55f7578cef4b0aa7c81099adf265d6ab22f3b8dbb18583e34a
audit,breast_cancer_wisconsin,static_weighted_ensemble,random_feature_deletion,0.05,shadow,2,0.9655172413793104,0.0,70ce776086803965aa128dbd2d6649e4b07fa4fc63a5e19f5dafc35e04e42e0f
audit,breast_cancer_wisconsin,veto_mavs,random_feature_deletion,0.05,shadow,2,0.9655172413793104,0.0,f240287321433612130b8f00712fce7d4757b886ac5636de66cb1570d4f64d37
audit,breast_cancer_wisconsin,pure_mavs_gc,random_feature_deletion,0.05,shadow,2,0.9655172413793104,0.0,04b87c4fff0414741064a32ac1bc3c08fafb3b41397b7e8d7987c3f3700d5267
audit,breast_cancer_wisconsin,single_model,random_feature_deletion,0.1,audit,3,0.9540229885057472,0.00026423569824283365,a1d30ff84a9ed54e7b101179413ce31efa3c2e9f31c14389f4457ca1fd007b72
audit,breast_cancer_wisconsin,mean_ensemble,random_feature_deletion,0.1,audit,3,0.9655172413793104,0.0,7c7291670fed2aa9addec8cb19f1432022683f0047dde0fea56f16014ef5148f
audit,breast_cancer_wisconsin,static_weighted_ensemble,random_feature_deletion,0.1,audit,3,0.9540229885057472,0.00026423569824283365,90e4f29e019bb8fdef4b33b9c9c9fe585f231d4a43c9ca7e93e387584203741c
audit,breast_cancer_wisconsin,veto_mavs,random_feature_deletion,0.1,audit,3,0.9655172413793104,0.0,5e4bba614953c64072de9e68e426cb681e5bdae9a18c781d585040df69c2731c
audit,breast_cancer_wisconsin,pure_mavs_gc,random_feature_deletion,0.1,audit,3,0.9540229885057472,0.00026423569824283365,2738a4482cc6897851e19d8387b7577f67701ac7d3da84ff596659ebec3849e0
audit,breast_cancer_wisconsin,single_model,random_feature_deletion,0.1,shadow,2,0.9655172413793104,0.0,1109f7fe4a05e3cae3b6ed6c9bcb9ac4a54a14b2e22a0a9c44e1c9f0aa2898f3
audit,breast_cancer_wisconsin,mean_ensemble,random_feature_deletion,0.1,shadow,2,0.9655172413793104,0.0,ce5c65978fce7877c10b62f7b1a95d51e881dd161fffc0e4ea7bc37e9a72f012
audit,breast_cancer_wisconsin,static_weighted_ensemble,random_feature_deletion,0.1,shadow,2,0.9655172413793104,0.0,dea67bb2d35c28e440d9722e081e15716def0094d12dad4b8f531704b049ca2c
audit,breast_cancer_wisconsin,veto_mavs,random_feature_deletion,0.1,shadow,2,0.9655172413793104,0.0,da7e010c482b686b23c30c196c257e9bd7b50af21001fd4baf05ce9afb5f5c49
audit,breast_cancer_wisconsin,pure_mavs_gc,random_feature_deletion,0.1,shadow,2,0.9655172413793104,0.0,f19c7f762a1045cc0c007ee1a6ee87762b44efd60fa2f8996d3e69b05c0a0ad0
audit,breast_cancer_wisconsin,single_model,random_feature_deletion,0.2,audit,3,0.9540229885057472,0.00026423569824283365,be50fede1e734eb4cc8b51f1df13de84ab90d2b141aa6ad9bab4af3cbeaeaa50
audit,breast_cancer_wisconsin,mean_ensemble,random_feature_deletion,0.2,audit,3,0.9540229885057472,0.00026423569824283365,aeaea4de7ea2dd2d1bb9c2cbe626dceaaa5de7523ab7a17821edf6bfde1e787e
audit,breast_cancer_wisconsin,static_weighted_ensemble,random_feature_deletion,0.2,audit,3,0.9540229885057472,0.00026423569824283365,00b896bb2e2ec8782230f2cfa6678b4103dbc4ade79e9e1390e0e90c8d11459b
audit,breast_cancer_wisconsin,veto_mavs,random_feature_deletion,0.2,audit,3,0.9540229885057472,0.00026423569824283365,3a29b8f151c13279d4e5aa994bf2326ec2fb73376b929fa9c4d736ba162c7e45
audit,breast_cancer_wisconsin,pure_mavs_gc,random_feature_deletion,0.2,audit,3,0.9540229885057472,0.00026423569824283365,e2f26722eb0948dbd7d8d9a97dd4044283b2833b26e9807a48da23b81323d192
audit,breast_cancer_wisconsin,single_model,random_feature_deletion,0.2,shadow,2,0.9655172413793104,0.0,f134d5f0866448338060a2e5941d2c9fafee1c9811eb2102f1449e7cb6ad6af1
audit,breast_cancer_wisconsin,mean_ensemble,random_feature_deletion,0.2,shadow,2,0.9655172413793104,0.0,7f0ac95b5fa97933515bfc51a3e5d99e8f343ffa214aab96e73aee2457ad1ff1
audit,breast_cancer_wisconsin,static_weighted_ensemble,random_feature_deletion,0.2,shadow,2,0.9655172413793104,0.0,3ffa93b0c7b3c881bdabdd70cae3e458ab4935435712dbaf72a8f98f4cb48f56
audit,breast_cancer_wisconsin,veto_mavs,random_feature_deletion,0.2,shadow,2,0.9655172413793104,0.0,6b01b24b894b5c1d43b5d87b34d943baa89a6eb63f02d17ae0275922ad2c77b2
audit,breast_cancer_wisconsin,pure_mavs_gc,random_feature_deletion,0.2,shadow,2,0.9655172413793104,0.0,6003f77b6d7724653d883e8c153f86d525c52ebbad8bad7ad1c5641507bd850b
audit,breast_cancer_wisconsin,single_model,random_feature_deletion,0.4,audit,3,0.9425287356321839,0.00026423569824283365,c28e2cfb34777eb9cfba7ae4ee14b636b7669c02951f1a0d9c9aaf35db9cce64
audit,breast_cancer_wisconsin,mean_ensemble,random_feature_deletion,0.4,audit,3,0.9425287356321839,0.00026423569824283365,f5a316069e34695dc36cecdadcd528c1737e202192c8e99cf25270df10f833fc
audit,breast_cancer_wisconsin,static_weighted_ensemble,random_feature_deletion,0.4,audit,3,0.9425287356321839,0.00026423569824283365,a4d94658241ee111fe43048bb87c2877d5baf8cf837c583138b4d0db348f4cc0
audit,breast_cancer_wisconsin,veto_mavs,random_feature_deletion,0.4,audit,3,0.9425287356321839,0.00026423569824283365,d150875fabec20fb72d3ddea423494046602839c23a829ac2bd142502f57dd5e
audit,breast_cancer_wisconsin,pure_mavs_gc,random_feature_deletion,0.4,audit,3,0.9425287356321839,0.00026423569824283365,b2bc91db3a9355bff50b9ff47313212e931041f0f43e9259c2c3dc0e300d3550
audit,breast_cancer_wisconsin,single_model,random_feature_deletion,0.4,shadow,2,0.9137931034482758,0.00029726516052318595,d2cf99a4c49ede38af8e7bcb0b82a6c96c38e9448cc2c2978206759b03c47d9b
audit,breast_cancer_wisconsin,mean_ensemble,random_feature_deletion,0.4,shadow,2,0.9655172413793104,0.0,ecfa0a42e1c4c917cde09e5755f523ad97a028d4c4ef9dc45e00a788237693a2
audit,breast_cancer_wisconsin,static_weighted_ensemble,random_feature_deletion,0.4,shadow,2,0.9137931034482758,0.00029726516052318595,1c188b30d1fa0fcb4c856c301c68d2b598359a7e012123886c6df9b4277c3f06
audit,breast_cancer_wisconsin,veto_mavs,random_feature_deletion,0.4,shadow,2,0.9655172413793104,0.0,f97e78253bc8c63d088ff5307fa68ae0aae1da1cc6ab023e95aeb2df3daef54e
audit,breast_cancer_wisconsin,pure_mavs_gc,random_feature_deletion,0.4,shadow,2,0.9482758620689655,0.00029726516052318785,8d1dc654dc7d0d8605392d1bc8a1199a16f3d6a6a75a5771b4150735290d8e2f
audit,breast_cancer_wisconsin,single_model,random_feature_deletion,0.6,audit,3,0.9310344827586207,0.002378121284185498,24d10e9102a6aed0a6c9a688c9323287ce43d41b56ad6c5a7a495af6953b6fec
audit,breast_cancer_wisconsin,mean_ensemble,random_feature_deletion,0.6,audit,3,0.9080459770114943,0.003435064077156826,74c1817dc6aca6e6dab9b63b326e74f5d9b6ca087f5b257f811091174f3a93da
audit,breast_cancer_wisconsin,static_weighted_ensemble,random_feature_deletion,0.6,audit,3,0.9310344827586207,0.002378121284185498,b8d88acb5762e0ccc1b3d11f2df734838649f1a4b6929f958e155faff0d2f237
audit,breast_cancer_wisconsin,veto_mavs,random_feature_deletion,0.6,audit,3,0.9080459770114943,0.003435064077156826,7200f909655f3262df34191990bc04e7a8ec29e580725af1ece193c5258568f6
audit,breast_cancer_wisconsin,pure_mavs_gc,random_feature_deletion,0.6,audit,3,0.8850574712643678,0.004227771171885318,529c28367e7c54d3a555ef2472c4e0e5c89d262309ae0a9c6275f1a809465f50
audit,breast_cancer_wisconsin,single_model,random_feature_deletion,0.6,shadow,2,0.896551724137931,0.0,b24c0367748f47fb5a429d6e6d3357e453caa7984aba677d5ec54c24724f9d3e
audit,breast_cancer_wisconsin,mean_ensemble,random_feature_deletion,0.6,shadow,2,0.8620689655172413,0.0011890606420927475,60d16fb253f1c7cb258b9b53169d665ad5fada42dfc2b1fc4cff91f694cdbe29
audit,breast_cancer_wisconsin,static_weighted_ensemble,random_feature_deletion,0.6,shadow,2,0.896551724137931,0.0011890606420927475,806c6a4b5e2cebc3aef4816dafb902f4871db837c932cb0807737b7f1db357bf
audit,breast_cancer_wisconsin,veto_mavs,random_feature_deletion,0.6,shadow,2,0.8620689655172413,0.0011890606420927475,0c2f81dbf7fc66c96f646c2f44081fe1cc0ecff0a7cf38bec570905c8dd7ff04
audit,breast_cancer_wisconsin,pure_mavs_gc,random_feature_deletion,0.6,shadow,2,0.8448275862068966,0.00029726516052318595,656311212c5e6b4d6fa474781f289e147f5eb723fc2898f1cbdec43036406857
audit,breast_cancer_wisconsin,single_model,random_feature_deletion,0.8,audit,3,0.8505747126436781,0.0018496498876998271,80d7155e80d35d92374d1a6c6e042277920a7dba88f5f1642e3e2b7de689da66
audit,breast_cancer_wisconsin,mean_ensemble,random_feature_deletion,0.8,audit,3,0.7701149425287356,0.00977672083498481,b91d82a7ba823261def7a3c7faa540ca8f7096bac6719b1c691b7bcb37c4c225
audit,breast_cancer_wisconsin,static_weighted_ensemble,random_feature_deletion,0.8,audit,3,0.8620689655172413,0.0007927070947284983,02b94b89c45b737c53846c97b55ad809d9ea45edacbd9f4b473a7490f6b8893e
audit,breast_cancer_wisconsin,veto_mavs,random_feature_deletion,0.8,audit,3,0.7701149425287356,0.00977672083498481,e62f8f7013f313e564d4b3b58c2735d9c3119b25cf24c7175425d76f9dee38cb
audit,breast_cancer_wisconsin,pure_mavs_gc,random_feature_deletion,0.8,audit,3,0.7011494252873564,0.01294754921389879,563f76d59369abb0d97eb386bee10704035b1a6a3169b3aeafb72ecc8acb2a93
audit,breast_cancer_wisconsin,single_model,random_feature_deletion,0.8,shadow,2,0.8620689655172413,0.0011890606420927475,fd0921a52a14bb07abc104134900e1ce8a7ad36e240b5f241a45b02e9c58497c
audit,breast_cancer_wisconsin,mean_ensemble,random_feature_deletion,0.8,shadow,2,0.8620689655172413,0.0,0ad50eb9031ca03600ff431cbfd2903082aa3b24ef35a54147569f515dde4dce
audit,breast_cancer_wisconsin,static_weighted_ensemble,random_feature_deletion,0.8,shadow,2,0.8793103448275862,0.00029726516052318785,bb09387b8ccc6cbe9cb5eec3aa2ee89e1fc983ef4bae5363358e823ba967742b
audit,breast_cancer_wisconsin,veto_mavs,random_feature_deletion,0.8,shadow,2,0.8620689655172413,0.0,f5006fac6f8e264e7730b94bbc3317cc619cc3e085997d1d871f1428fcedb612
audit,breast_cancer_wisconsin,pure_mavs_gc,random_feature_deletion,0.8,shadow,2,0.7758620689655172,0.007431629013079658,44171712ff086ef9835d9e3f5532af59a384d3704076465e4890dfcb7110b277
audit,breast_cancer_wisconsin,single_model,random_feature_deletion,1.0,audit,3,0.6206896551724138,0.0,aa45804b48d90e09a35dfc8a11404b080e43ff40ce26f06e89035e0953ffa893
audit,breast_cancer_wisconsin,mean_ensemble,random_feature_deletion,1.0,audit,3,0.6206896551724138,0.0,b76ba94da3a39307c07fb57da310d83486e7674ef7bce0abb90d3ba1b09cd8ad
audit,breast_cancer_wisconsin,static_weighted_ensemble,random_feature_deletion,1.0,audit,3,0.6206896551724138,0.0,7dcb89be1f0c201dad9fdb4cb85969048d0fe6a7890363b52b4194ec685fa5b0
audit,breast_cancer_wisconsin,veto_mavs,random_feature_deletion,1.0,audit,3,0.6206896551724138,0.0,457d06f135eb592695c83ea6ffb8c2616dd30c19ea95abbd47ecc5fafd0bc780
audit,breast_cancer_wisconsin,pure_mavs_gc,random_feature_deletion,1.0,audit,3,0.6206896551724138,0.0,e227a896f7434793fea26f509c09f455bc173aa76338fedf71273ac6849451df
audit,breast_cancer_wisconsin,single_model,random_feature_deletion,1.0,shadow,2,0.6206896551724138,0.0,329dd603f8be28ff46b81530c5da73fd3d654ee7846e60e9a631f8b0dbac400c
audit,breast_cancer_wisconsin,mean_ensemble,random_feature_deletion,1.0,shadow,2,0.6206896551724138,0.0,bd34d6a983db4ffae87b4e79d79bdcb7502084693712b042e185d0a6ab8fc5ca
audit,breast_cancer_wisconsin,static_weighted_ensemble,random_feature_deletion,1.0,shadow,2,0.6206896551724138,0.0,309fea0b75e0a79b291d968f40279aa84c05222a61fde4828d87a769ca6f1ece
audit,breast_cancer_wisconsin,veto_mavs,random_feature_deletion,1.0,shadow,2,0.6206896551724138,0.0,1151d63b4d276055bfd9c815d2e7d5f6e68c5924a73bef0f8e69173e153b6b0b
audit,breast_cancer_wisconsin,pure_mavs_gc,random_feature_deletion,1.0,shadow,2,0.6206896551724138,0.0,2a832b7e17467187c178d353947eccc2c93c40fc08afc1ffdc7b3aefe3a7821a
audit,breast_cancer_wisconsin,single_model,label_noise,0.0,audit,3,0.9655172413793104,0.0,26832c89ebeaa3cf8095de660267dcfc7ce64bb74535c3c22e4f50a956f42e0f
audit,breast_cancer_wisconsin,mean_ensemble,label_noise,0.0,audit,3,0.9655172413793104,0.0,a88227bf1eb66581cba09d6cf72f9765771ba7c2f4e01a00fe5a959440181b15
audit,breast_cancer_wisconsin,static_weighted_ensemble,label_noise,0.0,audit,3,0.9655172413793104,0.0,b114774bd0ff27eecb5a397d8d6b52f5c9205225603943c6fbc8bb38aa51ce4f
audit,breast_cancer_wisconsin,veto_mavs,label_noise,0.0,audit,3,0.9655172413793104,0.0,bca9127a91d36d1e6ae2b36e38eada8f314141cbe7c6459d3118a6b7f844d9f1
audit,breast_cancer_wisconsin,pure_mavs_gc,label_noise,0.0,audit,3,0.9655172413793104,0.0,52bb8e19ee584c93153e7c28d3908aece81eeaa7bb7d0320ef4d0b07a535869b
audit,breast_cancer_wisconsin,single_model,label_noise,0.0,shadow,2,0.9655172413793104,0.0,e32e2a942752d5ea36713577d9ebe1d4ab9b96d3747e5b3c47cf6f43fc632699
audit,breast_cancer_wisconsin,mean_ensemble,label_noise,0.0,shadow,2,0.9655172413793104,0.0,47083c85016e75a84b796d8fd61e565e3398fad537e42059332d582614f69584
audit,breast_cancer_wisconsin,static_weighted_ensemble,label_noise,0.0,shadow,2,0.9655172413793104,0.0,7132e523e8f330c2ad979d8c051443fb263bbbef66f1b78f5485fcf8f2426b96
audit,breast_cancer_wisconsin,veto_mavs,label_noise,0.0,shadow,2,0.9655172413793104,0.0,dcf3906395fa690f15699b2d15de28cb439024d8d2eaf2b020a59d4680e25dd9
audit,breast_cancer_wisconsin,pure_mavs_gc,label_noise,0.0,shadow,2,0.9655172413793104,0.0,42bf473409521fb9722073a52ef2f279ff4ebe7cb844f48b3ef89781afadfce2
audit,breast_cancer_wisconsin,single_model,label_noise,0.05,audit,3,0.9655172413793104,0.0,afa714aedfc2716aed1e3728604a20ce03530086fe7fb427a7505226f2d50db4
audit,breast_cancer_wisconsin,mean_ensemble,label_noise,0.05,audit,3,0.9655172413793104,0.0,5ffea7bb5bddcf50c92fd59233b3145bf1e4f05479e9b7c6ec16c511ff444893
audit,breast_cancer_wisconsin,static_weighted_ensemble,label_noise,0.05,audit,3,0.9655172413793104,0.0,6803b5245dd8ba320a64912fdcb71211ccb2c88f7c93d9bc6ae55bdd7ee99387
audit,breast_cancer_wisconsin,veto_mavs,label_noise,0.05,audit,3,0.9655172413793104,0.0,1858df146f9758f4b7ed8dc3a60ec6073d17029b38466c743205fe53069cf993
audit,breast_cancer_wisconsin,pure_mavs_gc,label_noise,0.05,audit,3,0.9655172413793104,0.0,69b019e35473ea8a250b8d95f5b42032afb00ddd09ba14b13162351dcf3ffa3b
audit,breast_cancer_wisconsin,single_model,label_noise,0.05,shadow,2,0.9655172413793104,0.0,f99b9a6c546c77af14ded2f9146f11312514ca0dc561724cb2b1a1f39111f7df
audit,breast_cancer_wisconsin,mean_ensemble,label_noise,0.05,shadow,2,0.9655172413793104,0.0,16508c45486a5dd899a18e152015f9483c8acfac32e3f0e80dbc1b2172d9a2f2
audit,breast_cancer_wisconsin,static_weighted_ensemble,label_noise,0.05,shadow,2,0.9655172413793104,0.0,f60d551cc930f0efea10d0f5bc8c812ebe62b03e2560f96cb14089e330299913
audit,breast_cancer_wisconsin,veto_mavs,label_noise,0.05,shadow,2,0.9655172413793104,0.0,34fa35ddb0c640ad5f900fb5483bc4233b0847c3ba4b68d97751a0e8e6b1d04f
audit,breast_cancer_wisconsin,pure_mavs_gc,label_noise,0.05,shadow,2,0.9655172413793104,0.0,ec91e4db377100fc6d72dcb2815198d53a7a65694cfd16ba059594081f346b1c
audit,breast_cancer_wisconsin,single_model,label_noise,0.1,audit,3,0.9655172413793104,0.0,9506de1175dd9de6891f3089152ba6e0ba97ba75d4d07f42063eae2329de868e
audit,breast_cancer_wisconsin,mean_ensemble,label_noise,0.1,audit,3,0.9655172413793104,0.0,b4ed7a3ce2cf81a7651230baac02f08e4a2afe35bc9db1915f1a49998c7d933b
audit,breast_cancer_wisconsin,static_weighted_ensemble,label_noise,0.1,audit,3,0.9655172413793104,0.0,8733e984dd67fec41707fce49a4c32cdcbb3dc5ca0f3d1ba8d9136965c418d9f
audit,breast_cancer_wisconsin,veto_mavs,label_noise,0.1,audit,3,0.9655172413793104,0.0,24970e0807de3a8a2ad4d6066a803c5dcafbf52a942e43f546eef21ba4da87f5
audit,breast_cancer_wisconsin,pure_mavs_gc,label_noise,0.1,audit,3,0.9655172413793104,0.0,e9c98c5de62cde910350e6e8bb3d3fe7da84367c8d2007824f3737c324ac2263
audit,breast_cancer_wisconsin,single_model,label_noise,0.1,shadow,2,0.9655172413793104,0.0,00855ac64b0070e4c24bc0f1381c733d858bb0feea95c2e2faee6ebbbfe41f6c
audit,breast_cancer_wisconsin,mean_ensemble,label_noise,0.1,shadow,2,0.9655172413793104,0.0,668cc6259d18347ec9bb6ecfa7c766416f34c2f8148fb6f93a713426073987ff
audit,breast_cancer_wisconsin,static_weighted_ensemble,label_noise,0.1,shadow,2,0.9655172413793104,0.0,0e3bf2162a2851d5e2a7351eeb8b777d4762e87c795936487873a50880642f64
audit,breast_cancer_wisconsin,veto_mavs,label_noise,0.1,shadow,2,0.9655172413793104,0.0,c369dbf08e5b914a27cc83cae6d2271c1f2248a8f1c5491eb10e334279d4442b
audit,breast_cancer_wisconsin,pure_mavs_gc,label_noise,0.1,shadow,2,0.9655172413793104,0.0,cd87d5691ca55bdcc0b7ccd48f43336b9eff972581b25d0b4a6526ffc123f59b
audit,breast_cancer_wisconsin,single_model,label_noise,0.2,audit,3,0.9655172413793104,0.0,c325b760166e4f0ca1958792f46447afa590d3e6a206960b14a1d4d5bcf4b5b2
audit,breast_cancer_wisconsin,mean_ensemble,label_noise,0.2,audit,3,0.9655172413793104,0.0,560f87ffb9b5fa960dbb9306f011cbfa140070fdf1dee8ee770210db10b47c59
audit,breast_cancer_wisconsin,static_weighted_ensemble,label_noise,0.2,audit,3,0.9655172413793104,0.0,dc8ad9ede81416ccd858c3fc31a6fe824f8b954652b143bed885772dd662fad4
audit,breast_cancer_wisconsin,veto_mavs,label_noise,0.2,audit,3,0.9655172413793104,0.0,2caab8c8fdf1523a315385349590789078ff3de3e6cd64e3a4336f9c3167e63d
audit,breast_cancer_wisconsin,pure_mavs_gc,label_noise,0.2,audit,3,0.9655172413793104,0.0,8da486b8c69d81b699a29f88bbc826af3d98584264558925fc147f076b930dba
audit,breast_cancer_wisconsin,single_model,label_noise,0.2,shadow,2,0.9655172413793104,0.0,97712c8284687052e510dae688dee3ed36b782b69ac11a45a25d9114d0d962cf
audit,breast_cancer_wisconsin,mean_ensemble,label_noise,0.2,shadow,2,0.9655172413793104,0.0,19d3a80355b1d30f85f232fc0fff66d7960f656dad40e085eea91ce0457b54a8
audit,breast_cancer_wisconsin,static_weighted_ensemble,label_noise,0.2,shadow,2,0.9655172413793104,0.0,79193222d1bba9571b61f9af52a0e3010be269d2ab30ecec7ff3f76c2fe78d0d
audit,breast_cancer_wisconsin,veto_mavs,label_noise,0.2,shadow,2,0.9655172413793104,0.0,a24379b7d77c9d32b12383fd906298beeb948485285610615b935faa26dee551
audit,breast_cancer_wisconsin,pure_mavs_gc,label_noise,0.2,shadow,2,0.9655172413793104,0.0,cb1fe3c6244f400b1a06aa35d5c222d830b3204f2c3908d7314466ca1e4efb1c
audit,breast_cancer_wisconsin,single_model,label_noise,0.4,audit,3,0.9655172413793104,0.0,b5f914309127b35b1b44c55e5cc352a0fec36db8243067d89f85ac197ee2b762
audit,breast_cancer_wisconsin,mean_ensemble,label_noise,0.4,audit,3,0.9655172413793104,0.0,8177827969c1bbde2738b5ecfbf8080dddc8dcd9f1d87a1310c2b5075cdf6d5b
audit,breast_cancer_wisconsin,static_weighted_ensemble,label_noise,0.4,audit,3,0.9655172413793104,0.0,6d52322de02c71b9fbf8b287515dd1c9517ef9d670b8f1844e3595dc5e011988
audit,breast_cancer_wisconsin,veto_mavs,label_noise,0.4,audit,3,0.9655172413793104,0.0,94a1777503920773ec09b907603f21a097ebc511aba006a11597579843030977
audit,breast_cancer_wisconsin,pure_mavs_gc,label_noise,0.4,audit,3,0.9655172413793104,0.0,8cb87ec41bde9bbe584e047d30ab7935103b070437e4238314d1a88bbc242c6f
audit,breast_cancer_wisconsin,single_model,label_noise,0.4,shadow,2,0.9655172413793104,0.0,6129c17e2e1660a02192285bc176f22d16db834ac1a7a58fade7d60acec1b62f
audit,breast_cancer_wisconsin,mean_ensemble,label_noise,0.4,shadow,2,0.9655172413793104,0.0,2d433f577a864a293a43dba8185351bdbb6f80ed92285a4cbd8fafa1eab96f1a
audit,breast_cancer_wisconsin,static_weighted_ensemble,label_noise,0.4,shadow,2,0.9655172413793104,0.0,c067df44fb777b17c47d241de7f37914ead1b795bfca524615a38bc5b862390b
audit,breast_cancer_wisconsin,veto_mavs,label_noise,0.4,shadow,2,0.9655172413793104,0.0,fb9b3a6b3d5aff083c17755797a4619063c07fa159cb3c5438ef9a658528d80f
audit,breast_cancer_wisconsin,pure_mavs_gc,label_noise,0.4,shadow,2,0.9655172413793104,0.0,e4741138caab82968dcd63dd575c43d527229543ff29734d22999ad2c7f382c1
audit,breast_cancer_wisconsin,single_model,label_noise,0.6,audit,3,0.9655172413793104,0.0,476ccc727d7c62c11cc3075c5528346cf14e9cb31b3891bb90d2b9d63238a7ba
audit,breast_cancer_wisconsin,mean_ensemble,label_noise,0.6,audit,3,0.9655172413793104,0.0,db67f2a0f47bc2dc7f881a85a6c096ec90e532122b7f49a348c4636c8257ffdd
audit,breast_cancer_wisconsin,static_weighted_ensemble,label_noise,0.6,audit,3,0.9655172413793104,0.0,9d3e7dae003b2764d0bce122eda8e0f50eb1057373779ac63fe8df4c321e60ac
audit,breast_cancer_wisconsin,veto_mavs,label_noise,0.6,audit,3,0.9655172413793104,0.0,8e2269625270f52ea481fd0422254231ad05de977a4926aa1fe0f686fd52b7e7
audit,breast_cancer_wisconsin,pure_mavs_gc,label_noise,0.6,audit,3,0.9655172413793104,0.0,4b95bc55eb6630aa3eca168c7c3732041ada4cd22a6a908a5db0bb31cfd8cfec
audit,breast_cancer_wisconsin,single_model,label_noise,0.6,shadow,2,0.9655172413793104,0.0,f99d4b3b97163a64b45bf0d6cda0a79fc991321cc8bdced976b30594a771e4aa
audit,breast_cancer_wisconsin,mean_ensemble,label_noise,0.6,shadow,2,0.9655172413793104,0.0,fa326756f5425bfb4249ae1426887f2697fdebea626670070c58763b50c1b467
audit,breast_cancer_wisconsin,static_weighted_ensemble,label_noise,0.6,shadow,2,0.9655172413793104,0.0,108edaa91fc3ba3aececd94c7ba2b8a21094860a0a00eaff3465015ce48b5c02
audit,breast_cancer_wisconsin,veto_mavs,label_noise,0.6,shadow,2,0.9655172413793104,0.0,40f3122aec6f4dc0517e8a8795a28f88d624bba5de7c908c9a1b4f7e57ae7522
audit,breast_cancer_wisconsin,pure_mavs_gc,label_noise,0.6,shadow,2,0.9655172413793104,0.0,e1ef3434842555d074d68e23425208cf64e888b62cb262a013bb8aee158fceae
audit,breast_cancer_wisconsin,single_model,label_noise,0.8,audit,3,0.9655172413793104,0.0,09428daf51969ee66160cac2734b5354348d9af4c378ccfb285c2aa9eb70c295
audit,breast_cancer_wisconsin,mean_ensemble,label_noise,0.8,audit,3,0.9655172413793104,0.0,d90c3bd8c700a91992efb022d6046eb67d1e4237c59cf6dffcef9d5d7db6ed32
audit,breast_cancer_wisconsin,static_weighted_ensemble,label_noise,0.8,audit,3,0.9655172413793104,0.0,8f0e01b83d21e1433f06133ecad9b97ebc10ceff56c5ca056719411c0ea7dc97
audit,breast_cancer_wisconsin,veto_mavs,label_noise,0.8,audit,3,0.9655172413793104,0.0,73a1721343b260fa60724bdf7ee8126650d65f2d588c3a447e01ff7ee277a3b4
audit,breast_cancer_wisconsin,pure_mavs_gc,label_noise,0.8,audit,3,0.9655172413793104,0.0,91e8fa9b6067034e65334c9bff4a986f63485e34ed755a4e5fe4198aea4aad68
audit,breast_cancer_wisconsin,single_model,label_noise,0.8,shadow,2,0.9655172413793104,0.0,ed22c73727c12333063e0ebc19568d3840a44ded1d4bec1ac53362b6134ca39c
audit,breast_cancer_wisconsin,mean_ensemble,label_noise,0.8,shadow,2,0.9655172413793104,0.0,b1f228325a29d76dde590df9d5dff18e616085f94cd5b34be2efe418a4409f27
audit,breast_cancer_wisconsin,static_weighted_ensemble,label_noise,0.8,shadow,2,0.9655172413793104,0.0,584d255655652c4e74a275705d4488d0c0b62484b93d16e7a57e8cae39f1011c
audit,breast_cancer_wisconsin,veto_mavs,label_noise,0.8,shadow,2,0.9655172413793104,0.0,f73fa462447b460b6697dbeb968153ce95d5de5ac93d8e2825bbea043770e399
audit,breast_cancer_wisconsin,pure_mavs_gc,label_noise,0.8,shadow,2,0.9655172413793104,0.0,97a0982d2203ac91843360236d25f2361320315dd0c29a32d79cc63ba3ab0713
audit,breast_cancer_wisconsin,single_model,label_noise,1.0,audit,3,0.9655172413793104,0.0,7089e55aab7f636012e94e424fe56df35fcee2ccfd1dc1159967194c6c1b0c8a
audit,breast_cancer_wisconsin,mean_ensemble,label_noise,1.0,audit,3,0.9655172413793104,0.0,6c9fa9b1cb1214425e2f197bf59f18cb96386d734a048c01b548f531aa454a9e
audit,breast_cancer_wisconsin,static_weighted_ensemble,label_noise,1.0,audit,3,0.9655172413793104,0.0,f309d53e3f47def329726fabb90bf614ec247cbfeaefcd35846567cfa48f3372
audit,breast_cancer_wisconsin,veto_mavs,label_noise,1.0,audit,3,0.9655172413793104,0.0,115c9f131ce30732b32f205cb6ffb25788b551162b89286724b82952df12c810
audit,breast_cancer_wisconsin,pure_mavs_gc,label_noise,1.0,audit,3,0.9655172413793104,0.0,00e9199f29d1ec2bc5a5e2fa5eaebd7ae6ccbdfae1ef03881ccff749cc2735ab
audit,breast_cancer_wisconsin,single_model,label_noise,1.0,shadow,2,0.9655172413793104,0.0,6b6c71598798cda8a1f7e8c2d65a89eb45ab6f29d8e4568dad28dc93364f1810
audit,breast_cancer_wisconsin,mean_ensemble,label_noise,1.0,shadow,2,0.9655172413793104,0.0,2d1ea317e40291cb1db3a09d752322e16a64c9f2d0a47072e631ab5b0d44b935
audit,breast_cancer_wisconsin,static_weighted_ensemble,label_noise,1.0,shadow,2,0.9655172413793104,0.0,6de250b2f0dc1211340d1f6bafa15ca7c827c796e33ae67f1e889f9bb9f9e0bc
audit,breast_cancer_wisconsin,veto_mavs,label_noise,1.0,shadow,2,0.9655172413793104,0.0,5fddda6e6c268eff8ad855f64f4c28931c4419ecf6e15a9152ad5e8fc4ece188
audit,breast_cancer_wisconsin,pure_mavs_gc,label_noise,1.0,shadow,2,0.9655172413793104,0.0,ae485fbdf7a759b274eb0be5ece5f285578a95beed91889f1ef280b07de8d764
audit,breast_cancer_wisconsin,single_model,confidence_distortion,0.0,audit,3,0.9655172413793104,0.0,9245837e42118f149c776e3d272a719448f7b2402fdc665c3c218653782c8714
audit,breast_cancer_wisconsin,mean_ensemble,confidence_distortion,0.0,audit,3,0.9655172413793104,0.0,adf6eca5a51ef9d6bae6b482f8f5dfbe1154ff9a9a19a1e95b7e505156e6beb7
audit,breast_cancer_wisconsin,static_weighted_ensemble,confidence_distortion,0.0,audit,3,0.9655172413793104,0.0,dad04c01fe8afe92a2f0fcb518d0279998353a5eb6450b1b25c3976669b54e8d
audit,breast_cancer_wisconsin,veto_mavs,confidence_distortion,0.0,audit,3,0.9655172413793104,0.0,77ff14cc9fe6f72001cd167c767b79c16f25b7e29f6e503c8b393bdeb8d14982
audit,breast_cancer_wisconsin,pure_mavs_gc,confidence_distortion,0.0,audit,3,0.9655172413793104,0.0,3f772a4c0d46182c7f62aaf79a8837b96bf28c8b659c5d5c2d96064ded039e61
audit,breast_cancer_wisconsin,single_model,confidence_distortion,0.0,shadow,2,0.9655172413793104,0.0,04e9497cec411a1c80a2d642194e37edcd4ac4ccd0d4319c81723eb093b2eb2c
audit,breast_cancer_wisconsin,mean_ensemble,confidence_distortion,0.0,shadow,2,0.9655172413793104,0.0,49db22796d775973ab30257c678caa3d73fed6ce77eb9d8a611da04b015626e0
audit,breast_cancer_wisconsin,static_weighted_ensemble,confidence_distortion,0.0,shadow,2,0.9655172413793104,0.0,d9966980751cab39f41266101d9038c5df5257d1e23e229f95dedac9fffd5ec5
audit,breast_cancer_wisconsin,veto_mavs,confidence_distortion,0.0,shadow,2,0.9655172413793104,0.0,4109934346359b10ee65d85c435ba2d1cef1f6be33f04de2084139793b5b7741
audit,breast_cancer_wisconsin,pure_mavs_gc,confidence_distortion,0.0,shadow,2,0.9655172413793104,0.0,67804b65599d73ab51b4d00f3ceb1e814862b2cf817c5344dab644afb1f4ad5c
audit,breast_cancer_wisconsin,single_model,confidence_distortion,0.05,audit,3,0.9655172413793104,0.0,54a699d88bc0bda4d7efd2f91f041b9c807891b5a54274cabd02c40e55dcc159
audit,breast_cancer_wisconsin,mean_ensemble,confidence_distortion,0.05,audit,3,0.9655172413793104,0.0,8aee87a5b5babded366ba669639441a891acfe37b1359027eec458f841b0bcb9
audit,breast_cancer_wisconsin,static_weighted_ensemble,confidence_distortion,0.05,audit,3,0.9655172413793104,0.0,0f3d2fdbf25ccfabce7e594538c663e5a6ade7538add49a3369c7e96b5c8f251
audit,breast_cancer_wisconsin,veto_mavs,confidence_distortion,0.05,audit,3,0.9655172413793104,0.0,be26cf9c42a9ae8bec84f6832c55bb79555a797ddddd2bdfac4e9a650083f9e0
audit,breast_cancer_wisconsin,pure_mavs_gc,confidence_distortion,0.05,audit,3,0.9655172413793104,0.0,cfd71c1e3116af3c3e8ba18587d4e38af7a5b0f0156ad4736c6444e508ac1d34
audit,breast_cancer_wisconsin,single_model,confidence_distortion,0.05,shadow,2,0.9655172413793104,0.0,a303c6d3e163ebdb496f3290e38410d04bb32205f8ff88dab08979b8cd6fb32d
audit,breast_cancer_wisconsin,mean_ensemble,confidence_distortion,0.05,shadow,2,0.9655172413793104,0.0,288ee88fbb3a4398ccf5e7a78e5e3519dc9707105ec50a821c623549d996237c
audit,breast_cancer_wisconsin,static_weighted_ensemble,confidence_distortion,0.05,shadow,2,0.9655172413793104,0.0,cd3ff81b1f35219d6a4b31ab7d28b4114e52269567d5209c591f6eb2c9bb9d34
audit,breast_cancer_wisconsin,veto_mavs,confidence_distortion,0.05,shadow,2,0.9655172413793104,0.0,bb299e6b8ba7bc11a1a7bbbf56e751543c027cb12bea39533b6a4b48e8c3152f
audit,breast_cancer_wisconsin,pure_mavs_gc,confidence_distortion,0.05,shadow,2,0.9655172413793104,0.0,8ad83674da7afba59611466617544cecdfcd98b4c0b393720a9cb8d610956cb5
audit,breast_cancer_wisconsin,single_model,confidence_distortion,0.1,audit,3,0.9655172413793104,0.0,7db1eef6c7c934276d8b8d159795e0def6900d90402d3978ca020d36c0d66335
audit,breast_cancer_wisconsin,mean_ensemble,confidence_distortion,0.1,audit,3,0.9655172413793104,0.0,4757bee4a73d652ce9e1d5e11b23d904f075c8491221601a3622053d98c4d6e4
audit,breast_cancer_wisconsin,static_weighted_ensemble,confidence_distortion,0.1,audit,3,0.9655172413793104,0.0,f2f6b0a370b58229338ae528453b4f83f1673591a3f36d4aba1ca981017b9c12
audit,breast_cancer_wisconsin,veto_mavs,confidence_distortion,0.1,audit,3,0.9655172413793104,0.0,2f7da891852c02655b7d18067ec5b74d41eba7f95a09a94b3f52138e86703adb
audit,breast_cancer_wisconsin,pure_mavs_gc,confidence_distortion,0.1,audit,3,0.9655172413793104,0.0,27f4cda61ee0c138581ae3327c8c20acafcadb37b2d2cefe1f97a0b13cfdb722
audit,breast_cancer_wisconsin,single_model,confidence_distortion,0.1,shadow,2,0.9655172413793104,0.0,a8295d637834e0f30e9d14994bcebd605c71484da271cd5f9bb70ee9350bd5f4
audit,breast_cancer_wisconsin,mean_ensemble,confidence_distortion,0.1,shadow,2,0.9655172413793104,0.0,c25b3cdc3eeae6130204afed7833ffee466886d34931fc4a21cd74acecdd6a9b
audit,breast_cancer_wisconsin,static_weighted_ensemble,confidence_distortion,0.1,shadow,2,0.9655172413793104,0.0,60114b5bbe7c22599ea36e62fdf38dacfe3fe18ab9e24247180fc350c647a4c6
audit,breast_cancer_wisconsin,veto_mavs,confidence_distortion,0.1,shadow,2,0.9655172413793104,0.0,e3ec0262b4e17d82cfa44740f732b1adc0cfae6c82f6cde734462019d3c08ecc
audit,breast_cancer_wisconsin,pure_mavs_gc,confidence_distortion,0.1,shadow,2,0.9655172413793104,0.0,5dbbd68f8a9bbbd19f55dd7ee6c6998c3cfa43f35f44dafb7cc97555a25d7913
audit,breast_cancer_wisconsin,single_model,confidence_distortion,0.2,audit,3,0.9655172413793104,0.0,0e51c8659a889a2fbe4e8b49cdc028dae4e10ee4a94a59eb09a861229b250775
audit,breast_cancer_wisconsin,mean_ensemble,confidence_distortion,0.2,audit,3,0.9655172413793104,0.0,76e42abae9c8a877e3068d43dae7b3ec4d07e028c9edc8a56e9e69172bb8b8cc
audit,breast_cancer_wisconsin,static_weighted_ensemble,confidence_distortion,0.2,audit,3,0.9655172413793104,0.0,4462830915606eede48e31b3c6a89856fa7b810236fed061138f5b8e5a2062db
audit,breast_cancer_wisconsin,veto_mavs,confidence_distortion,0.2,audit,3,0.9655172413793104,0.0,baad5bef51755318a64d5c234d5c5e3be8bd629193555879807b37b670bba29c
audit,breast_cancer_wisconsin,pure_mavs_gc,confidence_distortion,0.2,audit,3,0.9655172413793104,0.0,eb72ad409b94e5cff12db598ae8643f5fd5947d52fedfe778a2377783e056b05
audit,breast_cancer_wisconsin,single_model,confidence_distortion,0.2,shadow,2,0.9655172413793104,0.0,f3960a5ab56c638b6a4e1c9d147c068953c7825ade02d96566a6b59fa0b54063
audit,breast_cancer_wisconsin,mean_ensemble,confidence_distortion,0.2,shadow,2,0.9655172413793104,0.0,a83a6dfa56e6512e767ec2d1326e3af824a2afedc048eb3099cbd34a05135af3
audit,breast_cancer_wisconsin,static_weighted_ensemble,confidence_distortion,0.2,shadow,2,0.9655172413793104,0.0,8c57908a5418f7becf2942c0144a8cc2b9054ab6c39e7e6de5e064def2914e71
audit,breast_cancer_wisconsin,veto_mavs,confidence_distortion,0.2,shadow,2,0.9655172413793104,0.0,2c50dffe80688467a6d9843e56ebefcbc306a5d0f1b1aaef8666071ec3cf052c
audit,breast_cancer_wisconsin,pure_mavs_gc,confidence_distortion,0.2,shadow,2,0.9655172413793104,0.0,509b0aed5382bf1b6d504c6bf9eb331710c2fcb2659085a8f7e77cb9cdbe2cde
audit,breast_cancer_wisconsin,single_model,confidence_distortion,0.4,audit,3,0.9655172413793104,0.0,f60be8db6a572df15e08ba51fd6517b8491ca241a9d6650fd6d48f4587a7fab1
audit,breast_cancer_wisconsin,mean_ensemble,confidence_distortion,0.4,audit,3,0.9655172413793104,0.0,afb160c52aa52634a8245edb15f585b4ab43bbc13582cdad8ad80ada9b81b04c
audit,breast_cancer_wisconsin,static_weighted_ensemble,confidence_distortion,0.4,audit,3,0.9655172413793104,0.0,f43f60cfd9358d28804a55f0a7948db82870c719c0b0c1e5aca1c7776d80c24d
audit,breast_cancer_wisconsin,veto_mavs,confidence_distortion,0.4,audit,3,0.9655172413793104,0.0,5fb5012273f1b1b97249193d3d856d31f5dcd07f51becc215cbf01a37875fe3c
audit,breast_cancer_wisconsin,pure_mavs_gc,confidence_distortion,0.4,audit,3,0.9655172413793104,0.0,760341411103f1561690772921f5cb1a9fe81aa323a16cb77cc180f6ffb2f9b0
audit,breast_cancer_wisconsin,single_model,confidence_distortion,0.4,shadow,2,0.9655172413793104,0.0,df77f2aa6270496464a478715fc801a52c540cc57c9a2cf1a8775c295638db10
audit,breast_cancer_wisconsin,mean_ensemble,confidence_distortion,0.4,shadow,2,0.9655172413793104,0.0,7f590e7039937e60fbee1017a74a8ad78ce56308a5b4b889d7aa23925b1c4d62
audit,breast_cancer_wisconsin,static_weighted_ensemble,confidence_distortion,0.4,shadow,2,0.9655172413793104,0.0,a943ac0164901be681ee7565ae1da88d1c18023782f50b729412b9dea30372c9
audit,breast_cancer_wisconsin,veto_mavs,confidence_distortion,0.4,shadow,2,0.9655172413793104,0.0,c73555f2383e6486dae318c021d8f62a05100e284aec6f1b7795869c43603765
audit,breast_cancer_wisconsin,pure_mavs_gc,confidence_distortion,0.4,shadow,2,0.9655172413793104,0.0,6f0fbea781588d5630d73d5143111262ab9f9aa36081b464390036d54f9a31a8
audit,breast_cancer_wisconsin,single_model,confidence_distortion,0.6,audit,3,0.9655172413793104,0.0,7b4fe9bb7d38bf4b17a1be93bae319d4de355f8fcd1a05cf9fe1eab8777e1548
audit,breast_cancer_wisconsin,mean_ensemble,confidence_distortion,0.6,audit,3,0.9655172413793104,0.0,b4f28b578e68fd6f6cacc7a179b1ef7c4ed0c622826494c1be33a6ffb36d02de
audit,breast_cancer_wisconsin,static_weighted_ensemble,confidence_distortion,0.6,audit,3,0.9655172413793104,0.0,a2cf3a8108c3274f8901e120a085c3bb72c02b51d8b97a0e70b15eb3aa75e37b
audit,breast_cancer_wisconsin,veto_mavs,confidence_distortion,0.6,audit,3,0.9655172413793104,0.0,241b0017264128e5c609187dd2ce440f5170242d926f5490bef58897b2c8c046
audit,breast_cancer_wisconsin,pure_mavs_gc,confidence_distortion,0.6,audit,3,0.9655172413793104,0.0,43909be60d55bda1bd7a4200da5323233c9d26b226799f8179896c9bf2ca5f81
audit,breast_cancer_wisconsin,single_model,confidence_distortion,0.6,shadow,2,0.9655172413793104,0.0,4d444540e80ee5a6a8952717f8af7fd5e2cf0cc5f338a3528c80be97e458ba16
audit,breast_cancer_wisconsin,mean_ensemble,confidence_distortion,0.6,shadow,2,0.9655172413793104,0.0,6eb63e8139df03941a98c9af9bf0ddf43e1dc38d952778ab48873229b5a67684
audit,breast_cancer_wisconsin,static_weighted_ensemble,confidence_distortion,0.6,shadow,2,0.9655172413793104,0.0,254426578d194d65caefbe04d1fe425882db9fb1a83bfffde35564a0a4102b9c
audit,breast_cancer_wisconsin,veto_mavs,confidence_distortion,0.6,shadow,2,0.9655172413793104,0.0,b52d0db3c651287b98811e2ceec3e5add0633d1de9a1eb6082082fa8a0a29e00
audit,breast_cancer_wisconsin,pure_mavs_gc,confidence_distortion,0.6,shadow,2,0.9655172413793104,0.0,a758f08fbae2a10a7d1105cd83502183f872b53c18165aeb2fb28aff0feb7d0d
audit,breast_cancer_wisconsin,single_model,confidence_distortion,0.8,audit,3,0.9655172413793104,0.0,d5415f31f912f7f630801f76be34d89867dcb5bb36207d4496974acee1d86540
audit,breast_cancer_wisconsin,mean_ensemble,confidence_distortion,0.8,audit,3,0.9655172413793104,0.0,836beb64ba12d65a362b93b26208168c10677b2b6311e4e3c40552b459409422
audit,breast_cancer_wisconsin,static_weighted_ensemble,confidence_distortion,0.8,audit,3,0.9655172413793104,0.0,d334a92dda7e289c9b79a7b839727b1fbd046fb6cce64d49bd01b09074575c65
audit,breast_cancer_wisconsin,veto_mavs,confidence_distortion,0.8,audit,3,0.9655172413793104,0.0,0fd5eb0dfc1e6f8aa2ba1e099ced09b1d7e31789f9c175e98d6aea699b4f83a4
audit,breast_cancer_wisconsin,pure_mavs_gc,confidence_distortion,0.8,audit,3,0.9655172413793104,0.0,d229f6dc5794d0e2fda030c7cb2455a273674b8556a2dde2d4e68fd0b21ecb23
audit,breast_cancer_wisconsin,single_model,confidence_distortion,0.8,shadow,2,0.9655172413793104,0.0,d798fd20d909050ed6274c9dd57beb8dc3fc0f0d29bfa30ef23691636a10ceba
audit,breast_cancer_wisconsin,mean_ensemble,confidence_distortion,0.8,shadow,2,0.9655172413793104,0.0,6a4e55bb83bc51ec66067943ba8b6d22912c09cde4b9353898857ae56245cfcf
audit,breast_cancer_wisconsin,static_weighted_ensemble,confidence_distortion,0.8,shadow,2,0.9655172413793104,0.0,39186974c15a7fa1ed60f57372665cf1dd68b651b7f090cd7e84c3ec754422c6
audit,breast_cancer_wisconsin,veto_mavs,confidence_distortion,0.8,shadow,2,0.9655172413793104,0.0,8478470fb685c7d570ce368aad2736a26f71e746d19358453b401104a4a5e91e
audit,breast_cancer_wisconsin,pure_mavs_gc,confidence_distortion,0.8,shadow,2,0.9655172413793104,0.0,e2ed93216925bc0f0ab9c9ffc9c7c6019a1eb488300704b43acc12381890ccfd
audit,breast_cancer_wisconsin,single_model,confidence_distortion,1.0,audit,3,0.9655172413793104,0.0,db490ddfe8cb4eff2c69d34f46972466186d488d1eb99aae9b927380c44778d0
audit,breast_cancer_wisconsin,mean_ensemble,confidence_distortion,1.0,audit,3,0.9655172413793104,0.0,0cf4d3f596f4f8ce21dd670b7759ef615e1d1bbacf81fd3934a3a05c336b0517
audit,breast_cancer_wisconsin,static_weighted_ensemble,confidence_distortion,1.0,audit,3,0.9655172413793104,0.0,dca2a6f40bc18c9e1fd1f9e2f30b5d8bd327a32a4c9ea1b6c94ff4a372783aa1
audit,breast_cancer_wisconsin,veto_mavs,confidence_distortion,1.0,audit,3,0.9655172413793104,0.0,30477847c3ed06811946ebe184cabab8d0a90fc46d4d52cb5adc115dac478ff0
audit,breast_cancer_wisconsin,pure_mavs_gc,confidence_distortion,1.0,audit,3,0.9655172413793104,0.0,4326b0a942029596c7bc925b70afcc96a2b6fd60928b10fc552add9ef0e107b0
audit,breast_cancer_wisconsin,single_model,confidence_distortion,1.0,shadow,2,0.9655172413793104,0.0,8e76ee7eca143e01f24407509229b82a107c9263151afe7321758062e225831b
audit,breast_cancer_wisconsin,mean_ensemble,confidence_distortion,1.0,shadow,2,0.9655172413793104,0.0,7d34f1aeff3bb81a1ec4ea43330f881addc75a7cff16cfbd77f8b6fe3d36478b
audit,breast_cancer_wisconsin,static_weighted_ensemble,confidence_distortion,1.0,shadow,2,0.9655172413793104,0.0,746624aada0a139d252e0f6956b24986ac3816f1e01faa89ce2bc37c5d532e91
audit,breast_cancer_wisconsin,veto_mavs,confidence_distortion,1.0,shadow,2,0.9655172413793104,0.0,fb0fc515184fb3eda666be5a77fba6098c20a2d720d25c5f353d1e992810328f
audit,breast_cancer_wisconsin,pure_mavs_gc,confidence_distortion,1.0,shadow,2,0.9655172413793104,0.0,e76df79ba56bcf03c7a16fd2d982c0f3ccb5ef83cd41d8665ec2b6a2d5dc8294
audit,breast_cancer_wisconsin,single_model,adversarial_confidence_inflation,0.0,audit,3,0.9655172413793104,0.0,1d89181d53760ff932f4640a3d5377f1c4ccb3afe24791455ab35f8e03947495
audit,breast_cancer_wisconsin,mean_ensemble,adversarial_confidence_inflation,0.0,audit,3,0.9655172413793104,0.0,a68dabf23d09309ce4feed01c39ac3b29967d9feaa62769dcd12b51f934cce58
audit,breast_cancer_wisconsin,static_weighted_ensemble,adversarial_confidence_inflation,0.0,audit,3,0.9655172413793104,0.0,50a8f212f4094bef1a2dbf9cad2e696475039c6cc48d039746ebb1ad7f4e4024
audit,breast_cancer_wisconsin,veto_mavs,adversarial_confidence_inflation,0.0,audit,3,0.9655172413793104,0.0,a4457fdf08284773287dc0d32e9125c0e8e3cdf4e63be3f8a7f7c9e7d1f8c342
audit,breast_cancer_wisconsin,pure_mavs_gc,adversarial_confidence_inflation,0.0,audit,3,0.9655172413793104,0.0,cb2a7703295686606fd7493abb5d52a0d580e9456f65b2f6d43385bd024d8ac7
audit,breast_cancer_wisconsin,single_model,adversarial_confidence_inflation,0.0,shadow,2,0.9655172413793104,0.0,6e8727e8fbe2a9087f80c3d85ea08cd859c7e08a1fc50eaffdb3b34bcbc50f36
audit,breast_cancer_wisconsin,mean_ensemble,adversarial_confidence_inflation,0.0,shadow,2,0.9655172413793104,0.0,77c0f476c61caca599830c18f15c36cffc4ff5370903b6ff9edbc1e43f5b625e
audit,breast_cancer_wisconsin,static_weighted_ensemble,adversarial_confidence_inflation,0.0,shadow,2,0.9655172413793104,0.0,df51b8f69fa967bf01f3457f60b02c5dd3bd83f52fcebaed27b4aa3336201a76
audit,breast_cancer_wisconsin,veto_mavs,adversarial_confidence_inflation,0.0,shadow,2,0.9655172413793104,0.0,f79e674013158cc9683ef1441b7af083389d2f08043cb9a97018bc4d70c65b00
audit,breast_cancer_wisconsin,pure_mavs_gc,adversarial_confidence_inflation,0.0,shadow,2,0.9655172413793104,0.0,23d55f593d3fd25ad3920e09a865f07f42989db8b4aec4a9e5d921bc98b10f40
audit,breast_cancer_wisconsin,single_model,adversarial_confidence_inflation,0.05,audit,3,0.9655172413793104,0.0,e427f88fd90f808ecad290713c79928b9aa40890f0f22c6c8bd4fbb3cfd7dd14
audit,breast_cancer_wisconsin,mean_ensemble,adversarial_confidence_inflation,0.05,audit,3,0.9655172413793104,0.0,782e3081772a8154221ddac7a48d7ea7a2f3b2848715bc4a2dbe86bf6c3087f0
audit,breast_cancer_wisconsin,static_weighted_ensemble,adversarial_confidence_inflation,0.05,audit,3,0.9655172413793104,0.0,4e71cb7633e20477b78aff0594b23bde9883b5caa06f33ab96c61fd4d1b857d6
audit,breast_cancer_wisconsin,veto_mavs,adversarial_confidence_inflation,0.05,audit,3,0.9655172413793104,0.0,89936578262ddc78082eacefd87cbfbc6b7b5abb696b98a700d6964f12c41d32
audit,breast_cancer_wisconsin,pure_mavs_gc,adversarial_confidence_inflation,0.05,audit,3,0.9655172413793104,0.0,b8b7b272f719d641b6e7c1b5f7b13dfe16a319cedddb88302dbb9dac9e134c83
audit,breast_cancer_wisconsin,single_model,adversarial_confidence_inflation,0.05,shadow,2,0.9655172413793104,0.0,bc0d14a2a74227eb7cbd049d1528a18a8036e42d330891da96e87574ba5700ba
audit,breast_cancer_wisconsin,mean_ensemble,adversarial_confidence_inflation,0.05,shadow,2,0.9655172413793104,0.0,6558358dcdb0e5b6ea51b275289b7a0076f89dc6168d616e20da05ab1eed6bbe
audit,breast_cancer_wisconsin,static_weighted_ensemble,adversarial_confidence_inflation,0.05,shadow,2,0.9655172413793104,0.0,4dfd5db3994c120b47532c6c42ff340d93f9077282c9d0772e9f1571661e47b8
audit,breast_cancer_wisconsin,veto_mavs,adversarial_confidence_inflation,0.05,shadow,2,0.9655172413793104,0.0,cbebec3bc1909d64f3f8d40265d9d254942db2d049d5ff66c0097a45b68d9743
audit,breast_cancer_wisconsin,pure_mavs_gc,adversarial_confidence_inflation,0.05,shadow,2,0.9655172413793104,0.0,cfcd33aa5c9d78f2ad91fdd5bd036bff8d3fa6a190cd8b7167749c8b07ca32b3
audit,breast_cancer_wisconsin,single_model,adversarial_confidence_inflation,0.1,audit,3,0.9655172413793104,0.0,9f18406c06f285ee03999a4ff9b4d2df03a6e97cbe99db7b6748e10b01d82a9a
audit,breast_cancer_wisconsin,mean_ensemble,adversarial_confidence_inflation,0.1,audit,3,0.9655172413793104,0.0,b65af9ae13e39e5d2d0c060f2b2ed0e02544423af05b05e9b792da333f9cdbc8
audit,breast_cancer_wisconsin,static_weighted_ensemble,adversarial_confidence_inflation,0.1,audit,3,0.9655172413793104,0.0,3c768f8a5663e6b83b4a22ca8a6f68d09160c376b4dc741fb21d51380e7667e8
audit,breast_cancer_wisconsin,veto_mavs,adversarial_confidence_inflation,0.1,audit,3,0.9655172413793104,0.0,14971d18a89440627a20909e215111c7341d0ed416786c2d1b0e476f0bd10c08
audit,breast_cancer_wisconsin,pure_mavs_gc,adversarial_confidence_inflation,0.1,audit,3,0.9655172413793104,0.0,908bffdd444547ef6598dc8ee5d66e8fc5238545615d240385a09539a30f5158
audit,breast_cancer_wisconsin,single_model,adversarial_confidence_inflation,0.1,shadow,2,0.9655172413793104,0.0,90bfc18616572f99879c760f7eb2c7db55abf4de77311be1b19a68056915f1e5
audit,breast_cancer_wisconsin,mean_ensemble,adversarial_confidence_inflation,0.1,shadow,2,0.9655172413793104,0.0,6802f968f84e9f1aa6993e0f70090a92030bcb161a79d230bf8ab76f0ed6ea2c
audit,breast_cancer_wisconsin,static_weighted_ensemble,adversarial_confidence_inflation,0.1,shadow,2,0.9655172413793104,0.0,ce04d44311cb7d9b99f6e41ea9fe362d22f2ed51c6368342e28c1ae1cf091f3c
audit,breast_cancer_wisconsin,veto_mavs,adversarial_confidence_inflation,0.1,shadow,2,0.9655172413793104,0.0,87380b356dbf543ed3727129663b3d3d6d165db3ba49513c10f131e8ac1c1fb3
audit,breast_cancer_wisconsin,pure_mavs_gc,adversarial_confidence_inflation,0.1,shadow,2,0.9655172413793104,0.0,6bdac571057aa3701524a4dd35a233d4f7d5821cbdec6034f7279e055fb34694
audit,breast_cancer_wisconsin,single_model,adversarial_confidence_inflation,0.2,audit,3,0.9655172413793104,0.0,40565725f1b5ec0c63aa61d23c3da0766a91fa1e9235741af65ad4c3aec4ff93
audit,breast_cancer_wisconsin,mean_ensemble,adversarial_confidence_inflation,0.2,audit,3,0.9655172413793104,0.0,d889c802cb1b9500bc953e19e6c4de31fe72b4a8af93d699fdff62a1a7181cf4
audit,breast_cancer_wisconsin,static_weighted_ensemble,adversarial_confidence_inflation,0.2,audit,3,0.9655172413793104,0.0,97cf58e4556806934cea96e8e53c8dd2cb3d43dd34c7a7f75336b0ac3c119a9e
audit,breast_cancer_wisconsin,veto_mavs,adversarial_confidence_inflation,0.2,audit,3,0.9655172413793104,0.0,730a1a0b79246a5173f83870d7f3f889b229ba57566dfbaa30f54f7b97348fae
audit,breast_cancer_wisconsin,pure_mavs_gc,adversarial_confidence_inflation,0.2,audit,3,0.9655172413793104,0.0,c95390d20da103d10720d822db3c48547289ccc7c65f406558361962ce6b723a
audit,breast_cancer_wisconsin,single_model,adversarial_confidence_inflation,0.2,shadow,2,0.9655172413793104,0.0,2585725a9b0ed75f3af542229d34cbf6f13d224e50b354095dc7a4cd6eba16fc
audit,breast_cancer_wisconsin,mean_ensemble,adversarial_confidence_inflation,0.2,shadow,2,0.9655172413793104,0.0,1109755284a9b43c4eb1faa9578d774a1ff1551211eea4ffe401a9df4bf723a9
audit,breast_cancer_wisconsin,static_weighted_ensemble,adversarial_confidence_inflation,0.2,shadow,2,0.9655172413793104,0.0,59d7d9f3a70b31908a4ebb15a4b85bdcd9a972d0b1c62ab425648af575983d25
audit,breast_cancer_wisconsin,veto_mavs,adversarial_confidence_inflation,0.2,shadow,2,0.9655172413793104,0.0,b8c31e7c7a7fca1f43ee1c807f015b792293651a7d39e964cb5e2bbdd0710985
audit,breast_cancer_wisconsin,pure_mavs_gc,adversarial_confidence_inflation,0.2,shadow,2,0.9655172413793104,0.0,765db294812d3b6823296010249caa0b96c92bf1ec47f74428c05d63d0a9012e
audit,breast_cancer_wisconsin,single_model,adversarial_confidence_inflation,0.4,audit,3,0.9655172413793104,0.0,6f990c6498cf925e605bdb8d123c9b4efe583351a6847d2ed35dd9b6452353c7
audit,breast_cancer_wisconsin,mean_ensemble,adversarial_confidence_inflation,0.4,audit,3,0.9655172413793104,0.0,32ebb5b8ff792990205149548a901c3cbaa3728c69a4aab579b468268dad0bce
audit,breast_cancer_wisconsin,static_weighted_ensemble,adversarial_confidence_inflation,0.4,audit,3,0.9655172413793104,0.0,948db39d10400768c5a2f3d7aa92a3aaa4f711f84978c81a75d958731c7bd952
audit,breast_cancer_wisconsin,veto_mavs,adversarial_confidence_inflation,0.4,audit,3,0.9655172413793104,0.0,cd01fddf12483c3dff484c8c291e8ffef1dd527fe0a4eab21b567cd52e67293c
audit,breast_cancer_wisconsin,pure_mavs_gc,adversarial_confidence_inflation,0.4,audit,3,0.9655172413793104,0.0,2197a60c95ea068665ed7999393a5d53423c2deb30f9235679d8abea45c1d90d
audit,breast_cancer_wisconsin,single_model,adversarial_confidence_inflation,0.4,shadow,2,0.9655172413793104,0.0,61bcd0ef2443245c805ab6128dd83f3c1a52c3a6f634f98b2484ec3074e43f78
audit,breast_cancer_wisconsin,mean_ensemble,adversarial_confidence_inflation,0.4,shadow,2,0.9655172413793104,0.0,c0dd8fa005a6777cf97457acbb6e825de2dcedb50cf5af5c6ab436fee6813778
audit,breast_cancer_wisconsin,static_weighted_ensemble,adversarial_confidence_inflation,0.4,shadow,2,0.9655172413793104,0.0,257b332d6b9149689d4f842ed4cfe11caf903d6bcbbe53944d120bdf066c3d8a
audit,breast_cancer_wisconsin,veto_mavs,adversarial_confidence_inflation,0.4,shadow,2,0.9655172413793104,0.0,5620e99289503f835ff85104913d5cfa806927f3e6f19240ff336ddf4c89dbed
audit,breast_cancer_wisconsin,pure_mavs_gc,adversarial_confidence_inflation,0.4,shadow,2,0.9655172413793104,0.0,e6c511e1dcf7a6143e878baad1d32e53b7c9423d9f8a5a4a1f88fa915ab7ff26
audit,breast_cancer_wisconsin,single_model,adversarial_confidence_inflation,0.6,audit,3,0.9655172413793104,0.0,c10af1b9df499290b7ce5da052d76d9be30bf638f8f9a5fd7ed1b153bb8ae41f
audit,breast_cancer_wisconsin,mean_ensemble,adversarial_confidence_inflation,0.6,audit,3,0.9655172413793104,0.0,c96068b2d33d7f24db37f2c1331dd264f6077b7e6daf0da547261acbf9347cf6
audit,breast_cancer_wisconsin,static_weighted_ensemble,adversarial_confidence_inflation,0.6,audit,3,0.9655172413793104,0.0,c24d743d1c89398222b55785813218f859f3ff85c9664fcdcb7935396ac96c84
audit,breast_cancer_wisconsin,veto_mavs,adversarial_confidence_inflation,0.6,audit,3,0.9655172413793104,0.0,beb8758f02bc7b8b7fab681af4779293f7fa880378496f8c60cb24617fae9f7d
audit,breast_cancer_wisconsin,pure_mavs_gc,adversarial_confidence_inflation,0.6,audit,3,0.9655172413793104,0.0,b735368b3dc41e0cb9d05105a6205bd96656b094d0a620a594fb18f175e84bfb
audit,breast_cancer_wisconsin,single_model,adversarial_confidence_inflation,0.6,shadow,2,0.9655172413793104,0.0,044274dfc503982f1a921081b9e1bba6c74f61f001b7040d90dc8b7c0b9c827e
audit,breast_cancer_wisconsin,mean_ensemble,adversarial_confidence_inflation,0.6,shadow,2,0.9655172413793104,0.0,200cf09444c54455af4e7d7770a9f6b976013bd4cc40ae147c5988d39058cb1c
audit,breast_cancer_wisconsin,static_weighted_ensemble,adversarial_confidence_inflation,0.6,shadow,2,0.9655172413793104,0.0,0287c0a1b4d44901a37999af725899e0e34543b44f1a810dc8e673d147c31de9
audit,breast_cancer_wisconsin,veto_mavs,adversarial_confidence_inflation,0.6,shadow,2,0.9655172413793104,0.0,65841d4ae2391bab1a57d3a867d4845d08843d8fc4e66fe1aa83e2d4b5784cd8
audit,breast_cancer_wisconsin,pure_mavs_gc,adversarial_confidence_inflation,0.6,shadow,2,0.9655172413793104,0.0,3e88259e8f66585a034bfb438fc3234f9d3239479a68f5f8380e711f9d4d5ec1
audit,breast_cancer_wisconsin,single_model,adversarial_confidence_inflation,0.8,audit,3,0.9655172413793104,0.0,e8a4ccd5df7fd3f78bf68fbb5a150d1c3fe47ce949b8d2ef007d11b58b1bab65
audit,breast_cancer_wisconsin,mean_ensemble,adversarial_confidence_inflation,0.8,audit,3,0.9655172413793104,0.0,80d8ef052276201c4cdd1296efa66eaeca67e362b134e87387c64494e0daaf7c
audit,breast_cancer_wisconsin,static_weighted_ensemble,adversarial_confidence_inflation,0.8,audit,3,0.9655172413793104,0.0,bee6aac69ffc3d7aaa0704a0be821c908c415b51a5bdb82401a6cd47d123c3e3
audit,breast_cancer_wisconsin,veto_mavs,adversarial_confidence_inflation,0.8,audit,3,0.9655172413793104,0.0,d66996d6c296072466bf7f499654da6db2ed43aa1302dbdf20cc9a4d00bc60d4
audit,breast_cancer_wisconsin,pure_mavs_gc,adversarial_confidence_inflation,0.8,audit,3,0.9655172413793104,0.0,26783aafec600f2a2a0206963cc4e038af6a8e53f43541d74cbddc961201814e
audit,breast_cancer_wisconsin,single_model,adversarial_confidence_inflation,0.8,shadow,2,0.9655172413793104,0.0,6f91540cd80e69ec3f4343458ca06d6b5d26702410562c4f0ddf9a64f942ceca
audit,breast_cancer_wisconsin,mean_ensemble,adversarial_confidence_inflation,0.8,shadow,2,0.9655172413793104,0.0,c37a209031f75f02de4e91d558cb12f371e981874e9bd522a01db40084387024
audit,breast_cancer_wisconsin,static_weighted_ensemble,adversarial_confidence_inflation,0.8,shadow,2,0.9655172413793104,0.0,38012f08b2d356df9bbf863a7c170752f1afe4ff3a99a424d6bf3f678881ccff
audit,breast_cancer_wisconsin,veto_mavs,adversarial_confidence_inflation,0.8,shadow,2,0.9655172413793104,0.0,9709b94b4a80e72e3b832c5a8ca8c27825cb8e22d9bdf47677d4b011bdc84e42
audit,breast_cancer_wisconsin,pure_mavs_gc,adversarial_confidence_inflation,0.8,shadow,2,0.9655172413793104,0.0,bab1ef30f5a42b5eea129499ea7c30aa165cdf2ccede1e059000177c76e168f6
audit,breast_cancer_wisconsin,single_model,adversarial_confidence_inflation,1.0,audit,3,0.9655172413793104,0.0,7aaa1227505f25f222a4c6ec0dbc4d377ed240c8c22e06626ffb03ef42e9a202
audit,breast_cancer_wisconsin,mean_ensemble,adversarial_confidence_inflation,1.0,audit,3,0.9655172413793104,0.0,a33fd4842f934cd20fd5e5e241736c5239d92953bc62de276dbe74e755e9d4e9
audit,breast_cancer_wisconsin,static_weighted_ensemble,adversarial_confidence_inflation,1.0,audit,3,0.9655172413793104,0.0,dba474f743f9775a8f681a1ecdadbf06be00d341874108b5281a28332d5a46da
audit,breast_cancer_wisconsin,veto_mavs,adversarial_confidence_inflation,1.0,audit,3,0.9655172413793104,0.0,1e13a6dc6610fec3987c2d65dca46767266098562aeb527d0f4bee5aa727dbc6
audit,breast_cancer_wisconsin,pure_mavs_gc,adversarial_confidence_inflation,1.0,audit,3,0.9655172413793104,0.0,c8398b6eb7bf72e41e7262576dfa2ac52d9f2060e4c2d5376d84fb0b5d6c2f2f
audit,breast_cancer_wisconsin,single_model,adversarial_confidence_inflation,1.0,shadow,2,0.9655172413793104,0.0,3cacacdcd6a82a4adf9259a450d62469b9184cc0c75496a4937c03b95e9df519
audit,breast_cancer_wisconsin,mean_ensemble,adversarial_confidence_inflation,1.0,shadow,2,0.9655172413793104,0.0,6c14e7f287c4f343a68f5798c04372a6ba0ee05eee47549dc444868a9bca5bd0
audit,breast_cancer_wisconsin,static_weighted_ensemble,adversarial_confidence_inflation,1.0,shadow,2,0.9655172413793104,0.0,bb6fecf1af60145e54c0af9b03b4d5d04393eb2a7b7f77beea29ae2a69a21b3b
audit,breast_cancer_wisconsin,veto_mavs,adversarial_confidence_inflation,1.0,shadow,2,0.9655172413793104,0.0,b5ecba5d7144b63bdb5df487edd55b989af0f316a4c1d812e01e31526eea6143
audit,breast_cancer_wisconsin,pure_mavs_gc,adversarial_confidence_inflation,1.0,shadow,2,0.9655172413793104,0.0,7fca4f9dde1df2b239ac38fe947cf82c2eb30cac64bdf3128cde3eb6f918cc5c
audit,breast_cancer_wisconsin,single_model,distribution_shift,0.0,audit,3,0.9655172413793104,0.0,e82d98fa062c8d2d16aac8187ea2cffb2ded41931c134d41b58825f95e19bb65
audit,breast_cancer_wisconsin,mean_ensemble,distribution_shift,0.0,audit,3,0.9655172413793104,0.0,edbb8cce5c85023aa474cc3c88c42e74837ae249b87d9ffb753773e0320ac66f
audit,breast_cancer_wisconsin,static_weighted_ensemble,distribution_shift,0.0,audit,3,0.9655172413793104,0.0,e939267b9cf6e7fac1ee698cdd63bacfcfd77b237e054b66fa9d3996c10e5b39
audit,breast_cancer_wisconsin,veto_mavs,distribution_shift,0.0,audit,3,0.9655172413793104,0.0,686181bc9926a6a3ad03d86de570a82aaed2b4a8b3c10f243079ee59670fe49d
audit,breast_cancer_wisconsin,pure_mavs_gc,distribution_shift,0.0,audit,3,0.9655172413793104,0.0,05c3299ee205c07ac0b247294d4a89ef83e3b5c09f3f609901c6825ab879bf16
audit,breast_cancer_wisconsin,single_model,distribution_shift,0.0,shadow,2,0.9655172413793104,0.0,8c295cadd26b6e35908514d0d7b3ea4167617f773442488e239150100d4be653
audit,breast_cancer_wisconsin,mean_ensemble,distribution_shift,0.0,shadow,2,0.9655172413793104,0.0,cf2b0faccd3f3d5cae09bdd5316a6d7e7ec8e2bc7129d6da39684d1a1bcd17db
audit,breast_cancer_wisconsin,static_weighted_ensemble,distribution_shift,0.0,shadow,2,0.9655172413793104,0.0,be28918eab1f56d58bbd090ee8b05836a2da7127e857292362b198207b551c75
audit,breast_cancer_wisconsin,veto_mavs,distribution_shift,0.0,shadow,2,0.9655172413793104,0.0,dae01c327c9ab5b708bef2d00236858515758c1f2b22b7cda779b46d1e957aee
audit,breast_cancer_wisconsin,pure_mavs_gc,distribution_shift,0.0,shadow,2,0.9655172413793104,0.0,1edb0521f15ca197651e795cb2726d032e8c220b3ca9b28cfac2009fd5bc5d9c
audit,breast_cancer_wisconsin,single_model,distribution_shift,0.05,audit,3,0.9655172413793104,0.0,fbe34bf6acb43946159428ecc8c61fd9e2ce2ff4b7dba9a27379630731f0784a
audit,breast_cancer_wisconsin,mean_ensemble,distribution_shift,0.05,audit,3,0.9655172413793104,0.0,881fbb0283ef37e6f3731506e57ac55d67f7b4a0ad631fa1d37f15f6d4494208
audit,breast_cancer_wisconsin,static_weighted_ensemble,distribution_shift,0.05,audit,3,0.9655172413793104,0.0,d46c405d98a3c98d5382f863d974d43d407373730b105b1f51438b19433df723
audit,breast_cancer_wisconsin,veto_mavs,distribution_shift,0.05,audit,3,0.9655172413793104,0.0,2d00b56c2bd79e11ca51f044d006e35e48e15cc27e3fa6bea920df5f25785a3b
audit,breast_cancer_wisconsin,pure_mavs_gc,distribution_shift,0.05,audit,3,0.9655172413793104,0.0,7481f70075d3c8a4cee4d5cadc46353956ce18a4aaa6099c76c19c8d9ad3af5e
audit,breast_cancer_wisconsin,single_model,distribution_shift,0.05,shadow,2,0.9655172413793104,0.0,84fcc21cb18449cf7cf4c9476618a70269f27340de7a1e88747f61ce90ca2ac6
audit,breast_cancer_wisconsin,mean_ensemble,distribution_shift,0.05,shadow,2,0.9655172413793104,0.0,6bb94f2b43362df075247cfcdb45bf1922c68105efd8e0192146f9ae5ebc33ca
audit,breast_cancer_wisconsin,static_weighted_ensemble,distribution_shift,0.05,shadow,2,0.9655172413793104,0.0,b0cab0ec8988a4a59afb6d8ed7079c8facf04a3a572acd0705808e2b822586cd
audit,breast_cancer_wisconsin,veto_mavs,distribution_shift,0.05,shadow,2,0.9655172413793104,0.0,674baa1cbaadc885af691fe77fa24feddf36ce1f9950d55da63f8dbad6606443
audit,breast_cancer_wisconsin,pure_mavs_gc,distribution_shift,0.05,shadow,2,0.9655172413793104,0.0,c43ebc21054c5cd4bcfd08ac20687b927ab0e59fee430e715a5e3d249bc62f84
audit,breast_cancer_wisconsin,single_model,distribution_shift,0.1,audit,3,0.9642857142857143,0.0,ad6ad6d657fb9d769c533724a1ea1040286a669e21885ff546a18e49b24c19ac
audit,breast_cancer_wisconsin,mean_ensemble,distribution_shift,0.1,audit,3,0.9642857142857143,0.0,3619829ae65c3089f089e3392064b812794d908da3532bb96aaaf21eb146e297
audit,breast_cancer_wisconsin,static_weighted_ensemble,distribution_shift,0.1,audit,3,0.9642857142857143,0.0,7fcadf21f83ca9ec70c39c015b955b9db9b4e37a8e2c39d6f865068978cab203
audit,breast_cancer_wisconsin,veto_mavs,distribution_shift,0.1,audit,3,0.9642857142857143,0.0,aef78f598c5e8a8538da1dc16efd794365b5aa94278865d14d239ab8a518603a
audit,breast_cancer_wisconsin,pure_mavs_gc,distribution_shift,0.1,audit,3,0.9642857142857143,0.0,c9af922d4fd95056d927d09aeb0075ea9d6d9bbbc98ffcd02ad4fa0c6b9058ef
audit,breast_cancer_wisconsin,single_model,distribution_shift,0.1,shadow,2,0.9642857142857143,0.0,9bfcc1095486cd451f97996295fdd822d0a162607ac078152633ec1cfe73ac9e
audit,breast_cancer_wisconsin,mean_ensemble,distribution_shift,0.1,shadow,2,0.9642857142857143,0.0,f1b08df71c5a98a121841e1600541685a76381ad3cee2ba5b3ab92cb7ca25d48
audit,breast_cancer_wisconsin,static_weighted_ensemble,distribution_shift,0.1,shadow,2,0.9642857142857143,0.0,daf279be181f811b1e63274fdb479f29658476d339e0713d045fa6ac22d07796
audit,breast_cancer_wisconsin,veto_mavs,distribution_shift,0.1,shadow,2,0.9642857142857143,0.0,4daf0d2d18bec6370f804ea1b3519ca5c4aa19b62e141730a30c22b31ba0804e
audit,breast_cancer_wisconsin,pure_mavs_gc,distribution_shift,0.1,shadow,2,0.9642857142857143,0.0,a802b0bae0aa0db22042844fe6ad8979954913dd185998810689a06eb9c30406
audit,breast_cancer_wisconsin,single_model,distribution_shift,0.2,audit,3,0.9615384615384616,0.0,363d77af446dd3429325b3b1f0c7823be291e720f2d1200dc75c1d5ae4c41de5
audit,breast_cancer_wisconsin,mean_ensemble,distribution_shift,0.2,audit,3,0.9615384615384616,0.0,a682362766ec12a79d5e5ac8e5ae99ccecc7c30b35fb64591d61f98fe6e73d7d
audit,breast_cancer_wisconsin,static_weighted_ensemble,distribution_shift,0.2,audit,3,0.9615384615384616,0.0,ee7e0fa5da730db26e24cf486c06f7916b918f44b82a07e7341890b55f5c1899
audit,breast_cancer_wisconsin,veto_mavs,distribution_shift,0.2,audit,3,0.9615384615384616,0.0,0799f53950244298c5805ba3b693e6263468db8d84af9ace048dd9a487ef0c7b
audit,breast_cancer_wisconsin,pure_mavs_gc,distribution_shift,0.2,audit,3,0.9615384615384616,0.0,e07d6d7fcd4515d17937eba223e8b7cad3bd14554836bb8e382e419d9b62fa13
audit,breast_cancer_wisconsin,single_model,distribution_shift,0.2,shadow,2,0.9615384615384616,0.0,f94534d60231d3e7b38051ec954162a49bfe2409276a1ee27784b237ff0e11f3
audit,breast_cancer_wisconsin,mean_ensemble,distribution_shift,0.2,shadow,2,0.9615384615384616,0.0,d1088a952e80c06e535355387184cf973d615231d37a93a7c78bc201a35d469f
audit,breast_cancer_wisconsin,static_weighted_ensemble,distribution_shift,0.2,shadow,2,0.9615384615384616,0.0,62fb866db9d6581220ef9d1472509a8ea740e2120fec421fcbaa8916534bf1cf
audit,breast_cancer_wisconsin,veto_mavs,distribution_shift,0.2,shadow,2,0.9615384615384616,0.0,9a8dcd1ea0a895f5b234c795b98f93ba373dc87272c763b5fc527c27742f100f
audit,breast_cancer_wisconsin,pure_mavs_gc,distribution_shift,0.2,shadow,2,0.9615384615384616,0.0,8f251d37666732ceddb5f1aa95476ff873d482fb3ca75f7474311dbcffd63fc0
audit,breast_cancer_wisconsin,single_model,distribution_shift,0.4,audit,3,0.9545454545454546,0.0,91b54ba4c5077383e5f8b7166d85fd48fe294b64d761672d240874df97a78dba
audit,breast_cancer_wisconsin,mean_ensemble,distribution_shift,0.4,audit,3,0.9545454545454546,0.0,e32b7c64f4d0135a7d3efd693b9c1e46bd46ebd66cd265a18a570131a12c8075
audit,breast_cancer_wisconsin,static_weighted_ensemble,distribution_shift,0.4,audit,3,0.9545454545454546,0.0,d3b1f0b85260959e6901e22b2a6a6947bf4edc7ae7717bfc843075647512d127
audit,breast_cancer_wisconsin,veto_mavs,distribution_shift,0.4,audit,3,0.9545454545454546,0.0,5d4054d9a1106d324e9814a6900a4cd37b07b2d494c528bf10ef78b4d8a7e94d
audit,breast_cancer_wisconsin,pure_mavs_gc,distribution_shift,0.4,audit,3,0.9545454545454546,0.0,55f078799dfb0bb7d8b6f5e16bf4410ae55b7442b865306e4d2d50a34104cdf2
audit,breast_cancer_wisconsin,single_model,distribution_shift,0.4,shadow,2,0.9545454545454546,0.0,9ecfdf2cdcdd4fc805932dddc719baee0c9851aed8eb2e64aa6265bc0e8ca7c6
audit,breast_cancer_wisconsin,mean_ensemble,distribution_shift,0.4,shadow,2,0.9545454545454546,0.0,02ca05269cdf94a483ba646362982d0b37e5866974ee79ecfd8ca7f75884dd7d
audit,breast_cancer_wisconsin,static_weighted_ensemble,distribution_shift,0.4,shadow,2,0.9545454545454546,0.0,bee71a5ccfc132ee43b062c00f6e3919cbed2084a1dfb720e2e2f9b341f289a4
audit,breast_cancer_wisconsin,veto_mavs,distribution_shift,0.4,shadow,2,0.9545454545454546,0.0,a9d2a99d5323c17947e1b2bf7c19bd87ce171803b6eb83251f03e60153075c8c
audit,breast_cancer_wisconsin,pure_mavs_gc,distribution_shift,0.4,shadow,2,0.9545454545454546,0.0,419e6bd29f766da6968367faa0dfbab0675b900c0ce59b0790d19fa6ef7a7d46
audit,breast_cancer_wisconsin,single_model,distribution_shift,0.6,audit,3,1.0,0.0,5ca2b7a285d1e89bae061874de4e6ce0d50699030d4ab5965341f3aea0b9e2bc
audit,breast_cancer_wisconsin,mean_ensemble,distribution_shift,0.6,audit,3,1.0,0.0,b5a1773e870a132ab87d6c46d7900f0415f30f2efdb3a96c1b994247d92aeaf9
audit,breast_cancer_wisconsin,static_weighted_ensemble,distribution_shift,0.6,audit,3,1.0,0.0,3999acf4280f4a40bfe62a6b868da33bcee1f255f6f0f27a3302365943c27430
audit,breast_cancer_wisconsin,veto_mavs,distribution_shift,0.6,audit,3,1.0,0.0,942aea023d87f3f9cb04b2a6dc077d3c1032356c935d929455bbbab4a55fcfaf
audit,breast_cancer_wisconsin,pure_mavs_gc,distribution_shift,0.6,audit,3,1.0,0.0,2687e8c2c92a9eacdcf5bf9db35e659149499937efded13be4d838763a9043c9
audit,breast_cancer_wisconsin,single_model,distribution_shift,0.6,shadow,2,1.0,0.0,a1dc68f7c16fd5a5780f64c2e8cfcb04547e93deebe528c4a38cae1c3035564a
audit,breast_cancer_wisconsin,mean_ensemble,distribution_shift,0.6,shadow,2,1.0,0.0,3c04d15bacddc856a96568354a61169b850227e41d65591ade0ce42a52767b44
audit,breast_cancer_wisconsin,static_weighted_ensemble,distribution_shift,0.6,shadow,2,1.0,0.0,7f88f71cb2eea54463bd2153bbf752d2922e7a8caf16a01ce0967b78cdf8b68b
audit,breast_cancer_wisconsin,veto_mavs,distribution_shift,0.6,shadow,2,1.0,0.0,f8228e30abbcc3eba17874197a35448a6c45bdd9bda6bc01d93cf4c0376fd4fa
audit,breast_cancer_wisconsin,pure_mavs_gc,distribution_shift,0.6,shadow,2,1.0,0.0,bd8db80232df2f2c06930c0e109f21866230553792ce3aa66ffc805b930b96e9
audit,breast_cancer_wisconsin,single_model,distribution_shift,0.8,audit,3,1.0,0.0,146af603ca6b0b82d2e9d2fd70f3410cd71e0da22106433a83c13cf4a93b6de2
audit,breast_cancer_wisconsin,mean_ensemble,distribution_shift,0.8,audit,3,1.0,0.0,1786d0558980fe05d3060d4e27d7d46ad23b32ca1e48d21afa354c4a2106215f
audit,breast_cancer_wisconsin,static_weighted_ensemble,distribution_shift,0.8,audit,3,1.0,0.0,e3ab411b32e40763bacce649691523a6559d115540a9ebc87edfb23bf4dc7002
audit,breast_cancer_wisconsin,veto_mavs,distribution_shift,0.8,audit,3,1.0,0.0,160a472622e3b3cec9bfcc70e76b031dc3388b277c10fc89c6ffb281c58ea337
audit,breast_cancer_wisconsin,pure_mavs_gc,distribution_shift,0.8,audit,3,1.0,0.0,aeed866cf0ecf5fcd874e114280e42dc9bfdf1442e2c535ebb32ee6ae88b8095
audit,breast_cancer_wisconsin,single_model,distribution_shift,0.8,shadow,2,1.0,0.0,dab0c1eee8f4dd2504065133431fb955971f1939106de521d88b4defadd940b1
audit,breast_cancer_wisconsin,mean_ensemble,distribution_shift,0.8,shadow,2,1.0,0.0,3a0aa0f97afbb8fecb9d3be2c64ac82447ad6269e082d8502dddaf7e1cf56800
audit,breast_cancer_wisconsin,static_weighted_ensemble,distribution_shift,0.8,shadow,2,1.0,0.0,96fab3e6401e97fbe5e28dc3a9fa58533b742d95de4700c2e1da674d618f19b9
audit,breast_cancer_wisconsin,veto_mavs,distribution_shift,0.8,shadow,2,1.0,0.0,691850fac8114bb1f432f0f2bee42c466c3610aaeff6f8418d9b85b5ab14821b
audit,breast_cancer_wisconsin,pure_mavs_gc,distribution_shift,0.8,shadow,2,1.0,0.0,544dc57393c3776a2b5dc3144f7a89ecfc530248f63732083ccd4ace2f5b0e6b
audit,breast_cancer_wisconsin,single_model,distribution_shift,1.0,audit,3,1.0,0.0,930057aeb52ff683e242b2000db88556a03b63532713f7f8cf004cd2e6426050
audit,breast_cancer_wisconsin,mean_ensemble,distribution_shift,1.0,audit,3,1.0,0.0,7b683e597f0ec06f3857848935503d2d184d7d552e45ea733fde7e6619737660
audit,breast_cancer_wisconsin,static_weighted_ensemble,distribution_shift,1.0,audit,3,1.0,0.0,9b3f39a3b4f7af049f066797b2ae93578b99a6d85c6627fc8e241f1d75f07645
audit,breast_cancer_wisconsin,veto_mavs,distribution_shift,1.0,audit,3,1.0,0.0,b8a87e65fa643e60d288d76b13cb71027538d8299c42996d32a949f0aa36dbf1
audit,breast_cancer_wisconsin,pure_mavs_gc,distribution_shift,1.0,audit,3,1.0,0.0,163452f03a7ec097e59cc3af74037f19a69ae3ef654478b89c7b9430f590b65e
audit,breast_cancer_wisconsin,single_model,distribution_shift,1.0,shadow,2,1.0,0.0,31de8ca8ebc4b6a05e7ffc231eba8829ce1fcd06e909e9a05ac1f61ec926b2df
audit,breast_cancer_wisconsin,mean_ensemble,distribution_shift,1.0,shadow,2,1.0,0.0,18d9453cb6c0674df705e2d115fd99417883a29e3951a08b78f5e6f1a12afdf7
audit,breast_cancer_wisconsin,static_weighted_ensemble,distribution_shift,1.0,shadow,2,1.0,0.0,0b00dbb66216b4af27980fe3bc7d22592423dd61e32782abcf28535199ecc6f9
audit,breast_cancer_wisconsin,veto_mavs,distribution_shift,1.0,shadow,2,1.0,0.0,a24869cdc159b35dd74b89636a67e3160ece39b30950edd04cf93176e4c11963
audit,breast_cancer_wisconsin,pure_mavs_gc,distribution_shift,1.0,shadow,2,1.0,0.0,8b322dcf5e898e2d0f944d57e80d2fdca7d42d9ece163f59d2ed61616dc56d29
audit,breast_cancer_wisconsin,single_model,synthetic_sensor_failure,0.0,audit,3,0.9655172413793104,0.0,847c397f2a40a3eeb134fac4f5b6ba9d64defece328f279fdd21829206c2a885
audit,breast_cancer_wisconsin,mean_ensemble,synthetic_sensor_failure,0.0,audit,3,0.9655172413793104,0.0,f23bc5b45869844f02eadc605a4954010cb64ad85556bdd3cc154a6af25419ff
audit,breast_cancer_wisconsin,static_weighted_ensemble,synthetic_sensor_failure,0.0,audit,3,0.9655172413793104,0.0,0e6100f60d42cf1714667c50d2bad1b033a2034d6c607d5419073596032a02e8
audit,breast_cancer_wisconsin,veto_mavs,synthetic_sensor_failure,0.0,audit,3,0.9655172413793104,0.0,85068361a7e16e88223e273232037390e9e98ac16212178d97f2561d4175a336
audit,breast_cancer_wisconsin,pure_mavs_gc,synthetic_sensor_failure,0.0,audit,3,0.9655172413793104,0.0,0c23619cd7d43ef8e67f0a48988c26bf42825542f84fe17a0e96b96632c0482b
audit,breast_cancer_wisconsin,single_model,synthetic_sensor_failure,0.0,shadow,2,0.9655172413793104,0.0,4040a74aef603b80682e698420e288579ae4353f5b92b677539579a34197d73b
audit,breast_cancer_wisconsin,mean_ensemble,synthetic_sensor_failure,0.0,shadow,2,0.9655172413793104,0.0,c02a93d18d778515954fbd4492cb04693db1d34ffa856813648fbdda1f03678f
audit,breast_cancer_wisconsin,static_weighted_ensemble,synthetic_sensor_failure,0.0,shadow,2,0.9655172413793104,0.0,d9637f9082be6bd18514380fadaf2a6d5735064112566788e309f80c45741d1e
audit,breast_cancer_wisconsin,veto_mavs,synthetic_sensor_failure,0.0,shadow,2,0.9655172413793104,0.0,6c3071a5526363d27b2e38f577e9dbd3702f9a75790ad164b5c51c5bce008164
audit,breast_cancer_wisconsin,pure_mavs_gc,synthetic_sensor_failure,0.0,shadow,2,0.9655172413793104,0.0,cb6eb55620f0a76b5c5c34a49204151231eda99145d104fa4e5969525022b046
audit,breast_cancer_wisconsin,single_model,synthetic_sensor_failure,0.05,audit,3,0.9655172413793104,0.0,4e0603980eacd175ff412089a1208a07aa313bedb0c66dc5fddf15a60a932bff
audit,breast_cancer_wisconsin,mean_ensemble,synthetic_sensor_failure,0.05,audit,3,0.9655172413793104,0.0,80ff624d0c3e808e874e441ad1cb8a66715bcf5c19dbdd015ff085a1e360bf12
audit,breast_cancer_wisconsin,static_weighted_ensemble,synthetic_sensor_failure,0.05,audit,3,0.9655172413793104,0.0,eb3b022a88c3d3ccfe4de7672ce9cbbbdae37143810e39ba4cef7c64d5ce567c
audit,breast_cancer_wisconsin,veto_mavs,synthetic_sensor_failure,0.05,audit,3,0.9655172413793104,0.0,3ccd27b8b69e720a6487deacda126499fc5a100ecbdc29f9aacb375b72ac58ca
audit,breast_cancer_wisconsin,pure_mavs_gc,synthetic_sensor_failure,0.05,audit,3,0.9655172413793104,0.0,3d8a983a08608ae6969b1edeb7a1b69ca40f2f7ba3071c0d6d3cfadc1149568c
audit,breast_cancer_wisconsin,single_model,synthetic_sensor_failure,0.05,shadow,2,0.9655172413793104,0.0,c93fa19df8219bb547f5030851b98f237c9e0af8347066d00db06012ab8d33b6
audit,breast_cancer_wisconsin,mean_ensemble,synthetic_sensor_failure,0.05,shadow,2,0.9655172413793104,0.0,a60b5bae42928c54cb9e204148b648fb6e28c211be260681e8a5fb7dfbdfde38
audit,breast_cancer_wisconsin,static_weighted_ensemble,synthetic_sensor_failure,0.05,shadow,2,0.9655172413793104,0.0,df3c4064c45f90b6befdfba71989a36567381b69972f58e8f2957649055a145b
audit,breast_cancer_wisconsin,veto_mavs,synthetic_sensor_failure,0.05,shadow,2,0.9655172413793104,0.0,17a5a6c49378aa7604b9e24085f23b386f749ccd0a4f4a671c7dcec756b1dcc7
audit,breast_cancer_wisconsin,pure_mavs_gc,synthetic_sensor_failure,0.05,shadow,2,0.9655172413793104,0.0,f5bbb8f5c550a5d053ce9a27e055f76fe76406c0c57c12222589e79336aec386
audit,breast_cancer_wisconsin,single_model,synthetic_sensor_failure,0.1,audit,3,0.9655172413793104,0.0,4b0bc78fb15d3846bf306606128a6699adf33f7398bfdda14759d52f58ea8e13
audit,breast_cancer_wisconsin,mean_ensemble,synthetic_sensor_failure,0.1,audit,3,0.9655172413793104,0.0,b30779fcfdb5f8fdbb5a35aa345a3e52db98fe9e96f001faa59f3f4b35bfae90
audit,breast_cancer_wisconsin,static_weighted_ensemble,synthetic_sensor_failure,0.1,audit,3,0.9655172413793104,0.0,41edf3632ad8b351f6531b9a55e88438b0f2d0aa2a142c53e3d14bdc2dada953
audit,breast_cancer_wisconsin,veto_mavs,synthetic_sensor_failure,0.1,audit,3,0.9655172413793104,0.0,d69125f191d980223c921a91b5d4cfd4282ad8f1aaa89504766954ce4af268b8
audit,breast_cancer_wisconsin,pure_mavs_gc,synthetic_sensor_failure,0.1,audit,3,0.9655172413793104,0.0,28eba8ef04b05c51d17a8ecb1a9e76dc92888e26b7e15ec2043967cfeb57ccbc
audit,breast_cancer_wisconsin,single_model,synthetic_sensor_failure,0.1,shadow,2,0.9655172413793104,0.0,48e2ece4207207588a8046d99ed2c2be84632a3893985890eb95da70b4dfce21
audit,breast_cancer_wisconsin,mean_ensemble,synthetic_sensor_failure,0.1,shadow,2,0.9655172413793104,0.0,ca03e151a492a03671b0463c58e26f65c2fd54a42b72c72846e8c64c82d268e3
audit,breast_cancer_wisconsin,static_weighted_ensemble,synthetic_sensor_failure,0.1,shadow,2,0.9655172413793104,0.0,4c31328d096b157254c55620b83112dbc07b63bb1f2e6e5da8ea3f485805c026
audit,breast_cancer_wisconsin,veto_mavs,synthetic_sensor_failure,0.1,shadow,2,0.9655172413793104,0.0,33a41a21b6b6293d2da54388a06c3beda0e3e7d99ace2145c39fea3fab45fc3d
audit,breast_cancer_wisconsin,pure_mavs_gc,synthetic_sensor_failure,0.1,shadow,2,0.9655172413793104,0.0,468016106ec3f2364ddea5a24685497747ed6ff7b55431985c68b041c010dce0
audit,breast_cancer_wisconsin,single_model,synthetic_sensor_failure,0.2,audit,3,0.9655172413793104,0.0,06c68437abb9e040419740d340e9005d6c161f90f5d2b86c0bb6789d1fa0a37d
audit,breast_cancer_wisconsin,mean_ensemble,synthetic_sensor_failure,0.2,audit,3,0.9655172413793104,0.0,96663892e83221acc44a7fb46b41dcc97e72c78b0091c1583d8efc20d95df3f5
audit,breast_cancer_wisconsin,static_weighted_ensemble,synthetic_sensor_failure,0.2,audit,3,0.9655172413793104,0.0,cd0e71279ab07d8f653707d5aafe4f0b44b52bdabe568ae2ad7e56b98b5696ae
audit,breast_cancer_wisconsin,veto_mavs,synthetic_sensor_failure,0.2,audit,3,0.9655172413793104,0.0,6116e4ca34ad03cf6402d811be902f7c78094a49be266abcaeae8f59c1f54f2a
audit,breast_cancer_wisconsin,pure_mavs_gc,synthetic_sensor_failure,0.2,audit,3,0.9655172413793104,0.0,fdb8de3a3ea5c23586b44384b8c7518fb720c232d4b9577c7d59a4ebb3ad5e90
audit,breast_cancer_wisconsin,single_model,synthetic_sensor_failure,0.2,shadow,2,0.9655172413793104,0.0,8099f79baadb27e5b5d234eaf2dd4cdfd2e7e4f677d2a88d459258c9dc64b90a
audit,breast_cancer_wisconsin,mean_ensemble,synthetic_sensor_failure,0.2,shadow,2,0.9655172413793104,0.0,1a5fff099f3313b16d9acae32afaeaeafbed025c6f8a238806337dc76ffb4c7d
audit,breast_cancer_wisconsin,static_weighted_ensemble,synthetic_sensor_failure,0.2,shadow,2,0.9655172413793104,0.0,77f18aadd316b64d93ff6249fae338fa0ef44d501d3b19be3a7548da8dce58f1
audit,breast_cancer_wisconsin,veto_mavs,synthetic_sensor_failure,0.2,shadow,2,0.9655172413793104,0.0,be5ca092db37e555f8c769cb129bcefe5475164b791de7849d76cb509af4a023
audit,breast_cancer_wisconsin,pure_mavs_gc,synthetic_sensor_failure,0.2,shadow,2,0.9655172413793104,0.0,c530dd6d40f131c5fec38e3d5760e8b2b71d13d986c78b6c0f603aaa0e22e55b
audit,breast_cancer_wisconsin,single_model,synthetic_sensor_failure,0.4,audit,3,0.9310344827586207,0.0,5b663647895c7836369559ece29811cc5a017a55a4ecfecba5854cce8ee9a936
audit,breast_cancer_wisconsin,mean_ensemble,synthetic_sensor_failure,0.4,audit,3,0.9655172413793104,0.0,2f0972da50e9b3948153e1a97a505c2527568e111cf2fe395da81b8a5a032f48
audit,breast_cancer_wisconsin,static_weighted_ensemble,synthetic_sensor_failure,0.4,audit,3,0.9310344827586207,0.0,6eac8c2bca24e5dceb2a6e607ce8669dfbf0021d9d2d63d88578266da55fab18
audit,breast_cancer_wisconsin,veto_mavs,synthetic_sensor_failure,0.4,audit,3,0.9655172413793104,0.0,e3bb0f2d1c259e4bdaaf40ba60252d68c39b56716aa403605466e59617ed1e08
audit,breast_cancer_wisconsin,pure_mavs_gc,synthetic_sensor_failure,0.4,audit,3,0.9655172413793104,0.0,a239778955f7a4f9852e991040597295e921d3203e749a59fd71c753a5792dfc
audit,breast_cancer_wisconsin,single_model,synthetic_sensor_failure,0.4,shadow,2,0.9310344827586207,0.0,bc4798a279650c5074f54e53102eb21a06f7f09ecf9002d2fa1c05d7f76034b4
audit,breast_cancer_wisconsin,mean_ensemble,synthetic_sensor_failure,0.4,shadow,2,0.9655172413793104,0.0,9c5b1bf4726eb7d56c7f3d24996aac78ed632213b0c299c8da2fa141266a2816
audit,breast_cancer_wisconsin,static_weighted_ensemble,synthetic_sensor_failure,0.4,shadow,2,0.9310344827586207,0.0,92713aedbaae63b629c17389f380ac391f4461f74b98585be9343ab590d2cadd
audit,breast_cancer_wisconsin,veto_mavs,synthetic_sensor_failure,0.4,shadow,2,0.9655172413793104,0.0,af699ed7d9c30e18e6b9ad4cd8cdfd08c462b6b92d4fb0a96392b16f6ecc9f33
audit,breast_cancer_wisconsin,pure_mavs_gc,synthetic_sensor_failure,0.4,shadow,2,0.9655172413793104,0.0,daa13d3ffaae4b0fe6b11e74673a9f75a24bf36f59d0ab0d19893429b114aaa9
audit,breast_cancer_wisconsin,single_model,synthetic_sensor_failure,0.6,audit,3,0.896551724137931,0.0,ac77b5af9c174e77271e16c78026dde524aa047bf3cc237864585fcba6aa01dc
audit,breast_cancer_wisconsin,mean_ensemble,synthetic_sensor_failure,0.6,audit,3,0.9655172413793104,0.0,bfc74622743c854686198670f95e00f76e93370967d852c38908eb981aeeffc0
audit,breast_cancer_wisconsin,static_weighted_ensemble,synthetic_sensor_failure,0.6,audit,3,0.896551724137931,0.0,b1d53ff9381a57cedd780431016fc8603a815a0283e0aaf4601a121a8c850626
audit,breast_cancer_wisconsin,veto_mavs,synthetic_sensor_failure,0.6,audit,3,0.9655172413793104,0.0,a67256c4bde11dc5da13a0a4a57aaea620591bfa3d7f7a42a0e6a3dc1d398c26
audit,breast_cancer_wisconsin,pure_mavs_gc,synthetic_sensor_failure,0.6,audit,3,0.9655172413793104,0.0,e154c6502e099b0f1e116731e608a25085a24f7c0ca9e5edafeeca09fa2b3b38
audit,breast_cancer_wisconsin,single_model,synthetic_sensor_failure,0.6,shadow,2,0.896551724137931,0.0,e50c2a7ffed9557e345233c0c7d7182ef3b1a7327ab07208808e047a4c3fb4b4
audit,breast_cancer_wisconsin,mean_ensemble,synthetic_sensor_failure,0.6,shadow,2,0.9655172413793104,0.0,9c510487f1af0cb5b9f7973331e1e40943881b1b64d637aff67cd7972e35d6ce
audit,breast_cancer_wisconsin,static_weighted_ensemble,synthetic_sensor_failure,0.6,shadow,2,0.896551724137931,0.0,f50ab971c8e2b20fd6d6843665fbff0c2fe1dffc620d6765e280cd38d826cf55
audit,breast_cancer_wisconsin,veto_mavs,synthetic_sensor_failure,0.6,shadow,2,0.9655172413793104,0.0,bed0b4d79719697414c2a5bdc11e542c3d50b65e3e93dbaf429f954f621e7e08
audit,breast_cancer_wisconsin,pure_mavs_gc,synthetic_sensor_failure,0.6,shadow,2,0.9655172413793104,0.0,83b92cf67cfc6c56cba8466e52c4171be16aec43db81a69f88837d0f1c79e997
audit,breast_cancer_wisconsin,single_model,synthetic_sensor_failure,0.8,audit,3,0.7586206896551724,1.232595164407831e-32,4509e98ab63e414bd9511dd4e34e202f3a3637f39c18dedabd81dffdacd5b933
audit,breast_cancer_wisconsin,mean_ensemble,synthetic_sensor_failure,0.8,audit,3,0.8275862068965517,0.0,ab3dc110c21d4b2aec1f9cc8fe01ca8299d4f7b9c8e6ad05eba1cd8c700217c6
audit,breast_cancer_wisconsin,static_weighted_ensemble,synthetic_sensor_failure,0.8,audit,3,0.7586206896551724,1.232595164407831e-32,4a33792354cf04367423c26f5b7229ae98e140854cfc245038778fb65c2e6c68
audit,breast_cancer_wisconsin,veto_mavs,synthetic_sensor_failure,0.8,audit,3,0.8275862068965517,0.0,da708ab671f8c95ca179fca0d694fda2be3d0d0dad3f965a83dfb9b36f6ef50e
audit,breast_cancer_wisconsin,pure_mavs_gc,synthetic_sensor_failure,0.8,audit,3,0.7931034482758621,0.0,3b91b0ad5eafcb0ca65c240d9459ba1e97b982afac58b1f6f355cea039cb9c1f
audit,breast_cancer_wisconsin,single_model,synthetic_sensor_failure,0.8,shadow,2,0.7586206896551724,0.0,a1776cc51c349bc559f48fabdd164b6340fcf4dfee84bf99ee43f804c8c36ffa
audit,breast_cancer_wisconsin,mean_ensemble,synthetic_sensor_failure,0.8,shadow,2,0.8275862068965517,0.0,29cae8f3d065566b702d4aaa8edf2a5aea9968f555ba411c124541a99ff81df7
audit,breast_cancer_wisconsin,static_weighted_ensemble,synthetic_sensor_failure,0.8,shadow,2,0.7586206896551724,0.0,4222761344d7a59f561d7a28dae1237291d7bb117caf89cac26cf26bfdd66136
audit,breast_cancer_wisconsin,veto_mavs,synthetic_sensor_failure,0.8,shadow,2,0.8275862068965517,0.0,3a11d0fced1b35b9d7319af835adbe800ee706ee7f78e445a2e3709924baa7d1
audit,breast_cancer_wisconsin,pure_mavs_gc,synthetic_sensor_failure,0.8,shadow,2,0.7931034482758621,0.0,15f542673b62511d9433a85b717fde124b16d361a81c1a571f05a743c602d1b5
audit,breast_cancer_wisconsin,single_model,synthetic_sensor_failure,1.0,audit,3,0.6206896551724138,0.0,9729a0851482f3f7a06d8533701a97aa7e4ac85bba744fe77b52872b38a6b87f
audit,breast_cancer_wisconsin,mean_ensemble,synthetic_sensor_failure,1.0,audit,3,0.6206896551724138,0.0,84b7ef92a577e7d9a23e3cc8eff15e3194f0fa04a83835b31df6086d31920378
audit,breast_cancer_wisconsin,static_weighted_ensemble,synthetic_sensor_failure,1.0,audit,3,0.6206896551724138,0.0,9c027363edb7c334dc59a50cdf8e9604cf134d98ccd7a0c217fcfa69ea8ef698
audit,breast_cancer_wisconsin,veto_mavs,synthetic_sensor_failure,1.0,audit,3,0.6206896551724138,0.0,40664321065905028f63f5ed5393e850742a27f36826859d6d8646c040751e30
audit,breast_cancer_wisconsin,pure_mavs_gc,synthetic_sensor_failure,1.0,audit,3,0.6206896551724138,0.0,e3542ed9cd74de81b922040f3d2d560a12f705f720f92cc87bf38dbf4491f62b
audit,breast_cancer_wisconsin,single_model,synthetic_sensor_failure,1.0,shadow,2,0.6206896551724138,0.0,2cf0d99c2b325a8fc04af20a3ac4795d04868c2af861f86e84945325b9e14a2e
audit,breast_cancer_wisconsin,mean_ensemble,synthetic_sensor_failure,1.0,shadow,2,0.6206896551724138,0.0,5aba5b193fe267b99df20e412f40480434c138da6b4be89378aa8ee0f2544db1
audit,breast_cancer_wisconsin,static_weighted_ensemble,synthetic_sensor_failure,1.0,shadow,2,0.6206896551724138,0.0,f994654f0b8badb1f60bd21afcec870bd1945f709cc2cd2567d223e3fd54a8a6
audit,breast_cancer_wisconsin,veto_mavs,synthetic_sensor_failure,1.0,shadow,2,0.6206896551724138,0.0,d4b542cf2d64d31a994cb963078a2237a7587771dc16134b71cabf7e882ceff4
audit,breast_cancer_wisconsin,pure_mavs_gc,synthetic_sensor_failure,1.0,shadow,2,0.6206896551724138,0.0,2cb861d65667d956b9e594cb83068405d4c5d485c025768057ccc3fac51d2a7b
audit,breast_cancer_wisconsin,single_model,specialist_failure,0.0,audit,3,0.9655172413793104,0.0,d9f2a33a34ec49182c9d1b4bccd6cbbedf9f018e0f6fb188b50e761bc207d073
audit,breast_cancer_wisconsin,mean_ensemble,specialist_failure,0.0,audit,3,0.9655172413793104,0.0,6451a9d6a4598b870497b60be0cac7af55960acee280aa1546fa9d449e5afbf9
audit,breast_cancer_wisconsin,static_weighted_ensemble,specialist_failure,0.0,audit,3,0.9655172413793104,0.0,edf493bc908aa645de6027eb027248a05bc056dd84f57e5c2abc7795374973ef
audit,breast_cancer_wisconsin,veto_mavs,specialist_failure,0.0,audit,3,0.9655172413793104,0.0,2c8cfefaafb61e1a0937f17f4db396e65591a0926c9eb378077ae75900a718d8
audit,breast_cancer_wisconsin,pure_mavs_gc,specialist_failure,0.0,audit,3,0.9655172413793104,0.0,afc75572fb8875de8601ec8a48717a196f865a496146afb0c5dc06d941b7625f
audit,breast_cancer_wisconsin,single_model,specialist_failure,0.0,shadow,2,0.9655172413793104,0.0,21840482211f34faf495a94e0a2b41f3506ae6a82606becc108b0f5bc0841653
audit,breast_cancer_wisconsin,mean_ensemble,specialist_failure,0.0,shadow,2,0.9655172413793104,0.0,bb4dd9cebc90eceba5b1d3c4be792549cef835cdbb1c65aa5ee7194e1c1fd10b
audit,breast_cancer_wisconsin,static_weighted_ensemble,specialist_failure,0.0,shadow,2,0.9655172413793104,0.0,622fdcc0442a2dfa957fdaacf1c541aaa18f19f3fc35be6eac3635d53687f6f8
audit,breast_cancer_wisconsin,veto_mavs,specialist_failure,0.0,shadow,2,0.9655172413793104,0.0,c2094062d6dc7f8b3f19e327d4f5f816cb006cdde45382af8f8b4052b2a38504
audit,breast_cancer_wisconsin,pure_mavs_gc,specialist_failure,0.0,shadow,2,0.9655172413793104,0.0,3eb578018e06896d4ca0e411157b095d7dcf6d8d1f4b3fbc1010bb5f7a6acaa9
audit,breast_cancer_wisconsin,single_model,specialist_failure,0.05,audit,3,0.9655172413793104,0.0,a1a4ff0107d5e2bf0eb721d5b889ee70b9672a315c10e56cac85d3d99b84e814
audit,breast_cancer_wisconsin,mean_ensemble,specialist_failure,0.05,audit,3,0.9655172413793104,0.0,1fd3370fd7e522e1f07f6f2cebf26798fbbb2c5ac1daca8a2f62b43d5b5288f9
audit,breast_cancer_wisconsin,static_weighted_ensemble,specialist_failure,0.05,audit,3,0.9655172413793104,0.0,a04a3cd0b823c599a151d933a13e3d9008be89fc70a47267c274f570f818f2db
audit,breast_cancer_wisconsin,veto_mavs,specialist_failure,0.05,audit,3,0.9655172413793104,0.0,7fb5782e0019469f23e720b47e7dd9186c0ab04149c66a675f2721de49a0a524
audit,breast_cancer_wisconsin,pure_mavs_gc,specialist_failure,0.05,audit,3,0.9655172413793104,0.0,87e8d8ebef8049d92987c8f447ecc0c2dc42edb18936240d764642624f1b74ee
audit,breast_cancer_wisconsin,single_model,specialist_failure,0.05,shadow,2,0.9655172413793104,0.0,21119422e6669ebeae79e67dc77dc80b78a9933844b9f4e16c300beda514be36
audit,breast_cancer_wisconsin,mean_ensemble,specialist_failure,0.05,shadow,2,0.9655172413793104,0.0,0c39af7374ac4660a1aa26ef71afd952713972ddb41b8dc069cde9322338fe4a
audit,breast_cancer_wisconsin,static_weighted_ensemble,specialist_failure,0.05,shadow,2,0.9655172413793104,0.0,41494939013931d322ee10d080ff5a4891246a52e143b15bde02a008e7069c7f
audit,breast_cancer_wisconsin,veto_mavs,specialist_failure,0.05,shadow,2,0.9655172413793104,0.0,9ef6fd711aeb0ff328c6569d779d0babd72f4a2250cef425286238aa046318eb
audit,breast_cancer_wisconsin,pure_mavs_gc,specialist_failure,0.05,shadow,2,0.9655172413793104,0.0,6ffa80a8984c330183e330c5a7919d32e144ca2614d4a049c60f48e6d20d9f83
audit,breast_cancer_wisconsin,single_model,specialist_failure,0.1,audit,3,0.9655172413793104,0.0,bd6cf1db83f62d3b3b7223440518d71c8c82f07d0e67676e7916a95cbaff7931
audit,breast_cancer_wisconsin,mean_ensemble,specialist_failure,0.1,audit,3,0.9655172413793104,0.0,53acbd4117e97a5fe0a581551d95ecd3416086b2b9f7a5246edf2a4e9103195e
audit,breast_cancer_wisconsin,static_weighted_ensemble,specialist_failure,0.1,audit,3,0.9655172413793104,0.0,012a90eea6c9c31be48086692c10f570c656572a4dafe4fc04fc8dee38a9ee3a
audit,breast_cancer_wisconsin,veto_mavs,specialist_failure,0.1,audit,3,0.9655172413793104,0.0,1d3e66cdb4ff6c8107bf35fafeb7cd75682359df9ef499d4473b075df99d3c42
audit,breast_cancer_wisconsin,pure_mavs_gc,specialist_failure,0.1,audit,3,0.9655172413793104,0.0,4b262b41ac0f0d4ec7cec06a8276e41a8bed6b623c5a1d4757b979cafd2d5a59
audit,breast_cancer_wisconsin,single_model,specialist_failure,0.1,shadow,2,0.9655172413793104,0.0,0e960d9677ebbaac3c75efaa91bb393ffec4d0f429e672e51439b7de2efbb2dd
audit,breast_cancer_wisconsin,mean_ensemble,specialist_failure,0.1,shadow,2,0.9655172413793104,0.0,4730e011d31fe2025f93410091028fda36890ede29e2f2c9122077872b65869a
audit,breast_cancer_wisconsin,static_weighted_ensemble,specialist_failure,0.1,shadow,2,0.9655172413793104,0.0,bb3e19b2a25c6a6ebbe6ee39eb2a522dd9bc90b2d31895f696b6f62e5ba9c8c6
audit,breast_cancer_wisconsin,veto_mavs,specialist_failure,0.1,shadow,2,0.9655172413793104,0.0,11fcbf3731c2c6c8e2bcc425fc705b8dd4b65cdf612fd6f13ca3ff5ace049cde
audit,breast_cancer_wisconsin,pure_mavs_gc,specialist_failure,0.1,shadow,2,0.9655172413793104,0.0,2e68e351251cc5d6ad3e0412d3ed84debee24616254702291f0d33c44ed7cecf
audit,breast_cancer_wisconsin,single_model,specialist_failure,0.2,audit,3,0.9655172413793104,0.0,411f271070412bbf926a3f9d7cb9f1a225bfe58965f59f0b18b4fde23153d88c
audit,breast_cancer_wisconsin,mean_ensemble,specialist_failure,0.2,audit,3,0.9655172413793104,0.0,75c23d98c7503b69bec33aad5d4f370bc027d46c593ce673f30caa91af5ef77a
audit,breast_cancer_wisconsin,static_weighted_ensemble,specialist_failure,0.2,audit,3,0.9655172413793104,0.0,4c175f70a7eaec0c02acbf1b107814d218f42c166343c331c2609087c3a76f33
audit,breast_cancer_wisconsin,veto_mavs,specialist_failure,0.2,audit,3,0.9655172413793104,0.0,3595b28a771fd174ec023dc63c990a1baedbfe3864ce2585f7420c7b79891b60
audit,breast_cancer_wisconsin,pure_mavs_gc,specialist_failure,0.2,audit,3,0.9655172413793104,0.0,bb9ab4ffdbf8572ab4c8061369269b0626de8af60368039a54fead5889040513
audit,breast_cancer_wisconsin,single_model,specialist_failure,0.2,shadow,2,0.9655172413793104,0.0,c0aef759db066ef5b5cb447a3cd9f0eceb1cb6140f5ad9f26b5099fd6e740ef6
audit,breast_cancer_wisconsin,mean_ensemble,specialist_failure,0.2,shadow,2,0.9655172413793104,0.0,af6234a4fa1c45e10354680963827a55e74b677103e30c72fa707b381c5b4bd2
audit,breast_cancer_wisconsin,static_weighted_ensemble,specialist_failure,0.2,shadow,2,0.9655172413793104,0.0,99b871cf2d69c29d1623e93026c357ed7bdcaf4bb0afc636f1fc5fb9fc92c9ed
audit,breast_cancer_wisconsin,veto_mavs,specialist_failure,0.2,shadow,2,0.9655172413793104,0.0,0781a062c3d3b2cfae70a38ccb38ac081f01e10fd932ae3fcff00fe5770ae24d
audit,breast_cancer_wisconsin,pure_mavs_gc,specialist_failure,0.2,shadow,2,0.9655172413793104,0.0,f2d3dae4170d9ae6c56017d830b1169232981177095f98dd8f0810699843bd69
audit,breast_cancer_wisconsin,single_model,specialist_failure,0.4,audit,3,0.9655172413793104,0.0,640dcc09c593d39d2fd593f8872931745b76b0b010accef802c7dd6aaed4f0f3
audit,breast_cancer_wisconsin,mean_ensemble,specialist_failure,0.4,audit,3,0.9655172413793104,0.0,3e9564176d10d70726ba1f64988517eba449c80d6d33e6f838cf0aa4b6f176c5
audit,breast_cancer_wisconsin,static_weighted_ensemble,specialist_failure,0.4,audit,3,0.9655172413793104,0.0,611830e7cb3bd3bbd6a15c9c619376d3cd29650ee0e8e7c8f3da9461f309afc2
audit,breast_cancer_wisconsin,veto_mavs,specialist_failure,0.4,audit,3,0.9655172413793104,0.0,bb20db19a206ff0444f89ba1c4e073922c92686484b25768a30a778c22b2de74
audit,breast_cancer_wisconsin,pure_mavs_gc,specialist_failure,0.4,audit,3,0.9655172413793104,0.0,8e6f4944a7a27d93284de848cb4ec397b23651ef3d21efd5b0fce3bc298af068
audit,breast_cancer_wisconsin,single_model,specialist_failure,0.4,shadow,2,0.9655172413793104,0.0,2089e4c59fa4d40cf65c260db815ab58e9e2b443cf5505720dd0d385771bb541
audit,breast_cancer_wisconsin,mean_ensemble,specialist_failure,0.4,shadow,2,0.9655172413793104,0.0,3ceb56dadd965a6c31c69c72c48bbbd5e00518ffd8fcbb79cac5445bd5bd27d5
audit,breast_cancer_wisconsin,static_weighted_ensemble,specialist_failure,0.4,shadow,2,0.9655172413793104,0.0,1f97bdf754640082b97adb25c0b9a9541a9c35dc4c3be4dc7fd557040197069f
audit,breast_cancer_wisconsin,veto_mavs,specialist_failure,0.4,shadow,2,0.9655172413793104,0.0,c1df1bdade877e1b3f87e945d18c355f10e464aafb762078304ddc4bc3170386
audit,breast_cancer_wisconsin,pure_mavs_gc,specialist_failure,0.4,shadow,2,0.9655172413793104,0.0,28758bea0d900f9e7aac7538af9e6afbedcff5b891ded397d55f1eb048af675f
audit,breast_cancer_wisconsin,single_model,specialist_failure,0.6,audit,3,0.9655172413793104,0.0,e18f352a6c4ee5a637e356396b233ad27d57280605f932057a357ddb46dcc5b1
audit,breast_cancer_wisconsin,mean_ensemble,specialist_failure,0.6,audit,3,0.9655172413793104,0.0,13a6ae64637c0906727f34cae4d0339057d1f0863557d5017ed2ab47571813ca
audit,breast_cancer_wisconsin,static_weighted_ensemble,specialist_failure,0.6,audit,3,0.9655172413793104,0.0,c9e9d4d87641dd959466c750fa12f979c4d1e460e733c82969120b07bf7c5f77
audit,breast_cancer_wisconsin,veto_mavs,specialist_failure,0.6,audit,3,0.9655172413793104,0.0,4a9edeb975e8137131d954cdc63e21a3f3f6e14926900af31d081924bf7ee8b2
audit,breast_cancer_wisconsin,pure_mavs_gc,specialist_failure,0.6,audit,3,0.9655172413793104,0.0,d4716399169bb0943a360a5273c570c5fab8ff1e6f812d3d78935e67e42c70db
audit,breast_cancer_wisconsin,single_model,specialist_failure,0.6,shadow,2,0.9655172413793104,0.0,08cfd241e3c4c1b1ca18f6021f41140130077d67496e09eedb03e1c3579a8300
audit,breast_cancer_wisconsin,mean_ensemble,specialist_failure,0.6,shadow,2,0.9655172413793104,0.0,99e5ea88b20b58f22defcba7c4e7e69c9c4c9b0adad484235f2521b21c40320f
audit,breast_cancer_wisconsin,static_weighted_ensemble,specialist_failure,0.6,shadow,2,0.9655172413793104,0.0,695692379ea90c720c742d8c4daad048595e4994973a92dd1b095f8a9c93abb8
audit,breast_cancer_wisconsin,veto_mavs,specialist_failure,0.6,shadow,2,0.9655172413793104,0.0,b14cc0fef06a16e38f8ff8eb86f7f80d377658f469a4260f7beac1b7940e4808
audit,breast_cancer_wisconsin,pure_mavs_gc,specialist_failure,0.6,shadow,2,0.9655172413793104,0.0,ef8d0320d9a7aea9c61df70fb542b6c3722027734c225cb5737f435ba458764b
audit,breast_cancer_wisconsin,single_model,specialist_failure,0.8,audit,3,0.3793103448275862,3.0814879110195774e-33,a5f58b32708b329e926cf62a2897f04c9d4dd3031de15b895978ad52b112b56b
audit,breast_cancer_wisconsin,mean_ensemble,specialist_failure,0.8,audit,3,0.3793103448275862,3.0814879110195774e-33,cbdbc2932b6b5d9ee2d59a192905fbab5a293a74d72328a7730b69beef6e0922
audit,breast_cancer_wisconsin,static_weighted_ensemble,specialist_failure,0.8,audit,3,0.3793103448275862,3.0814879110195774e-33,6208c3a67803af49ff1cccaaac12b343b540b72468470975b351efd9c4486511
audit,breast_cancer_wisconsin,veto_mavs,specialist_failure,0.8,audit,3,0.3793103448275862,3.0814879110195774e-33,0f442d95275744bfa32f483252b6a0a1b6bf2f9f78019386fd42bb2450cdc1fa
audit,breast_cancer_wisconsin,pure_mavs_gc,specialist_failure,0.8,audit,3,0.6206896551724138,0.0,c6aa071b64f3c7ceefc8a773cd6ec473e88393e93c7e00b1d795ca51cf9dbe9f
audit,breast_cancer_wisconsin,single_model,specialist_failure,0.8,shadow,2,0.3793103448275862,0.0,c461dbbc5873755725b1c1fc754d024d9c8a8d3381e6048ed41748bb24be8053
audit,breast_cancer_wisconsin,mean_ensemble,specialist_failure,0.8,shadow,2,0.3793103448275862,0.0,9bc4991bf5e0b9e8ea0904f4d1b3b8d1df74f4efa5d6603f474f5cfc996e9b91
audit,breast_cancer_wisconsin,static_weighted_ensemble,specialist_failure,0.8,shadow,2,0.3793103448275862,0.0,b40b24eac23ddc52158dc5cbdee98944416022686afeb01feb4a0939e5911a32
audit,breast_cancer_wisconsin,veto_mavs,specialist_failure,0.8,shadow,2,0.3793103448275862,0.0,649cf19f65ed7e604af7ea25e6ae6c0bdd495c8106f601d19e24b2ab082c0bd9
audit,breast_cancer_wisconsin,pure_mavs_gc,specialist_failure,0.8,shadow,2,0.6206896551724138,0.0,0cf7f6b774167f47e4ec064356d1a0ad685138e615be73c3545de49691c36695
audit,breast_cancer_wisconsin,single_model,specialist_failure,1.0,audit,3,0.3793103448275862,3.0814879110195774e-33,94bab1842ddf53a89364ab35433c7d4e5903064fc1b68b9db9757bb32e379884
audit,breast_cancer_wisconsin,mean_ensemble,specialist_failure,1.0,audit,3,0.3793103448275862,3.0814879110195774e-33,87724fae77769ddd69e20ffe32026007f7070a433414228b8386fd142f755128
audit,breast_cancer_wisconsin,static_weighted_ensemble,specialist_failure,1.0,audit,3,0.3793103448275862,3.0814879110195774e-33,ba80e79f71e54ee07397b0dbffcfb1776dd936c210e978906b1d47d6b3ad6250
audit,breast_cancer_wisconsin,veto_mavs,specialist_failure,1.0,audit,3,0.3793103448275862,3.0814879110195774e-33,6f8542d4e71c31df63311d90d5faea0a79c761fe49210e505f1b8ddc94fc2ce0
audit,breast_cancer_wisconsin,pure_mavs_gc,specialist_failure,1.0,audit,3,0.6206896551724138,0.0,accfe75d1218b572c3ab37fc825f100fd502a7ba315fb872d4f0d1e16bf370fd
audit,breast_cancer_wisconsin,single_model,specialist_failure,1.0,shadow,2,0.3793103448275862,0.0,e6e7cfb8240bff7d0718b8c9bcb6e828c41c9768deeec0dbd1632fcc5ad34c03
audit,breast_cancer_wisconsin,mean_ensemble,specialist_failure,1.0,shadow,2,0.3793103448275862,0.0,a9804571f9d138e26c37b4dcac5c0c446a08ffae76fbff136597f5836ee14582
audit,breast_cancer_wisconsin,static_weighted_ensemble,specialist_failure,1.0,shadow,2,0.3793103448275862,0.0,94f24e2160edd9da51a90add7b9a932921f60e3b9ae37cfa86db5504c3930418
audit,breast_cancer_wisconsin,veto_mavs,specialist_failure,1.0,shadow,2,0.3793103448275862,0.0,eeb07b1b58fd9c1e95521d0b1b9cc53e9f778337293eb6953bc4298671533c56
audit,breast_cancer_wisconsin,pure_mavs_gc,specialist_failure,1.0,shadow,2,0.6206896551724138,0.0,bfde2a44b0c839f6d3e932a76fedcca33811138395f5d3a2cb54716fb7c4d923
audit,adult_income,single_model,feature_noise,0.0,audit,3,0.855036855036855,1.232595164407831e-32,243e07988a810de3b5265a19f70cf40d32f68d3e487b83682445cfed2c33783b
audit,adult_income,mean_ensemble,feature_noise,0.0,audit,3,0.8566748566748567,0.0,c85d6da39734907c07c0bb9621043fd413db58876161b763bf538b674eff2dc4
audit,adult_income,static_weighted_ensemble,feature_noise,0.0,audit,3,0.855036855036855,1.232595164407831e-32,b03d2206fec2ee440d898cc5f4aa47a2a6c0cc06381aaf280e50d98055d372c4
audit,adult_income,veto_mavs,feature_noise,0.0,audit,3,0.8566748566748567,0.0,61b3be5950e33eb320fda6ca1b5351dcd1a5ea6d45963a96918b56319ab186a1
audit,adult_income,pure_mavs_gc,feature_noise,0.0,audit,3,0.8533988533988534,0.0,c673da016695ae8c15b9dcee11c5c33e9de31734c97f3fe184e6dd64f2bff667
audit,adult_income,single_model,feature_noise,0.0,shadow,2,0.855036855036855,0.0,c62023c3c190f698d298ec942586cd10b305a0da6cd59af56458e4eda6a2358e
audit,adult_income,mean_ensemble,feature_noise,0.0,shadow,2,0.8566748566748567,0.0,b65f9b6192da43ec9f57db860d623c20a80ab56233ee91557e0df838281c074a
audit,adult_income,static_weighted_ensemble,feature_noise,0.0,shadow,2,0.855036855036855,0.0,942bc8573b7a6513c0fc9f8426bebeee07ad6fe484f53804465eb35ca863b0f1
audit,adult_income,veto_mavs,feature_noise,0.0,shadow,2,0.8566748566748567,0.0,102ec01195cdbde3b88a10e52de4b6cb5c845138d817b0673f9332354b34ae44
audit,adult_income,pure_mavs_gc,feature_noise,0.0,shadow,2,0.8533988533988534,0.0,1404f4e7af60137652c2b41bbfe435beee8c0ce3794153bd866e93a0df23f509
audit,adult_income,single_model,feature_noise,0.05,audit,3,0.8554463554463555,1.1179372358735238e-07,7f383637cf302bd24cf0b6a68e5146cf459b8ddfcad21176683b40d71871c505
audit,adult_income,mean_ensemble,feature_noise,0.05,audit,3,0.8579033579033579,4.471748943493489e-07,161726b6e68cb457f14f1b8ccb6bbd3cdd1f1f7f6e30040144df152594965f7c
audit,adult_income,static_weighted_ensemble,feature_noise,0.05,audit,3,0.8557193557193558,7.080269160531208e-07,5b9a6f2011fed71ed4b65812045232bf17ac9f49135941136f232db785086114
audit,adult_income,veto_mavs,feature_noise,0.05,audit,3,0.8579033579033579,4.471748943493489e-07,63569f4e037070a6d965b553bbc90a016f2e7e1103a0be3e4e3faffc64fc9ddb
audit,adult_income,pure_mavs_gc,feature_noise,0.05,audit,3,0.8540813540813541,2.6085202170380204e-07,9fc1f16a062cdf7763fedaa5d17521e434800ca6571371b45ab31a70d1f13e0d
audit,adult_income,single_model,feature_noise,0.05,shadow,2,0.8554463554463554,1.6769058538102858e-07,6dba8eaf3c4bceb0d44144ad146654a49556ddc6813909c9abda0169382813d7
audit,adult_income,mean_ensemble,feature_noise,0.05,shadow,2,0.8562653562653563,0.0,c611f8535c3c3fc2e8dc510939850e591a0c56f7ace3285d4b32e6960f0d32d3
audit,adult_income,static_weighted_ensemble,feature_noise,0.05,shadow,2,0.8536036036036037,4.192264634526851e-08,e726a7092fbd88125dc98467a0aff8bf092899db9948eb285f7110b7d2bf1b6b
audit,adult_income,veto_mavs,feature_noise,0.05,shadow,2,0.8562653562653563,0.0,e5a676beacfeab119a804193e78d1d8b21bced9f17836d4a112b63acb057c4b7
audit,adult_income,pure_mavs_gc,feature_noise,0.05,shadow,2,0.8523751023751024,4.1922646345245776e-08,e9c4aad7be0cd5cb0d73378c1afd9c37b6fa6790f59ed8116d3562dbaffb3729
audit,adult_income,single_model,feature_noise,0.1,audit,3,0.8544908544908545,2.608520217037515e-07,f37b10bda17758af43d2f79856423900ef2f0b76b6a6cc1100090138c260b75e
audit,adult_income,mean_ensemble,feature_noise,0.1,audit,3,0.8573573573573574,3.7264574529127565e-08,0c9de8ebbd744978e9c1c799232f72324bb31b07e0e78400ccfcc5e2e1a5ab85
audit,adult_income,static_weighted_ensemble,feature_noise,0.1,audit,3,0.8543543543543544,1.8259641519265433e-06,5457fb02984961b1a583875f1939a66b2476e999305e78037f2a3f7a3c0b9cc2
audit,adult_income,veto_mavs,feature_noise,0.1,audit,3,0.8573573573573574,3.7264574529127565e-08,00ea0aa5c1a283ff36536905c64f5e6390f19aff082b143f39f686394b565e78
audit,adult_income,pure_mavs_gc,feature_noise,0.1,audit,3,0.8525798525798526,7.825560651113455e-07,9348e643522400251b9240436c27977e8f066629beb6eba9c863ef7d518b76d1
audit,adult_income,single_model,feature_noise,0.1,shadow,2,0.855036855036855,1.6769058538102858e-07,a7a60a772b1eb4e99a7e87c9c5136c6f843f6a5e5f2f05b950fcd6367cf2d959
audit,adult_income,mean_ensemble,feature_noise,0.1,shadow,2,0.8566748566748567,1.676905853809831e-07,859b39d7c391e1e58942cac0988fedd4b46f95bc6e6bca81732df7b613d0e6b5
audit,adult_income,static_weighted_ensemble,feature_noise,0.1,shadow,2,0.8533988533988535,1.5092152684289845e-06,5cfebb8b0f436801488ea11eb22307861fd2ddc5e4cc4b3930e78f9cda3c1bec
audit,adult_income,veto_mavs,feature_noise,0.1,shadow,2,0.8566748566748567,1.676905853809831e-07,fa21216bc6c4cfb65369d6af8f9798c87f2d05d043f2ffadb1f4d6498880f707
audit,adult_income,pure_mavs_gc,feature_noise,0.1,shadow,2,0.8501228501228502,6.707623415240234e-07,4aa3412e2e08911ca39edc320dd2413e01649050e30f865d82da9da137e0f7fd
audit,adult_income,single_model,feature_noise,0.2,audit,3,0.8536718536718537,5.962331924657986e-07,e6e7a4793d381cc83043301208d4793a8af1c0fb6eaff8e85235fc5576d68c05
audit,adult_income,mean_ensemble,feature_noise,0.2,audit,3,0.8551733551733551,2.496726493450516e-06,19708bcf94a42026d74ba31c23f51ddd02ea07f632c9d6b9a8af3b1acb008eec
audit,adult_income,static_weighted_ensemble,feature_noise,0.2,audit,3,0.8531258531258531,9.651524803039978e-06,2dbb8f4dbf35b6a8cb632e2d03b2ce20dedcdcdf73838d34c61b9f40c5b994e9
audit,adult_income,veto_mavs,feature_noise,0.2,audit,3,0.8551733551733551,2.496726493450516e-06,6cb059042b92f84c55c9316745de33d612363b97b78d2ff2e1b6f14bf5fd6796
audit,adult_income,pure_mavs_gc,feature_noise,0.2,audit,3,0.8525798525798526,2.0234663969307445e-05,622d444e561209f02efdfeedcad1037b039a97f6d909749eff49de0b42a90d96
audit,adult_income,single_model,feature_noise,0.2,shadow,2,0.8499180999181,3.3957343539653172e-06,502e0491712c3a94501205462384eaa765505f0a188db3cc0b45be3a5e02bd1a
audit,adult_income,mean_ensemble,feature_noise,0.2,shadow,2,0.8525798525798526,2.6830493660960935e-06,c69eac66ddcc22e34cf1f74f6cf0f559473e68c055096a60bd300fb073108bd8
audit,adult_income,static_weighted_ensemble,feature_noise,0.2,shadow,2,0.8529893529893531,1.5092152684289845e-06,671fc87372cff2e144906816fa9e8097d5ff31e3c4e0d8e8f1521cddb3d85071
audit,adult_income,veto_mavs,feature_noise,0.2,shadow,2,0.8525798525798526,2.6830493660960935e-06,aecf73f47def1f149b5bdc773e6ca98fb5b28de17642d2711f41ecb5f7c47fd6
audit,adult_income,pure_mavs_gc,feature_noise,0.2,shadow,2,0.8501228501228502,0.0,39ee01d23fa5ab240dbb084144a0078e3a9f50d72ed7039e3f7d881a4adc9771
audit,adult_income,single_model,feature_noise,0.4,audit,3,0.8446628446628447,8.086412672817327e-06,9189a6d447d44021d3625e86724e3e7d2966fc49f1bb63a78518c36e509a25d3
audit,adult_income,mean_ensemble,feature_noise,0.4,audit,3,0.8443898443898444,2.1240807481594224e-06,0b5e64c7ead123149f2ac148831d503b5453f631b8aee4823dff52e9b60ea4d1
audit,adult_income,static_weighted_ensemble,feature_noise,0.4,audit,3,0.842069342069342,8.980762461515984e-06,2304cf6c3044fe787cc1fa4d34fc089962258f2c9fa1060e84fd0a41237f7788
audit,adult_income,veto_mavs,feature_noise,0.4,audit,3,0.8443898443898444,2.1240807481594224e-06,ac05245174f96f1091173008235693fbf4180a865883d616ad77b5d02aaa6e9e
audit,adult_income,pure_mavs_gc,feature_noise,0.4,audit,3,0.8453453453453453,7.19206288411869e-06,f596014d1246e2480bad259cdb97609a874d18df2d22064e9f6f67d88bc30a0b
audit,adult_income,single_model,feature_noise,0.4,shadow,2,0.8464373464373465,2.4147444294864297e-05,5d4a51144b472643b84bdee836ce9b32c903ac713fbbfb9537fdc5705936cda2
audit,adult_income,mean_ensemble,feature_noise,0.4,shadow,2,0.845004095004095,1.5134075330635453e-05,9cafe5549cd93a853cbf144d8865420bd2bdebb95b3ea8fb8604f4c113a8a642
audit,adult_income,static_weighted_ensemble,feature_noise,0.4,shadow,2,0.8433660933660934,3.7730381710721203e-07,b2e395e0946ec5a4ed1e6fb7ac88a312229bbe62daab44cd976d9615552666bf
audit,adult_income,veto_mavs,feature_noise,0.4,shadow,2,0.845004095004095,1.5134075330635453e-05,d192f7c1680feb15666d09de978b9e9beadbae7100562f96286d763e7cfe4941
audit,adult_income,pure_mavs_gc,feature_noise,0.4,shadow,2,0.8439803439803439,8.216838683669128e-06,7c316b536420e3f43c708881069937a6be959c84640df0022c17f65c81659994
audit,adult_income,single_model,feature_noise,0.6,audit,3,0.8348348348348348,5.5151570303085355e-06,d9e154344ec00cf5aa8ddb116678316623180604c2291c085d3081dd7be5c776
audit,adult_income,mean_ensemble,feature_noise,0.6,audit,3,0.8382473382473383,4.807130114255456e-06,0a6e7a92eb1cffef1eaeadcec4c6e980fb788da81b8774a3caed456c0da59f14
audit,adult_income,static_weighted_ensemble,feature_noise,0.6,audit,3,0.8300573300573301,1.5539327578639647e-05,1dc4fbe13892cc5ca4497d9c7287a6c9230ca540fb5f79b8e3d5bc9f49c2eb0d
audit,adult_income,veto_mavs,feature_noise,0.6,audit,3,0.8382473382473383,4.807130114255456e-06,d91589d69803c564e7ebcfa5cc2e5e1d59bf692c28d6c51953b4550f1a93c150
audit,adult_income,pure_mavs_gc,feature_noise,0.6,audit,3,0.8323778323778324,2.273139046275822e-06,4142a2a206940477901db1a952d985d03a8a711dcadb7474986d37969eb3a334
audit,adult_income,single_model,feature_noise,0.6,shadow,2,0.837018837018837,1.5092152684289845e-06,111dbb279722222c02fd645c6eedc124e485a2527b33050501cfd1043b6c1c88
audit,adult_income,mean_ensemble,feature_noise,0.6,shadow,2,0.8343570843570844,3.773038171072802e-07,9b51ef1678d5c7fb04a8dcc032b7071b6aabe7ee72e8e3acfc2fc3e3efc236fa
audit,adult_income,static_weighted_ensemble,feature_noise,0.6,shadow,2,0.8276003276003276,2.6830493660959114e-06,eca8b5a2fbd924c46244aab64c1aa0213bfefcc6e264c96b8a10d791d02d97ca
audit,adult_income,veto_mavs,feature_noise,0.6,shadow,2,0.8343570843570844,3.773038171072802e-07,d5d9f236edeb2ddb5f683c7ed7a7673eaf74e427ecc7d35d45d05203b2b4ca53
audit,adult_income,pure_mavs_gc,feature_noise,0.6,shadow,2,0.8343570843570843,2.0542096709173616e-06,a585d8585a98803a41923a07bb728e76c32db27518563a9d06d34c861f95b1ab
audit,adult_income,single_model,feature_noise,0.8,audit,3,0.8173628173628174,2.8954574409119903e-05,f907f2b8a256f2140aed4461aa1a33df91305bd5ab56664986bffff4bd200701
audit,adult_income,mean_ensemble,feature_noise,0.8,audit,3,0.823914823914824,3.465605431207348e-06,b98266117dd4fbac31d73fb333baf3e7ad2838c082810e83a31da5a3c5361fb2
audit,adult_income,static_weighted_ensemble,feature_noise,0.8,audit,3,0.8166803166803167,2.3066771633520253e-05,05130808b79af9bd51cf5a0fd979f96861c3287caeacc9450430ef30a0fd3bd9
audit,adult_income,veto_mavs,feature_noise,0.8,audit,3,0.823914823914824,3.465605431207348e-06,82348630eec15637fc9c855a777ca3ff83035818a4d3ae5123a9054b2fd6630c
audit,adult_income,pure_mavs_gc,feature_noise,0.8,audit,3,0.8222768222768223,9.05529161057418e-06,5c7724bc5bd17ac684b21aeda8f474128105affc753affcb55b17ba7bf1bcafc
audit,adult_income,single_model,feature_noise,0.8,shadow,2,0.8253480753480753,0.00010065627387494737,d01498d54b768e980e0c7b9d9567b9dbbb53100ece2f0ce3ab3a07533a99ec06
audit,adult_income,mean_ensemble,feature_noise,0.8,shadow,2,0.828009828009828,1.676905853809831e-07,4458b29fe8aabb4754042d26f6f058d98650f314a8a0034682b01d1a5d1984fc
audit,adult_income,static_weighted_ensemble,feature_noise,0.8,shadow,2,0.8255528255528255,2.4147444294864297e-05,dfa7a510ecb7e34e0ad01fe35a12d67fe65525b983f43d8052eed0064d83c95a
audit,adult_income,veto_mavs,feature_noise,0.8,shadow,2,0.828009828009828,1.676905853809831e-07,e18363e2ac4892e3615223bb4238289097b7f6df13cb571a8556fb04420833eb
audit,adult_income,pure_mavs_gc,feature_noise,0.8,shadow,2,0.8259623259623259,1.0732197464384011e-05,bcd93a01c829ebb6c88aac0cbe4b5daf704ce7f2fe729e282056b3a199981a45
audit,adult_income,single_model,feature_noise,1.0,audit,3,0.8136773136773137,1.307986565971841e-05,1a4188e6542ff6ae883d68257a9adb102813513ffe701ab48b62831600035f89
audit,adult_income,mean_ensemble,feature_noise,1.0,audit,3,0.812039312039312,1.8222376944735865e-05,d5739fc9c3f2dc24397b05c128e1b325612297454cd5c73803eedd0a714028ad
audit,adult_income,static_weighted_ensemble,feature_noise,1.0,audit,3,0.8041223041223041,2.6867758235489222e-05,bc92966d662cc83f45591eef9cd633febf091dd454aab5b4a1536aae83ac6c4c
audit,adult_income,veto_mavs,feature_noise,1.0,audit,3,0.812039312039312,1.8222376944735865e-05,8b82aedda58b7bd1c5e17cfb2fe48ee2d7a02031e1638394e6e0d291fed0ddf5
audit,adult_income,pure_mavs_gc,feature_noise,1.0,audit,3,0.8105378105378105,8.310000119992022e-06,1f10e8fb00142a3e704898460193fb85e1c3ab53a1d625a441c16b703f96c93c
audit,adult_income,single_model,feature_noise,1.0,shadow,2,0.8085585585585586,2.6201653965781452e-05,68f4cf1c00a372deefc2981129bf20ea04ee100e3f708c59bd85f74229933d36
audit,adult_income,mean_ensemble,feature_noise,1.0,shadow,2,0.8087633087633088,6.036861073716211e-06,1d43261ba49f18300a3be65f10db9798ceba7ad63321e2af9b22475b2a50cb27
audit,adult_income,static_weighted_ensemble,feature_noise,1.0,shadow,2,0.8005733005733007,2.029056083110146e-05,272b7551dac9a6c62667bde7a3def8960190317497bba28560e3d4049f980260
audit,adult_income,veto_mavs,feature_noise,1.0,shadow,2,0.8087633087633088,6.036861073716211e-06,d9cef5a13ca82f2089c0d9fdd32f18ff12092c9ccd592dc23739331c886f173c
audit,adult_income,pure_mavs_gc,feature_noise,1.0,shadow,2,0.8085585585585586,7.0849272323474235e-06,8b2096bec09940c09c8172efc1049c0aec24983713d725b05c259ac963c9ed69
audit,adult_income,single_model,missing_features,0.0,audit,3,0.855036855036855,1.232595164407831e-32,4048d69d023dce1ab3b3383fa8c226dcb829077182029669d5b56236f0364f84
audit,adult_income,mean_ensemble,missing_features,0.0,audit,3,0.8566748566748567,0.0,605ddc6c5085d9a981596783612746ddd0f6d6747215c9fd8718a5b65de5306b
audit,adult_income,static_weighted_ensemble,missing_features,0.0,audit,3,0.855036855036855,1.232595164407831e-32,7c9acfeb7d448af9381061a668101150705fd3433a75a4a1da3386b103d122fa
audit,adult_income,veto_mavs,missing_features,0.0,audit,3,0.8566748566748567,0.0,2c9a5b6c5634d55667a645d0c9027b9e0ac1b1db96f7d2fb6525ad17a8e02824
audit,adult_income,pure_mavs_gc,missing_features,0.0,audit,3,0.8533988533988534,0.0,1b6b2e329aa4dec64579b5f1685dfc0212ca846eb39a4aab997439dcde2ba49b
audit,adult_income,single_model,missing_features,0.0,shadow,2,0.855036855036855,0.0,74356601984bee69edf583b193024c9a2794b512d83a3e91b68daf2383f36ab9
audit,adult_income,mean_ensemble,missing_features,0.0,shadow,2,0.8566748566748567,0.0,451fd5b2a843b2ba3b0d1e013385a4c8502e3680f584652697086ac713789631
audit,adult_income,static_weighted_ensemble,missing_features,0.0,shadow,2,0.855036855036855,0.0,15a1048266604b7b0009aef48d533c42f5a7ab2d1c0df76b4dd6ef7ab60ca79c
audit,adult_income,veto_mavs,missing_features,0.0,shadow,2,0.8566748566748567,0.0,7cd3fc10be4242cf9ac11ccc0ac919ed792d38b1eef1c562ac83bca5a16d7b6a
audit,adult_income,pure_mavs_gc,missing_features,0.0,shadow,2,0.8533988533988534,0.0,35ed4fa01fff704b235be185b108521463dafe17953c3c695c30e44e8a56017a
audit,adult_income,single_model,missing_features,0.05,audit,3,0.8464373464373465,2.3476681953340667e-06,75a413cdb3f06287f8f3a41c09ad5c0749346e88e98a06edca8e4d2cbec16e4c
audit,adult_income,mean_ensemble,missing_features,0.05,audit,3,0.8491673491673492,4.956188412371895e-06,d146424988e830ff77b2f763861110bc33446c58529c3afc37dd01ad3ebb4ad6
audit,adult_income,static_weighted_ensemble,missing_features,0.05,audit,3,0.8473928473928474,5.962331924657986e-07,730e264296eab86184f2e1ff221809237667732176581dcfe94e87270e51fff6
audit,adult_income,veto_mavs,missing_features,0.05,audit,3,0.8491673491673492,4.956188412371895e-06,332b3ff652cf08c3f3b4d4ad27c698fae084fb3e185b55d1cbc1a9180bf9c23a
audit,adult_income,pure_mavs_gc,missing_features,0.05,audit,3,0.8467103467103467,1.937757875513825e-06,edac62e508de4d85606d8c906d93d08d06cab558f39a1ebb412467fb82ce25ad
audit,adult_income,single_model,missing_features,0.05,shadow,2,0.8509418509418509,6.036861073715938e-06,d9016370ecadfcd546d1e452d3a96287305067e45d71268a6ab0497b0d2d436b
audit,adult_income,mean_ensemble,missing_features,0.05,shadow,2,0.8525798525798526,4.1922646345250324e-06,c93dda2f27705972faad9c68d1e0b3766cee59bdc65bb1bf44350b0215b2c690
audit,adult_income,static_weighted_ensemble,missing_features,0.05,shadow,2,0.8499180999181,1.2115644793777189e-05,2b64a69b9d2652df599f118fb0b744418cb343583cf03faa6df38c39b90b4590
audit,adult_income,veto_mavs,missing_features,0.05,shadow,2,0.8525798525798526,4.1922646345250324e-06,370f9104298f72ca14335a35c48518776ba610915233e58e8dfa2aa594e5f3c2
audit,adult_income,pure_mavs_gc,missing_features,0.05,shadow,2,0.8497133497133498,4.1922646345252594e-06,83f584e89573308294f1fc0b865691a8e44be2d50537207da573c2ff60adea8e
audit,adult_income,single_model,missing_features,0.1,audit,3,0.844935844935845,2.0719103438185876e-05,4b69d4157e9b0c6c493d9518ef4924344b8632f0157c5170a2910c86c12a53b7
audit,adult_income,mean_ensemble,missing_features,0.1,audit,3,0.8483483483483484,2.6420583341140106e-05,fb472c549c22978d460680e52bfae88ed6e8c7a5ec8b6c19f4d2476bcf7c9dbc
audit,adult_income,static_weighted_ensemble,missing_features,0.1,audit,3,0.8461643461643462,2.2619596739170933e-05,511cbc16fabf969fa9e94e41752f967630637853127c6783b3a166ee35aa01f9
audit,adult_income,veto_mavs,missing_features,0.1,audit,3,0.8483483483483484,2.6420583341140106e-05,ddcdf97c9565c0ee4f01e312f413bffc85d37edd5704e6d3ca3e4c1949f4b833
audit,adult_income,pure_mavs_gc,missing_features,0.1,audit,3,0.843980343980344,3.353811707620086e-05,f95d12280f04f00f62d322e52c3ee1f9ff83ea664453042b19929ed38a21c989
audit,adult_income,single_model,missing_features,0.1,shadow,2,0.8425470925470926,9.432595427681323e-06,668852934993fc5f80012dfb7fd970c688d995e72e185869ee2bdea6a2e1102d
audit,adult_income,mean_ensemble,missing_features,0.1,shadow,2,0.8478705978705978,2.0542096709172023e-06,b3f9d3d90fc6b118c5b798f42fa9f03c8045efc5d884710167c7372885997915
audit,adult_income,static_weighted_ensemble,missing_features,0.1,shadow,2,0.847051597051597,1.0480661586313718e-06,bfdcee082022b0e3cf7d45e14daccffe4871db32b91ef0222bca965b76b17741
audit,adult_income,veto_mavs,missing_features,0.1,shadow,2,0.8478705978705978,2.0542096709172023e-06,75bca803b59f1697d44373c892df7c1dcbe6658708a0d55a9ce4d9fb9271e469
audit,adult_income,pure_mavs_gc,missing_features,0.1,shadow,2,0.8437755937755937,5.0726402077752395e-06,0a9dfdbf71ecb589ea651ea3c1fea21dd2c5488762968c2709939958dad71e54
audit,adult_income,single_model,missing_features,0.2,audit,3,0.832923832923833,1.4421390342766124e-05,071ab5fa92848219e50b87d08119da6d84ae5d04cf3b933ab118516045481714
audit,adult_income,mean_ensemble,missing_features,0.2,audit,3,0.8344253344253344,4.73260096519722e-06,1dc0a621fd4d154878a3b04842a8f72f6246962ec74faccb354c922619bff00f
audit,adult_income,static_weighted_ensemble,missing_features,0.2,audit,3,0.8334698334698335,1.8259641519265031e-06,8ac1e0f2a19ed6134bbf2093f93213db2d8db30c5509ba10d7ccac4c574aac64
audit,adult_income,veto_mavs,missing_features,0.2,audit,3,0.8344253344253344,4.73260096519722e-06,61164679f1c57f51379726b31e901ef16d13fe6ed89fe0ccec0402d362f32d99
audit,adult_income,pure_mavs_gc,missing_features,0.2,audit,3,0.828009828009828,2.1911569823117854e-05,aaf6a6d2b28831e210cdd3c606186347ad03986034a1e8a2ec5a88e720202734
audit,adult_income,single_model,missing_features,0.2,shadow,2,0.8329238329238329,1.6769058538102858e-07,c974801d231e8dfcad7f8670984cfce82bef54fdb3d06a78bb6885f4f2b9ae47
audit,adult_income,mean_ensemble,missing_features,0.2,shadow,2,0.8368140868140868,4.192264634526851e-08,01644a780da22c979837c7c7fb70501bbcd35b1ddf990934dcc04acec4c39f04
audit,adult_income,static_weighted_ensemble,missing_features,0.2,shadow,2,0.8347665847665848,5.072640207775489e-06,0e13455c85216760ee01c2a4fda8fba07f6fd2c9bfb18c741da1e4087e153607
audit,adult_income,veto_mavs,missing_features,0.2,shadow,2,0.8368140868140868,4.192264634526851e-08,50bc14be6fca0d3ce9d88a9951527b3c74b8345037128134f8ef02d7794e8765
audit,adult_income,pure_mavs_gc,missing_features,0.2,shadow,2,0.8319000819000819,3.7730381710721203e-07,d3c38e95fc181ad6055e2f6b816563c523706a11bb340a0db12c66088214ebad
audit,adult_income,single_model,missing_features,0.4,audit,3,0.8117663117663118,5.626950753895867e-06,a7b266fc658d055fe77b603da8fe740e8ac48d3b6371e9ad153a4b51e93db3a7
audit,adult_income,mean_ensemble,missing_features,0.4,audit,3,0.8127218127218128,5.962331924657986e-07,e75dcf4cb887d70518228a80c799da6b677bef544baa44a3bbc0095a3c04dc61
audit,adult_income,static_weighted_ensemble,missing_features,0.4,audit,3,0.8131313131313131,1.8259641519264023e-06,1d74f3320c68a8eb32c62d0384f12375d75efd374daac08dce53714200e1e3ad
audit,adult_income,veto_mavs,missing_features,0.4,audit,3,0.8127218127218128,5.962331924657986e-07,90dab29c2f54567763057743d7dc058aae0e9e0a84a54c9e7280b588614d27f1
audit,adult_income,pure_mavs_gc,missing_features,0.4,audit,3,0.8056238056238056,1.3787892575771843e-06,e9d0918c85a864637b260070f92769bc99a23c075dd52b633373466a9f4078fd
audit,adult_income,single_model,missing_features,0.4,shadow,2,0.811015561015561,4.1922646345245776e-08,0fe367ac35a09dce72fb8ee2bb161ab3eb54e2a90ce44c216e59bde3ba611e03
audit,adult_income,mean_ensemble,missing_features,0.4,shadow,2,0.8114250614250614,4.1922646345245776e-08,4df70965baf36be81c59d382088bddb1f5ceb735bb5016b1cf287c70efd29c28
audit,adult_income,static_weighted_ensemble,missing_features,0.4,shadow,2,0.811015561015561,4.1922646345245776e-08,e000a82e7e8f9c9c77e8d95433f98acc5e4709b5543ab44f8963c6a2328074bf
audit,adult_income,veto_mavs,missing_features,0.4,shadow,2,0.8114250614250614,4.1922646345245776e-08,9209f088900fa28fdf7a4065a0c1b567ecb7d83ae346f352be70b60cc29358ce
audit,adult_income,pure_mavs_gc,missing_features,0.4,shadow,2,0.8073300573300572,1.0480661586312581e-06,379cddb2932c5d03752dfc19a6bfe0ee5fdeaed7faee8a60c88e9c7adc8a7a24
audit,adult_income,single_model,missing_features,0.6,audit,3,0.7882882882882883,3.4656054312075e-06,a7c2df0c506550a45f62584dacbd770cd6482a625de99cd8fb64cd365df0d76f
audit,adult_income,mean_ensemble,missing_features,0.6,audit,3,0.7873327873327873,9.316143632277851e-07,4f10583e18ea935bc780eecd2cd9042555b2c4a6021aedf44d96dfd88beaa508
audit,adult_income,static_weighted_ensemble,missing_features,0.6,audit,3,0.788970788970789,4.956188412371673e-06,d9476a486835639fc7c625ab7cd5556477123039e81fedb3f4bcf897b95d82be
audit,adult_income,veto_mavs,missing_features,0.6,audit,3,0.7873327873327873,9.316143632277851e-07,fc1175d72fe83c314c5723ca4995ec7ddc26b5c98a1602fd96e1c3c3c6f667e5
audit,adult_income,pure_mavs_gc,missing_features,0.6,audit,3,0.7835107835107835,1.0434080868151878e-06,354060d4e94ade61e27d8d548d1eb89851aeb360c05bfed9018a52889baf67fe
audit,adult_income,single_model,missing_features,0.6,shadow,2,0.7907452907452908,1.3582937415861269e-05,e7215898974a3e3df1a73d4aa6ab037f5d8fb3671fe857838994aef8f6b66ec1
audit,adult_income,mean_ensemble,missing_features,0.6,shadow,2,0.7901310401310402,5.072640207775489e-06,d79663b27b8fa74957c547ccfe7f6d87831a40eb97149113960ba48f1dfadd92
audit,adult_income,static_weighted_ensemble,missing_features,0.6,shadow,2,0.7907452907452908,4.1922646345250324e-06,ca3edd89f8956bc2966e5d809abd80b4661d1da8c57a9cf63f9e91c1155d74a1
audit,adult_income,veto_mavs,missing_features,0.6,shadow,2,0.7901310401310402,5.072640207775489e-06,11016f15e9e2e3bdfec31a7a5feceaebdb0c21904d3304dbc5dad9f8e6dd078b
audit,adult_income,pure_mavs_gc,missing_features,0.6,shadow,2,0.7852170352170352,9.432595427681665e-06,5d24239b63ca072a868de964b261c71944e8b31bb66602d53540a5f824894ca2
audit,adult_income,single_model,missing_features,0.8,audit,3,0.7735462735462736,1.1179372358735238e-07,a69ac163aaf2a143a8035349641568eeacc9c7df78e517dc0366156fa7501971
audit,adult_income,mean_ensemble,missing_features,0.8,audit,3,0.7728637728637728,7.080269160531208e-07,6b49c209dcef1eca5b223224da6ccc7ed51e1c113dd2316a9fa300236ee9fc41
audit,adult_income,static_weighted_ensemble,missing_features,0.8,audit,3,0.7742287742287742,7.080269160531206e-07,b6d0c60f140837b5408f5df254c070606d2de9eba5905e9a9f24cef8efd38014
audit,adult_income,veto_mavs,missing_features,0.8,audit,3,0.7728637728637728,7.080269160531208e-07,bf3b234a7f95c3cbb31afc5a87baf7638d2e0f3e7e7b1e92bb76a00b19f8964e
audit,adult_income,pure_mavs_gc,missing_features,0.8,audit,3,0.7704067704067704,2.2731390462758217e-06,c7c14cde5bb8963689d89096d22fd055bf23a48a5a51704a2f3098751e293565
audit,adult_income,single_model,missing_features,0.8,shadow,2,0.7725225225225225,1.0480661586312581e-06,0801a059c311df31e633bcc0c4b7d5a68c03ea4463727aa76ca48f7804138964
audit,adult_income,mean_ensemble,missing_features,0.8,shadow,2,0.7723177723177723,1.676905853809831e-07,e90bd88931880ba2afe3992ac61f2dbd66c900b725b5b87825b15f3a7e2102d3
audit,adult_income,static_weighted_ensemble,missing_features,0.8,shadow,2,0.7737510237510237,3.773038171072802e-07,21a772f44194178cf6d6603c6afb94707fa9b75bd6e9d3a869da1b589765cd81
audit,adult_income,veto_mavs,missing_features,0.8,shadow,2,0.7723177723177723,1.676905853809831e-07,90516125149f578b96fb5bfcad3bf586a1edd554209d4dd8f794cfbdb842df5b
audit,adult_income,pure_mavs_gc,missing_features,0.8,shadow,2,0.7702702702702703,1.676905853809831e-07,ac5485e5bb2645eb1ead60100f6a6a407e3a500e52481cf24869f6ab4be69404
audit,adult_income,single_model,missing_features,1.0,audit,3,0.7608517608517609,0.0,51c58ec7adeb964ffaaa41698a997abcb510595da2f4970e2a2afe4006239400
audit,adult_income,mean_ensemble,missing_features,1.0,audit,3,0.7608517608517609,0.0,62d6a28f4e046a55e87e6571866553dac071f6fc9de23394b3e66d54f9bd180e
audit,adult_income,static_weighted_ensemble,missing_features,1.0,audit,3,0.7608517608517609,0.0,630ae630d23e2e23c1296d64c9c0964483b90ad129d3d11cb4f6906313fb13e4
audit,adult_income,veto_mavs,missing_features,1.0,audit,3,0.7608517608517609,0.0,f005459c36a6d691d6d33ab88a7991813f075257f6216f3277244f49ad82821d
audit,adult_income,pure_mavs_gc,missing_features,1.0,audit,3,0.7608517608517609,0.0,46a7fb5566c692fdce7b85114ea24f492a9474873313a92933c12fcbd624b906
audit,adult_income,single_model,missing_features,1.0,shadow,2,0.7608517608517609,0.0,63abed63ea599dc40f0f5682feba8c5670d634ce420f94556749761b33126d9f
audit,adult_income,mean_ensemble,missing_features,1.0,shadow,2,0.7608517608517609,0.0,4372d2b3413a7a697a7364718bc5f6453f915f569b76a980a2fb1e316270e560
audit,adult_income,static_weighted_ensemble,missing_features,1.0,shadow,2,0.7608517608517609,0.0,756bc3b35cd1f6cee053870cc1e9c6a29c6eb7f376bb2c9193c651c58fbb2fbe
audit,adult_income,veto_mavs,missing_features,1.0,shadow,2,0.7608517608517609,0.0,328dc3055123f88af8c6bfcdfde4a19dc3bd3604eed58ffc00abe56714fa9076
audit,adult_income,pure_mavs_gc,missing_features,1.0,shadow,2,0.7608517608517609,0.0,f550289beef241cf47e3f78a7e6e6e26b030a6cdbb532e82cdbd5a8d71a9e6be
audit,adult_income,single_model,random_feature_deletion,0.0,audit,3,0.855036855036855,1.232595164407831e-32,35579fe6da2b67635be497444a97ee06c5d619df3ed2c2abd486254ba49067ef
audit,adult_income,mean_ensemble,random_feature_deletion,0.0,audit,3,0.8566748566748567,0.0,9cec93959a677672da7e7e4a4a15d2932a51caa826607d916424aa3deacfee96
audit,adult_income,static_weighted_ensemble,random_feature_deletion,0.0,audit,3,0.855036855036855,1.232595164407831e-32,2dcc5ad8ed6659f51fc81b55d3048813049b4a2ce4e0d74c6d788fab467cfcf9
audit,adult_income,veto_mavs,random_feature_deletion,0.0,audit,3,0.8566748566748567,0.0,44d931183ba7f9959832206d742e0915457011bb37c1e1c9446417943d745ca7
audit,adult_income,pure_mavs_gc,random_feature_deletion,0.0,audit,3,0.8533988533988534,0.0,f1b86badcbc647e77cad893d4d1cc1ed247c7c42e1d2f51df61f880ae72fcf89
audit,adult_income,single_model,random_feature_deletion,0.0,shadow,2,0.855036855036855,0.0,5dd712119b42d8ea9c9af2f7c6ff5ae4979b785d2bdc934251d1e7613e0661d8
audit,adult_income,mean_ensemble,random_feature_deletion,0.0,shadow,2,0.8566748566748567,0.0,8baee2d409ca8c781a57de9fe2eecf9fbe497b4a5a1f58ba92c63b2e97f56cbd
audit,adult_income,static_weighted_ensemble,random_feature_deletion,0.0,shadow,2,0.855036855036855,0.0,a50cb0c646a65a1c3c69e0bfcd7805ca07dc89e3534e495809aecfb7d5b634c8
audit,adult_income,veto_mavs,random_feature_deletion,0.0,shadow,2,0.8566748566748567,0.0,158c1c1cfa29c755b6344cbb85fea206f6187e910895700038f457c91b9ec494
audit,adult_income,pure_mavs_gc,random_feature_deletion,0.0,shadow,2,0.8533988533988534,0.0,c6d38a83737c933ed07adc39312535e4113920230a04afe2fa14ad4ecc00941f
audit,adult_income,single_model,random_feature_deletion,0.05,audit,3,0.844935844935845,5.4816189132323536e-05,3891e2a9473af50e9860a1b853574c6cc350c320018175e030cf2da54b5cbf3b
audit,adult_income,mean_ensemble,random_feature_deletion,0.05,audit,3,0.8520338520338521,8.086412672817076e-06,9281d248ca905b5de90fc0d09628f49f72816cd72c932a7fb62bd4f5dbe7486f
audit,adult_income,static_weighted_ensemble,random_feature_deletion,0.05,audit,3,0.8480753480753481,2.493000035997573e-05,a7aa4b6d52dd7cb29360983aee913daead2fe18d82a60e5ac7b9e3c97632d366
audit,adult_income,veto_mavs,random_feature_deletion,0.05,audit,3,0.8520338520338521,8.086412672817076e-06,e2c31e793a871b7e3ce9359845328175987802b045620e0cfd5b6c2360469528
audit,adult_income,pure_mavs_gc,random_feature_deletion,0.05,audit,3,0.8483483483483484,3.5811256122476675e-05,1f22df6cfd26fa600bf61a76dd47a492d1775b29a7a676f7c638b38f181b284c
audit,adult_income,single_model,random_feature_deletion,0.05,shadow,2,0.8546273546273546,1.676905853809831e-07,08988acef7ae60e0f44e86e63c70457e42ba578a98d66a1ac2c1d7a4d779f039
audit,adult_income,mean_ensemble,random_feature_deletion,0.05,shadow,2,0.8525798525798526,6.707623415239324e-07,c216abc0cf06e1c40d67338132507784ed25c27beb7c370e7810a5f667e9d61d
audit,adult_income,static_weighted_ensemble,random_feature_deletion,0.05,shadow,2,0.8531941031941033,3.773038171072802e-07,d778a5748724b20b7575fae95f47652c313a1825fcf6619e865e9cbd948bfcf5
audit,adult_income,veto_mavs,random_feature_deletion,0.05,shadow,2,0.8525798525798526,6.707623415239324e-07,56b794f057be05be076a629af17446fbb07c215eea14dc8c22543a4b7f3bb68b
audit,adult_income,pure_mavs_gc,random_feature_deletion,0.05,shadow,2,0.8478705978705978,2.2177079916637633e-05,39dff51bd803abd1c96b314f989b892a463221df89d97e03a5d91a3381b59f96
audit,adult_income,single_model,random_feature_deletion,0.1,audit,3,0.8355173355173355,0.0005145119805234459,0e7233e656607c1f3d498f41d85cb31bd75a6178eaf9a058c234cb7ae10087c7
audit,adult_income,mean_ensemble,random_feature_deletion,0.1,audit,3,0.8420693420693421,0.00020406081012141583,ba75e19924bbb59b1e93a7289dcc6f914d3d7b179340fa50a2ddaa123fa8fa4f
audit,adult_income,static_weighted_ensemble,random_feature_deletion,0.1,audit,3,0.8392028392028392,0.0002389404518806647,b2791b0be77fce72ba98468b80dcc66e398f40437f3c560f4f16febf720d132e
audit,adult_income,veto_mavs,random_feature_deletion,0.1,audit,3,0.8420693420693421,0.00020406081012141583,5b6703451c4787763884cca189d14a40f59722bb80c351be9650108cac14679b
audit,adult_income,pure_mavs_gc,random_feature_deletion,0.1,audit,3,0.8348348348348349,0.0002997562375121746,1b93ee3997904c17f6e2a2ffec791ba4213aee53460ab8ef04dd9a5b4f91f5ed
audit,adult_income,single_model,random_feature_deletion,0.1,shadow,2,0.8490990990990991,2.620165396578202e-05,c0fbf449715f3c00e43365db312ad490b7f7bf70d75f4a9787a10b2011d8d63f
audit,adult_income,mean_ensemble,random_feature_deletion,0.1,shadow,2,0.8527846027846028,1.84878870382553e-05,5c125da663e4e370bb4cd6dc81af22c359655882be61ef62603af1489fd852ca
audit,adult_income,static_weighted_ensemble,random_feature_deletion,0.1,shadow,2,0.8499180999181,2.2177079916637633e-05,05689ba63825d0b867f5d71d0c860eb44feb432d45ef5d604a5bfb362a6515a3
audit,adult_income,veto_mavs,random_feature_deletion,0.1,shadow,2,0.8527846027846028,1.84878870382553e-05,5a34a51aa222b6a7735fea1cf18b3f9f61a05a9dca62d208ef08f8813307c63e
audit,adult_income,pure_mavs_gc,random_feature_deletion,0.1,shadow,2,0.8501228501228502,2.6830493660960935e-06,9d33f9a821e6e8a9e134954bc3a761f68c6998968bc117990baab1dba180e23f
audit,adult_income,single_model,random_feature_deletion,0.2,audit,3,0.8514878514878514,9.092556185103306e-06,b54b37c446ea8b43af776589db7ad548ac5364afff0339e37dbc9849a133a36a
audit,adult_income,mean_ensemble,random_feature_deletion,0.2,audit,3,0.8521703521703522,4.359955219906137e-06,285e9178018f137e14abc181942a7a64cafc3b5cedb461c992d551221d401d77
audit,adult_income,static_weighted_ensemble,random_feature_deletion,0.2,audit,3,0.8518973518973519,2.2731390462758217e-06,726a04f177260f0dc963b65bcc1c22dca2cbf06b6b4e2ff1b7353f421b4dcb50
audit,adult_income,veto_mavs,random_feature_deletion,0.2,audit,3,0.8521703521703522,4.359955219906137e-06,a54c13fbe5e6e5b992d982e850cae8f628ad9bfc7bfd55c344f99d439dffe44f
audit,adult_income,pure_mavs_gc,random_feature_deletion,0.2,audit,3,0.848075348075348,3.0184305368580596e-06,d2c75b4e5c41624ffe2f9d8ac73c3c1f600718ccef6cc33b7bcfbe3a49e67f77
audit,adult_income,single_model,random_feature_deletion,0.2,shadow,2,0.816953316953317,0.0003246489732976233,907b0bd0d9cf9411ab800d9a8ce41d08f27c14b3450b2f3e8108e2f09241ff07
audit,adult_income,mean_ensemble,random_feature_deletion,0.2,shadow,2,0.819000819000819,0.0004192264634525078,9c1b4ae6ac59bad725fdea9f20a62a78944b997573b6c05348d099f9ecdab1db
audit,adult_income,static_weighted_ensemble,random_feature_deletion,0.2,shadow,2,0.8179770679770679,0.00041088385682980114,bf6ac851837cbbb9b1e8d341310886e7be42652f8153aeae4f19019c4b57d946
audit,adult_income,veto_mavs,random_feature_deletion,0.2,shadow,2,0.819000819000819,0.0004192264634525078,191d9e1dec968344b2bd100e2468684381226635f5ef601b8ecf526f1eddd809
audit,adult_income,pure_mavs_gc,random_feature_deletion,0.2,shadow,2,0.8159295659295659,0.0003471614343850217,bf9ebede24090c3671894cffb784cf4efb435ae9f10cec683bbab480b8372f12
audit,adult_income,single_model,random_feature_deletion,0.4,audit,3,0.8228228228228228,0.0003530818436633357,3acbb0d21fc73e572cdb9988c7747f95c817cd50fb952d69b179a42d61cb1013
audit,adult_income,mean_ensemble,random_feature_deletion,0.4,audit,3,0.8254163254163255,0.0002891358337713778,671e326828322d507d763e95dffcd171f85d46d42d365fd77ce9d9fa0705d19b
audit,adult_income,static_weighted_ensemble,random_feature_deletion,0.4,audit,3,0.8241878241878242,0.00025000803051581066,038459fd9369952807fb66c5d87ec86125d307cff5cb5849b1085e1025597e48
audit,adult_income,veto_mavs,random_feature_deletion,0.4,audit,3,0.8254163254163255,0.0002891358337713778,442e08adedd07822b6557f0e9d6990af485e89bbdcd82c6f1d079eec93a766c8
audit,adult_income,pure_mavs_gc,random_feature_deletion,0.4,audit,3,0.821048321048321,0.0003187239059474934,d3597b9468c24209a80212a318e1259a9db0c2893d4182c383390a6d64d6f09d
audit,adult_income,single_model,random_feature_deletion,0.4,shadow,2,0.8310810810810811,1.5134075330635885e-05,6a1aff5c9da80f731d8fb0af14d8a372ea381ca608dcc0918bc84417052c6487
audit,adult_income,mean_ensemble,random_feature_deletion,0.4,shadow,2,0.8255528255528255,7.395154815302216e-05,803f516132c99577fab28d92cfffff891fa32bcac3965c1523a080d7ead6a0df
audit,adult_income,static_weighted_ensemble,random_feature_deletion,0.4,shadow,2,0.8316953316953317,6.036861073716211e-06,6a10ba700e543ce85e1ae90fbaadcd32f5bd1f3892841bfd6c1ddedfa3694ed4
audit,adult_income,veto_mavs,random_feature_deletion,0.4,shadow,2,0.8255528255528255,7.395154815302216e-05,d05f2a50fee883cb17610c847685366dbee4de2ec9091f005513f1734ce13012
audit,adult_income,pure_mavs_gc,random_feature_deletion,0.4,shadow,2,0.8157248157248158,3.7730381710725975e-05,a6583210568064a8ab99104636e22d029fd2273b97ee70ad672bd105f081e02a
audit,adult_income,single_model,random_feature_deletion,0.6,audit,3,0.8011193011193011,0.0011550900166788765,7031c3bd5a50f06fde00a64ce4344b3f6ae3837fa422e5de4edb823c4aef4cd8
audit,adult_income,mean_ensemble,random_feature_deletion,0.6,audit,3,0.8026208026208026,0.0013020614986216945,8760c886e2ac3744c505a4c0b062185ddd3b7737fd8917f46d884ffd9b30e53d
audit,adult_income,static_weighted_ensemble,random_feature_deletion,0.6,audit,3,0.8011193011193012,0.001180355398209616,e8dd799bb545cba1a0801d6a87203e5dfdda9fec9771ab8bcb26b97a7ba784cb
audit,adult_income,veto_mavs,random_feature_deletion,0.6,audit,3,0.8026208026208026,0.0013020614986216945,32c1bf30c5ebdd0f1d562bfab593c335f67471f006fa10db9619f813702a4d27
audit,adult_income,pure_mavs_gc,random_feature_deletion,0.6,audit,3,0.8001638001638002,0.0011359360253709145,4004de97ec9168782a9d845672189c017ce8a1b9b915f950cb23680205478f3b
audit,adult_income,single_model,random_feature_deletion,0.6,shadow,2,0.7911547911547911,3.773038171072529e-05,28e725951cd2c179623c7162264083e16b1e8c3ef67e9218fe8ee138fb202ec5
audit,adult_income,mean_ensemble,random_feature_deletion,0.6,shadow,2,0.7915642915642915,3.286735473467651e-05,0129cd8ef0882a28d81a7e3f5688a628f9590cbf72f57fea565b5a06c91849a4
audit,adult_income,static_weighted_ensemble,random_feature_deletion,0.6,shadow,2,0.7917690417690417,4.028766313778613e-05,856866695c3497e10b842f7c8188c3dcda24af475e71601144838fe2561cc06b
audit,adult_income,veto_mavs,random_feature_deletion,0.6,shadow,2,0.7915642915642915,3.286735473467651e-05,4ee13de13a35a57755294186e28f21bb257b8efcf38ab7da88adc5c886b22cba
audit,adult_income,pure_mavs_gc,random_feature_deletion,0.6,shadow,2,0.7788697788697789,0.0003246489732976213,dc61c9eec9ba0dc91b2efbe737987a264ef4d986630af720eaac45adefc983ec
audit,adult_income,single_model,random_feature_deletion,0.8,audit,3,0.7814632814632815,0.00022015910631799276,6f9af583435a74eb7e07c0dcbd4deacd98737cf22bbc39ed0104a5b075f857f7
audit,adult_income,mean_ensemble,random_feature_deletion,0.8,audit,3,0.7813267813267813,0.0002257115279228301,c5946d296aa5cf8d2b78b7c96459b52ea636bf3aecc5b2ebb0541257ad702be0
audit,adult_income,static_weighted_ensemble,random_feature_deletion,0.8,audit,3,0.7824187824187824,0.0001773421101840427,a67b405167f06e01b631f502a9d2d2e4177539776b8f632c6c7f85e52642f38a
audit,adult_income,veto_mavs,random_feature_deletion,0.8,audit,3,0.7813267813267813,0.0002257115279228301,5cca50126dd156c5fdeecdbe0688b8b0812e96e6b6c8d3ac7d273f2949ca7198
audit,adult_income,pure_mavs_gc,random_feature_deletion,0.8,audit,3,0.7750477750477751,0.00023771072092120384,2070e8c3b22a8586773dbbcbba08942cc8d4bd6ec06aa47df12f78209a15366c
audit,adult_income,single_model,random_feature_deletion,0.8,shadow,2,0.7608517608517609,0.0,87e4424e47fccec703454811ad267eac41c20a582696b6a82cae031bf2019195
audit,adult_income,mean_ensemble,random_feature_deletion,0.8,shadow,2,0.7608517608517609,0.0,b871ace34f2c111fbd2d473759d07f1a5644a970f3023b8d18c9b067ba950492
audit,adult_income,static_weighted_ensemble,random_feature_deletion,0.8,shadow,2,0.7606470106470107,4.1922646345245776e-08,7c14e3aac634281268b52ed1c6ad57197eb4aaf2a42256d6fa7a649312179d09
audit,adult_income,veto_mavs,random_feature_deletion,0.8,shadow,2,0.7608517608517609,0.0,a12897e63fe2d16e912ea9ff2bf17706ec504c0c6e9e3f1e97d5c2fdc6a10247
audit,adult_income,pure_mavs_gc,random_feature_deletion,0.8,shadow,2,0.7608517608517609,0.0,ace69c65edbd4948f3654efb8cb45b8dadf1e760edd0bbe35639be9df5779d68
audit,adult_income,single_model,random_feature_deletion,1.0,audit,3,0.7608517608517609,0.0,1a308033e2d5f28d916f847944ed96dc9b2a6310f029951ec5077ce2e19622b6
audit,adult_income,mean_ensemble,random_feature_deletion,1.0,audit,3,0.7608517608517609,0.0,dc965025a72bcd7eb66b981480ec914db9313dbab469202bd625f9bbf19f5f41
audit,adult_income,static_weighted_ensemble,random_feature_deletion,1.0,audit,3,0.7608517608517609,0.0,cc2721df258441ef6a926d9803770076e7a8bb79ba97e24588e43e06dc7ae6ff
audit,adult_income,veto_mavs,random_feature_deletion,1.0,audit,3,0.7608517608517609,0.0,507bfdb8bc2820238d5bb02fff90e84ae15630b6da39a832c1327abf63121bd3
audit,adult_income,pure_mavs_gc,random_feature_deletion,1.0,audit,3,0.7608517608517609,0.0,5716c0fb4902795823b0c2b5f39547f8d6e5ebb35e2af9cc8b3f53c08fa98d01
audit,adult_income,single_model,random_feature_deletion,1.0,shadow,2,0.7608517608517609,0.0,1cff87765cb41b7521a766c353dadf090d4cb831f86e8ea7399ca71df3fedf4a
audit,adult_income,mean_ensemble,random_feature_deletion,1.0,shadow,2,0.7608517608517609,0.0,741bea124e37a432461e5e2187b6db21ae5092b0bb304ea5567ce03bd2c91e0e
audit,adult_income,static_weighted_ensemble,random_feature_deletion,1.0,shadow,2,0.7608517608517609,0.0,c4cbfa5fddd128cc6f20f076b0c32a5ba5427539a4e6438ed0d2bf9c5abc06ed
audit,adult_income,veto_mavs,random_feature_deletion,1.0,shadow,2,0.7608517608517609,0.0,0e10a52fab3148bea5e558fd493fa10837e1cb67821479baca7aeaca3cf10aee
audit,adult_income,pure_mavs_gc,random_feature_deletion,1.0,shadow,2,0.7608517608517609,0.0,0f730ce1ea7c4b66ad7689f4dc25959ee10b200bf52fe6afa99a207b4a88f152
audit,adult_income,single_model,label_noise,0.0,audit,3,0.855036855036855,1.232595164407831e-32,d9bae3c59a30a71ccf1a58dcedcbd2d2213f13afd55bf9d7b06bf26b5e127a47
audit,adult_income,mean_ensemble,label_noise,0.0,audit,3,0.8566748566748567,0.0,458a444e78038f7d9d4bf16331f3101a7f5276efa7d20d5e9985b884d28e8bdf
audit,adult_income,static_weighted_ensemble,label_noise,0.0,audit,3,0.855036855036855,1.232595164407831e-32,e5f10a133963d44931f6090a1767c578693f9e271e5891c293bf44566dd664bb
audit,adult_income,veto_mavs,label_noise,0.0,audit,3,0.8566748566748567,0.0,3aa52e62da3e4900d6f8c5a47cd9b136a7234314c5fb812542fa2e7d84b87d29
audit,adult_income,pure_mavs_gc,label_noise,0.0,audit,3,0.8533988533988534,0.0,a91d4f0d3f8037be10df2e9d3305bf1f256f5c473812973854e1adb003943d0f
audit,adult_income,single_model,label_noise,0.0,shadow,2,0.855036855036855,0.0,9f15853f63600b3be989e075fa2bdcb103de7d2305e283e0cde2160b0f255d16
audit,adult_income,mean_ensemble,label_noise,0.0,shadow,2,0.8566748566748567,0.0,38ff7fd36c81385d2d80631d6a7385235c546abf214460d54c1cdcb972a2d978
audit,adult_income,static_weighted_ensemble,label_noise,0.0,shadow,2,0.855036855036855,0.0,9c0b4a6f5fad2558ecfffe99037459128607e44a68881712bf285f6b3c73dff9
audit,adult_income,veto_mavs,label_noise,0.0,shadow,2,0.8566748566748567,0.0,e3bc11574bde4658e0cbf447e2df40c3731c455c6b9ac801c0644046837a6a0d
audit,adult_income,pure_mavs_gc,label_noise,0.0,shadow,2,0.8533988533988534,0.0,212facd367706b372ed16667762bbf5aa4ed5131fda13cb4ed8fc90df44fe142
audit,adult_income,single_model,label_noise,0.05,audit,3,0.855036855036855,1.232595164407831e-32,6223d9383e3ad0b612d335b911e1aa41c6d9182e3fbe71421a051cc8b3d698fa
audit,adult_income,mean_ensemble,label_noise,0.05,audit,3,0.8566748566748567,0.0,407150731b5c7e3dda972e5b0a17ca4eefc462c038bc06c7340f65ec05415627
audit,adult_income,static_weighted_ensemble,label_noise,0.05,audit,3,0.855036855036855,1.232595164407831e-32,a2e3cd2da304784128786e21b0a6c6ac5871cf172992c5de1a212931d1057560
audit,adult_income,veto_mavs,label_noise,0.05,audit,3,0.8566748566748567,0.0,67f296a8a9310737a3c3958534642bb51c9b9b034d3f6e4baa1b25c0eeb9fbd8
audit,adult_income,pure_mavs_gc,label_noise,0.05,audit,3,0.8533988533988534,0.0,fcbe59fe46e40a24a746cc5c9d2279c0b6b439c676ebc43c7ed02e55e87d7aaa
audit,adult_income,single_model,label_noise,0.05,shadow,2,0.855036855036855,0.0,3a613f410182943e1b0373f64949a9e465f8918d205503d21db68da14ac6f6eb
audit,adult_income,mean_ensemble,label_noise,0.05,shadow,2,0.8566748566748567,0.0,262450ba4ae5d37954363ba892e0906314f856adf5f959b0175cdc5877a27ac5
audit,adult_income,static_weighted_ensemble,label_noise,0.05,shadow,2,0.855036855036855,0.0,fb9df697b33d385941440f9a616f605a240fa805f9df76169f7ecc258754451d
audit,adult_income,veto_mavs,label_noise,0.05,shadow,2,0.8566748566748567,0.0,e9b3cf8038343513458e6ed5b0d3e32c7dc0d28d97a5b4e6ae165c95102828f3
audit,adult_income,pure_mavs_gc,label_noise,0.05,shadow,2,0.8533988533988534,0.0,1642ca3a10f1f1a94b4aa26f2e1f33f2e8d09b96154c0b7cf083390a8dbb914c
audit,adult_income,single_model,label_noise,0.1,audit,3,0.855036855036855,1.232595164407831e-32,57069ec9c44b8840c9cf32307b2d92336a9aec96d1336bc95ce25fe15e51fa26
audit,adult_income,mean_ensemble,label_noise,0.1,audit,3,0.8566748566748567,0.0,55b8700d2ea4b6cf22f83326dd40aef09d5d9b30aa416ad35a28bf23a859d6d8
audit,adult_income,static_weighted_ensemble,label_noise,0.1,audit,3,0.855036855036855,1.232595164407831e-32,98523d068f6776d0b571f925d4329b351aa9fd513826970f575ac75b9b2d58b7
audit,adult_income,veto_mavs,label_noise,0.1,audit,3,0.8566748566748567,0.0,1473a9ab602fb22c1760d5d1fdc598a5d063fde28045f4811c62ab8613b9629a
audit,adult_income,pure_mavs_gc,label_noise,0.1,audit,3,0.8533988533988534,0.0,5ffdb68181f432c7c527359738630953802a9280c5130a0215f73183152e822c
audit,adult_income,single_model,label_noise,0.1,shadow,2,0.855036855036855,0.0,f6a1fee2fa7364fe5e9608ad8fd9b17cd625bf3cf3f61d7a094759ae3bcc7bb4
audit,adult_income,mean_ensemble,label_noise,0.1,shadow,2,0.8566748566748567,0.0,c02cf1f4cd49400eb857f9e83cacb322ae78e7bc2c8d20fbc91a90b769c3c808
audit,adult_income,static_weighted_ensemble,label_noise,0.1,shadow,2,0.855036855036855,0.0,0ee7c1e2f511b6c3399707be4ade2a3c6f723f7411ad516c3adf5b9b44620a29
audit,adult_income,veto_mavs,label_noise,0.1,shadow,2,0.8566748566748567,0.0,b9951d58c70020c4f6d118cc2b5d15c88329c501f1693b680cc06b24d43b96ea
audit,adult_income,pure_mavs_gc,label_noise,0.1,shadow,2,0.8533988533988534,0.0,94f2ed7c7968b951de623dba2fdf06a817b39110f09e33f9d87046218478caa7
audit,adult_income,single_model,label_noise,0.2,audit,3,0.855036855036855,1.232595164407831e-32,579381c4dd354ebe434a365c937eb5f6917b5e29ec3f503339cecd8b8e5abe82
audit,adult_income,mean_ensemble,label_noise,0.2,audit,3,0.8566748566748567,0.0,62ea7fe9c8c9ae36e1c348d672b8261ff4e00dc39dcd01d580ace8bbcb06eb8f
audit,adult_income,static_weighted_ensemble,label_noise,0.2,audit,3,0.855036855036855,1.232595164407831e-32,e0fa01da274861f82b81fc3864349904d506a9665d4f16e17c4722afd4fe79ef
audit,adult_income,veto_mavs,label_noise,0.2,audit,3,0.8566748566748567,0.0,1d944c405f224b8bd06c6c7940084579839163acc4179cbeaa0172b45225cf65
audit,adult_income,pure_mavs_gc,label_noise,0.2,audit,3,0.8533988533988534,0.0,45028f2879a8ff5d625ac162c7d2330154f3a947427a025253bca0432704a9b4
audit,adult_income,single_model,label_noise,0.2,shadow,2,0.855036855036855,0.0,a7b3a60e4d419ecaf40988125c8d3b1ca9eb2d695815f5c112654300f27ee7a3
audit,adult_income,mean_ensemble,label_noise,0.2,shadow,2,0.8566748566748567,0.0,41b65ecf16ffd55dd824af4c15982306f8cd8ddf9d304a249a37d79055812475
audit,adult_income,static_weighted_ensemble,label_noise,0.2,shadow,2,0.855036855036855,0.0,795874d0f3b3a9c9b3202b39f709759f2cd88ce963a7c9e5a270135a9eb9c048
audit,adult_income,veto_mavs,label_noise,0.2,shadow,2,0.8566748566748567,0.0,c022dfc2fb13af748d8682fed617af72e850d16e7c697c798214d1a294fbeb0e
audit,adult_income,pure_mavs_gc,label_noise,0.2,shadow,2,0.8533988533988534,0.0,b3490d561094c1ebcccc4a697bae88f3554a01f0ad1e52cf55f804c48d092393
audit,adult_income,single_model,label_noise,0.4,audit,3,0.855036855036855,1.232595164407831e-32,7c907a0280f4a3ccf9c1063229d96bb81569bfe5405768fc6556043a99619e41
audit,adult_income,mean_ensemble,label_noise,0.4,audit,3,0.8566748566748567,0.0,d0d9575494a8b48f119585ecf4bd414a7173b04c5af0ba27417b2ee8a7ff468a
audit,adult_income,static_weighted_ensemble,label_noise,0.4,audit,3,0.855036855036855,1.232595164407831e-32,c1b72f287a84144ea0e0e56780487eb327ba01d6eb2ed8491d80cef6dd7d54d9
audit,adult_income,veto_mavs,label_noise,0.4,audit,3,0.8566748566748567,0.0,db14a01a07ca5bd2e4a983e4162a641ff2d9002da7ae0b8b46a6fa32441d7b48
audit,adult_income,pure_mavs_gc,label_noise,0.4,audit,3,0.8533988533988534,0.0,ff42b487bc1f7254bd448960c4f5b38f8b969ba0ad9f74ef9fcf3254c71b8832
audit,adult_income,single_model,label_noise,0.4,shadow,2,0.855036855036855,0.0,0894025326461de497ff4aec6ac17ec1493fcc93a393d9581998c80e8905c661
audit,adult_income,mean_ensemble,label_noise,0.4,shadow,2,0.8566748566748567,0.0,4120d26cbb563f69204c7c89b51a907169f5ae25b28d82e388ca6c860746f84c
audit,adult_income,static_weighted_ensemble,label_noise,0.4,shadow,2,0.855036855036855,0.0,2aa885237b488caa7304347613fe7e9ed05c8d069fc356a379d64466bed4bad8
audit,adult_income,veto_mavs,label_noise,0.4,shadow,2,0.8566748566748567,0.0,3a7d5c7f1f1bc0f7a0386d26cb3e56a1b9559428324697d3277714f31b7c006b
audit,adult_income,pure_mavs_gc,label_noise,0.4,shadow,2,0.8533988533988534,0.0,193cd6a5ef8300c323b4f8a1d47ab83d3f23bded2e91d4dc99fe6e14d7fa2b04
audit,adult_income,single_model,label_noise,0.6,audit,3,0.855036855036855,1.232595164407831e-32,4773a9c04ff726e569c31ba1ece624fb6ced6fcbfef15ba51e98a33d8543563c
audit,adult_income,mean_ensemble,label_noise,0.6,audit,3,0.8566748566748567,0.0,4cfb8fd47aa09fa2460af7bd4c2c550a943a90a663ef346413d543d9b763c348
audit,adult_income,static_weighted_ensemble,label_noise,0.6,audit,3,0.855036855036855,1.232595164407831e-32,d7ef1cf4295e5d1409fbc3e04dafc77b0c8afbc2965f7c56a530109ff853ab5a
audit,adult_income,veto_mavs,label_noise,0.6,audit,3,0.8566748566748567,0.0,b65ddbc0c93345eb9411d608c02e3302fa18a92d9d3bbe04aaad72f9cc7adcae
audit,adult_income,pure_mavs_gc,label_noise,0.6,audit,3,0.8533988533988534,0.0,e1ac3dc514cfef1550cf6b40c7703c517c3b27967c5a61b29bba68c78dc6e65d
audit,adult_income,single_model,label_noise,0.6,shadow,2,0.855036855036855,0.0,32a5cdbb784150691e7875993c397ee814cc79de919bf945aaed65a295834c5f
audit,adult_income,mean_ensemble,label_noise,0.6,shadow,2,0.8566748566748567,0.0,76f22ae8b11ae24de3112336ca30d7bb1f1d1e46a75d6519e65595a0803608d4
audit,adult_income,static_weighted_ensemble,label_noise,0.6,shadow,2,0.855036855036855,0.0,4ecdc497094ed8e9fbd9864b6a4981a32b8086682bf994fe17dcd447ec278b9a
audit,adult_income,veto_mavs,label_noise,0.6,shadow,2,0.8566748566748567,0.0,3c5624834cd935d60390ec0fc57ea4826eb8cfffdf26f57c7a8e6f5c68bc4fb4
audit,adult_income,pure_mavs_gc,label_noise,0.6,shadow,2,0.8533988533988534,0.0,e4b5edd5e397a26efc4e83f12e65f0a3295f31ef9cd044629b284ea525d4400d
audit,adult_income,single_model,label_noise,0.8,audit,3,0.855036855036855,1.232595164407831e-32,fd9e9322224ad143454570aae69407ddb96d4b41e058a155abb402852a835ce8
audit,adult_income,mean_ensemble,label_noise,0.8,audit,3,0.8566748566748567,0.0,f7531ee1d47e91e270e18d7043037cc88b39b7a88ae8d0febd1c085d98cc42f8
audit,adult_income,static_weighted_ensemble,label_noise,0.8,audit,3,0.855036855036855,1.232595164407831e-32,f76a95f6eb6de79125bb367266c09a46904181eafdb51df4047b44c24173f982
audit,adult_income,veto_mavs,label_noise,0.8,audit,3,0.8566748566748567,0.0,84ef25bd1cb776343f8abdb5e57e8619737462916d11840ab94bf89a4cdfc0c1
audit,adult_income,pure_mavs_gc,label_noise,0.8,audit,3,0.8533988533988534,0.0,6bc195825183e4352087ec3c83421dd421b60145afae73f43d122a7dadfa3804
audit,adult_income,single_model,label_noise,0.8,shadow,2,0.855036855036855,0.0,b9eb766e43f20e3db1d529c7d84414c5b8f78404444e6f8ae71f857b3763d913
audit,adult_income,mean_ensemble,label_noise,0.8,shadow,2,0.8566748566748567,0.0,325a806960ac89672f84f8fb3958f7b477c7bf7560323a02de01dfcf602c9962
audit,adult_income,static_weighted_ensemble,label_noise,0.8,shadow,2,0.855036855036855,0.0,49770a1fdbad1370faaf55b04bbfc3d152b95f2dae866f11e6bde447b1cc16c6
audit,adult_income,veto_mavs,label_noise,0.8,shadow,2,0.8566748566748567,0.0,eb67c109a6622bb0e427d8f16ead5e703f6f1429436be967acce644411d2f6af
audit,adult_income,pure_mavs_gc,label_noise,0.8,shadow,2,0.8533988533988534,0.0,d6ef46e74476b94ef4f4faf653f13ce685724b98095b34b19fc57e320f8bb918
audit,adult_income,single_model,label_noise,1.0,audit,3,0.855036855036855,1.232595164407831e-32,c54cde1ee9452ebdce0b94d01f62385bfc0767ea96fd1e2d93a08b23d5316752
audit,adult_income,mean_ensemble,label_noise,1.0,audit,3,0.8566748566748567,0.0,9b545396b44c872d8b958beb1fb8686bdda587a1cf0cdb0dbf908178ef5529d8
audit,adult_income,static_weighted_ensemble,label_noise,1.0,audit,3,0.855036855036855,1.232595164407831e-32,281462de03f4301d2f8922f49872f31480ba9206929352243a52d271ef93e8c9
audit,adult_income,veto_mavs,label_noise,1.0,audit,3,0.8566748566748567,0.0,c160bc7e140c74de666916cbf27d4789416a9514068dc535ab8ae91d587a924b
audit,adult_income,pure_mavs_gc,label_noise,1.0,audit,3,0.8533988533988534,0.0,2449cfe28900fc30ed9cc70972d68a0fecf33a99c2820ca5d7a45bb1226c0d9f
audit,adult_income,single_model,label_noise,1.0,shadow,2,0.855036855036855,0.0,b976252363201a66662f2c287affdee9cdadc047941d8c6316f0d0c282d773b0
audit,adult_income,mean_ensemble,label_noise,1.0,shadow,2,0.8566748566748567,0.0,e0350a7a26272c3a5d3f04d6f661c19e45030ec5a04d22afe1a15fb89440cbdd
audit,adult_income,static_weighted_ensemble,label_noise,1.0,shadow,2,0.855036855036855,0.0,c8d47b183b6c7f2dcac695fe80e7c6f3283b240d0bb6b9548219cda772f8bcc6
audit,adult_income,veto_mavs,label_noise,1.0,shadow,2,0.8566748566748567,0.0,e615226bf54606d209c9519021f1e90761da299bab3fa5217102e52b332cbd4b
audit,adult_income,pure_mavs_gc,label_noise,1.0,shadow,2,0.8533988533988534,0.0,fc8864baf4a09b90559857e8f9540cb7d69ba6271cd9e4889098fc9f004b96ad
audit,adult_income,single_model,confidence_distortion,0.0,audit,3,0.855036855036855,1.232595164407831e-32,1942d552563f351cc09bfbbcbe65fa48a6db94dd7c350d1250c5e9cd93e2cb0d
audit,adult_income,mean_ensemble,confidence_distortion,0.0,audit,3,0.8566748566748567,0.0,5d74bdfc91f0fdb5294268b379fc0d554cb4ed76020d7a95f4217f180f447e8c
audit,adult_income,static_weighted_ensemble,confidence_distortion,0.0,audit,3,0.855036855036855,1.232595164407831e-32,2604fb3e008f03c394ad7c67d399b4d11f1f7d25d2ef6e8b426d91b6cf80ce6a
audit,adult_income,veto_mavs,confidence_distortion,0.0,audit,3,0.8566748566748567,0.0,6392ea49325b026d5755e8ba6bcf22ae4b6e7d9e5cc1f281141dfe05edba7fcc
audit,adult_income,pure_mavs_gc,confidence_distortion,0.0,audit,3,0.8533988533988534,0.0,cdb1f53be37200e13f254ebed4b7595aeff8a6cde066cc7337dcf8002f866cd2
audit,adult_income,single_model,confidence_distortion,0.0,shadow,2,0.855036855036855,0.0,7736d1375b92d83726b9db59d96086473935ec15c046456bce1a91c66749b827
audit,adult_income,mean_ensemble,confidence_distortion,0.0,shadow,2,0.8566748566748567,0.0,b1f0c97a281679b4de33502ab14afea8391b5a1fbd70713f43158200e964df8b
audit,adult_income,static_weighted_ensemble,confidence_distortion,0.0,shadow,2,0.855036855036855,0.0,de97610f02f5a285c8ea14f7e397b1c732047bab586e6905d807048729269ff8
audit,adult_income,veto_mavs,confidence_distortion,0.0,shadow,2,0.8566748566748567,0.0,48c7b210e430e92b1a0efcfd2d84f83bc6e2e89362993823f0f4013921da2e21
audit,adult_income,pure_mavs_gc,confidence_distortion,0.0,shadow,2,0.8533988533988534,0.0,7caafa29c2e1c14da204a42fda0fdfc916bc669e8f57296ba6be992576315e03
audit,adult_income,single_model,confidence_distortion,0.05,audit,3,0.855036855036855,1.232595164407831e-32,6504bfdc44b79c28f83230e03fd49ac3dca621c36bdf2ad43f11e19da6d5ee88
audit,adult_income,mean_ensemble,confidence_distortion,0.05,audit,3,0.8562653562653563,0.0,e323a60aaa9ea026473b581aab2b39a960446d52f25013493765f38aa0c186e3
audit,adult_income,static_weighted_ensemble,confidence_distortion,0.05,audit,3,0.855036855036855,1.232595164407831e-32,e1be401eeed041090a3898a0430c5d99b1656b50b06244ac97812e47f1eea00f
audit,adult_income,veto_mavs,confidence_distortion,0.05,audit,3,0.8562653562653563,0.0,043c36af1ab97007f32297d9792fe489aece782763b9c17cb3fe554b48b37d7f
audit,adult_income,pure_mavs_gc,confidence_distortion,0.05,audit,3,0.8525798525798526,0.0,bd26e6af02841deffeab2b5e8b9ff9b84f89d7ceddc412a93807e36a531e0030
audit,adult_income,single_model,confidence_distortion,0.05,shadow,2,0.855036855036855,0.0,3b17c795d262845aa7b00e0e83f596a0ca4b86c6b0a200fd7993a6e3701c683b
audit,adult_income,mean_ensemble,confidence_distortion,0.05,shadow,2,0.8562653562653563,0.0,8b8169ce0ab7d62f72aa046c8a3449a72741cf621d4dfbdb025402f885b99bdc
audit,adult_income,static_weighted_ensemble,confidence_distortion,0.05,shadow,2,0.855036855036855,0.0,9c9547dfd72f1a74e82dacc0cf3f3a832caceb38dd5324c3c89cae7160d56eec
audit,adult_income,veto_mavs,confidence_distortion,0.05,shadow,2,0.8562653562653563,0.0,704b5ff79b3dd4ca3c433f01fb5fd9fb2323837488f3346bd63fbdad8193c572
audit,adult_income,pure_mavs_gc,confidence_distortion,0.05,shadow,2,0.8525798525798526,0.0,0e2fc17b9253fda0835e5551c2acb0e8ab56689af459449419d68acd979f47bf
audit,adult_income,single_model,confidence_distortion,0.1,audit,3,0.855036855036855,1.232595164407831e-32,eaf6dfe18bcc23bc11a4ce1767641d57c4fabd07e740e5b6c3d3005f5ee52b6b
audit,adult_income,mean_ensemble,confidence_distortion,0.1,audit,3,0.8562653562653563,0.0,e06bfb2b8ee7139beab842bc3b48790dee68c1ad8bac8a9e4271ca5225b976bd
audit,adult_income,static_weighted_ensemble,confidence_distortion,0.1,audit,3,0.855036855036855,1.232595164407831e-32,5ff5e091a7826f52741a6c37d4be060507b0642e026719c4d077a5156c3ca760
audit,adult_income,veto_mavs,confidence_distortion,0.1,audit,3,0.8562653562653563,0.0,fbc3776203df0059a5110770826390f4316d0d49959223d96a8a06481b06e593
audit,adult_income,pure_mavs_gc,confidence_distortion,0.1,audit,3,0.8497133497133497,0.0,a22af46e7973f3339d997a11c79b33df9ded2213a62cd45b7dc3e70f9e42fcdb
audit,adult_income,single_model,confidence_distortion,0.1,shadow,2,0.855036855036855,0.0,27f6304cbfc4d867b80dae3399136620791022852b6d97ef8d5c2bf27ecd9f4a
audit,adult_income,mean_ensemble,confidence_distortion,0.1,shadow,2,0.8562653562653563,0.0,3aa4984095d93a46bfbdfe268d57fd1e01e42bb7de73ec80a2f53d219191cdfe
audit,adult_income,static_weighted_ensemble,confidence_distortion,0.1,shadow,2,0.855036855036855,0.0,1d37165a4a67835f269fe1d4853a733b1da62c214daa365c376e1c6940a355bc
audit,adult_income,veto_mavs,confidence_distortion,0.1,shadow,2,0.8562653562653563,0.0,113d2ae2142e77512da8594cdda522e969e175860f1857c8b4361c18d236f10b
audit,adult_income,pure_mavs_gc,confidence_distortion,0.1,shadow,2,0.8497133497133497,0.0,8f9bb2d52a2eea70aec69503ad991dfa9d39e2f8a102332ca8a80973ccf6d342
audit,adult_income,single_model,confidence_distortion,0.2,audit,3,0.855036855036855,1.232595164407831e-32,c08daf1fff1c4c8820695ee47617c6123248810728bb637b3bd8e3a3bb343037
audit,adult_income,mean_ensemble,confidence_distortion,0.2,audit,3,0.8562653562653563,0.0,7964e8f889d0b285c3e2e06a440e12d09bcdcda76a93b9035b01d45677198906
audit,adult_income,static_weighted_ensemble,confidence_distortion,0.2,audit,3,0.855036855036855,1.232595164407831e-32,a0b74bfde3f02dec04d21bb65507d8f4caca4d2ef44f2af9ebcdb4e47223e0ac
audit,adult_income,veto_mavs,confidence_distortion,0.2,audit,3,0.8562653562653563,0.0,8b25157a8fb8fc942c65df582a9b927d76a38312476521d0a67766329b913ae4
audit,adult_income,pure_mavs_gc,confidence_distortion,0.2,audit,3,0.8497133497133497,0.0,67664bd0be0bef8ffee65bd445b4bb3b5e03f5006b249dd82366fdf51976dc38
audit,adult_income,single_model,confidence_distortion,0.2,shadow,2,0.855036855036855,0.0,6f5a259caf2244be22b52abae710661b83f0a2e081cbab45d28213b17b22c944
audit,adult_income,mean_ensemble,confidence_distortion,0.2,shadow,2,0.8562653562653563,0.0,d2c7768c66a0ad3968464c711d2f35b32774284f265e7ac93317bdd43d66d2a8
audit,adult_income,static_weighted_ensemble,confidence_distortion,0.2,shadow,2,0.855036855036855,0.0,80d2ceef52fafd79191284cfb2efcf038349b3448f590fba7e23d1a15368fd23
audit,adult_income,veto_mavs,confidence_distortion,0.2,shadow,2,0.8562653562653563,0.0,52018e014d55b6a6043ec63a81699a6db0843a059fb4f0c44164a91cca63cf76
audit,adult_income,pure_mavs_gc,confidence_distortion,0.2,shadow,2,0.8497133497133497,0.0,4d3acdcae5e4d74e84afbdd8dd822dfcd6c1d00d1923e99936bea3a01e14259f
audit,adult_income,single_model,confidence_distortion,0.4,audit,3,0.855036855036855,1.232595164407831e-32,7144b855a65ea5d31a12813f78b5148ac198a657540fcae115fce2b77a43e49a
audit,adult_income,mean_ensemble,confidence_distortion,0.4,audit,3,0.8562653562653563,0.0,eab94591e9f319211c272a4138c3fa7c93595d5eebe7209acb898009a16ce7f1
audit,adult_income,static_weighted_ensemble,confidence_distortion,0.4,audit,3,0.855036855036855,1.232595164407831e-32,9e73788b936ff396f592ab1a1be343148d01143b1b226e740dec40141d0b8bc4
audit,adult_income,veto_mavs,confidence_distortion,0.4,audit,3,0.8562653562653563,0.0,93b54cc719419f1bebd8e8bafde8dcaba0da1ebbe6caf47300229dee0f986447
audit,adult_income,pure_mavs_gc,confidence_distortion,0.4,audit,3,0.8472563472563472,1.232595164407831e-32,d58764c291a65a9557e814644729e9ada8a0fa36874555718aecfdf6291861e1
audit,adult_income,single_model,confidence_distortion,0.4,shadow,2,0.855036855036855,0.0,9f4076ea787931c900322d59e4e38563658b1ebd0f8b9c3562ff88a3b050f034
audit,adult_income,mean_ensemble,confidence_distortion,0.4,shadow,2,0.8562653562653563,0.0,f7b1b056663833524a0890e3f28c73764774e0557da57f6636e57c309fd2e18e
audit,adult_income,static_weighted_ensemble,confidence_distortion,0.4,shadow,2,0.855036855036855,0.0,abd2a32062febaa1e7be6d93b917d72a44efbb7878defbfa187c968c620a84bf
audit,adult_income,veto_mavs,confidence_distortion,0.4,shadow,2,0.8562653562653563,0.0,b427a2991e9230797fb6a8106230e1b163d7bbbae242791fec996ec0bb6941fa
audit,adult_income,pure_mavs_gc,confidence_distortion,0.4,shadow,2,0.8472563472563472,0.0,0ad68ac95db6e97c43925aae828c445f2084214a8a40dec25201b162f3ca0be0
audit,adult_income,single_model,confidence_distortion,0.6,audit,3,0.855036855036855,1.232595164407831e-32,234b0b94372b1402decd960bbd27b6e4ea98d4687215f95fd4444507702af064
audit,adult_income,mean_ensemble,confidence_distortion,0.6,audit,3,0.8562653562653563,0.0,2a47d2410ceea7404482e00676c5ea1c93112cd553b0df23646054fb8772d128
audit,adult_income,static_weighted_ensemble,confidence_distortion,0.6,audit,3,0.855036855036855,1.232595164407831e-32,43adad32d91cae9f583b317020f1f5b246cb6fd0b13b48f93497853506d05e42
audit,adult_income,veto_mavs,confidence_distortion,0.6,audit,3,0.8562653562653563,0.0,6dd89f3e5e8a947b957a0cbc32217b85af8837ececf9708f957268a697dff5f3
audit,adult_income,pure_mavs_gc,confidence_distortion,0.6,audit,3,0.8484848484848485,0.0,cf5237bb659d545a54fa3631a2ed5420fcfef94b7c97b0b5b6547687b12f4d33
audit,adult_income,single_model,confidence_distortion,0.6,shadow,2,0.855036855036855,0.0,a91f04536028a479baacdef9e751e0a60fbffd069e67ef62f72f4d148d96d501
audit,adult_income,mean_ensemble,confidence_distortion,0.6,shadow,2,0.8562653562653563,0.0,b63e39c18c15a89922b2738c5be01d0e86e376df63303cd08e8513e3303f39ff
audit,adult_income,static_weighted_ensemble,confidence_distortion,0.6,shadow,2,0.855036855036855,0.0,8a6cd1245aedd3bd9082894a621f8580c6f739c5ff123927ac047efb24e36582
audit,adult_income,veto_mavs,confidence_distortion,0.6,shadow,2,0.8562653562653563,0.0,bd31246478eb7b6ea6cefa30797a5f9b438c7a7dc98544db303cdcc86b6a2b69
audit,adult_income,pure_mavs_gc,confidence_distortion,0.6,shadow,2,0.8484848484848485,0.0,2d191c30e120146d8372b66917940088fc0cfef1f4668732f879bd6b596422f9
audit,adult_income,single_model,confidence_distortion,0.8,audit,3,0.855036855036855,1.232595164407831e-32,0ce6406b2dab64afd3bf7572e9c596864b22563896d84c3e7f3ef47bcf0674a4
audit,adult_income,mean_ensemble,confidence_distortion,0.8,audit,3,0.8562653562653563,0.0,9da660dcbb1b202eb8919656ab620c00b12c638869e55542f42891ca8a5f3996
audit,adult_income,static_weighted_ensemble,confidence_distortion,0.8,audit,3,0.855036855036855,1.232595164407831e-32,dac70f199418e5e477675987e41dca3e2ba4b97f132cc67b56a14e13f4b811e2
audit,adult_income,veto_mavs,confidence_distortion,0.8,audit,3,0.8562653562653563,0.0,d5ea3a6e204613f8de15456b2b42186050944fe5afd5600e31f5f42ff0b9a33d
audit,adult_income,pure_mavs_gc,confidence_distortion,0.8,audit,3,0.8439803439803439,0.0,8c455b83c6334efa852edb9f6c56b3efc0ddebd643c624e3285b4b8cd5925655
audit,adult_income,single_model,confidence_distortion,0.8,shadow,2,0.855036855036855,0.0,cc4bb4d9083128efbc4671b58b0c0c94bea76850d896336e611aab9cd60475cc
audit,adult_income,mean_ensemble,confidence_distortion,0.8,shadow,2,0.8562653562653563,0.0,01c01c7572a70a5ce0433694d03870d0060c961ffd62c3eed7602b591f2d5119
audit,adult_income,static_weighted_ensemble,confidence_distortion,0.8,shadow,2,0.855036855036855,0.0,dd7e0ebf2bcdeaeb933d54d741f0c59d3c3731d0673f1b51bf2c1e77cf1973b7
audit,adult_income,veto_mavs,confidence_distortion,0.8,shadow,2,0.8562653562653563,0.0,43d887d976d51b07f3ca7e74ddd5763277521ba556652bb5332b6f0c28874a3b
audit,adult_income,pure_mavs_gc,confidence_distortion,0.8,shadow,2,0.8439803439803439,0.0,e27740c48caad906d373a58898e739eaa2fd6854563c441e33a7c36779c459c2
audit,adult_income,single_model,confidence_distortion,1.0,audit,3,0.855036855036855,1.232595164407831e-32,f021e0ea8e0bb4f3ea47656fca941b8cc4357c1534d1c5e8e4fdd3efec0b584e
audit,adult_income,mean_ensemble,confidence_distortion,1.0,audit,3,0.8562653562653563,0.0,41877eb42a9e5a9e05571af4a24d2869d43c2b91d02e83a329f7ec573dd8cfaf
audit,adult_income,static_weighted_ensemble,confidence_distortion,1.0,audit,3,0.855036855036855,1.232595164407831e-32,06a6ed682e05b457322e9227c2708e17120fbb766c21f5e63dc813ffb9e73e52
audit,adult_income,veto_mavs,confidence_distortion,1.0,audit,3,0.8562653562653563,0.0,e6e386cb10a90fa1083de1536d9f6b4b37bbb32d526633c122913fdcc2034bf9
audit,adult_income,pure_mavs_gc,confidence_distortion,1.0,audit,3,0.8468468468468469,1.232595164407831e-32,f4c0898bf22df0bfb10410e16c1388e43fda6579e1857b239b7f58212105df07
audit,adult_income,single_model,confidence_distortion,1.0,shadow,2,0.855036855036855,0.0,216289c4c9141bb3256af08267dbb18941627313b03a32aaf7db8e539aacc405
audit,adult_income,mean_ensemble,confidence_distortion,1.0,shadow,2,0.8562653562653563,0.0,407492dc028ead74cc754ac8eaeb16fc2ac6b0e96752b05f8504c15d92b7557e
audit,adult_income,static_weighted_ensemble,confidence_distortion,1.0,shadow,2,0.855036855036855,0.0,5c1c77c240e06b5fd284f0e528eec1eea2eb591a24cdd96542cf6dafefb08f2f
audit,adult_income,veto_mavs,confidence_distortion,1.0,shadow,2,0.8562653562653563,0.0,74cc20cb25b4c835154df7bf7f6a99b8dca4cc32aae67c0869d33e3036013057
audit,adult_income,pure_mavs_gc,confidence_distortion,1.0,shadow,2,0.8468468468468469,0.0,38723bef0db7d212217e5cba2481feccf11a5eb6113d02e0bb110309da00b577
audit,adult_income,single_model,adversarial_confidence_inflation,0.0,audit,3,0.855036855036855,1.232595164407831e-32,4642589dcd606fa6d441329248e279a183b9f93a34901f3759d8246ac5986214
audit,adult_income,mean_ensemble,adversarial_confidence_inflation,0.0,audit,3,0.8566748566748567,0.0,7bca4a3a016ecb632555bcbb800019b7ced2c9d69725a2c6b612a5ad149337c4
audit,adult_income,static_weighted_ensemble,adversarial_confidence_inflation,0.0,audit,3,0.855036855036855,1.232595164407831e-32,879f4ced3fd19e95d51b82d4f2fd7220175695a5b303eb5e9214d0b21c647994
audit,adult_income,veto_mavs,adversarial_confidence_inflation,0.0,audit,3,0.8566748566748567,0.0,9ba0576f7bff18ca816c2276c00991dd86d6e06425b41a822bdce21edbcd38d5
audit,adult_income,pure_mavs_gc,adversarial_confidence_inflation,0.0,audit,3,0.8533988533988534,0.0,2a46002cef40cb445e41963ec58458a44d794e318669784df03464414f66dd91
audit,adult_income,single_model,adversarial_confidence_inflation,0.0,shadow,2,0.855036855036855,0.0,6e8408fad9b3aadbb58a4f1f92833a27ad788bbe8a53ed1ce263ecac000c81bd
audit,adult_income,mean_ensemble,adversarial_confidence_inflation,0.0,shadow,2,0.8566748566748567,0.0,1c5230455744dc2f472d2ed070df4bd6c06b0c6736d1e4d3eb625b95bd501afd
audit,adult_income,static_weighted_ensemble,adversarial_confidence_inflation,0.0,shadow,2,0.855036855036855,0.0,8cf43628e02e5436d0a50f8caed5abedf971e477e30cc09b58aba7ab7ab19208
audit,adult_income,veto_mavs,adversarial_confidence_inflation,0.0,shadow,2,0.8566748566748567,0.0,d795838ed0ac06cbd220c5a3dec29ced0b707f6f25c5c390863cfba13ce79d6c
audit,adult_income,pure_mavs_gc,adversarial_confidence_inflation,0.0,shadow,2,0.8533988533988534,0.0,b015c37ba33ac2379de6b6f78d339f6c41cde7f819eecc3e474d073b8d701762
audit,adult_income,single_model,adversarial_confidence_inflation,0.05,audit,3,0.855036855036855,1.232595164407831e-32,4a599802280d81384a5660486f19d5e72e0d067c01fcba78978ec86684dc1171
audit,adult_income,mean_ensemble,adversarial_confidence_inflation,0.05,audit,3,0.8558558558558559,0.0,ec420cdb47351ec7d31a81a1b82eeacde05a76e94fb59e92d7fcfee10c46168b
audit,adult_income,static_weighted_ensemble,adversarial_confidence_inflation,0.05,audit,3,0.8542178542178542,7.825560651113455e-07,212219877eb72a4e09c2280a36a273902a8fd621c92b6f25ce3838078c055561
audit,adult_income,veto_mavs,adversarial_confidence_inflation,0.05,audit,3,0.8558558558558559,0.0,4adb49d13a564eaea09d862d773047a98f8fc30ab389f02db362227dab2ad2b2
audit,adult_income,pure_mavs_gc,adversarial_confidence_inflation,0.05,audit,3,0.8533988533988534,0.0,b2a4bf95bb5244a1f2884128981cc71f41bbc0fd0e6bf36b4c09a08a6f38fccd
audit,adult_income,single_model,adversarial_confidence_inflation,0.05,shadow,2,0.855036855036855,0.0,2c2a24759351f447c19b49f1e44245090cc17d1659c8e81dec9276b0d51809b0
audit,adult_income,mean_ensemble,adversarial_confidence_inflation,0.05,shadow,2,0.8564701064701065,4.1922646345245776e-08,b228fd561d501ea662d37bc53ccae04a2aef1595f7595718e0d6eb62bb4d087a
audit,adult_income,static_weighted_ensemble,adversarial_confidence_inflation,0.05,shadow,2,0.8546273546273546,1.676905853809831e-07,7ed06c0aa27bd97e375fffe393ccd3670e74a7c924e423291e16f3216e68f01d
audit,adult_income,veto_mavs,adversarial_confidence_inflation,0.05,shadow,2,0.8564701064701065,4.1922646345245776e-08,850b82b58e8f870706eed352af71a40446405f80bd94cd5b4804a843d0bff73c
audit,adult_income,pure_mavs_gc,adversarial_confidence_inflation,0.05,shadow,2,0.8533988533988534,0.0,aa6634bc87893b0b929f328aabe52567560f2098549a25008ada9d11ddd4ac3f
audit,adult_income,single_model,adversarial_confidence_inflation,0.1,audit,3,0.855036855036855,1.232595164407831e-32,be786c7059d160ecaabe0ecdc48047d942960457a03032f86e9316aca8f5fc41
audit,adult_income,mean_ensemble,adversarial_confidence_inflation,0.1,audit,3,0.8558558558558559,0.0,baf3e711434a518fa9e6b50cbd0c2617149443f226d8a85b2881db259d8d20d1
audit,adult_income,static_weighted_ensemble,adversarial_confidence_inflation,0.1,audit,3,0.8538083538083537,3.353811707620269e-07,a296bb8987470ff62ff3148495c464a364ad5bafd49982617dad4766c23320ce
audit,adult_income,veto_mavs,adversarial_confidence_inflation,0.1,audit,3,0.8558558558558559,0.0,466fe759e13686be87bdf246a32c66e7fab7c3737913daf191af4eddc57271c7
audit,adult_income,pure_mavs_gc,adversarial_confidence_inflation,0.1,audit,3,0.8523068523068523,4.844394688784664e-07,56d70e60143e1bc8c342a7dee0366cde5716d6503300d07677fa913f23b9d49e
audit,adult_income,single_model,adversarial_confidence_inflation,0.1,shadow,2,0.855036855036855,0.0,807e99181b3f3b6d4d7221210c95d0a039d4407697fd6326da2278d959493562
audit,adult_income,mean_ensemble,adversarial_confidence_inflation,0.1,shadow,2,0.8562653562653563,0.0,06509f48ffe4e2c9e213cc6ac0cf1948f97d68f107c5b430b1d483fa0482d3dd
audit,adult_income,static_weighted_ensemble,adversarial_confidence_inflation,0.1,shadow,2,0.8538083538083538,6.707623415240234e-07,82fc0499732afecc7ca56ad66a031b23ac6e44954bbacf1321c8e8d9a2928835
audit,adult_income,veto_mavs,adversarial_confidence_inflation,0.1,shadow,2,0.8562653562653563,0.0,83bbec2d801f4b73cd9b36be42cb5889eeb538860fc624243dc63cfbfee1e313
audit,adult_income,pure_mavs_gc,adversarial_confidence_inflation,0.1,shadow,2,0.8527846027846028,4.1922646345245776e-08,810904c8b667abf56802266fc4792e3cb7623beb38769f517773adfe6269a917
audit,adult_income,single_model,adversarial_confidence_inflation,0.2,audit,3,0.855036855036855,1.232595164407831e-32,82a4aa52e91fe5c1de9d74e62470899869a7b3dfac0f95832b97a6a54dbd0f2b
audit,adult_income,mean_ensemble,adversarial_confidence_inflation,0.2,audit,3,0.854900354900355,5.962331924657986e-07,406135c6d543680303d7b00244029209451837cfae3b742242ebb7d4c1d322ed
audit,adult_income,static_weighted_ensemble,adversarial_confidence_inflation,0.2,audit,3,0.8536718536718536,1.4905829811646987e-07,a278a89320b0bca6ded8dede0562bb8c7107f12f0264ee3152d8173a42259eba
audit,adult_income,veto_mavs,adversarial_confidence_inflation,0.2,audit,3,0.854900354900355,5.962331924657986e-07,145a882d87c9397ade426fdca21747dff443e39deb89277c71dd4806465ffc9d
audit,adult_income,pure_mavs_gc,adversarial_confidence_inflation,0.2,audit,3,0.8518973518973519,1.0434080868151072e-06,0906823c9b0163333f1c1b188ac81388e1e1de653b7cc2b9c27c758737db6f14
audit,adult_income,single_model,adversarial_confidence_inflation,0.2,shadow,2,0.855036855036855,0.0,351e4f8a6060ec5ce73eb5e9a5f1407acd04e7957575f513f3be2ef18a3c446f
audit,adult_income,mean_ensemble,adversarial_confidence_inflation,0.2,shadow,2,0.8538083538083538,0.0,7b5a68e50c56ae780771a49e3d1d1df0827d35e5029115ffbc17579df02f62b1
audit,adult_income,static_weighted_ensemble,adversarial_confidence_inflation,0.2,shadow,2,0.8531941031941032,4.1922646345245776e-08,aefc6b4ca4710a956de5701a4bbcbfe18ce4e67b6c91f02e84fb8a94387f37f7
audit,adult_income,veto_mavs,adversarial_confidence_inflation,0.2,shadow,2,0.8538083538083538,0.0,73df39567f18b5b03e6c64dc0770e44738932fcacd2487377799e481b69fa43a
audit,adult_income,pure_mavs_gc,adversarial_confidence_inflation,0.2,shadow,2,0.8509418509418509,1.676905853809831e-07,c1f1518ffce141fd5c1a2eed48c042c2b84cc8560ecc36550e09b5712042d38b
audit,adult_income,single_model,adversarial_confidence_inflation,0.4,audit,3,0.855036855036855,1.232595164407831e-32,82689fab3aaf6c79f2bbc8d3f5da544cf137904dd2eec1c97310b91836e529c9
audit,adult_income,mean_ensemble,adversarial_confidence_inflation,0.4,audit,3,0.8471198471198471,2.6085202170375154e-07,52f3f741aa6907104cedd5e89c36da52637b959e891dad39539172fdfc1536c9
audit,adult_income,static_weighted_ensemble,adversarial_confidence_inflation,0.4,audit,3,0.8494403494403494,2.6085202170380204e-07,0b013b00381004465c6e8c87ddeefc1361550d26ffd3d4ffd953ca026ea6c66e
audit,adult_income,veto_mavs,adversarial_confidence_inflation,0.4,audit,3,0.8471198471198471,2.6085202170375154e-07,0a70dde099368099b5ae29189c2b1a29d256d85e18cc20b08724f4a83b98a4e7
audit,adult_income,pure_mavs_gc,adversarial_confidence_inflation,0.4,audit,3,0.8473928473928474,4.844394688784461e-07,143d391aa1f5ed1b1c240b8489e24975232a0b803049767fcd4a39f61ee306d8
audit,adult_income,single_model,adversarial_confidence_inflation,0.4,shadow,2,0.855036855036855,0.0,43c5c8b0b2a3b5c7a35afbfb2e3b4e0e292f9e916c7524e1d816160de8b2e436
audit,adult_income,mean_ensemble,adversarial_confidence_inflation,0.4,shadow,2,0.8464373464373465,1.6769058538102858e-07,53168acabbb72c485b2cf131eaa7e9c79915b7485d67545d9b60b95c7d1dd6f9
audit,adult_income,static_weighted_ensemble,adversarial_confidence_inflation,0.4,shadow,2,0.848075348075348,1.5092152684289845e-06,fd3e1355f6a5a7440eb101be2e4c735854afb94ab43b2f5fff933bd1987a325d
audit,adult_income,veto_mavs,adversarial_confidence_inflation,0.4,shadow,2,0.8464373464373465,1.6769058538102858e-07,789ef5eaa5cfd9cdaa264b110bbe59675b7ec4c380e7634ee127c55b8a38f87a
audit,adult_income,pure_mavs_gc,adversarial_confidence_inflation,0.4,shadow,2,0.8466420966420967,4.1922646345245776e-08,cced25eeb718f351027adf4145609dfa8087ecf0d96e6a2ec01751d4e3c0ee42
audit,adult_income,single_model,adversarial_confidence_inflation,0.6,audit,3,0.855036855036855,1.232595164407831e-32,78e5209a0967d58db07fa911d5c27e2d4aad8122805ecfb8348edaecde3c49e9
audit,adult_income,mean_ensemble,adversarial_confidence_inflation,0.6,audit,3,0.8398853398853399,2.794843089683355e-06,85bfa98b62a8b20c99c7e57eba12fcaa62af455532e2c014cfd9f28c035c531f
audit,adult_income,static_weighted_ensemble,adversarial_confidence_inflation,0.6,audit,3,0.8450723450723451,1.3787892575771843e-06,d6aa953f377cf0e812c09a38c3060b661c2ee443958e208d90f6412556ca5890
audit,adult_income,veto_mavs,adversarial_confidence_inflation,0.6,audit,3,0.8398853398853399,2.794843089683355e-06,02443b49e9d501cd7313438a8f786b1f8457b23ca63a6f589c548f18198fa4ba
audit,adult_income,pure_mavs_gc,adversarial_confidence_inflation,0.6,audit,3,0.8412503412503413,5.962331924657177e-07,657b9aee043fe34eca5f57dce800149cc91c8ff17592da8f67d59faff0d3e0a4
audit,adult_income,single_model,adversarial_confidence_inflation,0.6,shadow,2,0.855036855036855,0.0,9460f9847cc0b3ef5ad47b2e9c92d3d80036509626361d9fcc303cbfcea3873f
audit,adult_income,mean_ensemble,adversarial_confidence_inflation,0.6,shadow,2,0.8368140868140868,1.0480661586312581e-06,f53081fa1286d00f1bd1c3f92768eb53303c05e577374b584f8451254446764a
audit,adult_income,static_weighted_ensemble,adversarial_confidence_inflation,0.6,shadow,2,0.8433660933660934,3.7730381710721203e-07,df4977384ec7d22ea8c0ace60748b312e6a0e360b7817a5f9c04400bec9d7e0e
audit,adult_income,veto_mavs,adversarial_confidence_inflation,0.6,shadow,2,0.8368140868140868,1.0480661586312581e-06,d9f8de34da0bf6923872b8770e7aebb0f642016f3fc5cb92e6372e84c69caf13
audit,adult_income,pure_mavs_gc,adversarial_confidence_inflation,0.6,shadow,2,0.8407043407043406,6.707623415240234e-07,91b1e21f24e4a33e43b5544d00d0b7d372ced6572584a68ed38a3ea3b00c3bdc
audit,adult_income,single_model,adversarial_confidence_inflation,0.8,audit,3,0.855036855036855,1.232595164407831e-32,d748cf72fc7454a4b60e5f7044f4283078bd0fe3c945c31061f71cab9d701399
audit,adult_income,mean_ensemble,adversarial_confidence_inflation,0.8,audit,3,0.8323778323778324,1.8259641519265433e-06,5bbd5f5c1226b38f101e691d946713bfda1584e47b17f56c6d5f6a5de94913a0
audit,adult_income,static_weighted_ensemble,adversarial_confidence_inflation,0.8,audit,3,0.8411138411138411,1.1179372358732207e-07,43606628a0828fb8a4fdc5a83ce15d2f26f630e026e71bc71d2d5d10a508267b
audit,adult_income,veto_mavs,adversarial_confidence_inflation,0.8,audit,3,0.8323778323778324,1.8259641519265433e-06,fb2f18265296bce1be7158efb3ad82b723f2d84e243da9bf8ca0bc1c3d09ebae
audit,adult_income,pure_mavs_gc,adversarial_confidence_inflation,0.8,audit,3,0.8346983346983347,7.080269160531206e-07,ceb3ea21a8d9ceec200811fbb20c094c75e015d26569d7e9de1c6e1645ebb971
audit,adult_income,single_model,adversarial_confidence_inflation,0.8,shadow,2,0.855036855036855,0.0,4b370160eb04627b509646ba32141fe392a1d659c307816f6213598161140386
audit,adult_income,mean_ensemble,adversarial_confidence_inflation,0.8,shadow,2,0.8314905814905815,4.1922646345245776e-08,9474292ca407c7b55b9b77adfecf928dabd18504e463cc713853900935e72517
audit,adult_income,static_weighted_ensemble,adversarial_confidence_inflation,0.8,shadow,2,0.8400900900900901,2.0542096709172023e-06,4a85817ea35e9fa91a91c1dab9334b88bc9ff8ff61e66c96ccad6b92ca47a0e4
audit,adult_income,veto_mavs,adversarial_confidence_inflation,0.8,shadow,2,0.8314905814905815,4.1922646345245776e-08,d4bdb4731716ef2b22cb6b1f68ce843672062dca48083127e13c36a302b7551a
audit,adult_income,pure_mavs_gc,adversarial_confidence_inflation,0.8,shadow,2,0.8355855855855856,4.1922646345245776e-08,c508fb8e3d8fabf7ea2e721c076d28c26bfa52237052fce94e31a1fc7a7269fe
audit,adult_income,single_model,adversarial_confidence_inflation,1.0,audit,3,0.855036855036855,1.232595164407831e-32,abd77bf3d09128e0e7ea6cb70609a3432cfcd53407ce87b507517bad7752b04f
audit,adult_income,mean_ensemble,adversarial_confidence_inflation,1.0,audit,3,0.8255528255528255,1.232595164407831e-32,872a0f33d4d6684e622c0f4c9f3b748065f1789d19a540d5453827505c5894b0
audit,adult_income,static_weighted_ensemble,adversarial_confidence_inflation,1.0,audit,3,0.8370188370188371,0.0,dc9e17f117c43946b8ca2a1685645e43304ac45eb9b409b4057a44553ee0c838
audit,adult_income,veto_mavs,adversarial_confidence_inflation,1.0,audit,3,0.8255528255528255,1.232595164407831e-32,5251a83015da123cff0ab7d9d716a082f886751d400219f93322a7ad61c97f23
audit,adult_income,pure_mavs_gc,adversarial_confidence_inflation,1.0,audit,3,0.8300573300573301,0.0,6a5a59be5881aa6741d530542fb0476d4b4f3bc08ac6bb8acb2e229264e326ba
audit,adult_income,single_model,adversarial_confidence_inflation,1.0,shadow,2,0.855036855036855,0.0,35ab8904ff3e3c7ea11a2a433ccd8e90954a4f9f35c8cd0b5493cf521994d24c
audit,adult_income,mean_ensemble,adversarial_confidence_inflation,1.0,shadow,2,0.8255528255528255,0.0,9869bc69d05e0013ce5134ff55ef82235078b10239a9ed2c42dc5f74cc11ff38
audit,adult_income,static_weighted_ensemble,adversarial_confidence_inflation,1.0,shadow,2,0.8370188370188371,0.0,9576fef09f75e5fa27134727a992d7f3c9ca5cd20b606bd58f69a1c755ae0bd8
audit,adult_income,veto_mavs,adversarial_confidence_inflation,1.0,shadow,2,0.8255528255528255,0.0,459292c3a0921d83a9c849ba14f8c45865fbd8eb21a274427425f44609968d17
audit,adult_income,pure_mavs_gc,adversarial_confidence_inflation,1.0,shadow,2,0.8300573300573301,0.0,0c9f990762bd7e62cf39c1736a5b816c366f7262d607a4d41eb10d779cb52d6e
audit,adult_income,single_model,distribution_shift,0.0,audit,3,0.855036855036855,1.232595164407831e-32,1d7b9166803f2e1e5d8359b25987da520d5cf9b0e6e33d9687a4a749cbbe61b3
audit,adult_income,mean_ensemble,distribution_shift,0.0,audit,3,0.8566748566748567,0.0,3232590b03c6dd1fd43a1a58913f897d1197d2518cc876101de7776e8f2562e2
audit,adult_income,static_weighted_ensemble,distribution_shift,0.0,audit,3,0.855036855036855,1.232595164407831e-32,8e5076d61360d0e9f3117102d72be56e3d842a9bc8f4089c4150ce17efef3463
audit,adult_income,veto_mavs,distribution_shift,0.0,audit,3,0.8566748566748567,0.0,8788ecf796782b6f46f3d4b0782dbde209a45484b089116a11b3f6e2cbe5214f
audit,adult_income,pure_mavs_gc,distribution_shift,0.0,audit,3,0.8533988533988534,0.0,98449fcb3bfe2d0ef90af50740c2baa966db31e348a35bcb57cc574d620f690a
audit,adult_income,single_model,distribution_shift,0.0,shadow,2,0.855036855036855,0.0,2db55d3463e1567eeac9870f1f65f760a0cd4eb8a465a2f14412ef10d46cb0c3
audit,adult_income,mean_ensemble,distribution_shift,0.0,shadow,2,0.8566748566748567,0.0,881eaf0b3b0a7c1d659433db17d2cd923ee8b9969b39df60ad97dcc52a4a0336
audit,adult_income,static_weighted_ensemble,distribution_shift,0.0,shadow,2,0.855036855036855,0.0,db9ad699a9abb250ab0114c89984cf8647734bc339f12feabb7631a96ad0fd73
audit,adult_income,veto_mavs,distribution_shift,0.0,shadow,2,0.8566748566748567,0.0,a80c6331395504f98e96a2124d99fb778830a32a540218658959ae9d71c00afb
audit,adult_income,pure_mavs_gc,distribution_shift,0.0,shadow,2,0.8533988533988534,0.0,92d8ec02ae41de926c7c088f97bb8634d5cc0ccff2f6883e2e5a221880ed15ea
audit,adult_income,single_model,distribution_shift,0.05,audit,3,0.856961489631824,0.0,b1c98f1536b40d652856f1019914cb2c61b99fc7eadf8dd6178da986c7242d41
audit,adult_income,mean_ensemble,distribution_shift,0.05,audit,3,0.8586542530681337,0.0,248b49a745d3d264ca7b458a2578516caa61c2a9d69339923351641c80d75c4d
audit,adult_income,static_weighted_ensemble,distribution_shift,0.05,audit,3,0.856961489631824,0.0,608fa7fffe47f2cc357fc6e3c087c1b9f457f6e9217f15ac3af3adda620dc8ef
audit,adult_income,veto_mavs,distribution_shift,0.05,audit,3,0.8586542530681337,0.0,c302001ceba7111a946c96f3f940b47996fedaf76dedab46ebe89388e19bbf11
audit,adult_income,pure_mavs_gc,distribution_shift,0.05,audit,3,0.8544223444773593,1.232595164407831e-32,8645bea7dffc893f5d66ce6762f7eff941e9a8a2c2ccf575567cadd0f0e677a1
audit,adult_income,single_model,distribution_shift,0.05,shadow,2,0.856961489631824,0.0,648f6b69100e8b222fb14bed534ec4484fc594db81d59aea580b3c8cebabf49d
audit,adult_income,mean_ensemble,distribution_shift,0.05,shadow,2,0.8586542530681337,0.0,3f46f954b7a77a274ab03d699240eda678f30f3b31684c62ee99a597c135ff58
audit,adult_income,static_weighted_ensemble,distribution_shift,0.05,shadow,2,0.856961489631824,0.0,9a5d64114ced2df238d72a1095bbdae3fb38b53e8329bbbcc69a4b597b43d227
audit,adult_income,veto_mavs,distribution_shift,0.05,shadow,2,0.8586542530681337,0.0,4e810edc6b34620ca408b5863fe2660acca5f60b146884739c00af438309de36
audit,adult_income,pure_mavs_gc,distribution_shift,0.05,shadow,2,0.8544223444773593,0.0,dfe873597f852809fee9ad714654abd597e81619eaa7fda923acc4c4d32e8276
audit,adult_income,single_model,distribution_shift,0.1,audit,3,0.8555166374781086,0.0,0544008767a8ed1bf9087f0de412b8a761b7434fad1975c977ce918b4b94a767
audit,adult_income,mean_ensemble,distribution_shift,0.1,audit,3,0.8577057793345009,1.232595164407831e-32,62be84dc7982b9236c75dd4efd871df1eac57676ec4d72ba0b8dbf07f4333259
audit,adult_income,static_weighted_ensemble,distribution_shift,0.1,audit,3,0.8559544658493871,0.0,f7fb04b2449d20156ce901981461837da43deac918bd747a29db2f9b2f214092
audit,adult_income,veto_mavs,distribution_shift,0.1,audit,3,0.8577057793345009,1.232595164407831e-32,2ee199f337a6212428392a2d551eded15507741c6f8f8179376950c5ca0cc707
audit,adult_income,pure_mavs_gc,distribution_shift,0.1,audit,3,0.8533274956217163,0.0,fcb8b718288c874e9c3a2280a61c0212800ee1b51849f586a6abc8504a7dfedf
audit,adult_income,single_model,distribution_shift,0.1,shadow,2,0.8555166374781086,0.0,a92069bcc7e72f81442952f94434254e739d813bff297f272ccf276dcdae5f2c
audit,adult_income,mean_ensemble,distribution_shift,0.1,shadow,2,0.8577057793345009,0.0,37a6e63e9f3f8922a62ee50796a9f0d7da76ef1e5ab18945dc16b6db3d98fa43
audit,adult_income,static_weighted_ensemble,distribution_shift,0.1,shadow,2,0.8559544658493871,0.0,f8ea4af0e800bcccf14eaaacca5ff34ddf7bad65797cbc951da2af0dc0abb340
audit,adult_income,veto_mavs,distribution_shift,0.1,shadow,2,0.8577057793345009,0.0,8bf92c51ff4e0dbcd34dbb76dd8b8648246db7488cc143e3f8b69e6ba173e05c
audit,adult_income,pure_mavs_gc,distribution_shift,0.1,shadow,2,0.8533274956217163,0.0,d6f4f46ff22559ac27b57d29557b86e37987e06e654bb44d21c7d47a47694326
audit,adult_income,single_model,distribution_shift,0.2,audit,3,0.8545882352941176,0.0,aeb9450a6c9ab4330ded48036cf8d99d92e125ef1c1076abfd6e289e712223c9
audit,adult_income,mean_ensemble,distribution_shift,0.2,audit,3,0.8569411764705882,0.0,df19acdaa74027786d7659c59fcb58c0c59972904cc458835a4b3ff4180912b2
audit,adult_income,static_weighted_ensemble,distribution_shift,0.2,audit,3,0.8550588235294118,0.0,9d01c65d9a96f4d17bdbd676faad668de3af27fc2ac3e310ac83f3e049cfc4a6
audit,adult_income,veto_mavs,distribution_shift,0.2,audit,3,0.8569411764705882,0.0,a1f8cc05b8d11c4407899eb210f373b0cc29b44e8eaa37fac8069a64e09d8434
audit,adult_income,pure_mavs_gc,distribution_shift,0.2,audit,3,0.8527058823529412,0.0,d635ca76ad5b6569b992b4ad41ab6ff4e1b53e11119523b3868152bc5cf90929
audit,adult_income,single_model,distribution_shift,0.2,shadow,2,0.8545882352941176,0.0,2d764711bafb6bf945a3af144dc5926161cd77f47187fdddf6bd3ed3957ffc1c
audit,adult_income,mean_ensemble,distribution_shift,0.2,shadow,2,0.8569411764705882,0.0,f0cf0eb44924cef5e083355b39fec1d5e193bdbe5d7819c351dc42e758f93363
audit,adult_income,static_weighted_ensemble,distribution_shift,0.2,shadow,2,0.8550588235294118,0.0,71fcc56893d1b3c06a5f57852297fb76abd3f05f374e357328ff89f2fee870d1
audit,adult_income,veto_mavs,distribution_shift,0.2,shadow,2,0.8569411764705882,0.0,0a12bb13a78bdf828e09e6eba8e085833c7ec3ed9c0a9ef68ef7f3bc47053c47
audit,adult_income,pure_mavs_gc,distribution_shift,0.2,shadow,2,0.8527058823529412,0.0,d97ca2e803b06219aea958dc5b41b8454b0f5063a134ba826bdf3d50ee2e542c
audit,adult_income,single_model,distribution_shift,0.4,audit,3,0.8639380530973452,0.0,d36f70048c154bbf640731cb83b1b33f05a88eef7a62133fee98b1db980a5e9f
audit,adult_income,mean_ensemble,distribution_shift,0.4,audit,3,0.8655973451327433,0.0,bf5d7f5aa2dd3b57491047a1bffa6725b53a5a25e256b69552110ab838d68589
audit,adult_income,static_weighted_ensemble,distribution_shift,0.4,audit,3,0.8639380530973452,0.0,c7ccc3b902cfc614fcf90be30ec7af9d4735f2f8e3a93db0d5f82bb3997efe30
audit,adult_income,veto_mavs,distribution_shift,0.4,audit,3,0.8655973451327433,0.0,51c20439867ef54919ff568ff3bf44c7dc4e36b6057afd17311caf3fc4e645d2
audit,adult_income,pure_mavs_gc,distribution_shift,0.4,audit,3,0.8617256637168141,0.0,d1da185aaaac855698170ea9c99999c343c1b9a3ec04f8c86242ad30def996fd
audit,adult_income,single_model,distribution_shift,0.4,shadow,2,0.8639380530973452,0.0,3da57708a163c0ac05cd1e9f045d1d125afac6e22f57db643251b50ed0cd6b57
audit,adult_income,mean_ensemble,distribution_shift,0.4,shadow,2,0.8655973451327433,0.0,44040705796207da20a3027e884b1c9ef508b658557585b1d9c3135a4bc21e55
audit,adult_income,static_weighted_ensemble,distribution_shift,0.4,shadow,2,0.8639380530973452,0.0,89470e8f4f993d957d09d031540c28191fbd07a99e15796dae5e924cb2ef3da7
audit,adult_income,veto_mavs,distribution_shift,0.4,shadow,2,0.8655973451327433,0.0,4e22d4d968fab646afcce8d39a20539b04d786b7f960f26bf2335c1aaa3edea4
audit,adult_income,pure_mavs_gc,distribution_shift,0.4,shadow,2,0.8617256637168141,0.0,ed01b930831d17bd8d8d4a9f2858a03793e484a4f644990dde9c38becb6af138
audit,adult_income,single_model,distribution_shift,0.6,audit,3,0.8651006711409396,0.0,f78762d0b78c917cf5f036c2a4a83e044f61be2cea7b79076fb65ac78b2aac89
audit,adult_income,mean_ensemble,distribution_shift,0.6,audit,3,0.8691275167785235,1.232595164407831e-32,9dfea249d6478c5933575f2fb864248da402bdf77637e27e8b6508c95353ee35
audit,adult_income,static_weighted_ensemble,distribution_shift,0.6,audit,3,0.8657718120805369,1.232595164407831e-32,4902d348ab580952870775fcc4a743f3a88ed24f3bd7bd8b144409999dd84e19
audit,adult_income,veto_mavs,distribution_shift,0.6,audit,3,0.8691275167785235,1.232595164407831e-32,bbfe9ab79dbffb8e04d7cbfd9ef89d7c97a8a29a9defabe7885928389fba8428
audit,adult_income,pure_mavs_gc,distribution_shift,0.6,audit,3,0.8664429530201342,0.0,e05ea0d56f26f31a16334c7cb86f1878f5812066ed06d861510d2960e380cbde
audit,adult_income,single_model,distribution_shift,0.6,shadow,2,0.8651006711409396,0.0,34dcdcea58514cb7a981bb28e93645873a25d82badd5518178f8734035a8ac56
audit,adult_income,mean_ensemble,distribution_shift,0.6,shadow,2,0.8691275167785235,0.0,2257325a5c4e4b531e2ac383ed04eeab076659cc0f991cd1662ebee6f8914da0
audit,adult_income,static_weighted_ensemble,distribution_shift,0.6,shadow,2,0.8657718120805369,0.0,817cdedef42fb628bccf60e0d19c71ad408e2818f5b2155b4498eea6e691c0ce
audit,adult_income,veto_mavs,distribution_shift,0.6,shadow,2,0.8691275167785235,0.0,d1b71ac9e64c8e79db7b38b3ec6cb29116aaab0824963be72a1d93cab461f25a
audit,adult_income,pure_mavs_gc,distribution_shift,0.6,shadow,2,0.8664429530201342,0.0,080fb47b4b1bd4a20d38d2bfc94c40b78e61c2c1e63349e534c9fab33af1c4a2
audit,adult_income,single_model,distribution_shift,0.8,audit,3,0.8772378516624041,0.0,8285ce56e7452aadea935b4a496b049eed530db95a1080c59a658ee234b0bcd6
audit,adult_income,mean_ensemble,distribution_shift,0.8,audit,3,0.8823529411764706,0.0,0ea32082e1ee7a036735c39194752b515d6cc631b2e57d8147192bb8ccb626ba
audit,adult_income,static_weighted_ensemble,distribution_shift,0.8,audit,3,0.8772378516624041,0.0,afc681d2035444feecf956340548d1801a1765f325cae4d7635ea1707dd406aa
audit,adult_income,veto_mavs,distribution_shift,0.8,audit,3,0.8823529411764706,0.0,533a97f448c0aceaef878a7c16366044e24c4056fe90e0f0043f84094009938f
audit,adult_income,pure_mavs_gc,distribution_shift,0.8,audit,3,0.8772378516624041,0.0,fb21ea4a4d09ee9b59409a34a0795aa8af5a1f541e2102de453d91c5a050c5db
audit,adult_income,single_model,distribution_shift,0.8,shadow,2,0.8772378516624041,0.0,92d454352cb38b7a15c9cdf3cd1c16fc37369f679cd86370b1e190837c2a5ad5
audit,adult_income,mean_ensemble,distribution_shift,0.8,shadow,2,0.8823529411764706,0.0,fe6af9bb428e834efd5433dbba56f9c0112d5f6584fb64d282b201a4d29f8239
audit,adult_income,static_weighted_ensemble,distribution_shift,0.8,shadow,2,0.8772378516624041,0.0,543664dd2bd2e2fccebed315f2d862bc0941253714ca1d9b1aa58175e1eea25a
audit,adult_income,veto_mavs,distribution_shift,0.8,shadow,2,0.8823529411764706,0.0,4284bbdf6f02dd85b61ea0208d3e7afa734fa67457951d4b461065671f56a470
audit,adult_income,pure_mavs_gc,distribution_shift,0.8,shadow,2,0.8772378516624041,0.0,98b75c3c28682f88b6deb42c82ef611f09eb5e429075c57b6652ce157fe961a6
audit,adult_income,single_model,distribution_shift,1.0,audit,3,0.8842105263157894,0.0,41ddcda68c678b7a36211432a915725be23bfea157c118c24670abb944bca10e
audit,adult_income,mean_ensemble,distribution_shift,1.0,audit,3,0.8947368421052632,0.0,6d3aadb3c1949005a085abd1840218251da7558dba5f96275eaaaa526b6433a9
audit,adult_income,static_weighted_ensemble,distribution_shift,1.0,audit,3,0.8865497076023392,1.232595164407831e-32,993241c2c44f7c8f3036fbd2f994598f38d08eba6edae707bc5399a9efcf488a
audit,adult_income,veto_mavs,distribution_shift,1.0,audit,3,0.8947368421052632,0.0,6ea0b665cc1ceb6fd75d14d06f42b371e8c2a2ec0a2f4699550885d5169e6334
audit,adult_income,pure_mavs_gc,distribution_shift,1.0,audit,3,0.8888888888888888,0.0,582c9b33232f393ffad47b6adf898ca6796b445ec37a1589500a3dda7e534821
audit,adult_income,single_model,distribution_shift,1.0,shadow,2,0.8842105263157894,0.0,c47c6fe67dba2973a7f194a7183b3be3b3b829b4de8e822579d6bc4531cc9757
audit,adult_income,mean_ensemble,distribution_shift,1.0,shadow,2,0.8947368421052632,0.0,1de2a48dca54c227b9a689baa5b2e42242bfbf5a10e7c7b8048a1b8880aa83b9
audit,adult_income,static_weighted_ensemble,distribution_shift,1.0,shadow,2,0.8865497076023392,0.0,eb9f2e8af2688135aecd8d7eebf6ddfe0522c2687a5ab670d8da116cd4287aa4
audit,adult_income,veto_mavs,distribution_shift,1.0,shadow,2,0.8947368421052632,0.0,675663f9c7311cc4eaf3a6e9cb83f0d788b5c6ecd58226bb3bd2862deef7745e
audit,adult_income,pure_mavs_gc,distribution_shift,1.0,shadow,2,0.8888888888888888,0.0,cbb8a49c2e606a1bfe1a83ad38df9e97fb05817924482f1c049d2616fe4932b2
audit,adult_income,single_model,synthetic_sensor_failure,0.0,audit,3,0.855036855036855,1.232595164407831e-32,8bcff5156def9894ec3994c5f74106cd08047e42341503264b65ba02c5b235fd
audit,adult_income,mean_ensemble,synthetic_sensor_failure,0.0,audit,3,0.8566748566748567,0.0,73975f44e174f7fd2ff4666a8f1117b3aa74a6144c2bca2d8293c7081199cf9e
audit,adult_income,static_weighted_ensemble,synthetic_sensor_failure,0.0,audit,3,0.855036855036855,1.232595164407831e-32,7cd8ff0c1ca0b38bac2e8640afb360e92114c66a47a758b046eb3dd3624798a6
audit,adult_income,veto_mavs,synthetic_sensor_failure,0.0,audit,3,0.8566748566748567,0.0,502d6d772090208b8bd961cbb6f34ff20d14b2d349969e044f18f006bd5e80aa
audit,adult_income,pure_mavs_gc,synthetic_sensor_failure,0.0,audit,3,0.8533988533988534,0.0,27242cb9de21e9ab8570048a15b662c7e850dbca498d93feb1672dbbb173423b
audit,adult_income,single_model,synthetic_sensor_failure,0.0,shadow,2,0.855036855036855,0.0,fe36401ab3cecc3b19ab2e46e7fb309cd37f9e908b8c1b01701335e2d5b0fab4
audit,adult_income,mean_ensemble,synthetic_sensor_failure,0.0,shadow,2,0.8566748566748567,0.0,d6979d70af1f8e228fee432c14b2f1ed13bca4f57c4fb69247a7fa16078345f2
audit,adult_income,static_weighted_ensemble,synthetic_sensor_failure,0.0,shadow,2,0.855036855036855,0.0,52b09f8243a6eac84db6d447612b5e32126e034db42962c4793165bf7b62f72d
audit,adult_income,veto_mavs,synthetic_sensor_failure,0.0,shadow,2,0.8566748566748567,0.0,0dc932c1f95054c4b80363b5099310ab563334f2a00f20c5722ebaf5be535ad6
audit,adult_income,pure_mavs_gc,synthetic_sensor_failure,0.0,shadow,2,0.8533988533988534,0.0,aa1b3545a1f48d081dd2708b5dc6c588474d7143dbcb6456d7b6a97ffa89f6bd
audit,adult_income,single_model,synthetic_sensor_failure,0.05,audit,3,0.8112203112203112,0.0,cdc45d528034bd139c5ba282052e5b50691f14534d1bc1b73718b1ea62926297
audit,adult_income,mean_ensemble,synthetic_sensor_failure,0.05,audit,3,0.8247338247338247,1.232595164407831e-32,4cf011ca51f7512b1267316cd70fc13a8ab8048ef559f32af4ea435a94194c4c
audit,adult_income,static_weighted_ensemble,synthetic_sensor_failure,0.05,audit,3,0.8063063063063063,0.0,f13d18cf6720c268dcbb916f9dcde4a8994c45f4710083f2fa8098aea730cf76
audit,adult_income,veto_mavs,synthetic_sensor_failure,0.05,audit,3,0.8247338247338247,1.232595164407831e-32,5de506f564858f41cf5fbf47bf1ef54ac1e1bc48e34d0a2689f54c09cd95dcca
audit,adult_income,pure_mavs_gc,synthetic_sensor_failure,0.05,audit,3,0.8058968058968059,0.0,1e0adf205d4077a464b543e0040d555c14a629c30980649a0ee69473ddd2b154
audit,adult_income,single_model,synthetic_sensor_failure,0.05,shadow,2,0.8112203112203112,0.0,314871bc1785aaaf6cf5057d8634d8cf15d592a417aa4e5fd0f34f179a6027e4
audit,adult_income,mean_ensemble,synthetic_sensor_failure,0.05,shadow,2,0.8247338247338247,0.0,a492a029e7da8e11c5b620216bb43c817b7e877d085f770988614c4e53c0ce90
audit,adult_income,static_weighted_ensemble,synthetic_sensor_failure,0.05,shadow,2,0.8063063063063063,0.0,365d03b73aeb68fce1a3736e2347fee70e122832373b755d76073c762572ac62
audit,adult_income,veto_mavs,synthetic_sensor_failure,0.05,shadow,2,0.8247338247338247,0.0,dc113066ce0bb9c2a761502acca7a4fce040c68271396c11c0f0331426f91297
audit,adult_income,pure_mavs_gc,synthetic_sensor_failure,0.05,shadow,2,0.8058968058968059,0.0,c67c30d2128c052006f20adbf082f6090a04ca316a29097aaa195fed3f32b355
audit,adult_income,single_model,synthetic_sensor_failure,0.1,audit,3,0.8112203112203112,0.0,335dc14846e091a0983ecd4d4bc479eab6249765494e5fe78dca3cbcd2a426d5
audit,adult_income,mean_ensemble,synthetic_sensor_failure,0.1,audit,3,0.8247338247338247,1.232595164407831e-32,0c758c50ccac17a07b5dbc8ce3e6ba4c6a68296874ef8150783b04845ce92f6e
audit,adult_income,static_weighted_ensemble,synthetic_sensor_failure,0.1,audit,3,0.8063063063063063,0.0,cbbb88067ca7ba466e8886a5b5ef8e419ee52477f02a6c814ac1fe6acf4c5c15
audit,adult_income,veto_mavs,synthetic_sensor_failure,0.1,audit,3,0.8247338247338247,1.232595164407831e-32,91c83d2258b46c9b720bba5ddace54e513ef7f1e089681fbf267c2445a010805
audit,adult_income,pure_mavs_gc,synthetic_sensor_failure,0.1,audit,3,0.8058968058968059,0.0,97d3e2d2bd8d6f2f107db3d57c2d2a9689a13ea03fc0c7da03a05e482ff3fb0c
audit,adult_income,single_model,synthetic_sensor_failure,0.1,shadow,2,0.8112203112203112,0.0,e95962bc550eb3358d4ed9666adaca9bf0c237234bd30093db79d29c798293e6
audit,adult_income,mean_ensemble,synthetic_sensor_failure,0.1,shadow,2,0.8247338247338247,0.0,06fd8548fc8cf3049d766dcbc3b233dde850c168f9e2ea0f463c225fe547f9d3
audit,adult_income,static_weighted_ensemble,synthetic_sensor_failure,0.1,shadow,2,0.8063063063063063,0.0,4cbe1bacf26a401f397ffc6a960621b4d6080ea9738bfad8c7416aab502e3ad6
audit,adult_income,veto_mavs,synthetic_sensor_failure,0.1,shadow,2,0.8247338247338247,0.0,adaccf3a22c7b7703664a0953d39d808f3eda5a1ab781819cbb50bb33f1ebd59
audit,adult_income,pure_mavs_gc,synthetic_sensor_failure,0.1,shadow,2,0.8058968058968059,0.0,1bdaf00214a8b5ecf1849375212ec9e5a21d642ed0808d2e4b952acb80f8d0bb
audit,adult_income,single_model,synthetic_sensor_failure,0.2,audit,3,0.8112203112203112,0.0,a082ab2610cf93d5bee9108d92c5895a3018a0e668cd08adb8cb294ddb0a9d35
audit,adult_income,mean_ensemble,synthetic_sensor_failure,0.2,audit,3,0.8247338247338247,1.232595164407831e-32,44ee0de46f1048b8d8652d6e22607f197123f236aac2af5469c05865c95add3f
audit,adult_income,static_weighted_ensemble,synthetic_sensor_failure,0.2,audit,3,0.8063063063063063,0.0,1ee0caabc1424de3dbf7de0855a455756d171c603bfa57a38fe0ea7d86d0b66a
audit,adult_income,veto_mavs,synthetic_sensor_failure,0.2,audit,3,0.8247338247338247,1.232595164407831e-32,2a64a95ce9bc651c8c6d29f37e773b9961633b40366f516d12425d9e4ca437fc
audit,adult_income,pure_mavs_gc,synthetic_sensor_failure,0.2,audit,3,0.8058968058968059,0.0,d3b4045caacf6e04fc526723f713a4b3f8dd4c36175c60ca41ac74064cde0292
audit,adult_income,single_model,synthetic_sensor_failure,0.2,shadow,2,0.8112203112203112,0.0,36925b84ad18624dc78d0fad387d041eac9ad04a965fa2d5e5cc163e6307670f
audit,adult_income,mean_ensemble,synthetic_sensor_failure,0.2,shadow,2,0.8247338247338247,0.0,b3a407478136b03e7e51f2aa32b49dd089de820b481a318c8d216ddd61bd4f5f
audit,adult_income,static_weighted_ensemble,synthetic_sensor_failure,0.2,shadow,2,0.8063063063063063,0.0,fee4a686a4e2e10f1b7e2ac45bce9f75fbe59f149729cd30db91f3b098383c1b
audit,adult_income,veto_mavs,synthetic_sensor_failure,0.2,shadow,2,0.8247338247338247,0.0,fbe67112cbf0f0a4fe4b211eed2014a659568ec9e44dfb8448f7a449168f69fb
audit,adult_income,pure_mavs_gc,synthetic_sensor_failure,0.2,shadow,2,0.8058968058968059,0.0,231a0f97aba93508668cf255f333b264be6c569a0dc168dc031c903a5dedad03
audit,adult_income,single_model,synthetic_sensor_failure,0.4,audit,3,0.7608517608517609,0.0,5ce820c4c5a8b2b0bb8da1c1db2d5eb1d630f8cd03ade0d8c5b0509cb72c4df1
audit,adult_income,mean_ensemble,synthetic_sensor_failure,0.4,audit,3,0.7608517608517609,0.0,33b355412bc505fff45f8d5b48639b2424e3088221646c8c66bb60592d41da30
audit,adult_income,static_weighted_ensemble,synthetic_sensor_failure,0.4,audit,3,0.7608517608517609,0.0,2ead3759d5e7554d26f310213be8deec48e2d4b0541230b8e0c82997e50c4c46
audit,adult_income,veto_mavs,synthetic_sensor_failure,0.4,audit,3,0.7608517608517609,0.0,33a66293d5ae47a39b1bc6a2f49ac2cb5d69a492eba974db0a5daccf9014b6e9
audit,adult_income,pure_mavs_gc,synthetic_sensor_failure,0.4,audit,3,0.7608517608517609,0.0,6863d912d730981a4a12d4c140f64c20a9539fb1c66b0d8fab59a5e164bb917a
audit,adult_income,single_model,synthetic_sensor_failure,0.4,shadow,2,0.7608517608517609,0.0,b7a25bf011d09d34245fd491919da53ac007ee57e1e4f0d8786187e777e8afba
audit,adult_income,mean_ensemble,synthetic_sensor_failure,0.4,shadow,2,0.7608517608517609,0.0,21849b5fbaebb8d1e393ff6a65d498695affc8dc755a6ead9122e3e26c7d4095
audit,adult_income,static_weighted_ensemble,synthetic_sensor_failure,0.4,shadow,2,0.7608517608517609,0.0,399769b88693766900bfc3c34acfdc28c6911d76dc7a3962d635b81955a0faaf
audit,adult_income,veto_mavs,synthetic_sensor_failure,0.4,shadow,2,0.7608517608517609,0.0,656a48eed00d105e8a9a275b89024806b3a5ef71e15187ac3a6b2765e1547c67
audit,adult_income,pure_mavs_gc,synthetic_sensor_failure,0.4,shadow,2,0.7608517608517609,0.0,ad8f1748c403fa8126118b9a7471905c28588bdfe81cdd8d3f9fdd1348b03484
audit,adult_income,single_model,synthetic_sensor_failure,0.6,audit,3,0.7608517608517609,0.0,d063ae1c32eeb780e6d8c9e662ba919f94a94fc99ac3242775cd607f9f2765e9
audit,adult_income,mean_ensemble,synthetic_sensor_failure,0.6,audit,3,0.7608517608517609,0.0,affb2a0902a3504c367235ed3944e435272403fec71b56ade434907d4fde4def
audit,adult_income,static_weighted_ensemble,synthetic_sensor_failure,0.6,audit,3,0.7608517608517609,0.0,10017557656b0ca678c8bf76c2511b9d54276eaf92330c12e41a7025f01c36c8
audit,adult_income,veto_mavs,synthetic_sensor_failure,0.6,audit,3,0.7608517608517609,0.0,9c852132eb4da6477809b789cb4235a39af616537f30a4b7a5c78c1735a5c275
audit,adult_income,pure_mavs_gc,synthetic_sensor_failure,0.6,audit,3,0.7608517608517609,0.0,65bfa73652083eee1031bd7477d51eba7875283b89fe93a3aaa400ad5857657d
audit,adult_income,single_model,synthetic_sensor_failure,0.6,shadow,2,0.7608517608517609,0.0,72496ef1046010d2bdbccb4fb564b2f575520e7421a292013c74e8c98ec4867d
audit,adult_income,mean_ensemble,synthetic_sensor_failure,0.6,shadow,2,0.7608517608517609,0.0,a8daaa5ec8370b8cf67ed8fdeee42b9667725c1626ff54a60847d6c2da60436c
audit,adult_income,static_weighted_ensemble,synthetic_sensor_failure,0.6,shadow,2,0.7608517608517609,0.0,bab337367bcf272b6cbd2ecb5bdfb94c220f6053176de22812d3eccacd025ec6
audit,adult_income,veto_mavs,synthetic_sensor_failure,0.6,shadow,2,0.7608517608517609,0.0,8d1ce42c4f173c6f8c024fbda89d21b1ce0b6fb7a874b4457f19470fbb02ede0
audit,adult_income,pure_mavs_gc,synthetic_sensor_failure,0.6,shadow,2,0.7608517608517609,0.0,aea20715eeb815c5345172e2bb3348f1c17c0d52e900fa39eef5f13a82ac99a9
audit,adult_income,single_model,synthetic_sensor_failure,0.8,audit,3,0.7608517608517609,0.0,b8404f3ddce9747560f9d1774d5057b097004d22a65434d7787015bce19d443e
audit,adult_income,mean_ensemble,synthetic_sensor_failure,0.8,audit,3,0.7608517608517609,0.0,7521bed11bf3602c170b7479bbab3cf993061740efe512b04e94c14f1bf77f84
audit,adult_income,static_weighted_ensemble,synthetic_sensor_failure,0.8,audit,3,0.7608517608517609,0.0,69514a155c92cddfc21cfc939284cb82d0817de9f93eb9e98c9f12134eb90bb7
audit,adult_income,veto_mavs,synthetic_sensor_failure,0.8,audit,3,0.7608517608517609,0.0,5b5c6035a0e1b8197fdcebfe9f0d7359d551c137c0542c7cfde45d6581461c00
audit,adult_income,pure_mavs_gc,synthetic_sensor_failure,0.8,audit,3,0.7608517608517609,0.0,67c7007fef8091b0f29fd57cd3d7faeb1afcad0fb90a2cea01d2a21711dadbec
audit,adult_income,single_model,synthetic_sensor_failure,0.8,shadow,2,0.7608517608517609,0.0,b7c9e913754c7dc5e24b5ac303a80144965786f5a2cd972d5bb7d7180a46ca0d
audit,adult_income,mean_ensemble,synthetic_sensor_failure,0.8,shadow,2,0.7608517608517609,0.0,741b0f1e460960469b9011c781f0d3614939e29f35f5069533dbb4d2ea49a9f7
audit,adult_income,static_weighted_ensemble,synthetic_sensor_failure,0.8,shadow,2,0.7608517608517609,0.0,3429afb986e0df36e51034fd2fcfc176265eec2ec41f63ce6d1d34d16c2711f9
audit,adult_income,veto_mavs,synthetic_sensor_failure,0.8,shadow,2,0.7608517608517609,0.0,801585b48c569819f5d721f1d9fb3e87c5a8e8bd6dd1cac78ba70ce5ff27666c
audit,adult_income,pure_mavs_gc,synthetic_sensor_failure,0.8,shadow,2,0.7608517608517609,0.0,8bf8c92b2f74f74cb9e638d494504c23b67945613f5ddb037656922e9a090756
audit,adult_income,single_model,synthetic_sensor_failure,1.0,audit,3,0.7608517608517609,0.0,2feba8d35c2aacad14541ea79cee7119e7e903983786e58e95c686258a0c78ce
audit,adult_income,mean_ensemble,synthetic_sensor_failure,1.0,audit,3,0.7608517608517609,0.0,5f557dfd3f999fffcd564ede2e488726485dd48298cd9779505579cb12add665
audit,adult_income,static_weighted_ensemble,synthetic_sensor_failure,1.0,audit,3,0.7608517608517609,0.0,15a71c0ee9debdd74af0111103786044a0dab64d816a0a4a3f87e4836468e2b2
audit,adult_income,veto_mavs,synthetic_sensor_failure,1.0,audit,3,0.7608517608517609,0.0,5e7e53a028b7e9330cb97854a66db983cc33dba39016c5ec58997a40dd2054c4
audit,adult_income,pure_mavs_gc,synthetic_sensor_failure,1.0,audit,3,0.7608517608517609,0.0,7841a6364cb8c0130ae497575fb1e18aec38dd39e013e03bf5b7a3ca1e95060c
audit,adult_income,single_model,synthetic_sensor_failure,1.0,shadow,2,0.7608517608517609,0.0,213d4f2fda0b51a57b2dc899536bf9b415415dd0e3a682d48547f75ad1d4d911
audit,adult_income,mean_ensemble,synthetic_sensor_failure,1.0,shadow,2,0.7608517608517609,0.0,2dbff39cd2e8c9057c36236c8d0eda6761e9b15afb5b42b0c6d22dd812530481
audit,adult_income,static_weighted_ensemble,synthetic_sensor_failure,1.0,shadow,2,0.7608517608517609,0.0,2d7708861b80c11d09ba1210377c513bc3b6ffd676ec1469251d653c50086564
audit,adult_income,veto_mavs,synthetic_sensor_failure,1.0,shadow,2,0.7608517608517609,0.0,139e5dc7d62e18ac32ac66c9d5bb5b2231bc538dc43bee02d5014f2afc14459e
audit,adult_income,pure_mavs_gc,synthetic_sensor_failure,1.0,shadow,2,0.7608517608517609,0.0,bd8e5cac7d9cee0e3fad1f1b05bc1f6a4162a6cd56dac81883515e11c4cc9dc3
audit,adult_income,single_model,specialist_failure,0.0,audit,3,0.855036855036855,1.232595164407831e-32,1ce2564bf9a3d1f028b82aefa715ae15878edaf5273d7de4598719ca90ba5e5c
audit,adult_income,mean_ensemble,specialist_failure,0.0,audit,3,0.8566748566748567,0.0,15a54212e5dd53fe450c4842c80486d67c33d38f46c30ab60ff9137ff90b2608
audit,adult_income,static_weighted_ensemble,specialist_failure,0.0,audit,3,0.855036855036855,1.232595164407831e-32,beec44142f5b1827114516512beec92cbb024f6efb1aa96cfc4af8c0c4f76b63
audit,adult_income,veto_mavs,specialist_failure,0.0,audit,3,0.8566748566748567,0.0,5a920bbb062b5902a2b4f875dc94a05751a625d1e55fae93d49c0b15b0947398
audit,adult_income,pure_mavs_gc,specialist_failure,0.0,audit,3,0.8533988533988534,0.0,e839d54f83bdbec63b9b760d42eb2e71915086f0bf651eb86c1619cf996dae0c
audit,adult_income,single_model,specialist_failure,0.0,shadow,2,0.855036855036855,0.0,8c5a3cc2874ed0c4519e0751678f0b1a3ce684bc24ab802849b2e5c85f7dc7bf
audit,adult_income,mean_ensemble,specialist_failure,0.0,shadow,2,0.8566748566748567,0.0,d8eb2ca102c9a836b74231dd0ecc6f8dc75f3d0974dc40f79896f765ec6286f9
audit,adult_income,static_weighted_ensemble,specialist_failure,0.0,shadow,2,0.855036855036855,0.0,993a73483d74e9c3da7776db6529915e5b803186fd7fc5d7c55bc0b86f6789af
audit,adult_income,veto_mavs,specialist_failure,0.0,shadow,2,0.8566748566748567,0.0,0bc1b7cd9d19df3971776ba20ecc7250320eaaf63e7b19b8c153fdeaa1fa80b5
audit,adult_income,pure_mavs_gc,specialist_failure,0.0,shadow,2,0.8533988533988534,0.0,bfaefacae8a95f76b956ee5af5aacf60d171fd943bd0485d30a8603fba38d7a9
audit,adult_income,single_model,specialist_failure,0.05,audit,3,0.855036855036855,1.232595164407831e-32,63ece575c65df774ec90ee9a3537a81bb6a24f00fceb980797b139dc533c5d6c
audit,adult_income,mean_ensemble,specialist_failure,0.05,audit,3,0.8521703521703522,0.0,c6ee9c63dfdcd3ef2020fe271d6e3e3872603852cb07e6dda414cfe99919ae30
audit,adult_income,static_weighted_ensemble,specialist_failure,0.05,audit,3,0.855036855036855,1.232595164407831e-32,e6a526882fb22bf2e20b5be82378db8715094ebdd713fb6b5bd15acbe3d4ccaa
audit,adult_income,veto_mavs,specialist_failure,0.05,audit,3,0.8521703521703522,0.0,cc6221cb696347e28d1b08fcd003b61f0d45d21ca9d21f0ee6e4a2f3dfb5175e
audit,adult_income,pure_mavs_gc,specialist_failure,0.05,audit,3,0.8533988533988534,0.0,fc5fe9e9938d7bbd47cc401676b13a660d9ed0e6d430ff0140695978a4fd8bf5
audit,adult_income,single_model,specialist_failure,0.05,shadow,2,0.855036855036855,0.0,81c93143589fe732348bc2419ef17edd4c8311a578e71b874dc2db205ef34658
audit,adult_income,mean_ensemble,specialist_failure,0.05,shadow,2,0.8521703521703522,0.0,61ce1885ccfac1ea2461506bd70623a34b317d9781a6da3634a79ab041956926
audit,adult_income,static_weighted_ensemble,specialist_failure,0.05,shadow,2,0.855036855036855,0.0,a39b06b7c8e23edd5c37303b22b8f8d678c2dcca164156d1edb7c2e0a6476ca0
audit,adult_income,veto_mavs,specialist_failure,0.05,shadow,2,0.8521703521703522,0.0,23f30a767f6eb42aed601ac1af71c1b511f81241f533e1d59bb3e6a7f9fb3f35
audit,adult_income,pure_mavs_gc,specialist_failure,0.05,shadow,2,0.8533988533988534,0.0,45e9fef7ccf6154e4c1524f6876c8b062d04a125cc81a26884000a3a3a82cc7c
audit,adult_income,single_model,specialist_failure,0.1,audit,3,0.855036855036855,1.232595164407831e-32,6128de1cfcf5a56c9de8f0dec24738d3d3860e80f1074fdbc05f6be524915d5d
audit,adult_income,mean_ensemble,specialist_failure,0.1,audit,3,0.8521703521703522,0.0,c7ecb2e7eedf1986fa42c5f8d0ae31858da0562a332f5ed3edf0b8f24975d9a3
audit,adult_income,static_weighted_ensemble,specialist_failure,0.1,audit,3,0.855036855036855,1.232595164407831e-32,e19f0d13897dc874c6c1f7f1c5d42b5bf2b43727e076cd99d134a79e4f721a8d
audit,adult_income,veto_mavs,specialist_failure,0.1,audit,3,0.8521703521703522,0.0,04bd3600712615b7bde313c7776656135f09b0e56642cc0c6a601edf34a3c3b7
audit,adult_income,pure_mavs_gc,specialist_failure,0.1,audit,3,0.8533988533988534,0.0,f65b01c256d771347b925be7443aaa56d7f0b93e37f0ee6cdda544160c7eb4ee
audit,adult_income,single_model,specialist_failure,0.1,shadow,2,0.855036855036855,0.0,b7fa77f9a8ae998cfc9aba6f2516bb5910a7e39d510b4d5e392bfac20dc5e435
audit,adult_income,mean_ensemble,specialist_failure,0.1,shadow,2,0.8521703521703522,0.0,2a554f78e752b3d7b70a0634be6f1ef0b50cffc0a36cf14a7e69e482e6cb9037
audit,adult_income,static_weighted_ensemble,specialist_failure,0.1,shadow,2,0.855036855036855,0.0,d4d8c99012565f6b5df26d094b82b95ed39e0788e472872ff71fc7831e90f9ac
audit,adult_income,veto_mavs,specialist_failure,0.1,shadow,2,0.8521703521703522,0.0,d00e120ac7371021fcd242a2354b62fa55220bbbb77aecc7c122cf2f2a1d3bb3
audit,adult_income,pure_mavs_gc,specialist_failure,0.1,shadow,2,0.8533988533988534,0.0,578a169856a856eee29dc5c68a51879993fc1fb4e62906687d7c802b6466ca3f
audit,adult_income,single_model,specialist_failure,0.2,audit,3,0.855036855036855,1.232595164407831e-32,7a38d3b3b9b8895f961b0c25034ce83867f68ca0f71fb5dab9b0d692b94448ad
audit,adult_income,mean_ensemble,specialist_failure,0.2,audit,3,0.8521703521703522,0.0,8a6152693d80d44a130428d820c1c2119d6e0ea0329861c42005e10b7f2449e8
audit,adult_income,static_weighted_ensemble,specialist_failure,0.2,audit,3,0.855036855036855,1.232595164407831e-32,78301a743ecae1073ad046c6e19375a6c0491bf664f86e50ff135673fec5518b
audit,adult_income,veto_mavs,specialist_failure,0.2,audit,3,0.8521703521703522,0.0,f9e0b464e6784cdeb7328ee898ed1181779d80069b2bfa6b6f22f91d786ef431
audit,adult_income,pure_mavs_gc,specialist_failure,0.2,audit,3,0.8533988533988534,0.0,efb46d7d7560c9b1a0957dc3d845bc5681984b699c35bc638417c270732fc252
audit,adult_income,single_model,specialist_failure,0.2,shadow,2,0.855036855036855,0.0,bece582c1f7927df5c79ef19ea3e883311153a73a065256229dbdf992bb4307f
audit,adult_income,mean_ensemble,specialist_failure,0.2,shadow,2,0.8521703521703522,0.0,fe92f63b9ba6521182b55c97e43338c75f62d79e9410e8f26ab30660ec981eb2
audit,adult_income,static_weighted_ensemble,specialist_failure,0.2,shadow,2,0.855036855036855,0.0,b74d1f2b8640a102d66f66b0420f0c0adc3cfdb1a2fab82f6a9c48dbcb79d0de
audit,adult_income,veto_mavs,specialist_failure,0.2,shadow,2,0.8521703521703522,0.0,b8972662d7aa2c23564c78fcb923bc8328cc913e481e982a1600284c8568fb4d
audit,adult_income,pure_mavs_gc,specialist_failure,0.2,shadow,2,0.8533988533988534,0.0,9c0b61dbd2e12076dba7b23fc569e5836362521a6607e50eab6c648a15bf949b
audit,adult_income,single_model,specialist_failure,0.4,audit,3,0.23914823914823916,0.0,b296150d421cac614ca33ee7bad4d860dde178aa21c16db6ff18153f6b6fdc72
audit,adult_income,mean_ensemble,specialist_failure,0.4,audit,3,0.852989352989353,0.0,b8ef70b6b43335d706e2df9ff9328381a4ddb2a0ea72371363f8dad4c17130e8
audit,adult_income,static_weighted_ensemble,specialist_failure,0.4,audit,3,0.852989352989353,0.0,d5c6b83c2e10632f34325c4ba42f3a2ea7e413ceae419f3a1a971878daa9418f
audit,adult_income,veto_mavs,specialist_failure,0.4,audit,3,0.852989352989353,0.0,90609ea1b3ebac7a92a852cc90eaba91c33a498680a8958940e1e959399df4da
audit,adult_income,pure_mavs_gc,specialist_failure,0.4,audit,3,0.8419328419328419,0.0,686859cc625414a07e95dbb028e64f115b6a5f483c457463b630661866a38de1
audit,adult_income,single_model,specialist_failure,0.4,shadow,2,0.23914823914823916,0.0,d11910c6eabe48d8395a250c17924be7e2516ccabedcc3f6c2b4428c0ed27cee
audit,adult_income,mean_ensemble,specialist_failure,0.4,shadow,2,0.852989352989353,0.0,7cd31bec9465ce5dd8f396aa3571cb9d317f39ee82ea75de297af47a3d45f6f6
audit,adult_income,static_weighted_ensemble,specialist_failure,0.4,shadow,2,0.852989352989353,0.0,1647168623e0936943844e65dc48828705c93302015fb32898b5290c0e9b2291
audit,adult_income,veto_mavs,specialist_failure,0.4,shadow,2,0.852989352989353,0.0,f1983e75b41e684e7ff70062a465c68c317a24ef448ee74b0cac7eaec558949c
audit,adult_income,pure_mavs_gc,specialist_failure,0.4,shadow,2,0.8419328419328419,0.0,af152f102331327c4ffaf530052ffc43c15d3d4de4bd5616e0134456490a539f
audit,adult_income,single_model,specialist_failure,0.6,audit,3,0.23914823914823916,0.0,db86548a0830f6243e74800b8199ac5545be95f71c594cdbeebfea8255ce5f85
audit,adult_income,mean_ensemble,specialist_failure,0.6,audit,3,0.852989352989353,0.0,82e7470562e4bdede1b96c72c36c9c3d9a509421017c867e9617bb569991ed35
audit,adult_income,static_weighted_ensemble,specialist_failure,0.6,audit,3,0.852989352989353,0.0,6e46f1c38ae87a7e2cc70a1339dea2bbfb5d7d4d78bb55a58e878c752853ed43
audit,adult_income,veto_mavs,specialist_failure,0.6,audit,3,0.852989352989353,0.0,74931913528048a871d0cf004e947914bf9286cf3a064d165f37ac66f019d21f
audit,adult_income,pure_mavs_gc,specialist_failure,0.6,audit,3,0.8419328419328419,0.0,3c0420118318e53780e76d103ecf78fb263069bc0126af0f5d787ecf4e33957e
audit,adult_income,single_model,specialist_failure,0.6,shadow,2,0.23914823914823916,0.0,a0b9ea13f76a2128d45c33130e23932fe4f229b11e318a2c1202a8555eaf2dc9
audit,adult_income,mean_ensemble,specialist_failure,0.6,shadow,2,0.852989352989353,0.0,aaafaadeacfaf20ba4a9a6ae6c6901aa76bde89cbac828379eba098e8d955df4
audit,adult_income,static_weighted_ensemble,specialist_failure,0.6,shadow,2,0.852989352989353,0.0,15fa1277842822b64349e5cd43ca931f3faa64b7b887f62c1c683bf32f809cc2
audit,adult_income,veto_mavs,specialist_failure,0.6,shadow,2,0.852989352989353,0.0,7182b0f18f118cb4e85b3a12f67bd28b4f42b7d7a4802ed806e131426887982a
audit,adult_income,pure_mavs_gc,specialist_failure,0.6,shadow,2,0.8419328419328419,0.0,8dc633c83db436f54d82799cc81514425a7f0f5c760ea64ba9be4fe08db3948f
audit,adult_income,single_model,specialist_failure,0.8,audit,3,0.23914823914823916,0.0,0e1f7d759a4fc9d7fd1c49addf8fd4c43556f7034b6f56e8b180861bf0211ad4
audit,adult_income,mean_ensemble,specialist_failure,0.8,audit,3,0.23914823914823916,0.0,462d5df121a09acc275e842412d0d341a164e8e15f305319c05ce2602193a957
audit,adult_income,static_weighted_ensemble,specialist_failure,0.8,audit,3,0.23914823914823916,0.0,5ce36710fcfbc955e461753d0c60172ff360b514efbe4ca95e3fa3b633df7e6c
audit,adult_income,veto_mavs,specialist_failure,0.8,audit,3,0.23914823914823916,0.0,a6db164a67c249282661d32cde726ced9061d467d87151644de597765b514a1c
audit,adult_income,pure_mavs_gc,specialist_failure,0.8,audit,3,0.7608517608517609,0.0,769bb445757e488576185d0b75393d9184098838e5e72139d63972bb0b8d7877
audit,adult_income,single_model,specialist_failure,0.8,shadow,2,0.23914823914823916,0.0,392b1edc9f4df43e1664b3628bcea637678eafa00ebbcf841d34f22d27bf4916
audit,adult_income,mean_ensemble,specialist_failure,0.8,shadow,2,0.23914823914823916,0.0,3555bea01f1d70beb130e9ed3e67a41f5f3d8a714b3f570ad8aacae05f73e28d
audit,adult_income,static_weighted_ensemble,specialist_failure,0.8,shadow,2,0.23914823914823916,0.0,51718334d41de4935db7fc96efe93beb236c3575cef40baad3d809d2cd1adf95
audit,adult_income,veto_mavs,specialist_failure,0.8,shadow,2,0.23914823914823916,0.0,1b219aa862b05fb92e1a3e193ced926b728fddfd81f032d9a0178f5dd06f802e
audit,adult_income,pure_mavs_gc,specialist_failure,0.8,shadow,2,0.7608517608517609,0.0,b9c443fa5b277e8017c41b6e1ca8298ac3755a43d102d846175ae63438a849a8
audit,adult_income,single_model,specialist_failure,1.0,audit,3,0.23914823914823916,0.0,fc29d2e880de33bd0fe6108f009ed8003b9b018658f06bd65f98cad1a0bf7611
audit,adult_income,mean_ensemble,specialist_failure,1.0,audit,3,0.23914823914823916,0.0,db9bc0d31a3818a40cc6cbf89b8a7d681484ae5013d7e9c452c544fe44dea43e
audit,adult_income,static_weighted_ensemble,specialist_failure,1.0,audit,3,0.23914823914823916,0.0,2c1decb0fadbe56299895da6e439c54387381656d15634992d5984063009d279
audit,adult_income,veto_mavs,specialist_failure,1.0,audit,3,0.23914823914823916,0.0,4ca7908d2613a6825a977828543a131c19bee39cdf3c43d84493594d4cae44c7
audit,adult_income,pure_mavs_gc,specialist_failure,1.0,audit,3,0.7608517608517609,0.0,ad4e3f7aaae5a1051f56191959a3515c5551e298cc91e8045583557a7504cea7
audit,adult_income,single_model,specialist_failure,1.0,shadow,2,0.23914823914823916,0.0,91e0fa20cf0ff4970aac638db58b8929a3b9890804e16e04eaebb17a0775f8e7
audit,adult_income,mean_ensemble,specialist_failure,1.0,shadow,2,0.23914823914823916,0.0,07a89aee57f23b8afbb7c6d053d61a60b7ac3adc6e8a56dce8fff1b95b705846
audit,adult_income,static_weighted_ensemble,specialist_failure,1.0,shadow,2,0.23914823914823916,0.0,fd27e9670df6c75439407a67ac524b0688809b5c5d371b928ef0c9410a580760
audit,adult_income,veto_mavs,specialist_failure,1.0,shadow,2,0.23914823914823916,0.0,004622debebaac1e3ea82fe16d4eb5702f65c8f3ff71ee87f48f50ce6c51e527
audit,adult_income,pure_mavs_gc,specialist_failure,1.0,shadow,2,0.7608517608517609,0.0,05f0599979d66ceec48f3258cd81005fec9d8b5a81e8c9f62e7807277f92e669
audit,credit_card_fraud,single_model,feature_noise,0.0,audit,3,0.9992275280898877,0.0,4ca095ab0e6b536ad7673904414e04cdb8ad3bbd0da5ea867b21eee8f391a873
audit,credit_card_fraud,mean_ensemble,feature_noise,0.0,audit,3,0.9992275280898877,0.0,98776b55cffe5198926e5a1a294391fdead74d3e124de60a71a14c6a871fc3fa
audit,credit_card_fraud,static_weighted_ensemble,feature_noise,0.0,audit,3,0.9992275280898877,0.0,51d055054280666e0945f501ee242db33ed6e89206a5bfdd8e7be65ccb722501
audit,credit_card_fraud,veto_mavs,feature_noise,0.0,audit,3,0.9992275280898877,0.0,be028d7a7ac9c284138b080f9e6b91fa40ed939f7c7dc303b884308daa82eaf2
audit,credit_card_fraud,pure_mavs_gc,feature_noise,0.0,audit,3,0.9991573033707866,0.0,49ae68f9b1dcf7e13f77b704f3f3f99f2616e798accb0863ec893b8b5682b2b7
audit,credit_card_fraud,single_model,feature_noise,0.0,shadow,2,0.9992275280898877,0.0,ef2defa5072d0e4071b35cf7d0e6c1b53fedbd0d7368570c4c087665c7f2f908
audit,credit_card_fraud,mean_ensemble,feature_noise,0.0,shadow,2,0.9992275280898877,0.0,4ede202e9fb751ff6f92619b76001316940949a13db617aa83484797617904c7
audit,credit_card_fraud,static_weighted_ensemble,feature_noise,0.0,shadow,2,0.9992275280898877,0.0,c744903adcfe385a1f5777983d41d30ce0b98e403e0cbcb85e8b20611759f6bf
audit,credit_card_fraud,veto_mavs,feature_noise,0.0,shadow,2,0.9992275280898877,0.0,103ac1016757d58ea67c92fc68b90d645246cd41d9ae129b744a2d300c34dd4e
audit,credit_card_fraud,pure_mavs_gc,feature_noise,0.0,shadow,2,0.9991573033707866,0.0,081aa52447f5a1925c2da8c74fc4d887307d3b7e93e0d388e119ef5f62b71ff8
audit,credit_card_fraud,single_model,feature_noise,0.05,audit,3,0.9991807116104869,1.0958913717402564e-09,2989a882596d03ce31d9d85cb1630f743f9cebbc2382a0d95fe7c0a70d8f9ec5
audit,credit_card_fraud,mean_ensemble,feature_noise,0.05,audit,3,0.9992275280898877,0.0,614a6e304593daf08c270cd030ea0b5284d46ed6d5ae42ed81a4000821aad878
audit,credit_card_fraud,static_weighted_ensemble,feature_noise,0.05,audit,3,0.9991807116104869,1.0958913717402564e-09,f64f343fe3dd32c29466ece320003dc2f0b458314f08907e13a62f5c0da75f1f
audit,credit_card_fraud,veto_mavs,feature_noise,0.05,audit,3,0.9992275280898877,0.0,a31531501ccdb1a4082a1351d3e35807a07d44c418d5c42cdde2641de3ede338
audit,credit_card_fraud,pure_mavs_gc,feature_noise,0.05,audit,3,0.9991573033707866,0.0,d88f4b3b96326d109e3de24300453b64bd1faccb599706fa67b96787624ac60e
audit,credit_card_fraud,single_model,feature_noise,0.05,shadow,2,0.9991573033707866,4.931511172831152e-09,2a977231b40930013121c5741da4cb6021990dc42e5f46f4859fd12ec39a3069
audit,credit_card_fraud,mean_ensemble,feature_noise,0.05,shadow,2,0.9991924157303371,1.232877793207788e-09,e7580b4ee0b4f820eea7a283bff3d764fcada768e7e0793c636005393cefbdad
audit,credit_card_fraud,static_weighted_ensemble,feature_noise,0.05,shadow,2,0.9991573033707866,4.931511172831152e-09,0b86e2c23d1d9ee137c5030244e51fbce9e7f496e0f48d541bdf1e3d690826c5
audit,credit_card_fraud,veto_mavs,feature_noise,0.05,shadow,2,0.9991924157303371,1.232877793207788e-09,b148968b7c4f92af6212e17a7a3f6c4dd64619fe843df71098af6c263ce0d1fb
audit,credit_card_fraud,pure_mavs_gc,feature_noise,0.05,shadow,2,0.9991573033707866,0.0,7638afb731dc476b631b0bc762f584f97a881f4bcda7b5150d7c4993daeec7b2
audit,credit_card_fraud,single_model,feature_noise,0.1,audit,3,0.9991338951310862,4.383565486961026e-09,6e737bd6b9d7bd6cc3bbc1f5c49eb7781f88afd065ec9ca8536ff4a7e4920b10
audit,credit_card_fraud,mean_ensemble,feature_noise,0.1,audit,3,0.9992041198501873,1.0958913717402564e-09,6b72e25fb6d82cd9442677b72233c5a9a28ddde369c6b1314d58c6268c1a5d16
audit,credit_card_fraud,static_weighted_ensemble,feature_noise,0.1,audit,3,0.9991338951310862,4.383565486961026e-09,05c31c39cdaddc700ab04aef3db1868b19536799ea8510c2e5d62dd530c0922c
audit,credit_card_fraud,veto_mavs,feature_noise,0.1,audit,3,0.9992041198501873,1.0958913717402564e-09,9a0f1d4b4e518be2b24e2024f2d86c7179d89b4c54117317d9be141826a4ff2e
audit,credit_card_fraud,pure_mavs_gc,feature_noise,0.1,audit,3,0.9991573033707866,0.0,24215b39e48a8fc81a97e0825d3f14f7be0fb3b072d705e163d3b4a444593211
audit,credit_card_fraud,single_model,feature_noise,0.1,shadow,2,0.9991573033707866,4.931511172831152e-09,896c072bd98822b1f720b3d8b6a86e6ee27aa339e5b7b5fbc720aadd8926747e
audit,credit_card_fraud,mean_ensemble,feature_noise,0.1,shadow,2,0.9992275280898877,0.0,af3c4ebeba1428232dfedf741ebf258fa757424d3241be3e2569e1b5829f969d
audit,credit_card_fraud,static_weighted_ensemble,feature_noise,0.1,shadow,2,0.9991573033707866,4.931511172831152e-09,f38087d3b6a88b2159c3a20333556c601fb7b983d66e2e3f009d19a86522b69c
audit,credit_card_fraud,veto_mavs,feature_noise,0.1,shadow,2,0.9992275280898877,0.0,89a0061db7ef2268035140cd1954fff22ef3cc61f4e5456fe2cec3325a2bcd8c
audit,credit_card_fraud,pure_mavs_gc,feature_noise,0.1,shadow,2,0.9991573033707866,0.0,2e60fc6b63487e1a657d31e778770a5fed1b654afe88f2bc2927a4ec7555d946
audit,credit_card_fraud,single_model,feature_noise,0.2,audit,3,0.9991573033707866,3.2876741152207682e-09,a4f482eabd02ed743b605306f9f7e514bf0b3b9f65237f5b06a5392f2590d073
audit,credit_card_fraud,mean_ensemble,feature_noise,0.2,audit,3,0.9991338951310862,1.0958913717402564e-09,a784225381e26406ab54e98215cd36cdad0c05c449ea64574c12b4b7ca7baf01
audit,credit_card_fraud,static_weighted_ensemble,feature_noise,0.2,audit,3,0.9991338951310862,1.0958913717402564e-09,f5783896ae309e2342d1afe0f20823ff95a73bee59fccafc194f3b15ce5f630d
audit,credit_card_fraud,veto_mavs,feature_noise,0.2,audit,3,0.9991338951310862,1.0958913717402564e-09,b4bd486d17f296cfc554ec624063f3d0fcb9a009fb851d2662bf223c78d8932e
audit,credit_card_fraud,pure_mavs_gc,feature_noise,0.2,audit,3,0.9991573033707866,0.0,d88c80c4cabf318957ddf2b7ee055d8b207d9ef0b8ff5d63e4b8187385903d5b
audit,credit_card_fraud,single_model,feature_noise,0.2,shadow,2,0.9990870786516854,0.0,2b3034a388375e57d92c2019497c2d41c89da4934537a85c462000cfea34c0fe
audit,credit_card_fraud,mean_ensemble,feature_noise,0.2,shadow,2,0.9990870786516854,0.0,72e3265fc3a12e06108a7483274fd97c862d1ec818bff15e70801b6aebb2b29b
audit,credit_card_fraud,static_weighted_ensemble,feature_noise,0.2,shadow,2,0.9990870786516854,0.0,d8dfbfe2b07e510510069d25226a0b19b066fba64934dcab2d8486d00350cfdb
audit,credit_card_fraud,veto_mavs,feature_noise,0.2,shadow,2,0.9990870786516854,0.0,39ba5fd7941fa925ed52acae6b680c7ce71dc845cd37faabd5ae267232ee0b02
audit,credit_card_fraud,pure_mavs_gc,feature_noise,0.2,shadow,2,0.9991573033707866,0.0,9957f4501eb714cc06701da6d7d97b75df6fe064d1784749b34d98cef23c2730
audit,credit_card_fraud,single_model,feature_noise,0.4,audit,3,0.9991807116104869,1.0958913717402564e-09,225ded5c126909e16875838a8120cf32917bfe58fdf0cd60be8017d49ac65afd
audit,credit_card_fraud,mean_ensemble,feature_noise,0.4,audit,3,0.999063670411985,4.383565486967955e-09,b133ebc7c7a2a0adbf9592b3e569e2e93d486b09ad7bc2cfb5a41f1dc475047e
audit,credit_card_fraud,static_weighted_ensemble,feature_noise,0.4,audit,3,0.9991807116104869,1.0958913717402564e-09,085caaa631b7c87729670260cca1a13a2f033aa376f0df2d0c5398f945e67200
audit,credit_card_fraud,veto_mavs,feature_noise,0.4,audit,3,0.999063670411985,4.383565486967955e-09,99ddca55ab19a5afaa7a791ecbee92fc9b17970e8427af8b0a2a01d5229a3dd0
audit,credit_card_fraud,pure_mavs_gc,feature_noise,0.4,audit,3,0.9991104868913858,4.383565486967955e-09,02326884d7e188a20e1fb403230712c11dc91d2dd09710f764869c60006fbc40
audit,credit_card_fraud,single_model,feature_noise,0.4,shadow,2,0.9990168539325842,0.0,d70ef40675675ff74b2b2e719bb7d5cf6a7f80710f1eb34f731265464cc4265a
audit,credit_card_fraud,mean_ensemble,feature_noise,0.4,shadow,2,0.9990519662921349,1.1095900138881789e-08,73c7f2d76fa85fd581f762d355eaa2bac4841bdd2ea5945340c8da217335df4e
audit,credit_card_fraud,static_weighted_ensemble,feature_noise,0.4,shadow,2,0.9990519662921349,1.2328777932116864e-09,8bfadb5c546dd6a75dc84f0b85e8059c82b13b855a56e0956db2e6759788ab23
audit,credit_card_fraud,veto_mavs,feature_noise,0.4,shadow,2,0.9990519662921349,1.1095900138881789e-08,7e5355934cf5b13ac1e78e428722da8f956709d3d6c25f1a6dc895b47f43a333
audit,credit_card_fraud,pure_mavs_gc,feature_noise,0.4,shadow,2,0.999122191011236,1.232877793207788e-09,071bb8cca0abe311b70e0a2fc7623a8a74d543769ff0374d48167ac1454d193b
audit,credit_card_fraud,single_model,feature_noise,0.6,audit,3,0.9990870786516854,3.2876741152259662e-09,4b479185cca6633140ac44b343937df8ec88f4786d2892b99d6207d04521cc7d
audit,credit_card_fraud,mean_ensemble,feature_noise,0.6,audit,3,0.9990870786516854,1.3150696460893469e-08,b17083990deff8f017cbaa96ff40355f9a47bba8a2176575adf9fd99c00ad637
audit,credit_card_fraud,static_weighted_ensemble,feature_noise,0.6,audit,3,0.999063670411985,4.383565486967955e-09,64b4c3ade5c5e138bcaf6e5a4cbda5100b1c6ded64777b080c9d250455ec32ed
audit,credit_card_fraud,veto_mavs,feature_noise,0.6,audit,3,0.9990870786516854,1.3150696460893469e-08,004e3ae3fa3f83bf146b99de54c434b32e0c86746919feade355d04342b751a6
audit,credit_card_fraud,pure_mavs_gc,feature_noise,0.6,audit,3,0.9990870786516854,3.2876741152259662e-09,1d112063dd77241410c50917d5b2663ff2aa5a9b3fc69fa270edb8e0e51b3222
audit,credit_card_fraud,single_model,feature_noise,0.6,shadow,2,0.9990870786516854,0.0,4511dab6648cfebe5a5fb1bc74edbf6f74d52354c74d86b82b8035c8772f1be0
audit,credit_card_fraud,mean_ensemble,feature_noise,0.6,shadow,2,0.9990870786516854,0.0,b4a06a76ae49079b05549b5a3740094c75ed5333c07430c641befac3fbe4b77e
audit,credit_card_fraud,static_weighted_ensemble,feature_noise,0.6,shadow,2,0.9990870786516854,0.0,0005e24ef889606a18302400259f05f4aa096f667dddd52f05b0ff78b5dbbc0c
audit,credit_card_fraud,veto_mavs,feature_noise,0.6,shadow,2,0.9990870786516854,0.0,97ee3cec740900de454ec1d42db472fbc21b49624cb2686b542bcf631bee44a3
audit,credit_card_fraud,pure_mavs_gc,feature_noise,0.6,shadow,2,0.9991573033707866,0.0,8744447b41c87b6dee0aad7c822b0b5fa3ecef67a3aed10e7de82f054118679d
audit,credit_card_fraud,single_model,feature_noise,0.8,audit,3,0.9991104868913858,4.383565486967955e-09,939c1b9dfd0c7de52478326c313e6ec77aa9a6abb1e1ee3bc531da90fe7b55f9
audit,credit_card_fraud,mean_ensemble,feature_noise,0.8,audit,3,0.9991104868913857,1.753426194785796e-08,198eb1a817be7347638ec6b8daf4d5eb9d4c4e7703f9f6f05a091211ad5375a2
audit,credit_card_fraud,static_weighted_ensemble,feature_noise,0.8,audit,3,0.9991104868913858,1.4246587832635458e-08,37f91fae8e5fc545a55bcb54b50a830b313b6870047ce179b80460da4b5df57e
audit,credit_card_fraud,veto_mavs,feature_noise,0.8,audit,3,0.9991104868913857,1.753426194785796e-08,8db0ac05b589c70bc9757f0100043b37a6243112392efa8374ed9a50f11623f5
audit,credit_card_fraud,pure_mavs_gc,feature_noise,0.8,audit,3,0.9991104868913858,4.383565486967955e-09,52ea2569620893e126580718b058c2a77c779ce020093a82afb50cbcc9990a24
audit,credit_card_fraud,single_model,feature_noise,0.8,shadow,2,0.9990168539325842,0.0,bf6ab391e5f27766a9acb98cb791a93343ccc8bb1a6fea0ff78118d9dab18c9e
audit,credit_card_fraud,mean_ensemble,feature_noise,0.8,shadow,2,0.9989817415730338,1.1095900138881789e-08,a63bfcce07c4e69095ebbfbd899567e9814e8bcb0ca750b507f6b6f99383a92b
audit,credit_card_fraud,static_weighted_ensemble,feature_noise,0.8,shadow,2,0.9990168539325842,0.0,8e9407788fcc8bd26e2cceaf39365711847b7e726e6ce07c0d5e7fed519562ed
audit,credit_card_fraud,veto_mavs,feature_noise,0.8,shadow,2,0.9989817415730338,1.1095900138881789e-08,3776152c33e1e8ab912a0c05ca3de09dfa86693347e617e778c4cd489d0ef377
audit,credit_card_fraud,pure_mavs_gc,feature_noise,0.8,shadow,2,0.9990870786516854,4.931511172838949e-09,5c180790c1527a63b3b6c8326be70653c007defce7b97398c9a303a3cbb9a87d
audit,credit_card_fraud,single_model,feature_noise,1.0,audit,3,0.9989934456928838,7.671239602188725e-09,5ae0f5d3b11fed9c64ef63ce5cd6ba897903045f795c4ebff38ab67d5227ca66
audit,credit_card_fraud,mean_ensemble,feature_noise,1.0,audit,3,0.9990870786516854,0.0,0100433bd40f12ea30f89086aa5809d84e31644938af6ad21dada1feb116b8cc
audit,credit_card_fraud,static_weighted_ensemble,feature_noise,1.0,audit,3,0.9989934456928838,4.383565486967955e-09,45a7c9864811ea62f2e75ed2ba41276055020de09e91f05c6db57bcbbafe50f5
audit,credit_card_fraud,veto_mavs,feature_noise,1.0,audit,3,0.9990870786516854,0.0,1e562ae3167ebfb3f61d300faa49476909a85f3e7a2ae7e9ec5c009351bed525
audit,credit_card_fraud,pure_mavs_gc,feature_noise,1.0,audit,3,0.9990636704119851,7.671239602190455e-09,fd469b1491b31162ef47af96cef8f8dab7591b6a2ba10faaf66c1c005422134d
audit,credit_card_fraud,single_model,feature_noise,1.0,shadow,2,0.9989466292134832,1.9726044691340203e-08,c2a6792beae407b415ee6c1891808b2ae6f0071d069795eebeb8d35a58a1a689
audit,credit_card_fraud,mean_ensemble,feature_noise,1.0,shadow,2,0.9990870786516854,1.9726044691340203e-08,e36ff9210ca62616117b0b01a4ea5f142fc433a03531bf0aee1e6b48ad05dd1f
audit,credit_card_fraud,static_weighted_ensemble,feature_noise,1.0,shadow,2,0.9989466292134832,1.9726044691340203e-08,e9f4a01802d2eb50864f43f08a9c35f6ffe6316eea7066f4abff34f52b804a90
audit,credit_card_fraud,veto_mavs,feature_noise,1.0,shadow,2,0.9990870786516854,1.9726044691340203e-08,b4a21083be0d97c20339c062d7b802424a0ee84257bd542b6bbff3abc6e1fcf6
audit,credit_card_fraud,pure_mavs_gc,feature_noise,1.0,shadow,2,0.9990168539325843,4.438360055550377e-08,2171ef50c7e889663bef406ce320bf0476673af6a3478f843c72b8005d37240b
audit,credit_card_fraud,single_model,missing_features,0.0,audit,3,0.9992275280898877,0.0,c1a024e65c204a94a05e87fd795183b398d58504620f15258613c4b2632d5b4c
audit,credit_card_fraud,mean_ensemble,missing_features,0.0,audit,3,0.9992275280898877,0.0,158ed7eb8a1b76fdebcb5846e4524e2dd669f357e52d9589628437fc82dcd0f4
audit,credit_card_fraud,static_weighted_ensemble,missing_features,0.0,audit,3,0.9992275280898877,0.0,473e6b81d4770d2621d22f0e902ed907a8f4df9a9a752fb0b344a41fb13a409f
audit,credit_card_fraud,veto_mavs,missing_features,0.0,audit,3,0.9992275280898877,0.0,c7d7f1831506f3a1ee8d36132fbbc6f69b36b69b456137299f3937520d850679
audit,credit_card_fraud,pure_mavs_gc,missing_features,0.0,audit,3,0.9991573033707866,0.0,c2d177a64c9e6dd199df54f9a6d46e1e8f47b79e45ef34309310d33023843d97
audit,credit_card_fraud,single_model,missing_features,0.0,shadow,2,0.9992275280898877,0.0,f0f762dc8bf6616eb9c3fdbefcf48d070f8f81c2c6d21e20c8106bf862acae2b
audit,credit_card_fraud,mean_ensemble,missing_features,0.0,shadow,2,0.9992275280898877,0.0,da20c596a4794860a8a0694ccbd2d91da066536d718812402c97bd6061060cf3
audit,credit_card_fraud,static_weighted_ensemble,missing_features,0.0,shadow,2,0.9992275280898877,0.0,561051bb99a8571e7cc7f50caa00f65efdb961e7fe9d25d427cf6d66c7ad6a96
audit,credit_card_fraud,veto_mavs,missing_features,0.0,shadow,2,0.9992275280898877,0.0,c8edbefc41d8f014850bcabb51f64c2693ab6936377283c78585a28af3421a92
audit,credit_card_fraud,pure_mavs_gc,missing_features,0.0,shadow,2,0.9991573033707866,0.0,3d0c3a85151f383e82e969819ebbbae3181a903661877776070fb97d3f7f1acf
audit,credit_card_fraud,single_model,missing_features,0.05,audit,3,0.9990870786516854,9.863022345672699e-09,b8adf972c57f7c39e77491a8c495b74c8ca3e9a2561aeed9237281fdda761774
audit,credit_card_fraud,mean_ensemble,missing_features,0.05,audit,3,0.9991338951310862,4.383565486961026e-09,b64d8abcb1773b98fccca0ad712a32683c71313cb80a98485638ac3cd95febe9
audit,credit_card_fraud,static_weighted_ensemble,missing_features,0.05,audit,3,0.9990870786516854,9.863022345672699e-09,51181e14095fbf217bee4039a8e794741700481d533823940cb7e5f27e69190d
audit,credit_card_fraud,veto_mavs,missing_features,0.05,audit,3,0.9991338951310862,4.383565486961026e-09,c32b3bb4b1631b8d70e5c84560dd6e4c9a098b1567d824ac66a2768584203f49
audit,credit_card_fraud,pure_mavs_gc,missing_features,0.05,audit,3,0.9991104868913858,7.671239602188723e-09,9573609e0f15c9fb25883f3ef9660fe1c235d673f373bb892de70d6801d820e7
audit,credit_card_fraud,single_model,missing_features,0.05,shadow,2,0.999122191011236,1.232877793207788e-09,0f55e9ff2b656bba7c175b6ad9e6dbdc14dee6d9c10137376975afac958383d8
audit,credit_card_fraud,mean_ensemble,missing_features,0.05,shadow,2,0.9990870786516854,0.0,4df74609d171928d437e8b5cb8d52280263fd8d0e8e7c65f7d342992fe824f9f
audit,credit_card_fraud,static_weighted_ensemble,missing_features,0.05,shadow,2,0.999122191011236,1.232877793207788e-09,1dee266957392c24dcb272015a18f67502402e562c8872029e413a819d7baad4
audit,credit_card_fraud,veto_mavs,missing_features,0.05,shadow,2,0.9990870786516854,0.0,91eba7a3d1f5dcbe003c5f542cbc6cddb1c8e1e2606cd426d199237f458a61ff
audit,credit_card_fraud,pure_mavs_gc,missing_features,0.05,shadow,2,0.9990870786516854,0.0,a6e1432f0b5afa71298f2b32de0c1ca772f6d07273d0615b46910cc71b77bc7d
audit,credit_card_fraud,single_model,missing_features,0.1,audit,3,0.999063670411985,4.383565486967955e-09,663488d0ee3b88065c24bb50d85928d5a9dfcb457a0192161350cf74b59a449f
audit,credit_card_fraud,mean_ensemble,missing_features,0.1,audit,3,0.9989934456928838,4.383565486967955e-09,62ab79ed490f0061711ae41c9d045ffe747ed663759f3d873e9407126d1982bf
audit,credit_card_fraud,static_weighted_ensemble,missing_features,0.1,audit,3,0.9990168539325842,3.2876741152259662e-09,527ea850e19484ec7a12ba3ee3e98de697239d27dc6a7a2ccf6f2c03b4a6ef11
audit,credit_card_fraud,veto_mavs,missing_features,0.1,audit,3,0.9989934456928838,4.383565486967955e-09,5509fa2ceea62523fc199bcabeff4dc318646dfb267996c07ad1d18bd0a76869
audit,credit_card_fraud,pure_mavs_gc,missing_features,0.1,audit,3,0.998876404494382,3.2876741152207682e-09,5c549d3db76c613262a7eea2689ba2f4a106dc3ae37edb6944d889967a11c429
audit,credit_card_fraud,single_model,missing_features,0.1,shadow,2,0.9990168539325843,4.931511172838949e-09,b60d415b0014a91b398ea71590a7341cef897e359d8f4872a63f011544776d42
audit,credit_card_fraud,mean_ensemble,missing_features,0.1,shadow,2,0.9990168539325843,1.9726044691340203e-08,be652a021028d6bd829f388cb53da0b6fcb674da3367b28bb1d19912f1a50162
audit,credit_card_fraud,static_weighted_ensemble,missing_features,0.1,shadow,2,0.9990168539325843,4.931511172838949e-09,6b7397ed941ae838f1c3dc0e20ee9f4d380b7b505459103e2c8f80857b79fa03
audit,credit_card_fraud,veto_mavs,missing_features,0.1,shadow,2,0.9990168539325843,1.9726044691340203e-08,bc27f0b99d786b63fde222ab76f73b46215699367ea1d18a3971194535065050
audit,credit_card_fraud,pure_mavs_gc,missing_features,0.1,shadow,2,0.9988764044943821,4.438360055550377e-08,3018532b7fcf5f622e6dd61c9141429a8a0055c8fa4622d61dcaa6f904b425e3
audit,credit_card_fraud,single_model,missing_features,0.2,audit,3,0.9988295880149812,4.383565486961026e-09,524e30a956b1b409379a4f4236148017fe9809537804f6bc59869b1df68efb7f
audit,credit_card_fraud,mean_ensemble,missing_features,0.2,audit,3,0.9987827715355805,4.383565486961026e-09,fad26422c92b725a26e431805404e5af3b83efb7e4e0e12927ccafe9941ad25f
audit,credit_card_fraud,static_weighted_ensemble,missing_features,0.2,audit,3,0.9988295880149812,4.383565486961026e-09,914b7b29585690c07f75555f92fac4cf76a680478a44a6e448af3654f2e663ce
audit,credit_card_fraud,veto_mavs,missing_features,0.2,audit,3,0.9987827715355805,4.383565486961026e-09,09dd6d63d8c8c49ae1d6dba0169b4ef5b447e5c0a1390e91ecef093189adb5d1
audit,credit_card_fraud,pure_mavs_gc,missing_features,0.2,audit,3,0.9986657303370786,3.2876741152207682e-09,25907b2bd3ab8a18ea95e49255aa9c042a049363d9c8ad76db08296447b0ab7c
audit,credit_card_fraud,single_model,missing_features,0.2,shadow,2,0.9990168539325843,4.931511172838949e-09,10e13df68154a35584bd3c891ca52ee255e6ce62eb258a6aa41c0cdcfbbcc150
audit,credit_card_fraud,mean_ensemble,missing_features,0.2,shadow,2,0.9989115168539325,1.1095900138870094e-08,edcc4e2a036cd189e55957473c5adfc25eb4f7b117c57aff3b547502601fde37
audit,credit_card_fraud,static_weighted_ensemble,missing_features,0.2,shadow,2,0.9990168539325843,4.931511172838949e-09,58695bdc23aefe2d943be8c51f92dbe1fcfa250875608bc30b9bf8faf68c3fcc
audit,credit_card_fraud,veto_mavs,missing_features,0.2,shadow,2,0.9989115168539325,1.1095900138870094e-08,3322ab06d7a7bd7cf68a84b282764554f514aadaafc21fb461c6bf29216536f2
audit,credit_card_fraud,pure_mavs_gc,missing_features,0.2,shadow,2,0.9987008426966292,1.1095900138870094e-08,1ae6cf88c872e40e574af807a8fd15a6f24060f91d3da9585678bb0712e6bf9d
audit,credit_card_fraud,single_model,missing_features,0.4,audit,3,0.9986423220973782,7.671239602181793e-09,51c924cc1e493669bb8f2542281a1db206647d61d8b689d4d068820832ff875a
audit,credit_card_fraud,mean_ensemble,missing_features,0.4,audit,3,0.9986189138576779,2.0821936063064868e-08,da1a7520789623fdb5cd842ba0fc882cf7f824f4b502ae158999c4856ce3c0c6
audit,credit_card_fraud,static_weighted_ensemble,missing_features,0.4,audit,3,0.9985955056179775,1.3150696460883073e-08,05be0b2fc25a20be10407f642db99184a10d4bc476eefb4ac86ef13ab051cda0
audit,credit_card_fraud,veto_mavs,missing_features,0.4,audit,3,0.9986189138576779,2.0821936063064868e-08,124844349fecc4b9eadf4d254d279960c174be2473bd204e8fb49a6ac5880c07
audit,credit_card_fraud,pure_mavs_gc,missing_features,0.4,audit,3,0.9985486891385768,1.424658783262333e-08,ca3b85e494fcb1c30516814b7f8db8db32a8b193bb840a91ea715f3d53dcc660
audit,credit_card_fraud,single_model,missing_features,0.4,shadow,2,0.9986657303370786,1.972604469132461e-08,14f529513db11659ffcfcae46af23c8ef19990fd060cba9105e62b3db15af377
audit,credit_card_fraud,mean_ensemble,missing_features,0.4,shadow,2,0.9985955056179775,4.4383600555480376e-08,d6111ca20426c2d2611ed0ac094bc590fdb295c995f103b00dfb65919f8cc6a1
audit,credit_card_fraud,static_weighted_ensemble,missing_features,0.4,shadow,2,0.9986657303370786,1.972604469132461e-08,a88c9aa657db300acf3f4be4e7f982208b4242080b4e91f86469ef8438bc36a4
audit,credit_card_fraud,veto_mavs,missing_features,0.4,shadow,2,0.9985955056179775,4.4383600555480376e-08,12af0d7c150fde5cbf7d841291b06d0a8915886f639f0da7bd38ffc1e100065c
audit,credit_card_fraud,pure_mavs_gc,missing_features,0.4,shadow,2,0.9985252808988764,1.972604469132461e-08,feeddd2e3b0f6d655d9d6880edf1b1495b64544534780da98eb77f2dd4d9ee98
audit,credit_card_fraud,single_model,missing_features,0.6,audit,3,0.9984784644194756,7.671239602181793e-09,57cb3be20e44b6a3b0c948eeee206e0a46adc847fe7b601a7aa14080a60de250
audit,credit_card_fraud,mean_ensemble,missing_features,0.6,audit,3,0.998501872659176,7.671239602181793e-09,1f437aaf1a20754e8ba80d7fd95757591cd3205ec514e00adb3f3a12468fdbc5
audit,credit_card_fraud,static_weighted_ensemble,missing_features,0.6,audit,3,0.9984784644194756,7.671239602181793e-09,7d66ca6e79fecadf76cfcf540e22698d5bf332c27353f6309b85c3fbaf671719
audit,credit_card_fraud,veto_mavs,missing_features,0.6,audit,3,0.998501872659176,7.671239602181793e-09,b939ebde1bab7797eb503de5042c5bd111f98b9f775df6fa96fbf7721a3c5d8c
audit,credit_card_fraud,pure_mavs_gc,missing_features,0.6,audit,3,0.9983848314606741,3.2876741152207682e-09,5df38f84eb4fb1e226fefa6001af36d15f645d4d8b9592bfee265a3d3c097e60
audit,credit_card_fraud,single_model,missing_features,0.6,shadow,2,0.9983497191011236,3.0821944830194705e-08,c39491435acaef5ec41c5fcb68e79e797eb25eda7bd2cffb2a2c43c81bdbc620
audit,credit_card_fraud,mean_ensemble,missing_features,0.6,shadow,2,0.998314606741573,4.931511172831152e-09,1707f66d0a819dd49da4faadd662aa787b75bcfc025810b5c301c4df7abcdc3f
audit,credit_card_fraud,static_weighted_ensemble,missing_features,0.6,shadow,2,0.9983497191011236,1.1095900138870094e-08,2cfd18ac27c9b1a244dca6e71f82c59415379ad35edf6eebe9be9c8168a38ede
audit,credit_card_fraud,veto_mavs,missing_features,0.6,shadow,2,0.998314606741573,4.931511172831152e-09,3288b2409457711a674aa37c056b75c8b0649a7d7fc85bdd3f6c472c84a86b3a
audit,credit_card_fraud,pure_mavs_gc,missing_features,0.6,shadow,2,0.9982794943820225,1.1095900138870094e-08,50006dd66fda586eec3c85c0d8b02f374806a079455afe15a25bc9ce4c1ff26e
audit,credit_card_fraud,single_model,missing_features,0.8,audit,3,0.998314606741573,3.2876741152207682e-09,6a0bd1ad5bde05ff8bfa8da0436bd79e96ac7172d16cb25a0c07940900eabd37
audit,credit_card_fraud,mean_ensemble,missing_features,0.8,audit,3,0.9982443820224719,0.0,f184a5d6c0ced6a410c121c39089d19415520121219123e38e1dc546a81c0b81
audit,credit_card_fraud,static_weighted_ensemble,missing_features,0.8,audit,3,0.998314606741573,3.2876741152207682e-09,a83f29ed5b150458f830e50796410bee4458d0c70cd6211d1c70bf9da890a3bc
audit,credit_card_fraud,veto_mavs,missing_features,0.8,audit,3,0.9982443820224719,0.0,d40c8c7d7cefdd90f1abda908582a471235b0f8188b199a3664556d4c3217f5b
audit,credit_card_fraud,pure_mavs_gc,missing_features,0.8,audit,3,0.9982443820224719,0.0,95f2026759d30bb8574bcfc290fc27dc420dbda6354e3ef08d156ca7aaacd644
audit,credit_card_fraud,single_model,missing_features,0.8,shadow,2,0.9982443820224719,0.0,a358b54f896b41c1dfca178dbc0babcc51a6f4d966945a12f946e33a0f965d91
audit,credit_card_fraud,mean_ensemble,missing_features,0.8,shadow,2,0.9982443820224719,0.0,fa0ca39dd6326fecfb72243990d91172033b436decb63c8662636c6c85787aa7
audit,credit_card_fraud,static_weighted_ensemble,missing_features,0.8,shadow,2,0.9982443820224719,0.0,48a3687808f9524c10090b21e40af3730101f8586de3512e834bc397de81a6d3
audit,credit_card_fraud,veto_mavs,missing_features,0.8,shadow,2,0.9982443820224719,0.0,16ec13c15d4b9275d7aa0e46ea8a6571772acafb9e519913c1350d322ee194c5
audit,credit_card_fraud,pure_mavs_gc,missing_features,0.8,shadow,2,0.9982092696629213,1.232877793207788e-09,49ca16e03f6815580156c5bdd346a0f4c2c0ec87ffd7669520da5a02481cffc6
audit,credit_card_fraud,single_model,missing_features,1.0,audit,3,0.9982443820224719,0.0,e651681aff9ab3f103ad0aa805b89facafa35570932f4e9434946bf7b816121a
audit,credit_card_fraud,mean_ensemble,missing_features,1.0,audit,3,0.9982443820224719,0.0,aff574a1b9646d2a5d0d4e6bec63008b5ad166538407a945f232d965eca99fa4
audit,credit_card_fraud,static_weighted_ensemble,missing_features,1.0,audit,3,0.9982443820224719,0.0,868b0fe30a3e5c143a6fe76d96484c8193c74572b011663ad2500325f102bd64
audit,credit_card_fraud,veto_mavs,missing_features,1.0,audit,3,0.9982443820224719,0.0,92bcad592daa260c6366601a43e838fe9fba2f600108f478f542c3c94dd7a722
audit,credit_card_fraud,pure_mavs_gc,missing_features,1.0,audit,3,0.9982443820224719,0.0,73a5a13b1767054b14a02de28815f4d8c788ba1ef71d24542a78f574a83e16c7
audit,credit_card_fraud,single_model,missing_features,1.0,shadow,2,0.9982443820224719,0.0,dba23574b4e5e54d86cf6731579f3ae9bca99d9d0f5b79a4e581bb35194df57b
audit,credit_card_fraud,mean_ensemble,missing_features,1.0,shadow,2,0.9982443820224719,0.0,82a10f4c1b961d2a23c11e80526ffe6f1bc6e8254d3188f4b5ee53574417737a
audit,credit_card_fraud,static_weighted_ensemble,missing_features,1.0,shadow,2,0.9982443820224719,0.0,24207ee0e94a3203948a58aa7d3bed61fc19d2d04635f05fc368ad4145cb2b5f
audit,credit_card_fraud,veto_mavs,missing_features,1.0,shadow,2,0.9982443820224719,0.0,0c3a4f811d454e8c9c1cfcc0b87731783deb529c21f68a65458da0458742913b
audit,credit_card_fraud,pure_mavs_gc,missing_features,1.0,shadow,2,0.9982443820224719,0.0,553ebf70b33c3445268de639cc7282e3d45f28d9cf19b064a68b88421a922dfe
audit,credit_card_fraud,single_model,random_feature_deletion,0.0,audit,3,0.9992275280898877,0.0,711982a6aea21dfab7cde67e93bc329030dbd58ff9bc2c1da2ff3bd64e009451
audit,credit_card_fraud,mean_ensemble,random_feature_deletion,0.0,audit,3,0.9992275280898877,0.0,a1bc602071b991d3051809d9265a7a365e198069cc72bd3580c181f5bd756faa
audit,credit_card_fraud,static_weighted_ensemble,random_feature_deletion,0.0,audit,3,0.9992275280898877,0.0,0bd215f50d493bcd3820f0568b11f2a98efc3aaffa7d65e1f215ce7e63d3bd19
audit,credit_card_fraud,veto_mavs,random_feature_deletion,0.0,audit,3,0.9992275280898877,0.0,ca06dc29b038d43ec0115c429ad40ba993b6c8347e5c47ec1bcd63fd55bb9e8b
audit,credit_card_fraud,pure_mavs_gc,random_feature_deletion,0.0,audit,3,0.9991573033707866,0.0,a7256aff4d725759ac9b92fdda34f9c5f67acb167114ffff191d414e984a8c6a
audit,credit_card_fraud,single_model,random_feature_deletion,0.0,shadow,2,0.9992275280898877,0.0,8d6f525b6db184f23e8719d5c4e54ef463fc42cdf62c94d941467120c34641d7
audit,credit_card_fraud,mean_ensemble,random_feature_deletion,0.0,shadow,2,0.9992275280898877,0.0,c263ddcbebc45582f7f25741b228471dd82d72a0ce4082fef2c0e51c138bcbc5
audit,credit_card_fraud,static_weighted_ensemble,random_feature_deletion,0.0,shadow,2,0.9992275280898877,0.0,291ff7c780d6966487b14d922a4a2c7a61b97c280f9a6a8f9dc5ed5194eb3a35
audit,credit_card_fraud,veto_mavs,random_feature_deletion,0.0,shadow,2,0.9992275280898877,0.0,59dffea2142fb4d81b3a8f1625f4a1582f671cba44a82858fe6d27bfbc4fb862
audit,credit_card_fraud,pure_mavs_gc,random_feature_deletion,0.0,shadow,2,0.9991573033707866,0.0,33c3ed7db78768b2cf30811b6b81990f3bad721d65af38f03ae8dc2526a2dc50
audit,credit_card_fraud,single_model,random_feature_deletion,0.05,audit,3,0.9989232209737828,2.312330794372443e-07,4da755c2cd0308fd1a0ecf145cfe74ce6dd21fcdd6a3e608eb476765bbb78adf
audit,credit_card_fraud,mean_ensemble,random_feature_deletion,0.05,audit,3,0.9988998127340825,2.147947088611387e-07,f416d10f1af1d70ea3fb0784624158902ac5b8f038c4376698559e32ff072f6f
audit,credit_card_fraud,static_weighted_ensemble,random_feature_deletion,0.05,audit,3,0.9988998127340825,2.147947088611387e-07,df3d2fd39aee6c3ca643a10b85b595a7b1086ea71f2e07065aee5c796d160ad6
audit,credit_card_fraud,veto_mavs,random_feature_deletion,0.05,audit,3,0.9988998127340825,2.147947088611387e-07,f0e924e4915d458e3f095600c7b97f6c68b18532f1a030fed09d1430e58b187f
audit,credit_card_fraud,pure_mavs_gc,random_feature_deletion,0.05,audit,3,0.9988764044943821,2.0054812102851366e-07,525ff736bfdb9242daeab89b3f6cfef05630e557c9fc4381eb55a7a72fc2b20d
audit,credit_card_fraud,single_model,random_feature_deletion,0.05,shadow,2,0.9992626404494382,1.232877793207788e-09,7c1c9372a9c0fa610b2448be4a2cb49d2fdff4581393a62609f0d20a759abb53
audit,credit_card_fraud,mean_ensemble,random_feature_deletion,0.05,shadow,2,0.9992275280898877,0.0,256876614654c555aa5bd245f22971bfbb4995b989f5d7bbbf5c559165c29c21
audit,credit_card_fraud,static_weighted_ensemble,random_feature_deletion,0.05,shadow,2,0.9992275280898877,0.0,0a538b74a2ca6b84c1089dd546e4bf837944cc709cbc9dfbf3ba88927ea63517
audit,credit_card_fraud,veto_mavs,random_feature_deletion,0.05,shadow,2,0.9992275280898877,0.0,0e7e4eae790d9b13a3c58b9f247da4aee7ae4a4470503f5886f024a9babe9eab
audit,credit_card_fraud,pure_mavs_gc,random_feature_deletion,0.05,shadow,2,0.9991924157303371,1.232877793207788e-09,eb9d8dc9ac2dd10275729e6684715fa5337ab2bea99098a2bf23384a1351258f
audit,credit_card_fraud,single_model,random_feature_deletion,0.1,audit,3,0.9992509363295881,1.0958913717402564e-09,b8e0fa46afc2b4ba493145af98dff0917296686f544d61857c49987e50273aa3
audit,credit_card_fraud,mean_ensemble,random_feature_deletion,0.1,audit,3,0.9992275280898877,0.0,036e50455f07223ad2bfe6d77f334e611ab10dd26e2f52389eaac3491145ecb6
audit,credit_card_fraud,static_weighted_ensemble,random_feature_deletion,0.1,audit,3,0.9992275280898877,0.0,761fc3e3551fa8c3f0f6173a89e10ce8564f1f6437a43dddaba6d837a716249c
audit,credit_card_fraud,veto_mavs,random_feature_deletion,0.1,audit,3,0.9992275280898877,0.0,e474bf9bdeb347dfeae605d78ae5e711bccf1ac0755528ccd2baa1c17bb8ccfb
audit,credit_card_fraud,pure_mavs_gc,random_feature_deletion,0.1,audit,3,0.9991807116104869,1.0958913717402564e-09,bdd526883e0124643ab03b3c441abf91e547461b2222026321d0ac1fb4460a98
audit,credit_card_fraud,single_model,random_feature_deletion,0.1,shadow,2,0.9989115168539326,6.041101186720891e-08,8e17d720ad47902868b4892745cd30a798c9e35a06dd6b3a4e83c524bc2e6e01
audit,credit_card_fraud,mean_ensemble,random_feature_deletion,0.1,shadow,2,0.9988412921348315,6.041101186720891e-08,2f41b710c8efc075f88f465e1d290d554ccf704c9508145f76efc9cc1e65aeea
audit,credit_card_fraud,static_weighted_ensemble,random_feature_deletion,0.1,shadow,2,0.998806179775281,1.2328777932081778e-07,4a626607f2b98f341eec4abb43ac85beb21bf83abbdec536541a9e74aba0232e
audit,credit_card_fraud,veto_mavs,random_feature_deletion,0.1,shadow,2,0.9988412921348315,6.041101186720891e-08,5a32630f3997fcc8668d308a0211851c6f6d4d64a8b4a7fcfbcda913a4b98484
audit,credit_card_fraud,pure_mavs_gc,random_feature_deletion,0.1,shadow,2,0.9986657303370786,1.2328777932077882e-07,a79c8e65996f53609a71f3a643731fa3e0ca178dd6dabc2bdbdb2961c2de400a
audit,credit_card_fraud,single_model,random_feature_deletion,0.2,audit,3,0.9984784644194756,1.0958913717402562e-07,1d8450adee14818ef8b1357bfab3c0b57870543ccb45f83e43502070b6dec78b
audit,credit_card_fraud,mean_ensemble,random_feature_deletion,0.2,audit,3,0.9984784644194756,1.0958913717402562e-07,80ee5e949a0bb91cad40d83b4f2f519bfef7ef727c0d7d403b13379787b29704
audit,credit_card_fraud,static_weighted_ensemble,random_feature_deletion,0.2,audit,3,0.9984784644194756,1.0958913717402562e-07,2aebd3ea3c2c76280ff772af822ce6aa7c3a784f9d34cde9ed5a0d760530a204
audit,credit_card_fraud,veto_mavs,random_feature_deletion,0.2,audit,3,0.9984784644194756,1.0958913717402562e-07,9f479eaaa54d6f9523cf7e1be0e5bc8c14909e7683c827a7cabf9fcba436e82b
audit,credit_card_fraud,pure_mavs_gc,random_feature_deletion,0.2,audit,3,0.9983848314606741,3.945208938264921e-08,eaf4121ee3626ea77487479ff67b20abb5f54b1ac88d484ae167774e80841492
audit,credit_card_fraud,single_model,random_feature_deletion,0.2,shadow,2,0.999122191011236,1.1095900138881789e-08,8d080eb2ee43bb12b428a10c1577b9bc89e5bfd8cf52f87b54255af1ffe8e390
audit,credit_card_fraud,mean_ensemble,random_feature_deletion,0.2,shadow,2,0.9989466292134832,7.890417876532962e-08,006f9e342b71d2f463b81bb7555bcc3e3147b1f01cdc2c4408a8101364c00938
audit,credit_card_fraud,static_weighted_ensemble,random_feature_deletion,0.2,shadow,2,0.999122191011236,1.1095900138881789e-08,4955e2cfefae06a6ec2e51c64256a1b866ce5b6048e9a51c91fe25f1cd43084d
audit,credit_card_fraud,veto_mavs,random_feature_deletion,0.2,shadow,2,0.9989466292134832,7.890417876532962e-08,c56dd18057b1d943f295438f9abd66dc4c48fd2b34324205ee8a67d2ae273a53
audit,credit_card_fraud,pure_mavs_gc,random_feature_deletion,0.2,shadow,2,0.9989817415730338,6.041101186720891e-08,b122b4b41c28696e525bdcaa952fd250bfecfed67ddcd8c8c58abafa517691ff
audit,credit_card_fraud,single_model,random_feature_deletion,0.4,audit,3,0.9985720973782771,2.147947088611387e-07,72be8fb8fed0aec77190d3baad953fd1df8b95c3cef529e04cb526ba87b06028
audit,credit_card_fraud,mean_ensemble,random_feature_deletion,0.4,audit,3,0.9985252808988764,1.5780835753063846e-07,b766a3b37348121448125477cf5926db45c65b6338f5efd0bd914dcfa69ad9d5
audit,credit_card_fraud,static_weighted_ensemble,random_feature_deletion,0.4,audit,3,0.9985486891385768,1.8520564182414833e-07,ab8b95a7c79e4a935e169ff42ac172f65049172d39503fc4a6d4cd55ffd2b140
audit,credit_card_fraud,veto_mavs,random_feature_deletion,0.4,audit,3,0.9985252808988764,1.5780835753063846e-07,c63ae257bab3ab6f8aa414937c59e72953e4c8b59e22d8dfada7454e58476c04
audit,credit_card_fraud,pure_mavs_gc,random_feature_deletion,0.4,audit,3,0.9982443820224719,0.0,f7c63bf21fbc9b3fc5e2cda504dc959d57be644343caa818557f3d83cf7356c7
audit,credit_card_fraud,single_model,random_feature_deletion,0.4,shadow,2,0.9990168539325843,4.438360055550377e-08,dae837e2792f26d9865928f62beddd5ff3eda00c0edcb33f1b5a04e5fe3814b6
audit,credit_card_fraud,mean_ensemble,random_feature_deletion,0.4,shadow,2,0.9989817415730338,9.986310124986593e-08,6a56513ec15767e69876978a8b2c5fc8a4ab51aeebfa30bfad778bd15a8e7dbe
audit,credit_card_fraud,static_weighted_ensemble,random_feature_deletion,0.4,shadow,2,0.9990519662921349,3.08219448302142e-08,61a2290deeccba8f1b2f1fc92e47e6e82096e78c741a0bcf4aa03b5d3066b0ea
audit,credit_card_fraud,veto_mavs,random_feature_deletion,0.4,shadow,2,0.9989817415730338,9.986310124986593e-08,d9e61b0a817581e1f7e2b96aa149d5ed3f0736b1e74f997e161dc12b2843781f
audit,credit_card_fraud,pure_mavs_gc,random_feature_deletion,0.4,shadow,2,0.9987008426966292,3.0821944830194705e-08,a8f80a180cce70cb7cd58d9a4d82109d780b5dc40e7421349137b7a844e79338
audit,credit_card_fraud,single_model,random_feature_deletion,0.6,audit,3,0.9982443820224719,0.0,4c9f8395e2fd1d8b0468e0187d16dd17f2b13c05bc0438b6ec29855b9c87b77b
audit,credit_card_fraud,mean_ensemble,random_feature_deletion,0.6,audit,3,0.9982443820224719,0.0,9af884d249af8a70fa964a989272bcf8180e911a4f1a3bda7cef68ee35cebec3
audit,credit_card_fraud,static_weighted_ensemble,random_feature_deletion,0.6,audit,3,0.9982443820224719,0.0,1b9f34f1da5f115bc0464b50e89bc46aaa6b2bbfcb560dcf07869b84369a0367
audit,credit_card_fraud,veto_mavs,random_feature_deletion,0.6,audit,3,0.9982443820224719,0.0,8b44f8d3e3a6a399e9621eb9173e1facfbcae247f2c4ab163e905bf9ce1a4282
audit,credit_card_fraud,pure_mavs_gc,random_feature_deletion,0.6,audit,3,0.9982443820224719,0.0,20ff73cba7dd39dfe6c798257bb80a4ee3873ee954e2b7cc5d41ca0451828ce0
audit,credit_card_fraud,single_model,random_feature_deletion,0.6,shadow,2,0.9984901685393258,9.986310124983084e-08,8b8443294a1d6bdd8de3199500684b2e6a16ae78f8c458c859a46ba69d7dad90
audit,credit_card_fraud,mean_ensemble,random_feature_deletion,0.6,shadow,2,0.9983848314606741,4.4383600555480376e-08,440e2333d63c3f144f8b0c115056f92023fd0113c1a7b3773382b8d96534d878
audit,credit_card_fraud,static_weighted_ensemble,random_feature_deletion,0.6,shadow,2,0.9984199438202247,6.041101186718162e-08,7cd388f751fe0d15903c840ebcd56fad29e3a33d290ec99aa68bfab69559fc6d
audit,credit_card_fraud,veto_mavs,random_feature_deletion,0.6,shadow,2,0.9983848314606741,4.4383600555480376e-08,6ae10eda5315aa4e69af6eb971bff99c84ba0f5c0b42d79cfdac64ff6ad2ec29
audit,credit_card_fraud,pure_mavs_gc,random_feature_deletion,0.6,shadow,2,0.9982443820224719,0.0,4ee04ad47ed8c4f7601835adccab405cb618864de38475bf698e86a010efd7ce
audit,credit_card_fraud,single_model,random_feature_deletion,0.8,audit,3,0.9982443820224719,0.0,031c3bde7fd0a341dfd268e56827833d3b044a9c0e49fe81fe03f8f73b3956f2
audit,credit_card_fraud,mean_ensemble,random_feature_deletion,0.8,audit,3,0.9982443820224719,0.0,28a2921ff11c5c3ea834daa9c517ef0a4617c97f3084d29b8ac068bad7d33d71
audit,credit_card_fraud,static_weighted_ensemble,random_feature_deletion,0.8,audit,3,0.9982443820224719,0.0,ea3f9675444a5cb89851e054758c53f15d2ca44dcdc21f219231487445e3ab5e
audit,credit_card_fraud,veto_mavs,random_feature_deletion,0.8,audit,3,0.9982443820224719,0.0,b2dba2d87c5ad5fa623b9982be8198a98fdfa9603e4d6e97b9ec1c7f8fa9e4d0
audit,credit_card_fraud,pure_mavs_gc,random_feature_deletion,0.8,audit,3,0.9982443820224719,0.0,98d3d6019af8e86ce3c8e756f153867aa7fe2e340d03630c375048be22967e49
audit,credit_card_fraud,single_model,random_feature_deletion,0.8,shadow,2,0.9982443820224719,0.0,ea323e77c481c654154804fdc7fbd3c96675bbe84e65d52074c790ca7f1d47c1
audit,credit_card_fraud,mean_ensemble,random_feature_deletion,0.8,shadow,2,0.9982443820224719,0.0,826560deb5e6c88f90fd54adddeb0455590a2ee99f75b40e6717d52647a34bfd
audit,credit_card_fraud,static_weighted_ensemble,random_feature_deletion,0.8,shadow,2,0.9982443820224719,0.0,f8b3042a440f1134f8570535e17a92dc59a350004da4ebba28342d71028636f2
audit,credit_card_fraud,veto_mavs,random_feature_deletion,0.8,shadow,2,0.9982443820224719,0.0,638e4228041b52379659df38ba96c951808753610b2f22000aadc9cdef75b407
audit,credit_card_fraud,pure_mavs_gc,random_feature_deletion,0.8,shadow,2,0.9982443820224719,0.0,a186ed370ab4ae8dd1021ab4a2563d54da8be2ff49a9ab52f77d28d177fdcfac
audit,credit_card_fraud,single_model,random_feature_deletion,1.0,audit,3,0.9982443820224719,0.0,b0213e4860efc0a38bc7bb00e757bf4796502300d81dd4fd6a953eb4c5d7325d
audit,credit_card_fraud,mean_ensemble,random_feature_deletion,1.0,audit,3,0.9982443820224719,0.0,6f613e487453f24356c6e093a05da88d0eeed7e2a8f2197b600fe3f663ebe2b5
audit,credit_card_fraud,static_weighted_ensemble,random_feature_deletion,1.0,audit,3,0.9982443820224719,0.0,c6984d61f034c888ca127ecf062075b28563d0424b0e5c6307a6fb99f86c915e
audit,credit_card_fraud,veto_mavs,random_feature_deletion,1.0,audit,3,0.9982443820224719,0.0,e86aae034f3ce9f2266ac64cce936b6a8ee169d98923cfdebc3349de55bb02ae
audit,credit_card_fraud,pure_mavs_gc,random_feature_deletion,1.0,audit,3,0.9982443820224719,0.0,665f2ec68c29e749d8b14e5a5d9ccacdc47b298a7b7fcf03ecb577e6e4dfaf97
audit,credit_card_fraud,single_model,random_feature_deletion,1.0,shadow,2,0.9982443820224719,0.0,77e707d4ac9321228d67ad88def38e2e95417b86292e05a0bfbde0f620a60bc0
audit,credit_card_fraud,mean_ensemble,random_feature_deletion,1.0,shadow,2,0.9982443820224719,0.0,f4f3b51ada47daccc77a7bd509c9422165a91b3953760ec3ca443fe23bef3d5c
audit,credit_card_fraud,static_weighted_ensemble,random_feature_deletion,1.0,shadow,2,0.9982443820224719,0.0,4bc847c0eddb46203bf951065f3e469baf394d9ba705ad68f322cc53631e4398
audit,credit_card_fraud,veto_mavs,random_feature_deletion,1.0,shadow,2,0.9982443820224719,0.0,8085b6f00effc17839a9749912bde280b55dc07cb54cacdac66730dbec7aed1a
audit,credit_card_fraud,pure_mavs_gc,random_feature_deletion,1.0,shadow,2,0.9982443820224719,0.0,3229f32096651b50f713fe94dc69be3eff0e6bde407de554641b1b3e87b83901
audit,credit_card_fraud,single_model,label_noise,0.0,audit,3,0.9992275280898877,0.0,61d3e1daba9667f1ae8c8502c4a2e08f69fa0c6406c80c2ab92250ac7eeb536a
audit,credit_card_fraud,mean_ensemble,label_noise,0.0,audit,3,0.9992275280898877,0.0,68ba875a7d56fa06d1fd13f08c117b652ea722dee2371da1a83abd7e4ce3edac
audit,credit_card_fraud,static_weighted_ensemble,label_noise,0.0,audit,3,0.9992275280898877,0.0,c5b22daf9b8bbaea33975029a371c0760ad05a9ed5af2b8dba37e40efa11babf
audit,credit_card_fraud,veto_mavs,label_noise,0.0,audit,3,0.9992275280898877,0.0,6b27f43dd2476b594bab7b0ccc2d4cb97d6cacb62954c62bdba0b8834328d7c2
audit,credit_card_fraud,pure_mavs_gc,label_noise,0.0,audit,3,0.9991573033707866,0.0,4e38ad34e9c62ac1cc1d0fb40f456a70266a0c994b43823364f8e5772fc6fbdc
audit,credit_card_fraud,single_model,label_noise,0.0,shadow,2,0.9992275280898877,0.0,987940176e4c343c3365c34526c4503f5106ff5da92dc96842933952eb6b105c
audit,credit_card_fraud,mean_ensemble,label_noise,0.0,shadow,2,0.9992275280898877,0.0,918f35e720445d87c9760b61a60925df5f6bf06ab84b6e9bbcacf91ebc9a00f0
audit,credit_card_fraud,static_weighted_ensemble,label_noise,0.0,shadow,2,0.9992275280898877,0.0,cb73521d4a3083d2808212c629a45d486bb7e1caa39453e32fb43e6e40bbd37b
audit,credit_card_fraud,veto_mavs,label_noise,0.0,shadow,2,0.9992275280898877,0.0,64d5209420f181ccc987d6f33b18b41152c802aad17f8757e5e86fb6e317c624
audit,credit_card_fraud,pure_mavs_gc,label_noise,0.0,shadow,2,0.9991573033707866,0.0,11d9d6387d7bdee40bfec4e301010d60351d966120517e110c873bfea39f75b1
audit,credit_card_fraud,single_model,label_noise,0.05,audit,3,0.9992275280898877,0.0,2cf332da98207e0cd0b0da1e1083e013c9f13d49dd359f9a7dad9f38432e8496
audit,credit_card_fraud,mean_ensemble,label_noise,0.05,audit,3,0.9992275280898877,0.0,dc5f085bfe3cb347b19baa0a38533329a9931b9a2dd6b21bc4068f95e83c5593
audit,credit_card_fraud,static_weighted_ensemble,label_noise,0.05,audit,3,0.9992275280898877,0.0,c728d130e65941abacbfaa16e0018697e8a7f6f8c4e29c79d7e7edbd126fcb25
audit,credit_card_fraud,veto_mavs,label_noise,0.05,audit,3,0.9992275280898877,0.0,4058f02869bf60a8c18ad0ab62ed493f4729f7239aebd481270b8ab1262f6411
audit,credit_card_fraud,pure_mavs_gc,label_noise,0.05,audit,3,0.9991573033707866,0.0,bae4ce78bd9d180def9b13fc137c478cf3912bf67b3b5b9792a13856dafc9ec5
audit,credit_card_fraud,single_model,label_noise,0.05,shadow,2,0.9992275280898877,0.0,a4bec6b84627d886aafde78d01cb47c415a7431ada16c615c8c43191cc9429d3
audit,credit_card_fraud,mean_ensemble,label_noise,0.05,shadow,2,0.9992275280898877,0.0,cc88fa399f9c2470efbaaefeaa3388040da2fe7bcf5148ab4c519c98d6c8412b
audit,credit_card_fraud,static_weighted_ensemble,label_noise,0.05,shadow,2,0.9992275280898877,0.0,2456c64b32864586e29e9ee815ee6d8925c540dceaf299c99698b8f0c42d42f2
audit,credit_card_fraud,veto_mavs,label_noise,0.05,shadow,2,0.9992275280898877,0.0,7f201ed6e5766b57efa32e35ca8db5d2a4ff947a10de74972e8fcfde99ceb458
audit,credit_card_fraud,pure_mavs_gc,label_noise,0.05,shadow,2,0.9991573033707866,0.0,0698d4e6822648dbaf60f8ea470fdbe24c78542b6d2d2eb4e84f48dd05d921c2
audit,credit_card_fraud,single_model,label_noise,0.1,audit,3,0.9992275280898877,0.0,2889963eb105b52e66d1f40df1d28554fe45f7b10a0ef963a8514cd2140e8ea5
audit,credit_card_fraud,mean_ensemble,label_noise,0.1,audit,3,0.9992275280898877,0.0,73d2a2b06d3100345a27e4b26eaca300a2f379da7b3be606dfa65bc0139d5909
audit,credit_card_fraud,static_weighted_ensemble,label_noise,0.1,audit,3,0.9992275280898877,0.0,453fe563faa7fa29f58234f3c79852c183ed1050839200666e35a9d8539ac9f3
audit,credit_card_fraud,veto_mavs,label_noise,0.1,audit,3,0.9992275280898877,0.0,a558afad51a98d6a906f6d74a6ef837bc50a4c293e19d62b4815ef8f2d4c33ee
audit,credit_card_fraud,pure_mavs_gc,label_noise,0.1,audit,3,0.9991573033707866,0.0,15d19b034ed9a376586d5cd94a2aefb39f0af0ec046d72722d7c450a663c120f
audit,credit_card_fraud,single_model,label_noise,0.1,shadow,2,0.9992275280898877,0.0,541e888a18deeedfd86be94cef4b155bdb9437102991aeab94e17cc21125dd50
audit,credit_card_fraud,mean_ensemble,label_noise,0.1,shadow,2,0.9992275280898877,0.0,861c4d4cc96f80be08a87e4ea73d156589323afd93b6f16ea9ae8b867b70900a
audit,credit_card_fraud,static_weighted_ensemble,label_noise,0.1,shadow,2,0.9992275280898877,0.0,5fa7d89ff1a5a384ea7845198714416d1401847e861d307fb51b5cd55f2d2923
audit,credit_card_fraud,veto_mavs,label_noise,0.1,shadow,2,0.9992275280898877,0.0,adcbee8efd85d31bd73a71ce41c8399abc681bc7169641d4744a103addfebfa0
audit,credit_card_fraud,pure_mavs_gc,label_noise,0.1,shadow,2,0.9991573033707866,0.0,ac4fdbd12c1981d21cc41046f8b39ecb4df7263d75efb0f70d493c2415631758
audit,credit_card_fraud,single_model,label_noise,0.2,audit,3,0.9992275280898877,0.0,139ef3dbf4f96191d89a990f31af0c6588b6ba63dae6790ceafca208f2f90cec
audit,credit_card_fraud,mean_ensemble,label_noise,0.2,audit,3,0.9992275280898877,0.0,03774bbf97a593c7dc089b14ae6859ad1aafc3e4a47fa3ca28d2b224abc7dfdf
audit,credit_card_fraud,static_weighted_ensemble,label_noise,0.2,audit,3,0.9992275280898877,0.0,500a985441294bb2f92a92bde466846a295248b073d7faa83e7e31f15bba34e9
audit,credit_card_fraud,veto_mavs,label_noise,0.2,audit,3,0.9992275280898877,0.0,82eb6355c8ecb75e345a3a339bf983608469ec5ee285d685fbc475c8e01dd677
audit,credit_card_fraud,pure_mavs_gc,label_noise,0.2,audit,3,0.9991573033707866,0.0,913135cd89118232ac5e80dc1543c36cfb46df35136a153da7a0ac3002109f61
audit,credit_card_fraud,single_model,label_noise,0.2,shadow,2,0.9992275280898877,0.0,1fbe65c8af10dd3dd615075b61d2fa67025ed0ec7608189d708f8d50da01bf4c
audit,credit_card_fraud,mean_ensemble,label_noise,0.2,shadow,2,0.9992275280898877,0.0,641cfaf1de6eb241367483b651fd238a28589012543ed71356eee0f361a6480b
audit,credit_card_fraud,static_weighted_ensemble,label_noise,0.2,shadow,2,0.9992275280898877,0.0,d489bbe14da8a382d22b16d23fb196172d8f5dd6c4b5920dc52be9863b8cf076
audit,credit_card_fraud,veto_mavs,label_noise,0.2,shadow,2,0.9992275280898877,0.0,05225026b6252a034476c602467ab37f4ba4adff39d2ee0784448f0b9f58204f
audit,credit_card_fraud,pure_mavs_gc,label_noise,0.2,shadow,2,0.9991573033707866,0.0,e4943875a93b7cafd2caca66f5055dccc72b466d25d393b8567237530cc5a2de
audit,credit_card_fraud,single_model,label_noise,0.4,audit,3,0.9992275280898877,0.0,bf9173b170c0ae1139aaf56d26e9844683e2070ea6e515721ab25a5678533275
audit,credit_card_fraud,mean_ensemble,label_noise,0.4,audit,3,0.9992275280898877,0.0,4c5867551a281e0345a4d8209abe93daaf7f9fb457e7b8d055b29d271a9999e7
audit,credit_card_fraud,static_weighted_ensemble,label_noise,0.4,audit,3,0.9992275280898877,0.0,6402bd3cc5191b25ccca77cc7f266bc23a0fb022b0d4c1eb43a58ddb41e65e0e
audit,credit_card_fraud,veto_mavs,label_noise,0.4,audit,3,0.9992275280898877,0.0,48391fa70b36ce87184e0f403fc65110430f1ef850e70fde486df53b2094250c
audit,credit_card_fraud,pure_mavs_gc,label_noise,0.4,audit,3,0.9991573033707866,0.0,1c59905697cc671c50151d3da87884170492ff0e4cd80e1bb2d3c985968b4115
audit,credit_card_fraud,single_model,label_noise,0.4,shadow,2,0.9992275280898877,0.0,2f9a3c404a3e41788299452f40e5cf509ad14ed3bccd290884393af262a5db1c
audit,credit_card_fraud,mean_ensemble,label_noise,0.4,shadow,2,0.9992275280898877,0.0,9dfcec73dd910ea72c5e11e6e9f120013133b5caadd9efb42f5f587d9626aa5a
audit,credit_card_fraud,static_weighted_ensemble,label_noise,0.4,shadow,2,0.9992275280898877,0.0,0f526a8eaeccf05dbcf417c1418dad6bc430ba3688ef20fc8535d1d271bd1060
audit,credit_card_fraud,veto_mavs,label_noise,0.4,shadow,2,0.9992275280898877,0.0,c519b23baac2f4c31d4a6f1b7e4a8c8dfbf4fb68ce89cd1b89599855466f03d5
audit,credit_card_fraud,pure_mavs_gc,label_noise,0.4,shadow,2,0.9991573033707866,0.0,c1960ad60e53f5d30650b301cecabb54cdb5f34a1063b4c65cd53ccb9ee48b68
audit,credit_card_fraud,single_model,label_noise,0.6,audit,3,0.9992275280898877,0.0,d78881e44fe2c18c0a0afe81d25347de37d14d033535099592619fd04e3ffa0e
audit,credit_card_fraud,mean_ensemble,label_noise,0.6,audit,3,0.9992275280898877,0.0,76d9286f2964251f959fdca23f8190b11c9d0569126a75a499ba45aa6b2b1675
audit,credit_card_fraud,static_weighted_ensemble,label_noise,0.6,audit,3,0.9992275280898877,0.0,27af845c8bc86c94e2bb7e14ae6b47640c4744105658edba8ea3c1eaec2334ba
audit,credit_card_fraud,veto_mavs,label_noise,0.6,audit,3,0.9992275280898877,0.0,38cfd9cdde49cf3de24f7604b93d84afb1829137229ecae10aa2383e58f108b2
audit,credit_card_fraud,pure_mavs_gc,label_noise,0.6,audit,3,0.9991573033707866,0.0,537636330323296afef0eb4b75f8dc75b12edbf3aa265938ee37b660b2fff324
audit,credit_card_fraud,single_model,label_noise,0.6,shadow,2,0.9992275280898877,0.0,1b0799de8905e41c3432ad0b51d1ef3256287ac2bbb8e5674036a77d2d121113
audit,credit_card_fraud,mean_ensemble,label_noise,0.6,shadow,2,0.9992275280898877,0.0,66462b453e9bf32db9d192df4c5068da25a7a4a0f24d551f36590d0f34b1b6f0
audit,credit_card_fraud,static_weighted_ensemble,label_noise,0.6,shadow,2,0.9992275280898877,0.0,622cd1280545df6642443fbc3f021bd066aa8a4b3c3a7ea471186238b1fd8eb8
audit,credit_card_fraud,veto_mavs,label_noise,0.6,shadow,2,0.9992275280898877,0.0,40365dfe848bdae09824fbb7059b21d8344812b8a0237ea4e5cbeb73bfef2c0d
audit,credit_card_fraud,pure_mavs_gc,label_noise,0.6,shadow,2,0.9991573033707866,0.0,9cd572fd44bf0a3d76aeff0290bd93c42753a630299717e76eb6f4e0fadb7103
audit,credit_card_fraud,single_model,label_noise,0.8,audit,3,0.9992275280898877,0.0,f0d702e7af44d0bac5cb965c62d757c054d5d282c7a9b3b3ac8687d9c728541e
audit,credit_card_fraud,mean_ensemble,label_noise,0.8,audit,3,0.9992275280898877,0.0,e178616b6278532ce635b0cd31035f3551bb4b86df3a1077011597e28f917642
audit,credit_card_fraud,static_weighted_ensemble,label_noise,0.8,audit,3,0.9992275280898877,0.0,dfb3cc28f287846a641e17d41b145a6a1fde1def5e21c05cc0e3d36c45516769
audit,credit_card_fraud,veto_mavs,label_noise,0.8,audit,3,0.9992275280898877,0.0,28d1b269cdf148e909239a9bc9ed33d3fc473fa520892e2b6b766fd0c1c97533
audit,credit_card_fraud,pure_mavs_gc,label_noise,0.8,audit,3,0.9991573033707866,0.0,d1174e42f116b3441a73ca3c3b0e5f71f22c688fbafdb5a0824285b3aa6e0a2f
audit,credit_card_fraud,single_model,label_noise,0.8,shadow,2,0.9992275280898877,0.0,3576126267fb93dbd312a7081106e0d41aeda0a5b7efbf1769ec02cc961550be
audit,credit_card_fraud,mean_ensemble,label_noise,0.8,shadow,2,0.9992275280898877,0.0,8b0ab0557c58a382c1a1cb11c4d559f2a492a1391e64bf934192f5fb5913a7f5
audit,credit_card_fraud,static_weighted_ensemble,label_noise,0.8,shadow,2,0.9992275280898877,0.0,45ab462550bbe7b15ea682ef02aadd3558fe2143de900d0ce8324d5d2a5323f8
audit,credit_card_fraud,veto_mavs,label_noise,0.8,shadow,2,0.9992275280898877,0.0,f2cf61c6c46ea584e362a612e4fb5baaf9191816931d6df9d2f6e97b1caa6572
audit,credit_card_fraud,pure_mavs_gc,label_noise,0.8,shadow,2,0.9991573033707866,0.0,78489d52d6db83325eaa65aa0a0073c14e61130cfaf51e7e1d942a7d9e3f3625
audit,credit_card_fraud,single_model,label_noise,1.0,audit,3,0.9992275280898877,0.0,301e1726328f6fa58f4116df7ddb27c84be507a49a676a22c6f56eb530b60688
audit,credit_card_fraud,mean_ensemble,label_noise,1.0,audit,3,0.9992275280898877,0.0,ecf4017513d8c436b1b59b9b637dd468922c7a1195b7ad0e38fe0bad5a2a8f59
audit,credit_card_fraud,static_weighted_ensemble,label_noise,1.0,audit,3,0.9992275280898877,0.0,c46dc2886da9215d1140e2bc59db788f762c0676f6862a44133aa38790e55830
audit,credit_card_fraud,veto_mavs,label_noise,1.0,audit,3,0.9992275280898877,0.0,42d94798746e8d8e85726c40b62c995cb008ba5ff34b9fe4605b81f94eaeb942
audit,credit_card_fraud,pure_mavs_gc,label_noise,1.0,audit,3,0.9991573033707866,0.0,ba746c656c7829762e06f9d1d0d6be7c2af3486a0ce0aafae644781e916bde0e
audit,credit_card_fraud,single_model,label_noise,1.0,shadow,2,0.9992275280898877,0.0,f19a405cb376ef8389720c6a1b00537229acbcd778d735674f05096e399cf578
audit,credit_card_fraud,mean_ensemble,label_noise,1.0,shadow,2,0.9992275280898877,0.0,5346c8055a2f5126a4492accd3350f7e60702087ea65eb4854a9bfecd7b43ab1
audit,credit_card_fraud,static_weighted_ensemble,label_noise,1.0,shadow,2,0.9992275280898877,0.0,6e3217d53431845622bb6aba1d6db6a706a58e1bebdf9dc5dd8f54758e618b18
audit,credit_card_fraud,veto_mavs,label_noise,1.0,shadow,2,0.9992275280898877,0.0,f399674f3dde7bce1ff3aa6bbeffe8d0cc624e119ddc755b6a670979afaa9137
audit,credit_card_fraud,pure_mavs_gc,label_noise,1.0,shadow,2,0.9991573033707866,0.0,7daf3d1ce1d5983b6fe5352d44df3b7ffd4edd4802cad3958a8ef412ba69be86
audit,credit_card_fraud,single_model,confidence_distortion,0.0,audit,3,0.9992275280898877,0.0,4e627c1dc45bdb14106df74cfe59d930c105f5ab08e924e4cad49fc473da2f33
audit,credit_card_fraud,mean_ensemble,confidence_distortion,0.0,audit,3,0.9992275280898877,0.0,8ba5fc55ce247df910ab6d3b12f3ace40c5f30b6c62705fd8f303fcb39e74108
audit,credit_card_fraud,static_weighted_ensemble,confidence_distortion,0.0,audit,3,0.9992275280898877,0.0,0c22c123a6d95aa46565e98b2d8abd94bf19c2b9c3576f22360886fef464ab55
audit,credit_card_fraud,veto_mavs,confidence_distortion,0.0,audit,3,0.9992275280898877,0.0,b75bfe0a68e6cd7b52e552ae9de98620dfdd8be77d40cee6a628ae4e47167798
audit,credit_card_fraud,pure_mavs_gc,confidence_distortion,0.0,audit,3,0.9991573033707866,0.0,5499b367f7751657462b367e50c124e0f097909041598eba616f62fa8020985c
audit,credit_card_fraud,single_model,confidence_distortion,0.0,shadow,2,0.9992275280898877,0.0,772a37f2b1b6b236e313422c29fe080a255532aba614e88eda920ea5677da345
audit,credit_card_fraud,mean_ensemble,confidence_distortion,0.0,shadow,2,0.9992275280898877,0.0,4902465feaba3e3bd8f6bcff675aefcb48c447efa71de0828a8d77984b42c9da
audit,credit_card_fraud,static_weighted_ensemble,confidence_distortion,0.0,shadow,2,0.9992275280898877,0.0,61fda24c0ce8f5f3746a621bb0ceb7ca618e3998480e3abf63fb71f7b8543c3c
audit,credit_card_fraud,veto_mavs,confidence_distortion,0.0,shadow,2,0.9992275280898877,0.0,9b61960a8fea5634768f8d34321387c9aa9994407fcc09f626afc82891b0d0ce
audit,credit_card_fraud,pure_mavs_gc,confidence_distortion,0.0,shadow,2,0.9991573033707866,0.0,4734955d951dae3e8976f69693ee6a9c9dbc19c90a2f24237a659ea7dab1bd1d
audit,credit_card_fraud,single_model,confidence_distortion,0.05,audit,3,0.9992275280898877,0.0,1342ef6c8dd3f7d7f1f549d562f400e5fdef15c25eaed60ae6aa4e96a022e7b9
audit,credit_card_fraud,mean_ensemble,confidence_distortion,0.05,audit,3,0.9992275280898877,0.0,cbcc603ab81856099889f6aeddb39d7387a42d0e7f6f54f0f16e52715ed18b12
audit,credit_card_fraud,static_weighted_ensemble,confidence_distortion,0.05,audit,3,0.9992275280898877,0.0,a92659f46301c8a45a03e3617c4ceb1e967a953655714547848b2c9920ee2c08
audit,credit_card_fraud,veto_mavs,confidence_distortion,0.05,audit,3,0.9992275280898877,0.0,ee2cf8232a970034e18ee2a7d8de39860fdf91100e5cd42f3e476e4896589319
audit,credit_card_fraud,pure_mavs_gc,confidence_distortion,0.05,audit,3,0.9991573033707866,0.0,2c53c7da362d4bd161b22312510f0f771ae434e4c8e88cb8f25276da83d2596a
audit,credit_card_fraud,single_model,confidence_distortion,0.05,shadow,2,0.9992275280898877,0.0,8b64fb03d3db862372cbe2a13772e75105d5f62427db76e0a2227321d926e036
audit,credit_card_fraud,mean_ensemble,confidence_distortion,0.05,shadow,2,0.9992275280898877,0.0,60c1326a193266ac7286afe67fca2ebb7af174432f280df290530516c13183e0
audit,credit_card_fraud,static_weighted_ensemble,confidence_distortion,0.05,shadow,2,0.9992275280898877,0.0,4ef5e8c2785281860d405983068eafb3c294f2a6096048631132f5ad329d0a41
audit,credit_card_fraud,veto_mavs,confidence_distortion,0.05,shadow,2,0.9992275280898877,0.0,76b6a20ec268848420de58f1301a4f9e359db759af48fe3d0333371cd3fb2c5f
audit,credit_card_fraud,pure_mavs_gc,confidence_distortion,0.05,shadow,2,0.9991573033707866,0.0,b91a245ec13ab2dcc3a1d5884e5a44773fce0949c03eb72497ec4b5337b9c7de
audit,credit_card_fraud,single_model,confidence_distortion,0.1,audit,3,0.9992275280898877,0.0,4d49a0a617a7c795bec539ad66fddc2ddc4e6d11be2421ce9ce58df3cf9e2c60
audit,credit_card_fraud,mean_ensemble,confidence_distortion,0.1,audit,3,0.9992275280898877,0.0,ccee072488199322d958407c356ff0b5e3c1c512a0af4c108f2b28f7b2d6e88b
audit,credit_card_fraud,static_weighted_ensemble,confidence_distortion,0.1,audit,3,0.9992275280898877,0.0,ef3a2ca90591d6579a5210877afb6bfdcc56a56ec2891a6f7997c7174b41b860
audit,credit_card_fraud,veto_mavs,confidence_distortion,0.1,audit,3,0.9992275280898877,0.0,4cfa32ad1dfcb4a12ecf6330ca45bca3ef6cda69a618000dbba53980fc570d13
audit,credit_card_fraud,pure_mavs_gc,confidence_distortion,0.1,audit,3,0.9991573033707866,0.0,83984b1912b2b496c967e9d81f4ac3869acb1ff01bd2943117f2ebacb3794250
audit,credit_card_fraud,single_model,confidence_distortion,0.1,shadow,2,0.9992275280898877,0.0,6d114905307f2a2141e963e03da1c80c6acbfe3bbef6000625f5781312eda456
audit,credit_card_fraud,mean_ensemble,confidence_distortion,0.1,shadow,2,0.9992275280898877,0.0,cf644cdb0266ecb7f641b3e656172e08438eb212be20363b8d5c6b78dc136756
audit,credit_card_fraud,static_weighted_ensemble,confidence_distortion,0.1,shadow,2,0.9992275280898877,0.0,0c6108ee2fe757f5a1bba9d6d04b894d0695c808d9b2845a2d50c8d431a5433a
audit,credit_card_fraud,veto_mavs,confidence_distortion,0.1,shadow,2,0.9992275280898877,0.0,f64bb80c90d24cf59fcc7e053c15150fc95978e1af0a1dd15fb8a20a714abb2d
audit,credit_card_fraud,pure_mavs_gc,confidence_distortion,0.1,shadow,2,0.9991573033707866,0.0,967fadda01fa7d8f0986842f7adcde0ec7f4589c1e644427be57e0d5dba31cfe
audit,credit_card_fraud,single_model,confidence_distortion,0.2,audit,3,0.9992275280898877,0.0,5f78f45a0d0a38c0fbafad765e5bfd9bb1d0342e27cc422d0c8442e6a44a232f
audit,credit_card_fraud,mean_ensemble,confidence_distortion,0.2,audit,3,0.9992275280898877,0.0,68351193c7e529e0d915d437cf283698eb64f7f1dfa8c4ce5d338385c31d9793
audit,credit_card_fraud,static_weighted_ensemble,confidence_distortion,0.2,audit,3,0.9992275280898877,0.0,cbd1a945e2b80a062345292a709659e5c5682a9bf03e65e7861d05a59f9a1a41
audit,credit_card_fraud,veto_mavs,confidence_distortion,0.2,audit,3,0.9992275280898877,0.0,01edaa88062b25d0ea25e8111493e86b37a8316e2621ebfa2cf204f9057ea718
audit,credit_card_fraud,pure_mavs_gc,confidence_distortion,0.2,audit,3,0.9991573033707866,0.0,b360b0056291382959382a533f10cfc6cd11da64c685b0d5e1d7dcbcc2db5b67
audit,credit_card_fraud,single_model,confidence_distortion,0.2,shadow,2,0.9992275280898877,0.0,f5041f9d1f5feecb56cb25b1491f2202ce29e31065080bf468245418931c8aa1
audit,credit_card_fraud,mean_ensemble,confidence_distortion,0.2,shadow,2,0.9992275280898877,0.0,8d6d5c9b522b6186fe38ce2ee3e148c4073024c4262e4ea7594eb2e008d744f9
audit,credit_card_fraud,static_weighted_ensemble,confidence_distortion,0.2,shadow,2,0.9992275280898877,0.0,1aeefd40a6eb18ff65fddfb235b29c6f0cdf89a0b1d8f1faed5d7a16a0b331be
audit,credit_card_fraud,veto_mavs,confidence_distortion,0.2,shadow,2,0.9992275280898877,0.0,4a10480f95e4d8c9e05c033c7bb1c217c0ef4eeaa50c91b37fe2a10da5a87da0
audit,credit_card_fraud,pure_mavs_gc,confidence_distortion,0.2,shadow,2,0.9991573033707866,0.0,2f479f7f3070d09885a2fba6a3cb7e051f6cb06e2d4ecab8358abf59d54e89bb
audit,credit_card_fraud,single_model,confidence_distortion,0.4,audit,3,0.9992275280898877,0.0,87e317190348727da128b94f0d11d8a9480c1dc1ecfba0a0d0f928b8f9437712
audit,credit_card_fraud,mean_ensemble,confidence_distortion,0.4,audit,3,0.9992275280898877,0.0,df63ff79263e9bcb22eb7a6b8e9ae27d66dbfb39ea1d8af441bac584be5fbb01
audit,credit_card_fraud,static_weighted_ensemble,confidence_distortion,0.4,audit,3,0.9992275280898877,0.0,b0fda35a6dc8d61e46731e633970e4b93ca54e487b54ed0dcba31140523eebb6
audit,credit_card_fraud,veto_mavs,confidence_distortion,0.4,audit,3,0.9992275280898877,0.0,229d3d8f7797129d08982e42ecd0ed4eaab3e925353d329be8038780cc22a3ed
audit,credit_card_fraud,pure_mavs_gc,confidence_distortion,0.4,audit,3,0.9991573033707866,0.0,f7f3aa13234951437efca264b0e2f3ea0c3c04a18ceb660614281bfd1e75f003
audit,credit_card_fraud,single_model,confidence_distortion,0.4,shadow,2,0.9992275280898877,0.0,6ce11385778b4e0fb0436e6da217042944945aaa181f41e6833ff1ea6906caa5
audit,credit_card_fraud,mean_ensemble,confidence_distortion,0.4,shadow,2,0.9992275280898877,0.0,1ef5a627904e1b81d09d0d45cdd125e4f87625f04f43181a448d4492eb88f020
audit,credit_card_fraud,static_weighted_ensemble,confidence_distortion,0.4,shadow,2,0.9992275280898877,0.0,2c11080bdfd438377c579777750ac6fcfa8001ca28b18fe7bd58600813930218
audit,credit_card_fraud,veto_mavs,confidence_distortion,0.4,shadow,2,0.9992275280898877,0.0,aa8b64754c5c1560e6e29ba8cc9524f36a9ad51e29ca16cc3e23e7e72fb180cf
audit,credit_card_fraud,pure_mavs_gc,confidence_distortion,0.4,shadow,2,0.9991573033707866,0.0,f0fb01c7250325a5d67dba2ba528320c669ab7e8a289145e1a10b89fc1a161e9
audit,credit_card_fraud,single_model,confidence_distortion,0.6,audit,3,0.9992275280898877,0.0,fcac2ddf55e1a830ebc7b1f54ffd122e3c99f550de47efe9d939337cffdccc15
audit,credit_card_fraud,mean_ensemble,confidence_distortion,0.6,audit,3,0.9992275280898877,0.0,910eebc45630633a89119b42868235d218df6966f2ac63fa16df385e1530ce89
audit,credit_card_fraud,static_weighted_ensemble,confidence_distortion,0.6,audit,3,0.9992275280898877,0.0,9f768fdfa968f9238e5b7d662770231bc60ca6956b84a857e6b72ae11a82bdc8
audit,credit_card_fraud,veto_mavs,confidence_distortion,0.6,audit,3,0.9992275280898877,0.0,13c7500924ed0e38125e58daef264c94d490b9e7aa7f9e03eeb27eb29d47393f
audit,credit_card_fraud,pure_mavs_gc,confidence_distortion,0.6,audit,3,0.9991573033707866,0.0,dd831a8cbc81ee1cc429c5618b39b7b3cfe36ceb375326fc3aad0cb54ec072a0
audit,credit_card_fraud,single_model,confidence_distortion,0.6,shadow,2,0.9992275280898877,0.0,6e93ba275379bce0d37a6c962191ca761dff58ca205d3dd1510d4e9242c15710
audit,credit_card_fraud,mean_ensemble,confidence_distortion,0.6,shadow,2,0.9992275280898877,0.0,eb56e09797b37d9f3bd2d98c595a88e1271b7e61cd546beac8b4d0123906c26e
audit,credit_card_fraud,static_weighted_ensemble,confidence_distortion,0.6,shadow,2,0.9992275280898877,0.0,b557026dd04d0ae28293bb014bc277b75bab9e12cf291ee890e2b9f1436349fd
audit,credit_card_fraud,veto_mavs,confidence_distortion,0.6,shadow,2,0.9992275280898877,0.0,0d133e8e09864c0ba61918ababd2302128cec3537a4c7e75a61df417ac407d17
audit,credit_card_fraud,pure_mavs_gc,confidence_distortion,0.6,shadow,2,0.9991573033707866,0.0,f851fdd82f9851f07b94a0df00bc4058b8ae623da416ef1773865eee206b55ba
audit,credit_card_fraud,single_model,confidence_distortion,0.8,audit,3,0.9992275280898877,0.0,29ca0021f798a9a86668225b3a8e0952efc5f6cace0b6ec83930fc17c99f936c
audit,credit_card_fraud,mean_ensemble,confidence_distortion,0.8,audit,3,0.9992275280898877,0.0,a980b8d051f10c3e425635a672c8708ff07ad8628b6d2741cdea7771a449cadf
audit,credit_card_fraud,static_weighted_ensemble,confidence_distortion,0.8,audit,3,0.9992275280898877,0.0,a6039b7b2ec72ab46c77f332b99f4f5254be1a711df0a2f9ffda2e44b88ef9ee
audit,credit_card_fraud,veto_mavs,confidence_distortion,0.8,audit,3,0.9992275280898877,0.0,dd7baa219c48a30fca50ca6c8de9f19ec847341376c0dc8bb66ebf28b26bf915
audit,credit_card_fraud,pure_mavs_gc,confidence_distortion,0.8,audit,3,0.9991573033707866,0.0,7ebba6fe8c9df6ae313668f3bbbfb5893bf17bd3c973a25391acecd8b753a550
audit,credit_card_fraud,single_model,confidence_distortion,0.8,shadow,2,0.9992275280898877,0.0,4cccd6408f681aa96806dd60ed894036695ac4df41613a334524b852cdee1f37
audit,credit_card_fraud,mean_ensemble,confidence_distortion,0.8,shadow,2,0.9992275280898877,0.0,dcd268005bd8e4da0f2e20eaa355829a4ab8aa547c9fd708a4b02d8adaa7f3bb
audit,credit_card_fraud,static_weighted_ensemble,confidence_distortion,0.8,shadow,2,0.9992275280898877,0.0,2bf305f610114fa5a1413893d2fb98f5f463c078dd8aaf42d64fa9a64887c794
audit,credit_card_fraud,veto_mavs,confidence_distortion,0.8,shadow,2,0.9992275280898877,0.0,e1c027462adbd3c83993c1b6384284839456c01b9da0d025a16093dd0f337b92
audit,credit_card_fraud,pure_mavs_gc,confidence_distortion,0.8,shadow,2,0.9991573033707866,0.0,e339d84fee6fcb98d4c61344537ba38f351a9e1950ed04a0c8c512b34062db0e
audit,credit_card_fraud,single_model,confidence_distortion,1.0,audit,3,0.9992275280898877,0.0,f0f534165e1fb468044629cbed5675071b4c009743cd6db0e657c94d147c1fe7
audit,credit_card_fraud,mean_ensemble,confidence_distortion,1.0,audit,3,0.9992275280898877,0.0,0eb6d59f88bb839aa51dd8137292ad72684ef4d7a2a4b8cc215ca2ab39178982
audit,credit_card_fraud,static_weighted_ensemble,confidence_distortion,1.0,audit,3,0.9992275280898877,0.0,e8ce35f97546a85270b2a67dafd89791f644f688da29d9e35a5f102973517dc9
audit,credit_card_fraud,veto_mavs,confidence_distortion,1.0,audit,3,0.9992275280898877,0.0,48a49a685f1593f5430edaf8aefb8da9fec53862a9f21ea82e77d430cde3a156
audit,credit_card_fraud,pure_mavs_gc,confidence_distortion,1.0,audit,3,0.9991573033707866,0.0,ebd798a147f9abc9eb1c54c84058e834295325498712abd1c41703f0ef66e8a3
audit,credit_card_fraud,single_model,confidence_distortion,1.0,shadow,2,0.9992275280898877,0.0,902af5918ad5b6322e992f8770d6fc0840a817c0ae9ff3a68d7dc01f7685ef73
audit,credit_card_fraud,mean_ensemble,confidence_distortion,1.0,shadow,2,0.9992275280898877,0.0,09626151505ff1af4e5aaebb1f14f84fd09ee21a9de21f33009309f0c9f900d1
audit,credit_card_fraud,static_weighted_ensemble,confidence_distortion,1.0,shadow,2,0.9992275280898877,0.0,c4c23759545596234f88d5169f8cf5d71d6eabdb8c3bd14cb7f58695df0f6a4c
audit,credit_card_fraud,veto_mavs,confidence_distortion,1.0,shadow,2,0.9992275280898877,0.0,cb1abed98ebe0b9ea4968f8a3b93313addcf849e44c185aac32ea361b5b92bdb
audit,credit_card_fraud,pure_mavs_gc,confidence_distortion,1.0,shadow,2,0.9991573033707866,0.0,f73a6193f7650ccc13dc71aa8cc166143b59a758d26843a214f15aeee369d0b3
audit,credit_card_fraud,single_model,adversarial_confidence_inflation,0.0,audit,3,0.9992275280898877,0.0,11e7e4701fce4a102625f1b9c06f25a9671375b8fcbfc48f4921324373fa632e
audit,credit_card_fraud,mean_ensemble,adversarial_confidence_inflation,0.0,audit,3,0.9992275280898877,0.0,73ad5400098f5e9ed1d4ce3af83acfedf5ce107aad60035f59a900bd5d7ba410
audit,credit_card_fraud,static_weighted_ensemble,adversarial_confidence_inflation,0.0,audit,3,0.9992275280898877,0.0,759f44673f1942007916954d625cf43a21c65ff218e5750b36cae11191593c53
audit,credit_card_fraud,veto_mavs,adversarial_confidence_inflation,0.0,audit,3,0.9992275280898877,0.0,5431f44a2aae0193f2403e5d4ca16e4627670cca25d5edd7a18629934d8a3ead
audit,credit_card_fraud,pure_mavs_gc,adversarial_confidence_inflation,0.0,audit,3,0.9991573033707866,0.0,319f20191a1cb1638ed867fae0c3199f02fd6df140bc4a8584bf28984fd32a39
audit,credit_card_fraud,single_model,adversarial_confidence_inflation,0.0,shadow,2,0.9992275280898877,0.0,30d55357224cb256101abb6ac93ae1043ae1b845aab4393f14906386dae95219
audit,credit_card_fraud,mean_ensemble,adversarial_confidence_inflation,0.0,shadow,2,0.9992275280898877,0.0,ff7b7ff01ff92d86e1837fab5ca6eb25254b16d5b72fcb27edc3745446ebe78d
audit,credit_card_fraud,static_weighted_ensemble,adversarial_confidence_inflation,0.0,shadow,2,0.9992275280898877,0.0,6f846ab8f23bf60804a866816883c9fc3f4ffbe927807daba5929b62dd155075
audit,credit_card_fraud,veto_mavs,adversarial_confidence_inflation,0.0,shadow,2,0.9992275280898877,0.0,dc60c074580867ddc9d1dd7d037511ffc60257f0a4f9b37238f5ac748b27f268
audit,credit_card_fraud,pure_mavs_gc,adversarial_confidence_inflation,0.0,shadow,2,0.9991573033707866,0.0,7241f5456d53f8a5b435201a9292d5f0a84035a23f999ceb05a499d705c314b5
audit,credit_card_fraud,single_model,adversarial_confidence_inflation,0.05,audit,3,0.9992275280898877,0.0,9c860c667efd12a323e93b6d57b5dbba4a872f8096c471737b22c0b13d6adae2
audit,credit_card_fraud,mean_ensemble,adversarial_confidence_inflation,0.05,audit,3,0.9992275280898877,0.0,e6df8f1525b5f6a6b21f02360336b9279e2c98da78ddb39f0101bc072eb71d85
audit,credit_card_fraud,static_weighted_ensemble,adversarial_confidence_inflation,0.05,audit,3,0.9992275280898877,0.0,78c9f523d6654f26f477d4c4758ba92d29858e95b61863f4c1bd6722bc90bf6a
audit,credit_card_fraud,veto_mavs,adversarial_confidence_inflation,0.05,audit,3,0.9992275280898877,0.0,9bd965840bd52ed6d1ea1fd6099de7334ad3d598a6f6b37eb4147dec9e2776d8
audit,credit_card_fraud,pure_mavs_gc,adversarial_confidence_inflation,0.05,audit,3,0.9991573033707866,0.0,2c57422a63bcbd06a286fb0f0dc12179712a8396d145591f7ce760f3b85ddaf8
audit,credit_card_fraud,single_model,adversarial_confidence_inflation,0.05,shadow,2,0.9992275280898877,0.0,3fb16d2ef076f392c6d4b780ee11b618ad8cb2b13c20f938ed2663ead338b634
audit,credit_card_fraud,mean_ensemble,adversarial_confidence_inflation,0.05,shadow,2,0.9992275280898877,0.0,8b29830e7afa8e6fd986c1fce545e7820212a8c63e8ee3205c21f143ce33b14e
audit,credit_card_fraud,static_weighted_ensemble,adversarial_confidence_inflation,0.05,shadow,2,0.9992275280898877,0.0,7739c3f913fe9a0fd3e13a691c723c53d02cec6bf0982f8ccee4a0a4072b782e
audit,credit_card_fraud,veto_mavs,adversarial_confidence_inflation,0.05,shadow,2,0.9992275280898877,0.0,a19db5d7454c4bb39cfb9ffecf43cd6a71e996c79117475c7e130f56d72d39dc
audit,credit_card_fraud,pure_mavs_gc,adversarial_confidence_inflation,0.05,shadow,2,0.9991573033707866,0.0,e8a4ced150a12e41c05aa907b5181b6d553440b30ee9500230abf8c85adbee6c
audit,credit_card_fraud,single_model,adversarial_confidence_inflation,0.1,audit,3,0.9992275280898877,0.0,8924ba82fbede9231b57a4bbcecbe29d1aba12a3261793f6ba5de795a2ae0cb9
audit,credit_card_fraud,mean_ensemble,adversarial_confidence_inflation,0.1,audit,3,0.9992275280898877,0.0,9066e45b804266e55208bea526815b9a0f7a66463283822e3a714bc242fd0ea1
audit,credit_card_fraud,static_weighted_ensemble,adversarial_confidence_inflation,0.1,audit,3,0.9992275280898877,0.0,c0b041dd51b6603036c284a82355b081041f6f64e2b6f3c9617e06b70706474a
audit,credit_card_fraud,veto_mavs,adversarial_confidence_inflation,0.1,audit,3,0.9992275280898877,0.0,770f2b2db0c8e9f8b49cc9222bd437cc19cccaebbd61a229850db62d813442dc
audit,credit_card_fraud,pure_mavs_gc,adversarial_confidence_inflation,0.1,audit,3,0.9991573033707866,0.0,2d0c707e53c36b530e65a6127f711b1b65df9b40f521f4eaeac6953be2937179
audit,credit_card_fraud,single_model,adversarial_confidence_inflation,0.1,shadow,2,0.9992275280898877,0.0,bbb18d555140a7d024f3d3ee6660ad0286378f71d9d97e45021c83bc76cf492b
audit,credit_card_fraud,mean_ensemble,adversarial_confidence_inflation,0.1,shadow,2,0.9992275280898877,0.0,3bd6f43a9c8d6ff28fc1ecf6f737b872ffc291acb99730d63a35176d119658f9
audit,credit_card_fraud,static_weighted_ensemble,adversarial_confidence_inflation,0.1,shadow,2,0.9992275280898877,0.0,2b31afd0aba375dad83057a36c3d32f45dc031eb88ec2a9b5310f0271bc744b4
audit,credit_card_fraud,veto_mavs,adversarial_confidence_inflation,0.1,shadow,2,0.9992275280898877,0.0,3362a3db68f5e6aa4737c6e42c2db6f09497c6cfdabfa4548adf601ea64b798f
audit,credit_card_fraud,pure_mavs_gc,adversarial_confidence_inflation,0.1,shadow,2,0.9991573033707866,0.0,4baa2e981c789bb46ed7de451aaa373ff6ec5a6b7922386c86aa9a8eba4f94ce
audit,credit_card_fraud,single_model,adversarial_confidence_inflation,0.2,audit,3,0.9992275280898877,0.0,289d81b9175e6028fb96ec2bec9553a3ac17ec51ce4c7d564dfa3782bc877dde
audit,credit_card_fraud,mean_ensemble,adversarial_confidence_inflation,0.2,audit,3,0.9992275280898877,0.0,b8067a5e469aba6fc214e3cbceecfcdc76c92bd9a4249a160338205266951d97
audit,credit_card_fraud,static_weighted_ensemble,adversarial_confidence_inflation,0.2,audit,3,0.9992275280898877,0.0,f754c8b2b17d564d073342c9b760971c19ef449561c78248f57b6f9ca5e4866c
audit,credit_card_fraud,veto_mavs,adversarial_confidence_inflation,0.2,audit,3,0.9992275280898877,0.0,4c4c7f1ad22c01761ec99f9eac4d66201ade62260d616b29d92a92489ed4a953
audit,credit_card_fraud,pure_mavs_gc,adversarial_confidence_inflation,0.2,audit,3,0.9991573033707866,0.0,f6651651c6e556b66f1670a6c63082c3a5362ae1526ae464cc0fa9b8ceb6b8d0
audit,credit_card_fraud,single_model,adversarial_confidence_inflation,0.2,shadow,2,0.9992275280898877,0.0,2feb779beeb76de2065a5f0b665bf89c340fa15865f6db9e576fedcc920e4381
audit,credit_card_fraud,mean_ensemble,adversarial_confidence_inflation,0.2,shadow,2,0.9992275280898877,0.0,9880a6f599996932ac53e40c09c433441b95fbfcca73e7e574dcd6a296a4ff54
audit,credit_card_fraud,static_weighted_ensemble,adversarial_confidence_inflation,0.2,shadow,2,0.9992275280898877,0.0,5576bfd8897ecb4338c800527ab5ff90465ab46097734f9a888e333667ee0b7d
audit,credit_card_fraud,veto_mavs,adversarial_confidence_inflation,0.2,shadow,2,0.9992275280898877,0.0,df471b71faee7b04525b1b36cb3ced0d172018f5bcdaab9e3334813817309f9a
audit,credit_card_fraud,pure_mavs_gc,adversarial_confidence_inflation,0.2,shadow,2,0.9991573033707866,0.0,0e91bb135d09770c961948e5e82af9ed6e5c8cc98d8f4401aacc8fbb92443e2e
audit,credit_card_fraud,single_model,adversarial_confidence_inflation,0.4,audit,3,0.9992275280898877,0.0,a1638d846dc151c27ed1c1c2a8387f82f58e59e9866c91949b40eb0d9cae76cf
audit,credit_card_fraud,mean_ensemble,adversarial_confidence_inflation,0.4,audit,3,0.9992275280898877,0.0,23a90ce67ec10bd44aff24d6a00ec5c76e18570f3e2069614e4290ee5cfc3f90
audit,credit_card_fraud,static_weighted_ensemble,adversarial_confidence_inflation,0.4,audit,3,0.9992275280898877,0.0,7aeb918fe3d5d3b934a504af77e0472fa0c5db9b6923935c5558ee9f7aaf177d
audit,credit_card_fraud,veto_mavs,adversarial_confidence_inflation,0.4,audit,3,0.9992275280898877,0.0,fe5f08e1305c98357d671155f9030d6abdece6d2b94c9471f5615cf6d87f5356
audit,credit_card_fraud,pure_mavs_gc,adversarial_confidence_inflation,0.4,audit,3,0.9991573033707866,0.0,0a6826054d7b2a290bd133d5d91991f0f3b262863eef4c64bb4e67928e893e27
audit,credit_card_fraud,single_model,adversarial_confidence_inflation,0.4,shadow,2,0.9992275280898877,0.0,b6c5d255aa7a20eab5b6c223ad1237f14631f66c8541d3d9e1ef884f7810c222
audit,credit_card_fraud,mean_ensemble,adversarial_confidence_inflation,0.4,shadow,2,0.9992275280898877,0.0,d4d7a8771080c2a6232906cbfc27adfc8101f708761cce1130e7a7a14fceba43
audit,credit_card_fraud,static_weighted_ensemble,adversarial_confidence_inflation,0.4,shadow,2,0.9992275280898877,0.0,c49a7e84eb8c4cac52aa7480f1b134406d81115bc5e85114fac36b2dc495dd55
audit,credit_card_fraud,veto_mavs,adversarial_confidence_inflation,0.4,shadow,2,0.9992275280898877,0.0,f057b49f24344c1e077958b63ef3aba8f182ab9456a00a2de6255ee63dda78b5
audit,credit_card_fraud,pure_mavs_gc,adversarial_confidence_inflation,0.4,shadow,2,0.9991573033707866,0.0,2c6498c0fd7be95e9785e254f026f3fc637ec9700e15e6f38b36daf5cccbf260
audit,credit_card_fraud,single_model,adversarial_confidence_inflation,0.6,audit,3,0.9992275280898877,0.0,b9fecaf0935906d378975f1a07f71787d00e99a2f2786600d45e9195931a0f49
audit,credit_card_fraud,mean_ensemble,adversarial_confidence_inflation,0.6,audit,3,0.9992275280898877,0.0,bfc89f3ce63527a57c2b9ba08126d310f1a92c0eda17c1bee017c6d3e8db4ef5
audit,credit_card_fraud,static_weighted_ensemble,adversarial_confidence_inflation,0.6,audit,3,0.9992275280898877,0.0,973c94ca82ac45aa9427a19364f53935e73d6e68972a37e659ea989f9a704ccf
audit,credit_card_fraud,veto_mavs,adversarial_confidence_inflation,0.6,audit,3,0.9992275280898877,0.0,bed72358088e5c369a908dfd95c94def7ca86f9232d41ae98357b6e3cf676bf7
audit,credit_card_fraud,pure_mavs_gc,adversarial_confidence_inflation,0.6,audit,3,0.9991573033707866,0.0,56acaf9a10b0c0a4cca6fcffada2d09ebcb1753fc1bc9259166afd55dd790259
audit,credit_card_fraud,single_model,adversarial_confidence_inflation,0.6,shadow,2,0.9992275280898877,0.0,f4a175331fd56679643b519097748f8a2e53e61d4c66aefe0add2c0751dff5c7
audit,credit_card_fraud,mean_ensemble,adversarial_confidence_inflation,0.6,shadow,2,0.9992275280898877,0.0,f5b6b94c13c23fd5dbec0cafe3bcfc377dce22fcca2410d1ca8515be52c50cbf
audit,credit_card_fraud,static_weighted_ensemble,adversarial_confidence_inflation,0.6,shadow,2,0.9992275280898877,0.0,18706b43a4f9570bf22f01d991bf5d09d74e73a0c46d6b3f3e9db46420516054
audit,credit_card_fraud,veto_mavs,adversarial_confidence_inflation,0.6,shadow,2,0.9992275280898877,0.0,142f1fb5ef87ac31943a0307994849ee2fc6084ad9326a25910dab4d1340c4fa
audit,credit_card_fraud,pure_mavs_gc,adversarial_confidence_inflation,0.6,shadow,2,0.9991573033707866,0.0,5fdcd12bee11a89e5398572953750cac0d2895f45daff064057d9038dbadf68e
audit,credit_card_fraud,single_model,adversarial_confidence_inflation,0.8,audit,3,0.9992275280898877,0.0,f9d3e3baba0ecfd72b25abd1181cfeb17028961c72ae4874db9f70449eaac106
audit,credit_card_fraud,mean_ensemble,adversarial_confidence_inflation,0.8,audit,3,0.9992275280898877,0.0,120bf1f82d53201ed58e193c6d086b4f4d3b1e3631cf5cd13f10e4330c7784ab
audit,credit_card_fraud,static_weighted_ensemble,adversarial_confidence_inflation,0.8,audit,3,0.9992275280898877,0.0,f7b9db65a207022f8f2de21b4d02fa7a849b2bc23bbb49359dc9f984b913ae63
audit,credit_card_fraud,veto_mavs,adversarial_confidence_inflation,0.8,audit,3,0.9992275280898877,0.0,ee53fc54d0d8ecc239f1c86cef52b330719fea1880884a11923aa8ff98ad2389
audit,credit_card_fraud,pure_mavs_gc,adversarial_confidence_inflation,0.8,audit,3,0.9991573033707866,0.0,8a195b9c5f8cd96a1f45f39aee7c68ef8de02015d87d20b786dcc7ca11e72ebd
audit,credit_card_fraud,single_model,adversarial_confidence_inflation,0.8,shadow,2,0.9992275280898877,0.0,ce369b486f4895b0c89011d0ab9f53fb24336a93ffd31a439ecb31c5973a1a8b
audit,credit_card_fraud,mean_ensemble,adversarial_confidence_inflation,0.8,shadow,2,0.9992275280898877,0.0,6efe8bdac80d42cf8f14403c8e9ce90a96741e671adf21703f76e4a748859b57
audit,credit_card_fraud,static_weighted_ensemble,adversarial_confidence_inflation,0.8,shadow,2,0.9992275280898877,0.0,4623e3b942288129e0d804d4a046ee2b6c9fab0fa49fd2ea95644f4a60862807
audit,credit_card_fraud,veto_mavs,adversarial_confidence_inflation,0.8,shadow,2,0.9992275280898877,0.0,656ccc222b9fc79f4f427506843a0960046164bcca092eb08611d0cf9857a758
audit,credit_card_fraud,pure_mavs_gc,adversarial_confidence_inflation,0.8,shadow,2,0.9991573033707866,0.0,6e4648064b7f537b5abebc82810a57c2c1eaa9e5ef036d31e32b53b4ca1e521f
audit,credit_card_fraud,single_model,adversarial_confidence_inflation,1.0,audit,3,0.9992275280898877,0.0,a97d964939a01bc1a89d8ee7f8a68b7941a9e9a5d67379e98b33c6def4c17dc8
audit,credit_card_fraud,mean_ensemble,adversarial_confidence_inflation,1.0,audit,3,0.9992275280898877,0.0,2b0b2dfe7d8bbc36fbe01337e48a33e06977f6a0ad3b31135d1a7c2b3dedba0f
audit,credit_card_fraud,static_weighted_ensemble,adversarial_confidence_inflation,1.0,audit,3,0.9992275280898877,0.0,ec96f603a48bcf05b647186fd12da7e16e287d92b72b438084ce513f78f8ddb3
audit,credit_card_fraud,veto_mavs,adversarial_confidence_inflation,1.0,audit,3,0.9992275280898877,0.0,8925c7af88952e200a3935a40681dba56fa5ffe5146c09cd511300398a0adeb4
audit,credit_card_fraud,pure_mavs_gc,adversarial_confidence_inflation,1.0,audit,3,0.9991573033707866,0.0,07edf19bbefec3bcef5bcb1344c29ce74b6207b360f286e3fdecc72ea2bfdac2
audit,credit_card_fraud,single_model,adversarial_confidence_inflation,1.0,shadow,2,0.9992275280898877,0.0,0b0f19abc2b0e7696bc94544c5c3e0f49c225c3c561fbffdc81b5350e0eba2e0
audit,credit_card_fraud,mean_ensemble,adversarial_confidence_inflation,1.0,shadow,2,0.9992275280898877,0.0,7daa78bf56b5e5b70fb53b941526d069870b74ef6294ecb8a3e77963b0a46d3f
audit,credit_card_fraud,static_weighted_ensemble,adversarial_confidence_inflation,1.0,shadow,2,0.9992275280898877,0.0,622098cc7ec807b57e67ec831cc558a2bd86c3918a3b4faa0d5f4555f46e6491
audit,credit_card_fraud,veto_mavs,adversarial_confidence_inflation,1.0,shadow,2,0.9992275280898877,0.0,1d50ddba489f9729156cbf6211d6b391bda229a928ea34c8b282af49683e75d3
audit,credit_card_fraud,pure_mavs_gc,adversarial_confidence_inflation,1.0,shadow,2,0.9991573033707866,0.0,1f986a3af73f7328979a64026d9645abc17f398541acd6563267377125e7e719
audit,credit_card_fraud,single_model,distribution_shift,0.0,audit,3,0.9992275280898877,0.0,b1c7fe499f92a275f50788edbcafc0f127384fee90d40bd029e0fe288e351b71
audit,credit_card_fraud,mean_ensemble,distribution_shift,0.0,audit,3,0.9992275280898877,0.0,25437c1aa429b6ae4fb91c7ece57c13b7623542565151c74f95b9b83d65e491e
audit,credit_card_fraud,static_weighted_ensemble,distribution_shift,0.0,audit,3,0.9992275280898877,0.0,9fefac5f5620f8c8ab9bc6ea47a95f9dd825787d1dd36c6c69e0267216e4f244
audit,credit_card_fraud,veto_mavs,distribution_shift,0.0,audit,3,0.9992275280898877,0.0,3322b4fffb8fec2771f6b08cfc799333c09e2feb02973d0556d6eb46e79e44d5
audit,credit_card_fraud,pure_mavs_gc,distribution_shift,0.0,audit,3,0.9991573033707866,0.0,9e60bcac9204513c6579a58a8cc86f5e57230c4a803dd41fbffb03ffb2328bff
audit,credit_card_fraud,single_model,distribution_shift,0.0,shadow,2,0.9992275280898877,0.0,6adf5e44c34fdc4b25b79f1c080008b4eb6bfec5b2e1ef1451ca4f470625da94
audit,credit_card_fraud,mean_ensemble,distribution_shift,0.0,shadow,2,0.9992275280898877,0.0,49981fa33f5339020a64cfae35e5374a8564b064a4aef2d3f513cab412322497
audit,credit_card_fraud,static_weighted_ensemble,distribution_shift,0.0,shadow,2,0.9992275280898877,0.0,51429792f4969cedeca74b9e4df03b4e6d550793cee54a8ce89cac7da1b15c60
audit,credit_card_fraud,veto_mavs,distribution_shift,0.0,shadow,2,0.9992275280898877,0.0,5735f823fcba3ac388013c1f719ce47837de2be04475e4b4e607779a78a6f834
audit,credit_card_fraud,pure_mavs_gc,distribution_shift,0.0,shadow,2,0.9991573033707866,0.0,b0f44a622971dd8a52786fbfc078d1f9c64ec49746a89d618b3a2e205f69e80d
audit,credit_card_fraud,single_model,distribution_shift,0.05,audit,3,0.9992016257802293,0.0,53f52c52ade80ef6af2a72adde7e29599af760baf2cc161768e17be673bb0759
audit,credit_card_fraud,mean_ensemble,distribution_shift,0.05,audit,3,0.9992016257802293,0.0,1850c8f178271bce567348d165f1894235dcd0ebb451ca1b23781fbef2b003e1
audit,credit_card_fraud,static_weighted_ensemble,distribution_shift,0.05,audit,3,0.9992016257802293,0.0,60e9fe4ecad02e78d800daa8776dca89b23d1e93edc3e6958e9b53398f1cf89b
audit,credit_card_fraud,veto_mavs,distribution_shift,0.05,audit,3,0.9992016257802293,0.0,30ba40a9d6431ae591aa499d811d8bff722d7429d1233ad178d6c232b6b0ffeb
audit,credit_card_fraud,pure_mavs_gc,distribution_shift,0.05,audit,3,0.9991290463057048,1.232595164407831e-32,b64d08b39df0c0f5f823e2f56d867026bd5b800eecd120870f5a325f4783acf6
audit,credit_card_fraud,single_model,distribution_shift,0.05,shadow,2,0.9992016257802293,0.0,fa87c91240971a87f8f60e99b33da19688b3708f64c05f4303dacd13ee24a770
audit,credit_card_fraud,mean_ensemble,distribution_shift,0.05,shadow,2,0.9992016257802293,0.0,50e6e426c4b0e4e478faccdfdfe0a6f7585148fab2349d147465deb8bdd06831
audit,credit_card_fraud,static_weighted_ensemble,distribution_shift,0.05,shadow,2,0.9992016257802293,0.0,42192b8f8656df48436b3186e5e4c463b2d284460f6562634207fa8706d010b0
audit,credit_card_fraud,veto_mavs,distribution_shift,0.05,shadow,2,0.9992016257802293,0.0,7e4415d8d3b987596a22d5177fd10eeaf4655c99b81859e7e1aedd365fb204a8
audit,credit_card_fraud,pure_mavs_gc,distribution_shift,0.05,shadow,2,0.9991290463057048,0.0,5c174249167be68ff61e7f20de0a57edd970382cb23ea2356b19e0efc6b6bb96
audit,credit_card_fraud,single_model,distribution_shift,0.1,audit,3,0.9991738640630867,0.0,c09054a0c72779af99bcf853fa6c291e2c8fa6e4880ac1c0eaa23a15e4a43138
audit,credit_card_fraud,mean_ensemble,distribution_shift,0.1,audit,3,0.9991738640630867,0.0,d3f555ad3925518875fce5f668c086565ccc6506f16b153975d2544146bec55d
audit,credit_card_fraud,static_weighted_ensemble,distribution_shift,0.1,audit,3,0.9991738640630867,0.0,4908b125c4873f7ff7357c1fd66fefe5b13bbe511c500ef9fa88ba7cc294d892
audit,credit_card_fraud,veto_mavs,distribution_shift,0.1,audit,3,0.9991738640630867,0.0,6351aec94b1b1e7f611d0c56daa69a516351dfe9b236f99bc0a1633d747d7985
audit,credit_card_fraud,pure_mavs_gc,distribution_shift,0.1,audit,3,0.9990987607960946,0.0,e094035d956d0daeadcf3c4e399fc242b55cc67bfccae957fa211512b9de8a5b
audit,credit_card_fraud,single_model,distribution_shift,0.1,shadow,2,0.9991738640630867,0.0,f2c84cc8405120efe38f803af08e768bf285b4cc59fb86675e7a89c5aa12e089
audit,credit_card_fraud,mean_ensemble,distribution_shift,0.1,shadow,2,0.9991738640630867,0.0,493c0d56930510388845f01bab613aaa3ed8b5acbc8fe160c90b779cde916afb
audit,credit_card_fraud,static_weighted_ensemble,distribution_shift,0.1,shadow,2,0.9991738640630867,0.0,6723dcf217fe6731c9d544a80368e7278cbe32bfe04b4d5d399aaed08cc9a625
audit,credit_card_fraud,veto_mavs,distribution_shift,0.1,shadow,2,0.9991738640630867,0.0,a73dad3063853ad95782b069a39295340623db0b10af58b0fe7c5ca87fda5445
audit,credit_card_fraud,pure_mavs_gc,distribution_shift,0.1,shadow,2,0.9990987607960946,0.0,f93ae21e6764f28668300a63d8f45df9a894fdb55d0285194c95b5f9838ce505
audit,credit_card_fraud,single_model,distribution_shift,0.2,audit,3,0.9991121155864073,0.0,0eb3ff9d5d0700fab8728744d5c0f1d46b45e8045d27bd0b139a267f9e22631b
audit,credit_card_fraud,mean_ensemble,distribution_shift,0.2,audit,3,0.9991121155864073,0.0,1e5225219a40a479616b4d31c6ebda2c8338af193e93be285457c25f07eabe34
audit,credit_card_fraud,static_weighted_ensemble,distribution_shift,0.2,audit,3,0.9991121155864073,0.0,f37b2aaa7d307441e29b7a72cd74cf2b75958998349fe948dc8065fdc27bb475
audit,credit_card_fraud,veto_mavs,distribution_shift,0.2,audit,3,0.9991121155864073,0.0,903a7c5659e09841421a5f3908dcf42fadef20620dc79904098581236490ad11
audit,credit_card_fraud,pure_mavs_gc,distribution_shift,0.2,audit,3,0.9990313988215352,0.0,e81a1c60cc1fb1899ac365747fecc7431eb2129e7be0fd6b0e82d3a114111c1a
audit,credit_card_fraud,single_model,distribution_shift,0.2,shadow,2,0.9991121155864073,0.0,8d02a4f2101f33042a89852e34526f840079bfc5e16c3e12b6b2f1a03ed0dc3a
audit,credit_card_fraud,mean_ensemble,distribution_shift,0.2,shadow,2,0.9991121155864073,0.0,f4e6d4897d37027a8be646a6ec1a2fb057c66627c9283da5b3eb791f08274c6b
audit,credit_card_fraud,static_weighted_ensemble,distribution_shift,0.2,shadow,2,0.9991121155864073,0.0,27351ebeceb9546f0e376b53b3c249e7ada0f95309592cc11d78f70b0233069d
audit,credit_card_fraud,veto_mavs,distribution_shift,0.2,shadow,2,0.9991121155864073,0.0,4ac16f80d7ee0bea69253cc9002e63e621fa8bc8533346a70f78375857fe4a2a
audit,credit_card_fraud,pure_mavs_gc,distribution_shift,0.2,shadow,2,0.9990313988215352,0.0,ba437294e804d87353e0f48f9da5f610641a9f4ec49a515bf64664cb0a04f910
audit,credit_card_fraud,single_model,distribution_shift,0.4,audit,3,0.9989561586638831,0.0,e320c3f57d58ccf990c64ee1f0d46200e8be02656b9e6a1cb2d05eb34903f338
audit,credit_card_fraud,mean_ensemble,distribution_shift,0.4,audit,3,0.9989561586638831,0.0,9cc5242a9b34c4f2c78a1b28079c9dace309d6191b2b98180ed0587db664f986
audit,credit_card_fraud,static_weighted_ensemble,distribution_shift,0.4,audit,3,0.9989561586638831,0.0,c95a438331094994870355b2f655e72d476806b6cce3326bf1610877b42fe3ea
audit,credit_card_fraud,veto_mavs,distribution_shift,0.4,audit,3,0.9989561586638831,0.0,ee41dd39f3bc7b212ba4ebc756e6e7e2647069e9cb2ac1d4b69653edfe4a8cb8
audit,credit_card_fraud,pure_mavs_gc,distribution_shift,0.4,audit,3,0.9988612639969634,1.232595164407831e-32,8b6e71cf33388e4be8d110bd40a24058909316296beacbde77f021a4f19db1b7
audit,credit_card_fraud,single_model,distribution_shift,0.4,shadow,2,0.9989561586638831,0.0,7b23a5d7023d0f7693b6cdd7b1b96083b5a4ba9d3d764b615af21d701fec11d3
audit,credit_card_fraud,mean_ensemble,distribution_shift,0.4,shadow,2,0.9989561586638831,0.0,716dd56cb170e95ca43e6c9ebcd04df115c39833ac3d4ce5548418f1bb001965
audit,credit_card_fraud,static_weighted_ensemble,distribution_shift,0.4,shadow,2,0.9989561586638831,0.0,e15c091eb638a0b0356d06a2b939801c60d054ee4e8b92459ab6f543b78b0459
audit,credit_card_fraud,veto_mavs,distribution_shift,0.4,shadow,2,0.9989561586638831,0.0,a284988f241031c5f5533c872facaec04dac06b6dddc896c628e4ef4dc2c593c
audit,credit_card_fraud,pure_mavs_gc,distribution_shift,0.4,shadow,2,0.9988612639969634,0.0,874d9b2c0854140928a8af6f038826beb4ef3fda73119fe969338a65090cbd07
audit,credit_card_fraud,single_model,distribution_shift,0.6,audit,3,0.9987337400713711,0.0,4d310208ac1e0fdb54b86e7ca882c26eb4656a4c6508a9f7d556ed0536895b29
audit,credit_card_fraud,mean_ensemble,distribution_shift,0.6,audit,3,0.9987337400713711,0.0,f650b3df52fabbf911a61cf59b2b4b59a88623e83c46b05068703c3498bcccf7
audit,credit_card_fraud,static_weighted_ensemble,distribution_shift,0.6,audit,3,0.9987337400713711,0.0,482994f91cc58151772a620422113c78372ab6324c5ca40d07e4cd4d5041f6af
audit,credit_card_fraud,veto_mavs,distribution_shift,0.6,audit,3,0.9987337400713711,0.0,b1d3d9b62d6e1c0c3f0477242451af3c184d0dcb5b4ce4c94a0b1b6cae62d661
audit,credit_card_fraud,pure_mavs_gc,distribution_shift,0.6,audit,3,0.9986186255324048,1.232595164407831e-32,e5385fc3c745173e54f25aafe23ef6ac7cc6a89dfedff2641125f50062269ea1
audit,credit_card_fraud,single_model,distribution_shift,0.6,shadow,2,0.9987337400713711,0.0,6aa58e676faf47822b5134fea1450f1070f84d061923858bbfb5ff0c9fd32e48
audit,credit_card_fraud,mean_ensemble,distribution_shift,0.6,shadow,2,0.9987337400713711,0.0,f8e82bac64b9c40b71a23741f054f31e90d6270c62a2bf49c0692589bfe527ba
audit,credit_card_fraud,static_weighted_ensemble,distribution_shift,0.6,shadow,2,0.9987337400713711,0.0,370f33f893deececfb9f1bc6bb8b94385378511ec6790b870ed35595aaa92827
audit,credit_card_fraud,veto_mavs,distribution_shift,0.6,shadow,2,0.9987337400713711,0.0,3be0cf5f3056cb97546b7581f506439fbfaef850ae9433edf60cc3884515be4a
audit,credit_card_fraud,pure_mavs_gc,distribution_shift,0.6,shadow,2,0.9986186255324048,0.0,e8812ea9588203fe0b3e1e62fa959f200a17a4951b68aedeb7272db55787aeca
audit,credit_card_fraud,single_model,distribution_shift,0.8,audit,3,0.998390871854886,1.232595164407831e-32,2eabf9d92e6853c532772b38af0a8d212887761442c946b3afe95218e1943147
audit,credit_card_fraud,mean_ensemble,distribution_shift,0.8,audit,3,0.998390871854886,1.232595164407831e-32,b7af66d764598c02b1e759e69b3c4194fdede63b08064874230c92cac0c00b3b
audit,credit_card_fraud,static_weighted_ensemble,distribution_shift,0.8,audit,3,0.998390871854886,1.232595164407831e-32,afedc6a93209acaaa0bf95272781a76a3338aca87d0171b8d2ab1a2454cdaf0f
audit,credit_card_fraud,veto_mavs,distribution_shift,0.8,audit,3,0.998390871854886,1.232595164407831e-32,b6baf609b920f38cb7f27e2a0247e357cf105569c0fc652fb919bf30d519611a
audit,credit_card_fraud,pure_mavs_gc,distribution_shift,0.8,audit,3,0.9982445874780573,0.0,4def31c5a2b47500f8a79520c5178adeb9b82c14da8a7b296b9e053f8bb78df1
audit,credit_card_fraud,single_model,distribution_shift,0.8,shadow,2,0.998390871854886,0.0,cf62d2b27833a47c7061255e2ffc5cd0e392db437bf8489488721ac483eda687
audit,credit_card_fraud,mean_ensemble,distribution_shift,0.8,shadow,2,0.998390871854886,0.0,8a0833c13b88967ed1d10ab779a45a33b6ae65b7ced11e09d9666e526fb4c4c9
audit,credit_card_fraud,static_weighted_ensemble,distribution_shift,0.8,shadow,2,0.998390871854886,0.0,84508fd1fcf9c811b6590399802f3433c70a12ebf76668ab9f22984b99c8029b
audit,credit_card_fraud,veto_mavs,distribution_shift,0.8,shadow,2,0.998390871854886,0.0,30473c628ef4ed93bd921b57a97d097611532ccab95a4b442facf3753a53bd1b
audit,credit_card_fraud,pure_mavs_gc,distribution_shift,0.8,shadow,2,0.9982445874780573,0.0,a58bb8c1058fa388ed991378d323ad5c2ca9a0cce60b875df23f6e156227d478
audit,credit_card_fraud,single_model,distribution_shift,1.0,audit,3,0.9979935794542536,0.0,2e8a3b09ed6026b2bbf06e5e62351639d339ec1630c0957703f9a71a3a850d01
audit,credit_card_fraud,mean_ensemble,distribution_shift,1.0,audit,3,0.9979935794542536,0.0,3a9dab44cd49e7f4520073edd21182a2ff762e61db7359c17838c840a97db2fb
audit,credit_card_fraud,static_weighted_ensemble,distribution_shift,1.0,audit,3,0.9979935794542536,0.0,48d48e493daf1517f8b9c3c068d11b7b10c427d8388832dbe0579e5c187b897d
audit,credit_card_fraud,veto_mavs,distribution_shift,1.0,audit,3,0.9979935794542536,0.0,581da750c188c5a228dc389ce58f89107c9dcc6acd8950780f16bf4b285055d7
audit,credit_card_fraud,pure_mavs_gc,distribution_shift,1.0,audit,3,0.997792937399679,1.232595164407831e-32,a1a0f8ef7a4ab4fc89b513a7477f39faebbe2723d39a011c1a22befd468e0221
audit,credit_card_fraud,single_model,distribution_shift,1.0,shadow,2,0.9979935794542536,0.0,633add90419ccc0dfd5631a83db2021c741f251acf8390ab51dcdb8b2f9fc0c0
audit,credit_card_fraud,mean_ensemble,distribution_shift,1.0,shadow,2,0.9979935794542536,0.0,8a4fbfd7f62cc6f910117fac9ed5c1910f121fd67fb9561c9577dd28cd493e1d
audit,credit_card_fraud,static_weighted_ensemble,distribution_shift,1.0,shadow,2,0.9979935794542536,0.0,eb58335a78a9f0825acbafb1762a75c8bcfdf78f231c79744440c626664fea46
audit,credit_card_fraud,veto_mavs,distribution_shift,1.0,shadow,2,0.9979935794542536,0.0,8e14bc66c296139990c5fea8b9362d213fd87a84ca17476017e00304c8520349
audit,credit_card_fraud,pure_mavs_gc,distribution_shift,1.0,shadow,2,0.997792937399679,0.0,64350e15f14849069c7a9a2a1fee48aee1edd16a4870dae48350893aade6eced
audit,credit_card_fraud,single_model,synthetic_sensor_failure,0.0,audit,3,0.9992275280898877,0.0,881aefa7dea3e4cf798ef3e1865c1ab8f649a6e66d0f7d070ef195b06314df11
audit,credit_card_fraud,mean_ensemble,synthetic_sensor_failure,0.0,audit,3,0.9992275280898877,0.0,a7f50cfa794905c23407e1c1430110767b392f15508dbe09eb438b6ed2fa7ef3
audit,credit_card_fraud,static_weighted_ensemble,synthetic_sensor_failure,0.0,audit,3,0.9992275280898877,0.0,04b5f6f63f7e437a6fc532c5c13b8f15a94acffed7fc7836dbaa0ec245b0a998
audit,credit_card_fraud,veto_mavs,synthetic_sensor_failure,0.0,audit,3,0.9992275280898877,0.0,873be2636773445c5f383551405f158e803c83300533675fd1f285570a733fbc
audit,credit_card_fraud,pure_mavs_gc,synthetic_sensor_failure,0.0,audit,3,0.9991573033707866,0.0,6eba07225589db0cb4e205a15112350f016eb0202e0628a52543eed0956a4af6
audit,credit_card_fraud,single_model,synthetic_sensor_failure,0.0,shadow,2,0.9992275280898877,0.0,5347d29560a3e8455801e9f45e290cf9e6d6df34591b83b51111af9e31ee96ca
audit,credit_card_fraud,mean_ensemble,synthetic_sensor_failure,0.0,shadow,2,0.9992275280898877,0.0,75ef2b88abf59fccfc04366a08aa5569bffd1042729e3f317029cc3cfcf64bf6
audit,credit_card_fraud,static_weighted_ensemble,synthetic_sensor_failure,0.0,shadow,2,0.9992275280898877,0.0,d655c2dbb26bce4a81dd1ed4778acc134d4f9b09e38c3b428494e2e43f8f80c5
audit,credit_card_fraud,veto_mavs,synthetic_sensor_failure,0.0,shadow,2,0.9992275280898877,0.0,43cf8e52ee08a52a24e561650989f2e61c055144b947598e2a422ac9736d3ec9
audit,credit_card_fraud,pure_mavs_gc,synthetic_sensor_failure,0.0,shadow,2,0.9991573033707866,0.0,5339987d6d196c453910d1b31c32ecf8b40d3a3848c80bda82acf298fd6143ce
audit,credit_card_fraud,single_model,synthetic_sensor_failure,0.05,audit,3,0.9990870786516854,0.0,560ec337b0f5bdca85924887e47df5c8cc69c956acc517c537d03f73a6553744
audit,credit_card_fraud,mean_ensemble,synthetic_sensor_failure,0.05,audit,3,0.998876404494382,0.0,12640c5da354cef711b785d450ee6cce76f5777fbc93e7412da798dfee1c48c2
audit,credit_card_fraud,static_weighted_ensemble,synthetic_sensor_failure,0.05,audit,3,0.9990870786516854,0.0,8c9bf7f8e9eb8d744071fbb7ac9d7f44c43c1e9e1bf6e46dc6f54e17a2746230
audit,credit_card_fraud,veto_mavs,synthetic_sensor_failure,0.05,audit,3,0.998876404494382,0.0,e86633ab7a8bbbf7ba57512d638a71cacb419d7bed4aba370cdfcf22cbc31d7d
audit,credit_card_fraud,pure_mavs_gc,synthetic_sensor_failure,0.05,audit,3,0.998876404494382,0.0,145f33fdb287e0bfa6393e9e7c6186696ced705e35fb899290ae8768a0ae38be
audit,credit_card_fraud,single_model,synthetic_sensor_failure,0.05,shadow,2,0.9990870786516854,0.0,c7d98380b05535d43af68b0dc9ca4562e53becf3316cb67c53803cd9563d993e
audit,credit_card_fraud,mean_ensemble,synthetic_sensor_failure,0.05,shadow,2,0.998876404494382,0.0,2d1305ed55e45133a0a6a39a54c3b3f2a9376fa0fe775ff595df24a54728a9cb
audit,credit_card_fraud,static_weighted_ensemble,synthetic_sensor_failure,0.05,shadow,2,0.9990870786516854,0.0,479cb095244c561e181792448006d135c75827b9e5d33e20b31792507f9dd724
audit,credit_card_fraud,veto_mavs,synthetic_sensor_failure,0.05,shadow,2,0.998876404494382,0.0,77f7fbb95ebf5dda6fb51eebeb7d797d463a29a81b88df5367e43a586a749ecc
audit,credit_card_fraud,pure_mavs_gc,synthetic_sensor_failure,0.05,shadow,2,0.998876404494382,0.0,a71d4ec38b98b28579e1c822724b51698f08c2d6edef7521429e0e076719e721
audit,credit_card_fraud,single_model,synthetic_sensor_failure,0.1,audit,3,0.9990870786516854,0.0,8ccd67ccc7cbe6073e864fe3555243ce5c2bfd8fedec434c96729e0ad9201137
audit,credit_card_fraud,mean_ensemble,synthetic_sensor_failure,0.1,audit,3,0.998876404494382,0.0,6fcd9dbee65f401518bf74f003f1dfbbbac806d807901da759c8c4307c0f4d13
audit,credit_card_fraud,static_weighted_ensemble,synthetic_sensor_failure,0.1,audit,3,0.9990870786516854,0.0,85603ddfffcb06fc135b085faf3c3f27fdb7216eef6b7e004c5ff3173f4bb91f
audit,credit_card_fraud,veto_mavs,synthetic_sensor_failure,0.1,audit,3,0.998876404494382,0.0,b0e646e3941658837df1306ea46ffd0548408f3267ffa77d8af4e192d6e069e0
audit,credit_card_fraud,pure_mavs_gc,synthetic_sensor_failure,0.1,audit,3,0.998876404494382,0.0,b2e665c9a84e41a611b2aeac6fa1e4b9a2e352ef241c56237e65d3e0206beb3d
audit,credit_card_fraud,single_model,synthetic_sensor_failure,0.1,shadow,2,0.9990870786516854,0.0,cc1a1feff48eb478d54c9ed212226cfa03671617f769b467131d582afad0bd0f
audit,credit_card_fraud,mean_ensemble,synthetic_sensor_failure,0.1,shadow,2,0.998876404494382,0.0,1d1e02472c9e7f26528acd50d0a87d83810b615fcae4118dce4492049859f3f7
audit,credit_card_fraud,static_weighted_ensemble,synthetic_sensor_failure,0.1,shadow,2,0.9990870786516854,0.0,95460bca9865c40781ef84d5933311821f411b9605b71bf849aa9d7677246985
audit,credit_card_fraud,veto_mavs,synthetic_sensor_failure,0.1,shadow,2,0.998876404494382,0.0,cb08431bd8824504e2b474a6757c0a83516b5f974bc3eb687840c7b1f7738607
audit,credit_card_fraud,pure_mavs_gc,synthetic_sensor_failure,0.1,shadow,2,0.998876404494382,0.0,d132e49bfba415318d6db2e86cc26a4b948f3420ebe9408386f57f6b5bba1a1f
audit,credit_card_fraud,single_model,synthetic_sensor_failure,0.2,audit,3,0.9990870786516854,0.0,0ce98a5ba3f6772e7c51fd2db74eb904fbaf55aff481824aef5bb8e58c33fe32
audit,credit_card_fraud,mean_ensemble,synthetic_sensor_failure,0.2,audit,3,0.998876404494382,0.0,c86bed7e127bb3f61ed8e909209cd2a7977ed8bca3470c9e64deac5fc66920fa
audit,credit_card_fraud,static_weighted_ensemble,synthetic_sensor_failure,0.2,audit,3,0.9990870786516854,0.0,6cc23645afcb48808c32642bd1c6cbe8c941bcb37f8014db726ca45d81951ca4
audit,credit_card_fraud,veto_mavs,synthetic_sensor_failure,0.2,audit,3,0.998876404494382,0.0,7a9183a0a926391d94a68be1aa8b76b4d11510cc959d617f36c4d6a8bb58f16a
audit,credit_card_fraud,pure_mavs_gc,synthetic_sensor_failure,0.2,audit,3,0.998876404494382,0.0,b995b557d64e236b35c4f044c7b455fae52d5c87e044ed1aa776829751c51231
audit,credit_card_fraud,single_model,synthetic_sensor_failure,0.2,shadow,2,0.9990870786516854,0.0,05d22f357fa6da65d19441dadda2786ffe4b81ad7471647aa29515307b6b2ca4
audit,credit_card_fraud,mean_ensemble,synthetic_sensor_failure,0.2,shadow,2,0.998876404494382,0.0,e8e20eba75ea46a4519d3d71828b41a21e0dd3d2c33afa183399c8644fa4fdde
audit,credit_card_fraud,static_weighted_ensemble,synthetic_sensor_failure,0.2,shadow,2,0.9990870786516854,0.0,324608e74c039fd48529b4b6eb838bf7eb2291f69b027c64250bc6e38a4ec2b6
audit,credit_card_fraud,veto_mavs,synthetic_sensor_failure,0.2,shadow,2,0.998876404494382,0.0,591a7632f159b70f1199f3660ff232cb0fe795e4a6c51bf42073169a023875d3
audit,credit_card_fraud,pure_mavs_gc,synthetic_sensor_failure,0.2,shadow,2,0.998876404494382,0.0,63ef6e392f4140ebb88e8b76e78adae8d13575aba73e048e6ca1b32c0a798a0d
audit,credit_card_fraud,single_model,synthetic_sensor_failure,0.4,audit,3,0.9982443820224719,0.0,26074457a751367f3a796e0275da34f1eccb61a0328a8b28c16cad371abcfff0
audit,credit_card_fraud,mean_ensemble,synthetic_sensor_failure,0.4,audit,3,0.9982443820224719,0.0,fb77e5a8aad504a96bd28c328ecb221fe95eea27dca472697eb2be1babd2522d
audit,credit_card_fraud,static_weighted_ensemble,synthetic_sensor_failure,0.4,audit,3,0.9982443820224719,0.0,0f372315eafcd110dad21614f164780711ea4beeb5729067518bbb7f0ad49543
audit,credit_card_fraud,veto_mavs,synthetic_sensor_failure,0.4,audit,3,0.9982443820224719,0.0,58ad75a74bf06cfafb306596def6787f896fc5cf16a8ba180375202f0445ff6a
audit,credit_card_fraud,pure_mavs_gc,synthetic_sensor_failure,0.4,audit,3,0.9982443820224719,0.0,dc081f870fb4a7c18973719c576b9b5318b61eee29544decabbfc04846a895e5
audit,credit_card_fraud,single_model,synthetic_sensor_failure,0.4,shadow,2,0.9982443820224719,0.0,1074be93b1458e990b658e473e162387ae626c37d8e642eeca80b9810771fc13
audit,credit_card_fraud,mean_ensemble,synthetic_sensor_failure,0.4,shadow,2,0.9982443820224719,0.0,fc00e933c7fed61cad6bcd019152cdc19f2599a7889803f084ec0dd797404fa7
audit,credit_card_fraud,static_weighted_ensemble,synthetic_sensor_failure,0.4,shadow,2,0.9982443820224719,0.0,e90212d2fb14e3e1eff2f79ede7cbcf536899c49ed7242cc036f2237322c0368
audit,credit_card_fraud,veto_mavs,synthetic_sensor_failure,0.4,shadow,2,0.9982443820224719,0.0,ffba4f031117e55c9f2d5f20f9782fa67a8a9188efa20e01a8db42d7b44eef0a
audit,credit_card_fraud,pure_mavs_gc,synthetic_sensor_failure,0.4,shadow,2,0.9982443820224719,0.0,3ee40375185b00c75de4d55d81d4a28031a45eab111c82df2a6699dbf167b334
audit,credit_card_fraud,single_model,synthetic_sensor_failure,0.6,audit,3,0.9982443820224719,0.0,62732382f122c2ea758afa86367f188786087f7fe8c139488a3b3922f09a96d7
audit,credit_card_fraud,mean_ensemble,synthetic_sensor_failure,0.6,audit,3,0.9982443820224719,0.0,358b213c3d65501fdc78520e1ce32059f22e2c7bec353cfd36a360915c8ca72f
audit,credit_card_fraud,static_weighted_ensemble,synthetic_sensor_failure,0.6,audit,3,0.9982443820224719,0.0,f157753942d650052bb432b363fc764d8dd5f798ae12602880a5163f737ccf7d
audit,credit_card_fraud,veto_mavs,synthetic_sensor_failure,0.6,audit,3,0.9982443820224719,0.0,6710c58c5b670f81e0cc2b3ebd46fb3ea425b5c1ae3faecfc2058d2ef6be73a8
audit,credit_card_fraud,pure_mavs_gc,synthetic_sensor_failure,0.6,audit,3,0.9982443820224719,0.0,566a142adc0680726e9b6fcaab0de0ab3f113ee7c3d20150ad1e37081b83dacf
audit,credit_card_fraud,single_model,synthetic_sensor_failure,0.6,shadow,2,0.9982443820224719,0.0,b61fae442ce985072ddb8c9c60a2a1c65c969a4560fed01efd14c392d1f11cfa
audit,credit_card_fraud,mean_ensemble,synthetic_sensor_failure,0.6,shadow,2,0.9982443820224719,0.0,084bd7a5100d35fbd20727041a0b046aea73dfa454fb28e09847ce398520924d
audit,credit_card_fraud,static_weighted_ensemble,synthetic_sensor_failure,0.6,shadow,2,0.9982443820224719,0.0,8ae683267b9dedffdad401f09c298a4169285eeb530cf8a652a5a8f6096d4298
audit,credit_card_fraud,veto_mavs,synthetic_sensor_failure,0.6,shadow,2,0.9982443820224719,0.0,c4ef9eeb60a57e0efcbd6e1620e3bf46ca48cb37366b989000596ffdc8ecfc33
audit,credit_card_fraud,pure_mavs_gc,synthetic_sensor_failure,0.6,shadow,2,0.9982443820224719,0.0,81402ad4c42e283d655ac8e166bfc150bd8c16ec760a6b85e892b37e14f083f6
audit,credit_card_fraud,single_model,synthetic_sensor_failure,0.8,audit,3,0.9982443820224719,0.0,6f04ee86e4957ec3868c848e2454d80025ca87daac055365582232802a7d379f
audit,credit_card_fraud,mean_ensemble,synthetic_sensor_failure,0.8,audit,3,0.9982443820224719,0.0,749e80ada240158cba2a2fcf5b103ea18b42247ed2b143e459529a531552bc3c
audit,credit_card_fraud,static_weighted_ensemble,synthetic_sensor_failure,0.8,audit,3,0.9982443820224719,0.0,1cedcd884cc2a33bd5eed2df7316caf90ee0598dcaf43272f96970efde60c6d0
audit,credit_card_fraud,veto_mavs,synthetic_sensor_failure,0.8,audit,3,0.9982443820224719,0.0,43d5fba8742422e32b5c4d8d01b77bd280288433a80ed98007167395375685e5
audit,credit_card_fraud,pure_mavs_gc,synthetic_sensor_failure,0.8,audit,3,0.9982443820224719,0.0,6bb00a7dd3c58557f1dccb4425a52bd1cd38b0f4bfd777b0909fc23b29acec2c
audit,credit_card_fraud,single_model,synthetic_sensor_failure,0.8,shadow,2,0.9982443820224719,0.0,2070b0f9ecf8f21be92a6b42280727ddb8775b52b052235245b9bb7f30b6d3db
audit,credit_card_fraud,mean_ensemble,synthetic_sensor_failure,0.8,shadow,2,0.9982443820224719,0.0,4e7b1a5539789b54f5781eb6ac3d076f0ec6696727171e3925b09b2fa2d2b7ee
audit,credit_card_fraud,static_weighted_ensemble,synthetic_sensor_failure,0.8,shadow,2,0.9982443820224719,0.0,36f79b734040ebb7b89379d02f1080b645b266d9d32434d812dd27554bd5a11a
audit,credit_card_fraud,veto_mavs,synthetic_sensor_failure,0.8,shadow,2,0.9982443820224719,0.0,d6aaa6b53b7dd4f4d336c1f8c76cebbf4e27a773a803db919308378ad01255c4
audit,credit_card_fraud,pure_mavs_gc,synthetic_sensor_failure,0.8,shadow,2,0.9982443820224719,0.0,7cc70dfca16af43f26c5ef39cba4a075886e9ca26969e90584926447e31013b5
audit,credit_card_fraud,single_model,synthetic_sensor_failure,1.0,audit,3,0.9982443820224719,0.0,cb8798eec0c6c9fe380de869564da6fe3df537133d8efdcf70df7860a13d4473
audit,credit_card_fraud,mean_ensemble,synthetic_sensor_failure,1.0,audit,3,0.9982443820224719,0.0,00b899fb1ce3bfb8216733725c0fb9749727376b73f0ecb0715d985cd38318fb
audit,credit_card_fraud,static_weighted_ensemble,synthetic_sensor_failure,1.0,audit,3,0.9982443820224719,0.0,a33133daf9f64f7860d3c5a55a9f9c71219bcc4ddcc945d0a16c8baf3f7dbc0c
audit,credit_card_fraud,veto_mavs,synthetic_sensor_failure,1.0,audit,3,0.9982443820224719,0.0,b07cc30d5dbc5e48402e5007f72b7ef1a882b6566ec2b92394aea655376ff2c0
audit,credit_card_fraud,pure_mavs_gc,synthetic_sensor_failure,1.0,audit,3,0.9982443820224719,0.0,fc43e9023ed2898abd8dd269ad52eb0b8620e9956ba19e632cd56546e4e88231
audit,credit_card_fraud,single_model,synthetic_sensor_failure,1.0,shadow,2,0.9982443820224719,0.0,6c12f555fb73b7a1dc854707ad59f64f8ebda037c7f8241e5ca9191391f5e0d1
audit,credit_card_fraud,mean_ensemble,synthetic_sensor_failure,1.0,shadow,2,0.9982443820224719,0.0,691278e627a4254eb65fe1647d245bd860793defcfa675546d121fa38e2e1241
audit,credit_card_fraud,static_weighted_ensemble,synthetic_sensor_failure,1.0,shadow,2,0.9982443820224719,0.0,80a4a04acfe13569f9c3be79d6b41bcb67641b72566f71ecd0cc6c9bed8c31fc
audit,credit_card_fraud,veto_mavs,synthetic_sensor_failure,1.0,shadow,2,0.9982443820224719,0.0,266c3134c8969454168503bb9c6947e7f5eb90c8792f3c78456ae5156241d3df
audit,credit_card_fraud,pure_mavs_gc,synthetic_sensor_failure,1.0,shadow,2,0.9982443820224719,0.0,22c5674ad6ba022fe9714ae0954ceb40c7cffd9eedecbe63f380188a2fb67cbb
audit,credit_card_fraud,single_model,specialist_failure,0.0,audit,3,0.9992275280898877,0.0,b864ca85fdda5209dee34399bc4b6832f4912fdc7c14703f83852654b69100a5
audit,credit_card_fraud,mean_ensemble,specialist_failure,0.0,audit,3,0.9992275280898877,0.0,d2a815ef96fe759ece90021daed4b5892bd0950716238e068b462bf0d6e16789
audit,credit_card_fraud,static_weighted_ensemble,specialist_failure,0.0,audit,3,0.9992275280898877,0.0,f3eb84ff9f3adbce21c9a7d800694390d01a7a641fc5b50aabe5b9d070aa59e6
audit,credit_card_fraud,veto_mavs,specialist_failure,0.0,audit,3,0.9992275280898877,0.0,b358b0862ae3ce529ad1993052e4128a6bff6dab812e86ebf574d521f062d157
audit,credit_card_fraud,pure_mavs_gc,specialist_failure,0.0,audit,3,0.9991573033707866,0.0,cb4a321893a86e1c7c4027997c8409724fc5710d22899163b20253a6b474d6d5
audit,credit_card_fraud,single_model,specialist_failure,0.0,shadow,2,0.9992275280898877,0.0,26994bc584db08efd5325c948dc37ba07ca09fa3c0595c8df682b5a3dd3bdab0
audit,credit_card_fraud,mean_ensemble,specialist_failure,0.0,shadow,2,0.9992275280898877,0.0,d89129478fe1e1e121c9812d0e81105f2e83f2310f3ba768747133c138f944e2
audit,credit_card_fraud,static_weighted_ensemble,specialist_failure,0.0,shadow,2,0.9992275280898877,0.0,6e13577e08fdba16497bf28449721f18d8b65be7f20848e69ebe54cffb1480a4
audit,credit_card_fraud,veto_mavs,specialist_failure,0.0,shadow,2,0.9992275280898877,0.0,4d32596a99be67b8a9bfe9b9a8dfdd6ea385351671c80b026fe9b1c9110e7ccc
audit,credit_card_fraud,pure_mavs_gc,specialist_failure,0.0,shadow,2,0.9991573033707866,0.0,55d71f4fcf1b31c7c471f166c5244596ecd1dd2bf9a4acf3eaabca1613715b78
audit,credit_card_fraud,single_model,specialist_failure,0.05,audit,3,0.9992275280898877,0.0,dc5ecb88cf2d194c7d01c7a225e04c1869505c962a7b8333e5f8ec40546afc1d
audit,credit_card_fraud,mean_ensemble,specialist_failure,0.05,audit,3,0.9992275280898877,0.0,3824c37b0c9332e9d89e4aa165edae4974301a2c488486070bd297dc9a3c284b
audit,credit_card_fraud,static_weighted_ensemble,specialist_failure,0.05,audit,3,0.9992275280898877,0.0,60fe83f78635a7c5a46d4a726249b0279e1b16c052482e03354489bffb8ff667
audit,credit_card_fraud,veto_mavs,specialist_failure,0.05,audit,3,0.9992275280898877,0.0,5cc459468588b4f80c5c44c22ba9284187d9d6e5dad22ee401b7d64193c2a985
audit,credit_card_fraud,pure_mavs_gc,specialist_failure,0.05,audit,3,0.9991573033707866,0.0,9a6c904cea935ecec749315c4f4a9b9cbc1d109022d59c35fc53aff27c42ae28
audit,credit_card_fraud,single_model,specialist_failure,0.05,shadow,2,0.9992275280898877,0.0,461e4c987f9fcc4799f5254142cd3afe7523a83d6c9c60ef35c8aa752b3428d7
audit,credit_card_fraud,mean_ensemble,specialist_failure,0.05,shadow,2,0.9992275280898877,0.0,e1d25c754c277866765766bab0288a291f77a249d13ad633ac739f47a384014b
audit,credit_card_fraud,static_weighted_ensemble,specialist_failure,0.05,shadow,2,0.9992275280898877,0.0,d57d0f6a500f1b044e808faa0770f149bb6966a5501bbf98955a1ab738d596ac
audit,credit_card_fraud,veto_mavs,specialist_failure,0.05,shadow,2,0.9992275280898877,0.0,65bc855643afb05e5af4db8424c59c5b9d8ca6d9920cb9c09713999beb1d8056
audit,credit_card_fraud,pure_mavs_gc,specialist_failure,0.05,shadow,2,0.9991573033707866,0.0,b934b808cf33cb4070e9efaa200d267e9e00abdee98a8777a53ce28e46ed6efc
audit,credit_card_fraud,single_model,specialist_failure,0.1,audit,3,0.9992275280898877,0.0,6b946d4b6f5891043dff38bf64ffd55e67c0d7634d4f5231ec7174937bf4614f
audit,credit_card_fraud,mean_ensemble,specialist_failure,0.1,audit,3,0.9992275280898877,0.0,6f671227a22a239d5cb56137804d9d323e2bb88f4eb4ba2c8884501a519069d3
audit,credit_card_fraud,static_weighted_ensemble,specialist_failure,0.1,audit,3,0.9992275280898877,0.0,b74409f3c0f2ec106bc4d56ebb08c4f58e0e98e73a17a7e436ebb51ab551d5d7
audit,credit_card_fraud,veto_mavs,specialist_failure,0.1,audit,3,0.9992275280898877,0.0,c2554c81e9cd10620f306473700f8975fc75839b5eaa2dec5b0a9287db59f047
audit,credit_card_fraud,pure_mavs_gc,specialist_failure,0.1,audit,3,0.9991573033707866,0.0,b1d67b4594d09e091b71e608c53734997b8b42eb44e32768d13fb6f4393aefe7
audit,credit_card_fraud,single_model,specialist_failure,0.1,shadow,2,0.9992275280898877,0.0,349fbb2103af8cefdcdc5291a82a3071229a4146c0056910d1fd706da3a6fb92
audit,credit_card_fraud,mean_ensemble,specialist_failure,0.1,shadow,2,0.9992275280898877,0.0,afa8de835f099a5ab58d804c10168bc16e7d08389a79b07dcc3b009716342098
audit,credit_card_fraud,static_weighted_ensemble,specialist_failure,0.1,shadow,2,0.9992275280898877,0.0,29ca5e20ac23a4db092f7478e42febb79bdca783dab0f6fd79bcc049b36e06f0
audit,credit_card_fraud,veto_mavs,specialist_failure,0.1,shadow,2,0.9992275280898877,0.0,622fc580af2895e7bec76956567e71c463bd6bc5302d155a2e6b6c4921cf5446
audit,credit_card_fraud,pure_mavs_gc,specialist_failure,0.1,shadow,2,0.9991573033707866,0.0,da214b86a01105753a87b999011ab9debe931b399e4207d959c58d0928344acc
audit,credit_card_fraud,single_model,specialist_failure,0.2,audit,3,0.9992275280898877,0.0,5229f883602ea3425a4fbde707d3c3407338595add6fc851191879eed56feb05
audit,credit_card_fraud,mean_ensemble,specialist_failure,0.2,audit,3,0.9992275280898877,0.0,4cb99686125fd9bfa8b6937990255e66d0bfd6b325f8df1b5c7cc5c1608f2ad9
audit,credit_card_fraud,static_weighted_ensemble,specialist_failure,0.2,audit,3,0.9992275280898877,0.0,a975991b68d43a138b260f545dfc2763a41ef6dad207a8f5217f9f726081b4ac
audit,credit_card_fraud,veto_mavs,specialist_failure,0.2,audit,3,0.9992275280898877,0.0,9fd8b2259f351575f8abe77f706e99a4faecd30d8f1333cd1bc775d84beb8b31
audit,credit_card_fraud,pure_mavs_gc,specialist_failure,0.2,audit,3,0.9991573033707866,0.0,35ab40e1f9dc92f7e68a33fc8b1284c39f1b657e19dbf424cb4368c0e0616676
audit,credit_card_fraud,single_model,specialist_failure,0.2,shadow,2,0.9992275280898877,0.0,063e58bf2b628800f590cb9bf7fea6d2526cfe7bfe0ad6a7f65728aab2bb1bb3
audit,credit_card_fraud,mean_ensemble,specialist_failure,0.2,shadow,2,0.9992275280898877,0.0,c9b35114dbfa6fe77889d73f9ce8020474e54ae1f15ac34e573566cacdcb0d30
audit,credit_card_fraud,static_weighted_ensemble,specialist_failure,0.2,shadow,2,0.9992275280898877,0.0,5fffecd80d3cfac57d3e28e6d00efa2af82cc251fcc1f9c32487cd56d1588a81
audit,credit_card_fraud,veto_mavs,specialist_failure,0.2,shadow,2,0.9992275280898877,0.0,d274222f1eec493303e7ec12973d4c58f8019009e5c4dee6e2a39df19c038605
audit,credit_card_fraud,pure_mavs_gc,specialist_failure,0.2,shadow,2,0.9991573033707866,0.0,7bc158159db34a4aa4f9940e920544830de85888d9f1361c54e8b1d8b6afec08
audit,credit_card_fraud,single_model,specialist_failure,0.4,audit,3,0.0017556179775280898,0.0,0a13a3e260f9afa9fc5ca4229938f86e4c2d65cd35c6a577ad519aead2ab3aa8
audit,credit_card_fraud,mean_ensemble,specialist_failure,0.4,audit,3,0.9990870786516854,0.0,713549d5538e6d946c2fb037119ad86ca8fd52ed78246afee1eb313bfe41af70
audit,credit_card_fraud,static_weighted_ensemble,specialist_failure,0.4,audit,3,0.9990870786516854,0.0,b0b2f7b3d8c92a7fa48d919e271ba3e93fbcfecd85facf5ed1ae35eb4e0964c2
audit,credit_card_fraud,veto_mavs,specialist_failure,0.4,audit,3,0.9990870786516854,0.0,a943313ad0e497f380e838e3605b0336041f9eb0438ec858b7eac258bdb61a6a
audit,credit_card_fraud,pure_mavs_gc,specialist_failure,0.4,audit,3,0.9990870786516854,0.0,7caa41e6e4846dafd52d9cf1dd71c52d13f21c031a5cc74e51e9b0ee8afaf219
audit,credit_card_fraud,single_model,specialist_failure,0.4,shadow,2,0.0017556179775280898,0.0,4268f6d279107e94942fa4b1e6fed55af8bb552ca036d73e7a44102cda606586
audit,credit_card_fraud,mean_ensemble,specialist_failure,0.4,shadow,2,0.9990870786516854,0.0,4b61ac6f144849cead74496686cf99cf17b6bfe158f86f3851375817092487ee
audit,credit_card_fraud,static_weighted_ensemble,specialist_failure,0.4,shadow,2,0.9990870786516854,0.0,6f71f1e4a7c978ff5bb2e6fd844a4c111adcfde35336ff1ca2ad4c2fa86db699
audit,credit_card_fraud,veto_mavs,specialist_failure,0.4,shadow,2,0.9990870786516854,0.0,401a39fb80ac534ec755118d692eb2456f8b254b7c2bdc3b9142d5ca0d5aca7d
audit,credit_card_fraud,pure_mavs_gc,specialist_failure,0.4,shadow,2,0.9990870786516854,0.0,fae95869ed428decce2475a0ed779491b1dfa792755e43b806c2dda87815e6b2
audit,credit_card_fraud,single_model,specialist_failure,0.6,audit,3,0.0017556179775280898,0.0,d29ee116d0ea1ef0784bf626bebcd97313a7a3359219589e62b16e11e908cc71
audit,credit_card_fraud,mean_ensemble,specialist_failure,0.6,audit,3,0.9990870786516854,0.0,f5ed2dca544f4943a87d3b2026ad203407cb1c1a55ea15f0f41d5860edfb64d4
audit,credit_card_fraud,static_weighted_ensemble,specialist_failure,0.6,audit,3,0.9990870786516854,0.0,f6d9e432906c6bba48da0cda726b1e3e9a22c8cdd6da64577d6cf09e0726aa51
audit,credit_card_fraud,veto_mavs,specialist_failure,0.6,audit,3,0.9990870786516854,0.0,867a1a6ed6712f7dae08dc7fe73cc2b3828888fd0a372c86a0d02f1963111863
audit,credit_card_fraud,pure_mavs_gc,specialist_failure,0.6,audit,3,0.9990870786516854,0.0,38bf7636a9fa41ec24820d75fc7c9a0fbd55f2b47c0b484b27a16207a58750e4
audit,credit_card_fraud,single_model,specialist_failure,0.6,shadow,2,0.0017556179775280898,0.0,098ca5d5c933714b03b786b3780481e55868df36a514bf670d361a76ca1e3858
audit,credit_card_fraud,mean_ensemble,specialist_failure,0.6,shadow,2,0.9990870786516854,0.0,9345a157d9e3fda680f839473e60e89c76859e4adab594327d724436ae0d810b
audit,credit_card_fraud,static_weighted_ensemble,specialist_failure,0.6,shadow,2,0.9990870786516854,0.0,eaca6782dac9332ba1294548ef379132a83a11be57644cfe16be0f8a317fca05
audit,credit_card_fraud,veto_mavs,specialist_failure,0.6,shadow,2,0.9990870786516854,0.0,0a411daaf2994b5dedc6a39b3d8203cd52bf6bebe6e4b5ed7119b80f1c988f2c
audit,credit_card_fraud,pure_mavs_gc,specialist_failure,0.6,shadow,2,0.9990870786516854,0.0,2537372ff420f04bb25cbd765aa7d9cbb50265a3391a69f51993fff073e4f61f
audit,credit_card_fraud,single_model,specialist_failure,0.8,audit,3,0.0017556179775280898,0.0,b603dcd626c974bf164bb3f3ff121c0c793038c8eba83193f598048cc897a581
audit,credit_card_fraud,mean_ensemble,specialist_failure,0.8,audit,3,0.0017556179775280898,0.0,e50aeefcf7eb53f42d20f3d390bfb825acfb4d650db2a5357caf491e9b88e358
audit,credit_card_fraud,static_weighted_ensemble,specialist_failure,0.8,audit,3,0.0017556179775280898,0.0,371fdd5ba4fb19e43c6caa3ddef50591ba436fbc10d49c32a29df9e58849d9ce
audit,credit_card_fraud,veto_mavs,specialist_failure,0.8,audit,3,0.0017556179775280898,0.0,4d851bf29632a76628d45bd9d014b1db4d3616d1d09859a5836a5a28205b25da
audit,credit_card_fraud,pure_mavs_gc,specialist_failure,0.8,audit,3,0.9982443820224719,0.0,4b9d25edb8f84f306f279a49ee7f130ed40f83a92a53131c31e7bdb60bc8ab01
audit,credit_card_fraud,single_model,specialist_failure,0.8,shadow,2,0.0017556179775280898,0.0,c3de945085a16be772c60137ac997567f2c8f88f23a8e894eb5e21a0d3e940f3
audit,credit_card_fraud,mean_ensemble,specialist_failure,0.8,shadow,2,0.0017556179775280898,0.0,8920e9faa76549e23df357eac18a3e93e9cff00167e9c11c91d15ddf8b0366ba
audit,credit_card_fraud,static_weighted_ensemble,specialist_failure,0.8,shadow,2,0.0017556179775280898,0.0,35a512780bd8b68ae3946fc3b92540fb0e77050f23e67624daf045d2a189ffff
audit,credit_card_fraud,veto_mavs,specialist_failure,0.8,shadow,2,0.0017556179775280898,0.0,9c9fd1c399372f0001476a7ba3dc8b2bc30d6b2c8ddf4eb7167f3732576c04fa
audit,credit_card_fraud,pure_mavs_gc,specialist_failure,0.8,shadow,2,0.9982443820224719,0.0,113441e76bf91a95c80d3fd43e86644fb1cac5205760882d93bfd425da420e5b
audit,credit_card_fraud,single_model,specialist_failure,1.0,audit,3,0.0017556179775280898,0.0,27e48a4c6916578721d15e5f73cd29e5af3d19d75fdbf61559d7cea598247508
audit,credit_card_fraud,mean_ensemble,specialist_failure,1.0,audit,3,0.0017556179775280898,0.0,c6c960eaef4760e40e08df844e1daf189e8969dca4bac72f67a2a3492d5ebdb4
audit,credit_card_fraud,static_weighted_ensemble,specialist_failure,1.0,audit,3,0.0017556179775280898,0.0,a5125e3e8693bd458cbb4c1fc9ad5062df481e364ec7d42cd92bd87d2bb2ed4d
audit,credit_card_fraud,veto_mavs,specialist_failure,1.0,audit,3,0.0017556179775280898,0.0,51be8f2e404e1c603c0f37885a04067e4307e9299e107cec73b694b070b0cd37
audit,credit_card_fraud,pure_mavs_gc,specialist_failure,1.0,audit,3,0.9982443820224719,0.0,313430cc5ff1f56a899e649f568d786983d94e3017a1017b12eeb5a7f7e3a4ec
audit,credit_card_fraud,single_model,specialist_failure,1.0,shadow,2,0.0017556179775280898,0.0,d073099b08c17aba8280aed23f0ec7b636eca4448c70bfeaa70fda703c736144
audit,credit_card_fraud,mean_ensemble,specialist_failure,1.0,shadow,2,0.0017556179775280898,0.0,630ebde700ab911791eb7720eb3e722953fe76adcb0af4c3a15af46de3ae2a53
audit,credit_card_fraud,static_weighted_ensemble,specialist_failure,1.0,shadow,2,0.0017556179775280898,0.0,43de2bfa007449d29761040677af947e5056a7464b89e01845f3c11820a08626
audit,credit_card_fraud,veto_mavs,specialist_failure,1.0,shadow,2,0.0017556179775280898,0.0,2b9daef1045d62582e9f13cef025822d54247cb5cbc610f17150b0d52acf1ab4
audit,credit_card_fraud,pure_mavs_gc,specialist_failure,1.0,shadow,2,0.9982443820224719,0.0,e60aa2abbdacf8ad73f2f10868dcd27168305eefd46dcda11f4ea05f514016ba
audit,bank_marketing,single_model,feature_noise,0.0,audit,3,0.9075221238938053,0.0,3ca80dec7dd0284e79aa246aa811bd73f0dee0e3adbfdfc97243d3f55e098d3d
audit,bank_marketing,mean_ensemble,feature_noise,0.0,audit,3,0.9070796460176991,1.232595164407831e-32,b0f540587066d21e9ff32257900f69b463ffd7a2241c990d9bc63115e1cd6fe7
audit,bank_marketing,static_weighted_ensemble,feature_noise,0.0,audit,3,0.9092920353982301,1.232595164407831e-32,0465bea403e1c2a0afc006d78b9281037f56c78daa0ba283d25d62fd591e3a77
audit,bank_marketing,veto_mavs,feature_noise,0.0,audit,3,0.9070796460176991,1.232595164407831e-32,e769ee2cefde6deaddf6a42abe48676b0c4c55f4ca39e607431a7cb85a698e8f
audit,bank_marketing,pure_mavs_gc,feature_noise,0.0,audit,3,0.9088495575221239,0.0,ddcffadf0bcf1cf9e0082cd22884ee5bcdcb07a5badb724eab3e6617f8793522
audit,bank_marketing,single_model,feature_noise,0.0,shadow,2,0.9075221238938053,0.0,2dfc278c782098b4e523265fc12a93e5c74056ea5b6285b6ae92cd1a071ecdcb
audit,bank_marketing,mean_ensemble,feature_noise,0.0,shadow,2,0.9070796460176991,0.0,357efba2cadfc0abde82f24a996fc31687ff75211bd502547f800a13433a0705
audit,bank_marketing,static_weighted_ensemble,feature_noise,0.0,shadow,2,0.9092920353982301,0.0,236cfb8c7525f615b60aea70ffeb4df86194315fa7e05b6511a72dacc538a7c1
audit,bank_marketing,veto_mavs,feature_noise,0.0,shadow,2,0.9070796460176991,0.0,4fa634438ce9b835811ac282e1e1e7b0a91c5aa3af5d3252362b9a6e4ca75420
audit,bank_marketing,pure_mavs_gc,feature_noise,0.0,shadow,2,0.9088495575221239,0.0,fbae5b66e4731898c8380318391255635eb28f000f26750631f86e7a679f5f45
audit,bank_marketing,single_model,feature_noise,0.05,audit,3,0.9078171091445427,4.3508149076319944e-08,0befe07bec40c90ca1d09fde2a27b5964c06bcb61cac017653575c5c3f3cf208
audit,bank_marketing,mean_ensemble,feature_noise,0.05,audit,3,0.9078171091445427,3.045570435342833e-07,d88f4847128617919426418e65fab164394fc3d6c8f60ed5239c889e79af6ae8
audit,bank_marketing,static_weighted_ensemble,feature_noise,0.05,audit,3,0.9100294985250738,3.0455704353423966e-07,8efd826c0be6ca7ce203390e0c9e29f3599803f176d4091e188cfde9703a2356
audit,bank_marketing,veto_mavs,feature_noise,0.05,audit,3,0.9078171091445427,3.045570435342833e-07,f3ff5b3b4b084c42772784dedae5cf6d2525fb69da185c6c5bcf61add95a6f21
audit,bank_marketing,pure_mavs_gc,feature_noise,0.05,audit,3,0.9075221238938053,9.136711306028172e-07,5e62baadc661d2b7231490948489b828844065c27893933f655631f5b56ec27b
audit,bank_marketing,single_model,feature_noise,0.05,shadow,2,0.9046460176991151,4.894666771085994e-08,63059012d8269ed36f05e17608972efbe76612171c2055dd2826ae321fc6d3e9
audit,bank_marketing,mean_ensemble,feature_noise,0.05,shadow,2,0.9073008849557522,2.398386717832309e-06,3162d9479b0c9f567a5d041fc45e3fb101d62a23549b68eb191cb120e26939e9
audit,bank_marketing,static_weighted_ensemble,feature_noise,0.05,shadow,2,0.9081858407079646,3.964680084579876e-06,d797f353fd5d6eadf96f9db8096f177f6b033a2e0b33a0b00efbff60ebf3b577
audit,bank_marketing,veto_mavs,feature_noise,0.05,shadow,2,0.9073008849557522,2.398386717832309e-06,484240bd6b8c543be97f0738908001aeef77adcafd8b31f9f16c724998ca6b5b
audit,bank_marketing,pure_mavs_gc,feature_noise,0.05,shadow,2,0.9079646017699115,7.048320150364126e-06,af53957641a084f9ced2bb6e954cb9816d2d3470bd335594e56be8daff17d98d
audit,bank_marketing,single_model,feature_noise,0.1,audit,3,0.9061946902654867,2.0883911556633572e-06,cb361f528c34a5d17e995ac0684f720d5b360d1257e6698d35491e0026d9b0fb
audit,bank_marketing,mean_ensemble,feature_noise,0.1,audit,3,0.9075221238938053,1.3052444722895983e-07,be2d5bf18ddf6a46f9193856acddacf823d56ed64a8ec9814cee4e2a586b1fd5
audit,bank_marketing,static_weighted_ensemble,feature_noise,0.1,audit,3,0.907669616519174,4.74238824931906e-06,660407bcd621e7d8236c013f646d41c4a6d0f97865f0a1f8fda2b4f9cf1d1088
audit,bank_marketing,veto_mavs,feature_noise,0.1,audit,3,0.9075221238938053,1.3052444722895983e-07,6f4a2e80e4c63fbd18ae69ba476f2af3cb9187af6877955e67a95f5ba1ad9206
audit,bank_marketing,pure_mavs_gc,feature_noise,0.1,audit,3,0.9069321533923304,1.3487526213659185e-06,f8ed0dd7e09c117d59f80c2e9062743a14d3df9cc0c23d70e5afc5ee9f55b0fa
audit,bank_marketing,single_model,feature_noise,0.1,shadow,2,0.9050884955752212,2.398386717832137e-06,a40df19b5a5337d1cd43472b3c4e1be1ca5a7a27ce5604284d94013c3988d719
audit,bank_marketing,mean_ensemble,feature_noise,0.1,shadow,2,0.9075221238938054,7.831466833738573e-07,31b214423407db01bb4b0aba136c79b1138503877222a1a06c35e1b0dc7af4a4
audit,bank_marketing,static_weighted_ensemble,feature_noise,0.1,shadow,2,0.9086283185840709,4.894666771085994e-08,f9e1eb6e3a10346088da2bfbed5bba9623f9140349d6c4cf367e41f8d8588d27
audit,bank_marketing,veto_mavs,feature_noise,0.1,shadow,2,0.9075221238938054,7.831466833738573e-07,71bd973e5c9509f2566b0ad6960d97a8e0c767929bf5c52aa566195499f8c9cf
audit,bank_marketing,pure_mavs_gc,feature_noise,0.1,shadow,2,0.9064159292035399,3.964680084579876e-06,a0c71e4a0299ab620a98cdacfb6fd8844cc2c9ab2feeaa5ca513f4b73dac4e66
audit,bank_marketing,single_model,feature_noise,0.2,audit,3,0.9002949852507375,7.613926088356483e-06,65483012446a745fc620a9dd321cb5b590b7e1300b37f40aeaa28da890d4013d
audit,bank_marketing,mean_ensemble,feature_noise,0.2,audit,3,0.9056047197640118,5.656059379921593e-07,465ac6f6ac4cf4e3e913d5ca647b096e3b3c75183e7d7e46e8437a3f2c699f99
audit,bank_marketing,static_weighted_ensemble,feature_noise,0.2,audit,3,0.9048672566371682,1.3052444722895983e-07,17e0404ec1375eb73707665fe2ebb0b52aa1892c9af1f3815742ecfb4d640422
audit,bank_marketing,veto_mavs,feature_noise,0.2,audit,3,0.9056047197640118,5.656059379921593e-07,9b844c7d96284ca362fb463ce715329be14ab06d8e591a213548b681a3ccb311
audit,bank_marketing,pure_mavs_gc,feature_noise,0.2,audit,3,0.903834808259587,1.0877037269081078e-06,4fbd7b381fad3b2609075c81173e713c5b41453b34a735f4114c687eb9a07a7b
audit,bank_marketing,single_model,feature_noise,0.2,shadow,2,0.9008849557522124,1.9578667084343975e-07,85a4e352234c9f10b05607955ed971142b9c734a208dae7ef3a67fad3e67f4e0
audit,bank_marketing,mean_ensemble,feature_noise,0.2,shadow,2,0.9037610619469026,4.4052000939781316e-07,023a2a72a3188b4ccbc2d3137b5b7cd29cc9f26854e10c7b5ef389866b716f0a
audit,bank_marketing,static_weighted_ensemble,feature_noise,0.2,shadow,2,0.9055309734513275,1.2236666927714985e-06,e996e74a30bab6e0528f9a519c27bada1fff9efe643978a3ebac644211df49de
audit,bank_marketing,veto_mavs,feature_noise,0.2,shadow,2,0.9037610619469026,4.4052000939781316e-07,68fee8a384db80af1f8e331ee0e12fdba187743d95fef6effab807ef6b73ab64
audit,bank_marketing,pure_mavs_gc,feature_noise,0.2,shadow,2,0.9053097345132743,3.132586733495036e-06,f0f2470feabd1c451eaff1b565a7ab2386547aa6bc4165f8d60638a765db9fd1
audit,bank_marketing,single_model,feature_noise,0.4,audit,3,0.8952802359882006,2.9150459881136113e-06,00caf604ed947cba5eb81b11e39f5957a84a7a4c34f2e079d7b7e2a835a9e290
audit,bank_marketing,mean_ensemble,feature_noise,0.4,audit,3,0.9008849557522124,3.263111180723996e-06,ab90463842154882018a28b6bf677680f27f06aff1973162ffca16c3cd392891
audit,bank_marketing,static_weighted_ensemble,feature_noise,0.4,audit,3,0.8971976401179941,2.262423751968746e-06,0b08f47a17823cb221779bd28d3ca94358e2287db7198ce0d4c7fe573e94920b
audit,bank_marketing,veto_mavs,feature_noise,0.4,audit,3,0.9008849557522124,3.263111180723996e-06,95067245e710d0b6de13103f9727186aa9a405304810e114fa44f2015eb332bd
audit,bank_marketing,pure_mavs_gc,feature_noise,0.4,audit,3,0.8983775811209439,1.609801515823958e-06,5fcee676a073415239dda0a7e41a30fab943e8ddb40b8c2ad450fc455a5230d3
audit,bank_marketing,single_model,feature_noise,0.4,shadow,2,0.8957964601769912,4.4052000939773947e-07,091b3ac71b630b53a3e18813b9e426be43c7de9cb0ca45fc86263398645ea2a3
audit,bank_marketing,mean_ensemble,feature_noise,0.4,shadow,2,0.9002212389380531,1.2236666927714985e-06,e02f99527d5836739acba603ff211c8545867780f20acec046487632d98f3a43
audit,bank_marketing,static_weighted_ensemble,feature_noise,0.4,shadow,2,0.8982300884955752,4.8946667710862396e-06,af65a4c3e959bc82828d4a0f223403a9c772e903166b03aa2203d5c7c308affd
audit,bank_marketing,veto_mavs,feature_noise,0.4,shadow,2,0.9002212389380531,1.2236666927714985e-06,7051b44f54b9e3e55d4e822dc1f441adfcc062caf6cf81dc71fa5b24f980de07
audit,bank_marketing,pure_mavs_gc,feature_noise,0.4,shadow,2,0.904424778761062,7.048320150364126e-06,657f4d3f97590aaa34d1354f93c516a68779014bbd4f3a0ebaaf9451bbd1c4ab
audit,bank_marketing,single_model,feature_noise,0.6,audit,3,0.8870206489675516,1.8708504102817577e-06,eef23aeb8183950841629eea532c3f0faba071561234f5021f8b4d810a5a411f
audit,bank_marketing,mean_ensemble,feature_noise,0.6,audit,3,0.8924778761061947,1.0964053567233217e-05,fe5fcb28b9d3e2160be42709c72fc84f2a622236ca7f865c6607d4876246f5dd
audit,bank_marketing,static_weighted_ensemble,feature_noise,0.6,audit,3,0.8898230088495576,8.223040175424765e-06,0a2fc6e0c6db4a7f9c935e1e494b4b6ddc8f3957d10f0443a39474ef2a0a01ab
audit,bank_marketing,veto_mavs,feature_noise,0.6,audit,3,0.8924778761061947,1.0964053567233217e-05,644dc7f2ed29cb8b532e6caf8e0c1f2262275cb4a299cd624b86f961503406a3
audit,bank_marketing,pure_mavs_gc,feature_noise,0.6,audit,3,0.8960176991150443,1.696817813976478e-06,c4f8ac1b1004c395790aca7b8305bcccc80202141ef74698bf0bd8254c13ad29
audit,bank_marketing,single_model,feature_noise,0.6,shadow,2,0.8785398230088496,8.271986843135648e-06,19bf666332e37595a5f541f615c0c14c2eed9f18d3aa2c9fb1cd1c25f3995934
audit,bank_marketing,mean_ensemble,feature_noise,0.6,shadow,2,0.8893805309734513,3.1325867334952326e-06,fd44e7172b0f101008e3daf54acf56707e3926c575d1e42a37ccff5dc54c15f1
audit,bank_marketing,static_weighted_ensemble,feature_noise,0.6,shadow,2,0.8867256637168142,7.83146683373759e-07,1c79c7af32f6897238c468a2a42a8f007ea703faac6d72535c008e4148493ff9
audit,bank_marketing,veto_mavs,feature_noise,0.6,shadow,2,0.8893805309734513,3.1325867334952326e-06,e3ffd727b39fb01646b51cfed1351e0bef8dd32645e84eb716bb31bc865002ff
audit,bank_marketing,pure_mavs_gc,feature_noise,0.6,shadow,2,0.8926991150442478,4.894666771085994e-08,aa50460ceb6c4b92b7f66a21d217aeac2456bd29c8940f1fd3858eb408a94077
audit,bank_marketing,single_model,feature_noise,0.8,audit,3,0.8752212389380531,5.207925444435769e-05,d01adbe4e8bf8b8c7def8fe0c10330fcdead13ecc76fe8eec736711fa7fb5e54
audit,bank_marketing,mean_ensemble,feature_noise,0.8,audit,3,0.8853982300884956,4.5814080977367456e-05,0f1f5aea3d81ab9bc1a414728f74d66fa4df646fb5e9d4a2be4bf173c822ce7c
audit,bank_marketing,static_weighted_ensemble,feature_noise,0.8,audit,3,0.8823008849557522,3.223953846555485e-05,4accd155049893f40d0c38558cf3f3b598d3f3cfc9712d63400c84c2d1735ebe
audit,bank_marketing,veto_mavs,feature_noise,0.8,audit,3,0.8853982300884956,4.5814080977367456e-05,5139a113114dca41503ec21120d082d0500ca631495714a1680152d6b43c7f20
audit,bank_marketing,pure_mavs_gc,feature_noise,0.8,audit,3,0.8908554572271387,1.3357001766430988e-05,3472745e7e6cf098c1e28eb57bbfa815b508d77fdd5d5738c90fbf87f0205fa1
audit,bank_marketing,single_model,feature_noise,0.8,shadow,2,0.8707964601769911,3.1325867334952326e-06,521420ace8aab85d5b8e263fa911bba4b7642f1d5240ae3e4269bee8fc1be52b
audit,bank_marketing,mean_ensemble,feature_noise,0.8,shadow,2,0.8840707964601769,2.369018717205729e-05,e751a26cf373cc9536a2ee86c1858fd982206bd6fe08f72cbb57536fed80ba51
audit,bank_marketing,static_weighted_ensemble,feature_noise,0.8,shadow,2,0.877212389380531,3.059166731928869e-05,702dd48682ad78a19cadc1bbbcfabde99eba5c1ed3ce83ce478a6900dac1c2e7
audit,bank_marketing,veto_mavs,feature_noise,0.8,shadow,2,0.8840707964601769,2.369018717205729e-05,34fbab9a5c18a5e8a55ec01362d32e28d68e29a5e124795d4345b21801065fed
audit,bank_marketing,pure_mavs_gc,feature_noise,0.8,shadow,2,0.888716814159292,3.964680084579876e-06,e83ccbbeeab14983fe7c9ee95c334255717fa3e27a8bf25e8f9d13d605fd3960
audit,bank_marketing,single_model,feature_noise,1.0,audit,3,0.8578171091445428,3.789559784547637e-05,6341357f854e0cc505d1e552c8ba7bffb8f699564c0cc4f455827cbe3bece587
audit,bank_marketing,mean_ensemble,feature_noise,1.0,audit,3,0.8755162241887905,3.5546157795355045e-05,146e1f4deb8b3d5f712725e3b06961c39c0502bbc318b96ec98534f4f2a462bf
audit,bank_marketing,static_weighted_ensemble,feature_noise,1.0,audit,3,0.8685840707964602,2.4669120526274783e-05,fec8378ad8cac705d24c53f9f5dcc11651bf802f1d91a8fcbef225f62afc4687
audit,bank_marketing,veto_mavs,feature_noise,1.0,audit,3,0.8755162241887905,3.5546157795355045e-05,6a5ed2e460ac6320e341bcc5831151d3b8f450ac65864516b372216fc5fa739b
audit,bank_marketing,pure_mavs_gc,feature_noise,1.0,audit,3,0.8831858407079646,2.9759573968204285e-05,e3acd64a06c3b46c83c62822f4914c8909dde62fe8c187a7eaee779f1d7429cc
audit,bank_marketing,single_model,feature_noise,1.0,shadow,2,0.8555309734513274,7.444788158822084e-05,b5272d76b844f3d2e5b6c8a8aceff082ee86ea52fb7c3ec31492a6cdc5a271de
audit,bank_marketing,mean_ensemble,feature_noise,1.0,shadow,2,0.8699115044247787,6.343488135327713e-05,f693bf09a6004f9b68b0b7fb86888ccff7a4b4fe1f34534c501a56c7fe167d07
audit,bank_marketing,static_weighted_ensemble,feature_noise,1.0,shadow,2,0.8630530973451327,4.703774767013792e-05,e431708a55b8e06072456dfdaa902a17d5ba384575fb35b5c58ffc1743663bae
audit,bank_marketing,veto_mavs,feature_noise,1.0,shadow,2,0.8699115044247787,6.343488135327713e-05,dc4d6de6b6c978d8a4e0df4adb238db1029f302f381e84abcd7c2b4a7f91efff
audit,bank_marketing,pure_mavs_gc,feature_noise,1.0,shadow,2,0.8851769911504425,1.1013000234943856e-05,2bfea5f85205066202a11831204471b2a86c3fe7dac6700cc0e3afcd0c624b2c
audit,bank_marketing,single_model,missing_features,0.0,audit,3,0.9075221238938053,0.0,6353a2f9ac2dbf5211fef215922ea7fe99e73f8b1f90d4d2e2b771419f8d96c3
audit,bank_marketing,mean_ensemble,missing_features,0.0,audit,3,0.9070796460176991,1.232595164407831e-32,aab1df8bd3a782692dcf6895dab27bee0bb7d08f697bdf179ea127b8d8f0a716
audit,bank_marketing,static_weighted_ensemble,missing_features,0.0,audit,3,0.9092920353982301,1.232595164407831e-32,8b631aa35e8b5b7ebe139b2d15b0a1786f84576f8cff11eb64d3ba58ba02721d
audit,bank_marketing,veto_mavs,missing_features,0.0,audit,3,0.9070796460176991,1.232595164407831e-32,623dca9899d2db7556ef932b82ff01a1f23fd211422c3c03436662b34a01a067
audit,bank_marketing,pure_mavs_gc,missing_features,0.0,audit,3,0.9088495575221239,0.0,2c6271d9126398be9556d236067a882456e7c233f984e7b747e9e45ef1616b9c
audit,bank_marketing,single_model,missing_features,0.0,shadow,2,0.9075221238938053,0.0,830ae713d7030cd3cdbc045f5f7af50c27588be2943fda27d7daad301fd5f2ad
audit,bank_marketing,mean_ensemble,missing_features,0.0,shadow,2,0.9070796460176991,0.0,ae171e06731bfc89774de2fcf7a738919c1f971c8dc403a726bdf355f11310b8
audit,bank_marketing,static_weighted_ensemble,missing_features,0.0,shadow,2,0.9092920353982301,0.0,a2fbe7dca5abf78fff3278876c2104083b242fce67add1caab1fb0e50447c658
audit,bank_marketing,veto_mavs,missing_features,0.0,shadow,2,0.9070796460176991,0.0,b2b1f43b3e04adf7f8968fd6a323d0ab5143cda67f5314470b703b236e2bb4c8
audit,bank_marketing,pure_mavs_gc,missing_features,0.0,shadow,2,0.9088495575221239,0.0,afdab933c8ecd2a545b6320f943ee7517de5ca9593ae0c4ea83031de3835b897
audit,bank_marketing,single_model,missing_features,0.05,audit,3,0.9033923303834809,6.961303852212065e-07,ef298f526dccb5894e2d13b924046920969d4a0286f116b8f99f2b22307d8b75
audit,bank_marketing,mean_ensemble,missing_features,0.05,audit,3,0.9045722713864307,2.262423751968746e-06,0b0aa3117648f2468381a1563093336aca2b5886c254e68a7cb45f082ab3aac7
audit,bank_marketing,static_weighted_ensemble,missing_features,0.05,audit,3,0.9051622418879056,1.609801515823838e-06,b1f63e13ee6601d0686812a0a53f11b2605274fa2359c49916d0b2bb384441d2
audit,bank_marketing,veto_mavs,missing_features,0.05,audit,3,0.9045722713864307,2.262423751968746e-06,4dbfcd89e74e870c3c209b2eb12a9810b80d6f79a0aa6644db74bddd48a96dc3
audit,bank_marketing,pure_mavs_gc,missing_features,0.05,audit,3,0.9035398230088495,4.8294045474717435e-06,bd8255d1b7683508147e16fb4d538f18205f6b65cea7635a7b80d900aa507882
audit,bank_marketing,single_model,missing_features,0.05,shadow,2,0.9048672566371682,1.9578667084343975e-07,ab45e19e2b9be241b3a89cb70ccb40272296fa9a54f4b11d3cd262d53ca14b74
audit,bank_marketing,mean_ensemble,missing_features,0.05,shadow,2,0.9059734513274336,4.894666771085994e-08,303fef6d846acdf0682decd7b32e957a59afe16ec5772d644afffb7d230d3819
audit,bank_marketing,static_weighted_ensemble,missing_features,0.05,shadow,2,0.9070796460176991,1.7620800375911053e-06,8db13b97fb61a566fa54a52b82768a043a6c65286fcedaf341c1c205842b9989
audit,bank_marketing,veto_mavs,missing_features,0.05,shadow,2,0.9059734513274336,4.894666771085994e-08,1d1bfedc6cc5daac297cef10a2b314eb6beb4c264d11125affaee9ab1215b98c
audit,bank_marketing,pure_mavs_gc,missing_features,0.05,shadow,2,0.9059734513274336,4.894666771085994e-08,2a9b428b2aab4efe097f735756b4c898454ab8fd87ea1364d570067c684f9a15
audit,bank_marketing,single_model,missing_features,0.1,audit,3,0.9008849557522124,2.479964497350237e-06,fc1cb2d21e1aa10c3165bd4defb5fb665739507669650fc3084daf3566b09c87
audit,bank_marketing,mean_ensemble,missing_features,0.1,audit,3,0.9029498525073746,3.045570435342833e-07,716d03ac7270a4a9f720bcebdd691ecc4772c705c2638434934c830d8f7afa7f
audit,bank_marketing,static_weighted_ensemble,missing_features,0.1,audit,3,0.9041297935103245,3.959241565945322e-06,55ec64e1cb84f7c7fefc30f44e9f022fd8118cc51195c3075b6249b2a4be81ce
audit,bank_marketing,veto_mavs,missing_features,0.1,audit,3,0.9029498525073746,3.045570435342833e-07,d0f2ac77a0848626c045c9ff20a6d8b391462aa96bdd39818c763806f387a709
audit,bank_marketing,pure_mavs_gc,missing_features,0.1,audit,3,0.9035398230088495,3.654684522411072e-06,e299e99a933bb8b05afd4d140c7b8f3b4ca8fa513c00742617dae0baf48f5c4d
audit,bank_marketing,single_model,missing_features,0.1,shadow,2,0.9011061946902654,4.4052000939773947e-07,857603462b4c39498ecca4295c415e67a40ef411031b63ec6a717acc1b29a15b
audit,bank_marketing,mean_ensemble,missing_features,0.1,shadow,2,0.904867256637168,3.1325867334952326e-06,0393a337b4d8682f80e871b8bb59e5c530880507e6351080db048ace71e774d2
audit,bank_marketing,static_weighted_ensemble,missing_features,0.1,shadow,2,0.9035398230088496,1.9578667084348888e-07,c922fc3de85f0b27fe12b70df56f5bf91862a34d22e39caf0ce907a31daaf957
audit,bank_marketing,veto_mavs,missing_features,0.1,shadow,2,0.904867256637168,3.1325867334952326e-06,f80949901d531502c6922eb31545e8d6e536d8f7c99d7ab22846075bd6c08278
audit,bank_marketing,pure_mavs_gc,missing_features,0.1,shadow,2,0.9030973451327433,3.1325867334952326e-06,376417fd7864a251631658df940f8e0a3dd12f3ed7f6cc17158aaa8656c9947a
audit,bank_marketing,single_model,missing_features,0.2,audit,3,0.8963126843657817,9.963366138477824e-06,c3f31725e51340d86ed976a8a36eff7bada98fc7a8deeb5db83d1c0fc8d07e48
audit,bank_marketing,mean_ensemble,missing_features,0.2,audit,3,0.9045722713864307,1.688116184161297e-05,e8690772561174f61ca450f07e63e9f99a3463b400fe46d7282a94ecdf4b5a11
audit,bank_marketing,static_weighted_ensemble,missing_features,0.2,audit,3,0.9032448377581122,2.9150459881136113e-06,460c02a210ab1754459195bbfc5e2151e814117df915124608cd372148d9e81e
audit,bank_marketing,veto_mavs,missing_features,0.2,audit,3,0.9045722713864307,1.688116184161297e-05,f5142a76cf884c51f230e115210de3f7be9aab9ed36c23314575d0555e0a1b26
audit,bank_marketing,pure_mavs_gc,missing_features,0.2,audit,3,0.8998525073746313,3.959241565945301e-06,7773c78b99bf1f792f3198b3c37b4bed3644d27d8025a645051a79c9c994925f
audit,bank_marketing,single_model,missing_features,0.2,shadow,2,0.8980088495575221,1.1013000234943856e-05,6127151e40d95fb7343fac5fb0c8583065e26a47405e77f0735760db47fb3a76
audit,bank_marketing,mean_ensemble,missing_features,0.2,shadow,2,0.9039823008849557,7.048320150364126e-06,52bc60d55c6c08728cec3bd834b5e1db38d799eec59a966147205cff30a9fcef
audit,bank_marketing,static_weighted_ensemble,missing_features,0.2,shadow,2,0.9037610619469028,4.894666771085994e-08,53cddba6977929ffdb4ad7b7872e1713a7e3deae8ada62450794179a3138c235
audit,bank_marketing,veto_mavs,missing_features,0.2,shadow,2,0.9039823008849557,7.048320150364126e-06,b305c6e934b78b4824164f3a6b499d1a1f1a522539f4d8e4c9910c40ac08b73a
audit,bank_marketing,pure_mavs_gc,missing_features,0.2,shadow,2,0.8988938053097345,8.271986843135648e-06,329b176b3d81d8a57958a4dda01c3f5b56995a2dfba84a1d70aa04bb142ef09c
audit,bank_marketing,single_model,missing_features,0.4,audit,3,0.8920353982300885,1.3052444722895983e-07,47e596dc6aa3cec17b84b72f6520b7de4b51ed02fc9af0300706ebbf55c49df3
audit,bank_marketing,mean_ensemble,missing_features,0.4,audit,3,0.894542772861357,4.3508149076319944e-08,2be27979efe4f438ddfaef89a7e69184353103b06ab2c95f2046499a7dd480c5
audit,bank_marketing,static_weighted_ensemble,missing_features,0.4,audit,3,0.893362831858407,2.479964497350401e-06,69803ec9b8c3b1942655144364671e5f763a0c27735ec7b337770ec4c5249761
audit,bank_marketing,veto_mavs,missing_features,0.4,audit,3,0.894542772861357,4.3508149076319944e-08,e0152c069d6b2bb6ad0a60304883b317d669d4bd055cd2729e3d26ee1cfe94d4
audit,bank_marketing,pure_mavs_gc,missing_features,0.4,audit,3,0.8912979351032448,2.1318993047396778e-06,d386a387af213e67e274d6e9150941f18c3c99acd39950ec501eb93be9931421
audit,bank_marketing,single_model,missing_features,0.4,shadow,2,0.8902654867256637,1.9578667084343975e-07,d6c4e6351d072b070cd4996e81799eb7431acb024a1087d118229a72b727fd80
audit,bank_marketing,mean_ensemble,missing_features,0.4,shadow,2,0.8913716814159292,3.964680084579655e-06,d550d1a9ee94711b33de35c1baa3b87a12c9186a7b7cee191084b31590cfeb72
audit,bank_marketing,static_weighted_ensemble,missing_features,0.4,shadow,2,0.8900442477876107,4.4052000939773947e-07,f406d6f19f1962f293703e4750900e6933f436802be56c0a5ff6c61143d5d0f0
audit,bank_marketing,veto_mavs,missing_features,0.4,shadow,2,0.8913716814159292,3.964680084579655e-06,ac529ed7f38e7d6fc58ade02a6688c14da524bf806487d1179d102b136ec438b
audit,bank_marketing,pure_mavs_gc,missing_features,0.4,shadow,2,0.8902654867256637,7.83146683373759e-07,89dd332091728d4af74c790db200002877739e3a0788baa8adfd2505596ee405
audit,bank_marketing,single_model,missing_features,0.6,audit,3,0.8880530973451327,5.612551230845502e-06,108afe3a194b20b126566c5c776d0ffe16421a227ec8617a6f52ad89056b7b30
audit,bank_marketing,mean_ensemble,missing_features,0.6,audit,3,0.8898230088495576,4.046257864097952e-06,781273739099daa2373bf4bca769a174236e9d7a02ebdf6f8aa4f611bf50a178
audit,bank_marketing,static_weighted_ensemble,missing_features,0.6,audit,3,0.8884955752212389,6.3956979142192615e-06,967718a190f2d8059779db841bce9b1f40bcfa2c93d8f7f3b76c3eae78300fa3
audit,bank_marketing,veto_mavs,missing_features,0.6,audit,3,0.8898230088495576,4.046257864097952e-06,e7cb8f7cf48f114a687f5b019d19964b8727b7c120d5dbceeab9406731c12f0f
audit,bank_marketing,pure_mavs_gc,missing_features,0.6,audit,3,0.8865781710914454,5.656059379921593e-07,415a4fa13ddf72e0b448556c58894809faa50523025bedbe3ff6b6330ae5c7bf
audit,bank_marketing,single_model,missing_features,0.6,shadow,2,0.8876106194690265,0.0,0b9da8efc3743c934350cb334963162bfd16c5371e146f423e56f6394ee80458
audit,bank_marketing,mean_ensemble,missing_features,0.6,shadow,2,0.8909292035398231,2.398386717832137e-06,1d4c8d4a8617e18ef605014c0b5ffa55e5d8ac111afc5a45ac0b2c7d80160505
audit,bank_marketing,static_weighted_ensemble,missing_features,0.6,shadow,2,0.8902654867256637,7.83146683373759e-07,a458aaa89ca51d59a9f6efa73c752dfd19fb8d7f518169ff8b70e3ad3e1a9c8d
audit,bank_marketing,veto_mavs,missing_features,0.6,shadow,2,0.8909292035398231,2.398386717832137e-06,45be763923f721cacf297ed4c2565af5ac60acfc0132068c75acf500d3bdd5ff
audit,bank_marketing,pure_mavs_gc,missing_features,0.6,shadow,2,0.8867256637168142,3.132586733495036e-06,b019a18a47ab8a5cb97390c8fdea39f582d17578d644ed0a99f0e7679243e8e2
audit,bank_marketing,single_model,missing_features,0.8,audit,3,0.8840707964601769,1.305244472289926e-07,41119c3280d8fda6cc979620e092a164e47649222856aff54510c03fedfd27a1
audit,bank_marketing,mean_ensemble,missing_features,0.8,audit,3,0.8848082595870207,1.6098015158239582e-06,a8f3f0eec34097a85aaa0b6af7177cd0df268bc0488541d57250bdf387939d57
audit,bank_marketing,static_weighted_ensemble,missing_features,0.8,audit,3,0.8851032448377582,1.7403259630527978e-07,9e6797d7559a95b25b304c9689f035d28c4aad9682df7347298b56f09723ebec
audit,bank_marketing,veto_mavs,missing_features,0.8,audit,3,0.8848082595870207,1.6098015158239582e-06,4181e0994c57ab45578311015114ecccd3a3fa8e72d589774cf0fe7dc3e76354
audit,bank_marketing,pure_mavs_gc,missing_features,0.8,audit,3,0.8845132743362832,3.915733416869451e-07,b464f1238b687578be9a13e2fea8dccc0e53613374557f02d00dddffc55fe0d9
audit,bank_marketing,single_model,missing_features,0.8,shadow,2,0.8820796460176992,4.4052000939773947e-07,27d883cdac6ceb2ff41a05288464061708ec0b6c1859411b859595224827869e
audit,bank_marketing,mean_ensemble,missing_features,0.8,shadow,2,0.8842920353982301,4.4052000939781316e-07,abc6745e6d76a945bdf35411fdfbfac73426b281c6b00eda1d3e4e50309df658
audit,bank_marketing,static_weighted_ensemble,missing_features,0.8,shadow,2,0.8847345132743363,4.894666771085994e-08,9082148c929e9b2661307fef8699f92aa995502d87bdcdb6c62f5f8fece2d75c
audit,bank_marketing,veto_mavs,missing_features,0.8,shadow,2,0.8842920353982301,4.4052000939781316e-07,c45ec3494af67a57cd6174e749952cf348f975321155e4656a69c555f7785f47
audit,bank_marketing,pure_mavs_gc,missing_features,0.8,shadow,2,0.8851769911504426,4.894666771085994e-08,724a69e55d50898d31d8e74de9f5c359a65f5576e9ae9bc54f58031997ffc4e8
audit,bank_marketing,single_model,missing_features,1.0,audit,3,0.8831858407079646,0.0,cc8c99725f7c7decf16d2124f9a16983f1363d4815d07e61da08b8327000acac
audit,bank_marketing,mean_ensemble,missing_features,1.0,audit,3,0.8831858407079646,0.0,54cc0c91ef9f796a2a70742c0239d20f8cd5dc5028a24f408cb2073971b07767
audit,bank_marketing,static_weighted_ensemble,missing_features,1.0,audit,3,0.8831858407079646,0.0,1cfbdc01c9c3e0efed6069285619dccac728bbc846647be839c705650a62365e
audit,bank_marketing,veto_mavs,missing_features,1.0,audit,3,0.8831858407079646,0.0,0094744497842fea3161ac2c64dd7fd298546b39a5d17489e7cbb5f2dba2a462
audit,bank_marketing,pure_mavs_gc,missing_features,1.0,audit,3,0.8831858407079646,0.0,508ab4c375a9b57d797b1890768a3bdff5347e1a1bc780c21cf128d0eb24eadb
audit,bank_marketing,single_model,missing_features,1.0,shadow,2,0.8831858407079646,0.0,78ab076d4d0f38f424419edcaddc1c8e8aaa551551e26a104b413d4b18af6479
audit,bank_marketing,mean_ensemble,missing_features,1.0,shadow,2,0.8831858407079646,0.0,ef79d5c54b80d89db98f8b61d42c0f4238baa003eb70bf9a45a200fcaacff5db
audit,bank_marketing,static_weighted_ensemble,missing_features,1.0,shadow,2,0.8831858407079646,0.0,b54f259293a3a01e49513d99b8a81e2de5f2be2554efb1f89129d5e661bc3ac7
audit,bank_marketing,veto_mavs,missing_features,1.0,shadow,2,0.8831858407079646,0.0,2d9fad47a67ef42f41e0f72d51181e4b91bb9a833b0e9eb111c82e1225bec2e5
audit,bank_marketing,pure_mavs_gc,missing_features,1.0,shadow,2,0.8831858407079646,0.0,a687810f7f629a7dc5fc619038335aa8c119f676924532ec44a28f6ce7faf90a
audit,bank_marketing,single_model,random_feature_deletion,0.0,audit,3,0.9075221238938053,0.0,6686bbe1ede7680b0d471ebef47f69449b8e053f4c39913a8673fc05fa5e90c8
audit,bank_marketing,mean_ensemble,random_feature_deletion,0.0,audit,3,0.9070796460176991,1.232595164407831e-32,022ea3df136a0ec625c80b90a29bb0cb43df90172ec721c69e4c543c3db3332a
audit,bank_marketing,static_weighted_ensemble,random_feature_deletion,0.0,audit,3,0.9092920353982301,1.232595164407831e-32,a67beb5e2155e2c0540ae2f3c9564c209090ea4553dc704475d20d6b82474577
audit,bank_marketing,veto_mavs,random_feature_deletion,0.0,audit,3,0.9070796460176991,1.232595164407831e-32,620e740345e39f636c31d6c6306df1ccb17967da889cdae8babd31bd627164d8
audit,bank_marketing,pure_mavs_gc,random_feature_deletion,0.0,audit,3,0.9088495575221239,0.0,6edfbee544b4fc189cabe36618e62233fdcd2f6025fabdd107879b990ca0fca3
audit,bank_marketing,single_model,random_feature_deletion,0.0,shadow,2,0.9075221238938053,0.0,eca3b74578fdcb354921c5bd3a6edd9be34ffe73d10826d43d02926e403a619d
audit,bank_marketing,mean_ensemble,random_feature_deletion,0.0,shadow,2,0.9070796460176991,0.0,110c5097cba410a9f66a9111ce4dda11a1637f45b9b080a8174e67def0803ee8
audit,bank_marketing,static_weighted_ensemble,random_feature_deletion,0.0,shadow,2,0.9092920353982301,0.0,aef940011b4c73f8946c208a9dc2115b141cf74934d5007dfcaf63e0bf5a832e
audit,bank_marketing,veto_mavs,random_feature_deletion,0.0,shadow,2,0.9070796460176991,0.0,159b4c95bbd84b052d0880eaef3b014ad9c48b95544c611828a171c3fb5d73c6
audit,bank_marketing,pure_mavs_gc,random_feature_deletion,0.0,shadow,2,0.9088495575221239,0.0,8a9cf36062a51cdbf12fd017d407052bf0aa58a08c27dd3049cd388673a13992
audit,bank_marketing,single_model,random_feature_deletion,0.05,audit,3,0.8935103244837758,7.653083422525042e-05,6100e4c4940aaa9e1037c9d4ead9c923028877174fcfddb87cd45978d5f138bc
audit,bank_marketing,mean_ensemble,random_feature_deletion,0.05,audit,3,0.8957227138643068,5.0425944779457046e-05,066cd927dd32865853720ecfe49647bc9fe87855b92220df5945790344b51624
audit,bank_marketing,static_weighted_ensemble,random_feature_deletion,0.05,audit,3,0.8955752212389381,0.0001002427754718464,268b51c116d634ce46d446372f855d0043d60bccc1dbe03392ee0d451f53ba60
audit,bank_marketing,veto_mavs,random_feature_deletion,0.05,audit,3,0.8957227138643068,5.0425944779457046e-05,100944a16689cdc223b2726b7ffc2760c5032a31f732438ed8b964980e59a114
audit,bank_marketing,pure_mavs_gc,random_feature_deletion,0.05,audit,3,0.8967551622418879,6.295629171343745e-05,e78b55746042cbd7f4d84a8a6d32a7834231f3869c3030e7bb48e9d36396cbc5
audit,bank_marketing,single_model,random_feature_deletion,0.05,shadow,2,0.8973451327433628,7.831466833737983e-05,ccc30a937485354eed12d58735e316675aca202f77b83ea1bd129dcd8e1b651b
audit,bank_marketing,mean_ensemble,random_feature_deletion,0.05,shadow,2,0.8977876106194691,5.0121387735922935e-05,19cc94613d0ddec5b1ae6430ab3560d740d20ba6eed57e4e701ff529976647de
audit,bank_marketing,static_weighted_ensemble,random_feature_deletion,0.05,shadow,2,0.897566371681416,0.00010812318897329423,aec2447b9ab5ca24b85c24f0324816ff1174e3e5517be5e899b90c33a987c96a
audit,bank_marketing,veto_mavs,random_feature_deletion,0.05,shadow,2,0.8977876106194691,5.0121387735922935e-05,bfcee2922e2d59e4d5bb9928c57f50a65c8e400e9831418fa18eee4c3419647e
audit,bank_marketing,pure_mavs_gc,random_feature_deletion,0.05,shadow,2,0.9011061946902654,9.91170021144958e-05,ada9d33a2c6d2488461eb8ea780a31f54391a2f7a24d126f8e1c5bff3e47b3b8
audit,bank_marketing,single_model,random_feature_deletion,0.1,audit,3,0.8989675516224189,7.522558975296081e-05,95fbd0716a0b7faac2bf1dad524ae32f21616101d2bc07f3ddf37ecb3845b19a
audit,bank_marketing,mean_ensemble,random_feature_deletion,0.1,audit,3,0.9011799410029498,5.747426492982151e-05,7a464b9efc7ddbede35776e1b5363247977620f706855cb664b7ab270923dc8b
audit,bank_marketing,static_weighted_ensemble,random_feature_deletion,0.1,audit,3,0.8995575221238938,0.0001238677004202894,a922b7ab786718fc469c451091ca751e09be39f5158d5c34680d5febe66064bf
audit,bank_marketing,veto_mavs,random_feature_deletion,0.1,audit,3,0.9011799410029498,5.747426492982151e-05,79087a2f908005057d8f9685cf54304ce862c6865901b72408cc77c50948e95a
audit,bank_marketing,pure_mavs_gc,random_feature_deletion,0.1,audit,3,0.9023598820058997,6.334786505512481e-05,876e88db6568f5c6122d2c58bcd60446faa2f00f86ae75e925664171b627b7ad
audit,bank_marketing,single_model,random_feature_deletion,0.1,shadow,2,0.9046460176991151,4.4052000939773947e-07,028d654033cf1987b86e7c37b34b8e4cc2dff7d5e26a991f3d19e45312f80b02
audit,bank_marketing,mean_ensemble,random_feature_deletion,0.1,shadow,2,0.9057522123893805,1.9578667084343975e-07,02981a28f47273a0d663572cbde9d7e326b506db2adf1894bc74e991985ee487
audit,bank_marketing,static_weighted_ensemble,random_feature_deletion,0.1,shadow,2,0.9057522123893805,1.9578667084343975e-07,b3dd305c9a1e02761def9f949b137f18244550688b42d7433700eda2928e69bd
audit,bank_marketing,veto_mavs,random_feature_deletion,0.1,shadow,2,0.9057522123893805,1.9578667084343975e-07,aa4a586f61499c0370302c3d76f36f2962b63a7b79d478ed3f1b4964eb439d9e
audit,bank_marketing,pure_mavs_gc,random_feature_deletion,0.1,shadow,2,0.904646017699115,5.922546793014323e-06,409f1e02a1fe357f6058d034271831bf88a0de64abf4f0df7dbe45cda83c5939
audit,bank_marketing,single_model,random_feature_deletion,0.2,audit,3,0.9032448377581122,3.3066193298004906e-06,4621c1716400e015fcf0e2f9144c80189089315c48e3949c90efa9367f4ea973
audit,bank_marketing,mean_ensemble,random_feature_deletion,0.2,audit,3,0.9050147492625369,6.569730510524771e-06,e193ecbd2cc51334a300964d33994d7b539a2b2bb8f68e646e4aa8d0813ca9c4
audit,bank_marketing,static_weighted_ensemble,random_feature_deletion,0.2,audit,3,0.9056047197640118,4.3508149076319944e-08,8cf75a951140ccbd88cf3d03c6b7e188b16b0b2eadccf75bd435af6772ff8e2a
audit,bank_marketing,veto_mavs,random_feature_deletion,0.2,audit,3,0.9050147492625369,6.569730510524771e-06,6026573900d6e5a12f15ab5a0f22d788f0cfe6af371e9981d749308d4c75487e
audit,bank_marketing,pure_mavs_gc,random_feature_deletion,0.2,audit,3,0.9042772861356931,2.7845215408846514e-06,79c28d7fd3ad1f9a7ff66960f602bf6d8d587cfa21a20db6ef3d25ee3e178c9a
audit,bank_marketing,single_model,random_feature_deletion,0.2,shadow,2,0.897787610619469,1.9578667084344958e-05,6356768b488f55e226c1277ca4591e63effb477b140ee8adbeb583afc0efa57d
audit,bank_marketing,mean_ensemble,random_feature_deletion,0.2,shadow,2,0.9073008849557522,4.894666771085994e-08,a9c5e3d9db27dd0c0188ddcbbe9e0dbd9e8018f2d984ca52011149e5af89926f
audit,bank_marketing,static_weighted_ensemble,random_feature_deletion,0.2,shadow,2,0.904424778761062,9.593546871328893e-06,e8e1200c19e902aab92f647de105126d08d314bc3908293602fa7b0d0406b9fe
audit,bank_marketing,veto_mavs,random_feature_deletion,0.2,shadow,2,0.9073008849557522,4.894666771085994e-08,c09c278a376fcf05c7ab9240299e5bf1db6afeb0137ca81d4cff734d3927d5e5
audit,bank_marketing,pure_mavs_gc,random_feature_deletion,0.2,shadow,2,0.9055309734513275,3.964680084579655e-06,6908b0f1edce86baf6e2fe0c9afde5a1a11863cddbf2ce1ef6bc4e93102de368
audit,bank_marketing,single_model,random_feature_deletion,0.4,audit,3,0.891740412979351,4.3508149076319944e-08,a060445f57bf7d56ef8220938cc4debb1bef7b4576f681a2dbaa5e5b8e64c13f
audit,bank_marketing,mean_ensemble,random_feature_deletion,0.4,audit,3,0.8927728613569321,2.7714690961617257e-05,3c6397ef875cc587895f820de4de55e9348527b6fe54ab036f5dc2153f765e6e
audit,bank_marketing,static_weighted_ensemble,random_feature_deletion,0.4,audit,3,0.8929203539823009,9.136711306028172e-07,b3e81475bd0ee26ed426e566fb0b01890373b6d3d42221570fce0551840ea6d7
audit,bank_marketing,veto_mavs,random_feature_deletion,0.4,audit,3,0.8927728613569321,2.7714690961617257e-05,87b87c1be19462260535fd11c4bcc4187692943266c08e3763cec2318b3a2fb2
audit,bank_marketing,pure_mavs_gc,random_feature_deletion,0.4,audit,3,0.8883480825958702,1.3357001766430988e-05,1aaab9c5b2fa9f7f5e65ff7c98407b3124bdf29dd964cc73b63b603d6750038b
audit,bank_marketing,single_model,random_feature_deletion,0.4,shadow,2,0.8940265486725664,8.271986843135648e-06,ba199a0f752425f6771c905b9080e2834d474a26bd2c43114a45fba804b772d4
audit,bank_marketing,mean_ensemble,random_feature_deletion,0.4,shadow,2,0.8942477876106194,1.585872033831906e-05,7649398c669c13da2e027509c920b38caf0e69ef77035fdd8634f555925e8311
audit,bank_marketing,static_weighted_ensemble,random_feature_deletion,0.4,shadow,2,0.8951327433628319,1.253034693398093e-05,109a30b4ea11bb485306cea7a337f3a95beea7aadb7c3b5ff4bf6dcbbb596a81
audit,bank_marketing,veto_mavs,random_feature_deletion,0.4,shadow,2,0.8942477876106194,1.585872033831906e-05,7b5f742faed0a43b17c067b06cb732277823d0d5573237b7d3092b066ea0d0a1
audit,bank_marketing,pure_mavs_gc,random_feature_deletion,0.4,shadow,2,0.8942477876106194,7.048320150364126e-06,4f8153790b39550cdbe4aa6e70b7add0fc7eba60349ff7c22f23311598489b85
audit,bank_marketing,single_model,random_feature_deletion,0.6,audit,3,0.8851032448377582,1.8316930761131595e-05,4972820bcdba00b298f67ed059688449843e2cf71ca49283dd9e2e7d5839c858
audit,bank_marketing,mean_ensemble,random_feature_deletion,0.6,audit,3,0.8864306784660767,1.6881161841612858e-05,fa1309f32101664ca3a3d0b620b0979b5da82a5c498b26413a36c32783aca093
audit,bank_marketing,static_weighted_ensemble,random_feature_deletion,0.6,audit,3,0.8864306784660767,1.1268610610767455e-05,2bd06f3764deec0cda65edca5fa7b7248b255f7485df9fbc87e0f3f3384e68e1
audit,bank_marketing,veto_mavs,random_feature_deletion,0.6,audit,3,0.8864306784660767,1.6881161841612858e-05,d07daa7756a85db9c99fc8795ccb29e34a78bee43da8f3a808734dd45a522feb
audit,bank_marketing,pure_mavs_gc,random_feature_deletion,0.6,audit,3,0.8859882005899705,4.350814907631995e-06,8b9c42fe16ccb858dee7b18075043d80516983612ee81878ce44b588653d6b3c
audit,bank_marketing,single_model,random_feature_deletion,0.6,shadow,2,0.8829646017699115,4.894666771085994e-08,0f44fa1fc55de2d6c287deb6b251f46b8c854b19bfbf0296ce91742723d6952f
audit,bank_marketing,mean_ensemble,random_feature_deletion,0.6,shadow,2,0.8836283185840708,1.9578667084343975e-07,8c89a6cd0bc77426a573341597dcb73c4e84c0cdb8430a050ae3b54e31ddd2dc
audit,bank_marketing,static_weighted_ensemble,random_feature_deletion,0.6,shadow,2,0.8831858407079646,0.0,9b4ece6f08fc7d005b212b9f78a3eb6d69eb1dd1657238a11a33898a5ebec047
audit,bank_marketing,veto_mavs,random_feature_deletion,0.6,shadow,2,0.8836283185840708,1.9578667084343975e-07,ea6a0cef806eb6dad43f7a9bc400074737e3edb81bda0d61ece01b9ec8373c2f
audit,bank_marketing,pure_mavs_gc,random_feature_deletion,0.6,shadow,2,0.8831858407079646,0.0,c15ea2ec41b43df2a00b7ebdea6121fdc598e97d544116b77359419e9caa3164
audit,bank_marketing,single_model,random_feature_deletion,0.8,audit,3,0.883480825958702,2.31463353086035e-05,ced563c521a449fd20e05aa93d700dfaf6e65b399ace01c740ef27bd37630741
audit,bank_marketing,mean_ensemble,random_feature_deletion,0.8,audit,3,0.8859882005899705,2.653997093655659e-06,97bb19a1c282b6d818c0bb3e748ade15212beab7e3a2b567a44eee7990622183
audit,bank_marketing,static_weighted_ensemble,random_feature_deletion,0.8,audit,3,0.885103244837758,6.0476327216087235e-06,b858ceaa74c80a714f655719d5a6950e445b9213af2616b34fdb3cefff03cfd5
audit,bank_marketing,veto_mavs,random_feature_deletion,0.8,audit,3,0.8859882005899705,2.653997093655659e-06,2a5c0ab77e404fb1ab50dca2d3754109dbf1bde4d68c85811b6e8ad7a117f5c6
audit,bank_marketing,pure_mavs_gc,random_feature_deletion,0.8,audit,3,0.887905604719764,5.656059379921593e-07,a52cbc993f973379b391d50d775bf53c4656a92cb1f6dcd07b8951ef0f191701
audit,bank_marketing,single_model,random_feature_deletion,0.8,shadow,2,0.8831858407079646,0.0,9135c725779c3e6d2c771f817f9fc5bc3053b099c71365a158edd85cf9c98e60
audit,bank_marketing,mean_ensemble,random_feature_deletion,0.8,shadow,2,0.8831858407079646,0.0,f2032a608953587dc58027a46c0467fd2f867324a739d2c2ebb49cde1a419c88
audit,bank_marketing,static_weighted_ensemble,random_feature_deletion,0.8,shadow,2,0.8831858407079646,0.0,553c614f0ec041b7a7e65c533b8ad9de05485a76deb0619e00cbc95412b7ebb1
audit,bank_marketing,veto_mavs,random_feature_deletion,0.8,shadow,2,0.8831858407079646,0.0,271f56063ea8bcd88fdd5eedc317e335a95adc35be1524f946829909d511a21d
audit,bank_marketing,pure_mavs_gc,random_feature_deletion,0.8,shadow,2,0.8831858407079646,0.0,f015159637ed486aeb6ccf869ce909ec8caad1b4e74573d0356f84dfbd41320b
audit,bank_marketing,single_model,random_feature_deletion,1.0,audit,3,0.8831858407079646,0.0,e37f48796539408d04022059c6b1f1977401c2fd845721ee5d40a91cfd3a2ebb
audit,bank_marketing,mean_ensemble,random_feature_deletion,1.0,audit,3,0.8831858407079646,0.0,dd4255363abea990e60f1820cfb4dfcc4baed48a44e7c428bef2d0e3d0c4d39f
audit,bank_marketing,static_weighted_ensemble,random_feature_deletion,1.0,audit,3,0.8831858407079646,0.0,10c9806efeb18d0529d7e9d33ae25ee6f52e0c5687c61bb4780d2acf2025810d
audit,bank_marketing,veto_mavs,random_feature_deletion,1.0,audit,3,0.8831858407079646,0.0,a164bbd9627dc60a39d25c9d3b123f003d43f90d7a56e2a30d31d6ae22c2b233
audit,bank_marketing,pure_mavs_gc,random_feature_deletion,1.0,audit,3,0.8831858407079646,0.0,b154fe0a19d7e02f11a7766b4082bde1b5eabd671dbae0a7124e4b9592307b8c
audit,bank_marketing,single_model,random_feature_deletion,1.0,shadow,2,0.8831858407079646,0.0,da397518fe1154545f33654d99b1e2cd37d92fd6f019b5da3c42cb2ed60d590a
audit,bank_marketing,mean_ensemble,random_feature_deletion,1.0,shadow,2,0.8831858407079646,0.0,8ec54fe9fce3972b362ab8db986d5eddf2510db269a9657cccde77fc89328a66
audit,bank_marketing,static_weighted_ensemble,random_feature_deletion,1.0,shadow,2,0.8831858407079646,0.0,b7336a895a6c722d93ea86cf6ed44a696d64daae0d0fca524f8c74b89778c901
audit,bank_marketing,veto_mavs,random_feature_deletion,1.0,shadow,2,0.8831858407079646,0.0,fb49a7ad1392d150d291efb674da07ab633ca372078a27989256fae3a46f8d74
audit,bank_marketing,pure_mavs_gc,random_feature_deletion,1.0,shadow,2,0.8831858407079646,0.0,987241d308fe4be47bf1cf7421a1b4e02710767b4359ee27335541f945a4af79
audit,bank_marketing,single_model,label_noise,0.0,audit,3,0.9075221238938053,0.0,f5874e751fa8945b4a6cecdb86f108b6acbd730855cee23e35694fa5ad59796c
audit,bank_marketing,mean_ensemble,label_noise,0.0,audit,3,0.9070796460176991,1.232595164407831e-32,abc4aeb188389482842f46a9e7488b4880ab0109acd3c8e8a986b3d8cc2bba1d
audit,bank_marketing,static_weighted_ensemble,label_noise,0.0,audit,3,0.9092920353982301,1.232595164407831e-32,381326ccdcf720d3899bdfb18deb602ea71ff51e74f7a6165586669d8400cd2c
audit,bank_marketing,veto_mavs,label_noise,0.0,audit,3,0.9070796460176991,1.232595164407831e-32,441db9a0cf0c331d3c7062f3518608ebc040953ee37e31e5fa9b036bde316063
audit,bank_marketing,pure_mavs_gc,label_noise,0.0,audit,3,0.9088495575221239,0.0,dee0b7fcf2c7d64b446e12f576524ee269140fc9079b57f79cadb3dc45403002
audit,bank_marketing,single_model,label_noise,0.0,shadow,2,0.9075221238938053,0.0,bb69a64dc5ccc6076391936325cdbf83a3f79c52ab6b6f536091a8ed32dd2e22
audit,bank_marketing,mean_ensemble,label_noise,0.0,shadow,2,0.9070796460176991,0.0,089ab3627fe3fddecc5c01fec9690fba0cf00e25a10feb7b38d9f43e4798a280
audit,bank_marketing,static_weighted_ensemble,label_noise,0.0,shadow,2,0.9092920353982301,0.0,59b5fa657b1493d218bd283628114f697ebfe88cb45847a5f5961ddd935eb3b7
audit,bank_marketing,veto_mavs,label_noise,0.0,shadow,2,0.9070796460176991,0.0,736749715e1042b773ed8f1b73bbab6e0648f154caf2b58c1a1db5710ed87702
audit,bank_marketing,pure_mavs_gc,label_noise,0.0,shadow,2,0.9088495575221239,0.0,493e465a4cf3a8c8045aa6f017f885c144eefd725368852ce60ab7db4a3a6455
audit,bank_marketing,single_model,label_noise,0.05,audit,3,0.9075221238938053,0.0,d19e6d63d6e001d8e1e2dd280c2aa498351c235f5ca2f3a3627ba812708405d2
audit,bank_marketing,mean_ensemble,label_noise,0.05,audit,3,0.9070796460176991,1.232595164407831e-32,4f7583467933c08bf445845638e839ee41559ab3643aff6cf87130621fe861a3
audit,bank_marketing,static_weighted_ensemble,label_noise,0.05,audit,3,0.9092920353982301,1.232595164407831e-32,dbd4db900326934c52f3d51e4cff35522caaaacf01b08e17bf7758203a7b9cee
audit,bank_marketing,veto_mavs,label_noise,0.05,audit,3,0.9070796460176991,1.232595164407831e-32,99da2d816ef7e10451f6c9368920868795e170e7aa290ebeffb4fbd4a57f6d1d
audit,bank_marketing,pure_mavs_gc,label_noise,0.05,audit,3,0.9088495575221239,0.0,c66068c1e8d5a90b84cc24535de8d5ad80d6d9922d9a5e9f40dd9a7d6f065aa5
audit,bank_marketing,single_model,label_noise,0.05,shadow,2,0.9075221238938053,0.0,1f82ff617fdf387917fcbae682778357bf419a793db6154a61dfa3952d3fb976
audit,bank_marketing,mean_ensemble,label_noise,0.05,shadow,2,0.9070796460176991,0.0,e8797e87b3614d341c7af3dd51cfdf430f28d0c91ce76194fd6a70354f5430d1
audit,bank_marketing,static_weighted_ensemble,label_noise,0.05,shadow,2,0.9092920353982301,0.0,0be352198cafbe41520ca0dbd5623e4019813d78b2a6803aef224828cf617df7
audit,bank_marketing,veto_mavs,label_noise,0.05,shadow,2,0.9070796460176991,0.0,bf5f56dc23baa557cc0420517444f988ecd827ca7137b44ec09dc238b9511a77
audit,bank_marketing,pure_mavs_gc,label_noise,0.05,shadow,2,0.9088495575221239,0.0,ca03e8f38c7d00aa0bb66dd879e0bf8971ddd18d529b8e7202884a831a41b084
audit,bank_marketing,single_model,label_noise,0.1,audit,3,0.9075221238938053,0.0,79ce1156f8032a039d44b44636ed5f6a4915793e8124a6ead890d0b958e28e85
audit,bank_marketing,mean_ensemble,label_noise,0.1,audit,3,0.9070796460176991,1.232595164407831e-32,bcad29590dbc7c6ba14fae184c86f7f8b5a5406c02694861727b8c4f75f19d6d
audit,bank_marketing,static_weighted_ensemble,label_noise,0.1,audit,3,0.9092920353982301,1.232595164407831e-32,4ae109fa0c758be141b6334234ea8e6635e0a05502b7ce1ab70fdfd88eb2947c
audit,bank_marketing,veto_mavs,label_noise,0.1,audit,3,0.9070796460176991,1.232595164407831e-32,dfa067f3c20f4a9af66638f1882fac1e8941cb92878444c8c2f3265f68bd9ae0
audit,bank_marketing,pure_mavs_gc,label_noise,0.1,audit,3,0.9088495575221239,0.0,ee6cb89e0f99a96b358f346d745b05504a7e15f1e4e682951fac21231e09f4d8
audit,bank_marketing,single_model,label_noise,0.1,shadow,2,0.9075221238938053,0.0,05a5ea3efe03810661d7d0144910f5e8c6c32211e2f559a5938b8d8df2cf5942
audit,bank_marketing,mean_ensemble,label_noise,0.1,shadow,2,0.9070796460176991,0.0,a6d0bb3a9c84df7858b074459f106226ffb32a9ed795acb70bdbcedd850d49fe
audit,bank_marketing,static_weighted_ensemble,label_noise,0.1,shadow,2,0.9092920353982301,0.0,6debc45928c6987adc5434fc7f83d0567ba3f691df76314f7d97c1b609fc15b6
audit,bank_marketing,veto_mavs,label_noise,0.1,shadow,2,0.9070796460176991,0.0,840660ae1d3c63943135258ca66e23c2582596be49ec9d2e8d1232285bc5bca9
audit,bank_marketing,pure_mavs_gc,label_noise,0.1,shadow,2,0.9088495575221239,0.0,db95093df85d35aeaff1eb228b2881be3809cdf8fa8b1422fa4afbf5546c7cea
audit,bank_marketing,single_model,label_noise,0.2,audit,3,0.9075221238938053,0.0,e6a30cad6f8eab02097c2a20595384cdbcbed9d96adba4440873e6626758095d
audit,bank_marketing,mean_ensemble,label_noise,0.2,audit,3,0.9070796460176991,1.232595164407831e-32,bbc2633bcc1fcf97c262d57185d941082b0230c6eb9569d3d72de73212d2bb51
audit,bank_marketing,static_weighted_ensemble,label_noise,0.2,audit,3,0.9092920353982301,1.232595164407831e-32,102f4244a27b107bb7306b338aa089f7432ac7ac4d1f187afb2529f14071e960
audit,bank_marketing,veto_mavs,label_noise,0.2,audit,3,0.9070796460176991,1.232595164407831e-32,faec40c5b8b3e3122a18b72eb78b54358ce348544ebbfa2a60a801f3e416d2b5
audit,bank_marketing,pure_mavs_gc,label_noise,0.2,audit,3,0.9088495575221239,0.0,8466b196161a770694c4309a7568e6faebc836c39b1f253428854196d013f229
audit,bank_marketing,single_model,label_noise,0.2,shadow,2,0.9075221238938053,0.0,394927b472ce4afb2f6f4b823cfa65b8f52c195e46bba59876aa57a594cdb1cb
audit,bank_marketing,mean_ensemble,label_noise,0.2,shadow,2,0.9070796460176991,0.0,d077c7249a463fa536aa76be70a02abfe089391e4bd0fe76f05735204264e7f6
audit,bank_marketing,static_weighted_ensemble,label_noise,0.2,shadow,2,0.9092920353982301,0.0,062ddb0450151f2c5a65310d2c4d5fe9fccc3dda05fd075c0d69f84e371d55eb
audit,bank_marketing,veto_mavs,label_noise,0.2,shadow,2,0.9070796460176991,0.0,55587941abc93c83f15a13f0eea7182220f65fc570193a056f81993ab7c0ec3b
audit,bank_marketing,pure_mavs_gc,label_noise,0.2,shadow,2,0.9088495575221239,0.0,89fe3253bfb7e8ba92c7dfa671eaff4acf2496392479e7e79c04e21dbd6c783a
audit,bank_marketing,single_model,label_noise,0.4,audit,3,0.9075221238938053,0.0,87702dc45a75bb4f5cc195d447c37fff8e6b6fd28957771a53e6da97baece7f2
audit,bank_marketing,mean_ensemble,label_noise,0.4,audit,3,0.9070796460176991,1.232595164407831e-32,7e6a9d48ba2e2aa12cf6e1b7d3c9d27682ee2c27e2dd1c162cf3eda10873d5c4
audit,bank_marketing,static_weighted_ensemble,label_noise,0.4,audit,3,0.9092920353982301,1.232595164407831e-32,e2522eb131e4981625c5125951b305de008f7a3e64fe0880e7ad0264613eae5f
audit,bank_marketing,veto_mavs,label_noise,0.4,audit,3,0.9070796460176991,1.232595164407831e-32,3c7c5fbce0d2903d3718212137ac60b61e0fb237e114c11e05fd80980ee6e519
audit,bank_marketing,pure_mavs_gc,label_noise,0.4,audit,3,0.9088495575221239,0.0,185a4781c8105c2904d109c070b42054512cef529275d95e36012c887580f13f
audit,bank_marketing,single_model,label_noise,0.4,shadow,2,0.9075221238938053,0.0,ef754419d315e787de67998e48c9a451139172018169412e1b03dc1d5ea8a491
audit,bank_marketing,mean_ensemble,label_noise,0.4,shadow,2,0.9070796460176991,0.0,f0dd5e4d9d043404c3021594bb698aac9242755abd514c96521ed2b7ed9d8ee9
audit,bank_marketing,static_weighted_ensemble,label_noise,0.4,shadow,2,0.9092920353982301,0.0,0c0dc2fe6476cd362a0a7acdcddf76681478d4e238fc9d676e9d5219e6bab550
audit,bank_marketing,veto_mavs,label_noise,0.4,shadow,2,0.9070796460176991,0.0,7d0b55da8fcbbe646123cfe20147e6403d89ba8464c37664c8666166b70153e8
audit,bank_marketing,pure_mavs_gc,label_noise,0.4,shadow,2,0.9088495575221239,0.0,74fba08027d527a4104325f1f875832bab44a3066e3b9e43627f4f1f2c3f3655
audit,bank_marketing,single_model,label_noise,0.6,audit,3,0.9075221238938053,0.0,17f1521dc2bddbbdc5df8fc5881724185a149a7b9c4c2210b512be4252142d71
audit,bank_marketing,mean_ensemble,label_noise,0.6,audit,3,0.9070796460176991,1.232595164407831e-32,491f4e92003dad34c5d34c110c6eb22b216a3c9387b7ea66bf27f64b93cffb63
audit,bank_marketing,static_weighted_ensemble,label_noise,0.6,audit,3,0.9092920353982301,1.232595164407831e-32,099e69695bfd250d8c4fb6abb7345d81bb5a04749384ab9521b6a959fcc03005
audit,bank_marketing,veto_mavs,label_noise,0.6,audit,3,0.9070796460176991,1.232595164407831e-32,528b3a55c93769071838bcf976a071355177eff716984f964bb680f66a59b3f3
audit,bank_marketing,pure_mavs_gc,label_noise,0.6,audit,3,0.9088495575221239,0.0,85531325ef2ad28ecb08c1e3c3dd5e610e52829671273b2273a852236afca38c
audit,bank_marketing,single_model,label_noise,0.6,shadow,2,0.9075221238938053,0.0,d0f42ab675609d125ce822c493b48cac173c92d6407cea704de0059900174923
audit,bank_marketing,mean_ensemble,label_noise,0.6,shadow,2,0.9070796460176991,0.0,6a05460832df51b8432c5dc4af29a361a22bd459c4216e129643e3a42a231a94
audit,bank_marketing,static_weighted_ensemble,label_noise,0.6,shadow,2,0.9092920353982301,0.0,4d748d92e20a2560c67d84a18ae3b1a2b2db80de92b751c35a904eefd412e531
audit,bank_marketing,veto_mavs,label_noise,0.6,shadow,2,0.9070796460176991,0.0,65f5098e14549011923300fec419367b75236c068375480a36ef4bba2163e854
audit,bank_marketing,pure_mavs_gc,label_noise,0.6,shadow,2,0.9088495575221239,0.0,655ecbae4983730d37a9f037587c716c170b53f5acd8a26edec2913264571fb8
audit,bank_marketing,single_model,label_noise,0.8,audit,3,0.9075221238938053,0.0,ce7aeb9d99569739ee6913d54236274388412690617521a0b0bce2471d047c29
audit,bank_marketing,mean_ensemble,label_noise,0.8,audit,3,0.9070796460176991,1.232595164407831e-32,f1dff67543bafbd2403426b49e8c2822651378585665fbd9be538df171d0ede1
audit,bank_marketing,static_weighted_ensemble,label_noise,0.8,audit,3,0.9092920353982301,1.232595164407831e-32,3a19e9b86fd8f909f9fc97fd4f962282dbaae2bbec40c6aebc70e134f5dea7f0
audit,bank_marketing,veto_mavs,label_noise,0.8,audit,3,0.9070796460176991,1.232595164407831e-32,eba47b93452c5f9501bf780d05cea7ca96d8684cd676a11cf3a2bd8a313e95ea
audit,bank_marketing,pure_mavs_gc,label_noise,0.8,audit,3,0.9088495575221239,0.0,c1770c3475c1eeb34d7a162f709cc8c3ec9d989edd8490e317eeff7a912f4c4d
audit,bank_marketing,single_model,label_noise,0.8,shadow,2,0.9075221238938053,0.0,2feaeff9980f7aec11dc097be6db4f0a8ce831f61d1d265d0bd03edcb73ae4c0
audit,bank_marketing,mean_ensemble,label_noise,0.8,shadow,2,0.9070796460176991,0.0,6b150c4fb6deb1e473ac1f09178f0e9ffbbaf4784749c2938c5814850e7567e5
audit,bank_marketing,static_weighted_ensemble,label_noise,0.8,shadow,2,0.9092920353982301,0.0,b3c890a16006aa31569f29e75a7b3439b925d92db900f9c5490bf0178eca341d
audit,bank_marketing,veto_mavs,label_noise,0.8,shadow,2,0.9070796460176991,0.0,71cc21503a933d58bcc1cbf966d797e396840ec3766d940f16431b5b80df5657
audit,bank_marketing,pure_mavs_gc,label_noise,0.8,shadow,2,0.9088495575221239,0.0,4f2c6664f72262fc33e06091457c7034b5a4d7cdf33c73a2abacebd63bc7a6cd
audit,bank_marketing,single_model,label_noise,1.0,audit,3,0.9075221238938053,0.0,c6539cc0111b5fe563a41843fc702f54501d04b4497feb9717b95bee24ddc8f3
audit,bank_marketing,mean_ensemble,label_noise,1.0,audit,3,0.9070796460176991,1.232595164407831e-32,41a755351a567dbd2c797397206d1f46f4c0ef5fe004cbb40577884669616222
audit,bank_marketing,static_weighted_ensemble,label_noise,1.0,audit,3,0.9092920353982301,1.232595164407831e-32,621e351101d03cbf12c1c3bbf7b32c11e58af3dcaf4840febbc0bdd750430f95
audit,bank_marketing,veto_mavs,label_noise,1.0,audit,3,0.9070796460176991,1.232595164407831e-32,0a80b53dfc29bdaea390f061279a6442ed169a9e832e9e6962f7086ea5ab0b02
audit,bank_marketing,pure_mavs_gc,label_noise,1.0,audit,3,0.9088495575221239,0.0,15fc8f4436b1c6f43f9f2829c7a3209fe56af751daf658820e7fbec48cc91cfc
audit,bank_marketing,single_model,label_noise,1.0,shadow,2,0.9075221238938053,0.0,8439211d613e3d526b0855d3660d6ed6cd63caa9364d9fb96a3209a29ff1a28a
audit,bank_marketing,mean_ensemble,label_noise,1.0,shadow,2,0.9070796460176991,0.0,9a4356fe86cb1574c4fe93179e36881f6292c33f7c0377ef04c0b97c5f81da81
audit,bank_marketing,static_weighted_ensemble,label_noise,1.0,shadow,2,0.9092920353982301,0.0,c436ebe18b6ff4a0c2ddd25a5d06ce6c4190a2b050f5faef85851f90448b33fe
audit,bank_marketing,veto_mavs,label_noise,1.0,shadow,2,0.9070796460176991,0.0,6d41468b6d180f6f8ff1f264a78af7e01b6455dde6d112419ccd001136bcb04a
audit,bank_marketing,pure_mavs_gc,label_noise,1.0,shadow,2,0.9088495575221239,0.0,8b63c17d4039e0a41f8074b245a18e6567796c75f8207678163751a876e829db
audit,bank_marketing,single_model,confidence_distortion,0.0,audit,3,0.9075221238938053,0.0,c76b720e68e182e505083770c762c2f60ac905f1bb4bde52c347d91d297fe5fa
audit,bank_marketing,mean_ensemble,confidence_distortion,0.0,audit,3,0.9070796460176991,1.232595164407831e-32,858c2ad441bbbe2f4e6b683308d0572260e8d067ffe23c5c1c6621fec6fcc834
audit,bank_marketing,static_weighted_ensemble,confidence_distortion,0.0,audit,3,0.9092920353982301,1.232595164407831e-32,3a26633582e5363cb61bc2e8bb083904caeef1781810405a54efbd697037fc4a
audit,bank_marketing,veto_mavs,confidence_distortion,0.0,audit,3,0.9070796460176991,1.232595164407831e-32,e288b073664d91262add03e1fa69960cc6bf44a41f6eefe2a81afa35879768c0
audit,bank_marketing,pure_mavs_gc,confidence_distortion,0.0,audit,3,0.9088495575221239,0.0,51d88f169aa5c0f44371b18c9252c88d36354e6aa54aa7196e504210f73d5e02
audit,bank_marketing,single_model,confidence_distortion,0.0,shadow,2,0.9075221238938053,0.0,4c9dfc337d12fa9bd86da31946fb6906b860bc58c7f6e1479f98059618cc5142
audit,bank_marketing,mean_ensemble,confidence_distortion,0.0,shadow,2,0.9070796460176991,0.0,8183257a99dad1e788496514035fa009fe0789dc1509fecb3ee1f60717fca3ac
audit,bank_marketing,static_weighted_ensemble,confidence_distortion,0.0,shadow,2,0.9092920353982301,0.0,7002a216cd83d92bd1d02a198b6e24f44660a6773fdfc91ea90a22e4ed55c2fd
audit,bank_marketing,veto_mavs,confidence_distortion,0.0,shadow,2,0.9070796460176991,0.0,c38b8ff540a8f0eba6c214717842ee104386c3935287062f905ad07cfcd14e1b
audit,bank_marketing,pure_mavs_gc,confidence_distortion,0.0,shadow,2,0.9088495575221239,0.0,f5c7c59f89d23e79c4065809b4c5703a70bc5ebc3786442aadb18956a673dcbc
audit,bank_marketing,single_model,confidence_distortion,0.05,audit,3,0.9075221238938053,0.0,b1fe225d52b35fc211c65965910cabd0500645efd8e29ebd91f08b6a132aae0d
audit,bank_marketing,mean_ensemble,confidence_distortion,0.05,audit,3,0.9070796460176991,1.232595164407831e-32,0d6f35dd2e774b4252748a854f034a28c43e5bb1f4d2083f4dc5b285ad4ac5c1
audit,bank_marketing,static_weighted_ensemble,confidence_distortion,0.05,audit,3,0.9088495575221239,0.0,6ccde2df5c6eb3c0f32833b85cc5c02073c2cf31af4524bba557ed4a84903dfa
audit,bank_marketing,veto_mavs,confidence_distortion,0.05,audit,3,0.9070796460176991,1.232595164407831e-32,b917dde723ae850c18cb5146a4a85e54cd804b10446282a7ef0628713e30e489
audit,bank_marketing,pure_mavs_gc,confidence_distortion,0.05,audit,3,0.9079646017699115,0.0,53996a39c70fb2ac2e1370ff9e11331639f2f9aeda10b2cd0da64413a18eb7ff
audit,bank_marketing,single_model,confidence_distortion,0.05,shadow,2,0.9075221238938053,0.0,8489deaaefca9356f4e34a51e4c5f4b4e21097bd5008da10ba4952d334437d15
audit,bank_marketing,mean_ensemble,confidence_distortion,0.05,shadow,2,0.9070796460176991,0.0,b77c98a13d0e053410e389b79fdb1931e6af19d52230b0a755f134e4ac0ae006
audit,bank_marketing,static_weighted_ensemble,confidence_distortion,0.05,shadow,2,0.9088495575221239,0.0,69ea0b0723cf0903519ca52d5f0e7e54c0c73352ce499caedadd5e99673a6909
audit,bank_marketing,veto_mavs,confidence_distortion,0.05,shadow,2,0.9070796460176991,0.0,0d44f2c747bb9abe65df8842665aff857f85d0e2618f4cc492d4b02be941f5f0
audit,bank_marketing,pure_mavs_gc,confidence_distortion,0.05,shadow,2,0.9079646017699115,0.0,42a96e64cb95b88e63240a12ec6d6c17d57850c7e3d23917c3a0e66691d30d90
audit,bank_marketing,single_model,confidence_distortion,0.1,audit,3,0.9075221238938053,0.0,def5ad3a7977e83999e16e40a4f8ac588f48e687aecf8a71c44d2f79d12a6f4c
audit,bank_marketing,mean_ensemble,confidence_distortion,0.1,audit,3,0.9070796460176991,1.232595164407831e-32,ed1f7f5bc328c46c4b03130233d3f7f8d9bfabfe7f8de3a53913325e63c7f8b8
audit,bank_marketing,static_weighted_ensemble,confidence_distortion,0.1,audit,3,0.9088495575221239,0.0,a410684f19ac599a1ffd65cc0d8f05dcf72e0c56de40591e0426ddc247932cf0
audit,bank_marketing,veto_mavs,confidence_distortion,0.1,audit,3,0.9070796460176991,1.232595164407831e-32,e00e4df39aa22af7d8eace6a3c3d46afe3e6c7dd67e881bfc5a6cfba8c37c177
audit,bank_marketing,pure_mavs_gc,confidence_distortion,0.1,audit,3,0.9070796460176991,1.232595164407831e-32,a88cb966430f1ed42426f8a5e2085befa1112a45bed13dfe78cf23adc88b07d8
audit,bank_marketing,single_model,confidence_distortion,0.1,shadow,2,0.9075221238938053,0.0,d7c154bd6297eb02fee2a47f9f39c92eaca07187bc581ef7a84cfa71aaabc90e
audit,bank_marketing,mean_ensemble,confidence_distortion,0.1,shadow,2,0.9070796460176991,0.0,0f197771bdb13933fe7ff61a7c1baa7416199e7434a3b52b1fa99c435bedc6c9
audit,bank_marketing,static_weighted_ensemble,confidence_distortion,0.1,shadow,2,0.9088495575221239,0.0,f5f115181d66fce38203b517375cdfe564d6eec06053367ffbe0a4c80d1e9d41
audit,bank_marketing,veto_mavs,confidence_distortion,0.1,shadow,2,0.9070796460176991,0.0,120def627fa1ed40da91c946be5f2f8c4318ed13e0a1a7f5544a5b268354dbf1
audit,bank_marketing,pure_mavs_gc,confidence_distortion,0.1,shadow,2,0.9070796460176991,0.0,2e6b899d4726d3415b4dd1785501279fb7c82f434fae0bb577088b96cb74405c
audit,bank_marketing,single_model,confidence_distortion,0.2,audit,3,0.9075221238938053,0.0,b540d171f92edabe6067d8f2acb809436644395d8e6ff3d41a02611ca2ca49de
audit,bank_marketing,mean_ensemble,confidence_distortion,0.2,audit,3,0.9070796460176991,1.232595164407831e-32,3891e5ac1a2f658f7a93103f69d891eb774cf4502e5a24cda5b0a7286b448742
audit,bank_marketing,static_weighted_ensemble,confidence_distortion,0.2,audit,3,0.9088495575221239,0.0,e8ad8301368b226a4a98416d32b32fca8488987d35112204f7db8f01dfb7d5a7
audit,bank_marketing,veto_mavs,confidence_distortion,0.2,audit,3,0.9070796460176991,1.232595164407831e-32,04e8391793da6be9bbb6176cf3508d750988952a7683c48507cdf3f781fc8776
audit,bank_marketing,pure_mavs_gc,confidence_distortion,0.2,audit,3,0.9084070796460177,0.0,077356cad225e2c9c8fc9df98ffecfc0f3ba9c3fb0ccfa37276f163a7c88a819
audit,bank_marketing,single_model,confidence_distortion,0.2,shadow,2,0.9075221238938053,0.0,cd14b6f4a9abd52b9f0229b2c7486d85a1a277e708a65bba67560fc9aeec9f6a
audit,bank_marketing,mean_ensemble,confidence_distortion,0.2,shadow,2,0.9070796460176991,0.0,b4fe843672e108ba740ed990093c076640834df26e51fdb40c2390231d997944
audit,bank_marketing,static_weighted_ensemble,confidence_distortion,0.2,shadow,2,0.9088495575221239,0.0,3e3fab9d38355b08d6c1e744991be7269c147551cdc311f4b2bf3157373cdbfe
audit,bank_marketing,veto_mavs,confidence_distortion,0.2,shadow,2,0.9070796460176991,0.0,0e7c92f95a49490ac0a3ddec90a0030e9f733108ad8394da8884ce84cf3db903
audit,bank_marketing,pure_mavs_gc,confidence_distortion,0.2,shadow,2,0.9084070796460177,0.0,227aa09648982a5ab5c3fdc63f9adb07392613dee834d62123c46e3bc72dd4e7
audit,bank_marketing,single_model,confidence_distortion,0.4,audit,3,0.9075221238938053,0.0,23acf0a347adf68a02c3ca86c96176b28cd8fd01685f1da6834b09bb2aa34c46
audit,bank_marketing,mean_ensemble,confidence_distortion,0.4,audit,3,0.9070796460176991,1.232595164407831e-32,e71c1ba34d8d67807998e5c53f1e4d1de38fd9f44391af27640877440382a13a
audit,bank_marketing,static_weighted_ensemble,confidence_distortion,0.4,audit,3,0.9088495575221239,0.0,71831fb3ef206c94d07d4aeefc82f9873d4d33724b59ecefac6b0ffe4cb634c6
audit,bank_marketing,veto_mavs,confidence_distortion,0.4,audit,3,0.9070796460176991,1.232595164407831e-32,7cb5c1a87b4898aa275eb636eaadd1c21ed5e5f4cec1235e278ebdc3814ad1ce
audit,bank_marketing,pure_mavs_gc,confidence_distortion,0.4,audit,3,0.9075221238938053,0.0,4049ad64c2a9bceb871598bffeed2dda91a5e6f2d3b5ce1f562ff12d3f6c6516
audit,bank_marketing,single_model,confidence_distortion,0.4,shadow,2,0.9075221238938053,0.0,f83193544137b8813625a7bf09e63583661e119fcbd9a52d61f9a49d8ff58b90
audit,bank_marketing,mean_ensemble,confidence_distortion,0.4,shadow,2,0.9070796460176991,0.0,2b12f7fd8536601e960af345f2457931a5b1263a9739a7fda2d9b7782046d095
audit,bank_marketing,static_weighted_ensemble,confidence_distortion,0.4,shadow,2,0.9088495575221239,0.0,e0cb468381b4bdd4e55f7edb260730b5c3c157a34ed9e2ef76e0c8002225fa46
audit,bank_marketing,veto_mavs,confidence_distortion,0.4,shadow,2,0.9070796460176991,0.0,92a322e95110eff5f4d525a42547cd90b0fd56feec678c1750f949a7942faa04
audit,bank_marketing,pure_mavs_gc,confidence_distortion,0.4,shadow,2,0.9075221238938053,0.0,0cd7d46b4488845196dccea84d85855b81e7dde113746cdb569e2c8befb7eed9
audit,bank_marketing,single_model,confidence_distortion,0.6,audit,3,0.9075221238938053,0.0,4ea4c3afc4aea9704072ccec2f3f59be36974a003968056f237beb79ec4fc187
audit,bank_marketing,mean_ensemble,confidence_distortion,0.6,audit,3,0.9070796460176991,1.232595164407831e-32,83d42de6683da14339806747a2404f5b86b200fce9c87113166ad1000506d2b1
audit,bank_marketing,static_weighted_ensemble,confidence_distortion,0.6,audit,3,0.9088495575221239,0.0,653a4dd8c1fd353ce42b9dad70b7b913862dc3a1e8404d08c1e706e690166764
audit,bank_marketing,veto_mavs,confidence_distortion,0.6,audit,3,0.9070796460176991,1.232595164407831e-32,550c87789d9a5a25305842ccac8d47af2b13e5a1208e21677427d1c45f9c654c
audit,bank_marketing,pure_mavs_gc,confidence_distortion,0.6,audit,3,0.9030973451327433,1.232595164407831e-32,f77ae9d52afd2961069e84fbd11f30163c4ec260c4c5371fd0f2d35649afaeb4
audit,bank_marketing,single_model,confidence_distortion,0.6,shadow,2,0.9075221238938053,0.0,c1765f602098d96fb8dfd37efbf3636594f9ddd5f5754aec0446c1709cbef934
audit,bank_marketing,mean_ensemble,confidence_distortion,0.6,shadow,2,0.9070796460176991,0.0,e2e9b12fa6bf01cbc952c059c3a36799170d1423398fa4593d373d915c4acd52
audit,bank_marketing,static_weighted_ensemble,confidence_distortion,0.6,shadow,2,0.9088495575221239,0.0,eef9d96d89aee87507c0627ce00f71614b6cce383ad2dca90c880af081d2a568
audit,bank_marketing,veto_mavs,confidence_distortion,0.6,shadow,2,0.9070796460176991,0.0,9e0646d892c6d69622360f678614fbeb09185601dc80a1df06c6cb5a71adc103
audit,bank_marketing,pure_mavs_gc,confidence_distortion,0.6,shadow,2,0.9030973451327433,0.0,cc2d3f00f4822c05ab2a77c68f08fb043d5d6c676cd1fa3f177c9f030c646480
audit,bank_marketing,single_model,confidence_distortion,0.8,audit,3,0.9075221238938053,0.0,b63f106835d50e298db015a67940056bd5f6719bd9b2fd2ab61fcf3fc747c5b1
audit,bank_marketing,mean_ensemble,confidence_distortion,0.8,audit,3,0.9070796460176991,1.232595164407831e-32,c7973ec4bbef566ca94f59a4eb886f42ea2350f41958e4a2dd158b4957aa85b2
audit,bank_marketing,static_weighted_ensemble,confidence_distortion,0.8,audit,3,0.9088495575221239,0.0,5468200b5adfccc793f9fe5337191652044dbd26fdaf85daa6c4731d37c23c06
audit,bank_marketing,veto_mavs,confidence_distortion,0.8,audit,3,0.9070796460176991,1.232595164407831e-32,413387052fb45af66c3b6e910bd7dea1e2ecfad2195bd2112d2964dcef5949b6
audit,bank_marketing,pure_mavs_gc,confidence_distortion,0.8,audit,3,0.9004424778761062,0.0,7b6d0b7d04f83250d758af4fad9df94d47359a662e1f83998751749ddeac85d7
audit,bank_marketing,single_model,confidence_distortion,0.8,shadow,2,0.9075221238938053,0.0,3033b42877c27861fd44878556c0bf74208144641fe2431fecb6f2abd12c8b08
audit,bank_marketing,mean_ensemble,confidence_distortion,0.8,shadow,2,0.9070796460176991,0.0,6424c61e22fb8674c1f18cf21903b7ec55d33304e0adfbc263c7d136f651985e
audit,bank_marketing,static_weighted_ensemble,confidence_distortion,0.8,shadow,2,0.9088495575221239,0.0,204cea86a7800c35dee54e1e082b04e3d9219911bcf31a298f49389f31c1e04a
audit,bank_marketing,veto_mavs,confidence_distortion,0.8,shadow,2,0.9070796460176991,0.0,443fce64407a974c50a6d3fc2d19beadaeee83f3d1f1e183c3830c20c2e2199f
audit,bank_marketing,pure_mavs_gc,confidence_distortion,0.8,shadow,2,0.9004424778761062,0.0,db8b4df0fd5fc4f551591718d58d642a181b6bf480309562798099e4f31783d5
audit,bank_marketing,single_model,confidence_distortion,1.0,audit,3,0.9075221238938053,0.0,a50cc931e7a9adf61bb8d1f33f5aa105d543dca54308b63ec7c7d45f5dbde60e
audit,bank_marketing,mean_ensemble,confidence_distortion,1.0,audit,3,0.9070796460176991,1.232595164407831e-32,9d4e844563142ce942dec63ff5b92fcff58d92bd07f9f6bab77c7ea5d546ed20
audit,bank_marketing,static_weighted_ensemble,confidence_distortion,1.0,audit,3,0.9088495575221239,0.0,580c926f349f7837092e8025611234f943609f9acc37a1660a3e9ebf6be26061
audit,bank_marketing,veto_mavs,confidence_distortion,1.0,audit,3,0.9070796460176991,1.232595164407831e-32,7b8ffb19c9e8b37731f13a3b8c37005748e718b92f7f62adbe4d6cabb1211f95
audit,bank_marketing,pure_mavs_gc,confidence_distortion,1.0,audit,3,0.8986725663716815,0.0,f41deec2c1e192bd9c57a8de94e6bbd3a90087cefaea957fee187f31e3b84d8c
audit,bank_marketing,single_model,confidence_distortion,1.0,shadow,2,0.9075221238938053,0.0,931f321988be1164da76ae6cd203eba68ed0f4a10d288677b41a0d7ba97ba561
audit,bank_marketing,mean_ensemble,confidence_distortion,1.0,shadow,2,0.9070796460176991,0.0,22431c1bfd7e7cb52b333e9102921df6ecaacdb9a960a82faf35b96894e3f380
audit,bank_marketing,static_weighted_ensemble,confidence_distortion,1.0,shadow,2,0.9088495575221239,0.0,cd112e1f91a58174b72922e5e327e7341cd0e5561c667c199300040e09ad4bca
audit,bank_marketing,veto_mavs,confidence_distortion,1.0,shadow,2,0.9070796460176991,0.0,037df45b7565c59aa39b9dfaf2b1b886ac9feebfbc194c568984ca179c12bc9e
audit,bank_marketing,pure_mavs_gc,confidence_distortion,1.0,shadow,2,0.8986725663716815,0.0,a5a58aba8e2454953f240b9ddcc28d493451206926e9a8837e5604c6053b9ab8
audit,bank_marketing,single_model,adversarial_confidence_inflation,0.0,audit,3,0.9075221238938053,0.0,5dc1ce9ff068dc51031bbedde81f55aa2e350781eae833328ee18ca507e35c5e
audit,bank_marketing,mean_ensemble,adversarial_confidence_inflation,0.0,audit,3,0.9070796460176991,1.232595164407831e-32,c808fc04289e016509fb2512b9efc8ffd24045423f988e15debd4ff5802316b8
audit,bank_marketing,static_weighted_ensemble,adversarial_confidence_inflation,0.0,audit,3,0.9092920353982301,1.232595164407831e-32,2dc34b467d4a9f289f3c2761ed3f1e97141068b51dd91c215cc63f4cfca527b4
audit,bank_marketing,veto_mavs,adversarial_confidence_inflation,0.0,audit,3,0.9070796460176991,1.232595164407831e-32,e316213ba9b7face06951eb58d02c7cc6a504363cfaea6267fb73c5ff8744a6d
audit,bank_marketing,pure_mavs_gc,adversarial_confidence_inflation,0.0,audit,3,0.9088495575221239,0.0,2f6937fadbf8d2c0eea8f60b8e26df81f322de0439c5ee2e926ef974172e16f6
audit,bank_marketing,single_model,adversarial_confidence_inflation,0.0,shadow,2,0.9075221238938053,0.0,491832a6899e7b44f95fee9abd778137ff0ef5e587b2edd42cbfae18ea941b30
audit,bank_marketing,mean_ensemble,adversarial_confidence_inflation,0.0,shadow,2,0.9070796460176991,0.0,f10a743a33ea73f6b99205e12b015049acfb90e68b2e935d3bfba6db16727ae6
audit,bank_marketing,static_weighted_ensemble,adversarial_confidence_inflation,0.0,shadow,2,0.9092920353982301,0.0,7da2bd77fabd12a0db7aaa72a0595bfe3ac9a291c574dd39b93d60555250459f
audit,bank_marketing,veto_mavs,adversarial_confidence_inflation,0.0,shadow,2,0.9070796460176991,0.0,2864e3ebe91f1f1d6c751470d55ff3fbc6be499a2416dab05c88c30bce45bc98
audit,bank_marketing,pure_mavs_gc,adversarial_confidence_inflation,0.0,shadow,2,0.9088495575221239,0.0,0cdc86298b546417a1bf917e45c4f05729b40d3f7c74f029b019187ee6b6aa55
audit,bank_marketing,single_model,adversarial_confidence_inflation,0.05,audit,3,0.9075221238938053,0.0,c16f184fd192f7bec0297d3f608fdada36404e3b3f12db6d02a5d4babd3eff80
audit,bank_marketing,mean_ensemble,adversarial_confidence_inflation,0.05,audit,3,0.9069321533923304,4.3508149076319944e-08,a6e4364d054fcbf0a5da2869cb27e81007647d58dd5ca3ecf4707accd87629e7
audit,bank_marketing,static_weighted_ensemble,adversarial_confidence_inflation,0.05,audit,3,0.9091445427728614,4.3508149076319944e-08,92bb11b55923bdfbdff4cf1c734776e60a4c89edb31f063ff8fdb65d28dbb68b
audit,bank_marketing,veto_mavs,adversarial_confidence_inflation,0.05,audit,3,0.9069321533923304,4.3508149076319944e-08,c6128102e714b02ef3a94a454258de78f23c65e1cd2cae902543746f63791300
audit,bank_marketing,pure_mavs_gc,adversarial_confidence_inflation,0.05,audit,3,0.9085545722713865,4.3508149076319944e-08,6d8bf68b30808685677a9d915f601cc6e714e6b6f8ca4fe0b008cf1c96f99b89
audit,bank_marketing,single_model,adversarial_confidence_inflation,0.05,shadow,2,0.9075221238938053,0.0,477ac91c80722347dfc28c63a91358cbe42f522556454e383e12832feb7d5fd5
audit,bank_marketing,mean_ensemble,adversarial_confidence_inflation,0.05,shadow,2,0.9070796460176991,0.0,b41736de7b08fa6eea4d045c3dad10eb7e6ffa09ecd202df8333aac3152499e6
audit,bank_marketing,static_weighted_ensemble,adversarial_confidence_inflation,0.05,shadow,2,0.909070796460177,4.894666771085994e-08,742c0e060e5491d4daaaea92f7ecb8664bec7d8868e9cc03337dde416ba793e6
audit,bank_marketing,veto_mavs,adversarial_confidence_inflation,0.05,shadow,2,0.9070796460176991,0.0,703412025592e399ebcf562aff6b1dc4b30c08cbab782da2780bdf6b09d1b669
audit,bank_marketing,pure_mavs_gc,adversarial_confidence_inflation,0.05,shadow,2,0.9088495575221239,0.0,ca28ecf349e00386e68d8aba0a1d3bf27d7c1099290dbd52265ab2cdcac1ee36
audit,bank_marketing,single_model,adversarial_confidence_inflation,0.1,audit,3,0.9075221238938053,0.0,d0d8294db9a277eee1c6dfef1aade76043d9906f7280f9038b051d9506f2363d
audit,bank_marketing,mean_ensemble,adversarial_confidence_inflation,0.1,audit,3,0.9061946902654867,1.3052444722895983e-07,c209bb323e101bacad81d774d0b1594092a884e11ed68ae418f1e7e4110ab449
audit,bank_marketing,static_weighted_ensemble,adversarial_confidence_inflation,0.1,audit,3,0.9085545722713865,3.045570435342833e-07,b9776a6efa3dd1bd21dd6fd62dad7632e93a5502fff0f954fa3466eb43fbe3df
audit,bank_marketing,veto_mavs,adversarial_confidence_inflation,0.1,audit,3,0.9061946902654867,1.3052444722895983e-07,8315575b6beb01f543318ae7c8d6440aa7630f50d785d3f5e8cd1d2cfe3bde63
audit,bank_marketing,pure_mavs_gc,adversarial_confidence_inflation,0.1,audit,3,0.908259587020649,4.350814907634178e-08,3a1618f63aa46cc4aa0f5abe8c02c8ca3344ea6576b9a3a3d0bf58c67472f574
audit,bank_marketing,single_model,adversarial_confidence_inflation,0.1,shadow,2,0.9075221238938053,0.0,d45743bd26cbf8b6a8c16a9e179af80fe18084aa15501c5a6e6572903b42ffbf
audit,bank_marketing,mean_ensemble,adversarial_confidence_inflation,0.1,shadow,2,0.9066371681415929,0.0,9c432c7ec9577f232ff02e6bfc05aa06a3cf7f0ee40b9f194441a85f8f9a5c00
audit,bank_marketing,static_weighted_ensemble,adversarial_confidence_inflation,0.1,shadow,2,0.9088495575221239,1.9578667084343975e-07,f8be98a63573de39abe3f3f56fbaaae1026b3b49cd57dff80d8b923db397982c
audit,bank_marketing,veto_mavs,adversarial_confidence_inflation,0.1,shadow,2,0.9066371681415929,0.0,d30bf5ebae9792c7d8b2c1ffe61d05e87b30157648d8f223b23dbc16086d8530
audit,bank_marketing,pure_mavs_gc,adversarial_confidence_inflation,0.1,shadow,2,0.9081858407079646,4.89466677108845e-08,2f7592a3b02653ee586000e15f2854f7ce2c2f0f2bf7cb365f61f23476151093
audit,bank_marketing,single_model,adversarial_confidence_inflation,0.2,audit,3,0.9075221238938053,0.0,eb47723fa549132da782b2c8506703ffa7c460155617128ab991dd541026b556
audit,bank_marketing,mean_ensemble,adversarial_confidence_inflation,0.2,audit,3,0.9048672566371682,3.9157334168687956e-07,8e0ec4a892150b59fe79210672fcc1eff8bfb29159c002e05109c529aeecaf60
audit,bank_marketing,static_weighted_ensemble,adversarial_confidence_inflation,0.2,audit,3,0.907669616519174,5.656059379922139e-07,e4ff7931ef1016001adc3ecf97bb0204f77d000360a09043f3b63345361e4029
audit,bank_marketing,veto_mavs,adversarial_confidence_inflation,0.2,audit,3,0.9048672566371682,3.9157334168687956e-07,5b3496d1831c1c597b52b19e20043256d6d69bb915db3d1b068544cb33b9194c
audit,bank_marketing,pure_mavs_gc,adversarial_confidence_inflation,0.2,audit,3,0.9064896755162242,5.656059379921593e-07,780db1fa5c62e4266aca449fa8c09ef066bedbbc9e97fe23cf9dde208fc76770
audit,bank_marketing,single_model,adversarial_confidence_inflation,0.2,shadow,2,0.9075221238938053,0.0,2b3c21194377a8f838eeae9538aa62d766bf1acac6b767e9b87b6f23746a0338
audit,bank_marketing,mean_ensemble,adversarial_confidence_inflation,0.2,shadow,2,0.9046460176991151,4.894666771085994e-08,68bbeadc91e439797cd022195feaadcd4d9a965cf1bf78b5399834de5282ee65
audit,bank_marketing,static_weighted_ensemble,adversarial_confidence_inflation,0.2,shadow,2,0.9070796460176991,1.9578667084343975e-07,5f99b212d1bace6fcaa2ec6c5135d65f60983f591c85557b087eb5a2349c55c3
audit,bank_marketing,veto_mavs,adversarial_confidence_inflation,0.2,shadow,2,0.9046460176991151,4.894666771085994e-08,937941f6c2db0bae4b9b8426cc7e0704888506b624aed3aec8a8b48f76270db4
audit,bank_marketing,pure_mavs_gc,adversarial_confidence_inflation,0.2,shadow,2,0.9070796460176991,0.0,d2ebe731ca81a82a0ee33393d34f170ea12b88f534d7da0a39c9aa0a198b038a
audit,bank_marketing,single_model,adversarial_confidence_inflation,0.4,audit,3,0.9075221238938053,0.0,3c05cdbdacacbe8952dc80535d3743bea09f76bf5caf37fd5648f0edad743e26
audit,bank_marketing,mean_ensemble,adversarial_confidence_inflation,0.4,audit,3,0.8995575221238938,1.5662933667475182e-06,748cb934c8ef88f3a9f0daa487cfe84c154ce7737ba20c622ce638f6815d0ba5
audit,bank_marketing,static_weighted_ensemble,adversarial_confidence_inflation,0.4,audit,3,0.9030973451327433,1.696817813976609e-06,87c54e4231352b3e2a89b42eddec86ce798491fe9c08b629fba775ee090e2eea
audit,bank_marketing,veto_mavs,adversarial_confidence_inflation,0.4,audit,3,0.8995575221238938,1.5662933667475182e-06,ff8b2b09268cad5f4626d27a29d35b8c0bccef27175bfbf97d188be2aad2e4f4
audit,bank_marketing,pure_mavs_gc,adversarial_confidence_inflation,0.4,audit,3,0.9013274336283186,3.9157334168687956e-07,5b10b224eee6c02bc5b2f1804d964becf5af442540498ab91dd51f93219b2bef
audit,bank_marketing,single_model,adversarial_confidence_inflation,0.4,shadow,2,0.9075221238938053,0.0,9772827f6c6bec6c31f351923e208b4db785cae559f98b4de93f8c813372ae71
audit,bank_marketing,mean_ensemble,adversarial_confidence_inflation,0.4,shadow,2,0.899778761061947,1.2236666927714985e-06,19d83c6d63dc4c3f270725fb3bfe7512a1535ee8036a59c281c96aae466e8ade
audit,bank_marketing,static_weighted_ensemble,adversarial_confidence_inflation,0.4,shadow,2,0.9037610619469026,4.4052000939781316e-07,3f0aa7d1dad70836d8ba8d91d6292d6c0700e581475f976f9ee721fb753b6f7f
audit,bank_marketing,veto_mavs,adversarial_confidence_inflation,0.4,shadow,2,0.899778761061947,1.2236666927714985e-06,a94b7c9275bc4b8737afa7224dd90ada51c351e07d625330bf5758ead77c3b7b
audit,bank_marketing,pure_mavs_gc,adversarial_confidence_inflation,0.4,shadow,2,0.9017699115044248,0.0,9c361c7b8255a7e5b66426e18bcd75a1d72215df10b2efc7065ed3ec4075f6c8
audit,bank_marketing,single_model,adversarial_confidence_inflation,0.6,audit,3,0.9075221238938053,0.0,77e4bd9a18003ece1bddf4b7a46eddd9918c74c76b109a2a237b3c12baceb2b5
audit,bank_marketing,mean_ensemble,adversarial_confidence_inflation,0.6,audit,3,0.8923303834808259,4.3508149076319944e-08,53face3807032b2d395197983dbf2bb3c975aaf826a833441ad4ae6540621c2d
audit,bank_marketing,static_weighted_ensemble,adversarial_confidence_inflation,0.6,audit,3,0.897787610619469,1.3052444722895983e-07,1080e960e0d757f8dc8e171acd8106a5d427b78ab69bebe51933a8a9ce22f550
audit,bank_marketing,veto_mavs,adversarial_confidence_inflation,0.6,audit,3,0.8923303834808259,4.3508149076319944e-08,29565dc96d1525cbccf6ebcdd1209a318c88da449b747fbcf53efab9ca8492b5
audit,bank_marketing,pure_mavs_gc,adversarial_confidence_inflation,0.6,audit,3,0.8955752212389381,1.1747200250606385e-06,063fc9277d83c869c649d77ff30d7a61f8d875043cddded46ff4f662cba515cc
audit,bank_marketing,single_model,adversarial_confidence_inflation,0.6,shadow,2,0.9075221238938053,0.0,472dd41fe0842417e2fe4b576cf493d09ee84dc576072920dd7d29b6d5b62f08
audit,bank_marketing,mean_ensemble,adversarial_confidence_inflation,0.6,shadow,2,0.8926991150442478,1.2236666927714985e-06,d93bcb57c8206617ed4631014949ee732d2550ea9b67ca0637355800366c4bab
audit,bank_marketing,static_weighted_ensemble,adversarial_confidence_inflation,0.6,shadow,2,0.8984513274336283,4.89466677108845e-08,09cd5de03fbeabeec045485e1aae3afdf65bc65883377eead793e22e2b1165ef
audit,bank_marketing,veto_mavs,adversarial_confidence_inflation,0.6,shadow,2,0.8926991150442478,1.2236666927714985e-06,ea6e1f0cc0276ae2b286430d87b213e8895daecfed8f7d5886b3bfeb196cb23e
audit,bank_marketing,pure_mavs_gc,adversarial_confidence_inflation,0.6,shadow,2,0.8955752212389381,1.9578667084343975e-07,3b462d0e67ee66bbcef01c8d84297de151075950795487446dfebb2c9df56b79
audit,bank_marketing,single_model,adversarial_confidence_inflation,0.8,audit,3,0.9075221238938053,0.0,535dafa946fd0a5ab86b794fcaccd13ec2b3984094fd14ece058a142243bfe30
audit,bank_marketing,mean_ensemble,adversarial_confidence_inflation,0.8,audit,3,0.8855457227138643,2.1318993047396773e-06,749b7d999a2edd1607b43d0f60162a65d610c1943e66893f9aea5645ca46c274
audit,bank_marketing,static_weighted_ensemble,adversarial_confidence_inflation,0.8,audit,3,0.8941002949852508,3.045570435342942e-07,f9755b70a62608719fa2e87f0d6abb60c5bcf34b2863091506e07ce21410eb95
audit,bank_marketing,veto_mavs,adversarial_confidence_inflation,0.8,audit,3,0.8855457227138643,2.1318993047396773e-06,1cd13d5ffc7ae5f3b881e22eb8bd6a5cc2f726917a7e5c126ec7881b11f355d1
audit,bank_marketing,pure_mavs_gc,adversarial_confidence_inflation,0.8,audit,3,0.8910029498525074,5.656059379921593e-07,d7f373185ba110f3040251a9e9328fafe82a4320f6c4d3c0151402ab4b2ec122
audit,bank_marketing,single_model,adversarial_confidence_inflation,0.8,shadow,2,0.9075221238938053,0.0,24e36330e66e9191a3c9fa7842018e6b996b7300a8aadaa59693a1736b54c292
audit,bank_marketing,mean_ensemble,adversarial_confidence_inflation,0.8,shadow,2,0.8838495575221239,5.922546793014323e-06,2b6ea2ad318be3602304c966ca4f233eec3af775fc4d660b7c3279945616953f
audit,bank_marketing,static_weighted_ensemble,adversarial_confidence_inflation,0.8,shadow,2,0.8924778761061947,1.7620800375909579e-06,e78f3f31ff2f9e52eef7557311d1579129cc2a1d6c5fd08f06aa23a22785139f
audit,bank_marketing,veto_mavs,adversarial_confidence_inflation,0.8,shadow,2,0.8838495575221239,5.922546793014323e-06,c8ee4bbac9a7f1abfd0b89ecb9e6d8014f3eb7eb7974db798aba9bab0bd39207
audit,bank_marketing,pure_mavs_gc,adversarial_confidence_inflation,0.8,shadow,2,0.8898230088495576,1.9578667084343975e-07,81f609df2f2716a6774004bd1d16fdb69b2173ca37ab1d128cae198d9b37ddeb
audit,bank_marketing,single_model,adversarial_confidence_inflation,1.0,audit,3,0.9075221238938053,0.0,3145a3dde7b4e67b5cd41338c5c0165006cfa8d8e5a634660039cc8746e5a6db
audit,bank_marketing,mean_ensemble,adversarial_confidence_inflation,1.0,audit,3,0.8756637168141593,0.0,aabad83e1ce14c110eea4aaebbf3e9fd3e49c3c7ec8ecf81574a737e9ee815a5
audit,bank_marketing,static_weighted_ensemble,adversarial_confidence_inflation,1.0,audit,3,0.886283185840708,0.0,ba00f066f41837a3aba1263d82bc2d74f0c4d32e0f4477a5251a494d06353753
audit,bank_marketing,veto_mavs,adversarial_confidence_inflation,1.0,audit,3,0.8756637168141593,0.0,81bdec8050119b2d09190d2c461ab51065cfeb30f461789daed217d3fa3a7e96
audit,bank_marketing,pure_mavs_gc,adversarial_confidence_inflation,1.0,audit,3,0.8876106194690265,1.232595164407831e-32,e59b1c4b5339448e823c029bb2d5e5114e507d781827e0460f93c46eb7341d51
audit,bank_marketing,single_model,adversarial_confidence_inflation,1.0,shadow,2,0.9075221238938053,0.0,ae92d89fc7cc28f3a2f52db9a9d7470d45e1f21c52b803dce74e9f112de01dbd
audit,bank_marketing,mean_ensemble,adversarial_confidence_inflation,1.0,shadow,2,0.8756637168141593,0.0,90ede6069a506fa112dcecbf8a45e7fde11830d634087e9a1b3967c8305c566d
audit,bank_marketing,static_weighted_ensemble,adversarial_confidence_inflation,1.0,shadow,2,0.886283185840708,0.0,fd21260ef2a9e579d1812a4d9935768b245bd15550b1e17aa7a60818556f030e
audit,bank_marketing,veto_mavs,adversarial_confidence_inflation,1.0,shadow,2,0.8756637168141593,0.0,d4991a0e56e9a7987bddfd448e48e25cc70640b72a4169de1969199ad41a7da5
audit,bank_marketing,pure_mavs_gc,adversarial_confidence_inflation,1.0,shadow,2,0.8876106194690265,0.0,7fb760571e68139d026b8c2931f32b99c6eccf249de2b3b4157b67ef0624ad23
audit,bank_marketing,single_model,distribution_shift,0.0,audit,3,0.9075221238938053,0.0,a1cada590c5582448c9e1c19e65e577e17e7da2d8ff67d8e927f529653db0ed2
audit,bank_marketing,mean_ensemble,distribution_shift,0.0,audit,3,0.9070796460176991,1.232595164407831e-32,4eeda7ad19cfb72e1e2d0cd29f92c0e240df5af638705ca7e9799090aa856480
audit,bank_marketing,static_weighted_ensemble,distribution_shift,0.0,audit,3,0.9092920353982301,1.232595164407831e-32,d1ba4a30229834fb1d058f746c3ba9e3d2a080d5f2d95fc7d2b40e9f2ffe6e1b
audit,bank_marketing,veto_mavs,distribution_shift,0.0,audit,3,0.9070796460176991,1.232595164407831e-32,293493e6adc72c4f2591a4fb912e6081482d1e0f6593010fa95b7ee7d8566928
audit,bank_marketing,pure_mavs_gc,distribution_shift,0.0,audit,3,0.9088495575221239,0.0,e015c6f3dfa58b960bd3bfc325266227a7680c9abe2362d1d66a4ccbf7970eb3
audit,bank_marketing,single_model,distribution_shift,0.0,shadow,2,0.9075221238938053,0.0,b752d05c844cb127dd9947d319553eafaba1f51453b146096c936a4a1f234234
audit,bank_marketing,mean_ensemble,distribution_shift,0.0,shadow,2,0.9070796460176991,0.0,05b6e986c99b65de21283b5c7051cec1b067025afff148f1051177e82f9d7695
audit,bank_marketing,static_weighted_ensemble,distribution_shift,0.0,shadow,2,0.9092920353982301,0.0,7cc92cca1b65babac09335b4b0c7a9e2d69ed25e7be678e8705705e66e6cd63d
audit,bank_marketing,veto_mavs,distribution_shift,0.0,shadow,2,0.9070796460176991,0.0,a3faadd2138486ceeadc5ddb8268900ed2bd629c02c419ebbe55eba8d3b13e7c
audit,bank_marketing,pure_mavs_gc,distribution_shift,0.0,shadow,2,0.9088495575221239,0.0,9848ae7eee2f0dff97a596529dcf424cee1e5cb19839a98bbd95c7cdf0a340a2
audit,bank_marketing,single_model,distribution_shift,0.05,audit,3,0.9058070416095108,0.0,84c63e38c123c45fdfbbe6e23640738939a3ba2984d909eaeb8d2e052040143d
audit,bank_marketing,mean_ensemble,distribution_shift,0.05,audit,3,0.9053497942386831,0.0,4d0bf3c0a6112479c8f3166a436591dd0c94b483a72f89854b338fbcb60a113f
audit,bank_marketing,static_weighted_ensemble,distribution_shift,0.05,audit,3,0.9076360310928212,0.0,6d51288d56d5426fb24b56d76ca31a7312a184217d12d9eb223933f80270e4a5
audit,bank_marketing,veto_mavs,distribution_shift,0.05,audit,3,0.9053497942386831,0.0,780bffcf550ba99b7c51081e5012fea5386c1f14971a7d72449f82bc292f8362
audit,bank_marketing,pure_mavs_gc,distribution_shift,0.05,audit,3,0.9071787837219936,0.0,4ef56d29abd7711fba8d4b78c7483c353f91b0d96a3e934fd608cadc7e361c77
audit,bank_marketing,single_model,distribution_shift,0.05,shadow,2,0.9058070416095108,0.0,32db674a72149f0f92c7c67166c1f96486200b93cefaa97d6ca8f5f8330ccbec
audit,bank_marketing,mean_ensemble,distribution_shift,0.05,shadow,2,0.9053497942386831,0.0,31e2d3d34d269d81bd16a4bfa125d356a7cd017f9b612d4476b30b7cc8ded91e
audit,bank_marketing,static_weighted_ensemble,distribution_shift,0.05,shadow,2,0.9076360310928212,0.0,8b4858b3a8380f18a2f458f55bd783fb2b4442f9ee5535899f8918f4ae87ad68
audit,bank_marketing,veto_mavs,distribution_shift,0.05,shadow,2,0.9053497942386831,0.0,02cedde491d6cd000219c68a4edbaac4afdac0a6c349d295db989a302b7f476a
audit,bank_marketing,pure_mavs_gc,distribution_shift,0.05,shadow,2,0.9071787837219936,0.0,bdd2b02408947d2180e497076f206d0ca6533a1a7e1ca7f1aff4df10750ad6cb
audit,bank_marketing,single_model,distribution_shift,0.1,audit,3,0.9035004730368968,0.0,973206e9f14da21874f097b25e74978a05d09c2b8ca4da08c6c510b65d64983b
audit,bank_marketing,mean_ensemble,distribution_shift,0.1,audit,3,0.902554399243141,0.0,64781b9200629014a16a504b409781550aa2779effdb997ed0e4f71496a97a0e
audit,bank_marketing,static_weighted_ensemble,distribution_shift,0.1,audit,3,0.9053926206244087,0.0,1e2541107f8354b379114e880c1dff7baf889cfb6febf6799dde9a6ccfd1f6af
audit,bank_marketing,veto_mavs,distribution_shift,0.1,audit,3,0.902554399243141,0.0,b18fb0558431e5790605941bfff69f0a8641e1391843a59466c4ab106296ab9c
audit,bank_marketing,pure_mavs_gc,distribution_shift,0.1,audit,3,0.9044465468306528,0.0,217a5c48b36c7a57cff0ebb1ccb56fad728a01222f411b258da2ac3e2245f521
audit,bank_marketing,single_model,distribution_shift,0.1,shadow,2,0.9035004730368968,0.0,4d7052f70c09dea255e4bd0756bca134777cb2f4101c8024c1828398bca34dd3
audit,bank_marketing,mean_ensemble,distribution_shift,0.1,shadow,2,0.902554399243141,0.0,982e10324c45cfda15537d0c6e4ca379672dd7e0e8bd2d9e2310b409365b6f0a
audit,bank_marketing,static_weighted_ensemble,distribution_shift,0.1,shadow,2,0.9053926206244087,0.0,362f1f249583013e2b74320d03fade39a70d03917c29e11c1185de03105d101a
audit,bank_marketing,veto_mavs,distribution_shift,0.1,shadow,2,0.902554399243141,0.0,638ac6167654505a8aaf0c49885351a1b347eaec0d4eea67829c2b318700914c
audit,bank_marketing,pure_mavs_gc,distribution_shift,0.1,shadow,2,0.9044465468306528,0.0,f91845e91d306c53d046be4aba6816887f3169ef464dc769aebaf2bbafd21187
audit,bank_marketing,single_model,distribution_shift,0.2,audit,3,0.8978139298423996,0.0,b2e090f971dc28174de0c6b8aa301771cf5b0b3535e46f1359d45aeb53ad287b
audit,bank_marketing,mean_ensemble,distribution_shift,0.2,audit,3,0.896797153024911,1.232595164407831e-32,673781899515fb8ad5348847041eaf39fe6dc0c264de1cf3f8129e9a7e0bd240
audit,bank_marketing,static_weighted_ensemble,distribution_shift,0.2,audit,3,0.8998474834773768,0.0,cd6264cb7a0e481a8f97634edf746e2ed370397ef7d797a92293473020033f5f
audit,bank_marketing,veto_mavs,distribution_shift,0.2,audit,3,0.896797153024911,1.232595164407831e-32,5c0b51403f4c94e21556a59717cc37d7c69a367322bef7bec551a4f80d808bfd
audit,bank_marketing,pure_mavs_gc,distribution_shift,0.2,audit,3,0.8993390950686324,0.0,20aebd483a688b100dafc90b132f1ae2e9b18ce56f50348580a25449a3eac22d
audit,bank_marketing,single_model,distribution_shift,0.2,shadow,2,0.8978139298423996,0.0,dfb774ddd49cda318f3d8e40b6239cb0a95826d36e3209f36732b656a0f5eeb3
audit,bank_marketing,mean_ensemble,distribution_shift,0.2,shadow,2,0.896797153024911,0.0,283d914a904feb5fa2a0b7970831bbdd2f0240f463a2805f583443bc9e99dfd1
audit,bank_marketing,static_weighted_ensemble,distribution_shift,0.2,shadow,2,0.8998474834773768,0.0,3798fa91796a14aade8b840edbf39bb09c3bfaea8ebe1d40b6cb18611e7bf22e
audit,bank_marketing,veto_mavs,distribution_shift,0.2,shadow,2,0.896797153024911,0.0,8fb63e156242f7a92e98e70505ae3c7a264f41c34b3ea73429f72f47d4881360
audit,bank_marketing,pure_mavs_gc,distribution_shift,0.2,shadow,2,0.8993390950686324,0.0,c37d46596b6667ff919b7baa4c8988ff8d7726a1c01dc780fc0d7d6391706f87
audit,bank_marketing,single_model,distribution_shift,0.4,audit,3,0.8882247459653317,0.0,8d61a2ab10e48e5692eaf5bb6bf4c5b3152670ff2c893124fb3952d751cb0cbd
audit,bank_marketing,mean_ensemble,distribution_shift,0.4,audit,3,0.8870292887029289,0.0,c12a0af1f6b966f62dc27df51f60744c661f55156f225aace9ba9d0ae35ae968
audit,bank_marketing,static_weighted_ensemble,distribution_shift,0.4,audit,3,0.8906156604901375,0.0,3a4de47e110f7ba6468ca2fe45d60e58da1e100fe652a7fcbbe58826d9348461
audit,bank_marketing,veto_mavs,distribution_shift,0.4,audit,3,0.8870292887029289,0.0,9077cc360a58375779b5deccd146d5d21d4e7e9c582c730c65b7f224b2af4ae4
audit,bank_marketing,pure_mavs_gc,distribution_shift,0.4,audit,3,0.8888224745965332,1.232595164407831e-32,6cba952e96c50e8561327a7fb4d883e796705c24b2252609fc99c40ba7eb4596
audit,bank_marketing,single_model,distribution_shift,0.4,shadow,2,0.8882247459653317,0.0,abd23a2ee5464f52a92a6abefc596923974e5d949e0383c43c9008db2055a5d3
audit,bank_marketing,mean_ensemble,distribution_shift,0.4,shadow,2,0.8870292887029289,0.0,66f192986c9844344162a373ab45c4dde21ce5c88baf649857f9c064209e2cee
audit,bank_marketing,static_weighted_ensemble,distribution_shift,0.4,shadow,2,0.8906156604901375,0.0,7399e35ea1f7052f84a7ecbc8c91eecce8be4ec73648bae9cb60fad0213cb0b9
audit,bank_marketing,veto_mavs,distribution_shift,0.4,shadow,2,0.8870292887029289,0.0,7a0cb8ccd628a9bcacfe710d610f537382204729b484821a94edbb59dbf47558
audit,bank_marketing,pure_mavs_gc,distribution_shift,0.4,shadow,2,0.8888224745965332,0.0,96cadfd6e98c19230b9860503ce785edcabdb7bf40bfad514f2a69fc411e5f8a
audit,bank_marketing,single_model,distribution_shift,0.6,audit,3,0.8759970993473531,1.232595164407831e-32,d2fe9aa246f222548bff47757e2d86712459bf691b85214f5d05c5be6bf1d766
audit,bank_marketing,mean_ensemble,distribution_shift,0.6,audit,3,0.873821609862219,0.0,b942cc939fc1b6cf4d2665cf6af1210266bd30686765a64b04c7da16dc346a56
audit,bank_marketing,static_weighted_ensemble,distribution_shift,0.6,audit,3,0.8788977519941987,0.0,4b4a0719da550856df789f2c2eae86fe4b405feb182c200479c4b61f79cdcca9
audit,bank_marketing,veto_mavs,distribution_shift,0.6,audit,3,0.873821609862219,0.0,9230062a9da8a2dc6b7a55026392b67f992d5dd8a6869a0955402495967035a0
audit,bank_marketing,pure_mavs_gc,distribution_shift,0.6,audit,3,0.8759970993473531,1.232595164407831e-32,c214cb86b00d4ba74b2eac5e007764fa8ca17b6d7326d105afa8801c05b8a4ae
audit,bank_marketing,single_model,distribution_shift,0.6,shadow,2,0.8759970993473531,0.0,86866b2204d66198cfb26bfff5a79b9ed8297533f6dcd8cd0fc1368967124ae0
audit,bank_marketing,mean_ensemble,distribution_shift,0.6,shadow,2,0.873821609862219,0.0,550e0ef1a1d761408618e062c86963a8c409f8bb3949ebc6c7178985093ddb4c
audit,bank_marketing,static_weighted_ensemble,distribution_shift,0.6,shadow,2,0.8788977519941987,0.0,b3958bf81d438db454efca997ff5e722208777e5304ea5219c770ed96b6dcd59
audit,bank_marketing,veto_mavs,distribution_shift,0.6,shadow,2,0.873821609862219,0.0,6b50cf99a02a235ff9eaffe1bfc048bee22732c31ddc4d00a9dd62d49098b8ac
audit,bank_marketing,pure_mavs_gc,distribution_shift,0.6,shadow,2,0.8759970993473531,0.0,8ab362324cb2dec8cc8c799128f3cea389d3412afa5d277c2bd21203828ff2d8
audit,bank_marketing,single_model,distribution_shift,0.8,audit,3,0.8672811059907835,0.0,9c5ec0675365b07621f4868c4997ee1d63b627426d06df954c7772b8c555e472
audit,bank_marketing,mean_ensemble,distribution_shift,0.8,audit,3,0.864516129032258,1.232595164407831e-32,fa17906324b364f2c44397f6377c6847770dc019d49933fcaf627588036efe74
audit,bank_marketing,static_weighted_ensemble,distribution_shift,0.8,audit,3,0.871889400921659,0.0,7f6049ebfbd8f99d26a4e69b42d2785ee8f46f147a22f2b86928c5ce992425e5
audit,bank_marketing,veto_mavs,distribution_shift,0.8,audit,3,0.864516129032258,1.232595164407831e-32,2614107f6f8eabdc5e2ab7b96010056433c081adef845adf75bf27d152dfc3b7
audit,bank_marketing,pure_mavs_gc,distribution_shift,0.8,audit,3,0.8672811059907835,0.0,11052e1a4c92ed49d1ac680a949d3d1aa6127056116cb068109b350f9b0fdf34
audit,bank_marketing,single_model,distribution_shift,0.8,shadow,2,0.8672811059907835,0.0,5140086d789ce71e94b0190173168c22dd94c27d8d24e8b3e9aaee36ace91603
audit,bank_marketing,mean_ensemble,distribution_shift,0.8,shadow,2,0.864516129032258,0.0,9458019574e6e50ae94b91acc553df90b98c17d9266feb33671ba113d84e226e
audit,bank_marketing,static_weighted_ensemble,distribution_shift,0.8,shadow,2,0.871889400921659,0.0,baee0757639e5de34954775f8941cec01ff5e4f930e69df6ba593c825fc3301e
audit,bank_marketing,veto_mavs,distribution_shift,0.8,shadow,2,0.864516129032258,0.0,69117b2c07c6bfe182cf1cde0ef89a193eb84f7f16fa02dd7039f48aeb26397e
audit,bank_marketing,pure_mavs_gc,distribution_shift,0.8,shadow,2,0.8672811059907835,0.0,b7fc7c3e972da329f8f6f49ac318e092f77b2feed0706ee2997ffcd4594a3dd0
audit,bank_marketing,single_model,distribution_shift,1.0,audit,3,0.8495575221238938,0.0,ae822688632620512c2660b5c6ef9c44513ca2d2a6246e0499850c473afba8fc
audit,bank_marketing,mean_ensemble,distribution_shift,1.0,audit,3,0.8445006321112516,1.232595164407831e-32,ed639fce0e58ac395b50b12d9356c248ef7171450689c03d87284c4e9bebe363
audit,bank_marketing,static_weighted_ensemble,distribution_shift,1.0,audit,3,0.854614412136536,1.232595164407831e-32,3b9588ae3769239b4e7307cffecec245d1cbb89124f964def26553ce01684366
audit,bank_marketing,veto_mavs,distribution_shift,1.0,audit,3,0.8445006321112516,1.232595164407831e-32,e75b446b606a62b161d0f942afb14578a84a45f11f3a1ae590c3250b6a18a489
audit,bank_marketing,pure_mavs_gc,distribution_shift,1.0,audit,3,0.8470290771175727,0.0,b96adb0628f3e012a416ee91ff213685148819ecd6ec2b2c2fd5b12e20bb2339
audit,bank_marketing,single_model,distribution_shift,1.0,shadow,2,0.8495575221238938,0.0,1bc58bbf73359f2557cae40f3a74dda8dc0e84bd8cb9319e0d7d0197d40fce97
audit,bank_marketing,mean_ensemble,distribution_shift,1.0,shadow,2,0.8445006321112516,0.0,6c1c9ba2fce87b844fd135ad1209ee678d9658a19d337b57585a34dd8991eb62
audit,bank_marketing,static_weighted_ensemble,distribution_shift,1.0,shadow,2,0.854614412136536,0.0,5ceaf8707da2218453aeda8ab52fe84042e628a9f78163ae2d64fd363d7f40b9
audit,bank_marketing,veto_mavs,distribution_shift,1.0,shadow,2,0.8445006321112516,0.0,ea4865e855dd8b4262ea35e0e23848ae57ddc8f921fb9144a552c4f34ec8c0c9
audit,bank_marketing,pure_mavs_gc,distribution_shift,1.0,shadow,2,0.8470290771175727,0.0,70831aae94c62ee61dfcaa590f0601ecdc322d0bf9bb4f4986a67a100d7877cc
audit,bank_marketing,single_model,synthetic_sensor_failure,0.0,audit,3,0.9075221238938053,0.0,0d4885f3549499f7ac10c1bc99a43256d6b5dd4e8995f52c1ee04bb3d9f7cd29
audit,bank_marketing,mean_ensemble,synthetic_sensor_failure,0.0,audit,3,0.9070796460176991,1.232595164407831e-32,e9476646074507edc8e8f5df88e883a13f2606be35fb5b84ae8d67f9e153581a
audit,bank_marketing,static_weighted_ensemble,synthetic_sensor_failure,0.0,audit,3,0.9092920353982301,1.232595164407831e-32,754585d0536ed165b2699cf304d45236be0c26e03052af775d1afcd39b24b509
audit,bank_marketing,veto_mavs,synthetic_sensor_failure,0.0,audit,3,0.9070796460176991,1.232595164407831e-32,2c0e0b8abe257bd7fc6f21072b310eb306a6f68875c807e824bd359453ddb8d0
audit,bank_marketing,pure_mavs_gc,synthetic_sensor_failure,0.0,audit,3,0.9088495575221239,0.0,9b64e384092877786792aa8224abc02ddaee7e02f225dec8fa5644912caedea2
audit,bank_marketing,single_model,synthetic_sensor_failure,0.0,shadow,2,0.9075221238938053,0.0,4912e2d50a26abf67d8a63fedf6d97918db5199c94cc5200ed5d78f890526989
audit,bank_marketing,mean_ensemble,synthetic_sensor_failure,0.0,shadow,2,0.9070796460176991,0.0,0d5df3856ff9861bb70dff5974f41a205250054bdbb5e9dd5537160c0b79b11f
audit,bank_marketing,static_weighted_ensemble,synthetic_sensor_failure,0.0,shadow,2,0.9092920353982301,0.0,17c64ea8f3ca22a591414270ba5ba12514e82a264d14a394b1a0c53e82a24636
audit,bank_marketing,veto_mavs,synthetic_sensor_failure,0.0,shadow,2,0.9070796460176991,0.0,016b99c0a8459338ec1b01a29fcd846bfc2939b09c1f8e89b5224df5a8b61cf8
audit,bank_marketing,pure_mavs_gc,synthetic_sensor_failure,0.0,shadow,2,0.9088495575221239,0.0,a510e01ae6631ef61c24992e499e782784e2df404ee2902c4f77e57b9567ba92
audit,bank_marketing,single_model,synthetic_sensor_failure,0.05,audit,3,0.8898230088495576,1.232595164407831e-32,f509688be673432ecdd2447e93f38bd4088fdf76e2471c98f78bf750eb9c2e86
audit,bank_marketing,mean_ensemble,synthetic_sensor_failure,0.05,audit,3,0.8898230088495576,1.232595164407831e-32,1156dc4f9fe280516b54c6aa7f7eb4862a004fde6c3c10b35c122aaa9995af35
audit,bank_marketing,static_weighted_ensemble,synthetic_sensor_failure,0.05,audit,3,0.8893805309734514,0.0,24b17359a4564ee753394e3a9a19ad41a844a6f2a07c4d0a1830e0993c132ece
audit,bank_marketing,veto_mavs,synthetic_sensor_failure,0.05,audit,3,0.8898230088495576,1.232595164407831e-32,742950df20efc0dde9baaf5363371a1b5ee691eb919de80ef5ab2198be2a18cb
audit,bank_marketing,pure_mavs_gc,synthetic_sensor_failure,0.05,audit,3,0.893362831858407,1.232595164407831e-32,f200bad18732ad3b3727dc1d643520f5f137e08302062e281a77c6f5e40daa4b
audit,bank_marketing,single_model,synthetic_sensor_failure,0.05,shadow,2,0.8898230088495576,0.0,df096b44be7c62dfad64b3234f9fff2bb56ea30df2e898ec22eb274cefef5178
audit,bank_marketing,mean_ensemble,synthetic_sensor_failure,0.05,shadow,2,0.8898230088495576,0.0,7159a9930a66a2ebe088a53beb43cfb6c9e4ebcd89c2aab0827d9880ecac07c4
audit,bank_marketing,static_weighted_ensemble,synthetic_sensor_failure,0.05,shadow,2,0.8893805309734514,0.0,173c5d584d58b32b5d645cbc517a9c20efe6be1fea3f2c446ce429403aa9aca4
audit,bank_marketing,veto_mavs,synthetic_sensor_failure,0.05,shadow,2,0.8898230088495576,0.0,d13de8aba982e5a1b605b43b82f3e3c144285b91a0f633be1aa32bed85014693
audit,bank_marketing,pure_mavs_gc,synthetic_sensor_failure,0.05,shadow,2,0.893362831858407,0.0,3c06a3bd2a5a71f61abd138cb71db43783ce90a03237f29bc0bbd4b70a96a752
audit,bank_marketing,single_model,synthetic_sensor_failure,0.1,audit,3,0.8898230088495576,1.232595164407831e-32,fbfa738f92fad88b67da160e99eb3cf3399653229290a4d9c885359a6b02d01a
audit,bank_marketing,mean_ensemble,synthetic_sensor_failure,0.1,audit,3,0.8898230088495576,1.232595164407831e-32,b798dd1adc30aa67d7c00adcf5d1763e8ebf22088874c316e05e94e116c5a718
audit,bank_marketing,static_weighted_ensemble,synthetic_sensor_failure,0.1,audit,3,0.8893805309734514,0.0,9a6c3464d7a9907e8ec87cb9e01c04293aec5e65df609738f7e216e47c6ec850
audit,bank_marketing,veto_mavs,synthetic_sensor_failure,0.1,audit,3,0.8898230088495576,1.232595164407831e-32,1478cda1607b8dc9aefbefe2c91ab88f3951ec19d862b6b9f32e745cc953b8e9
audit,bank_marketing,pure_mavs_gc,synthetic_sensor_failure,0.1,audit,3,0.893362831858407,1.232595164407831e-32,74c9e53a19ae29784c85f344c5cee93c28ca0a9058b71bf75cd26f2ee89a4cca
audit,bank_marketing,single_model,synthetic_sensor_failure,0.1,shadow,2,0.8898230088495576,0.0,379bd3cfd63c37967574b63e86d7a87dcb27a89ce8c6bf7f4e1bf37e87b71072
audit,bank_marketing,mean_ensemble,synthetic_sensor_failure,0.1,shadow,2,0.8898230088495576,0.0,709875e6595f5a719f5f791bf1354072e37ecac97d5c0e42389a9e2c453d181e
audit,bank_marketing,static_weighted_ensemble,synthetic_sensor_failure,0.1,shadow,2,0.8893805309734514,0.0,4610f64c2704400216599552ae8c221ac8da913b1013f6bb5d407251f1ed347c
audit,bank_marketing,veto_mavs,synthetic_sensor_failure,0.1,shadow,2,0.8898230088495576,0.0,47ea9991c1b3a3a67925627e35bee38dc467f4fb01af4faa89e3bf79f8c49b91
audit,bank_marketing,pure_mavs_gc,synthetic_sensor_failure,0.1,shadow,2,0.893362831858407,0.0,39eb5aee804bb72356a5a1aa89c45eb9575e974d9c3e1731578782d51f99c732
audit,bank_marketing,single_model,synthetic_sensor_failure,0.2,audit,3,0.8898230088495576,1.232595164407831e-32,1004c7f34abe3bf33aa8d8878465de49b972654e38229fbf72a292ec2ede36c5
audit,bank_marketing,mean_ensemble,synthetic_sensor_failure,0.2,audit,3,0.8898230088495576,1.232595164407831e-32,feded8d58c63be9269544a32d013802d91422cb85b2ec66e5885c83f97552fec
audit,bank_marketing,static_weighted_ensemble,synthetic_sensor_failure,0.2,audit,3,0.8893805309734514,0.0,9f8a885ea9ea9b22978101344818232fb83b718c07caeace76b633ec3a994cab
audit,bank_marketing,veto_mavs,synthetic_sensor_failure,0.2,audit,3,0.8898230088495576,1.232595164407831e-32,00a548fb80032a317d3b0fcd9c99b6659df1b1eab02f5eef60e4f654591d84f5
audit,bank_marketing,pure_mavs_gc,synthetic_sensor_failure,0.2,audit,3,0.893362831858407,1.232595164407831e-32,79b6dd8ec044213a65439c549fe3058335da75ab7f885ee95430aace83364839
audit,bank_marketing,single_model,synthetic_sensor_failure,0.2,shadow,2,0.8898230088495576,0.0,bc124f25f891e820d03312c1d586fe68a4c1159aa3110f08369481f6bff6f1c9
audit,bank_marketing,mean_ensemble,synthetic_sensor_failure,0.2,shadow,2,0.8898230088495576,0.0,51582de0ad498255883274da5b4170241a571c281664c284d2b186766a1db713
audit,bank_marketing,static_weighted_ensemble,synthetic_sensor_failure,0.2,shadow,2,0.8893805309734514,0.0,1e6f525dcc0c1679cc921e859c31982320cfd82ec4aa22c9e31a27d21ba9d8aa
audit,bank_marketing,veto_mavs,synthetic_sensor_failure,0.2,shadow,2,0.8898230088495576,0.0,d29a49d663cfe2dd4439998c07776097563d4642479fe24203a537e8af99dfe9
audit,bank_marketing,pure_mavs_gc,synthetic_sensor_failure,0.2,shadow,2,0.893362831858407,0.0,4e9f7989ebd00a9270603d9811e79cb2fd7b5fb7066a65be87464e7f00e1f019
audit,bank_marketing,single_model,synthetic_sensor_failure,0.4,audit,3,0.8902654867256637,0.0,aa643495074192baaebb6fb631ec2a7def6e23cb4fdefc319e1d957e6c4d195c
audit,bank_marketing,mean_ensemble,synthetic_sensor_failure,0.4,audit,3,0.8902654867256637,0.0,e6352ae44c90361b2aec09a3a63f5cdb0886b0f15570645ab971a02d22b9a6be
audit,bank_marketing,static_weighted_ensemble,synthetic_sensor_failure,0.4,audit,3,0.8907079646017699,0.0,9701b52a8fa6471175144e4f3284fa9aaa145a3ba85b4b979092800bc0d5854f
audit,bank_marketing,veto_mavs,synthetic_sensor_failure,0.4,audit,3,0.8902654867256637,0.0,1aebd4e1c642aaab38782a255a8eb2155f7e48d0290af3128fe2034fd0560f3b
audit,bank_marketing,pure_mavs_gc,synthetic_sensor_failure,0.4,audit,3,0.8902654867256637,0.0,23ba14a92c7fe95385f4eda1260bc32df95b352bc3e38e08aaf05a40bc9c1bd4
audit,bank_marketing,single_model,synthetic_sensor_failure,0.4,shadow,2,0.8902654867256637,0.0,af95afd60884cff043dc1e621e4e4b611c7266971c41e840beb51c50643ee830
audit,bank_marketing,mean_ensemble,synthetic_sensor_failure,0.4,shadow,2,0.8902654867256637,0.0,572b47c70d2dfc1862f93de7d6c7aec4c2e7ef743a19f1e3e0b0276353a0f462
audit,bank_marketing,static_weighted_ensemble,synthetic_sensor_failure,0.4,shadow,2,0.8907079646017699,0.0,4a0fb8084791483bf09a6f39d468b4141388616baa472cb41850b837a3b9c8df
audit,bank_marketing,veto_mavs,synthetic_sensor_failure,0.4,shadow,2,0.8902654867256637,0.0,43e1dce4ad6f2403bc47c4cf0701a3fc2d2724331b1e0f35c8b54109019cf231
audit,bank_marketing,pure_mavs_gc,synthetic_sensor_failure,0.4,shadow,2,0.8902654867256637,0.0,b2f77341767c261a0709d02111385026590681e6dfcb61ac697449705b207529
audit,bank_marketing,single_model,synthetic_sensor_failure,0.6,audit,3,0.8871681415929203,0.0,5b8beb4e22f5858db8c0258410ece03b7e6d44d555cf0fbd97d3f0eadeb1b799
audit,bank_marketing,mean_ensemble,synthetic_sensor_failure,0.6,audit,3,0.8880530973451327,0.0,9cd2909f14dbf45baac70ab53f7d38f553a5af0ff44fdd232c511b2e4895f051
audit,bank_marketing,static_weighted_ensemble,synthetic_sensor_failure,0.6,audit,3,0.8876106194690265,1.232595164407831e-32,fa4cd5333d6e9ce21eb49694be581cc8a833ca163816b224c2855ebc86c635ae
audit,bank_marketing,veto_mavs,synthetic_sensor_failure,0.6,audit,3,0.8880530973451327,0.0,7c0206e8d7f641cbb2062586c60b8725808926f9aac59771eba2b9eca974efb0
audit,bank_marketing,pure_mavs_gc,synthetic_sensor_failure,0.6,audit,3,0.8880530973451327,0.0,6790bc97bb655e37fffd8f1678246800e86c525ffb5132d6ade1419de6acf147
audit,bank_marketing,single_model,synthetic_sensor_failure,0.6,shadow,2,0.8871681415929203,0.0,122d26a0fe748bb3aa88ff137181f021d6a2c1e739cc6f0e8baaa9ee75166f01
audit,bank_marketing,mean_ensemble,synthetic_sensor_failure,0.6,shadow,2,0.8880530973451327,0.0,358beae83852a43081bd0c843a991be3d7211df438308159ca45bf186fd4f975
audit,bank_marketing,static_weighted_ensemble,synthetic_sensor_failure,0.6,shadow,2,0.8876106194690265,0.0,80b4aba5e8b63fd3b9df92ed7f6f94cbeccf73a7e28523b1230dcc5bfb01a51e
audit,bank_marketing,veto_mavs,synthetic_sensor_failure,0.6,shadow,2,0.8880530973451327,0.0,cc7c4856f62a462e43e91c5b305021ace60d79b64ffdc8f6c3e9240b41cc3842
audit,bank_marketing,pure_mavs_gc,synthetic_sensor_failure,0.6,shadow,2,0.8880530973451327,0.0,d7b4b7715f105f4d55cef6ab363862d8cfceccfa607f6a101f9e43f3351cf948
audit,bank_marketing,single_model,synthetic_sensor_failure,0.8,audit,3,0.8867256637168142,0.0,90377c29d89cc4afd9f083be5240e83e0d2ce3120453a1c37f77f3c3e9206139
audit,bank_marketing,mean_ensemble,synthetic_sensor_failure,0.8,audit,3,0.8867256637168142,0.0,ffe59b76c7e8e151251cf31dcfb861287506313fbd4f731538a1b3ed01b13b4e
audit,bank_marketing,static_weighted_ensemble,synthetic_sensor_failure,0.8,audit,3,0.8867256637168142,0.0,e9ffd3d5b1ab6b3d64f4db920a1b3a6e31a0c0327715e143e11c98e2320229b0
audit,bank_marketing,veto_mavs,synthetic_sensor_failure,0.8,audit,3,0.8867256637168142,0.0,9a4f0b8ac25fd0404ca46bcaa6a79f4b766b14902fe4bb07a7a025d0475c0628
audit,bank_marketing,pure_mavs_gc,synthetic_sensor_failure,0.8,audit,3,0.8840707964601769,0.0,2925df710d0d301e5f340b1c61cd995794ccd0d1d7620d1a68a5a48158a7b9a0
audit,bank_marketing,single_model,synthetic_sensor_failure,0.8,shadow,2,0.8867256637168142,0.0,30d1fb552a9bc4499f7b52cc1a0d0e26f417516656c28aabfa0c70b71a0ed8a1
audit,bank_marketing,mean_ensemble,synthetic_sensor_failure,0.8,shadow,2,0.8867256637168142,0.0,1370b378937ef7ae9be42d0182488dc8a9a32856fadf547808bf206dfdbb735d
audit,bank_marketing,static_weighted_ensemble,synthetic_sensor_failure,0.8,shadow,2,0.8867256637168142,0.0,a73ea95e6e2004ea76a03ddbfef1c3c7c751004eb8604461e0f9be141d4682fa
audit,bank_marketing,veto_mavs,synthetic_sensor_failure,0.8,shadow,2,0.8867256637168142,0.0,aff398b55d6cd20bfcec07e9994f6fc5dd8735204bcc745de3920b86561aa09c
audit,bank_marketing,pure_mavs_gc,synthetic_sensor_failure,0.8,shadow,2,0.8840707964601769,0.0,59e370568aa07fd2b72d2a0410d001ec18bd9869e323e33c8e1cbb759a08792a
audit,bank_marketing,single_model,synthetic_sensor_failure,1.0,audit,3,0.8831858407079646,0.0,2beab453545c63e875819e0a1751ae311307698204d7322682e453dc8711daa0
audit,bank_marketing,mean_ensemble,synthetic_sensor_failure,1.0,audit,3,0.8831858407079646,0.0,11a948a24666ae766873f9e0486d054db6e8238d7c65090eb877734bffd8e317
audit,bank_marketing,static_weighted_ensemble,synthetic_sensor_failure,1.0,audit,3,0.8831858407079646,0.0,9cff0a9b3bb721a2dd5208ae6037194de9178dacc6bf3932a8d53143e1398108
audit,bank_marketing,veto_mavs,synthetic_sensor_failure,1.0,audit,3,0.8831858407079646,0.0,185bb471953958ac93b60644df68fc6127ca69dc64b2be6ba0321a8517890876
audit,bank_marketing,pure_mavs_gc,synthetic_sensor_failure,1.0,audit,3,0.8831858407079646,0.0,985bd03365fc05a2fcb5423956f15c7e72f10a2d3d8a33cd56adbe77ef83321d
audit,bank_marketing,single_model,synthetic_sensor_failure,1.0,shadow,2,0.8831858407079646,0.0,4db764abf9b25d6f7a31bd18b78927aeba25ea4031408c37e2042c182775339a
audit,bank_marketing,mean_ensemble,synthetic_sensor_failure,1.0,shadow,2,0.8831858407079646,0.0,0040408cee5b77f81d36269eba69fa5a35cf7b7f110fcc6086e0670637f4f10e
audit,bank_marketing,static_weighted_ensemble,synthetic_sensor_failure,1.0,shadow,2,0.8831858407079646,0.0,bbab009166f7cc65174e3c85f7daebe25f2705eaafc6086df322eea64f99ede9
audit,bank_marketing,veto_mavs,synthetic_sensor_failure,1.0,shadow,2,0.8831858407079646,0.0,11b263b8bc43962a3897b9cfe4c53f08f705c9466f3b997d7115c23834069353
audit,bank_marketing,pure_mavs_gc,synthetic_sensor_failure,1.0,shadow,2,0.8831858407079646,0.0,2d23aae487a3f78c76d9e966f73c3e4151c5bb29c7cac3eae52dc700f4274c09
audit,bank_marketing,single_model,specialist_failure,0.0,audit,3,0.9075221238938053,0.0,8aa600a7dc0894f227124a3ae5969e6e8c283b63e4b1b930f91286900171ef7f
audit,bank_marketing,mean_ensemble,specialist_failure,0.0,audit,3,0.9070796460176991,1.232595164407831e-32,aaf4244700719fbd7d77450f95b4f8dbda530a375b0b9338c330a513d717f34e
audit,bank_marketing,static_weighted_ensemble,specialist_failure,0.0,audit,3,0.9092920353982301,1.232595164407831e-32,52396d5e36d5dba6c3978a8b023a6975a6c0ba44202b44b098e0dd11e3f0b52c
audit,bank_marketing,veto_mavs,specialist_failure,0.0,audit,3,0.9070796460176991,1.232595164407831e-32,1d78bf2150f1f6ec0f64fad0e9d4b865470271871e867a792fb1be2e04f6bd59
audit,bank_marketing,pure_mavs_gc,specialist_failure,0.0,audit,3,0.9088495575221239,0.0,bdebc5b37f4fe131b98a6b67626e495ec0ebc04e119b1e0dd4eeca8c66fee118
audit,bank_marketing,single_model,specialist_failure,0.0,shadow,2,0.9075221238938053,0.0,fbfa22b31e9881470668256d774a85e35c63a7ce9831c4ca60bede338c3643e7
audit,bank_marketing,mean_ensemble,specialist_failure,0.0,shadow,2,0.9070796460176991,0.0,5db788386e00747815ffd16ec7633f935cbcd1a543d3a521d253d66c249ef3ca
audit,bank_marketing,static_weighted_ensemble,specialist_failure,0.0,shadow,2,0.9092920353982301,0.0,a8beb01ee7286aef5059fa28cd9d626553ae3475abcaa6d81ebf004a4b72c686
audit,bank_marketing,veto_mavs,specialist_failure,0.0,shadow,2,0.9070796460176991,0.0,0cbeac607852de8584be06c6d2b422a18aea487f010cfe8dfabc21dcdce78225
audit,bank_marketing,pure_mavs_gc,specialist_failure,0.0,shadow,2,0.9088495575221239,0.0,77209b5e49f3b234c192b9f81bc9dcde514169d97e89072cf4c4bcd01a90aede
audit,bank_marketing,single_model,specialist_failure,0.05,audit,3,0.9075221238938053,0.0,0b9deef62a4677f0a05500f3aad6ce29dff3ed566abd939c892cfa5bb63f5b6e
audit,bank_marketing,mean_ensemble,specialist_failure,0.05,audit,3,0.9110619469026549,1.232595164407831e-32,c8aab2f31934d743630746427ab84e4bd53234b4c72cf97b858cab879d50d5cf
audit,bank_marketing,static_weighted_ensemble,specialist_failure,0.05,audit,3,0.9092920353982301,1.232595164407831e-32,0e540d6083833a380ddf2cb59da557e3fe93066d023cfb24cfdc02f9574ae6dc
audit,bank_marketing,veto_mavs,specialist_failure,0.05,audit,3,0.9110619469026549,1.232595164407831e-32,f07582ab5c683966824080d28cc318b2b2e8bfcca0b2cd1e3b1a8f146a8c61b4
audit,bank_marketing,pure_mavs_gc,specialist_failure,0.05,audit,3,0.9057522123893805,0.0,22f91c684bd89cb1cddd20cf557d9b59f91b307006a800aac7885d2f669d185b
audit,bank_marketing,single_model,specialist_failure,0.05,shadow,2,0.9075221238938053,0.0,22d6521d36dd1a5a129de41200f9362423d216ba401b4bd69570577503b947b5
audit,bank_marketing,mean_ensemble,specialist_failure,0.05,shadow,2,0.9110619469026549,0.0,b78218578c4af468bf6eecacb58790668394b5468277cc13f7b54051df770b7f
audit,bank_marketing,static_weighted_ensemble,specialist_failure,0.05,shadow,2,0.9092920353982301,0.0,7d6a099c38a6b305b5ef1b67c2756dc579f959ee6f3eb191c690c2fde7c1e9a0
audit,bank_marketing,veto_mavs,specialist_failure,0.05,shadow,2,0.9110619469026549,0.0,0365c549f308d021708a9d8196df3bf16915411fbf25e4b43d142c7c000196e2
audit,bank_marketing,pure_mavs_gc,specialist_failure,0.05,shadow,2,0.9057522123893805,0.0,ac51008bc503c49a9e0ee75e780de51e0bf9b40d5344e195c63608303190e80d
audit,bank_marketing,single_model,specialist_failure,0.1,audit,3,0.9075221238938053,0.0,05e59ed40e7053cc1ba1506de5f8ca13492e5e26b0c4298d93fe2acee1e05f6e
audit,bank_marketing,mean_ensemble,specialist_failure,0.1,audit,3,0.9110619469026549,1.232595164407831e-32,00fa388e57d832a48fc0045f0ee3fa7ca0aea420ac0d6b813df67bcfc148312e
audit,bank_marketing,static_weighted_ensemble,specialist_failure,0.1,audit,3,0.9092920353982301,1.232595164407831e-32,e87262cbbfa9259d5043ae967ca27984cbf6c2bb90970e1cbc4171ad9880b8e9
audit,bank_marketing,veto_mavs,specialist_failure,0.1,audit,3,0.9110619469026549,1.232595164407831e-32,20af7e5ff438b73487dc69dd6cf6aa5b20f4373dc7880176759ed5e4600e7128
audit,bank_marketing,pure_mavs_gc,specialist_failure,0.1,audit,3,0.9057522123893805,0.0,abc3b61fa56a1b768ad62dd75ab81b5c6f9aff8b581a9fd77e31adb26314d5e8
audit,bank_marketing,single_model,specialist_failure,0.1,shadow,2,0.9075221238938053,0.0,75f30ef230d0ad1a8171aa9d08f995fa8a393e8277319ec9d78b39d4fd37519e
audit,bank_marketing,mean_ensemble,specialist_failure,0.1,shadow,2,0.9110619469026549,0.0,ad6ab3b928b88e97b3535810d2aa6069aedd03d91c3713f440c093afc1fba814
audit,bank_marketing,static_weighted_ensemble,specialist_failure,0.1,shadow,2,0.9092920353982301,0.0,5c4c1042228c38979bf9999a3b169bc0e4dc37a54258c60f999bc54c35e92659
audit,bank_marketing,veto_mavs,specialist_failure,0.1,shadow,2,0.9110619469026549,0.0,fc7e2e8b2aab07860b0233975fb2a6151c840b317ccbbd292f688621d15c605d
audit,bank_marketing,pure_mavs_gc,specialist_failure,0.1,shadow,2,0.9057522123893805,0.0,310988f261235f8a0d5e38e085db618f916bec599abffb75274ca381f0d9784d
audit,bank_marketing,single_model,specialist_failure,0.2,audit,3,0.9075221238938053,0.0,5ec9f5b664e92c60f43fdc63a34d1b889b1fb32a1f904673d27c848cc5f442c5
audit,bank_marketing,mean_ensemble,specialist_failure,0.2,audit,3,0.9110619469026549,1.232595164407831e-32,44168cc1fff235417f317f2416c87f716ddd2a3e9e12a1de82cbb018aa30c19f
audit,bank_marketing,static_weighted_ensemble,specialist_failure,0.2,audit,3,0.9092920353982301,1.232595164407831e-32,1b3dfc3d853a752e8b6cba16d61d85fcf3ed0435574878fbec676ba303ae2a98
audit,bank_marketing,veto_mavs,specialist_failure,0.2,audit,3,0.9110619469026549,1.232595164407831e-32,47e115ecaee6b57837662505518d8e931feed812047c48dd14bd750081761166
audit,bank_marketing,pure_mavs_gc,specialist_failure,0.2,audit,3,0.9057522123893805,0.0,0afee8a7cb2ec70ff694c07f76c44509e1928e51ba38f9c25fab87ded4d3638d
audit,bank_marketing,single_model,specialist_failure,0.2,shadow,2,0.9075221238938053,0.0,a133dad47651213f40917c72eefa79c33d64a39fdbb39898dc77b5a18af366f9
audit,bank_marketing,mean_ensemble,specialist_failure,0.2,shadow,2,0.9110619469026549,0.0,58abb9480226be382233a73441fcfa271b30ecd16a7ae2ee2913d445767588ba
audit,bank_marketing,static_weighted_ensemble,specialist_failure,0.2,shadow,2,0.9092920353982301,0.0,feb6c52e3b254d9ef44184a44811f3b482a13e0ee19f5f27aa1974db1c4f18e4
audit,bank_marketing,veto_mavs,specialist_failure,0.2,shadow,2,0.9110619469026549,0.0,80c2d5d93a445988d44b91feb1075165f095f2e8c3659e88a68a7f3f4451e10c
audit,bank_marketing,pure_mavs_gc,specialist_failure,0.2,shadow,2,0.9057522123893805,0.0,23aff95c725f2b699298d4cb43e5d1a4600167e8122d06de04e95b787a897f60
audit,bank_marketing,single_model,specialist_failure,0.4,audit,3,0.1168141592920354,1.925929944387236e-34,b136b3d221174981056b67fcbd2be4da52377c2e8631cd144c5b229ea44cd624
audit,bank_marketing,mean_ensemble,specialist_failure,0.4,audit,3,0.9048672566371682,0.0,a3b32301cc03e88b3782e5e6c9d158636e49f2a5283d111c716f4979343e831c
audit,bank_marketing,static_weighted_ensemble,specialist_failure,0.4,audit,3,0.9048672566371682,0.0,777dff9cda20d1c14751ab58c19066e06b302e6738bc239018f99402828de376
audit,bank_marketing,veto_mavs,specialist_failure,0.4,audit,3,0.9048672566371682,0.0,fca15101fa9d061c76b9a608aa6ad070b006c0088bc51b7a76dada97b32fe5e6
audit,bank_marketing,pure_mavs_gc,specialist_failure,0.4,audit,3,0.9017699115044248,0.0,18f500724a87ba37a37a23625cb86bc2614f1a5f840b757523e3413f48b16799
audit,bank_marketing,single_model,specialist_failure,0.4,shadow,2,0.1168141592920354,0.0,387ab3c7739fca7cdbd5992458cb2814cfbd08110f2319723221075408b6e10a
audit,bank_marketing,mean_ensemble,specialist_failure,0.4,shadow,2,0.9048672566371682,0.0,1c821eec5697eb7cb55a10b859e87a6dcf705b8ed87a32e370b8ec6586b7cc3f
audit,bank_marketing,static_weighted_ensemble,specialist_failure,0.4,shadow,2,0.9048672566371682,0.0,36da62cd6df2a82e2f51a6e2afe235910374ff6c22acb6ebd2735106c0d5002a
audit,bank_marketing,veto_mavs,specialist_failure,0.4,shadow,2,0.9048672566371682,0.0,f9b0725f06d1c446ed1642a112bd0f2efb293549ef0470f7b1d4599288ce2e0a
audit,bank_marketing,pure_mavs_gc,specialist_failure,0.4,shadow,2,0.9017699115044248,0.0,5f36802e35485cd643b701397045a2e7fde14420a8e3fa7767933732735d2d7e
audit,bank_marketing,single_model,specialist_failure,0.6,audit,3,0.1168141592920354,1.925929944387236e-34,14e2a5bf15b2637378e3628c518f891f95b9bc6ac240e1bda350bd6d8b7ec43f
audit,bank_marketing,mean_ensemble,specialist_failure,0.6,audit,3,0.9048672566371682,0.0,79ada7366b118fd49a03d2c7ce47b68ba7330e58891c4ce32bf4e75893aa0012
audit,bank_marketing,static_weighted_ensemble,specialist_failure,0.6,audit,3,0.9048672566371682,0.0,a6549560a60694b773fa3186bd6cbf22aea9c9a559bd3a1ed2e1d1bf96a9b08d
audit,bank_marketing,veto_mavs,specialist_failure,0.6,audit,3,0.9048672566371682,0.0,c312fcdd432c24cf7245067370bd4da7d7dbda7b16a65a633d47d52d70c3c5ca
audit,bank_marketing,pure_mavs_gc,specialist_failure,0.6,audit,3,0.9017699115044248,0.0,bece656e4318affca5462cf1267ecbba3d7763a71bfdecc61b03f61298182e0f
audit,bank_marketing,single_model,specialist_failure,0.6,shadow,2,0.1168141592920354,0.0,cfa85817a1c585076bf6bd27807a9e092e4cb34cee1d77870c213f8d8a714c88
audit,bank_marketing,mean_ensemble,specialist_failure,0.6,shadow,2,0.9048672566371682,0.0,37dd8c23e18380de2c358c7a3e799c8315f66e5a72f59722b841ed9e1e167c2d
audit,bank_marketing,static_weighted_ensemble,specialist_failure,0.6,shadow,2,0.9048672566371682,0.0,1acd032ce54dfb96f97ba257caedf6c071015794d338a1eb79f1b719d727a765
audit,bank_marketing,veto_mavs,specialist_failure,0.6,shadow,2,0.9048672566371682,0.0,0992f65a8126bfe5b3cb37f3c89824598b427e033abae521dfc6d02f7e5f05ce
audit,bank_marketing,pure_mavs_gc,specialist_failure,0.6,shadow,2,0.9017699115044248,0.0,33745c9d4482d19f542176e8af2406f8940da22abce7ddfa95a0f6fb809344ee
audit,bank_marketing,single_model,specialist_failure,0.8,audit,3,0.1168141592920354,1.925929944387236e-34,371c294e6db9a69cb82a8c125f7aca580bdce79c5381ece0731d62bd8ef54444
audit,bank_marketing,mean_ensemble,specialist_failure,0.8,audit,3,0.1168141592920354,1.925929944387236e-34,ca814b324887975744cf82050b3eadd6801c7fa98d7addf666dc3d2f3bd7f3e5
audit,bank_marketing,static_weighted_ensemble,specialist_failure,0.8,audit,3,0.1168141592920354,1.925929944387236e-34,05498ba99be9714887d3606ba6f4f2feddbb484885e43f18dd37cfbd56b7a880
audit,bank_marketing,veto_mavs,specialist_failure,0.8,audit,3,0.1168141592920354,1.925929944387236e-34,ba8a42d52047093e142752235bea8015b90b490672e7e91889d6e40bb2597b37
audit,bank_marketing,pure_mavs_gc,specialist_failure,0.8,audit,3,0.8831858407079646,0.0,5d678aa76126d55c4b63c291c51cf320538440c4935f0892472b6b1b40835d3e
audit,bank_marketing,single_model,specialist_failure,0.8,shadow,2,0.1168141592920354,0.0,3924bccc2612872e9d1bc5c37e6b6d0e9618174562310a0ebd01b3646a2542d5
audit,bank_marketing,mean_ensemble,specialist_failure,0.8,shadow,2,0.1168141592920354,0.0,91a4a2c92041e5e58280067b87ae04359523469779f874b8b723a1d714a4de76
audit,bank_marketing,static_weighted_ensemble,specialist_failure,0.8,shadow,2,0.1168141592920354,0.0,78da2fdec4eaa63db976d1e1379bdfb69214e9a5d0672f2303f8d6a8b95e6a1b
audit,bank_marketing,veto_mavs,specialist_failure,0.8,shadow,2,0.1168141592920354,0.0,f560edb26e31953f025c5c8d041960113d8a2232e52c625cb347a4e401dabc5b
audit,bank_marketing,pure_mavs_gc,specialist_failure,0.8,shadow,2,0.8831858407079646,0.0,599977648269443a69f77e9695831a8139c319e422b35f08b81e20fd8e182315
audit,bank_marketing,single_model,specialist_failure,1.0,audit,3,0.1168141592920354,1.925929944387236e-34,ea653847a3a57f8065725e18f5c3247cd5c5cabd8e353e58c90a5bc98ba36ef3
audit,bank_marketing,mean_ensemble,specialist_failure,1.0,audit,3,0.1168141592920354,1.925929944387236e-34,9002caad64367597606a8653f1c7b120b81e386cd58e4781125aad07711293c5
audit,bank_marketing,static_weighted_ensemble,specialist_failure,1.0,audit,3,0.1168141592920354,1.925929944387236e-34,77f8f40960a6e313169e23becfa95030a2526db44719f9b517385c09dc115e03
audit,bank_marketing,veto_mavs,specialist_failure,1.0,audit,3,0.1168141592920354,1.925929944387236e-34,f1520f772298c3b4221198395725c16baa64b60c055d89661a0e2a62da7c49ff
audit,bank_marketing,pure_mavs_gc,specialist_failure,1.0,audit,3,0.8831858407079646,0.0,efbbb87cc41f0c2f9a863d3aa5e46cecf3f0919ecd0b1b0a8475b62b13c2c7b7
audit,bank_marketing,single_model,specialist_failure,1.0,shadow,2,0.1168141592920354,0.0,a770644f698217538327e889584649308e44e0ec63fa4d2fab325857054062b3
audit,bank_marketing,mean_ensemble,specialist_failure,1.0,shadow,2,0.1168141592920354,0.0,69eebbba0c91be6b9d0c7453b0029754fdcee6bccfe19d4d5d46c8d6eb39b1e6
audit,bank_marketing,static_weighted_ensemble,specialist_failure,1.0,shadow,2,0.1168141592920354,0.0,72ebd566820a065ad650862e65d7f7877d7505eb0c257f2e1c28c732fc2eb06c
audit,bank_marketing,veto_mavs,specialist_failure,1.0,shadow,2,0.1168141592920354,0.0,31fedcb3fdd3afbb031d8aedc43f8cf85ea1fd0eb7b7401bfe98ddbb10ceb0e3
audit,bank_marketing,pure_mavs_gc,specialist_failure,1.0,shadow,2,0.8831858407079646,0.0,05f67e992d7f0602cdf79bf8da850fd572e35e39d4f23e2b8c13b84dbf79ed36
