split_label,dataset_id,system_id,corruption_family,corruption_level,seed_role,seed_count,accuracy_mean,accuracy_variance,variance_hash
locked,breast_cancer_wisconsin,single_model,feature_noise,0.0,primary,3,0.9649122807017544,0.0,2c648e22935f51dd92a21b4733ad4836f18913e4fc123a0b93da8bbe87201447
locked,breast_cancer_wisconsin,mean_ensemble,feature_noise,0.0,primary,3,0.9473684210526315,0.0,8a6dbfab90e9a4c7aa8242b248d5fda5aec8924040c8d9ca643da14aa864034c
locked,breast_cancer_wisconsin,static_weighted_ensemble,feature_noise,0.0,primary,3,0.9649122807017544,0.0,4e63a416ac51e99a9b36667d7edf4b8d1b7228616408fcd335039ef2a0faeb4c
locked,breast_cancer_wisconsin,veto_mavs,feature_noise,0.0,primary,3,0.9473684210526315,0.0,ae0163b07e8870c471825704bd6e5c48f946035a36cb88279b10627130bc7670
locked,breast_cancer_wisconsin,pure_mavs_gc,feature_noise,0.0,primary,3,0.9473684210526315,0.0,ac8d25630266f39e6b82d7d4e6ba7027cb62fee952c1a8207d14f3c8cd9d58d0
locked,breast_cancer_wisconsin,single_model,feature_noise,0.0,shadow,2,0.9649122807017544,0.0,4887c0e39bd90634a9f87bd62ea2aa4d71c6b0195720adb99378e1a47e6194d7
locked,breast_cancer_wisconsin,mean_ensemble,feature_noise,0.0,shadow,2,0.9473684210526315,0.0,6c2005c9b1d13f21628d4dc5197b56a192e95c5e8ad74df79f21a65d23c2c73e
locked,breast_cancer_wisconsin,static_weighted_ensemble,feature_noise,0.0,shadow,2,0.9649122807017544,0.0,b507fef75e12e8dfd2ef7554f0df16f73560ae970fff18af5591e18d217a25b1
locked,breast_cancer_wisconsin,veto_mavs,feature_noise,0.0,shadow,2,0.9473684210526315,0.0,782bf9a251812d89664a492e3dd1e17e123c2e11f7fa5c43190bbb1593a527be
locked,breast_cancer_wisconsin,pure_mavs_gc,feature_noise,0.0,shadow,2,0.9473684210526315,0.0,b0d4e3ece58f22e08dcb4a3b68e7682775f9e6466d1ed6b878fa5ed2c9ccab86
locked,breast_cancer_wisconsin,single_model,feature_noise,0.05,primary,3,0.9649122807017544,0.0,e10bdd404219058416a9f8d57d437aaeb9dab5d165727a486c9ca6f037776aeb
locked,breast_cancer_wisconsin,mean_ensemble,feature_noise,0.05,primary,3,0.9649122807017544,0.0,2aa7e93c92fa101d488bb03ffa22ea1d647bae99a58115e4e51a64eb55ec1705
locked,breast_cancer_wisconsin,static_weighted_ensemble,feature_noise,0.05,primary,3,0.9649122807017544,0.0,9175097264c19a7b67d85748f8d8d2799af944519c4db63eedfb9c9e101da24a
locked,breast_cancer_wisconsin,veto_mavs,feature_noise,0.05,primary,3,0.9649122807017544,0.0,da6236f80352cf4d9d0898ab56989b0688dde2577c186a7469eb66fa0d1a09cc
locked,breast_cancer_wisconsin,pure_mavs_gc,feature_noise,0.05,primary,3,0.9590643274853801,6.839711364180474e-05,630226d23e2d0de725d513bffdcbb7613b6885fc42f3b69f40a83443332576f2
locked,breast_cancer_wisconsin,single_model,feature_noise,0.05,shadow,2,0.9649122807017544,0.0,13abbffad30c778112eb23cd513809c295cb09269a16973108417729c69d6d09
locked,breast_cancer_wisconsin,mean_ensemble,feature_noise,0.05,shadow,2,0.9736842105263157,7.694675284702936e-05,d8d2ef5a25b3853acf6139458c398f1a960ffce2bd9ab90853e26e5c1af684bd
locked,breast_cancer_wisconsin,static_weighted_ensemble,feature_noise,0.05,shadow,2,0.9649122807017544,0.0,b133ca3d1e76341dff5e134db511a0287bed3cfadc2eac28ed413083f877320a
locked,breast_cancer_wisconsin,veto_mavs,feature_noise,0.05,shadow,2,0.9736842105263157,7.694675284702936e-05,9b54c2878a62dd99d653ee37213f8afdd9d35f10d8480a8048782c87b7e43b6b
locked,breast_cancer_wisconsin,pure_mavs_gc,feature_noise,0.05,shadow,2,0.9649122807017544,0.0,e669b6942ff7b7e6b646c45f4e6f44d9b5496f17ab20ca851ef89d5c67d6e373
locked,breast_cancer_wisconsin,single_model,feature_noise,0.1,primary,3,0.9649122807017544,0.0,8ac3ecc081b99017af0878ed7daaaec285aaf9a3df99f3f29b530a105897059e
locked,breast_cancer_wisconsin,mean_ensemble,feature_noise,0.1,primary,3,0.9590643274853801,0.0002735884545672172,3f64d896c055ccbe2b77e77774f75226ecea8016bc8f047f376c60b1b0f5bec2
locked,breast_cancer_wisconsin,static_weighted_ensemble,feature_noise,0.1,primary,3,0.9649122807017544,0.0,8376b71a16e2a1f550bdf4ebdc2eff4f1e2948a95f31f68839f86b760a942b1e
locked,breast_cancer_wisconsin,veto_mavs,feature_noise,0.1,primary,3,0.9590643274853801,0.0002735884545672172,191ba22de7d9736b45e4552b340d572f0523147b1b9b68b2a445a78d3b914b8b
locked,breast_cancer_wisconsin,pure_mavs_gc,feature_noise,0.1,primary,3,0.9590643274853801,0.0002735884545672172,11f5f9818bcdc7c8e21e273b7c93da4ee69b8280ad3047c493a8c5e631d06cb8
locked,breast_cancer_wisconsin,single_model,feature_noise,0.1,shadow,2,0.956140350877193,7.694675284703034e-05,87b33ac57aa542384a0207080927df3c077e7f7d19f187336ada11743a3dd709
locked,breast_cancer_wisconsin,mean_ensemble,feature_noise,0.1,shadow,2,0.9649122807017544,0.0,1ae38b1fef977572c9ef7a7755e1669a685a376c60bceaf20fc08351ec896a09
locked,breast_cancer_wisconsin,static_weighted_ensemble,feature_noise,0.1,shadow,2,0.956140350877193,7.694675284703034e-05,1d9dcd6e3be23905c6c7ae7ae6ac765b7c962362ac4e081c1aad4db330f8a5e6
locked,breast_cancer_wisconsin,veto_mavs,feature_noise,0.1,shadow,2,0.9649122807017544,0.0,f1f13928b58b15c646f549ce94784bce1503131fe4d0401e99d42273843946b6
locked,breast_cancer_wisconsin,pure_mavs_gc,feature_noise,0.1,shadow,2,0.956140350877193,7.694675284703034e-05,13eb946b64bede822fa0215bc3b3882414f5f47324baada201cdb177db995eb2
locked,breast_cancer_wisconsin,single_model,feature_noise,0.2,primary,3,0.9649122807017544,0.0,2851b8c29c135052efb97ac3b52e67ee3a9bdad2565625f377e2decb77624d3a
locked,breast_cancer_wisconsin,mean_ensemble,feature_noise,0.2,primary,3,0.9415204678362573,6.839711364180387e-05,3250faf461c78507e40b05114dc5499ebbb217413364508ea7dc22af394e6fb6
locked,breast_cancer_wisconsin,static_weighted_ensemble,feature_noise,0.2,primary,3,0.9649122807017544,0.0,6585787e114d5b205042eece0ee0f29e48cc7498271c52d8b384f3dc7c007173
locked,breast_cancer_wisconsin,veto_mavs,feature_noise,0.2,primary,3,0.9415204678362573,6.839711364180387e-05,8d0addf5cf9caa0cf3a4a93e8deb692548c94f3c28ee5377fac82d1901615bd9
locked,breast_cancer_wisconsin,pure_mavs_gc,feature_noise,0.2,primary,3,0.935672514619883,6.839711364180387e-05,5db3a3fc5e4a03febb4ea1eb0d304a4a5eb39775a9a056360b6ced36dfa93c43
locked,breast_cancer_wisconsin,single_model,feature_noise,0.2,shadow,2,0.9736842105263157,7.694675284702936e-05,f4b96fc59321f95ad481cec4e46a3450acc9d9edb05dc2554a774d2cd6b8115f
locked,breast_cancer_wisconsin,mean_ensemble,feature_noise,0.2,shadow,2,0.9824561403508771,0.0,ac9e75e0248cbc0e10c5ef25ee59368b136a1e421f4daff19c190ea9eda5e8d6
locked,breast_cancer_wisconsin,static_weighted_ensemble,feature_noise,0.2,shadow,2,0.9736842105263157,7.694675284702936e-05,176c305d76b857749d15bd7bafb1fac3500f89b7c71c9c8c03b3bb14a3d643ac
locked,breast_cancer_wisconsin,veto_mavs,feature_noise,0.2,shadow,2,0.9824561403508771,0.0,af615281540888bd43f7a59a0f44ccec487e902d0241b94eb7ab87dc3cac6b1f
locked,breast_cancer_wisconsin,pure_mavs_gc,feature_noise,0.2,shadow,2,0.9824561403508771,0.0,d2b5c1c7ddc6e0128cf12ff1667edd691ccf9ad8b39835949e52199485266ca0
locked,breast_cancer_wisconsin,single_model,feature_noise,0.4,primary,3,0.9415204678362573,6.839711364180387e-05,cd0ee277bdfdf823af26cbffee167cc61069aac65ee4a39caf4459c275778743
locked,breast_cancer_wisconsin,mean_ensemble,feature_noise,0.4,primary,3,0.935672514619883,0.0017099278410451096,edd6dece6751701aec279ec217bf0d578e77504856731a0435002c882b98f795
locked,breast_cancer_wisconsin,static_weighted_ensemble,feature_noise,0.4,primary,3,0.9415204678362573,6.839711364180387e-05,fb91227f4c2682b6172c70e5518533e95f7b9fcfa83930454ca4c5dc74b5dec6
locked,breast_cancer_wisconsin,veto_mavs,feature_noise,0.4,primary,3,0.935672514619883,0.0017099278410451096,4fd679a50ac52c4357f693603ed8769f4fdacb131b6d20ee3f7273829c008c20
locked,breast_cancer_wisconsin,pure_mavs_gc,feature_noise,0.4,primary,3,0.9181286549707602,0.0008891624773434565,e3e76f7a5515308a9c8db71471cbc4cc77690bb68a7f6cf4abb03979d21817e3
locked,breast_cancer_wisconsin,single_model,feature_noise,0.4,shadow,2,0.9210526315789473,0.0006925207756232672,fd0e6a8b944862ba529655ead3f31a02bd3abdd3ae6607c6be1b9978d04fa414
locked,breast_cancer_wisconsin,mean_ensemble,feature_noise,0.4,shadow,2,0.9210526315789473,0.0006925207756232672,83a24b7f7c0a35cc640f4de5455805982461e953b5545913f9fe46fa3ef402c3
locked,breast_cancer_wisconsin,static_weighted_ensemble,feature_noise,0.4,shadow,2,0.9385964912280702,7.694675284702936e-05,9a6b8487990d6619862fe5747be2d5b4efd2a08e19962a1257090998fe4c8cb5
locked,breast_cancer_wisconsin,veto_mavs,feature_noise,0.4,shadow,2,0.9210526315789473,0.0006925207756232672,1fda1d4b0766d325662033dad0b47407fb4835073acd4e0cdcab4248c49a428c
locked,breast_cancer_wisconsin,pure_mavs_gc,feature_noise,0.4,shadow,2,0.9298245614035088,0.0,ad01561d5f541e2f69d1f22553762615f6d417e2d9ad176cb15d810d29b27b9a
locked,breast_cancer_wisconsin,single_model,feature_noise,0.6,primary,3,0.9415204678362573,0.0008891624773434557,c2406b242fa9fec4497a1ad54476839ed125a6082daf422e2b28c7c84c7865b1
locked,breast_cancer_wisconsin,mean_ensemble,feature_noise,0.6,primary,3,0.9181286549707602,6.839711364180474e-05,075501af6448e4159f299bc44ede459eaf77b20f6702cfa6447717cafb02bdd8
locked,breast_cancer_wisconsin,static_weighted_ensemble,feature_noise,0.6,primary,3,0.935672514619883,0.00129954515919428,8e49a221a2a2e8964d83c31587d9a9adf44bb26b3cb568cb3b869312f11afd38
locked,breast_cancer_wisconsin,veto_mavs,feature_noise,0.6,primary,3,0.9181286549707602,6.839711364180474e-05,614deb46b1e0e5568c59b24d2b95079acdc12aa9f92a58bbc0ac604836566ff0
locked,breast_cancer_wisconsin,pure_mavs_gc,feature_noise,0.6,primary,3,0.9064327485380117,0.0010943538182688688,39bea1157d891e5438ef2eecdec8a2ba73d2ecefdb10caa80ff014bbf894c9b9
locked,breast_cancer_wisconsin,single_model,feature_noise,0.6,shadow,2,0.9385964912280702,7.694675284702936e-05,7f0472398fe9acae5a432b42bbe07c4e6d194ddf29adef52a301a818de52df42
locked,breast_cancer_wisconsin,mean_ensemble,feature_noise,0.6,shadow,2,0.956140350877193,7.694675284703034e-05,f6fa16707f3ae2348dafd90c9a2196965bbea4a19b1dbf3d8a7d0e5cfe20b4a0
locked,breast_cancer_wisconsin,static_weighted_ensemble,feature_noise,0.6,shadow,2,0.9385964912280702,7.694675284702936e-05,d2e58d82ec3b968d3a2630363335751b5a959462dbbd26544f6b363aef3fdab2
locked,breast_cancer_wisconsin,veto_mavs,feature_noise,0.6,shadow,2,0.956140350877193,7.694675284703034e-05,372d43cf62718ed8664ee638c8a5c6c44663ba9ef15952596df53ac99b41a551
locked,breast_cancer_wisconsin,pure_mavs_gc,feature_noise,0.6,shadow,2,0.9649122807017544,0.0,f15f8ea351ad010bceaf8866c58e0517e01a63db1ecc280c8f1a21cef4552e6b
locked,breast_cancer_wisconsin,single_model,feature_noise,0.8,primary,3,0.9239766081871345,0.0008891624773434565,670c60ae80cfb48dcefd1dcc10248058e892424861dd9787a5156537b7721e61
locked,breast_cancer_wisconsin,mean_ensemble,feature_noise,0.8,primary,3,0.9298245614035088,0.0006155740227762374,8a66b34e6d0a7ac91fe3dbd1bad968e64f462686f0ff11349d77c8e89ccc3dae
locked,breast_cancer_wisconsin,static_weighted_ensemble,feature_noise,0.8,primary,3,0.9239766081871345,0.0008891624773434565,712c636b5413ee156b7f0afbe5771d6770f4d7fa2ef29f8a2c76c990515320dc
locked,breast_cancer_wisconsin,veto_mavs,feature_noise,0.8,primary,3,0.9298245614035088,0.0006155740227762374,be0fb8ecf1d9489ea31b4d4575bb521c7ff6ef558bc7363e219c6a4d04c190bf
locked,breast_cancer_wisconsin,pure_mavs_gc,feature_noise,0.8,primary,3,0.9298245614035088,0.00020519134092541295,f4d15c3caea00a5e45e3b46a5d1eb2f011bef508ff5a5dd4349a21fb306d1ce2
locked,breast_cancer_wisconsin,single_model,feature_noise,0.8,shadow,2,0.9122807017543859,0.0003077870113881194,91bdc4e0e23043b926842a2673cb3011af76378410b174663e52be7b631e2b15
locked,breast_cancer_wisconsin,mean_ensemble,feature_noise,0.8,shadow,2,0.894736842105263,0.0003077870113881194,ffc9166ca66c4a29661409014f4d1541e65635bb914e7ce57b78c30071b0c746
locked,breast_cancer_wisconsin,static_weighted_ensemble,feature_noise,0.8,shadow,2,0.9122807017543859,0.0003077870113881194,c33546e6a7beb9f7240e08f644c6b964dd30e13eb8a4d1d21a9175fb2bc2bd7d
locked,breast_cancer_wisconsin,veto_mavs,feature_noise,0.8,shadow,2,0.894736842105263,0.0003077870113881194,62346b879ea1c2fef2258c7c69616e441ff27acbb94775ad9ebce6beccc44dfa
locked,breast_cancer_wisconsin,pure_mavs_gc,feature_noise,0.8,shadow,2,0.8947368421052632,0.0,08cbb0fa4747d5d5112de8b68970385782c1779e125153c307f6e45b459d4219
locked,breast_cancer_wisconsin,single_model,feature_noise,1.0,primary,3,0.9005847953216374,0.00129954515919428,cc1cc773368497d6c91fbc1343d19fc45e61d80b6c98376aa02fb19d82e97a63
locked,breast_cancer_wisconsin,mean_ensemble,feature_noise,1.0,primary,3,0.9239766081871345,0.0002735884545672172,b04d692cde6df3e4eac69be755c055746916ba5046146c087b8c00fee7843b80
locked,breast_cancer_wisconsin,static_weighted_ensemble,feature_noise,1.0,primary,3,0.9122807017543859,0.0006155740227762374,d7009edd3ccc4c3947c2a8877704aec1d9c3b9551e76f32a900e9c9fb7ce12ec
locked,breast_cancer_wisconsin,veto_mavs,feature_noise,1.0,primary,3,0.9239766081871345,0.0002735884545672172,21e7f85e438079c0f6bde7c59c5003db15a2bff45412d6f246edc0afbdde033c
locked,breast_cancer_wisconsin,pure_mavs_gc,feature_noise,1.0,primary,3,0.9239766081871345,0.0002735884545672172,ada0ecab7e2e5c51df1a9ec25b5c342e98385bdd12dade5328c59e29e463b500
locked,breast_cancer_wisconsin,single_model,feature_noise,1.0,shadow,2,0.8947368421052632,0.0012311480455524776,4fc8674b45aeef7b948dc33586fbf47ccb44737f8f7c009f793d636bf9d0041e
locked,breast_cancer_wisconsin,mean_ensemble,feature_noise,1.0,shadow,2,0.8771929824561404,0.0003077870113881194,fbb3081eb95bb14a0af9d14557ecb9c09c24914ec97eebafb2ffe46d2f39154b
locked,breast_cancer_wisconsin,static_weighted_ensemble,feature_noise,1.0,shadow,2,0.8947368421052632,0.0012311480455524776,4687d8a47b83aff33b2431eabccf669e9ebcf5a38ba49841ca5df452917fbed1
locked,breast_cancer_wisconsin,veto_mavs,feature_noise,1.0,shadow,2,0.8771929824561404,0.0003077870113881194,1388ef7b348c3899613698ab55d30ef21f831c658af4a6f40839cf967dd7d9e3
locked,breast_cancer_wisconsin,pure_mavs_gc,feature_noise,1.0,shadow,2,0.8771929824561404,0.0003077870113881194,8a0e47e2cfc49c1bc7265e0b2cde58cca55c4bd78324324e295fb725d0ae9791
locked,breast_cancer_wisconsin,single_model,missing_features,0.0,primary,3,0.9649122807017544,0.0,81979d95b73729d48c21d3a58aa5a99f33839fbb525113701222453cff6fa656
locked,breast_cancer_wisconsin,mean_ensemble,missing_features,0.0,primary,3,0.9473684210526315,0.0,52887565dc88d0b02f5bf8570683747b1bfbe8de2671e5d3c7c9085784ca66d1
locked,breast_cancer_wisconsin,static_weighted_ensemble,missing_features,0.0,primary,3,0.9649122807017544,0.0,ab0baf21984175e9b610851d9dfd7ccc0caa66809f83ebf178eb3af0c059277d
locked,breast_cancer_wisconsin,veto_mavs,missing_features,0.0,primary,3,0.9473684210526315,0.0,3a9a299f844d8736fa806c34060b837e672aa35faca3aeda27fe93bb9876dd92
locked,breast_cancer_wisconsin,pure_mavs_gc,missing_features,0.0,primary,3,0.9473684210526315,0.0,e3fc9f7850ae2cbdf74d0a4208ceec01963a58d34b279cd9b629132349b06906
locked,breast_cancer_wisconsin,single_model,missing_features,0.0,shadow,2,0.9649122807017544,0.0,5e51106ccb2c00dabebf19b55358967f7a2ccd73e4c8340ae199ecf9db7bdbe1
locked,breast_cancer_wisconsin,mean_ensemble,missing_features,0.0,shadow,2,0.9473684210526315,0.0,39e3cc03d94d6aaaf67339c9386813c2547436bd38dd429cb8521efc7da31740
locked,breast_cancer_wisconsin,static_weighted_ensemble,missing_features,0.0,shadow,2,0.9649122807017544,0.0,f262e3971593b746c7d9f57227474bb956ed20dca76ebecd8ef2bb8adffaa2b3
locked,breast_cancer_wisconsin,veto_mavs,missing_features,0.0,shadow,2,0.9473684210526315,0.0,0eab894ebce4357eb869915866a6f62f51187e8c036ca270798fd5d6f287d940
locked,breast_cancer_wisconsin,pure_mavs_gc,missing_features,0.0,shadow,2,0.9473684210526315,0.0,d04fc95aa0f18767872267a9e74726a8573f7148ddffd3862dbe0546c332491d
locked,breast_cancer_wisconsin,single_model,missing_features,0.05,primary,3,0.9473684210526315,0.0,caf47812953da0f897ff4620f3720f3ec93fbe11bc04aa8cf4d4f117f0b8193c
locked,breast_cancer_wisconsin,mean_ensemble,missing_features,0.05,primary,3,0.9415204678362573,6.839711364180387e-05,c70bd5e24c070a64a4c7139e0847e8c0343f36114c789311630e6d21fd795130
locked,breast_cancer_wisconsin,static_weighted_ensemble,missing_features,0.05,primary,3,0.9473684210526315,0.0,d71cb59fce027c185053b7e55e5a33faeb654ae849e9680c672162ac60da17a6
locked,breast_cancer_wisconsin,veto_mavs,missing_features,0.05,primary,3,0.9415204678362573,6.839711364180387e-05,f62cf2f41d183cee25968ed4cdf7b79ebed18abf3df4293a9ab622e23061214b
locked,breast_cancer_wisconsin,pure_mavs_gc,missing_features,0.05,primary,3,0.9415204678362573,0.0002735884545672172,e7fc3e0f74e0ba1a7e7faed3a8e922f1289cae07d90ed6d5b9a14933950b37a5
locked,breast_cancer_wisconsin,single_model,missing_features,0.05,shadow,2,0.956140350877193,7.694675284703034e-05,1495cee0860ed882dfe625055ae55f0fd03a1126eaf36b09622c126e60749010
locked,breast_cancer_wisconsin,mean_ensemble,missing_features,0.05,shadow,2,0.9298245614035088,0.0003077870113881194,de0e125b73f6ceb72379bd2499ce605026b0d18d4d62fa023f34954ae33bb3b9
locked,breast_cancer_wisconsin,static_weighted_ensemble,missing_features,0.05,shadow,2,0.956140350877193,7.694675284703034e-05,55d6e370320746402a1bab3be1001d3fe17b678fb26c35d406b53264383a005b
locked,breast_cancer_wisconsin,veto_mavs,missing_features,0.05,shadow,2,0.9298245614035088,0.0003077870113881194,c13d49237deaf9c55a90b1b80241f215fe30e8e516d0f2c6046052d282afb904
locked,breast_cancer_wisconsin,pure_mavs_gc,missing_features,0.05,shadow,2,0.9298245614035088,0.0003077870113881194,b86a49e0f3a5d28ff07567311788952c15ae9e242fc79edb90f08877c347836f
locked,breast_cancer_wisconsin,single_model,missing_features,0.1,primary,3,0.9532163742690059,6.839711364180474e-05,b65da92c8e83a2d1393689a051db875e81c1fd17bbadec31a10ea446ca85bb18
locked,breast_cancer_wisconsin,mean_ensemble,missing_features,0.1,primary,3,0.935672514619883,6.839711364180387e-05,795802a44cd8c85c02f6d71e7a6ee31f543c7f6fa233765b26f13ad3a239c81d
locked,breast_cancer_wisconsin,static_weighted_ensemble,missing_features,0.1,primary,3,0.9473684210526315,0.00020519134092541295,f7b5a4d87aac180326d851eb8450a734518055ec6763fb78c5ff7662baea0909
locked,breast_cancer_wisconsin,veto_mavs,missing_features,0.1,primary,3,0.935672514619883,6.839711364180387e-05,764fbec2e270c1f061bb0768b9aef26ede6cdfa0efb56fcbb6e561efb1ff3aab
locked,breast_cancer_wisconsin,pure_mavs_gc,missing_features,0.1,primary,3,0.935672514619883,6.839711364180387e-05,899915fc52e1de2f1081a7c171ac926345220dbf5b7656a2d0ad36c36892a243
locked,breast_cancer_wisconsin,single_model,missing_features,0.1,shadow,2,0.9649122807017544,0.0,156dc93780f258394d9e58cb46886b1bed4074227efb90dab082aae074272506
locked,breast_cancer_wisconsin,mean_ensemble,missing_features,0.1,shadow,2,0.9298245614035088,0.0003077870113881194,7f4811587ef08b2da7a7c2f817f8c5d560b6b700a9e9e5b2960e11459c5eeeb0
locked,breast_cancer_wisconsin,static_weighted_ensemble,missing_features,0.1,shadow,2,0.9649122807017544,0.0,992b5352809183e25d8baee27c26c54593b5b146248644eae27ef7857a0ea15a
locked,breast_cancer_wisconsin,veto_mavs,missing_features,0.1,shadow,2,0.9298245614035088,0.0003077870113881194,434cfc031cbb6ddac3caa122e23f5bc93794398f0565ee214855e9f536e3c353
locked,breast_cancer_wisconsin,pure_mavs_gc,missing_features,0.1,shadow,2,0.9298245614035088,0.0,343debf2bf3e702792cd3b261b49124a6a0e8e8d49b4456462a106843cd0afc7
locked,breast_cancer_wisconsin,single_model,missing_features,0.2,primary,3,0.9532163742690059,6.839711364180474e-05,fce72bb5cc1b0afe69a37421af608f30cabbcec3f2381bb4b544a166ba204050
locked,breast_cancer_wisconsin,mean_ensemble,missing_features,0.2,primary,3,0.935672514619883,6.839711364180387e-05,4a6861a3a338ffae16d369324af74a2098cebd823a4b3a89b418b1f8ced93354
locked,breast_cancer_wisconsin,static_weighted_ensemble,missing_features,0.2,primary,3,0.9590643274853801,6.839711364180474e-05,9e793db7741ed32d900d1615b26c53efcf735dc321379a9fb27e81703172be6a
locked,breast_cancer_wisconsin,veto_mavs,missing_features,0.2,primary,3,0.935672514619883,6.839711364180387e-05,be3caf70ae1a7329bc0755865a6af7ef62521756c28f8fee63e2bd6b426a7bdf
locked,breast_cancer_wisconsin,pure_mavs_gc,missing_features,0.2,primary,3,0.9298245614035088,0.0006155740227762374,8c563c245adad5b278a1f9d162cf5f67d974d5a61557894b02acb22fd4dfbccd
locked,breast_cancer_wisconsin,single_model,missing_features,0.2,shadow,2,0.956140350877193,7.694675284703034e-05,a71fd48f3d9ec5d7a77c9f3cfa961bb8afa114fb9e87bfcc23b66b6ad91c2929
locked,breast_cancer_wisconsin,mean_ensemble,missing_features,0.2,shadow,2,0.9385964912280702,0.0006925207756232701,c9d9afe6b2ef720a74043e6450287ab013abcfda441d4b74e7a572a2cfce480f
locked,breast_cancer_wisconsin,static_weighted_ensemble,missing_features,0.2,shadow,2,0.956140350877193,7.694675284703034e-05,3dbe056f3cb66200fca4547b196232fa16e350a27fddb0e7e1ec7d9171899601
locked,breast_cancer_wisconsin,veto_mavs,missing_features,0.2,shadow,2,0.9385964912280702,0.0006925207756232701,ea56d1eed67af482509c342af7b49088949fe338b3a6de4cd7fe463d200cd41a
locked,breast_cancer_wisconsin,pure_mavs_gc,missing_features,0.2,shadow,2,0.9298245614035088,0.0,203b5e3eeaf7375e2ba5c81b42b5c80861ff80645ba869422fef225184022497
locked,breast_cancer_wisconsin,single_model,missing_features,0.4,primary,3,0.9005847953216374,0.00047877979549263105,5aafdf184343bc723fa001d535586553d6aab41f3ef16b4f53303a1f7b886789
locked,breast_cancer_wisconsin,mean_ensemble,missing_features,0.4,primary,3,0.9122807017543859,0.00020519134092541295,13062dae22089602354ff689eec20e5cd646e878a1a37a7cdcfcdda8625b6468
locked,breast_cancer_wisconsin,static_weighted_ensemble,missing_features,0.4,primary,3,0.9064327485380117,0.00047877979549263105,d98c5a3f81406090a780a559ff58b3347a63e45d31c22d3b01ea2546b135144b
locked,breast_cancer_wisconsin,veto_mavs,missing_features,0.4,primary,3,0.9122807017543859,0.00020519134092541295,1a3935fc82a86e6011c1c24dfa9f3059e9a97aa596b2b5aba54282b328a22950
locked,breast_cancer_wisconsin,pure_mavs_gc,missing_features,0.4,primary,3,0.9064327485380117,0.00047877979549263105,5b8d9308648c3394115bd50b6fbbdc21addb797a0ce73e366256f12b3d9ba637
locked,breast_cancer_wisconsin,single_model,missing_features,0.4,shadow,2,0.9473684210526315,0.0,62e92acc124c176be00b490ffe4286bafdb4b4ddab05556baacfbe608265391f
locked,breast_cancer_wisconsin,mean_ensemble,missing_features,0.4,shadow,2,0.9210526315789473,0.0006925207756232672,9fb565ebb7fc0609c6d74eea897a482ba160d9e5ea2322e86f894b73994be56c
locked,breast_cancer_wisconsin,static_weighted_ensemble,missing_features,0.4,shadow,2,0.9473684210526315,0.0,00e206709772359d6629162239084c922d5fcfc0ec0e1867b71063049c4506a1
locked,breast_cancer_wisconsin,veto_mavs,missing_features,0.4,shadow,2,0.9210526315789473,0.0006925207756232672,a9ad0cc07cdaa6a69e5cc4d14210d82440208f8166e46dc27e4e7493465f96d9
locked,breast_cancer_wisconsin,pure_mavs_gc,missing_features,0.4,shadow,2,0.9210526315789473,7.694675284703034e-05,6b2c053988fe890459a342221ed61c9d8fe8935cac009d415610265f1ab33f04
locked,breast_cancer_wisconsin,single_model,missing_features,0.6,primary,3,0.8888888888888888,0.002120310522895933,96d49fe50f328857569316bf66ec814031889a8460ed87e83c150624dd086df0
locked,breast_cancer_wisconsin,mean_ensemble,missing_features,0.6,primary,3,0.9064327485380117,0.00047877979549263105,069a9c91d4bc2a4e11ecc39313cc101d7bb8e840eb9a75db885d0f9bc665db22
locked,breast_cancer_wisconsin,static_weighted_ensemble,missing_features,0.6,primary,3,0.8947368421052632,0.0008207653637016518,c7909fa5b91e243046b57b4d459876e2d685b06429ed67c589c2f699bc6b6fb2
locked,breast_cancer_wisconsin,veto_mavs,missing_features,0.6,primary,3,0.9064327485380117,0.00047877979549263105,fea615e46576f30b9a54961a0747b3ef8b24ed196b54c2ff8351e87638557db5
locked,breast_cancer_wisconsin,pure_mavs_gc,missing_features,0.6,primary,3,0.8713450292397661,0.00047877979549263105,2220041826abd1ee9c6f3a7ea35d19cc44d0c37f5b63599b4bb92864665179fb
locked,breast_cancer_wisconsin,single_model,missing_features,0.6,shadow,2,0.8859649122807017,7.694675284703034e-05,b4b9f64c7e94d0de45892fa7b6b5907f22b2692da8eb355a962e4886e731f5c9
locked,breast_cancer_wisconsin,mean_ensemble,missing_features,0.6,shadow,2,0.9035087719298245,0.0006925207756232701,9632295a8d21655c7fdb4b518e749765498e47d58bd1ad9bbca097bca2b3cdcf
locked,breast_cancer_wisconsin,static_weighted_ensemble,missing_features,0.6,shadow,2,0.8859649122807017,7.694675284703034e-05,41bd87ac601be858b8a6467dc57ffd3accbf09e3914c42fadb51c6e8f011dd84
locked,breast_cancer_wisconsin,veto_mavs,missing_features,0.6,shadow,2,0.9035087719298245,0.0006925207756232701,ae9bc7da368f421aa7256233ff74f642d36c5db373fc7203650327cf4bf8760a
locked,breast_cancer_wisconsin,pure_mavs_gc,missing_features,0.6,shadow,2,0.8859649122807017,7.694675284703034e-05,2ad940a2b4252a8f6fa365f2cff530fe13974a6628e42bbe02dd764a29e74f3a
locked,breast_cancer_wisconsin,single_model,missing_features,0.8,primary,3,0.8713450292397661,0.0002735884545672172,7f3c1bd9bd3bb6dd5f52f5638e3f54b8cf618e450bbf9bd1bb7d4d553f57a79d
locked,breast_cancer_wisconsin,mean_ensemble,missing_features,0.8,primary,3,0.8421052631578947,0.00061557402277624,cacba312212fc82a3877301108981afd920c3050631c275056a03ab9e0684d07
locked,breast_cancer_wisconsin,static_weighted_ensemble,missing_features,0.8,primary,3,0.8713450292397661,0.0002735884545672172,759a5b0def7ee1467c28ee0310eafa420484f1777c926b3c69fd7fe10a6c0ade
locked,breast_cancer_wisconsin,veto_mavs,missing_features,0.8,primary,3,0.8421052631578947,0.00061557402277624,e12f6f9e15d74daa484492c165eddadd89da2427140e898f0fd45eaf8816897b
locked,breast_cancer_wisconsin,pure_mavs_gc,missing_features,0.8,primary,3,0.783625730994152,0.0008891624773434565,b6eac60495fa2b8e4f69396a06f10eccf9703eedef93c35a88ad002876d67431
locked,breast_cancer_wisconsin,single_model,missing_features,0.8,shadow,2,0.868421052631579,7.694675284702936e-05,79b0ac385beb890c0b40739de77bea38cde42a28f3c7167d432664ef62c51b56
locked,breast_cancer_wisconsin,mean_ensemble,missing_features,0.8,shadow,2,0.8157894736842105,0.0006925207756232672,6ce9ba6dae7a3762587f1e3e9201e02bcb1d419d77e5da4521dff952dac68f30
locked,breast_cancer_wisconsin,static_weighted_ensemble,missing_features,0.8,shadow,2,0.8771929824561403,0.0,0c98378a115bd3991119fa411926318a6cf6e67d770496dbb8240490f937bf2c
locked,breast_cancer_wisconsin,veto_mavs,missing_features,0.8,shadow,2,0.8157894736842105,0.0006925207756232672,e10731be85ee20b4b57b284bb1a6a3e9af9c57ba9e0593b6b1b8f407fa42fe88
locked,breast_cancer_wisconsin,pure_mavs_gc,missing_features,0.8,shadow,2,0.7719298245614035,0.0003077870113881194,704a7ff42c89d1b4607bf3a37196564821c31f86a982d9263abfe67f17a4b12c
locked,breast_cancer_wisconsin,single_model,missing_features,1.0,primary,3,0.631578947368421,0.0,887896931a41c25089c9b4e296070918f307304d155d14714e7280fcf158faee
locked,breast_cancer_wisconsin,mean_ensemble,missing_features,1.0,primary,3,0.631578947368421,0.0,4b74a0daeee001d516a7f9c0d5fff208c22b55f23123271048f6e0c2dfcf94bb
locked,breast_cancer_wisconsin,static_weighted_ensemble,missing_features,1.0,primary,3,0.631578947368421,0.0,f7e6f46b54922343d4291d9f94937a1c5d82d8d2f7532e82e4f61d8e96e05e3a
locked,breast_cancer_wisconsin,veto_mavs,missing_features,1.0,primary,3,0.631578947368421,0.0,1ee7c59a16c215c804d65dc8697d4afe30abe1b998150501aa7ddea518e87cb7
locked,breast_cancer_wisconsin,pure_mavs_gc,missing_features,1.0,primary,3,0.631578947368421,0.0,0a47a251b6fc4aa4f0570daf8eb8ed1ace016b30a0ef4cb6f808cdf9ca21a845
locked,breast_cancer_wisconsin,single_model,missing_features,1.0,shadow,2,0.631578947368421,0.0,bdcde3793efad037a17bea89e528ec9e5a0598f5d11713956e261e0ac10d62e5
locked,breast_cancer_wisconsin,mean_ensemble,missing_features,1.0,shadow,2,0.631578947368421,0.0,1345fa01d752c4d29d78f7bbf8a2aa46c2838049e5da8582f99b902a758b0bdf
locked,breast_cancer_wisconsin,static_weighted_ensemble,missing_features,1.0,shadow,2,0.631578947368421,0.0,05b7b8c34bf8ae4019562fc3655684533e175d1f43b9ad8a84c8e374c32778a0
locked,breast_cancer_wisconsin,veto_mavs,missing_features,1.0,shadow,2,0.631578947368421,0.0,739ba95c2ed5ea26624d92a9fc849d6006c4b1228b4e74026840b4737bcc172b
locked,breast_cancer_wisconsin,pure_mavs_gc,missing_features,1.0,shadow,2,0.631578947368421,0.0,e3533d154b4ebdd3ff4c604547dd9d184b659ef9a018264c9c2ee9821a5ccded
locked,breast_cancer_wisconsin,single_model,random_feature_deletion,0.0,primary,3,0.9649122807017544,0.0,34e55da79f929b29e66d491e958c772757a5d555814ca8dcd875a00fbbdc0012
locked,breast_cancer_wisconsin,mean_ensemble,random_feature_deletion,0.0,primary,3,0.9473684210526315,0.0,5b052de7ec3ea8fef8c756812c4adb99b87b17d14f3465696bd5aef257ddc51a
locked,breast_cancer_wisconsin,static_weighted_ensemble,random_feature_deletion,0.0,primary,3,0.9649122807017544,0.0,774516042e2901a25e32b5cf2fc9242eb2fcc9f69eea531a801de6102be00080
locked,breast_cancer_wisconsin,veto_mavs,random_feature_deletion,0.0,primary,3,0.9473684210526315,0.0,b549c097487eb23586ba587c06b645d957f50862ec90a0d065598d532d9b5c64
locked,breast_cancer_wisconsin,pure_mavs_gc,random_feature_deletion,0.0,primary,3,0.9473684210526315,0.0,9c1056a6e69b5644efa792fb8495a1f4e1bedd2ecf7ca0e646e38e6b0350bf21
locked,breast_cancer_wisconsin,single_model,random_feature_deletion,0.0,shadow,2,0.9649122807017544,0.0,1e775e9ea9b741a4e533c9efa755f60ba54894d3794c137f37a68674ddd93550
locked,breast_cancer_wisconsin,mean_ensemble,random_feature_deletion,0.0,shadow,2,0.9473684210526315,0.0,b7924f1988443fdeb77e3313299fe7dc74dd80199dfe0f41b542ee75369e2af3
locked,breast_cancer_wisconsin,static_weighted_ensemble,random_feature_deletion,0.0,shadow,2,0.9649122807017544,0.0,1c4c95a10a64c003352005cc83c88377163a8341a74635e0a911baea599b647a
locked,breast_cancer_wisconsin,veto_mavs,random_feature_deletion,0.0,shadow,2,0.9473684210526315,0.0,573a48253042f497a22d280dfb9551b498fee265bea34f1d5d0e34446c95a417
locked,breast_cancer_wisconsin,pure_mavs_gc,random_feature_deletion,0.0,shadow,2,0.9473684210526315,0.0,0e44762df2a14753e8787845242e7112fb6c51e9286e4f726d0e856c8aced3c8
locked,breast_cancer_wisconsin,single_model,random_feature_deletion,0.05,primary,3,0.9532163742690059,0.0002735884545672172,be7a5712fa4ca723714af6222b6591708baf098603175b7b991c29cd4651ee2a
locked,breast_cancer_wisconsin,mean_ensemble,random_feature_deletion,0.05,primary,3,0.9532163742690059,6.839711364180474e-05,9a5d0b053dfd9ae2112a4331dac1e39ba7090d7d5fdaf970fbd452063b1c772b
locked,breast_cancer_wisconsin,static_weighted_ensemble,random_feature_deletion,0.05,primary,3,0.9532163742690059,0.0002735884545672172,43ee4b7374103b8e2033b71a26590264bb6212d85f5fb36f9e4a3592ccd9df4a
locked,breast_cancer_wisconsin,veto_mavs,random_feature_deletion,0.05,primary,3,0.9532163742690059,6.839711364180474e-05,60c0ddb5196fe06ecb41c4a326a597df740ef2f542340d64fb6b6a7fff0ed815
locked,breast_cancer_wisconsin,pure_mavs_gc,random_feature_deletion,0.05,primary,3,0.935672514619883,0.0002735884545672172,884ea289afe4e81306e37741f2584e4878ae948eca83f0389ec6b28b4eeecafe
locked,breast_cancer_wisconsin,single_model,random_feature_deletion,0.05,shadow,2,0.9385964912280702,7.694675284702936e-05,70a9d53590bc086a74adbd5b7e52293bd4526bf4ba63b3963aedebedbb240c4a
locked,breast_cancer_wisconsin,mean_ensemble,random_feature_deletion,0.05,shadow,2,0.956140350877193,7.694675284703034e-05,f441e85628620e331ef00094425beab029d30dcde8c1c7ad7ff71e59ef49a9ac
locked,breast_cancer_wisconsin,static_weighted_ensemble,random_feature_deletion,0.05,shadow,2,0.9385964912280702,7.694675284702936e-05,c0593cc940ca4aa8e6d58055cc88116fe5cebf884de3694d73580ba83fb61397
locked,breast_cancer_wisconsin,veto_mavs,random_feature_deletion,0.05,shadow,2,0.956140350877193,7.694675284703034e-05,671629182adc0538efc51c30113513887566c840e687908bcef57b4eee7c3e1e
locked,breast_cancer_wisconsin,pure_mavs_gc,random_feature_deletion,0.05,shadow,2,0.9298245614035088,0.0003077870113881194,1f1b3c4df1e8d7539b98552eb8091f38f0bb6231fa219e5f724aadcccd2f49a9
locked,breast_cancer_wisconsin,single_model,random_feature_deletion,0.1,primary,3,0.9590643274853801,6.839711364180474e-05,500f8cafbc23bcff468d84a3ce52ed49117196af6aba705ad215e630ca9aad11
locked,breast_cancer_wisconsin,mean_ensemble,random_feature_deletion,0.1,primary,3,0.9473684210526315,0.0,ae98d9fdc5d1b1ac2202b8dea0c6e76a62d8868eb2c78f5c2405225883942434
locked,breast_cancer_wisconsin,static_weighted_ensemble,random_feature_deletion,0.1,primary,3,0.9590643274853801,6.839711364180474e-05,00344ec901a3c6e4f6208474670c1811193743529f08d0fec61c235c6b9cb76a
locked,breast_cancer_wisconsin,veto_mavs,random_feature_deletion,0.1,primary,3,0.9473684210526315,0.0,aac2d58cd6f912f44b21a1a434f93dfe3efd7106cc10f457bf56662f956a2366
locked,breast_cancer_wisconsin,pure_mavs_gc,random_feature_deletion,0.1,primary,3,0.9473684210526315,0.0,c6981eaabd4bb74a2e5c4a11ecc1061378b6e8ce9a1bffb525ab0a62bcbb6d5a
locked,breast_cancer_wisconsin,single_model,random_feature_deletion,0.1,shadow,2,0.9649122807017544,0.0,041746beada0499262b35750820f56e0d2aaff06bb7d7a1e8dbf03586cbf57de
locked,breast_cancer_wisconsin,mean_ensemble,random_feature_deletion,0.1,shadow,2,0.9473684210526315,0.0,5b8e0bc5e8e06a819bbe800d536d36db17e591bccd6ca537207956f4f2533712
locked,breast_cancer_wisconsin,static_weighted_ensemble,random_feature_deletion,0.1,shadow,2,0.9649122807017544,0.0,73ba90c9b779c08acad3d92a06f66c772271090beda536ac5db190aff3b55f99
locked,breast_cancer_wisconsin,veto_mavs,random_feature_deletion,0.1,shadow,2,0.9473684210526315,0.0,7965db562ee69baa6c29b3cafd26e8ecbf0d2525946ca2b322f53b22ae1ef848
locked,breast_cancer_wisconsin,pure_mavs_gc,random_feature_deletion,0.1,shadow,2,0.956140350877193,7.694675284703034e-05,acb3fce363724ddac547096100089bc4738f37ed8fbc555420af38b9e1be55d9
locked,breast_cancer_wisconsin,single_model,random_feature_deletion,0.2,primary,3,0.9532163742690059,6.839711364180474e-05,210eead175366b12d5175e3ee05bfe57cbfd1b1d145b7adb2c5cd6edd352cfdf
locked,breast_cancer_wisconsin,mean_ensemble,random_feature_deletion,0.2,primary,3,0.935672514619883,6.839711364180387e-05,563708701e0e1edd95e66b0ba80763758a9f584558611ad7d162561e488f1716
locked,breast_cancer_wisconsin,static_weighted_ensemble,random_feature_deletion,0.2,primary,3,0.9532163742690059,6.839711364180474e-05,03641ec83041b41eb9e84011ef4679cbd19046336fc1b29e4cb003de282d7527
locked,breast_cancer_wisconsin,veto_mavs,random_feature_deletion,0.2,primary,3,0.935672514619883,6.839711364180387e-05,a122a4c55c86daa79b8f7bf324aa76973a2ceb22ca1218966b316f8c23a8f3e2
locked,breast_cancer_wisconsin,pure_mavs_gc,random_feature_deletion,0.2,primary,3,0.9298245614035088,0.00020519134092541295,962d416dfd0c9c376c1f25b73328b152ab83382684c3dd021d8831b8a4585db1
locked,breast_cancer_wisconsin,single_model,random_feature_deletion,0.2,shadow,2,0.956140350877193,7.694675284703034e-05,ffee885775b173164b073d35546d33a158671e27467efddae1efccf565b9193f
locked,breast_cancer_wisconsin,mean_ensemble,random_feature_deletion,0.2,shadow,2,0.9473684210526315,0.0,78c53126cb923ca42dddd088d889fcb964320507c9f637d321b656c32171c129
locked,breast_cancer_wisconsin,static_weighted_ensemble,random_feature_deletion,0.2,shadow,2,0.956140350877193,7.694675284703034e-05,3560fc168a5fd8a9e36620965feb8dc6d9ce5d841a056bec140f03ca9d87c4cd
locked,breast_cancer_wisconsin,veto_mavs,random_feature_deletion,0.2,shadow,2,0.9473684210526315,0.0,046c7a8418df2d1b5888b84dac0943745456254b4ad52f6a40f7a680ad8f7fe1
locked,breast_cancer_wisconsin,pure_mavs_gc,random_feature_deletion,0.2,shadow,2,0.9385964912280702,7.694675284702936e-05,8b7729fd9768365db4435574d746ec30356fbd2810acc2dbf0f7310270fbcb46
locked,breast_cancer_wisconsin,single_model,random_feature_deletion,0.4,primary,3,0.9239766081871345,6.839711364180474e-05,f335fe04c6fca041af9792f4054dbdb9f8da9adbc458dc0c48c793842ba91483
locked,breast_cancer_wisconsin,mean_ensemble,random_feature_deletion,0.4,primary,3,0.9064327485380117,0.0008891624773434557,cc0570f0f09f8f2c35033dc1467885603c4f60665484046f4183ed01231e184f
locked,breast_cancer_wisconsin,static_weighted_ensemble,random_feature_deletion,0.4,primary,3,0.9181286549707602,0.0002735884545672172,f6c623d0d4e319c79852102e77aa719686c9f2788e79d499909ec219c8f44996
locked,breast_cancer_wisconsin,veto_mavs,random_feature_deletion,0.4,primary,3,0.9064327485380117,0.0008891624773434557,4fc9f5da65ee033edf9ba436692438215b20f7738e0efccd9d482c9599afec12
locked,breast_cancer_wisconsin,pure_mavs_gc,random_feature_deletion,0.4,primary,3,0.9064327485380117,0.0008891624773434557,bd819765bd3c4ea5fee307cd2699a142b27e16b0542b64e08d3faa572eba19c6
locked,breast_cancer_wisconsin,single_model,random_feature_deletion,0.4,shadow,2,0.9122807017543859,0.0012311480455524776,e41aba3a61161926f3548d814e80ecba801b2cc7d7b1812c27772cabade72ec1
locked,breast_cancer_wisconsin,mean_ensemble,random_feature_deletion,0.4,shadow,2,0.9210526315789473,0.0006925207756232672,5b44081aa5c53b2c2d8f6029c64e187c54167249c9a6e0c83819a90d364f4a80
locked,breast_cancer_wisconsin,static_weighted_ensemble,random_feature_deletion,0.4,shadow,2,0.9210526315789473,0.0019236688211757486,6877b01f1b08ff62dacaffe67ad59cb7860a3b4a75e9c6c7f74c9180bec71675
locked,breast_cancer_wisconsin,veto_mavs,random_feature_deletion,0.4,shadow,2,0.9210526315789473,0.0006925207756232672,df90c39c968f69e49a8266cd1ba945d4515d13e43545909f3c1d6b17078f76c3
locked,breast_cancer_wisconsin,pure_mavs_gc,random_feature_deletion,0.4,shadow,2,0.8947368421052632,0.0,6f653cc1d3cd060cf5083b50c7a65a8293279038a14e42ac8d210cd8b94e3b1f
locked,breast_cancer_wisconsin,single_model,random_feature_deletion,0.6,primary,3,0.9064327485380117,0.0008891624773434557,ea138e71025efa13695c97a66fe89212a01238f58711f546a9972e0dc29910ca
locked,breast_cancer_wisconsin,mean_ensemble,random_feature_deletion,0.6,primary,3,0.9239766081871345,0.0004787797954926293,f8c83dfce036d7fa4b54fe0ba2f14c924a21da4b209b46568f5056829fec01af
locked,breast_cancer_wisconsin,static_weighted_ensemble,random_feature_deletion,0.6,primary,3,0.9064327485380117,0.0002735884545672172,a60fa5a8585a2832b2b27e5cbdf89cb594403d80aca66e12ce91f06e1f1d0a43
locked,breast_cancer_wisconsin,veto_mavs,random_feature_deletion,0.6,primary,3,0.9239766081871345,0.0004787797954926293,1eb65e0c56481d1b1e7d587dfe82c22e696f1c5c3dde3a158948996a2414a995
locked,breast_cancer_wisconsin,pure_mavs_gc,random_feature_deletion,0.6,primary,3,0.8830409356725146,0.0002735884545672172,b3ffd694bb4a0da5a2bbd5368766e24248f0ae3f70d700a6d3b3b07561346736
locked,breast_cancer_wisconsin,single_model,random_feature_deletion,0.6,shadow,2,0.894736842105263,0.0003077870113881194,9eb606c22df110ee002d108ff3bada73f8f66f8183b19ba42164b43b0fd9cb2a
locked,breast_cancer_wisconsin,mean_ensemble,random_feature_deletion,0.6,shadow,2,0.8771929824561404,0.0003077870113881194,86ffef2c7c99ab4cb28b9b4535bf3741d72f05fc521038b6f3284f95f2b4f916
locked,breast_cancer_wisconsin,static_weighted_ensemble,random_feature_deletion,0.6,shadow,2,0.894736842105263,0.0003077870113881194,3638748990db791a033ccb07d5cbbefb985c7528669dde655a67aeb5174cb808
locked,breast_cancer_wisconsin,veto_mavs,random_feature_deletion,0.6,shadow,2,0.8771929824561404,0.0003077870113881194,54b74b74d47903e49d55ef8bcb603a09b811e7d0b1d5abb432eb03ae79a8f20c
locked,breast_cancer_wisconsin,pure_mavs_gc,random_feature_deletion,0.6,shadow,2,0.8859649122807017,7.694675284703034e-05,8eb57a85a6c1f0307932f2d844024030f341666b7670ade67d8997ed511807bf
locked,breast_cancer_wisconsin,single_model,random_feature_deletion,0.8,primary,3,0.8713450292397661,0.00335145856844841,78d8fe29c7f9248896dbc72fbe35a2342a05e2b1706f7fd7f3c05a55a4ced37e
locked,breast_cancer_wisconsin,mean_ensemble,random_feature_deletion,0.8,primary,3,0.8596491228070176,0.004309018159433674,d4b3f70f3884385bc10e0b5d3e6eff82f681461db0695f75331193e96bd34e17
locked,breast_cancer_wisconsin,static_weighted_ensemble,random_feature_deletion,0.8,primary,3,0.8654970760233918,0.0035566499093738235,67715981a8bb25bfea288c846f9d8df3294d796ca940de01f2740074012f7caa
locked,breast_cancer_wisconsin,veto_mavs,random_feature_deletion,0.8,primary,3,0.8596491228070176,0.004309018159433674,6451d3077b893ae002341dc8882e30d9bf907b70688241008b344917bac2361e
locked,breast_cancer_wisconsin,pure_mavs_gc,random_feature_deletion,0.8,primary,3,0.7953216374269005,0.013405834273793644,9781c01983ee8f256996a35258862b64438fce37b14bf74dd86e6c31e0359278
locked,breast_cancer_wisconsin,single_model,random_feature_deletion,0.8,shadow,2,0.894736842105263,0.0003077870113881194,f749210336e13af1bc8b4dfcc66aab257fae04ba5863e8ae4c1b52c8713d655f
locked,breast_cancer_wisconsin,mean_ensemble,random_feature_deletion,0.8,shadow,2,0.8333333333333333,0.0006925207756232701,5380b5e525395c67adf1f0f09329a088c2e5054a6ca5d342f9a60b0ca11e82e0
locked,breast_cancer_wisconsin,static_weighted_ensemble,random_feature_deletion,0.8,shadow,2,0.8947368421052632,0.0012311480455524776,c61e714d1102faea0c61d54272194374c333131cf22c55ccd3a49a4325d438da
locked,breast_cancer_wisconsin,veto_mavs,random_feature_deletion,0.8,shadow,2,0.8333333333333333,0.0006925207756232701,91e24a557dd3a9efef8e554e558828a0b19e5445cb13654f6148744da14f7e19
locked,breast_cancer_wisconsin,pure_mavs_gc,random_feature_deletion,0.8,shadow,2,0.8070175438596491,0.0,c9f70ef856db163292db126a60ae75bb4aba1461f53f8b5ba22d31554d471638
locked,breast_cancer_wisconsin,single_model,random_feature_deletion,1.0,primary,3,0.631578947368421,0.0,97c9d619137840a400abcb657d7653c58ff5dfe6c30f308a624969e7dba68e85
locked,breast_cancer_wisconsin,mean_ensemble,random_feature_deletion,1.0,primary,3,0.631578947368421,0.0,29cb4d987d3727a8a7953c4452c516cc019a7a4b7507f52ce24291ce387f77a4
locked,breast_cancer_wisconsin,static_weighted_ensemble,random_feature_deletion,1.0,primary,3,0.631578947368421,0.0,95bce154c4404eaa2c90056205852182a3ebfc46a1e62408de2363ccfd4053e7
locked,breast_cancer_wisconsin,veto_mavs,random_feature_deletion,1.0,primary,3,0.631578947368421,0.0,a9b881e33f45e5222f72f1c8e2f39e681961e6149d662562dbe39ad6fc6c299c
locked,breast_cancer_wisconsin,pure_mavs_gc,random_feature_deletion,1.0,primary,3,0.631578947368421,0.0,220a9ef63e745ac36a22cf6766f19795b774d12174f8e98361b263822eeee0e8
locked,breast_cancer_wisconsin,single_model,random_feature_deletion,1.0,shadow,2,0.631578947368421,0.0,437a72e9d4fcb583788f81a533bc4e8a23dc8e324f1491c0f0035b83229b8d1b
locked,breast_cancer_wisconsin,mean_ensemble,random_feature_deletion,1.0,shadow,2,0.631578947368421,0.0,a5aa426e578037368a67199b76ba8936be8efa516c93dc841cb3bcf9af2c7eac
locked,breast_cancer_wisconsin,static_weighted_ensemble,random_feature_deletion,1.0,shadow,2,0.631578947368421,0.0,de170c0d1db9cc7db42368a3a7d0494dae78bdc8cd0e10f1e5c5f86135a5cfbc
locked,breast_cancer_wisconsin,veto_mavs,random_feature_deletion,1.0,shadow,2,0.631578947368421,0.0,df9a50d42c8312cfab7697157ac078b0520a144a490b13acdcec5685e75f60c8
locked,breast_cancer_wisconsin,pure_mavs_gc,random_feature_deletion,1.0,shadow,2,0.631578947368421,0.0,acd36fd3914b74f04684d26485fd827e465951d3ce38b84e51026d7b3f42b8fd
locked,breast_cancer_wisconsin,single_model,label_noise,0.0,primary,3,0.9649122807017544,0.0,7daa0b1bb84d27c03be2ba2f30d1588be55da1871e20659f2a111e20f6d49647
locked,breast_cancer_wisconsin,mean_ensemble,label_noise,0.0,primary,3,0.9473684210526315,0.0,5577c4b51f051db9d3c37dc411c0d3600b7c5ebbd637f00fff4ea29f823da07c
locked,breast_cancer_wisconsin,static_weighted_ensemble,label_noise,0.0,primary,3,0.9649122807017544,0.0,4bfd5efe7ab807707ac68ad6e5b121a7add88ce8c6f89fe82d84e38c5633d141
locked,breast_cancer_wisconsin,veto_mavs,label_noise,0.0,primary,3,0.9473684210526315,0.0,883f7424cb9e526d2873542cbc42f47a0001a3f2191f6ab0ff8b8c2525502d1b
locked,breast_cancer_wisconsin,pure_mavs_gc,label_noise,0.0,primary,3,0.9473684210526315,0.0,d7c2a519d323d361e8b07ab0304b5b5d2b5f7899995633b4d475b25cbb80fb02
locked,breast_cancer_wisconsin,single_model,label_noise,0.0,shadow,2,0.9649122807017544,0.0,4d09f1ee902cc34bebb0b5b411297b61a54f7e2a93c8e4c9752240deea298400
locked,breast_cancer_wisconsin,mean_ensemble,label_noise,0.0,shadow,2,0.9473684210526315,0.0,590acc3ec49d0bf4909fbff8e5450cb89e02d701dc7969579217c4643c9577ff
locked,breast_cancer_wisconsin,static_weighted_ensemble,label_noise,0.0,shadow,2,0.9649122807017544,0.0,b5840756a35c2d8af366529c75ed3c18316fb2223304f6ba5742eb755c3e567d
locked,breast_cancer_wisconsin,veto_mavs,label_noise,0.0,shadow,2,0.9473684210526315,0.0,62e93c2b08b35c4556d85edb26a1d55c9d58bf35046be158f594ed5af0c4dd67
locked,breast_cancer_wisconsin,pure_mavs_gc,label_noise,0.0,shadow,2,0.9473684210526315,0.0,e6b8997830ad5d79de5b011d95fecdc1b909a1767d23bfb1c622c76f675b3816
locked,breast_cancer_wisconsin,single_model,label_noise,0.05,primary,3,0.9649122807017544,0.0,ee996bea03cdb81bfac765403c7ce0cefb36888f560704ff8b2677772886419a
locked,breast_cancer_wisconsin,mean_ensemble,label_noise,0.05,primary,3,0.9473684210526315,0.0,396327904cf1a77dd4d5b53d6cc0a623bbfa5bfcf17b28d5b3404e2bf6df5974
locked,breast_cancer_wisconsin,static_weighted_ensemble,label_noise,0.05,primary,3,0.9649122807017544,0.0,509bb88f5774d48755875ead675cf624576d97d714cd289304761f41d2adcd31
locked,breast_cancer_wisconsin,veto_mavs,label_noise,0.05,primary,3,0.9473684210526315,0.0,88c548bfa7d814d32374183b574b9efb3a4ed22122070ccfe022c7b567376346
locked,breast_cancer_wisconsin,pure_mavs_gc,label_noise,0.05,primary,3,0.9473684210526315,0.0,48be2ff78e5a99c14c20d6bfd59cd7a4edf491b61ee5b41e019e6ff3fc197adc
locked,breast_cancer_wisconsin,single_model,label_noise,0.05,shadow,2,0.9649122807017544,0.0,7a7dcecd71643f500d1f44cda511a4023e0aebc3a43bd35452ff45e01e22bad6
locked,breast_cancer_wisconsin,mean_ensemble,label_noise,0.05,shadow,2,0.9473684210526315,0.0,65a93a14b2cb374dd1f7989359c35c122c48a6861f1e66a7066704a50d6ca6ee
locked,breast_cancer_wisconsin,static_weighted_ensemble,label_noise,0.05,shadow,2,0.9649122807017544,0.0,77534c7118407f9484c98235212e580bf1a9f58f9e54a66e93e3e99454ec2b91
locked,breast_cancer_wisconsin,veto_mavs,label_noise,0.05,shadow,2,0.9473684210526315,0.0,e259eb7b719c0e2300bfe95ad4b3dcdd045a603c13babe0685fbabee5850efed
locked,breast_cancer_wisconsin,pure_mavs_gc,label_noise,0.05,shadow,2,0.9473684210526315,0.0,fb8cb4d297304a5813a89de8b6ae57b7869f1677bbb25c45fa089825a415e81e
locked,breast_cancer_wisconsin,single_model,label_noise,0.1,primary,3,0.9649122807017544,0.0,e13a765d3c51d7131712a7bc6e760586d138e3846ee51777f87cf1bec12fd734
locked,breast_cancer_wisconsin,mean_ensemble,label_noise,0.1,primary,3,0.9473684210526315,0.0,c808661cfdaf7e9d5d2e796460718891e109ef0209f3e84e15e3ac751fd794ce
locked,breast_cancer_wisconsin,static_weighted_ensemble,label_noise,0.1,primary,3,0.9649122807017544,0.0,6ed00cd8fb2df3bffee94746cacac302fa2bd7eb211b6b6ca4a7c7747f841147
locked,breast_cancer_wisconsin,veto_mavs,label_noise,0.1,primary,3,0.9473684210526315,0.0,afb7bd36e79de471544d983800de3bbdbf669112ac338fa996443f368b6757cd
locked,breast_cancer_wisconsin,pure_mavs_gc,label_noise,0.1,primary,3,0.9473684210526315,0.0,959e9e2317732794accb75625da52b5184db7f9492c90fe5e3fbca94a78ea849
locked,breast_cancer_wisconsin,single_model,label_noise,0.1,shadow,2,0.9649122807017544,0.0,11635fd2eb793602c8f6ba064164f77f90d3287a6fa995dc24730833a20b042a
locked,breast_cancer_wisconsin,mean_ensemble,label_noise,0.1,shadow,2,0.9473684210526315,0.0,09a52e85576d1d8997c09a9adb6b253c6349994135410c289e25eacba9e0eb44
locked,breast_cancer_wisconsin,static_weighted_ensemble,label_noise,0.1,shadow,2,0.9649122807017544,0.0,379d0a57382eed7c66da133fc8615cb69f1225bd5fe84b78008aa1aea67f78e4
locked,breast_cancer_wisconsin,veto_mavs,label_noise,0.1,shadow,2,0.9473684210526315,0.0,a023dfe2674d1a81550d89de6ba728072c487f97c5a4f387f96ccd27f446cbb8
locked,breast_cancer_wisconsin,pure_mavs_gc,label_noise,0.1,shadow,2,0.9473684210526315,0.0,fbfbbddb3ed20001417f34b096eaad7e8dd1be1a5af57f864a6e91625fc6d79f
locked,breast_cancer_wisconsin,single_model,label_noise,0.2,primary,3,0.9649122807017544,0.0,e2b660689044c9dcb7226bc93aadd1ee862d2f4514e7551a34d21290d50bc745
locked,breast_cancer_wisconsin,mean_ensemble,label_noise,0.2,primary,3,0.9473684210526315,0.0,b656a281bb02d9ab5bd6efa4de0818be3ad4278399b5c784f39cae4fdd1158a5
locked,breast_cancer_wisconsin,static_weighted_ensemble,label_noise,0.2,primary,3,0.9649122807017544,0.0,a7f694f1a3e5ff144923c598814a2bb9917e83225260497be894b4b3f5b1d57e
locked,breast_cancer_wisconsin,veto_mavs,label_noise,0.2,primary,3,0.9473684210526315,0.0,b7f48f6ad768bc5d40fe6e3f4cded96a38d7d81733f8bc48f93e3e1de2ab3991
locked,breast_cancer_wisconsin,pure_mavs_gc,label_noise,0.2,primary,3,0.9473684210526315,0.0,e26d39a7f375cbd1e9c2e7154204f1501daccd13ada8ea9eaebc80461aa8d385
locked,breast_cancer_wisconsin,single_model,label_noise,0.2,shadow,2,0.9649122807017544,0.0,ad16f07d60065cb1daefc20f302324856bf1ed8866c7ff235adc663ad7b636b0
locked,breast_cancer_wisconsin,mean_ensemble,label_noise,0.2,shadow,2,0.9473684210526315,0.0,e7ee22d7b91b025c60857ae8a3585975727b0d62d2ba59945f79fe5a8a4fd0e6
locked,breast_cancer_wisconsin,static_weighted_ensemble,label_noise,0.2,shadow,2,0.9649122807017544,0.0,384d8d1afa332c093ee63d79b467cebb51ded3481e5c7959ef81c975dd9df2ee
locked,breast_cancer_wisconsin,veto_mavs,label_noise,0.2,shadow,2,0.9473684210526315,0.0,c5415ec8dd2cd4d1814810f1674d2fb95d8a47ce579ca842dd8a89d50cfc53ce
locked,breast_cancer_wisconsin,pure_mavs_gc,label_noise,0.2,shadow,2,0.9473684210526315,0.0,f09d8b06695630422d89ea64e292833bddc420e0379b93c3c08cb36331c04480
locked,breast_cancer_wisconsin,single_model,label_noise,0.4,primary,3,0.9649122807017544,0.0,403d8a842250c709f1232ccdae15ce8936af7bf36fbe0e4969f58a78710ee8ef
locked,breast_cancer_wisconsin,mean_ensemble,label_noise,0.4,primary,3,0.9473684210526315,0.0,cc72174e856c04835170735dbc6e2dd8ddc4d5cf647e443f92a87e653fc3e2c1
locked,breast_cancer_wisconsin,static_weighted_ensemble,label_noise,0.4,primary,3,0.9649122807017544,0.0,57ff8ee4fb83e0f82b6e96f2073729bde24db57c347e36823eece29063c27526
locked,breast_cancer_wisconsin,veto_mavs,label_noise,0.4,primary,3,0.9473684210526315,0.0,70c1bdb0c1409f8cd3556d0ae8fb4cc49c0f6b32bcabb0189d7a2202e7577361
locked,breast_cancer_wisconsin,pure_mavs_gc,label_noise,0.4,primary,3,0.9473684210526315,0.0,821b082fd777f4a3453222e8271e410edc582b0bdacd28a48db3b43725e35181
locked,breast_cancer_wisconsin,single_model,label_noise,0.4,shadow,2,0.9649122807017544,0.0,4807c0f0847d336318f0edaff142e07b00b11c3c3198a69405a32401975b70f2
locked,breast_cancer_wisconsin,mean_ensemble,label_noise,0.4,shadow,2,0.9473684210526315,0.0,95b8aa20504eeed4cb0f6043e17d9303d61aa81703e2c3b14c26bce9bda84a91
locked,breast_cancer_wisconsin,static_weighted_ensemble,label_noise,0.4,shadow,2,0.9649122807017544,0.0,34bc08def34d91b9fa17f16b5830f10ab1a68cdad80cb9fca68ce2afef539daa
locked,breast_cancer_wisconsin,veto_mavs,label_noise,0.4,shadow,2,0.9473684210526315,0.0,ff073dd749f45fe34718e332df4400013f2a8cd3743dfeee2fed84c8a8bbfd2a
locked,breast_cancer_wisconsin,pure_mavs_gc,label_noise,0.4,shadow,2,0.9473684210526315,0.0,28530d85bd62a8af702d58c0aff4ceb5560158a0041195459bd3a51aa3aeb612
locked,breast_cancer_wisconsin,single_model,label_noise,0.6,primary,3,0.9649122807017544,0.0,7d2ae9b973321da7dbd9cb50e5d15b4accfa21f126937ebcd07015c187192399
locked,breast_cancer_wisconsin,mean_ensemble,label_noise,0.6,primary,3,0.9473684210526315,0.0,0f45c7fd2032ed3ca103887dd8e57a6cd1fd27f056c50e19e9c5cafdd900f28a
locked,breast_cancer_wisconsin,static_weighted_ensemble,label_noise,0.6,primary,3,0.9649122807017544,0.0,c0673c0189f35c44cde9d93d54cd56041bc327f03e1e568d369eb9436f87d130
locked,breast_cancer_wisconsin,veto_mavs,label_noise,0.6,primary,3,0.9473684210526315,0.0,950117769faf11e6d3702ceda9ee3622c3e609eeddba4a96123907c51f0db219
locked,breast_cancer_wisconsin,pure_mavs_gc,label_noise,0.6,primary,3,0.9473684210526315,0.0,6a6c6f046f9fd786b7fceece393dcad2fcc044c5ef83a07fd38692044dfc9091
locked,breast_cancer_wisconsin,single_model,label_noise,0.6,shadow,2,0.9649122807017544,0.0,d9635570dfdced6c8af8583b239b57facc50d01dc9ca273a54fe4b167430e10a
locked,breast_cancer_wisconsin,mean_ensemble,label_noise,0.6,shadow,2,0.9473684210526315,0.0,0dc360ef80c00fe33ed2683bdf32cb93052f7a8c8bb0eafec50207344a383c7e
locked,breast_cancer_wisconsin,static_weighted_ensemble,label_noise,0.6,shadow,2,0.9649122807017544,0.0,63be63fff9a22c610294b43e2fe8f7db07aa85c664411299287fdb07217bd4c2
locked,breast_cancer_wisconsin,veto_mavs,label_noise,0.6,shadow,2,0.9473684210526315,0.0,8f5486876e4233a50352231bcd66e97be30599decf88500402d1ebbb568cc308
locked,breast_cancer_wisconsin,pure_mavs_gc,label_noise,0.6,shadow,2,0.9473684210526315,0.0,a0d236ed6116db5021f054475d3dee038eef50642d133e907e5064f8d8ced036
locked,breast_cancer_wisconsin,single_model,label_noise,0.8,primary,3,0.9649122807017544,0.0,8187e6eeb941c08c4ab2e51bf9b4adfe47a080d29a3a2a1b83e251dcd1d587d2
locked,breast_cancer_wisconsin,mean_ensemble,label_noise,0.8,primary,3,0.9473684210526315,0.0,c183f26d49190abdfa9d24bc8d723a1d6af8cc357c540eb739ea0963a0aa070d
locked,breast_cancer_wisconsin,static_weighted_ensemble,label_noise,0.8,primary,3,0.9649122807017544,0.0,8109b6b8697d7d4dcb0845c6470326e4fe8737b69ed270c42bc3334f4cb6e188
locked,breast_cancer_wisconsin,veto_mavs,label_noise,0.8,primary,3,0.9473684210526315,0.0,2ee2ea76cd78f8edea58a77bd7e70d3e8c1b4927df67f371e649fdd0a473afc8
locked,breast_cancer_wisconsin,pure_mavs_gc,label_noise,0.8,primary,3,0.9473684210526315,0.0,044e978f17077e531dd26d800e9bdbf84830fa7ac43462ca8c637cc1e69083ed
locked,breast_cancer_wisconsin,single_model,label_noise,0.8,shadow,2,0.9649122807017544,0.0,6c7aaa1905e604e0b6d5fa998315fa885c8dd979759a299a6926c76826ce4d48
locked,breast_cancer_wisconsin,mean_ensemble,label_noise,0.8,shadow,2,0.9473684210526315,0.0,ff4ead8626b35f09086b16617bc00e02c228279cff70ad895077a536efbb2199
locked,breast_cancer_wisconsin,static_weighted_ensemble,label_noise,0.8,shadow,2,0.9649122807017544,0.0,d0f8ee90cfea6f2006698bc982b6a331f1c2dcbbd83137c5a4a7922d5f05630c
locked,breast_cancer_wisconsin,veto_mavs,label_noise,0.8,shadow,2,0.9473684210526315,0.0,1e57a2be32561a3039e8fd76e2009c4dbc3eb7de1dcc685ea6847d3af62937ae
locked,breast_cancer_wisconsin,pure_mavs_gc,label_noise,0.8,shadow,2,0.9473684210526315,0.0,a1d7bf8eaa8b7024dbdfb62c3942f6f3c69ae21f93dff185bee059934a7e1830
locked,breast_cancer_wisconsin,single_model,label_noise,1.0,primary,3,0.9649122807017544,0.0,acd15d4f1eb0366185920506534870971d60d89c198521d3deb1d6c4b47b788d
locked,breast_cancer_wisconsin,mean_ensemble,label_noise,1.0,primary,3,0.9473684210526315,0.0,d7d59df78e4adf9e12e7a62271855aad5548324735aa64479f1cd4e5548aff55
locked,breast_cancer_wisconsin,static_weighted_ensemble,label_noise,1.0,primary,3,0.9649122807017544,0.0,138187a4e83510c496004f42ca27d2777ab42e5a1efab7e6f41b835cd84d3d38
locked,breast_cancer_wisconsin,veto_mavs,label_noise,1.0,primary,3,0.9473684210526315,0.0,6945531731c41801fcede2262d040919811fd3bb74da7929aa74a31b1419dbb4
locked,breast_cancer_wisconsin,pure_mavs_gc,label_noise,1.0,primary,3,0.9473684210526315,0.0,081bc712640a86a2eac48cd85e67916e28a5579151d25a057dbb451658f31455
locked,breast_cancer_wisconsin,single_model,label_noise,1.0,shadow,2,0.9649122807017544,0.0,35396f3dfc21c490829772f75ea549612592d4c332f90f4bada64db5374ad3d1
locked,breast_cancer_wisconsin,mean_ensemble,label_noise,1.0,shadow,2,0.9473684210526315,0.0,6095f684f44bb3af8476001bd8737b39d84d86fc3aa1b5b7aff6fde0abb9a0f7
locked,breast_cancer_wisconsin,static_weighted_ensemble,label_noise,1.0,shadow,2,0.9649122807017544,0.0,6c46c06295fbfb9ac6fef9c9e9c72785f24d078dd246d19e7773b2f857af2845
locked,breast_cancer_wisconsin,veto_mavs,label_noise,1.0,shadow,2,0.9473684210526315,0.0,1536332ec3c44149e7aefc194e8a8113c672db83863bae116ce596a1373629be
locked,breast_cancer_wisconsin,pure_mavs_gc,label_noise,1.0,shadow,2,0.9473684210526315,0.0,dd89654cf92e30b29db1a737da528a647cc112ffe1ea1200983ad4697fe51555
locked,breast_cancer_wisconsin,single_model,confidence_distortion,0.0,primary,3,0.9649122807017544,0.0,ee64b942fc827bf32dd3ba0801d92b70ffc0a00c113e6ba03e1be81ab0fe79e9
locked,breast_cancer_wisconsin,mean_ensemble,confidence_distortion,0.0,primary,3,0.9473684210526315,0.0,9d0bfe04e3c2e51cc08d2e15e2b326607080c8364693faddfa2fb22ec540829d
locked,breast_cancer_wisconsin,static_weighted_ensemble,confidence_distortion,0.0,primary,3,0.9649122807017544,0.0,8c596e962a82aeb454587893269f71543083e821ff06219314a73c3d40377c13
locked,breast_cancer_wisconsin,veto_mavs,confidence_distortion,0.0,primary,3,0.9473684210526315,0.0,84ad186cf4137820ad386fd1d0a52af8504bd1cd1cb23e4704303407716672e2
locked,breast_cancer_wisconsin,pure_mavs_gc,confidence_distortion,0.0,primary,3,0.9473684210526315,0.0,72f3aeaa9987ef7b964cfd3b0893e6a2c17a1885c77833404c153ed8e2dd3245
locked,breast_cancer_wisconsin,single_model,confidence_distortion,0.0,shadow,2,0.9649122807017544,0.0,937c53fb3269432bb0baf73d96765db7cbf7f845262b45f19eb1b54b39577eea
locked,breast_cancer_wisconsin,mean_ensemble,confidence_distortion,0.0,shadow,2,0.9473684210526315,0.0,8e4b27c492e3649fffdfdca23da39b98e87e283e293fb82e999eb340777ee5a4
locked,breast_cancer_wisconsin,static_weighted_ensemble,confidence_distortion,0.0,shadow,2,0.9649122807017544,0.0,9d7360d2501b9cd12c94749361c88628b82c44953fa4b563b27dcc2d545c8aeb
locked,breast_cancer_wisconsin,veto_mavs,confidence_distortion,0.0,shadow,2,0.9473684210526315,0.0,eaa883f7478522b53955e4621213bd79672e78a8200ce97cc2fc25741f13ce66
locked,breast_cancer_wisconsin,pure_mavs_gc,confidence_distortion,0.0,shadow,2,0.9473684210526315,0.0,339c8d3fbb305049be9da16d6b48d7118672db4f2c65e6becb372d9ade706a1d
locked,breast_cancer_wisconsin,single_model,confidence_distortion,0.05,primary,3,0.9649122807017544,0.0,270cfa7821c0f1877acacdde42c17f36aec0fb6799b60c953239c8e99fd7a111
locked,breast_cancer_wisconsin,mean_ensemble,confidence_distortion,0.05,primary,3,0.9473684210526315,0.0,426dc1ca5529b596b8704bd0529989055d05af39b44a53b38333e827ecabfa0b
locked,breast_cancer_wisconsin,static_weighted_ensemble,confidence_distortion,0.05,primary,3,0.9649122807017544,0.0,e8ad34dc87c412b0003a0302994d3489523f09b4041443c31675263d0ab0e963
locked,breast_cancer_wisconsin,veto_mavs,confidence_distortion,0.05,primary,3,0.9473684210526315,0.0,b6e2f36ed55df2a12a3792faa68c5643cdda852d6e1631455df3becc2f199a69
locked,breast_cancer_wisconsin,pure_mavs_gc,confidence_distortion,0.05,primary,3,0.9473684210526315,0.0,7492ebdd445b78142d03bcb8ed61a76b613240ed5c9fee72850e050706b9a67c
locked,breast_cancer_wisconsin,single_model,confidence_distortion,0.05,shadow,2,0.9649122807017544,0.0,44a767e89483248bad128c8754cfdd918402b7166cc84231ae5236ac11ddcc7b
locked,breast_cancer_wisconsin,mean_ensemble,confidence_distortion,0.05,shadow,2,0.9473684210526315,0.0,f524b46dc8949230c77a9b3751cb480fe60b1a555c546df930e312ee9c7aa1fc
locked,breast_cancer_wisconsin,static_weighted_ensemble,confidence_distortion,0.05,shadow,2,0.9649122807017544,0.0,8f06827235027d97cfa26d1917f078b41bdf77a426e5d3d79069ffd47a93befd
locked,breast_cancer_wisconsin,veto_mavs,confidence_distortion,0.05,shadow,2,0.9473684210526315,0.0,18c30f9f5a9f82dc484942d878cddd858f7a3bac2f76ecf27db4d3f678e17f0a
locked,breast_cancer_wisconsin,pure_mavs_gc,confidence_distortion,0.05,shadow,2,0.9473684210526315,0.0,8865834362ac6389eb4dd12b373219ff46da66582a5e683fe22174f11dc5683e
locked,breast_cancer_wisconsin,single_model,confidence_distortion,0.1,primary,3,0.9649122807017544,0.0,652e663af05fa7bcb063f0458aa99a6fb46f79d5085b8015e645b177afde4f08
locked,breast_cancer_wisconsin,mean_ensemble,confidence_distortion,0.1,primary,3,0.9473684210526315,0.0,66973ba94e15f1824e1f7db9497a6c22367b016b155111fff64763e64a6cf89f
locked,breast_cancer_wisconsin,static_weighted_ensemble,confidence_distortion,0.1,primary,3,0.9649122807017544,0.0,ab34a1e472d9d3d686194ea9d76a5b3b18854f110c88beaf5c53e0ed396eef6b
locked,breast_cancer_wisconsin,veto_mavs,confidence_distortion,0.1,primary,3,0.9473684210526315,0.0,6e6313f60b148a43a740c7680e1c5b3a6a99d04516b76fb94344c2bbca7b865f
locked,breast_cancer_wisconsin,pure_mavs_gc,confidence_distortion,0.1,primary,3,0.9473684210526315,0.0,46952e5965c3b1dc34e331de75d0ad62921cf486870ecd0d8ecc38896675877e
locked,breast_cancer_wisconsin,single_model,confidence_distortion,0.1,shadow,2,0.9649122807017544,0.0,c3c25aa57eabbb4abeeea64a6736104a8999eacebeb623e3dd1703d964d880c1
locked,breast_cancer_wisconsin,mean_ensemble,confidence_distortion,0.1,shadow,2,0.9473684210526315,0.0,b1c309815af161f2c95b88c02b951db9481f306c5f408eee27fb9f97718b3169
locked,breast_cancer_wisconsin,static_weighted_ensemble,confidence_distortion,0.1,shadow,2,0.9649122807017544,0.0,7e50cbd3c05641e6a67f9414d138bd29510468caadeb9ea38805b3088b3b126a
locked,breast_cancer_wisconsin,veto_mavs,confidence_distortion,0.1,shadow,2,0.9473684210526315,0.0,f2b2592dc0ffda51abc956357d49f679b3da224e2ca7205fc1afc16420a0ea2f
locked,breast_cancer_wisconsin,pure_mavs_gc,confidence_distortion,0.1,shadow,2,0.9473684210526315,0.0,be1594362013d5257b9daa8c6c7d795f0305eb7fcdfe99f514577355f0e4231b
locked,breast_cancer_wisconsin,single_model,confidence_distortion,0.2,primary,3,0.9649122807017544,0.0,d6118111554e94753c75bf05f68b3fc74ca8590fcf59da696d32e07994e2602c
locked,breast_cancer_wisconsin,mean_ensemble,confidence_distortion,0.2,primary,3,0.9473684210526315,0.0,e9ef9816b94aa5f67430fa3f21f820de957eda62b48be16e47442bf265762ba9
locked,breast_cancer_wisconsin,static_weighted_ensemble,confidence_distortion,0.2,primary,3,0.9649122807017544,0.0,b6cb3e57597d0073ec6aa034167931ea39c56a4ab45da0f21ae5e0f57287c2c5
locked,breast_cancer_wisconsin,veto_mavs,confidence_distortion,0.2,primary,3,0.9473684210526315,0.0,773ee0fe68fe9c1d2cc12d3024c649865fe5fc7fae997fbd786826cdd2bcee43
locked,breast_cancer_wisconsin,pure_mavs_gc,confidence_distortion,0.2,primary,3,0.9649122807017544,0.0,8640bfa53e2094f68ea588656651a307a241bc37a2a0f18928052600d1c58d29
locked,breast_cancer_wisconsin,single_model,confidence_distortion,0.2,shadow,2,0.9649122807017544,0.0,89c5d907b4f4791d8a3bbc3f2ca1ced20bb7f3e50eea18bbb5a12e4f9996f789
locked,breast_cancer_wisconsin,mean_ensemble,confidence_distortion,0.2,shadow,2,0.9473684210526315,0.0,238fafd8576d358738b04c160dffd01101cabcf05ee2b72419e0566193249183
locked,breast_cancer_wisconsin,static_weighted_ensemble,confidence_distortion,0.2,shadow,2,0.9649122807017544,0.0,1774b3c0cf54ab612b222d81338976f26fffbf7677b777c02a800bbb4400ed79
locked,breast_cancer_wisconsin,veto_mavs,confidence_distortion,0.2,shadow,2,0.9473684210526315,0.0,1af3e701108ced15b4911a4b9a5d79abb6f1c7d541aa7db524d3ede5f894cb90
locked,breast_cancer_wisconsin,pure_mavs_gc,confidence_distortion,0.2,shadow,2,0.9649122807017544,0.0,2244c71f2934fbe2a1fc5856b63053c8b70d71c836fbb65c6a0cf53121a95655
locked,breast_cancer_wisconsin,single_model,confidence_distortion,0.4,primary,3,0.9649122807017544,0.0,f64af144e755c3edba7fd5052524a737c3a3407a6dd634aaa430c4201a358aa0
locked,breast_cancer_wisconsin,mean_ensemble,confidence_distortion,0.4,primary,3,0.9473684210526315,0.0,df00deed1b155502540f48905117cbfe7b3bfac18fe3819cd743a1298f2daade
locked,breast_cancer_wisconsin,static_weighted_ensemble,confidence_distortion,0.4,primary,3,0.9649122807017544,0.0,264fea9e3458d32d13d799d539d215bc295b2c6abe99de23269ae5f348473b90
locked,breast_cancer_wisconsin,veto_mavs,confidence_distortion,0.4,primary,3,0.9473684210526315,0.0,3edda8a967cd626da5daddd952745f3069f7e495129952a5fd2edc710010c62f
locked,breast_cancer_wisconsin,pure_mavs_gc,confidence_distortion,0.4,primary,3,0.9473684210526315,0.0,b7985a74b9f044bd8352d3ea98f6961ec325efb0daf548c645a0a896dddbd46f
locked,breast_cancer_wisconsin,single_model,confidence_distortion,0.4,shadow,2,0.9649122807017544,0.0,6a5d288975cee44e8038896568e9aa71c9019a9b3b34c48a5c29e7456b7c3e05
locked,breast_cancer_wisconsin,mean_ensemble,confidence_distortion,0.4,shadow,2,0.9473684210526315,0.0,bc21e32522d4d41c1aa051bf468ac2eb21ab97d83ffd25438c2f4f9cc57dc318
locked,breast_cancer_wisconsin,static_weighted_ensemble,confidence_distortion,0.4,shadow,2,0.9649122807017544,0.0,d803a1293548313b97e553e0e12b95502d57062b8d18a7d98102c6c9609d642c
locked,breast_cancer_wisconsin,veto_mavs,confidence_distortion,0.4,shadow,2,0.9473684210526315,0.0,55361fd744032869e540ab1a7e9a43d540b5675e4df42853a139a5c85a0d7884
locked,breast_cancer_wisconsin,pure_mavs_gc,confidence_distortion,0.4,shadow,2,0.9473684210526315,0.0,2c991b179e1b3157af84b58d012d062ccb46c2c35a63a9a7d48a420064844afa
locked,breast_cancer_wisconsin,single_model,confidence_distortion,0.6,primary,3,0.9649122807017544,0.0,b8c12660d6c220c1edbccfba47030f1f926533239b3d1558bb4989291e7dcd10
locked,breast_cancer_wisconsin,mean_ensemble,confidence_distortion,0.6,primary,3,0.9473684210526315,0.0,0a03dde012869ded5ba4781a951441697bb80f51b90015bee284a92a4f18084d
locked,breast_cancer_wisconsin,static_weighted_ensemble,confidence_distortion,0.6,primary,3,0.9649122807017544,0.0,fa17bed5081ad4bb97300392b31c6d6f0140af615201d630a2a6325bdfe139e3
locked,breast_cancer_wisconsin,veto_mavs,confidence_distortion,0.6,primary,3,0.9473684210526315,0.0,cdcc1458faa18e9b1e5825f0d5c125be4b4a34ce596b0a409ecb39d208f9e929
locked,breast_cancer_wisconsin,pure_mavs_gc,confidence_distortion,0.6,primary,3,0.9473684210526315,0.0,cdf5f5b907ee1303d4ac49df86324d36aeba870f4093b752c2603ddc3c8499eb
locked,breast_cancer_wisconsin,single_model,confidence_distortion,0.6,shadow,2,0.9649122807017544,0.0,4ff7d6624d7bc67bf2dc2795cb9feaaf326cbeb910922ec7a92fe7f3c1b3dff6
locked,breast_cancer_wisconsin,mean_ensemble,confidence_distortion,0.6,shadow,2,0.9473684210526315,0.0,5f2aa1a1ff111348f00a5cb848e0937d3fe18ab6b0a1ec01f33702cb6debfa68
locked,breast_cancer_wisconsin,static_weighted_ensemble,confidence_distortion,0.6,shadow,2,0.9649122807017544,0.0,5e979746d10cffbb3846c2529475a48dd88e02cf089ec5beb3b3dbdc8528718f
locked,breast_cancer_wisconsin,veto_mavs,confidence_distortion,0.6,shadow,2,0.9473684210526315,0.0,3112343a49021d25fe84cd284af700e6b84ef772ca61889c6e752305ef113cec
locked,breast_cancer_wisconsin,pure_mavs_gc,confidence_distortion,0.6,shadow,2,0.9473684210526315,0.0,edfb99d85459dd3445c8882b3f3e6213ffe6022073cf2c86de5c36028304fbfc
locked,breast_cancer_wisconsin,single_model,confidence_distortion,0.8,primary,3,0.9649122807017544,0.0,c4b050d117d0b2da1bfa73b82f2caa1decf39d059fe5cd7957631a0f06e1626e
locked,breast_cancer_wisconsin,mean_ensemble,confidence_distortion,0.8,primary,3,0.9473684210526315,0.0,ff4072dcc1177641adc6907e7d7852c1b258ec228914e1152750588f60073be6
locked,breast_cancer_wisconsin,static_weighted_ensemble,confidence_distortion,0.8,primary,3,0.9649122807017544,0.0,239c3a3237f9b7950f3b0939c88abd58b6027056db4d39fa5282660c2fd9af86
locked,breast_cancer_wisconsin,veto_mavs,confidence_distortion,0.8,primary,3,0.9473684210526315,0.0,017a845236511eac8d2448997a2a5103d53317de024df6fb343f790418b79745
locked,breast_cancer_wisconsin,pure_mavs_gc,confidence_distortion,0.8,primary,3,0.9473684210526315,0.0,627454adf29abc4809cc5f614b7f4795d381caae01190f6c16b3cc011b3df07e
locked,breast_cancer_wisconsin,single_model,confidence_distortion,0.8,shadow,2,0.9649122807017544,0.0,e0826cc4a17bd4fc1098f498a82d3d9c746452ee76fe472332cf6d13ce0701dc
locked,breast_cancer_wisconsin,mean_ensemble,confidence_distortion,0.8,shadow,2,0.9473684210526315,0.0,1ade1d463462d5e8f17152d3bd48b6676f6fb9f362ececdfec300183c80fd02b
locked,breast_cancer_wisconsin,static_weighted_ensemble,confidence_distortion,0.8,shadow,2,0.9649122807017544,0.0,b01ad1026add520d2a2384a15847e87bc3434afa5e8146f6a0d41a7e1c9726f3
locked,breast_cancer_wisconsin,veto_mavs,confidence_distortion,0.8,shadow,2,0.9473684210526315,0.0,6f2cf98546f9b6974d4ede201cf8b6634bb411bbb6bd61aa7e4b6f990cf64650
locked,breast_cancer_wisconsin,pure_mavs_gc,confidence_distortion,0.8,shadow,2,0.9473684210526315,0.0,57d43ea07fe4f6137fd45f88c92a442173eba19e9eae8d3bb9232dbee7519cc7
locked,breast_cancer_wisconsin,single_model,confidence_distortion,1.0,primary,3,0.9649122807017544,0.0,aa4069de0b2dce74afd6d035f695967623f5240a99a011ae411ca8f61cf18859
locked,breast_cancer_wisconsin,mean_ensemble,confidence_distortion,1.0,primary,3,0.9473684210526315,0.0,b1b007499380705679711c569bea277e59e4eb5af75e6a72eff0cac7070fba6e
locked,breast_cancer_wisconsin,static_weighted_ensemble,confidence_distortion,1.0,primary,3,0.9649122807017544,0.0,6ff5647e44bcf9822f4e14b889125f93061b1e927be4adc372f6abcdf3d7488f
locked,breast_cancer_wisconsin,veto_mavs,confidence_distortion,1.0,primary,3,0.9473684210526315,0.0,618e959aee531c7fcbf505c64697acc7d365aef99ecb2f120d1847b2ec42b78a
locked,breast_cancer_wisconsin,pure_mavs_gc,confidence_distortion,1.0,primary,3,0.9473684210526315,0.0,6ebb7149bf792919b5fa0f8bf842edbf3f2b3276dff2cd060f75b7f6da8b4c1b
locked,breast_cancer_wisconsin,single_model,confidence_distortion,1.0,shadow,2,0.9649122807017544,0.0,537918d4d1c123caf643e94c6b52af91e27a9753d6ed03677ea3991c663b347a
locked,breast_cancer_wisconsin,mean_ensemble,confidence_distortion,1.0,shadow,2,0.9473684210526315,0.0,1e33f33540bafb962e686669e8058c1f034f4b93a5c86dbf43d19cdc63a039be
locked,breast_cancer_wisconsin,static_weighted_ensemble,confidence_distortion,1.0,shadow,2,0.9649122807017544,0.0,a9d12dd4261def2e25eb325704f0182a9e64ff079e054989b1d2bba5ecf5f9fa
locked,breast_cancer_wisconsin,veto_mavs,confidence_distortion,1.0,shadow,2,0.9473684210526315,0.0,60a924f6f9b1f0cf5bbb5b7be724fdacfbef4ca83d381e8f906fe001162ee65f
locked,breast_cancer_wisconsin,pure_mavs_gc,confidence_distortion,1.0,shadow,2,0.9473684210526315,0.0,3fb8993903656a47a83ab7ae55810c87f479b248599afa6a664b5f1143d64953
locked,breast_cancer_wisconsin,single_model,adversarial_confidence_inflation,0.0,primary,3,0.9649122807017544,0.0,bf6b3639a2a3ecdb0d908a26cc8c92ac15474373ce1b250f0ee1e18ae3185bbc
locked,breast_cancer_wisconsin,mean_ensemble,adversarial_confidence_inflation,0.0,primary,3,0.9473684210526315,0.0,b1d2e02964dca44d22bbd9c1c5065d0699bb3ef76c525ecaea50b94841be6cd4
locked,breast_cancer_wisconsin,static_weighted_ensemble,adversarial_confidence_inflation,0.0,primary,3,0.9649122807017544,0.0,c0b2b4bb47b0d1603677396de725ce72172289926f1a2a68bf2504eb4bd6c489
locked,breast_cancer_wisconsin,veto_mavs,adversarial_confidence_inflation,0.0,primary,3,0.9473684210526315,0.0,f9093f2bdb02ac67b446fb764deeece43196010f68ea2206e0bd8af20d61e9b2
locked,breast_cancer_wisconsin,pure_mavs_gc,adversarial_confidence_inflation,0.0,primary,3,0.9473684210526315,0.0,5f4c3d641758b543f5fbf1de113374310071246d1187f1b68f89a67e2c7306e4
locked,breast_cancer_wisconsin,single_model,adversarial_confidence_inflation,0.0,shadow,2,0.9649122807017544,0.0,81ecc5d849cbc478be59e42e8fb21fcb29fad7a5d347a187dee0d5d7ec7dddf6
locked,breast_cancer_wisconsin,mean_ensemble,adversarial_confidence_inflation,0.0,shadow,2,0.9473684210526315,0.0,4a6eb32743cd6c9943e853386257f8f54f30768025669cedf7e6809d00c1a6b0
locked,breast_cancer_wisconsin,static_weighted_ensemble,adversarial_confidence_inflation,0.0,shadow,2,0.9649122807017544,0.0,c02d6912b06a224efedd83f6fd4a22f69989ca8f4daba2dcefeb9da1aafbe1d4
locked,breast_cancer_wisconsin,veto_mavs,adversarial_confidence_inflation,0.0,shadow,2,0.9473684210526315,0.0,44f371081d82259324e78f1da1108b0c7f5afa3a9caf88b236d85ec0c49c438c
locked,breast_cancer_wisconsin,pure_mavs_gc,adversarial_confidence_inflation,0.0,shadow,2,0.9473684210526315,0.0,adc5cef444d13dca5c820527671f4162bf3b2bc1c279c16abc5493faf85bd2c1
locked,breast_cancer_wisconsin,single_model,adversarial_confidence_inflation,0.05,primary,3,0.9649122807017544,0.0,73dbb709a6396e4664e9485d4e180784d8d8176223617c5ce07306b347af92cc
locked,breast_cancer_wisconsin,mean_ensemble,adversarial_confidence_inflation,0.05,primary,3,0.9473684210526315,0.0,8b05c6642052032498db51617b918cff5feb25242c338294918b934ba99296e9
locked,breast_cancer_wisconsin,static_weighted_ensemble,adversarial_confidence_inflation,0.05,primary,3,0.9649122807017544,0.0,31b018c78178cce3fdcaad6e3e5ed12537ff33ab1c6190365cad857d67f7deb7
locked,breast_cancer_wisconsin,veto_mavs,adversarial_confidence_inflation,0.05,primary,3,0.9473684210526315,0.0,ddbbc953fc2e1ad67deee71aeffd4dcb6faad44932e6a92d199f0326368bcf26
locked,breast_cancer_wisconsin,pure_mavs_gc,adversarial_confidence_inflation,0.05,primary,3,0.9473684210526315,0.0,665d36bcd0f65f7069a2e02ed5b41f74bfeb8f9dd45b84cbaac930f28caebb2c
locked,breast_cancer_wisconsin,single_model,adversarial_confidence_inflation,0.05,shadow,2,0.9649122807017544,0.0,a77845737f5b1a8440635632975433a321882a894ee8765968adde7b76a05a21
locked,breast_cancer_wisconsin,mean_ensemble,adversarial_confidence_inflation,0.05,shadow,2,0.9473684210526315,0.0,6e3e1988eb95789e8a324d8b7b3a86a369ce4bb17d5c3ee3a886e11f3504a856
locked,breast_cancer_wisconsin,static_weighted_ensemble,adversarial_confidence_inflation,0.05,shadow,2,0.9649122807017544,0.0,61171a9d2d4788b17230f69ba0e52762bc2e169638de6e2d3fee820913a1b34b
locked,breast_cancer_wisconsin,veto_mavs,adversarial_confidence_inflation,0.05,shadow,2,0.9473684210526315,0.0,6e744aced5fb85ce00d88707d7b789de6f494147d792102e1888371f7b673137
locked,breast_cancer_wisconsin,pure_mavs_gc,adversarial_confidence_inflation,0.05,shadow,2,0.9473684210526315,0.0,8c902e73cf1bfc90ed74df513cd90725b1e0a389264f80025085642215901a64
locked,breast_cancer_wisconsin,single_model,adversarial_confidence_inflation,0.1,primary,3,0.9649122807017544,0.0,2b659548134281ff281596b87b90b82226cc4cd156d67a876d789b9388823f38
locked,breast_cancer_wisconsin,mean_ensemble,adversarial_confidence_inflation,0.1,primary,3,0.9473684210526315,0.0,0d0a386c35ee3d4fa95fc45b49f2e220b257e6637d3c635693d804490d052afb
locked,breast_cancer_wisconsin,static_weighted_ensemble,adversarial_confidence_inflation,0.1,primary,3,0.9649122807017544,0.0,ee702e4a96862f91887bc498b80c82d0c4e137a68dd0529f80759648aeefa4ca
locked,breast_cancer_wisconsin,veto_mavs,adversarial_confidence_inflation,0.1,primary,3,0.9473684210526315,0.0,b5df07002c63aabff090c29ee2802498ec9fcbf8ed255f10c4656163173997e8
locked,breast_cancer_wisconsin,pure_mavs_gc,adversarial_confidence_inflation,0.1,primary,3,0.9473684210526315,0.0,cff96aa08626b6368e5e4753941f231a223ba9c55e7044806629a4b7ab024486
locked,breast_cancer_wisconsin,single_model,adversarial_confidence_inflation,0.1,shadow,2,0.9649122807017544,0.0,1ebb26135ede31e6beccf22dbe5680f40b2dac58e9bbbeac581748a55850781e
locked,breast_cancer_wisconsin,mean_ensemble,adversarial_confidence_inflation,0.1,shadow,2,0.9473684210526315,0.0,cf57ef59f914823d107623bfecff7efd8c035c9b4ffcb87a33e870924a206ebc
locked,breast_cancer_wisconsin,static_weighted_ensemble,adversarial_confidence_inflation,0.1,shadow,2,0.9649122807017544,0.0,c23d26f10d4b9a767cbe3754fa158b651d115367854a7f2b9b460eb6b6b823b1
locked,breast_cancer_wisconsin,veto_mavs,adversarial_confidence_inflation,0.1,shadow,2,0.9473684210526315,0.0,21fb75ba8a054760e8c087a4140b223409f77b94ef818932b7b0314d1175138c
locked,breast_cancer_wisconsin,pure_mavs_gc,adversarial_confidence_inflation,0.1,shadow,2,0.9473684210526315,0.0,fffdd9da3cad95bc963325369c87534cee8d123d87f29d338046a69c64125e28
locked,breast_cancer_wisconsin,single_model,adversarial_confidence_inflation,0.2,primary,3,0.9649122807017544,0.0,a6116b283aedff7fbbece22071b0c48cd6fa587788b486b4abe24c3fbdff3d59
locked,breast_cancer_wisconsin,mean_ensemble,adversarial_confidence_inflation,0.2,primary,3,0.9473684210526315,0.0,a837f9ca621bc835cd54e3749fb5a9caaa40e7a1b6d9dbbb3f323925d84ea0d6
locked,breast_cancer_wisconsin,static_weighted_ensemble,adversarial_confidence_inflation,0.2,primary,3,0.9649122807017544,0.0,a6086f82106baff6b78b866f49333005566efa500046c48e8b92b06cc0219e56
locked,breast_cancer_wisconsin,veto_mavs,adversarial_confidence_inflation,0.2,primary,3,0.9473684210526315,0.0,953b865eacd3730c3342f44d27a1fce0bce646566b223136ae103f32029b8579
locked,breast_cancer_wisconsin,pure_mavs_gc,adversarial_confidence_inflation,0.2,primary,3,0.9473684210526315,0.0,a0a8e62ebc4f9a40724ce48fa467944007ed5d26edcb276ff78823fdaa31f766
locked,breast_cancer_wisconsin,single_model,adversarial_confidence_inflation,0.2,shadow,2,0.9649122807017544,0.0,1ea34f44f226ac48f0f4238d3de05be6df329e944485230bbd425b3a9538b37c
locked,breast_cancer_wisconsin,mean_ensemble,adversarial_confidence_inflation,0.2,shadow,2,0.9473684210526315,0.0,6facee6bd73427a7ce5cbfd789742bd28a047d08d8a7f93c2a3d101f774beade
locked,breast_cancer_wisconsin,static_weighted_ensemble,adversarial_confidence_inflation,0.2,shadow,2,0.9649122807017544,0.0,5a8c7ffe7b44b4cfbc4f472b97f7197b75391fa35aba6cbd65e695503ffbda15
locked,breast_cancer_wisconsin,veto_mavs,adversarial_confidence_inflation,0.2,shadow,2,0.9473684210526315,0.0,ecfac18d410f489d70bed378e458125b93f82be7f40bcdab164698bbcc344cc6
locked,breast_cancer_wisconsin,pure_mavs_gc,adversarial_confidence_inflation,0.2,shadow,2,0.9473684210526315,0.0,51b3b9fb421f90b321b22e6fb7b0221d34bdff56da4939ea0d6eac1505ae94ad
locked,breast_cancer_wisconsin,single_model,adversarial_confidence_inflation,0.4,primary,3,0.9649122807017544,0.0,c38206fc0ac24772c8367c16178a1443bf7c966ab2375e26391d17d80fcceae7
locked,breast_cancer_wisconsin,mean_ensemble,adversarial_confidence_inflation,0.4,primary,3,0.9473684210526315,0.0,21d28bf8cacaebcd033e67096d03d72f3c434dc64a1030235dac838b74e73822
locked,breast_cancer_wisconsin,static_weighted_ensemble,adversarial_confidence_inflation,0.4,primary,3,0.9649122807017544,0.0,12e5929cb7fe67fc0e835ebbb0aeb260f10a4c40145f109c71c8b02ea2f286f2
locked,breast_cancer_wisconsin,veto_mavs,adversarial_confidence_inflation,0.4,primary,3,0.9473684210526315,0.0,4a00a0a9d9a810e239753ddb9a7e76b380c835ae01107038db3f5b6fd46553eb
locked,breast_cancer_wisconsin,pure_mavs_gc,adversarial_confidence_inflation,0.4,primary,3,0.9473684210526315,0.0,9ae41a6108554bbb3a38d34715af2aac570563a5937c8fbcb3149191b0790652
locked,breast_cancer_wisconsin,single_model,adversarial_confidence_inflation,0.4,shadow,2,0.9649122807017544,0.0,8d1e20c34df164399b7f1198c3205ed74c7d2d8a215691f3ac4fae555711151d
locked,breast_cancer_wisconsin,mean_ensemble,adversarial_confidence_inflation,0.4,shadow,2,0.9473684210526315,0.0,1936770ecb3efbc1e3293a52f5577b61161433538c859f45e1bcc4cb51d03ccc
locked,breast_cancer_wisconsin,static_weighted_ensemble,adversarial_confidence_inflation,0.4,shadow,2,0.9649122807017544,0.0,ec85bb4aab2d53571005dedd5d85b642451e610d7833c6a32af1ca4210d3c762
locked,breast_cancer_wisconsin,veto_mavs,adversarial_confidence_inflation,0.4,shadow,2,0.9473684210526315,0.0,24702b974db27cd7dcbd500b22e0dae75b762580252b298c32397141a8c2cba2
locked,breast_cancer_wisconsin,pure_mavs_gc,adversarial_confidence_inflation,0.4,shadow,2,0.9473684210526315,0.0,7d5b7ca6c852c5e7233fb0c788466841dd82ffc52b4482a5d9f5d96772351090
locked,breast_cancer_wisconsin,single_model,adversarial_confidence_inflation,0.6,primary,3,0.9649122807017544,0.0,7fde5c592fe19feb597c3b8ad1436c7b8730dfb79b3b5a6f223190ade4338bc9
locked,breast_cancer_wisconsin,mean_ensemble,adversarial_confidence_inflation,0.6,primary,3,0.9473684210526315,0.0,c2f62241f5751ef87eb333a3bb1ab3718cdad50793463fd861da38905823787b
locked,breast_cancer_wisconsin,static_weighted_ensemble,adversarial_confidence_inflation,0.6,primary,3,0.9649122807017544,0.0,85924db4ea7e36a0617ab2e57cf6aaadc868f425b33c794184969f8dfa740335
locked,breast_cancer_wisconsin,veto_mavs,adversarial_confidence_inflation,0.6,primary,3,0.9473684210526315,0.0,1c87d82f5bbac2b12add5806a4a1a5d61cb114215dc0055d19b2d65520bdd2e0
locked,breast_cancer_wisconsin,pure_mavs_gc,adversarial_confidence_inflation,0.6,primary,3,0.935672514619883,6.839711364180387e-05,b24b1e13c09b54686b5386ed736c0d42b8cee9efe1b6e08b9a02872fa77cef4c
locked,breast_cancer_wisconsin,single_model,adversarial_confidence_inflation,0.6,shadow,2,0.9649122807017544,0.0,2b04dce57647a62d9daf8e88d83dd8c8b595c07ad5d5f2fa23858ee07299637a
locked,breast_cancer_wisconsin,mean_ensemble,adversarial_confidence_inflation,0.6,shadow,2,0.9473684210526315,0.0,1023510a6cf27d801e2b6307b8274910b1001e7374f7908a1de082b4d12ebbf1
locked,breast_cancer_wisconsin,static_weighted_ensemble,adversarial_confidence_inflation,0.6,shadow,2,0.9649122807017544,0.0,cbdd2a999ab373e1f27c555079903d85b2f652c296df8f049397d1a1fcc539f0
locked,breast_cancer_wisconsin,veto_mavs,adversarial_confidence_inflation,0.6,shadow,2,0.9473684210526315,0.0,1b2ff46d6ae6838f7c3ccd081ce819f2c339ab8993d700820adf7b18a2114316
locked,breast_cancer_wisconsin,pure_mavs_gc,adversarial_confidence_inflation,0.6,shadow,2,0.9385964912280702,7.694675284702936e-05,5c35fa48ba5f60bacd7af74b934bb08bcaee9436d0619fb3a771bb9ee37faaa4
locked,breast_cancer_wisconsin,single_model,adversarial_confidence_inflation,0.8,primary,3,0.9649122807017544,0.0,ca7c4238ec362cd6a2e86326d90b8053c3b0df2497bcec0507fc249e7fa1cb73
locked,breast_cancer_wisconsin,mean_ensemble,adversarial_confidence_inflation,0.8,primary,3,0.9473684210526315,0.0,ddfea02f912cf2f67caf108d0bb3e92ac285d7e82b99c42c80c5644fc57707e6
locked,breast_cancer_wisconsin,static_weighted_ensemble,adversarial_confidence_inflation,0.8,primary,3,0.9649122807017544,0.0,03f36cde1c6dc31c9d6682306819da7e7cc4f8bfa91f7fd75b14dc778eec8b6f
locked,breast_cancer_wisconsin,veto_mavs,adversarial_confidence_inflation,0.8,primary,3,0.9473684210526315,0.0,b8e849cb01937ad7102261fe0453df7e696ab70998788366b6b6893d1c155665
locked,breast_cancer_wisconsin,pure_mavs_gc,adversarial_confidence_inflation,0.8,primary,3,0.9298245614035088,1.232595164407831e-32,9d7d8838e36fef4e8efe3715c08ecfc5a1fa3d6dfec246328b92b0b82f8e3135
locked,breast_cancer_wisconsin,single_model,adversarial_confidence_inflation,0.8,shadow,2,0.9649122807017544,0.0,b85fa1129e0905caf904f2b79f6cb8c6cb74f877103d9188dce9e5bcdfb0918c
locked,breast_cancer_wisconsin,mean_ensemble,adversarial_confidence_inflation,0.8,shadow,2,0.9473684210526315,0.0,ebd8f6698183b72eacb72e555d0da97a0d90cab33b66f014aaf208a21e183950
locked,breast_cancer_wisconsin,static_weighted_ensemble,adversarial_confidence_inflation,0.8,shadow,2,0.9649122807017544,0.0,5b1858c2f90ce5c694d870a884247fdaa666dc04f1b9de60acfd108d2a7331b5
locked,breast_cancer_wisconsin,veto_mavs,adversarial_confidence_inflation,0.8,shadow,2,0.9473684210526315,0.0,51b598f7dcc960e6e57be85131be7059e284ce79050247c3924cec2ff178dc7c
locked,breast_cancer_wisconsin,pure_mavs_gc,adversarial_confidence_inflation,0.8,shadow,2,0.9298245614035088,0.0,f88b3ff4171994d93bd9059b898676345293aed6994af3e84237c9891ea3ae96
locked,breast_cancer_wisconsin,single_model,adversarial_confidence_inflation,1.0,primary,3,0.9649122807017544,0.0,72c3f71789ef0a01591392338da0cdde25468f5c0bf433a65dac3f39bbb51885
locked,breast_cancer_wisconsin,mean_ensemble,adversarial_confidence_inflation,1.0,primary,3,0.9473684210526315,0.0,5c410b89c54776432815955f7d7589fa6f3d6a3a745f9c2a357fa606529c322b
locked,breast_cancer_wisconsin,static_weighted_ensemble,adversarial_confidence_inflation,1.0,primary,3,0.9649122807017544,0.0,99cabab0d0bc367891a4f34769041a9fd09acb0fa4c71f8377f5b1604b32a951
locked,breast_cancer_wisconsin,veto_mavs,adversarial_confidence_inflation,1.0,primary,3,0.9473684210526315,0.0,a4147f8d1456ec263fb693a1c61e68f211851cc841f1406481704ef7f3aa3719
locked,breast_cancer_wisconsin,pure_mavs_gc,adversarial_confidence_inflation,1.0,primary,3,0.9122807017543859,1.232595164407831e-32,7c2223e9358315a5a053902b982e9891e2b5eb258359d4d55bda5d3dec858cd0
locked,breast_cancer_wisconsin,single_model,adversarial_confidence_inflation,1.0,shadow,2,0.9649122807017544,0.0,8234e880c73acb65429bf9d48ec6ed744ac222f100d83c30a525e47db2c05bec
locked,breast_cancer_wisconsin,mean_ensemble,adversarial_confidence_inflation,1.0,shadow,2,0.9473684210526315,0.0,e22e826219a3591a4d7c1e1b0d5c47c113528f8f6b560a7a147e999cb1604b5d
locked,breast_cancer_wisconsin,static_weighted_ensemble,adversarial_confidence_inflation,1.0,shadow,2,0.9649122807017544,0.0,87704c2d49251b8e64c63b17a349b8c586aba5041011ca169f51816a736ba9e6
locked,breast_cancer_wisconsin,veto_mavs,adversarial_confidence_inflation,1.0,shadow,2,0.9473684210526315,0.0,58f2d02f94ee6cacc9f8e20109f125a33eff0c4390abf13d2ddc9af3f6c0bcc3
locked,breast_cancer_wisconsin,pure_mavs_gc,adversarial_confidence_inflation,1.0,shadow,2,0.9122807017543859,0.0,cd7e47aa9ff5817acc28248afb69f65ab7abbac2d0c2d0497bfb5560c29cd890
locked,breast_cancer_wisconsin,single_model,distribution_shift,0.0,primary,3,0.9649122807017544,0.0,d148648f042f4311212e4b907cfa80f281def6760a8593848ad17d68be37b8d2
locked,breast_cancer_wisconsin,mean_ensemble,distribution_shift,0.0,primary,3,0.9473684210526315,0.0,8f2d6b5687178e18659ece9d9285b2e1f8b6b3532b32a5bc9252a1a282ab501f
locked,breast_cancer_wisconsin,static_weighted_ensemble,distribution_shift,0.0,primary,3,0.9649122807017544,0.0,573a60890228584d02445e28b782a955058b8fd1fab7f617e93f5bdb7da35e73
locked,breast_cancer_wisconsin,veto_mavs,distribution_shift,0.0,primary,3,0.9473684210526315,0.0,6019882e6b6d7b1f7cab76a868c1a4282c9539027c6cd38e881196d214f0c990
locked,breast_cancer_wisconsin,pure_mavs_gc,distribution_shift,0.0,primary,3,0.9473684210526315,0.0,15729505ddc5ea211264bd212fd0f96adecf82f507aee59402e1891706cf2efe
locked,breast_cancer_wisconsin,single_model,distribution_shift,0.0,shadow,2,0.9649122807017544,0.0,5e9f70f54686387c9fe283a4d5552f404bb5c6f7e8ee88e4449733a57aececcb
locked,breast_cancer_wisconsin,mean_ensemble,distribution_shift,0.0,shadow,2,0.9473684210526315,0.0,6218124ed9ab7cc2be5bd6221fd4ba0f14f28c17197d3355193daa66b2a4ee63
locked,breast_cancer_wisconsin,static_weighted_ensemble,distribution_shift,0.0,shadow,2,0.9649122807017544,0.0,c0f2efea836fea03e549d55ff9629ac44897d6eb5ca8b62bfa07d9c5f295b776
locked,breast_cancer_wisconsin,veto_mavs,distribution_shift,0.0,shadow,2,0.9473684210526315,0.0,87ea47356ac09a7413ee1b1f49c1f6cfa21647095d55de3796e8081b9b666a66
locked,breast_cancer_wisconsin,pure_mavs_gc,distribution_shift,0.0,shadow,2,0.9473684210526315,0.0,5a0e23f7b77040e38cc3095dfd86b89b2ea06ec310c17b6841a47487aa7b56b1
locked,breast_cancer_wisconsin,single_model,distribution_shift,0.05,primary,3,0.9642857142857143,0.0,2dcf9ec34f0bf020162b583df6df6542fd68430f15a9bbb20b15cb25ab07a58e
locked,breast_cancer_wisconsin,mean_ensemble,distribution_shift,0.05,primary,3,0.9464285714285714,1.232595164407831e-32,89152cc21ddb311d593be7f26004fd0230157e106d99e5a861af25b7b11a99b5
locked,breast_cancer_wisconsin,static_weighted_ensemble,distribution_shift,0.05,primary,3,0.9642857142857143,0.0,d809f5ec01042d6059d3829053ff2b15080f5eba3b1d271196e55775465f87e7
locked,breast_cancer_wisconsin,veto_mavs,distribution_shift,0.05,primary,3,0.9464285714285714,1.232595164407831e-32,89ecf947549bd33c6a4fcffaa76079a75ef5e3a7303964d8aa115e16408267e0
locked,breast_cancer_wisconsin,pure_mavs_gc,distribution_shift,0.05,primary,3,0.9464285714285714,1.232595164407831e-32,ec9cba95eb3916f8a1cd56d7dad152d78f7c6cd14983e30fafc225dc16857a68
locked,breast_cancer_wisconsin,single_model,distribution_shift,0.05,shadow,2,0.9642857142857143,0.0,a20294d04187bfd6c2f8f304b2f3ddbc3f9020f398bc0f848a6d1274fe0646fe
locked,breast_cancer_wisconsin,mean_ensemble,distribution_shift,0.05,shadow,2,0.9464285714285714,0.0,6a5e2f4554a994b7eb17ea3aeb5dbec0ce61d7a17bc6ce96cb04256eb3d33271
locked,breast_cancer_wisconsin,static_weighted_ensemble,distribution_shift,0.05,shadow,2,0.9642857142857143,0.0,883c30aa4ca14ac47604e8e73a2a914b20cf794abfd98b5db9d2911fc57903e2
locked,breast_cancer_wisconsin,veto_mavs,distribution_shift,0.05,shadow,2,0.9464285714285714,0.0,8ca1886b687cbc0586cd930972bc3e9951d104d749deaf031420f3f7e8aae608
locked,breast_cancer_wisconsin,pure_mavs_gc,distribution_shift,0.05,shadow,2,0.9464285714285714,0.0,e127f9841ece2be56966db524b528db6d139ca85349167466b10ed78254a21b6
locked,breast_cancer_wisconsin,single_model,distribution_shift,0.1,primary,3,0.9629629629629629,0.0,f9d30f93989fb4259735027ac5747b0e0a9cd1191eba2b87b4c656fe1dfa5bf7
locked,breast_cancer_wisconsin,mean_ensemble,distribution_shift,0.1,primary,3,0.9629629629629629,0.0,55dff1cb5d84d2b29857fa4dbcb25eecde2b159922c41cc46fb9c2dac707bec9
locked,breast_cancer_wisconsin,static_weighted_ensemble,distribution_shift,0.1,primary,3,0.9629629629629629,0.0,64d3213b40ffdaf424d187a2053606ac601c093c384caa23e1a43999d2dbf3e0
locked,breast_cancer_wisconsin,veto_mavs,distribution_shift,0.1,primary,3,0.9629629629629629,0.0,2f266eabe5305f9137e8c681e288588cec656b91c3ade39407a328213a6ab40b
locked,breast_cancer_wisconsin,pure_mavs_gc,distribution_shift,0.1,primary,3,0.9629629629629629,0.0,170f609e5a36e72d7d627ce9fb1670e88ca1112ee97278192e9087914ff1d3b8
locked,breast_cancer_wisconsin,single_model,distribution_shift,0.1,shadow,2,0.9629629629629629,0.0,4d620fe00bd52289844b8f6e7a46440673fbb44fec779c3f8129ec4291494847
locked,breast_cancer_wisconsin,mean_ensemble,distribution_shift,0.1,shadow,2,0.9629629629629629,0.0,2b51e79dffd943baf1597b90552eb3a790e421d5626dd2f471b8a8827e1e0a3f
locked,breast_cancer_wisconsin,static_weighted_ensemble,distribution_shift,0.1,shadow,2,0.9629629629629629,0.0,3836cbb4117765843c821dde04f853ff11c664a00cd3e75fa1b7dccc5a429f9a
locked,breast_cancer_wisconsin,veto_mavs,distribution_shift,0.1,shadow,2,0.9629629629629629,0.0,946db1c1e949febbe86e0ce4cb6459c785fe48360c4180edc12c02ca00bc1293
locked,breast_cancer_wisconsin,pure_mavs_gc,distribution_shift,0.1,shadow,2,0.9629629629629629,0.0,ca96ac55b0ad001e50f5d16ba9feb79cdf0e00416905557e6c6fe44a94c6fe87
locked,breast_cancer_wisconsin,single_model,distribution_shift,0.2,primary,3,1.0,0.0,d940feefe4f3170f39b47c2eadb740f679e47c74c7e818600cd4ec2e80806572
locked,breast_cancer_wisconsin,mean_ensemble,distribution_shift,0.2,primary,3,0.98,0.0,3711a2c4f9ed969d89f86de072b605da7e8a55db04f307a12ee52d2d76899f7f
locked,breast_cancer_wisconsin,static_weighted_ensemble,distribution_shift,0.2,primary,3,1.0,0.0,9bbb9ded445d741919b554b7f99552d79fb276f3764c074481496d3888f6898b
locked,breast_cancer_wisconsin,veto_mavs,distribution_shift,0.2,primary,3,0.98,0.0,d1c5370f17d1caf474efc681e2de6460b6bf7ccc155c869418bf01dc414beaf3
locked,breast_cancer_wisconsin,pure_mavs_gc,distribution_shift,0.2,primary,3,0.98,0.0,cfb46310abb5c3b351b248ea317c8b6e5d7c80a1c3f87212d76a428c9c0528ed
locked,breast_cancer_wisconsin,single_model,distribution_shift,0.2,shadow,2,1.0,0.0,9454433592e8708a7227c0d275a3aa4086a9b62a4dfd95510fdc1cd1cea0e225
locked,breast_cancer_wisconsin,mean_ensemble,distribution_shift,0.2,shadow,2,0.98,0.0,2e5b95e241a53125f90765244bd1e35f392b3215f3f48856b05f36f6e3ea170f
locked,breast_cancer_wisconsin,static_weighted_ensemble,distribution_shift,0.2,shadow,2,1.0,0.0,9dc7b26dbd86ff230dc0e3423c037eb88eeef2b26bb43caa28b2821013619d99
locked,breast_cancer_wisconsin,veto_mavs,distribution_shift,0.2,shadow,2,0.98,0.0,2310dcac27c6db9f6c70a206479e8aa1e01a104fd2d1e45521bab4ededb1fc6a
locked,breast_cancer_wisconsin,pure_mavs_gc,distribution_shift,0.2,shadow,2,0.98,0.0,148e4b20bc1c627acfeff5e392798aaa01f7100e0dfb049e45a0328088c307d1
locked,breast_cancer_wisconsin,single_model,distribution_shift,0.4,primary,3,1.0,0.0,10361281751fc4650d45896cf5da595046ad3ff0ed7557118c5aa3222cb8207a
locked,breast_cancer_wisconsin,mean_ensemble,distribution_shift,0.4,primary,3,0.9767441860465116,0.0,441c4da04059e186d7b7f59067a7ec67742ff7c554fbbf996fe45f46a39bcca5
locked,breast_cancer_wisconsin,static_weighted_ensemble,distribution_shift,0.4,primary,3,1.0,0.0,d9314058bb97d3e9e74600870fa0a2895f45782d13a4c27cda99229a25434064
locked,breast_cancer_wisconsin,veto_mavs,distribution_shift,0.4,primary,3,0.9767441860465116,0.0,b95aafa428734ecbcbecc821a1f613d687230f5c6d0279e5f4b02dd5b6b633bd
locked,breast_cancer_wisconsin,pure_mavs_gc,distribution_shift,0.4,primary,3,0.9767441860465116,0.0,06e258cdc915671c3ccfaaea5ed0f9fdf761ce66ee17fb6142e52baccc7cab52
locked,breast_cancer_wisconsin,single_model,distribution_shift,0.4,shadow,2,1.0,0.0,421c9aee953c309552aed3eb411a99dfd79b7648545c1c3a9a30084ff0813ca5
locked,breast_cancer_wisconsin,mean_ensemble,distribution_shift,0.4,shadow,2,0.9767441860465116,0.0,87074e1859a047d75520af11b6cadaab73f719725004116ddfa7724c55339756
locked,breast_cancer_wisconsin,static_weighted_ensemble,distribution_shift,0.4,shadow,2,1.0,0.0,a863c3eb2e9dd97c8f205a70d5a40365b14027c4562926389ae24156169474e5
locked,breast_cancer_wisconsin,veto_mavs,distribution_shift,0.4,shadow,2,0.9767441860465116,0.0,19835e8ce7327cf4805df5b0f4f341e50aa93d220a99b23e0ddeaa94f9cc307e
locked,breast_cancer_wisconsin,pure_mavs_gc,distribution_shift,0.4,shadow,2,0.9767441860465116,0.0,7829aedd3695d8452d0750c1696ff0fe4c8b7418e897c427844c54958af59c8e
locked,breast_cancer_wisconsin,single_model,distribution_shift,0.6,primary,3,1.0,0.0,f2f3e6b4b95f665d85086b6ad44b424e3929c501507f8a7ecb89da80009f6563
locked,breast_cancer_wisconsin,mean_ensemble,distribution_shift,0.6,primary,3,0.9714285714285714,0.0,103f7ec906746816f21b5931985dd6b1c8c6be35ece9c90bab7a984247d27077
locked,breast_cancer_wisconsin,static_weighted_ensemble,distribution_shift,0.6,primary,3,1.0,0.0,5a4a0efae7f0d6b4f7e803c019dcf0a10f8b4a648bd67f596ec2af379441b086
locked,breast_cancer_wisconsin,veto_mavs,distribution_shift,0.6,primary,3,0.9714285714285714,0.0,e025a5282c9b9d587427ce2fef8903ba38902e1e10234416d1b8f6c413a4d31b
locked,breast_cancer_wisconsin,pure_mavs_gc,distribution_shift,0.6,primary,3,0.9714285714285714,0.0,dd9004da92dae841002e2b99cb4caa5b9755f04d9006e92f0c4e537934ab1406
locked,breast_cancer_wisconsin,single_model,distribution_shift,0.6,shadow,2,1.0,0.0,86b3118b5f79a35dc68b6fb78f0296c3d4ce662d3f7623f1ae81c25dc75e2f55
locked,breast_cancer_wisconsin,mean_ensemble,distribution_shift,0.6,shadow,2,0.9714285714285714,0.0,61e79a616a39f92c1bf8d3560d16f60e2d2beec0715bf25278ab846032390a0e
locked,breast_cancer_wisconsin,static_weighted_ensemble,distribution_shift,0.6,shadow,2,1.0,0.0,fcd1d1c28e00951c6da350f11569b420e0b242a95e078813c00024c065ef749a
locked,breast_cancer_wisconsin,veto_mavs,distribution_shift,0.6,shadow,2,0.9714285714285714,0.0,7ad83cf54b50066557f520a41086ca2087f6931b17b88974e9a1d61bf78a3ac0
locked,breast_cancer_wisconsin,pure_mavs_gc,distribution_shift,0.6,shadow,2,0.9714285714285714,0.0,86bea0f57c4a10811bf267f0d9b89f3f3ea17cbba2677ee723782321246db455
locked,breast_cancer_wisconsin,single_model,distribution_shift,0.8,primary,3,1.0,0.0,6e0143bf8bdfffd8fae5d991df48c76eb6cc3509ed5d20b2a775a79ab2cbe3c9
locked,breast_cancer_wisconsin,mean_ensemble,distribution_shift,0.8,primary,3,0.9642857142857143,0.0,1579516b0af66bcc7175f1356c9ec74bdedeae9fd01dffdc058e88e75bbd2670
locked,breast_cancer_wisconsin,static_weighted_ensemble,distribution_shift,0.8,primary,3,1.0,0.0,478f290a3a981cdd2709d7663272b2f71b0515299c178ac3dbb218188254cc7c
locked,breast_cancer_wisconsin,veto_mavs,distribution_shift,0.8,primary,3,0.9642857142857143,0.0,a307a3d6052fa2004e48eadca68686ae1687b5f0a372bc57d20da9d4a36a1d0b
locked,breast_cancer_wisconsin,pure_mavs_gc,distribution_shift,0.8,primary,3,0.9642857142857143,0.0,a0504e612f715e74bf759fb6f4cdedacf9c4f3276af098f2dbc0c6a56e771556
locked,breast_cancer_wisconsin,single_model,distribution_shift,0.8,shadow,2,1.0,0.0,c1207e5908f9aa7874a2e4f0e06471ac413eb5d0297f2aa43d33170bb7537455
locked,breast_cancer_wisconsin,mean_ensemble,distribution_shift,0.8,shadow,2,0.9642857142857143,0.0,d9939e9a5dd2b79dcbd56686e783acf231c309d5f42baade3ba4ed2612f019cd
locked,breast_cancer_wisconsin,static_weighted_ensemble,distribution_shift,0.8,shadow,2,1.0,0.0,c5ce62b5fd695831eb0455d96e45302d10eeaa21db1fd7dc241b0dc996e74c2d
locked,breast_cancer_wisconsin,veto_mavs,distribution_shift,0.8,shadow,2,0.9642857142857143,0.0,c63e00e17ec00c62cc6d94f869dd637b6e95ea80cafd7d435f35fca3fbe055f5
locked,breast_cancer_wisconsin,pure_mavs_gc,distribution_shift,0.8,shadow,2,0.9642857142857143,0.0,46624302710378a78f10b73e0d7d7d0af4e6a8c7345e4202370d67e2e2cfd63f
locked,breast_cancer_wisconsin,single_model,distribution_shift,1.0,primary,3,1.0,0.0,d002a1b6c8d4c0becb113edbc4c05270d665a998dcfa03adaee2da2fc8dcdcfb
locked,breast_cancer_wisconsin,mean_ensemble,distribution_shift,1.0,primary,3,1.0,0.0,c55cadbd32f47af46a082468a153f73702e5e066d2d2b043c49971588f4f79d8
locked,breast_cancer_wisconsin,static_weighted_ensemble,distribution_shift,1.0,primary,3,1.0,0.0,b8c29f6ebdd9cca0bd940f854647b4c37d69a19f3a08886cacce13c801ddbe7e
locked,breast_cancer_wisconsin,veto_mavs,distribution_shift,1.0,primary,3,1.0,0.0,6be852f421ec9ca8a0fc99d882282f85edce6a873ebcb1f7e2debbb456ceb40d
locked,breast_cancer_wisconsin,pure_mavs_gc,distribution_shift,1.0,primary,3,1.0,0.0,37927ca169167630e5121e4d487f5c022247e9e95ae26945c3f26766b740f6e9
locked,breast_cancer_wisconsin,single_model,distribution_shift,1.0,shadow,2,1.0,0.0,b3f063102288d5650af1f24fc7c7ad961106dfba5e913e013970f88efeaa2710
locked,breast_cancer_wisconsin,mean_ensemble,distribution_shift,1.0,shadow,2,1.0,0.0,7441d51842e91812849ee04b0671aff6aa8e453841996d980e82f2d534648a30
locked,breast_cancer_wisconsin,static_weighted_ensemble,distribution_shift,1.0,shadow,2,1.0,0.0,8eb9a0c24cb0718ada0ed7fda36c7fc1e047b034abcce3acd90a61494fd80470
locked,breast_cancer_wisconsin,veto_mavs,distribution_shift,1.0,shadow,2,1.0,0.0,5f08781d9e806f56c177871c660dc0c52a7624d06d789fa2c2f6c2b6fb0fd546
locked,breast_cancer_wisconsin,pure_mavs_gc,distribution_shift,1.0,shadow,2,1.0,0.0,5a47036188a91891327d64d5fd1d0fd66cffc81fc230005d415567f74ab7b67d
locked,breast_cancer_wisconsin,single_model,synthetic_sensor_failure,0.0,primary,3,0.9649122807017544,0.0,dd0d6b54a934bb23851edcc32e0d5e3ffe3c771809a4bad9ffd8f98f4817f34c
locked,breast_cancer_wisconsin,mean_ensemble,synthetic_sensor_failure,0.0,primary,3,0.9473684210526315,0.0,22e3d97d6fb21c20a9089d719836036ff42ce1a15fbadafa16b8ef8819c138ed
locked,breast_cancer_wisconsin,static_weighted_ensemble,synthetic_sensor_failure,0.0,primary,3,0.9649122807017544,0.0,3b165b04bbcd71ac710ba0970a5bfdd8c044f6abb2abc384f92d2716ec2a7f43
locked,breast_cancer_wisconsin,veto_mavs,synthetic_sensor_failure,0.0,primary,3,0.9473684210526315,0.0,3dcbac0af31665a09a1a5e6e6bc20e6d62458869204cda596518b86c6c796cf0
locked,breast_cancer_wisconsin,pure_mavs_gc,synthetic_sensor_failure,0.0,primary,3,0.9473684210526315,0.0,8ebbfba4bd090c0437ed1410b8a2c107d634a2be14cfcc796e1da61b42d019d8
locked,breast_cancer_wisconsin,single_model,synthetic_sensor_failure,0.0,shadow,2,0.9649122807017544,0.0,d513157a18d28b6db13aa731a6654c04254f38d75102d36b45a3cf841030d491
locked,breast_cancer_wisconsin,mean_ensemble,synthetic_sensor_failure,0.0,shadow,2,0.9473684210526315,0.0,bb623ac215f6290c997cb29c3be8438539797ee2ad42cb89ef5865e82159e4f0
locked,breast_cancer_wisconsin,static_weighted_ensemble,synthetic_sensor_failure,0.0,shadow,2,0.9649122807017544,0.0,c5acd24fb6419f654ff40f3847ba45665740d3d0b09aedd073d4e56b45b31b15
locked,breast_cancer_wisconsin,veto_mavs,synthetic_sensor_failure,0.0,shadow,2,0.9473684210526315,0.0,6b37dc2ecb64a0ce75b89aa687639f4b39e07a1a3fa16ec6b385b655f9043f0a
locked,breast_cancer_wisconsin,pure_mavs_gc,synthetic_sensor_failure,0.0,shadow,2,0.9473684210526315,0.0,1631c07afe9ab2ae7b39300488640d990dbc6c41838971190d2d0589dfc16ddd
locked,breast_cancer_wisconsin,single_model,synthetic_sensor_failure,0.05,primary,3,0.9649122807017544,0.0,1d06a01f878cdcbac49ac16c689de89c3ea45992a9ea13c9e7fd18f13c84aa89
locked,breast_cancer_wisconsin,mean_ensemble,synthetic_sensor_failure,0.05,primary,3,0.9473684210526315,0.0,f55d06d753963bc3c20e4b8a340dc616ec605f73fd8936cc641703545b3e6d4a
locked,breast_cancer_wisconsin,static_weighted_ensemble,synthetic_sensor_failure,0.05,primary,3,0.9649122807017544,0.0,6b17f0d6e5a7ae81ce4853a1bc280b7fc62793d419492a70d011871ecb66ee0c
locked,breast_cancer_wisconsin,veto_mavs,synthetic_sensor_failure,0.05,primary,3,0.9473684210526315,0.0,5afa6af7a1f40c6ebba553b13a7b32d851401c821ee58ec15b1243ef721b5fa9
locked,breast_cancer_wisconsin,pure_mavs_gc,synthetic_sensor_failure,0.05,primary,3,0.9298245614035088,1.232595164407831e-32,ff173165b6a01eab8e237be53ad3e79fb196b3241666b9b83f555608eee87df7
locked,breast_cancer_wisconsin,single_model,synthetic_sensor_failure,0.05,shadow,2,0.9649122807017544,0.0,7bdb99f7425287c98dec8221455d4f18c2ff8eeeade04efa92807050fdbce2c2
locked,breast_cancer_wisconsin,mean_ensemble,synthetic_sensor_failure,0.05,shadow,2,0.9473684210526315,0.0,b0363ca169464005f92297e271049f2674b9ff57c35414b34882f8573ca2ee46
locked,breast_cancer_wisconsin,static_weighted_ensemble,synthetic_sensor_failure,0.05,shadow,2,0.9649122807017544,0.0,b45b47f4156f42b0d9601a5f9c5d4d7b3754531d996c64cc94f43d9845491ba9
locked,breast_cancer_wisconsin,veto_mavs,synthetic_sensor_failure,0.05,shadow,2,0.9473684210526315,0.0,d04d1f7aa638a15e23981a960f960802690a5ec867192c5314ca06c839acadc2
locked,breast_cancer_wisconsin,pure_mavs_gc,synthetic_sensor_failure,0.05,shadow,2,0.9298245614035088,0.0,3959caf6cb99c5b01b108b51b69fd6a10f576f76035c889082b43d4531defac5
locked,breast_cancer_wisconsin,single_model,synthetic_sensor_failure,0.1,primary,3,0.9649122807017544,0.0,06e3222770123b6859ef284ea6703aeedf46da50dbdce9a8260833ab1a71b54c
locked,breast_cancer_wisconsin,mean_ensemble,synthetic_sensor_failure,0.1,primary,3,0.9473684210526315,0.0,99329d76dbe86985be22158c4a73c8af739f829ecb1c5b145b6a5b541f19975d
locked,breast_cancer_wisconsin,static_weighted_ensemble,synthetic_sensor_failure,0.1,primary,3,0.9649122807017544,0.0,cc6fb20f03bc701b2a72aae19b48bb41c265bb6615b4f10dc1705b25335536f8
locked,breast_cancer_wisconsin,veto_mavs,synthetic_sensor_failure,0.1,primary,3,0.9473684210526315,0.0,0e2e8dd0efc8c51f730a0a693886dc29f7a1d3687fcca6994bd1b9d2490c7e43
locked,breast_cancer_wisconsin,pure_mavs_gc,synthetic_sensor_failure,0.1,primary,3,0.9298245614035088,1.232595164407831e-32,7ffc43c14d63a5f413b30df2477903669a1ab3701fcbfeb2ddfb75f05fc944c2
locked,breast_cancer_wisconsin,single_model,synthetic_sensor_failure,0.1,shadow,2,0.9649122807017544,0.0,9072c23664a1ed50a775c92c11f7b0eb4a38f218cb68137fee1f9d352dcb724a
locked,breast_cancer_wisconsin,mean_ensemble,synthetic_sensor_failure,0.1,shadow,2,0.9473684210526315,0.0,ee96cfb81a216db50f5379af91a1944137cbb0a269e520e2f72e1182f71912fe
locked,breast_cancer_wisconsin,static_weighted_ensemble,synthetic_sensor_failure,0.1,shadow,2,0.9649122807017544,0.0,c1dbe22c2c227d5e4af63bd7744c3fce46c4acae8ad1a982c086b95fc47bc2fa
locked,breast_cancer_wisconsin,veto_mavs,synthetic_sensor_failure,0.1,shadow,2,0.9473684210526315,0.0,6820ece1c52a24532f9bdb9f3afb9427a11b6034da08b6c77afe56512f041a30
locked,breast_cancer_wisconsin,pure_mavs_gc,synthetic_sensor_failure,0.1,shadow,2,0.9298245614035088,0.0,927e351d65a60260cc5228121da57e5f66330773bec642ce9f6c322f1a6629dc
locked,breast_cancer_wisconsin,single_model,synthetic_sensor_failure,0.2,primary,3,0.9649122807017544,0.0,88c13ff8e031305a129da48a039c7f50f3a6c5b4aed018d401e084078a344573
locked,breast_cancer_wisconsin,mean_ensemble,synthetic_sensor_failure,0.2,primary,3,0.9473684210526315,0.0,14328784ac99d3f06724e0a546f5b70e15db649de4036767ce7fe3c40562e062
locked,breast_cancer_wisconsin,static_weighted_ensemble,synthetic_sensor_failure,0.2,primary,3,0.9649122807017544,0.0,ca9b6f9b1eb6c9a92ccd436ef4f483d21aa963056a2d7e53b69bf6deedad77a8
locked,breast_cancer_wisconsin,veto_mavs,synthetic_sensor_failure,0.2,primary,3,0.9473684210526315,0.0,1e1a4820ab6948872c97eaefd106a6341765f08145bf7520afcec64643f2afd6
locked,breast_cancer_wisconsin,pure_mavs_gc,synthetic_sensor_failure,0.2,primary,3,0.9298245614035088,1.232595164407831e-32,b5d87a81e9176210ca809772b02d9dbd9f73d3157c9972dcff1ecf4b4e74c32d
locked,breast_cancer_wisconsin,single_model,synthetic_sensor_failure,0.2,shadow,2,0.9649122807017544,0.0,9b99c46a76fd6841fc7bfd0f5e217cae79925167d85b35b16d79f8db46a5bf02
locked,breast_cancer_wisconsin,mean_ensemble,synthetic_sensor_failure,0.2,shadow,2,0.9473684210526315,0.0,4305e64c1ab845357b6af3f6e042b92742e22b7c7f58df143fe8063eac13384b
locked,breast_cancer_wisconsin,static_weighted_ensemble,synthetic_sensor_failure,0.2,shadow,2,0.9649122807017544,0.0,e6cf747743a6609fea62c9bd44e71544e74162cffaf06a53747582c2956ba2d1
locked,breast_cancer_wisconsin,veto_mavs,synthetic_sensor_failure,0.2,shadow,2,0.9473684210526315,0.0,8ab942042fc7f403fbe1c4b0a41f4d4909aa51bb6c75cc1174f6718a38b4fa5e
locked,breast_cancer_wisconsin,pure_mavs_gc,synthetic_sensor_failure,0.2,shadow,2,0.9298245614035088,0.0,da79196ca42b78c4279cf5f137715571ace09da671583ab07603134454d166e2
locked,breast_cancer_wisconsin,single_model,synthetic_sensor_failure,0.4,primary,3,0.9649122807017544,0.0,967ea312accc9e11415cac4f2e71329609d9c6b893ab72f6ee28a8d57af2b41f
locked,breast_cancer_wisconsin,mean_ensemble,synthetic_sensor_failure,0.4,primary,3,0.9473684210526315,0.0,41e5570995b3f1ac063f9ceaa67d24b42a076a66e99471cdbe3e1ac275589563
locked,breast_cancer_wisconsin,static_weighted_ensemble,synthetic_sensor_failure,0.4,primary,3,0.9649122807017544,0.0,92e814a416abe663e82abded27d56d12d7683e08104f72c130b209ff5ef44b0d
locked,breast_cancer_wisconsin,veto_mavs,synthetic_sensor_failure,0.4,primary,3,0.9473684210526315,0.0,5d96f5f30644470243eeab6c156f482e733757e34d015b7a2d6c1b9a45132996
locked,breast_cancer_wisconsin,pure_mavs_gc,synthetic_sensor_failure,0.4,primary,3,0.9473684210526315,0.0,28d5ae3fe1b491676b8c5ecb1cea3656f623d9e491e2ba46f1a06e0c2ba395fa
locked,breast_cancer_wisconsin,single_model,synthetic_sensor_failure,0.4,shadow,2,0.9649122807017544,0.0,d88b5139cdedacc0b3dcc42a533a8bb1e612333ca0e7b2dd228b931d0f6f6d6e
locked,breast_cancer_wisconsin,mean_ensemble,synthetic_sensor_failure,0.4,shadow,2,0.9473684210526315,0.0,9c031e59a6886e6fee222dd1f081127a94c2212ff75b95188664ce64a46bc12d
locked,breast_cancer_wisconsin,static_weighted_ensemble,synthetic_sensor_failure,0.4,shadow,2,0.9649122807017544,0.0,de9abcc2c6b1f3695df4c082b44b5094750745ef7358d4577054bd3819068509
locked,breast_cancer_wisconsin,veto_mavs,synthetic_sensor_failure,0.4,shadow,2,0.9473684210526315,0.0,4c453aada4f380b7790f66b50690b07dee05b58a525a9ce70277db9bf102bc65
locked,breast_cancer_wisconsin,pure_mavs_gc,synthetic_sensor_failure,0.4,shadow,2,0.9473684210526315,0.0,476410f6c035f8a3b02ed4a1c47ce19819fe593e9befa02bb429cf3849d8865b
locked,breast_cancer_wisconsin,single_model,synthetic_sensor_failure,0.6,primary,3,0.9473684210526315,0.0,f801a2376d7e2ecc541d7e3951f25d590deddd74c11d6453d97a8735c9e3137f
locked,breast_cancer_wisconsin,mean_ensemble,synthetic_sensor_failure,0.6,primary,3,0.9298245614035088,1.232595164407831e-32,3c755272a66762914652995f29b663eeaa72ff8d71145717cff24cd33220e251
locked,breast_cancer_wisconsin,static_weighted_ensemble,synthetic_sensor_failure,0.6,primary,3,0.9473684210526315,0.0,6cd86c336bae41f895ecc549c2fd49a37bfdb5ba8f03447120939413fa784946
locked,breast_cancer_wisconsin,veto_mavs,synthetic_sensor_failure,0.6,primary,3,0.9298245614035088,1.232595164407831e-32,371ddc62d0cc26c3ee61d3dcc94e355a4ae93418200a8ecf4c72cc2d39fadb39
locked,breast_cancer_wisconsin,pure_mavs_gc,synthetic_sensor_failure,0.6,primary,3,0.9473684210526315,0.0,54b57c5c9598aea5959dc1d457538d17aed95cdc50dfee6d7cb48c14e36f841b
locked,breast_cancer_wisconsin,single_model,synthetic_sensor_failure,0.6,shadow,2,0.9473684210526315,0.0,970a225719ac27e869038a4437edb2aca9f31ae52661f5dc306440746da132e5
locked,breast_cancer_wisconsin,mean_ensemble,synthetic_sensor_failure,0.6,shadow,2,0.9298245614035088,0.0,5de5e4d6fd499997b5ff6efe9db042c408110d5fc3bd59bdbb21ad812ddfc3ec
locked,breast_cancer_wisconsin,static_weighted_ensemble,synthetic_sensor_failure,0.6,shadow,2,0.9473684210526315,0.0,73222d3533c8b021c9636c5aab8532a9cb86576dbe4a42b41b405dd95e4963b4
locked,breast_cancer_wisconsin,veto_mavs,synthetic_sensor_failure,0.6,shadow,2,0.9298245614035088,0.0,3c4fe8ba4d98d1fbf49f0f1525ded494ddc371b063ac56d1f5b52565dc304800
locked,breast_cancer_wisconsin,pure_mavs_gc,synthetic_sensor_failure,0.6,shadow,2,0.9473684210526315,0.0,24506ffb65ade85fc6693003cb7e62dbca0a05d24606fbf333e928d3975e51f6
locked,breast_cancer_wisconsin,single_model,synthetic_sensor_failure,0.8,primary,3,0.8421052631578947,0.0,1445734e90b1c24ad93889a579cc07b58c0df84177c15e3a2e586ccc337a5743
locked,breast_cancer_wisconsin,mean_ensemble,synthetic_sensor_failure,0.8,primary,3,0.9122807017543859,1.232595164407831e-32,55b322b5df990598498bb36714d8dadd80464e73b704d8c0542000a1c1849ed7
locked,breast_cancer_wisconsin,static_weighted_ensemble,synthetic_sensor_failure,0.8,primary,3,0.8421052631578947,0.0,cebc4185376335f71244c0a7ad2737ccd4c28633090a5dd72c69c74d6d4a57fb
locked,breast_cancer_wisconsin,veto_mavs,synthetic_sensor_failure,0.8,primary,3,0.9122807017543859,1.232595164407831e-32,c1e9b0919c5ecd9088cc2ef91e32ce468d33cfbc7d08f81d86aef310ba9f1df5
locked,breast_cancer_wisconsin,pure_mavs_gc,synthetic_sensor_failure,0.8,primary,3,0.8947368421052632,0.0,91e885ab4437e8f39f912f64fa93c5b3d1dc01cd3da6f021ba2d7144b6f3aaed
locked,breast_cancer_wisconsin,single_model,synthetic_sensor_failure,0.8,shadow,2,0.8421052631578947,0.0,842e3f26446f8e16c380f30c47e36d3c18b572da2cb257fe954f46a03fe89ebb
locked,breast_cancer_wisconsin,mean_ensemble,synthetic_sensor_failure,0.8,shadow,2,0.9122807017543859,0.0,af8c24e2d1dff306853ce3faf18b7d0338379805dee703383822431361dfc4e0
locked,breast_cancer_wisconsin,static_weighted_ensemble,synthetic_sensor_failure,0.8,shadow,2,0.8421052631578947,0.0,413f2b2bc1b421c088489c2a77888ad2bf424e3cb9b9cacee1e38ce9061afb37
locked,breast_cancer_wisconsin,veto_mavs,synthetic_sensor_failure,0.8,shadow,2,0.9122807017543859,0.0,104007a0bd6b9c52b4aac109de9e1bc5941003c3dd69ea73b8f2967b4a694b8a
locked,breast_cancer_wisconsin,pure_mavs_gc,synthetic_sensor_failure,0.8,shadow,2,0.8947368421052632,0.0,1f5424ae9b5c4d0721dfea680a4916fb1229f953cc7acdc7f132d92b5ad93cc7
locked,breast_cancer_wisconsin,single_model,synthetic_sensor_failure,1.0,primary,3,0.631578947368421,0.0,8996a2bc65c4071246980d2ecee0aca48bb76b600acb9e2e1a373e6b2a782827
locked,breast_cancer_wisconsin,mean_ensemble,synthetic_sensor_failure,1.0,primary,3,0.631578947368421,0.0,b330bf77ccc6de988d1e543fd1a76159f7fed1661df7c0e36b3ca981e5f6c699
locked,breast_cancer_wisconsin,static_weighted_ensemble,synthetic_sensor_failure,1.0,primary,3,0.631578947368421,0.0,38f3a8fef0e25df979885eb0e08ce6bb8bbec58f397cedd3d60fdf7809e418b5
locked,breast_cancer_wisconsin,veto_mavs,synthetic_sensor_failure,1.0,primary,3,0.631578947368421,0.0,061d921f0ab3b33041312f94d5ed30a29d41c8a35cb82571730e4e4bae8809eb
locked,breast_cancer_wisconsin,pure_mavs_gc,synthetic_sensor_failure,1.0,primary,3,0.631578947368421,0.0,5f473c6f39e39d03202b0258e75787504248e512b8f58e50dadf6dd7ee2aab98
locked,breast_cancer_wisconsin,single_model,synthetic_sensor_failure,1.0,shadow,2,0.631578947368421,0.0,c7552acfd5e2b39de508fb3cec94aef4f454e83562b2966c0538f77df92f1288
locked,breast_cancer_wisconsin,mean_ensemble,synthetic_sensor_failure,1.0,shadow,2,0.631578947368421,0.0,b0fda985357b5fec9cc0d5ba4bf26ad4f02022af8b2a9273e972a1e6af210594
locked,breast_cancer_wisconsin,static_weighted_ensemble,synthetic_sensor_failure,1.0,shadow,2,0.631578947368421,0.0,8b24892832343f5d30b868dfbaf1d7d35becf80cb8535ffc11eca413b640c4e4
locked,breast_cancer_wisconsin,veto_mavs,synthetic_sensor_failure,1.0,shadow,2,0.631578947368421,0.0,779686a5611171bbb5011e17d870db8d5392fa889fa905957dbceba3eeee00cf
locked,breast_cancer_wisconsin,pure_mavs_gc,synthetic_sensor_failure,1.0,shadow,2,0.631578947368421,0.0,c7988a7f4f11aded45769fa23b12a7831cddafa524cf4a70bcdd0f9bd7d8a319
locked,breast_cancer_wisconsin,single_model,specialist_failure,0.0,primary,3,0.9649122807017544,0.0,2e00e3bd40e364132bc16ee23e1f6ca03094a6bd6e65811b3c30307ea3ec1e87
locked,breast_cancer_wisconsin,mean_ensemble,specialist_failure,0.0,primary,3,0.9473684210526315,0.0,d5cb7277fc2005c0262e149cdc0182525a2eb25eccd29321edd3c1637a5ffe19
locked,breast_cancer_wisconsin,static_weighted_ensemble,specialist_failure,0.0,primary,3,0.9649122807017544,0.0,aad94dd44db234ac9c79e390c2a306240adad9cb58fa6a23d81dfdc26ee06bf0
locked,breast_cancer_wisconsin,veto_mavs,specialist_failure,0.0,primary,3,0.9473684210526315,0.0,b2ae86d83050fa51d5c5b6efbc11ba5275038aaac605c7688be93703da921585
locked,breast_cancer_wisconsin,pure_mavs_gc,specialist_failure,0.0,primary,3,0.9473684210526315,0.0,c5c6d3587f2435571ffd91a3bd31772da2bef047ff680568f50a1bb0535d9818
locked,breast_cancer_wisconsin,single_model,specialist_failure,0.0,shadow,2,0.9649122807017544,0.0,847e91dcec062f354c686712bf5cf7f807d41f162aad42586b260c14ca177f07
locked,breast_cancer_wisconsin,mean_ensemble,specialist_failure,0.0,shadow,2,0.9473684210526315,0.0,0ad13da6e00468368e17d67dfd01bb0b235a7da9bda41e70879b66ca7f85874a
locked,breast_cancer_wisconsin,static_weighted_ensemble,specialist_failure,0.0,shadow,2,0.9649122807017544,0.0,af163f66087a54f70ab3b7552dfd90ff88e8a1471c3fcc48d9bc8d480c3b07f2
locked,breast_cancer_wisconsin,veto_mavs,specialist_failure,0.0,shadow,2,0.9473684210526315,0.0,1c196e49ba8f3d00a5094e8de084cfbf6529c396ce57a7fe4eee678317760edd
locked,breast_cancer_wisconsin,pure_mavs_gc,specialist_failure,0.0,shadow,2,0.9473684210526315,0.0,66b7f76a3bebde3b7a446ca6c5dad51dbd91f3ce0dcf2e1989fd1b2c28140884
locked,breast_cancer_wisconsin,single_model,specialist_failure,0.05,primary,3,0.9649122807017544,0.0,6e0f1ae8d024f968123eab1366df83cf76f9e61d9cee23ba2855b2cb301bc329
locked,breast_cancer_wisconsin,mean_ensemble,specialist_failure,0.05,primary,3,0.9298245614035088,1.232595164407831e-32,a7300e828a7866f692e9635c14a48bd73553f8a3284010d0fc03660dc2507b0c
locked,breast_cancer_wisconsin,static_weighted_ensemble,specialist_failure,0.05,primary,3,0.9649122807017544,0.0,f9b57094bd37dbc76b4ab1e7906a70230e4e670ba87037294e5e17afcb888661
locked,breast_cancer_wisconsin,veto_mavs,specialist_failure,0.05,primary,3,0.9298245614035088,1.232595164407831e-32,57855c569d0ee160296dd4488f0307bf520f74e41d1fbc6b1f1f7b6190e44331
locked,breast_cancer_wisconsin,pure_mavs_gc,specialist_failure,0.05,primary,3,0.9298245614035088,1.232595164407831e-32,a17b68f713378ae6e2860b2e494dca4711321a457dee7566042eb6befb9434a3
locked,breast_cancer_wisconsin,single_model,specialist_failure,0.05,shadow,2,0.9649122807017544,0.0,5b5baace0452b7c7c199101ab3878506514d7f71bb31d18244975bc044921cf2
locked,breast_cancer_wisconsin,mean_ensemble,specialist_failure,0.05,shadow,2,0.9298245614035088,0.0,1a2b881708470f325c61ab319fcd1360e2c0b1d6b829cc2de8af84655cb1a9f7
locked,breast_cancer_wisconsin,static_weighted_ensemble,specialist_failure,0.05,shadow,2,0.9649122807017544,0.0,038327ad16183e0cb9bdd663087948b73bc20828ef03ba3e76bfd8c23a07a7f1
locked,breast_cancer_wisconsin,veto_mavs,specialist_failure,0.05,shadow,2,0.9298245614035088,0.0,99376fa373595b93fb47c257c562a03bd5109c15b8d39fa7523a26be055bc755
locked,breast_cancer_wisconsin,pure_mavs_gc,specialist_failure,0.05,shadow,2,0.9298245614035088,0.0,16c5e7ac38e81034a01fb404d4bdd94fdeb923d2c0f0bbbebeabff1a65c7af42
locked,breast_cancer_wisconsin,single_model,specialist_failure,0.1,primary,3,0.9649122807017544,0.0,81fe800fc909e517ec9769959fcd0ecdce7cded3b63252eb1f2ddd9a26591d9a
locked,breast_cancer_wisconsin,mean_ensemble,specialist_failure,0.1,primary,3,0.9298245614035088,1.232595164407831e-32,7bb7c75d063503e8116d7379df9ea18abfebfa4a1467d7877f6b450bb7b5f507
locked,breast_cancer_wisconsin,static_weighted_ensemble,specialist_failure,0.1,primary,3,0.9649122807017544,0.0,745a6ea31ee136f7e47447c0cbad2edbdf9f4b77538d217e568c2d7dd0bda4b1
locked,breast_cancer_wisconsin,veto_mavs,specialist_failure,0.1,primary,3,0.9298245614035088,1.232595164407831e-32,606b84b65001b0d67bdfb69c4993fd3f054373eec0917707e28ac1d58e76b995
locked,breast_cancer_wisconsin,pure_mavs_gc,specialist_failure,0.1,primary,3,0.9298245614035088,1.232595164407831e-32,295d114dfce355b14aa20b183a3a371251a5c19975e1cea71256b9b7ed1d1456
locked,breast_cancer_wisconsin,single_model,specialist_failure,0.1,shadow,2,0.9649122807017544,0.0,2c4989a561148a3fa2e3a178689a9e2ffb00fca8f094216287529b73b096026f
locked,breast_cancer_wisconsin,mean_ensemble,specialist_failure,0.1,shadow,2,0.9298245614035088,0.0,b681e4db75a24a6fc7caf7b431bfa1fcf7a956aaf862195cbba475926f1eb879
locked,breast_cancer_wisconsin,static_weighted_ensemble,specialist_failure,0.1,shadow,2,0.9649122807017544,0.0,b8c78be80bce9da8d9969fde389ddefde3780a7b2fd48e30f5e3c2cbacefda89
locked,breast_cancer_wisconsin,veto_mavs,specialist_failure,0.1,shadow,2,0.9298245614035088,0.0,5fa907d4ebe6a226e9ed7fa259a001dede3a8162c78a86f2713c7678e4bc4e84
locked,breast_cancer_wisconsin,pure_mavs_gc,specialist_failure,0.1,shadow,2,0.9298245614035088,0.0,fe2848b9c019b4d52c616d4a253b3d536bec997bf5a6e5eb534c1e2cec2d6d4f
locked,breast_cancer_wisconsin,single_model,specialist_failure,0.2,primary,3,0.9649122807017544,0.0,e236d9004375f9d0de8246df5f68cd7f880f830a490037cac47d865237f17bd6
locked,breast_cancer_wisconsin,mean_ensemble,specialist_failure,0.2,primary,3,0.9298245614035088,1.232595164407831e-32,6492ec209d378c3d7499416d0ccfac2ffb1d0c57da33844fc9946e2a8c16c240
locked,breast_cancer_wisconsin,static_weighted_ensemble,specialist_failure,0.2,primary,3,0.9649122807017544,0.0,4c241a1954bc59abe72c8fd64bde754b367800701d15bd8ffba558e10d7d34a9
locked,breast_cancer_wisconsin,veto_mavs,specialist_failure,0.2,primary,3,0.9298245614035088,1.232595164407831e-32,ec7bdb6ab256f9a8946bada0adc79d9f9807667e8b625f98e6e2599a5935473b
locked,breast_cancer_wisconsin,pure_mavs_gc,specialist_failure,0.2,primary,3,0.9298245614035088,1.232595164407831e-32,4d483aa444ed62269a1c3551c79357f8655600b0a016ecb059a2bf5ed1c79f42
locked,breast_cancer_wisconsin,single_model,specialist_failure,0.2,shadow,2,0.9649122807017544,0.0,fbe08a1753eff245f31308d365c32d4336472bd1f03a30c9a9904b03406a61b0
locked,breast_cancer_wisconsin,mean_ensemble,specialist_failure,0.2,shadow,2,0.9298245614035088,0.0,c57cb4d0ab7aa36b0253bd87bfac9181620a553dedc173d98ab64a5feb2e94dd
locked,breast_cancer_wisconsin,static_weighted_ensemble,specialist_failure,0.2,shadow,2,0.9649122807017544,0.0,dd4071b9f1c43d8ae3f0e617f1cdd4ea074d5a39aea3377b2f4beb8cce9cd56b
locked,breast_cancer_wisconsin,veto_mavs,specialist_failure,0.2,shadow,2,0.9298245614035088,0.0,ae122584d6e9dfc83976be7c3820377fd90f2606f9d6596688c4ef90e0f906cb
locked,breast_cancer_wisconsin,pure_mavs_gc,specialist_failure,0.2,shadow,2,0.9298245614035088,0.0,c44309c073da0ea4deab4c2054590b295c344331676b0be52c54be0e7a4cff02
locked,breast_cancer_wisconsin,single_model,specialist_failure,0.4,primary,3,0.9649122807017544,0.0,d31a716bb6f65c6dbb055b6a4fb0d0e05a721eb1d1481fe328620048d95b1a8c
locked,breast_cancer_wisconsin,mean_ensemble,specialist_failure,0.4,primary,3,0.9649122807017544,0.0,5490ad8992354db9576e7e3dcbc10203bfdb71447ed9c70cae906749d4abe782
locked,breast_cancer_wisconsin,static_weighted_ensemble,specialist_failure,0.4,primary,3,0.9649122807017544,0.0,2c381be7655af7d05d6d9eaba833e3a75d6896d73a2b7b327c244ff1779e55e9
locked,breast_cancer_wisconsin,veto_mavs,specialist_failure,0.4,primary,3,0.9649122807017544,0.0,0890afa912bac41f3a73a40ce325cc78ebbb2d84c9b31ac51d0ba40abbaf2dc7
locked,breast_cancer_wisconsin,pure_mavs_gc,specialist_failure,0.4,primary,3,0.9473684210526315,0.0,bf5df8fb885fbb7739a3455493cb796724ebfe26627e2356652f23b256c3c37d
locked,breast_cancer_wisconsin,single_model,specialist_failure,0.4,shadow,2,0.9649122807017544,0.0,5ddce25b8890eb68565d29c0931b46adcf62d98f8eecd76e62c42f00312282c4
locked,breast_cancer_wisconsin,mean_ensemble,specialist_failure,0.4,shadow,2,0.9649122807017544,0.0,98ef97e0da5d3fb45c5d885bf55deb17ce5d2ed18aa854a79a6d932a82afc2ee
locked,breast_cancer_wisconsin,static_weighted_ensemble,specialist_failure,0.4,shadow,2,0.9649122807017544,0.0,9097e2f1e40d9f1fb7c4b2e1091fd5f0a76b82ffbef5b461c2d695d591041d53
locked,breast_cancer_wisconsin,veto_mavs,specialist_failure,0.4,shadow,2,0.9649122807017544,0.0,e28a2832f0f0070fcad983d3c54d9a2069ce9f195dc232faa990c30be8bd416b
locked,breast_cancer_wisconsin,pure_mavs_gc,specialist_failure,0.4,shadow,2,0.9473684210526315,0.0,90f4ffc9a69e3e11bc37fc338b88fb9e3a09e122a5caa94864c8cdfb747d2527
locked,breast_cancer_wisconsin,single_model,specialist_failure,0.6,primary,3,0.9649122807017544,0.0,b1b321320f8cad724069611fc824cdc8a1f2482cce94bd220e7762edc1431cde
locked,breast_cancer_wisconsin,mean_ensemble,specialist_failure,0.6,primary,3,0.9649122807017544,0.0,4e5af54c0e1ae8e63f8bc297a296794eac38c27b2c456e737f68a589ac4025f4
locked,breast_cancer_wisconsin,static_weighted_ensemble,specialist_failure,0.6,primary,3,0.9649122807017544,0.0,33e6487941f9b0dfcb782ef11dd79b6c35bd6b5c495dcb6d44a77913280d5052
locked,breast_cancer_wisconsin,veto_mavs,specialist_failure,0.6,primary,3,0.9649122807017544,0.0,34d189ed9a088701a7753686d4a63d9d6f13843e9cd7912bab588d644e794057
locked,breast_cancer_wisconsin,pure_mavs_gc,specialist_failure,0.6,primary,3,0.9473684210526315,0.0,8b04649e0e62f22e46f9b325a8e8f708d50b93e1ff02e49b8e535ae2c5358ee7
locked,breast_cancer_wisconsin,single_model,specialist_failure,0.6,shadow,2,0.9649122807017544,0.0,c8411a8d04345a355d611477a5e421b3d37d7da35abde29357d5fd4dba7bcd23
locked,breast_cancer_wisconsin,mean_ensemble,specialist_failure,0.6,shadow,2,0.9649122807017544,0.0,72cf55e96f1d6db56710590410df72dd2c02af41c552e13154964776fb872505
locked,breast_cancer_wisconsin,static_weighted_ensemble,specialist_failure,0.6,shadow,2,0.9649122807017544,0.0,cc515b50a04ce0a0da300ff063f38910f71f82d342d95df058b88bb574b22df6
locked,breast_cancer_wisconsin,veto_mavs,specialist_failure,0.6,shadow,2,0.9649122807017544,0.0,484a5093078a03269636b9040122bfb3b6bfcfe051ce9540905937b489da1538
locked,breast_cancer_wisconsin,pure_mavs_gc,specialist_failure,0.6,shadow,2,0.9473684210526315,0.0,1b628cb82b2b40a8f6a8dcb6e553daa21b0088de9556d22c8b7601bb0177cdad
locked,breast_cancer_wisconsin,single_model,specialist_failure,0.8,primary,3,0.3684210526315789,0.0,879d9b6584f0c65e99b539b407fd7870fcbe5addeb77867eb575954ec246f228
locked,breast_cancer_wisconsin,mean_ensemble,specialist_failure,0.8,primary,3,0.3684210526315789,0.0,6c6248cb7b2949a1f494091f6b75685a93ef3439f267b4d4625a2b0df9b5f014
locked,breast_cancer_wisconsin,static_weighted_ensemble,specialist_failure,0.8,primary,3,0.3684210526315789,0.0,7a247e1c803babe5b7c8f95207c959c0f023cb47e0e2747f3e787c6a2c1f3a92
locked,breast_cancer_wisconsin,veto_mavs,specialist_failure,0.8,primary,3,0.3684210526315789,0.0,9667473bd18e66b34c89e95bd5c95999677d28e221e5a302d3d6147bb4f43c26
locked,breast_cancer_wisconsin,pure_mavs_gc,specialist_failure,0.8,primary,3,0.631578947368421,0.0,324d464e5fd1263e9152d79769ce3b4297f340a4f6e9a67f6e1a00f09c50d915
locked,breast_cancer_wisconsin,single_model,specialist_failure,0.8,shadow,2,0.3684210526315789,0.0,01baec246b5959b3e7ee8b60fa1b7fb89fb35ef2e47d0e92d2e86f92d9016d14
locked,breast_cancer_wisconsin,mean_ensemble,specialist_failure,0.8,shadow,2,0.3684210526315789,0.0,045b12b8d15f943bf77b75ca05aac9138fe2ddf4d74bdf4566bc84e241404a50
locked,breast_cancer_wisconsin,static_weighted_ensemble,specialist_failure,0.8,shadow,2,0.3684210526315789,0.0,daae692a8d63e89ea9fc3dc229f1c15d0598278e5cd1599205dca306d582ecc8
locked,breast_cancer_wisconsin,veto_mavs,specialist_failure,0.8,shadow,2,0.3684210526315789,0.0,7271fca49a43a912242b15e0668c055a9a2bae4753c5d2771d901140849a64b5
locked,breast_cancer_wisconsin,pure_mavs_gc,specialist_failure,0.8,shadow,2,0.631578947368421,0.0,5592164932912ca2f2fda4615995a7e45aab1090d5e3a8caf6ab99b23c977dbd
locked,breast_cancer_wisconsin,single_model,specialist_failure,1.0,primary,3,0.3684210526315789,0.0,e5663a7d05c143fd4e72945466b0742db375c052082f789400477d8f438c1eb8
locked,breast_cancer_wisconsin,mean_ensemble,specialist_failure,1.0,primary,3,0.3684210526315789,0.0,37433bcfedc1be47c8f18396f8f917925d09767b5909f6534381c565bacf9b47
locked,breast_cancer_wisconsin,static_weighted_ensemble,specialist_failure,1.0,primary,3,0.3684210526315789,0.0,375092f7532d1e0b11febd077eba4c06cef052c3fb15395ddce982e4ae7fcaf1
locked,breast_cancer_wisconsin,veto_mavs,specialist_failure,1.0,primary,3,0.3684210526315789,0.0,9ac066cfd5f0a1e9be3d692deae0ebf5b5aa550444db7d79d70a0d565d130f43
locked,breast_cancer_wisconsin,pure_mavs_gc,specialist_failure,1.0,primary,3,0.631578947368421,0.0,e17adc46576c921e48a6a58d87b4b4484f2dfa3adfcddf7771714d206ef96600
locked,breast_cancer_wisconsin,single_model,specialist_failure,1.0,shadow,2,0.3684210526315789,0.0,5e2f28839bb928dbbeda83e21224455cd9a6d661a3b7dffe31fe55c21f7495ff
locked,breast_cancer_wisconsin,mean_ensemble,specialist_failure,1.0,shadow,2,0.3684210526315789,0.0,5edc4c84e4e0c7c53744ee0029e916cccb0d9b39c0a3a72a552c8e0563378640
locked,breast_cancer_wisconsin,static_weighted_ensemble,specialist_failure,1.0,shadow,2,0.3684210526315789,0.0,629bc4ded217e2bc8c9441709df4ab5a7cb2d5c07b34af2d148193a5aa0afccc
locked,breast_cancer_wisconsin,veto_mavs,specialist_failure,1.0,shadow,2,0.3684210526315789,0.0,3c1aebb7d8d8b79715496638f2fa9e8e856dd93b1a840a58221c4666684c3124
locked,breast_cancer_wisconsin,pure_mavs_gc,specialist_failure,1.0,shadow,2,0.631578947368421,0.0,3bc48017bf658c0b7ecab1c5ac76a06f72d57ce37ba154f8aeab2ef9eb02b18d
locked,adult_income,single_model,feature_noise,0.0,primary,3,0.8632268632268633,0.0,cc3469264cdf7f84d2a30fe288186dcff5b3273df88f7b8d81e915b746e73ea9
locked,adult_income,mean_ensemble,feature_noise,0.0,primary,3,0.8634316134316135,0.0,fd367b618a97ec0978c106586b02eae3cb076ef0d28ec2d733681b456e96ebbb
locked,adult_income,static_weighted_ensemble,feature_noise,0.0,primary,3,0.8632268632268633,0.0,1787b95e879111ffa16e340783b9464e48af73ac91c3ae864f99242fc422f739
locked,adult_income,veto_mavs,feature_noise,0.0,primary,3,0.8634316134316135,0.0,69dba24b3bfebbdde51be11cf53783ebbbeeee58259b3645c2e3705ab9d4525b
locked,adult_income,pure_mavs_gc,feature_noise,0.0,primary,3,0.8607698607698607,0.0,9f83ef431a77d3df7b4a22569dd685a0689f58efb08622006f56ede44b394967
locked,adult_income,single_model,feature_noise,0.0,shadow,2,0.8632268632268633,0.0,d01fc153bdedde57ec6aaf56c65695dd83d897b2ec90be962dbcd93da4897c1f
locked,adult_income,mean_ensemble,feature_noise,0.0,shadow,2,0.8634316134316135,0.0,ea0239d9edad5d4e88258a4683af7c4b6a5140d437968658aecf2e76e8e4eee8
locked,adult_income,static_weighted_ensemble,feature_noise,0.0,shadow,2,0.8632268632268633,0.0,c5fc444bfc84e519df23f9eaa27eae8ed798295c476186778cfc6b517c5e98fa
locked,adult_income,veto_mavs,feature_noise,0.0,shadow,2,0.8634316134316135,0.0,ace367bc9b849fd7f0f6cee555014e7ea452b978208cbe82c601495d6e23527c
locked,adult_income,pure_mavs_gc,feature_noise,0.0,shadow,2,0.8607698607698607,0.0,f7ec310c30e940b42ca63779e8adb3786eee0564efa72102d1b206de33b4e087
locked,adult_income,single_model,feature_noise,0.05,primary,3,0.8622713622713623,1.7700672901325992e-07,5dc45205ee741b80b27dd61476fb5a890e15802e79af2b6f41887af407e2522a
locked,adult_income,mean_ensemble,feature_noise,0.05,primary,3,0.8631586131586132,6.521300542596312e-08,9114aa091a587699b35a2baee347cb4eaae227a216e84b87eabe3e5327085b2d
locked,adult_income,static_weighted_ensemble,feature_noise,0.05,primary,3,0.8628856128856128,4.844394688784663e-07,33938624ff9e151491456f8b3b9db8a17b7ce4379a99c5b6b46b1fa0a2af60b2
locked,adult_income,veto_mavs,feature_noise,0.05,primary,3,0.8631586131586132,6.521300542596312e-08,24dfe2cec7789db619ce0960b63937f2ffeb06727194bc50c844042106dd0ce0
locked,adult_income,pure_mavs_gc,feature_noise,0.05,primary,3,0.8607698607698607,1.9563901627785907e-07,4baddcee09c9635a2fa14ae155cd5269110cd903249c9a5823f0a31c282870c4
locked,adult_income,single_model,feature_noise,0.05,shadow,2,0.8632268632268633,0.0,4f0b29952bed3fcc474d5102996de72794898f9ec6ae687d0ca2f4f801d5e23d
locked,adult_income,mean_ensemble,feature_noise,0.05,shadow,2,0.8634316134316135,4.1922646345245776e-08,790d685f1fa60ff2fe23fe0c02794f083492212ea7706f85ca4f8cc78bce932c
locked,adult_income,static_weighted_ensemble,feature_noise,0.05,shadow,2,0.8632268632268633,0.0,1f3da5ebdb5b1b519101332323c6653c567c5ccdac3b793ed52af9c8b3a16ee6
locked,adult_income,veto_mavs,feature_noise,0.05,shadow,2,0.8634316134316135,4.1922646345245776e-08,62af375b1dfd498de6f716949bfea96ea137625a0878c215c2c45090eb85b155
locked,adult_income,pure_mavs_gc,feature_noise,0.05,shadow,2,0.8605651105651105,1.676905853809831e-07,7a45659d4717172ae7191258f51ed3bba6a4cdf8efd3dcaef26bcb9933ec4077
locked,adult_income,single_model,feature_noise,0.1,primary,3,0.861998361998362,7.825560651113455e-07,d34536318b2b877a4b895c9c6f338999393da30e30c54c2a8dc707630041ac65
locked,adult_income,mean_ensemble,feature_noise,0.1,primary,3,0.8625443625443625,2.888004526006174e-07,d11a60d52e286e9337862ac204a2ec85dc35fbee9938808112251bb4a81b222d
locked,adult_income,static_weighted_ensemble,feature_noise,0.1,primary,3,0.8617253617253617,4.5649103798162075e-07,f46d1dc3713b9a3c7fadf0898a0dadd69467a571e47e2368e2e50a8e7e23ce28
locked,adult_income,veto_mavs,feature_noise,0.1,primary,3,0.8625443625443625,2.888004526006174e-07,9490702b32050d5216ee292f3f7c4afcee7e9697a69995649643f0a59e85ce3e
locked,adult_income,pure_mavs_gc,feature_noise,0.1,primary,3,0.8604286104286104,3.446973143942986e-07,4e6f297d29262a171732c2f3b4eab0123fd297bb03a15a55aa93d69d7db15abe
locked,adult_income,single_model,feature_noise,0.1,shadow,2,0.8622031122031122,1.676905853809831e-07,fa8c856af885913ac16f661281083165ed4684a72323d13f67964e3e390494be
locked,adult_income,mean_ensemble,feature_noise,0.1,shadow,2,0.8635339885339886,1.2681600519438099e-06,e4b8bde1b3c3980c9f23478f383079615ba3fce2c41f3d86f114e152c866200c
locked,adult_income,static_weighted_ensemble,feature_noise,0.1,shadow,2,0.8624078624078624,3.773038171072802e-07,bf99f135ba42e7bb69776a202fc1b6700cc107f00b346818130bd520e3e67f18
locked,adult_income,veto_mavs,feature_noise,0.1,shadow,2,0.8635339885339886,1.2681600519438099e-06,8bcb9c5b85f73af5dd7f79f50a6a5ecc09131dac8b9aa26b0849d6bc819c88fb
locked,adult_income,pure_mavs_gc,feature_noise,0.1,shadow,2,0.8596437346437347,2.620165396578429e-07,7d022e11717e85a2efd977cf7316a996dfdde7c64d03dc2c61cb7c4d1f5e154f
locked,adult_income,single_model,feature_noise,0.2,primary,3,0.8596096096096096,4.536961948919266e-06,f6c6e37477ad44ce62098a4665951c4e88694a55cda197c86ed18e8086009733
locked,adult_income,mean_ensemble,feature_noise,0.2,primary,3,0.8615888615888616,1.4533184066353081e-06,84721b320aeeaa2e03988ebc68daee26df14b7a1dae1341786352c99aafb4d71
locked,adult_income,static_weighted_ensemble,feature_noise,0.2,primary,3,0.8604968604968605,4.5649103798163075e-07,2116936c3ecd772e527864ff1a983863f6acf7cbfec270c105102c9b4ca7ff44
locked,adult_income,veto_mavs,feature_noise,0.2,primary,3,0.8615888615888616,1.4533184066353081e-06,2b146b001907cdb403e8d4cc9ec77fdf3f1ac3ae979a62c0a5c513d205a279a7
locked,adult_income,pure_mavs_gc,feature_noise,0.2,primary,3,0.8576986076986076,4.1084193418345105e-06,773e24502a9c40183128f6045df27c3806b7e04f7c6afb8cde1f6b39f06c7a8b
locked,adult_income,single_model,feature_noise,0.2,shadow,2,0.861076986076986,2.3581488569202455e-06,5772a1e5b3a88b2f68e69f5d3d2a96e90a8b4c012a109725f3e94e6808fb5352
locked,adult_income,mean_ensemble,feature_noise,0.2,shadow,2,0.861076986076986,1.0480661586322811e-08,fd4e382225a6977213a73c99a98971846dbccf90737b7e71fef0aa9daf9f440c
locked,adult_income,static_weighted_ensemble,feature_noise,0.2,shadow,2,0.8607698607698607,4.1922646345245776e-08,81addb948b3b7c2a35059669a4149de2b74f829ae26ec2b51ee6b88c9349d6f2
locked,adult_income,veto_mavs,feature_noise,0.2,shadow,2,0.861076986076986,1.0480661586322811e-08,24b2993074e19b65f94d24a737b7a8552547c3061c48bc1d4cf8d6258fdc833d
locked,adult_income,pure_mavs_gc,feature_noise,0.2,shadow,2,0.8586199836199836,3.7835188326588633e-06,a4b354d1709a4ed54e6513bba7d9ee512b733eadd6ba0185bf92bdb701137367
locked,adult_income,single_model,feature_noise,0.4,primary,3,0.8517608517608517,2.096132317262592e-06,5727c5e3385a4abf0ad2d86335c5eadc87af0f6b98907f4906b5203dc6826470
locked,adult_income,mean_ensemble,feature_noise,0.4,primary,3,0.8561288561288561,3.3631278512522574e-06,7f0ee31154d210148cfd12ee1a7012dda54adb8b4b742b402312ca1e33406347
locked,adult_income,static_weighted_ensemble,feature_noise,0.4,primary,3,0.8547638547638547,2.4128812007600247e-06,98b18e12e99ae5688072003305ab252df97d26149ca073fdfdaa90f640244f18
locked,adult_income,veto_mavs,feature_noise,0.4,primary,3,0.8561288561288561,3.3631278512522574e-06,613a1325d738fffc3a660b48cae776c608c87718494123c68007f8de188e9854
locked,adult_income,pure_mavs_gc,feature_noise,0.4,primary,3,0.8535353535353536,6.521300542596314e-08,fbe19d83c56b802bef18a4c6eb097f01c43e87dbe4cfedb5becb88c84571e66b
locked,adult_income,single_model,feature_noise,0.4,shadow,2,0.8502252252252253,9.432595427680301e-08,e479668d896bee2b8a6d1a4b4ae07de3d4677b78e1eba9e4c0420c18c060eb0e
locked,adult_income,mean_ensemble,feature_noise,0.4,shadow,2,0.8536036036036037,8.216838683669128e-06,ee44185a89b79db86e0ab9632b6785cc7c2f71f5ce6b0c5ab3ec65eaa415763b
locked,adult_income,static_weighted_ensemble,feature_noise,0.4,shadow,2,0.8527846027846029,7.0849272323474235e-06,4a30606b9eb3f79aea4e84a1c0ef61eb84182924dd9315f9029d4c704fb39748
locked,adult_income,veto_mavs,feature_noise,0.4,shadow,2,0.8536036036036037,8.216838683669128e-06,0e304797c1e5ed8847de93fd5ced2e47de7270f03957b64ba7d0ea07c81d95d1
locked,adult_income,pure_mavs_gc,feature_noise,0.4,shadow,2,0.8512489762489763,2.620165396578429e-07,6cadf00c957edda99f34034353b41def3a76d61c92501e141064bd0cb81422f3
locked,adult_income,single_model,feature_noise,0.6,primary,3,0.8428883428883429,6.3256615263166665e-06,fe562a3da539aec06122731e1e4be36350c2e6f4c8f6156a02249f48e8055071
locked,adult_income,mean_ensemble,feature_noise,0.6,primary,3,0.8504641004641005,8.310000119991971e-06,adff3fa0e48516d4ff0d3486de1afca795277f55b94f945c045184bc3d21b6cf
locked,adult_income,static_weighted_ensemble,feature_noise,0.6,primary,3,0.8453453453453453,6.549248973491406e-06,d396e0dda40c565dabf78e764dea39912b434f3ca707264d6f5b428bdef7241e
locked,adult_income,veto_mavs,feature_noise,0.6,primary,3,0.8504641004641005,8.310000119991971e-06,4981ac938194ed6915d1603c24460eab7108c424d01c29eda2763d012133fb4e
locked,adult_income,pure_mavs_gc,feature_noise,0.6,primary,3,0.8471880971880972,2.6280841186656313e-05,5c24de1c5542f02d2f2d33782e15392da655032cfeaeaae9e6cc255dc6fdd447
locked,adult_income,single_model,feature_noise,0.6,shadow,2,0.8407043407043407,4.1922646345250324e-06,4117f6af70ddfc6c5feda8032c7060536a15eece3f9cff278cc0ac7e1639ea79
locked,adult_income,mean_ensemble,feature_noise,0.6,shadow,2,0.8454135954135954,3.3957343539653172e-06,de0690cfe72190946cb8a855676be6f311d2c1a27b84e0b2520db63d677faedd
locked,adult_income,static_weighted_ensemble,feature_noise,0.6,shadow,2,0.8441850941850941,3.3957343539653172e-06,69a323152095752d0a280b04c8c922259a8a68574e739d38421af669b97fe23d
locked,adult_income,veto_mavs,feature_noise,0.6,shadow,2,0.8454135954135954,3.3957343539653172e-06,088d995bfe8491f34fe7e03531eb1fb82d54eb7a6fafa0add20de567fe8e57d4
locked,adult_income,pure_mavs_gc,feature_noise,0.6,shadow,2,0.842956592956593,7.0849272323474235e-06,f0a95f496a2432c5a137e2830503a9d3a7f4b16337d70877f3b433f8a5f89c20
locked,adult_income,single_model,feature_noise,0.8,primary,3,0.8317635817635818,6.54924897349132e-06,315884f30b9113b76ed520c36088b23dc568b35c09afb37c7c48beba9ab2cb9c
locked,adult_income,mean_ensemble,feature_noise,0.8,primary,3,0.8384520884520884,7.5740247730420855e-06,340738a7c358ec5afd1f409d1453696708c4628a2a0aa0b9215168ecfd5fa5dd
locked,adult_income,static_weighted_ensemble,feature_noise,0.8,primary,3,0.8353808353808354,1.0257074139138134e-05,fba939e27633b416852c541cb7288fd17fb8d83252cd840702891552068cec2a
locked,adult_income,veto_mavs,feature_noise,0.8,primary,3,0.8384520884520884,7.5740247730420855e-06,3beeea56ac5f662b715a37b4ef0f2e0863b58b5823b8177f4abfdc6a8a7de809
locked,adult_income,pure_mavs_gc,feature_noise,0.8,primary,3,0.8344935844935845,1.9657063064107062e-06,1da593538e3e1cf5a5d09fd0a6fb1365a8d4cc28745493c417a857fc458df85c
locked,adult_income,single_model,feature_noise,0.8,shadow,2,0.8215601965601965,3.028911198444394e-06,98521b3b289de0bd78a310598768cdd48d58d6efea5e22512ff779591cb7b6cd
locked,adult_income,mean_ensemble,feature_noise,0.8,shadow,2,0.830876330876331,2.0542096709172023e-06,4a122b48abc9b5b1d59d2093cecbd33ec52a2bf6b1b92c83d51e514dd0370627
locked,adult_income,static_weighted_ensemble,feature_noise,0.8,shadow,2,0.8264742014742015,1.283881044323311e-05,edc7611aafa4cc6eb851f7d5032f018fe54fbffa9b615c16ead56dfce02444c9
locked,adult_income,veto_mavs,feature_noise,0.8,shadow,2,0.830876330876331,2.0542096709172023e-06,71c4944cb036448b869f84034441a7991b6166e5bf6e788df2462433d7d205c1
locked,adult_income,pure_mavs_gc,feature_noise,0.8,shadow,2,0.8316953316953317,6.707623415240234e-07,6410fcd5d61b4a75315f0af23814782f9f6d42f09b98d59eb0e433a32aca75c6
locked,adult_income,single_model,feature_noise,1.0,primary,3,0.8114250614250614,1.1263217651423913e-05,39094af1bac48dc3f41f25aaac20edace42c9cffed2ec320bee2fe44969268fd
locked,adult_income,mean_ensemble,feature_noise,1.0,primary,3,0.8212530712530712,1.8976984578950287e-05,6cc0dea16f5e61039dfc500119f19608a6ad4f1c2257b72c6098bf16197d8b4b
locked,adult_income,static_weighted_ensemble,feature_noise,1.0,primary,3,0.8196150696150696,6.400190675375144e-06,d7b0e3a8cbb2e2e681485df7a7077334a2ec53d0f9dc4569573f2d7161f6751f
locked,adult_income,veto_mavs,feature_noise,1.0,primary,3,0.8212530712530712,1.8976984578950287e-05,513ea56ceebb03e2433bd76e6e564fe79049050e947c46a22abbe3253f21350a
locked,adult_income,pure_mavs_gc,feature_noise,1.0,primary,3,0.8196150696150696,2.6495112490198694e-05,cb91f60b4d45fb07aaa2d7b1ccbdd7d730c1a2b034d2ddd02f772068b0473e37
locked,adult_income,single_model,feature_noise,1.0,shadow,2,0.8186936936936937,7.640402296421964e-06,2de618374cc52039f4c40c9062f96814df4712401d05e42aafcc2eb47e57329c
locked,adult_income,mean_ensemble,feature_noise,1.0,shadow,2,0.8288288288288288,2.4147444294864297e-05,549dab842649fe068974c0a3ed6f70d044c270e768f53bb4e6b6e2133ac00af7
locked,adult_income,static_weighted_ensemble,feature_noise,1.0,shadow,2,0.8242219492219491,2.3151781444164652e-05,e37b29d3f280c441564c1c447f78cd5834998bc81ee464559d6cd2edea278e66
locked,adult_income,veto_mavs,feature_noise,1.0,shadow,2,0.8288288288288288,2.4147444294864297e-05,fb6d9011dcb7b374107ce1eff33e1896a9578d7bfa53cb68cd493dd05fc6092a
locked,adult_income,pure_mavs_gc,feature_noise,1.0,shadow,2,0.822993447993448,1.434802571166205e-05,48177aba4706db03f0e31777c44d700a17ef0efae4362f6256a06a6093ffd24b
locked,adult_income,single_model,missing_features,0.0,primary,3,0.8632268632268633,0.0,4e998c919f6bc1e67063063ffbb63693e604e0304d14011aa6604f158309873f
locked,adult_income,mean_ensemble,missing_features,0.0,primary,3,0.8634316134316135,0.0,9216b15f8604a825b2ac400983b9ea32cdf172e7e6bd9dcc64b962ed3a536bfb
locked,adult_income,static_weighted_ensemble,missing_features,0.0,primary,3,0.8632268632268633,0.0,2811b605b5e4d0792bfa125222b5b846ac4676ad4e73c55d5722b67603b67643
locked,adult_income,veto_mavs,missing_features,0.0,primary,3,0.8634316134316135,0.0,020dd0f565b42b9e1247219203ff39ea3c27e39ce0a074be4b1d11e1779dbded
locked,adult_income,pure_mavs_gc,missing_features,0.0,primary,3,0.8607698607698607,0.0,ed7faf9f1a4af872ffd2e0302dc0fcda65ce7cadfcc5cfd34df89d8ae959db4b
locked,adult_income,single_model,missing_features,0.0,shadow,2,0.8632268632268633,0.0,dc86aeaacf2dbd65545740d6bdcf1b397cc1edf51e24977f34f0c6e087788faf
locked,adult_income,mean_ensemble,missing_features,0.0,shadow,2,0.8634316134316135,0.0,523e78ef44fc8fc58b4d587fce652448c6d419d2406492bb661a00a159371512
locked,adult_income,static_weighted_ensemble,missing_features,0.0,shadow,2,0.8632268632268633,0.0,125162b10c44a2ff490609bb42803c9599d145f809c56247ef027173645b52cd
locked,adult_income,veto_mavs,missing_features,0.0,shadow,2,0.8634316134316135,0.0,52dcf612006a529d3b6b18c0a252e378092d4e64b753159f7ba6b81d00558def
locked,adult_income,pure_mavs_gc,missing_features,0.0,shadow,2,0.8607698607698607,0.0,7fedb309aeaf6f6cdec430abc41d1a35dc76c7622e7dd17112103d7fa305000a
locked,adult_income,single_model,missing_features,0.05,primary,3,0.8557193557193558,3.7544058838080866e-06,2c58ca4bd9ed6f278109406b908cdb337ac7af62e16218fcd2d9f0e25620002e
locked,adult_income,mean_ensemble,missing_features,0.05,primary,3,0.8568796068796068,4.359955219905986e-06,9e12627698a72db62e40e6284f5fc080c077be5514eb104930c0f5e549855486
locked,adult_income,static_weighted_ensemble,missing_features,0.05,primary,3,0.8563336063336063,2.0216031682043165e-06,890f805152bdbdc9026a247e9aa60369c404c82e960bf085b4d42521f9797f53
locked,adult_income,veto_mavs,missing_features,0.05,primary,3,0.8568796068796068,4.359955219905986e-06,6bb0cfe38d8e631fba3d8aa2b39c0d4c65f3bc2bfd509722cf3b2213eab5a3d7
locked,adult_income,pure_mavs_gc,missing_features,0.05,primary,3,0.8538083538083538,4.136367772731462e-06,16634e51b66335aa383c1dc68303da8eca8ec3eb4e0d0916239d501f42ae5d98
locked,adult_income,single_model,missing_features,0.05,shadow,2,0.8569819819819819,1.0480661586311444e-08,0a7037205263ef1bfd2facde13e6dcc14d4eabe6161ab656f1be2622c0f6eb46
locked,adult_income,mean_ensemble,missing_features,0.05,shadow,2,0.8584152334152334,9.432595427680301e-08,3e1196f03672e23d95a8814440cd8514b95c4f2fbf37f94c29e76f6cbee28926
locked,adult_income,static_weighted_ensemble,missing_features,0.05,shadow,2,0.8585176085176085,6.707623415240234e-07,3fa55d042c43c6998f022496c713890329bd58c6dee5915251be6fc30f15a5b2
locked,adult_income,veto_mavs,missing_features,0.05,shadow,2,0.8584152334152334,9.432595427680301e-08,582f91bcbdee021b83fc2939da5bc919c9decbe6735d7a6468f0c44d1f8c78cf
locked,adult_income,pure_mavs_gc,missing_features,0.05,shadow,2,0.8557534807534808,5.135524177293404e-07,e7c1edc6c909c11a3fcb66a02bb33c133e98884b3bddb7def7ea13178fd85852
locked,adult_income,single_model,missing_features,0.1,primary,3,0.8486895986895987,5.310201870398557e-07,47545749b7a6a9d94463438f7ed64d3c86aac5ad93432f7650182720b0cd966c
locked,adult_income,mean_ensemble,missing_features,0.1,primary,3,0.8507371007371007,1.4533184066353992e-06,9f30aff0eb9d5a2c8772cf891333b54b30185152721ab3eca8ed47fb087a8772
locked,adult_income,static_weighted_ensemble,missing_features,0.1,primary,3,0.8509418509418509,5.310201870397799e-07,664481e0e2f9451eb000fbc5916d92ac447017974a80aca7a2da31b4b6677c98
locked,adult_income,veto_mavs,missing_features,0.1,primary,3,0.8507371007371007,1.4533184066353992e-06,8ba987cddadfe04b278eedcfb438e9558174d38206d2ea2bd2c3d7aff4c3c005
locked,adult_income,pure_mavs_gc,missing_features,0.1,primary,3,0.8475293475293475,2.6085202170379193e-07,68e422524c11edb8f1e7b5897628ccaad5ad8d9bfc74810b1c6ae678f8e37bc9
locked,adult_income,single_model,missing_features,0.1,shadow,2,0.8523751023751024,1.676905853809831e-07,5c46393df36d692146a720ad45fe63370ae55b379260a2bcaa476b2a1c1d8f91
locked,adult_income,mean_ensemble,missing_features,0.1,shadow,2,0.8545249795249795,1.0480661586311444e-08,cdeacd37b2bb9d6c1f09b42db58c3d0025670a1732b75f2a51b915365f6652e5
locked,adult_income,static_weighted_ensemble,missing_features,0.1,shadow,2,0.854013104013104,6.707623415240234e-07,d2020907653d263828775365babcd872e8efa8423b52b5f50b7ae8e9dbb18370
locked,adult_income,veto_mavs,missing_features,0.1,shadow,2,0.8545249795249795,1.0480661586311444e-08,0424ee9966a78ef3f1fb39ad08f2b631301025f260bdff2b24b5f71110078442
locked,adult_income,pure_mavs_gc,missing_features,0.1,shadow,2,0.8502252252252251,5.135524177293404e-07,ff570689335fbf2c39d8d5935602d0573f60ac1276bb704b660f14c66cd8ae94
locked,adult_income,single_model,missing_features,0.2,primary,3,0.8399535899535899,5.878486631967348e-06,17a715cea8e2ebc271aac5c22c09b9d612996c1ca0c0438a43d1b59e3824571a
locked,adult_income,mean_ensemble,missing_features,0.2,primary,3,0.8427518427518428,8.496322992637386e-06,838b722fca5fe153e6762600066b3035d491409630007b8b02684ad6f31541a3
locked,adult_income,static_weighted_ensemble,missing_features,0.2,primary,3,0.8409090909090909,8.831704163399565e-06,0fab19e5dcf62ec0be8dbbb157131ec783a16f493b2da93068acb86ec9056e66
locked,adult_income,veto_mavs,missing_features,0.2,primary,3,0.8427518427518428,8.496322992637386e-06,bd9b1a21a71affb852a4fb1463dc61bf201c59fc034b357c9ff0ebd36aace00f
locked,adult_income,pure_mavs_gc,missing_features,0.2,primary,3,0.8352443352443352,5.990280355554685e-06,f5c9c212784af6ae55017d2e09ec4b21406aa00e4c8f55f6f4bf1cf1726b8d3d
locked,adult_income,single_model,missing_features,0.2,shadow,2,0.8398853398853399,1.3582937415861269e-05,9a80bec4fff05cac78d127bc7b848e7eae376e070e7e4dc8afb18e818f1d2c83
locked,adult_income,mean_ensemble,missing_features,0.2,shadow,2,0.8427518427518428,5.0726402077752395e-06,1c2467e1344b21d17c9ffb12c59b9ca44bcf243d5737e7580bcf768b61d6b444
locked,adult_income,static_weighted_ensemble,missing_features,0.2,shadow,2,0.8418304668304668,7.640402296421964e-06,fdb48136200aff6fb68d3a84373ab710b9b3990d1168537488dd5603a0e30a87
locked,adult_income,veto_mavs,missing_features,0.2,shadow,2,0.8427518427518428,5.0726402077752395e-06,70d19758b1499ec5f4eb5ab6cbabf740a88d0e46f7f3b9f1df1d959b22ee530a
locked,adult_income,pure_mavs_gc,missing_features,0.2,shadow,2,0.8353808353808354,3.773038171072802e-07,1cbb8bcec2bb6cad43f3e383b1820cfc5618ee1e36456316464134e36c833ae3
locked,adult_income,single_model,missing_features,0.4,primary,3,0.8157930657930658,2.6085202170379193e-07,978e78589c3cd60c4534df7a180ebc5ec7ecd9e3047101154ce21340c904d5bb
locked,adult_income,mean_ensemble,missing_features,0.4,primary,3,0.8181818181818182,1.0061435122859897e-06,9b9bb5ea127e71f4a871f779211170ca29c22f2f51974eff9a6329390b160a10
locked,adult_income,static_weighted_ensemble,missing_features,0.4,primary,3,0.8177723177723178,5.310201870398557e-07,b73333f2b70be951f530b2852385baafd32c09e0f399f5c80ddf6ccd19fc75f8
locked,adult_income,veto_mavs,missing_features,0.4,primary,3,0.8181818181818182,1.0061435122859897e-06,8a701022fc937fa6590d2ee08d53b9db8463a670c4dda21222c7114add320535
locked,adult_income,pure_mavs_gc,missing_features,0.4,primary,3,0.811015561015561,1.7607511465005954e-06,8789555b865c86842cea966721e0153ff27534d59c2ff0a6640125206a7adea4
locked,adult_income,single_model,missing_features,0.4,shadow,2,0.8154176904176904,2.620165396577861e-07,3e55910449a8a3f14a7de5169e5674a63b629ce4de5576dfebeca2ebbab5dade
locked,adult_income,mean_ensemble,missing_features,0.4,shadow,2,0.8145986895986896,1.0480661586311444e-08,6053311998aed0f0080242cf609ff555cc56be868bda528dc1d67230f8b4bb91
locked,adult_income,static_weighted_ensemble,missing_features,0.4,shadow,2,0.8158271908271908,5.135524177293404e-07,28a6836842f6c92869ba0d85abc96de843e5327de7c5a3033c28efd85a10ef89
locked,adult_income,veto_mavs,missing_features,0.4,shadow,2,0.8145986895986896,1.0480661586311444e-08,d25b086f42d7d9f1af90614751ea05b4895f255d9f0df570527bbf6c3422b08d
locked,adult_income,pure_mavs_gc,missing_features,0.4,shadow,2,0.8092751842751843,9.432595427680301e-08,4bf2836f3bc4aa3053d64e25dbdfc2c4b0186b33d6500b7271be551d8db6ed1e
locked,adult_income,single_model,missing_features,0.6,primary,3,0.7914277914277914,6.325661526316762e-06,bfb6ae3f9dd438fd48ddf4c93fa0fa37777c718efe44d5e7a1d6a93acd0b08e2
locked,adult_income,mean_ensemble,missing_features,0.6,primary,3,0.7905405405405406,4.723284821564933e-06,e4019f070eb37d12fabea8f4b1ae3c25417a2b6fdcc15015f29ee0f3e35f36ed
locked,adult_income,static_weighted_ensemble,missing_features,0.6,primary,3,0.7925197925197925,2.412881200759863e-06,0db7d83f1161e4ffc1f076f7c33ee6f07938bc540e89c334a37face8aa792053
locked,adult_income,veto_mavs,missing_features,0.6,primary,3,0.7905405405405406,4.723284821564933e-06,bccfe591b1eece3d3968475608612fbe906a6cda6905dfc338bd73f9ec8be16f
locked,adult_income,pure_mavs_gc,missing_features,0.6,primary,3,0.785012285012285,7.90940594380381e-06,ee87c2b29b6574cd2ca0b6dafd4f56b2f1e6d8039dcde1959175d285ca8394a9
locked,adult_income,single_model,missing_features,0.6,shadow,2,0.7921785421785421,4.192264634526851e-08,9bc5c68b7da02ca07d5e1b259f7caf9f305c6811365a7a486e49a01a5da49e7e
locked,adult_income,mean_ensemble,missing_features,0.6,shadow,2,0.788083538083538,1.0480661586312581e-06,f253e03cf0fef22df43b6f2adbbfd32f7a9f07bc8792a56c3b4bae5888af0f4d
locked,adult_income,static_weighted_ensemble,missing_features,0.6,shadow,2,0.7919737919737919,4.192264634526851e-08,27f024a154548702e6542d494d95952c5187113b9331ccc0a9c95e716f2ce673
locked,adult_income,veto_mavs,missing_features,0.6,shadow,2,0.788083538083538,1.0480661586312581e-06,ad98f5d697de5ac065d7197f13d977cec49ebfd4e9c14bada3975f1d4a0e2a17
locked,adult_income,pure_mavs_gc,missing_features,0.6,shadow,2,0.7833742833742834,3.7730381710721203e-07,84c410a986748fbbf87172dd5ca5069dab491514d619bdd5ffc619e3cd55cade
locked,adult_income,single_model,missing_features,0.8,primary,3,0.7702702702702703,1.2017825285639092e-06,e0a857b2804a7b2ef96300043b0a21ee4458e638e5647aa87228910dbbaed857
locked,adult_income,mean_ensemble,missing_features,0.8,primary,3,0.7700655200655201,8.66401357801837e-07,1329312f2a772eec7032c6c9b748d462aef58537d680e97a14c5efb7cd34442f
locked,adult_income,static_weighted_ensemble,missing_features,0.8,primary,3,0.7706115206115206,2.608520217037515e-07,906b4658a37f7a29d91c1899acd42b4b3b46c119099a4083e57bdfbd0b590dc7
locked,adult_income,veto_mavs,missing_features,0.8,primary,3,0.7700655200655201,8.66401357801837e-07,90931c592bd71c7ed0a066ceeb0e7a3a1d217f9f9a9c03c6ee7bc5febf595217
locked,adult_income,pure_mavs_gc,missing_features,0.8,primary,3,0.7687005187005187,3.446973143942431e-07,6067642a97f57ed4a4d14b7041406a59d39ea90266cbb454bc31a117b269969c
locked,adult_income,single_model,missing_features,0.8,shadow,2,0.7706797706797707,4.1922646345250324e-06,a2157a8fe7dcdc9f3cd77ddbaa391451f40e890a60791336c7c94945216d401e
locked,adult_income,mean_ensemble,missing_features,0.8,shadow,2,0.7707821457821458,1.7712318080869296e-06,faaa647416c9e43bfb5f3361b431d284660a2b0087fb6cdca0bbd032373f13a1
locked,adult_income,static_weighted_ensemble,missing_features,0.8,shadow,2,0.7716011466011465,1.2681600519438099e-06,48545b4f66150fea45397736a0541da5f12ae02d3ab534e85b0e12ad96c61a34
locked,adult_income,veto_mavs,missing_features,0.8,shadow,2,0.7707821457821458,1.7712318080869296e-06,5a52ad653376833e6621d2d66eb5f0c4f199664b5fae5a558faecff37ef4a007
locked,adult_income,pure_mavs_gc,missing_features,0.8,shadow,2,0.7692465192465192,0.0,5da43a3a176728307397f560db36211af28f4b33f02f30d63a19561a2b20d71e
locked,adult_income,single_model,missing_features,1.0,primary,3,0.7606470106470107,1.232595164407831e-32,e7dae8bed12bd4188f8b2352e35ccf7e7c9a1884326dd7ee6470c994855eda00
locked,adult_income,mean_ensemble,missing_features,1.0,primary,3,0.7606470106470107,1.232595164407831e-32,c45738bc66fa14d73a77aacfcf28659a6ce317efdc4f1ad49a605dee95f50089
locked,adult_income,static_weighted_ensemble,missing_features,1.0,primary,3,0.7606470106470107,1.232595164407831e-32,6eb4ab164994a3d7129a6aef24a68c262ba57eced61653ebbaa04c56d7ee23f3
locked,adult_income,veto_mavs,missing_features,1.0,primary,3,0.7606470106470107,1.232595164407831e-32,7d6494efda83f1cc75f9a84e5f9c11de5d6b6cb9d3de330a207c78c489c385c0
locked,adult_income,pure_mavs_gc,missing_features,1.0,primary,3,0.7606470106470107,1.232595164407831e-32,a97454ba4d53da98d3922727af4f9a370686bbe7a43c88a23d12291ded26ad0e
locked,adult_income,single_model,missing_features,1.0,shadow,2,0.7606470106470107,0.0,0845ab4fad1d2bf81fa7d84f364f85059a37bf06fe976ce3ae10dc04eb84d14b
locked,adult_income,mean_ensemble,missing_features,1.0,shadow,2,0.7606470106470107,0.0,d00064a5b0472326f66f1090669b32eeaade969be5576b22f558ab0acad03886
locked,adult_income,static_weighted_ensemble,missing_features,1.0,shadow,2,0.7606470106470107,0.0,5a0f2cb2121e0f6d25327b0450783d856dddae0660ffde8ef5f5e06daba4ec34
locked,adult_income,veto_mavs,missing_features,1.0,shadow,2,0.7606470106470107,0.0,6e3f539af8964ed67467f3356205662bdf76c4653d8d6caaff1ca79c11798e94
locked,adult_income,pure_mavs_gc,missing_features,1.0,shadow,2,0.7606470106470107,0.0,70e6add18eac29b65e9edc7bc518849fea4bc43a981b605c877dc5f8bed81a9e
locked,adult_income,single_model,random_feature_deletion,0.0,primary,3,0.8632268632268633,0.0,3428f3ff656fbb023663fedb20726393bcfd81a51f6961e8321666fd7151329b
locked,adult_income,mean_ensemble,random_feature_deletion,0.0,primary,3,0.8634316134316135,0.0,d25695d1e5908ad0c2a8858f98fac72a6dd3614d423853a13242154dd404e7f4
locked,adult_income,static_weighted_ensemble,random_feature_deletion,0.0,primary,3,0.8632268632268633,0.0,32993aefebaadd1f876243d24ba544f9f4058dbb08b580daa679c4a3e92066a3
locked,adult_income,veto_mavs,random_feature_deletion,0.0,primary,3,0.8634316134316135,0.0,9118496b0f28ddaecbcabc8ff49bcd502039542961d8e33cea72fe5d2ec1bc8e
locked,adult_income,pure_mavs_gc,random_feature_deletion,0.0,primary,3,0.8607698607698607,0.0,ea87d0b7812c77f1978ba00883e594fde4e9d9a57ca554d89965299f4491f952
locked,adult_income,single_model,random_feature_deletion,0.0,shadow,2,0.8632268632268633,0.0,07ff24d78144ba59b297ae3cbf4965f1035633954551f619047893592cdaa0c6
locked,adult_income,mean_ensemble,random_feature_deletion,0.0,shadow,2,0.8634316134316135,0.0,7aaff4f0e6143539e6904cba351f5df17a39f3d2d6fa90ff298af6f91240303d
locked,adult_income,static_weighted_ensemble,random_feature_deletion,0.0,shadow,2,0.8632268632268633,0.0,3a727aeb8f2e4639e23660e163d6e8b739b47c93f5222f16f032558d607bc43c
locked,adult_income,veto_mavs,random_feature_deletion,0.0,shadow,2,0.8634316134316135,0.0,2ce7b063d3c13f6265ca8479a071204e208af275535e93cafee74670093b772f
locked,adult_income,pure_mavs_gc,random_feature_deletion,0.0,shadow,2,0.8607698607698607,0.0,8a5a39204e2edb1c7ca90db302f71fd9619a44a452e3f5507e83aa5b895805ef
locked,adult_income,single_model,random_feature_deletion,0.05,primary,3,0.8607698607698607,3.2699664149295343e-06,6c886b78203ecbcdb4eecec7a3d4a4e8c15a6a5c6b173df6d396593a2f7d181d
locked,adult_income,mean_ensemble,random_feature_deletion,0.05,primary,3,0.8607698607698607,2.878688382373877e-06,fc20a6fd08b56525cffaebe338d973f4e3f13f1133fc62b6a2af123ca088645d
locked,adult_income,static_weighted_ensemble,random_feature_deletion,0.05,primary,3,0.8606333606333606,1.8259641519265031e-06,dea49c7e3c3c010cad422df54460d2066a0ac795660f9ee0766b18dd12482bc9
locked,adult_income,veto_mavs,random_feature_deletion,0.05,primary,3,0.8607698607698607,2.878688382373877e-06,3b3c2182b6ec0fcf3da9e3f01a10d99a71618d6d25b5550f0199eeda917782a9
locked,adult_income,pure_mavs_gc,random_feature_deletion,0.05,primary,3,0.8581763581763582,2.8600560951093435e-06,f3e1b87e9db400b6618dd75abda1e7942685abdccd876b11907c19262cb74b27
locked,adult_income,single_model,random_feature_deletion,0.05,shadow,2,0.8618959868959869,2.358148856920416e-06,e83340bc8018556f7cd6a5049e8eef6dd58630ade36fa612dd500286d9755eab
locked,adult_income,mean_ensemble,random_feature_deletion,0.05,shadow,2,0.8625102375102376,1.2681600519438099e-06,057c95f0e3eff96d345651c5c402854d3fbe95bce68cfea9867d8a44b92d2d59
locked,adult_income,static_weighted_ensemble,random_feature_deletion,0.05,shadow,2,0.8625102375102376,5.135524177293404e-07,0a9289bbe2604a472703acd0971bef438445e77628f175a0ae7737f049451be2
locked,adult_income,veto_mavs,random_feature_deletion,0.05,shadow,2,0.8625102375102376,1.2681600519438099e-06,216039ed6cfa64cde9700159b104c95c566562e6e63b8887e9786f326ab38263
locked,adult_income,pure_mavs_gc,random_feature_deletion,0.05,shadow,2,0.8589271089271089,7.0849272323474235e-06,7aa2e84ca96dae867540ca9ae5c20e39a286986e273240e6f9a56633aad243ea
locked,adult_income,single_model,random_feature_deletion,0.1,primary,3,0.8612476112476113,2.496726493450516e-06,4c6f8bd3939559c094b975976b384f931d0d44225ff92fd49d73015f5b869a55
locked,adult_income,mean_ensemble,random_feature_deletion,0.1,primary,3,0.860974610974611,4.136367772731341e-06,f6125e7cfe5e0d116e399f18c99f470fc789a3fa1285af4841e12a0fd774722d
locked,adult_income,static_weighted_ensemble,random_feature_deletion,0.1,primary,3,0.8607016107016107,5.3754148758243774e-06,6316d4d15584244dd48b39c7959f1fb4421d4a358b3b59ade71e49ca2836436c
locked,adult_income,veto_mavs,random_feature_deletion,0.1,primary,3,0.860974610974611,4.136367772731341e-06,422c67d2efb329b6dbf543a4559fced2d167a7b5cb584382029ba139eb040039
locked,adult_income,pure_mavs_gc,random_feature_deletion,0.1,primary,3,0.8576986076986077,6.372242244478056e-06,1e1d8e96530c25c609d4b467b42117e4df0fbd25bc6bbd07624f34f86a31bd5f
locked,adult_income,single_model,random_feature_deletion,0.1,shadow,2,0.8509418509418509,0.00010904080314399703,d4103bb444db9fd99700b150e65ded3a3d7d830004c5cfaff655caa16a614822
locked,adult_income,mean_ensemble,random_feature_deletion,0.1,shadow,2,0.8576986076986077,9.432595427681323e-06,ff94a1dc8061b41fdfd7bb59fe9940e058fee0b6fcf0d42c98e0689251d9e401
locked,adult_income,static_weighted_ensemble,random_feature_deletion,0.1,shadow,2,0.8546273546273546,4.5653761869978656e-05,b45a650988aa74b339342cddac2e4144300bc4597eef26427f16f6e3e093d2ad
locked,adult_income,veto_mavs,random_feature_deletion,0.1,shadow,2,0.8576986076986077,9.432595427681323e-06,ae215e40298541aab7d9c2c48605da727e53a6ec984771d005b9554ee8e85ac4
locked,adult_income,pure_mavs_gc,random_feature_deletion,0.1,shadow,2,0.8521703521703522,5.4331749663445076e-05,7d95e51e02216f89a8a95e4a08951afffc3a4e0623bdbef7ba916422d4ad655d
locked,adult_income,single_model,random_feature_deletion,0.2,primary,3,0.8445945945945946,0.00022445384853247158,912e959c172dc957063488c7b99b99a04606d99bcc492aa7a3c3adce425323b6
locked,adult_income,mean_ensemble,random_feature_deletion,0.2,primary,3,0.8511466011466011,6.911646960786984e-05,459acf6dd754e67226a6480e579c2a4465d9ac697a86dabbb451da3c508f6602
locked,adult_income,static_weighted_ensemble,random_feature_deletion,0.2,primary,3,0.8473928473928474,0.0001377950804650224,9000c90f567ba37cd258985f6c4498a589b3c96aae72e486cd041bd4dfa56199
locked,adult_income,veto_mavs,random_feature_deletion,0.2,primary,3,0.8511466011466011,6.911646960786984e-05,5b807cd8450cc335e7504cdefd67dcb271a0f7450605961189ee47839f786543
locked,adult_income,pure_mavs_gc,random_feature_deletion,0.2,primary,3,0.8445945945945946,0.00017392308547099636,1421802fdf52208cf738c5e068890dbad49b13d17272bb4c7404c3f5f4e825b7
locked,adult_income,single_model,random_feature_deletion,0.2,shadow,2,0.8578009828009828,3.7835188326588633e-06,3f0619d8de2a2315f980ce90eed39f56edb11d48991375134724f20e46044f6d
locked,adult_income,mean_ensemble,random_feature_deletion,0.2,shadow,2,0.8582104832104832,2.358148856920416e-06,8b837857d4373201484a16e1c0e7ccdcce5e02e5ea35d0d3352430938d9b4937
locked,adult_income,static_weighted_ensemble,random_feature_deletion,0.2,shadow,2,0.858005733005733,2.620165396577861e-07,f5866b8ce7f7f59423ed85ba05092e0758cc55c33cb742bf15b678bb1b6cc723
locked,adult_income,veto_mavs,random_feature_deletion,0.2,shadow,2,0.8582104832104832,2.358148856920416e-06,4466d75b1849d24d95cfdbfa47d881d964290282a260d3aeac6ac7894cd73bba
locked,adult_income,pure_mavs_gc,random_feature_deletion,0.2,shadow,2,0.8556511056511056,2.0542096709172023e-06,ba6b6b1379cf664f21d17e509fd5af6e868094dcecf40b0b112772a9f85e9a03
locked,adult_income,single_model,random_feature_deletion,0.4,primary,3,0.8493038493038493,9.527620092730659e-05,03c66e1ea63fc0c61f59328a60ffb37b96532cc03838463a2189ec36e4d60a48
locked,adult_income,mean_ensemble,random_feature_deletion,0.4,primary,3,0.8465738465738466,5.4816189132323536e-05,ad274558ec4669ab046ca52ffb3f154e4ecb4d47e0f3b159ba43685ecd06eef6
locked,adult_income,static_weighted_ensemble,random_feature_deletion,0.4,primary,3,0.849030849030849,4.154068445632751e-05,e1e54f60347ef84e47eedfbd7536786f6a5a37cadefdb7d99be7eb3a0950e130
locked,adult_income,veto_mavs,random_feature_deletion,0.4,primary,3,0.8465738465738466,5.4816189132323536e-05,16e50c2451175890a7cded55cfbe96acb3087fb47961e6b00f88edf33a017ba8
locked,adult_income,pure_mavs_gc,random_feature_deletion,0.4,primary,3,0.835995085995086,7.188336426665655e-05,d917dfbfd3c547cde092dc7677db5c18bfcab63598d08fabc50ea945a8f8c3bb
locked,adult_income,single_model,random_feature_deletion,0.4,shadow,2,0.809070434070434,0.0009749635440667366,3253639695f815ac57982f7c1e2d4013409e6a1519eade8fd904bdb49f40dc84
locked,adult_income,mean_ensemble,random_feature_deletion,0.4,shadow,2,0.8136773136773137,0.0006446026102045752,7d32bf6229f4975dae77a7697d36d574f356736c9e8247ab96855479f62d408a
locked,adult_income,static_weighted_ensemble,random_feature_deletion,0.4,shadow,2,0.8086609336609336,0.0008875129037905452,5d84edff8bcfab2e4a22af99f0629e9273aa0653dde55818e7abe8c76491e4fc
locked,adult_income,veto_mavs,random_feature_deletion,0.4,shadow,2,0.8136773136773137,0.0006446026102045752,27f6bfaf7eecbf769b0c6a96f28a59cffca102c63045e73e5c9865507c0802ed
locked,adult_income,pure_mavs_gc,random_feature_deletion,0.4,shadow,2,0.8005733005733006,0.0007084927232347364,7219e45a99bcf6cca63482fbdb623103d0149fbe26b4e6123f6326552eb9b2b7
locked,adult_income,single_model,random_feature_deletion,0.6,primary,3,0.7745700245700246,0.00018146916181314193,e7acd9b565068f15691ece949f6ec31c4dba68653b71f9104fbd48a25c101a5c
locked,adult_income,mean_ensemble,random_feature_deletion,0.6,primary,3,0.7784602784602784,0.00017157541727566233,dcb17ecae7ac799e7f49ea9747c56aa9ba9441b3658ce5ddf40f94367455d035
locked,adult_income,static_weighted_ensemble,random_feature_deletion,0.6,primary,3,0.7751842751842752,0.00023300606838690376,5ebb2475c1b2a87396dabb5237e645908fe3fd8ca8903d44d0b52b262ee41cdd
locked,adult_income,veto_mavs,random_feature_deletion,0.6,primary,3,0.7784602784602784,0.00017157541727566233,4b01fca149c6cf36463290c141a9282f29bc7d56e4fd36a111fdae55dd7071c0
locked,adult_income,pure_mavs_gc,random_feature_deletion,0.6,primary,3,0.7618755118755118,1.2017825285638184e-06,0560e7f0c49ecb3512d49539bdd31a9bb4a490a0a527349ca59222158c9fb9e6
locked,adult_income,single_model,random_feature_deletion,0.6,shadow,2,0.7951474201474201,3.170400129859587e-05,f7807ec227677e7b15c1569c1e04daf465478b8d13dfd86dac511d4c3ac7c2d6
locked,adult_income,mean_ensemble,random_feature_deletion,0.6,shadow,2,0.7958640458640458,0.0004026250954997872,9c351042f5c596506805ca0429c8a1126a4ceee46b0454212977fcba29cfeaf8
locked,adult_income,static_weighted_ensemble,random_feature_deletion,0.6,shadow,2,0.7930999180999181,0.00012913223140495844,b49475f2482b2b38eef373dbb3c5963840690f2090bbdae796d63b808be2d598
locked,adult_income,veto_mavs,random_feature_deletion,0.6,shadow,2,0.7958640458640458,0.0004026250954997872,c60399c5ea0418e5e10986417b37610c2f07e09552efc8cd10efee7c32597420
locked,adult_income,pure_mavs_gc,random_feature_deletion,0.6,shadow,2,0.7851146601146601,0.00017985863348271154,1fe45cc3282534875a040809c7492bc01f5205202c9553c79ce6a16d7f6d38d9
locked,adult_income,single_model,random_feature_deletion,0.8,primary,3,0.7654927654927655,3.606279200054803e-05,9b08b21674e5dedb6571433c778479a354c5e31b4a01de78101f9daddfa4655d
locked,adult_income,mean_ensemble,random_feature_deletion,0.8,primary,3,0.7640595140595141,2.3290359080694624e-05,c30067f58c051dbbf5fa7fd84ee79c9ced8c99a0814a54c63b62b871c8f4ba53
locked,adult_income,static_weighted_ensemble,random_feature_deletion,0.8,primary,3,0.7658340158340159,3.536408122812696e-05,87c7d8b17a9a5d755bff0187c7b25a3fb3a0d20280ba4c4b1fe97c9c6da22967
locked,adult_income,veto_mavs,random_feature_deletion,0.8,primary,3,0.7640595140595141,2.3290359080694624e-05,ae7b29ff52ef6e6c6f72664e0d6385d906dfcb41fde5888df118fd1b076f3860
locked,adult_income,pure_mavs_gc,random_feature_deletion,0.8,primary,3,0.7635817635817636,1.7225549576081612e-05,8ee22eca46bc127d3af98fec2a6def5acaa006116d7cbccdc9318340d0adc5b0
locked,adult_income,single_model,random_feature_deletion,0.8,shadow,2,0.7662776412776413,2.7260200785999545e-05,1d225e5353d7822d7be5c9b299e2e19ca4624b43c12202afb888d8e80a01d838
locked,adult_income,mean_ensemble,random_feature_deletion,0.8,shadow,2,0.7608517608517609,4.1922646345245776e-08,bdec8ea24d92fb4595d958f23537208c2f4c972b14648d6e7859f3ad6a79aad4
locked,adult_income,static_weighted_ensemble,random_feature_deletion,0.8,shadow,2,0.7624897624897624,5.072640207775489e-06,dda60ee86ceaf03e76e45b14a8ed398347b866211f5d309dab678b53bc71983c
locked,adult_income,veto_mavs,random_feature_deletion,0.8,shadow,2,0.7608517608517609,4.1922646345245776e-08,ac2a9ecc457c47de441801f2e210f5e6abc9287286f7141cec88423312649807
locked,adult_income,pure_mavs_gc,random_feature_deletion,0.8,shadow,2,0.7606470106470107,0.0,cf6763c32a74f323f08757a36a29ed6de7e4d71d4e521f4a04e751e1ddc02f41
locked,adult_income,single_model,random_feature_deletion,1.0,primary,3,0.7606470106470107,1.232595164407831e-32,67fbc5e8437072c500bfc15c333eb0b739e1b586927dd670c2d86bddb9cc7baf
locked,adult_income,mean_ensemble,random_feature_deletion,1.0,primary,3,0.7606470106470107,1.232595164407831e-32,c12777783401b49d8ad213a7646b85a5f0cce4398aee6eb388cde442fe4084fd
locked,adult_income,static_weighted_ensemble,random_feature_deletion,1.0,primary,3,0.7606470106470107,1.232595164407831e-32,3fb34d5270caa6627c5101fe2c99028fdfd811d1deb5fb765f48213e3c1bb065
locked,adult_income,veto_mavs,random_feature_deletion,1.0,primary,3,0.7606470106470107,1.232595164407831e-32,f3049c69d8c6b667a4876629bd4b2f65768b48ed0f6134ecdd09f53e64cb685e
locked,adult_income,pure_mavs_gc,random_feature_deletion,1.0,primary,3,0.7606470106470107,1.232595164407831e-32,099e81b3670e05aaf35e675b83317fc54ac274e6cbe1963d43ff61d889363fae
locked,adult_income,single_model,random_feature_deletion,1.0,shadow,2,0.7606470106470107,0.0,6cd14e2042239b371a58594ee0e8b033842d9fb73f03772ab079706e3e549467
locked,adult_income,mean_ensemble,random_feature_deletion,1.0,shadow,2,0.7606470106470107,0.0,636747ccf53b4a57a038252f51b704b2a8221a2ca1def8a40aa4224b31c72e95
locked,adult_income,static_weighted_ensemble,random_feature_deletion,1.0,shadow,2,0.7606470106470107,0.0,45c967cc27dea3061aa8e85b43638bfcb0ac2a6734fd19248c13533f53556050
locked,adult_income,veto_mavs,random_feature_deletion,1.0,shadow,2,0.7606470106470107,0.0,62238dbdb23f8a6a073cfc967d4da7b18e8b4100445b410cac10501ae12ca99c
locked,adult_income,pure_mavs_gc,random_feature_deletion,1.0,shadow,2,0.7606470106470107,0.0,c4e6cb35cc3d81af579f33a6381e26b0d2697141f47790c318febe12919c6d35
locked,adult_income,single_model,label_noise,0.0,primary,3,0.8632268632268633,0.0,37d359ff34e868f460b9065475c1f103ec7ac656c5947031d70a252a97bb28e4
locked,adult_income,mean_ensemble,label_noise,0.0,primary,3,0.8634316134316135,0.0,0d4bac1fc91ba1429bac81e6762c465de7d653311ae20b96de47ea9431215f63
locked,adult_income,static_weighted_ensemble,label_noise,0.0,primary,3,0.8632268632268633,0.0,0d00d0c786282598d97eaf4c6e22681ce7555fe874a1bea91b42b9319cc84894
locked,adult_income,veto_mavs,label_noise,0.0,primary,3,0.8634316134316135,0.0,464313049500cd07df6522df73817b67af0132bf9c3c2e0f52e779fe6ede99e6
locked,adult_income,pure_mavs_gc,label_noise,0.0,primary,3,0.8607698607698607,0.0,6e6a86c3867e7c695a1823089f0d2c9b76444b2fa042fb0bc5f750e059ea0d11
locked,adult_income,single_model,label_noise,0.0,shadow,2,0.8632268632268633,0.0,c6d4a944a2715884faf25af512550ff6ca56d50cd6f49e04a55326f3ad97114d
locked,adult_income,mean_ensemble,label_noise,0.0,shadow,2,0.8634316134316135,0.0,943f0d27c4707c08c4f55113d7441ba00a8c2ee69fec9a2da1106bc5330e3c16
locked,adult_income,static_weighted_ensemble,label_noise,0.0,shadow,2,0.8632268632268633,0.0,cb8391dee3621f3319a04395e192b5de9851d8be8b4c187aad68bc88cd5544ba
locked,adult_income,veto_mavs,label_noise,0.0,shadow,2,0.8634316134316135,0.0,d4ef103c4e9f0879676ec6a9c31c6a210fc33e1d746003aae2eb391cdc9b7a4b
locked,adult_income,pure_mavs_gc,label_noise,0.0,shadow,2,0.8607698607698607,0.0,7d19167c49d8981d610f4266f431fe262a147c33956f8e44d536db3305862641
locked,adult_income,single_model,label_noise,0.05,primary,3,0.8632268632268633,0.0,4932fd3c0a5f20a1bb2dc9c4d9ac63b32da04f6827b5bde2b559635cb7c8a92b
locked,adult_income,mean_ensemble,label_noise,0.05,primary,3,0.8634316134316135,0.0,06b547e469e75ebcd91c2ad4ea8954e9760e783a6f544c80662b8ca8dfbd8171
locked,adult_income,static_weighted_ensemble,label_noise,0.05,primary,3,0.8632268632268633,0.0,478f79b55760351a17492de0d5f2ccc6fec9460886b0f47adf2f3d1fdaa7b246
locked,adult_income,veto_mavs,label_noise,0.05,primary,3,0.8634316134316135,0.0,3eaa1635b4fa5822e1b62b6671dd76b367fae2f185d5c1d608c294b3e0f3a3ff
locked,adult_income,pure_mavs_gc,label_noise,0.05,primary,3,0.8607698607698607,0.0,7072388c88d2d770b8a1e7902084ef2cddf186938fbcffb14d65be0ef03c719b
locked,adult_income,single_model,label_noise,0.05,shadow,2,0.8632268632268633,0.0,a8d76901a4342a251223ce8ffedbbaa5cca494b3da8523ddc3281b3c8d8c1514
locked,adult_income,mean_ensemble,label_noise,0.05,shadow,2,0.8634316134316135,0.0,6c2e68a927634b07c3f333c372b51597334c9e62d600c8284541923b297292f5
locked,adult_income,static_weighted_ensemble,label_noise,0.05,shadow,2,0.8632268632268633,0.0,41c30316151013baebfd7a4d0d1c7b74227692fe3cfeb33f1381a942b480bfa9
locked,adult_income,veto_mavs,label_noise,0.05,shadow,2,0.8634316134316135,0.0,e6686fd1a2523c7bbb1edd4e480a42094b4260e67998f03c150484bf1de55adb
locked,adult_income,pure_mavs_gc,label_noise,0.05,shadow,2,0.8607698607698607,0.0,a155ed240ce4bdd81629a28f0548e6266b7c063fb19d54f21d1ad93cf37963b2
locked,adult_income,single_model,label_noise,0.1,primary,3,0.8632268632268633,0.0,c3fab12c5796dc853f5ce452c303b732b40af779218ad5f6834855fa48f76364
locked,adult_income,mean_ensemble,label_noise,0.1,primary,3,0.8634316134316135,0.0,d8d5f07c624b9e574c206d98d1db6fbd6e3a3c268ee0a1a80dce120b711a5c8c
locked,adult_income,static_weighted_ensemble,label_noise,0.1,primary,3,0.8632268632268633,0.0,5c14d165fb2bfedf197a0752e124530cefe886396635aab1dc010871ae8bc1c0
locked,adult_income,veto_mavs,label_noise,0.1,primary,3,0.8634316134316135,0.0,fcfbf89a10ec4472b5a0b144fa6d45094dabd9f6e74da7373ad381c6534cafd9
locked,adult_income,pure_mavs_gc,label_noise,0.1,primary,3,0.8607698607698607,0.0,bc4fcd1c088e6a55b486bcac00cd373a839c93a34a0dcec5aab975695fcdd39f
locked,adult_income,single_model,label_noise,0.1,shadow,2,0.8632268632268633,0.0,198a1ac612cb39c8d4bc515df58a3a0c1e2c536ff511603700ede6ed3458da2d
locked,adult_income,mean_ensemble,label_noise,0.1,shadow,2,0.8634316134316135,0.0,ea459131e39380b3ed8a0dbf4ec30c07ccbab6a9d3c7ab2f114bbf6b6099c235
locked,adult_income,static_weighted_ensemble,label_noise,0.1,shadow,2,0.8632268632268633,0.0,ad702a54bf9cfa6902858104c6c28efdebf346e251c7926cc506c56b3d071467
locked,adult_income,veto_mavs,label_noise,0.1,shadow,2,0.8634316134316135,0.0,e4b8ffbf0c159d2a500351a5e5491f4b8f287bb778a8e2e961afd96406e170a3
locked,adult_income,pure_mavs_gc,label_noise,0.1,shadow,2,0.8607698607698607,0.0,aec46b9dacc55042a2b7d721db4bc63291ba61a91ebc03629d1e4b179a71c338
locked,adult_income,single_model,label_noise,0.2,primary,3,0.8632268632268633,0.0,4c172a7e7f7f337c7b28c90c7a20712647143b1ada3754c58ee1860fcc6e9ffc
locked,adult_income,mean_ensemble,label_noise,0.2,primary,3,0.8634316134316135,0.0,bd3c9b2deaef743577301747754f860e98c618150337e117f8fd46baf31a3e7d
locked,adult_income,static_weighted_ensemble,label_noise,0.2,primary,3,0.8632268632268633,0.0,2265da80fae4c500427f7212fc07a2ee784c135882c1345995466d4200495b60
locked,adult_income,veto_mavs,label_noise,0.2,primary,3,0.8634316134316135,0.0,107db2d41a518853e2513f2dbdc9860adabc187fd6ee4a086b5aeca257374cb2
locked,adult_income,pure_mavs_gc,label_noise,0.2,primary,3,0.8607698607698607,0.0,5b3e14e8596d5babfc78710a92a6bedeb91d25f92594d6429e31df3c3992d1cf
locked,adult_income,single_model,label_noise,0.2,shadow,2,0.8632268632268633,0.0,1a09b7c468e278a6ab97880c27b70e9b4e40dbd0394d2345a26edc00c7e4dbd6
locked,adult_income,mean_ensemble,label_noise,0.2,shadow,2,0.8634316134316135,0.0,c33236d64d09637350d27c33bd2051b24f2172a58bc977f975d2124626bd9196
locked,adult_income,static_weighted_ensemble,label_noise,0.2,shadow,2,0.8632268632268633,0.0,524b0a921d1a1f1758d0d52ef9b1f760bb6a54db4beba67b21a434f5453374c4
locked,adult_income,veto_mavs,label_noise,0.2,shadow,2,0.8634316134316135,0.0,1d45e611bad7d873e7a103c5bf5aafede5faa98d40a4f27cd2ccc573a1977c5e
locked,adult_income,pure_mavs_gc,label_noise,0.2,shadow,2,0.8607698607698607,0.0,a6518409e29f27eb61ef7801e3bc60c37ea7bd5f981bd9ae12ed11e289ce97a1
locked,adult_income,single_model,label_noise,0.4,primary,3,0.8632268632268633,0.0,632bf116c87c94faf027fcef71068fbed1df58ed29b2701595feb5d110dbeeaa
locked,adult_income,mean_ensemble,label_noise,0.4,primary,3,0.8634316134316135,0.0,b682759da3bd546ea1182d4f482ac07897376814ccc4a2e09ab0f8763b9640ad
locked,adult_income,static_weighted_ensemble,label_noise,0.4,primary,3,0.8632268632268633,0.0,d6b515a271050a0f0b6a8a5c89aaaee21c06c8724ab0aebe38ba4cd6e31b935d
locked,adult_income,veto_mavs,label_noise,0.4,primary,3,0.8634316134316135,0.0,880eb1405be0d7a499a02843743341bb59c953392098940c214d35a229263df2
locked,adult_income,pure_mavs_gc,label_noise,0.4,primary,3,0.8607698607698607,0.0,54e47d297b7e8601cb0465714b23bb671acfa38ba4d5348ae6386de8c0b2849c
locked,adult_income,single_model,label_noise,0.4,shadow,2,0.8632268632268633,0.0,1491f308b0ec3d02aeac842513482b692ecf4216d0186f9a56df6a5a7320f4d7
locked,adult_income,mean_ensemble,label_noise,0.4,shadow,2,0.8634316134316135,0.0,4d9752287b271a7462fd8acd0a04c0fc92564e6de09fb9fa4ac94539316c0fa2
locked,adult_income,static_weighted_ensemble,label_noise,0.4,shadow,2,0.8632268632268633,0.0,fbbf45fab35d75413c9dedbf357b91e01bfd91afe24c6d30589df2700c7c2c82
locked,adult_income,veto_mavs,label_noise,0.4,shadow,2,0.8634316134316135,0.0,0fcb949f0fbd463c8563e32f09496e70b43c08a04d046af6d7b72b277d770cdc
locked,adult_income,pure_mavs_gc,label_noise,0.4,shadow,2,0.8607698607698607,0.0,89a28390cdb251f8143224ac05e5903b999157239b2a73f4290213a94515c785
locked,adult_income,single_model,label_noise,0.6,primary,3,0.8632268632268633,0.0,5688e4733bb509c96649c512ca0c644d3fffdf78638c6b36c5bda9e2baef3aaa
locked,adult_income,mean_ensemble,label_noise,0.6,primary,3,0.8634316134316135,0.0,b81c3a6d624b99ce690bf7f91e60198b46a134525c6abd34d342300051967448
locked,adult_income,static_weighted_ensemble,label_noise,0.6,primary,3,0.8632268632268633,0.0,c46e1dfc477f17911c238e80e1fca21c246d1078f1cca8e23ba175b424e89d2d
locked,adult_income,veto_mavs,label_noise,0.6,primary,3,0.8634316134316135,0.0,581a59f997ece53a2a6494c45fbef1ad91302237db75080f52b9db4a64ed254e
locked,adult_income,pure_mavs_gc,label_noise,0.6,primary,3,0.8607698607698607,0.0,9d32f852ea36cd6070b8d8ad67f68360febbd471884fb2b818517f3f333b8a97
locked,adult_income,single_model,label_noise,0.6,shadow,2,0.8632268632268633,0.0,1ed7ef8391cb3ce7d98ff0ea9752f4dadfd3871aa7d30371baa9cd4baeaf9230
locked,adult_income,mean_ensemble,label_noise,0.6,shadow,2,0.8634316134316135,0.0,a6120acead261da8142541073138166554214439d9f8a50e99f34e3839c29342
locked,adult_income,static_weighted_ensemble,label_noise,0.6,shadow,2,0.8632268632268633,0.0,f802f780a4a895b8874f136bf213e1b20db49eb5250c8a41e79a4e30b954b857
locked,adult_income,veto_mavs,label_noise,0.6,shadow,2,0.8634316134316135,0.0,2614df50668d66a221f87bd5f006bbc3e289a23807a41505d41089d355007fc3
locked,adult_income,pure_mavs_gc,label_noise,0.6,shadow,2,0.8607698607698607,0.0,fbbcbf0726ba7f2625f4666b5ebe191061f5ff0c501c8cf7191b2b7d76ca8d65
locked,adult_income,single_model,label_noise,0.8,primary,3,0.8632268632268633,0.0,c567939fa23e39197ffc4a2bbb4df810ca68818deb3fe51c239791b0ec103eef
locked,adult_income,mean_ensemble,label_noise,0.8,primary,3,0.8634316134316135,0.0,e9b8283c57bdcd672132e95fd438848a8a46de53583ada1c3573374c9e1c7322
locked,adult_income,static_weighted_ensemble,label_noise,0.8,primary,3,0.8632268632268633,0.0,9da2e322ca73aa8341e359134b85d80cafe15066f0d097c080c3ef9f16007812
locked,adult_income,veto_mavs,label_noise,0.8,primary,3,0.8634316134316135,0.0,24c7d18a628bab832a3a64a4ce540f73d84e7b0b3dad5fc2c9c774b71d1da1f0
locked,adult_income,pure_mavs_gc,label_noise,0.8,primary,3,0.8607698607698607,0.0,569698c852a6e19e391b3537d456927291a8bcda9d98c4b0c24163d2bbb64b99
locked,adult_income,single_model,label_noise,0.8,shadow,2,0.8632268632268633,0.0,b267fe6a41a54b7b958aae0d119c242b979293e9f03b1cc204db6f6b5b03341d
locked,adult_income,mean_ensemble,label_noise,0.8,shadow,2,0.8634316134316135,0.0,e7ba8624edb6dfd3a9880727cfe483617437488f86d65b02c838f1d52d3c4615
locked,adult_income,static_weighted_ensemble,label_noise,0.8,shadow,2,0.8632268632268633,0.0,a3063da2a780ebf786b684c2a6c9aa2c480f22651675e8ad3cf53e9ab2e48998
locked,adult_income,veto_mavs,label_noise,0.8,shadow,2,0.8634316134316135,0.0,cfed7846205b3127a46692b7821f827aac93cf6d62ca1a4c9ff54a25a23d8051
locked,adult_income,pure_mavs_gc,label_noise,0.8,shadow,2,0.8607698607698607,0.0,b22b2932e14fbd061d75198fc3e1e6b4dee3c6e23535fc6691cbdd5690ad0239
locked,adult_income,single_model,label_noise,1.0,primary,3,0.8632268632268633,0.0,4804bb0171de4dd29c709d6ebb21d790cefb6996152e763663b1958086883974
locked,adult_income,mean_ensemble,label_noise,1.0,primary,3,0.8634316134316135,0.0,02dfa115b542c0090366a7b203c6d4bdb974ac899b69a3057b6a4b611820c713
locked,adult_income,static_weighted_ensemble,label_noise,1.0,primary,3,0.8632268632268633,0.0,06a2a6789544e08eac2a27627a4b81b314015de68786e52ebc66054b78aa8e3c
locked,adult_income,veto_mavs,label_noise,1.0,primary,3,0.8634316134316135,0.0,0f579ea0dd514e5ccf1322f1d34fdf7922cde308e01cc9ac55297116df97c85b
locked,adult_income,pure_mavs_gc,label_noise,1.0,primary,3,0.8607698607698607,0.0,5fbd617c1230cca827603138660dde3b0d5672a437dce10ff06724609a704e45
locked,adult_income,single_model,label_noise,1.0,shadow,2,0.8632268632268633,0.0,768d3c3c5d7ba2d1e5d82ef6681a5b67f056515d95b2157b825c5ded300f3cf7
locked,adult_income,mean_ensemble,label_noise,1.0,shadow,2,0.8634316134316135,0.0,1ca500ab8dc71d2d0fb913a0013ec65413434daa248f143ef9b4827a98fe224d
locked,adult_income,static_weighted_ensemble,label_noise,1.0,shadow,2,0.8632268632268633,0.0,5837c1a1263a94b7c3b63805cbe708e56c95ef4508d44c91c6b3644a787a007f
locked,adult_income,veto_mavs,label_noise,1.0,shadow,2,0.8634316134316135,0.0,281cbe152fcb8773be490c2fa8897eb79ba6c60859dea6bcd004af70f656d5c2
locked,adult_income,pure_mavs_gc,label_noise,1.0,shadow,2,0.8607698607698607,0.0,74bb61ea3cbea18caac02229bd44742a61baf8e9863aa09ae6b3f74fb00f9a76
locked,adult_income,single_model,confidence_distortion,0.0,primary,3,0.8632268632268633,0.0,f87507ac6dfb6b212130abc2db5652d607f5a847fb530ec1d0886c6d6c805875
locked,adult_income,mean_ensemble,confidence_distortion,0.0,primary,3,0.8634316134316135,0.0,92fafc67e26d439e3bdac5cf9d93b9ce10df5e9845d69a27b2d5869b1ab68b77
locked,adult_income,static_weighted_ensemble,confidence_distortion,0.0,primary,3,0.8632268632268633,0.0,c9c3801a9783126ae5a5b1eff0ca5d54130556431f70ff2c8fbb9f1d7bca89ec
locked,adult_income,veto_mavs,confidence_distortion,0.0,primary,3,0.8634316134316135,0.0,964fdf6d30f081b9271c5a6d6c76087dc4b9c73baf9a042aa3961ee9ee239305
locked,adult_income,pure_mavs_gc,confidence_distortion,0.0,primary,3,0.8607698607698607,0.0,0529227f1cbd3b20ab33bdaef398742c28e87d3267f820e274fbf1e22d7057aa
locked,adult_income,single_model,confidence_distortion,0.0,shadow,2,0.8632268632268633,0.0,695dcc7f396054e0d93c722eeb087f185e689effe105f7af6e4e7dbde5548cc3
locked,adult_income,mean_ensemble,confidence_distortion,0.0,shadow,2,0.8634316134316135,0.0,ab0402a262a56845d611a69b40675d39b1460b3c39fb96832a41101e954063c0
locked,adult_income,static_weighted_ensemble,confidence_distortion,0.0,shadow,2,0.8632268632268633,0.0,44bb7b7cce174153974ddf71fe33c1fe63488bd892c758859cfbf637d5770050
locked,adult_income,veto_mavs,confidence_distortion,0.0,shadow,2,0.8634316134316135,0.0,2386156b56cbbf5f26cf8ba1325efd0db03fceb453cadedd62c3a1f2afd1efaa
locked,adult_income,pure_mavs_gc,confidence_distortion,0.0,shadow,2,0.8607698607698607,0.0,c3727cc49c385dd812be36fa8c92d2cf65569d44cc3012a634b05a61556ca518
locked,adult_income,single_model,confidence_distortion,0.05,primary,3,0.8632268632268633,0.0,475542ef97ac27b605092289e7090d2db9567002801c9ce46113355f3ae31ac2
locked,adult_income,mean_ensemble,confidence_distortion,0.05,primary,3,0.8634316134316135,0.0,c11189ac20dd65a7038bbdd1ad2c1cf14bfe2e83cba50fe7568e98b950f92c0d
locked,adult_income,static_weighted_ensemble,confidence_distortion,0.05,primary,3,0.8632268632268633,0.0,59384008e317d8fb75d3a96a15aba660a369aa54ca111d84e0a40a6f5cf7c951
locked,adult_income,veto_mavs,confidence_distortion,0.05,primary,3,0.8634316134316135,0.0,922e8c5a90cd6202e292a0033a562c11a422648087b15a514cd06e43bc2f52b2
locked,adult_income,pure_mavs_gc,confidence_distortion,0.05,primary,3,0.8609746109746109,0.0,0aeeeaa476db2b9ebd05a659756aa6f29ea970531ef9d24c2aa58befa0beb659
locked,adult_income,single_model,confidence_distortion,0.05,shadow,2,0.8632268632268633,0.0,03ef139f28f120c2fe67b609ff7780bbfd0e42b531c2cc06baa85345d713e708
locked,adult_income,mean_ensemble,confidence_distortion,0.05,shadow,2,0.8634316134316135,0.0,1947f7d1da98fd65cabbc6de4a694c1f083e993ceb25e2eb36a40fb33b5cf086
locked,adult_income,static_weighted_ensemble,confidence_distortion,0.05,shadow,2,0.8632268632268633,0.0,92fb1032eef1d268b6b8e61d4df9b282696240a0df00e91025ea069654ec8bb0
locked,adult_income,veto_mavs,confidence_distortion,0.05,shadow,2,0.8634316134316135,0.0,88b357c924e932a590b95e28ba279ebcb7b3e5b4478305fb94d346e0b9f84e2f
locked,adult_income,pure_mavs_gc,confidence_distortion,0.05,shadow,2,0.8609746109746109,0.0,639cf2938b5278b5ce92f367183f4b4ed7f2d66393375186f7eba598f77bad14
locked,adult_income,single_model,confidence_distortion,0.1,primary,3,0.8632268632268633,0.0,b0fb66c2deddaf3dd399cb9bf8839488a726d94d21a8f02f649a4154fd22f212
locked,adult_income,mean_ensemble,confidence_distortion,0.1,primary,3,0.8634316134316135,0.0,3ca9df195c08459cc6c42bc89c3bdcf7230b781683a68fdeaa523849278b8e39
locked,adult_income,static_weighted_ensemble,confidence_distortion,0.1,primary,3,0.8632268632268633,0.0,2b2c5bec23131f363a55191a646c3f4b2aa03303035db42fa7eab53ce2bee1db
locked,adult_income,veto_mavs,confidence_distortion,0.1,primary,3,0.8634316134316135,0.0,0e19ae4ffa89ea28cd7cbbafe4149b0a5c698b3b8a3788300529daae3d81d5be
locked,adult_income,pure_mavs_gc,confidence_distortion,0.1,primary,3,0.8595413595413596,0.0,9413a2124713121ba58f59c7ace62e0b36d9df20192cdb4162522e10921d3514
locked,adult_income,single_model,confidence_distortion,0.1,shadow,2,0.8632268632268633,0.0,38abc1a8b27019e8296d11c1bba79c2f0e47264974f776d53defd57329b9c720
locked,adult_income,mean_ensemble,confidence_distortion,0.1,shadow,2,0.8634316134316135,0.0,16150d4de1f4594743e3da22713e28c36ff958457e7fed9ed72f4e2d95510285
locked,adult_income,static_weighted_ensemble,confidence_distortion,0.1,shadow,2,0.8632268632268633,0.0,3eed502e366bf87e00abb705273f0174768c808b97d53ed0f7f5bac442a8a774
locked,adult_income,veto_mavs,confidence_distortion,0.1,shadow,2,0.8634316134316135,0.0,4a126783c83276fd10d8fb16e05cf8a6d77f8b923665f3197138a348f814d8c6
locked,adult_income,pure_mavs_gc,confidence_distortion,0.1,shadow,2,0.8595413595413596,0.0,ad9eb1b504a8e984419f3bf46636c0245cbd5270d1670806891b619d44916541
locked,adult_income,single_model,confidence_distortion,0.2,primary,3,0.8632268632268633,0.0,6c8765bc0ae7ceea75428465cc67c760162a95d82e7310ebebcbb98dee9bad8e
locked,adult_income,mean_ensemble,confidence_distortion,0.2,primary,3,0.8634316134316135,0.0,d8497c3c60cffeba1f6a921d9966e7cf4fef28dc490322f6544326a7e641b92b
locked,adult_income,static_weighted_ensemble,confidence_distortion,0.2,primary,3,0.8632268632268633,0.0,15a01e52bab0bc9a8bf4482f757ba9a835648474dbb1a8628316b16529c27690
locked,adult_income,veto_mavs,confidence_distortion,0.2,primary,3,0.8634316134316135,0.0,c6331c64d4413e03e255018861d6459b0433052b11f3f0045c2d03f599e0d6c4
locked,adult_income,pure_mavs_gc,confidence_distortion,0.2,primary,3,0.8587223587223587,0.0,98ab62ee6de0aa066501065d197c6e8f9a1973a4ee06ae63dca07935992531a7
locked,adult_income,single_model,confidence_distortion,0.2,shadow,2,0.8632268632268633,0.0,c66dff4850ca6eff3728566b33a34453ab124122e9713f29e9f494d02f1e44fc
locked,adult_income,mean_ensemble,confidence_distortion,0.2,shadow,2,0.8634316134316135,0.0,ed1ce5a2562aa523d316fafb9e9097e683f404061b94011f1cafef72c8b34da5
locked,adult_income,static_weighted_ensemble,confidence_distortion,0.2,shadow,2,0.8632268632268633,0.0,32f2d25d5119dc9e65b0f9ecd096c08a449c3bfd5c5100bba63f59ba66ed6d15
locked,adult_income,veto_mavs,confidence_distortion,0.2,shadow,2,0.8634316134316135,0.0,327ef7a2626e40bbf12f72f5b994f30a12b95eab6072153fe12e9ae97358b2c3
locked,adult_income,pure_mavs_gc,confidence_distortion,0.2,shadow,2,0.8587223587223587,0.0,002f29b71dec375ec394c3857351450ba4d3835bdccf30bd376e044835d8ba12
locked,adult_income,single_model,confidence_distortion,0.4,primary,3,0.8632268632268633,0.0,8711525318478dc08fdc676e74c1b947f8865f000c13601cbe03c31431541fed
locked,adult_income,mean_ensemble,confidence_distortion,0.4,primary,3,0.8634316134316135,0.0,b606fff84968f45ede93df0dfb9384eeb0c8e09be3be5aad7e4f6dac2f545870
locked,adult_income,static_weighted_ensemble,confidence_distortion,0.4,primary,3,0.8632268632268633,0.0,f7188879f3f4b512348857ff1972000def8cbf7df04a16ca654d0fc467e57816
locked,adult_income,veto_mavs,confidence_distortion,0.4,primary,3,0.8634316134316135,0.0,ce247fe5102956cbe744cce2bc8791a1059c548e3b9d3e6c615e7f0817571167
locked,adult_income,pure_mavs_gc,confidence_distortion,0.4,primary,3,0.8562653562653563,0.0,1485b08811f96b70f41b6d3962c02a1ef3a3623aa6e6f10d8d3b6b8b150f4fd9
locked,adult_income,single_model,confidence_distortion,0.4,shadow,2,0.8632268632268633,0.0,e9f89b63280addff95563418a797dff69094297bc0a3647a117dd3410ce44a1a
locked,adult_income,mean_ensemble,confidence_distortion,0.4,shadow,2,0.8634316134316135,0.0,55353bbb317f04cf7aa39ef7ae46da5acbcafecd7b0f2accd807df3a0b41e679
locked,adult_income,static_weighted_ensemble,confidence_distortion,0.4,shadow,2,0.8632268632268633,0.0,596d80660b993a9696063b7e6821761a7a02635c6342181a112e2dd0f0c18467
locked,adult_income,veto_mavs,confidence_distortion,0.4,shadow,2,0.8634316134316135,0.0,8910cee704fd4bdaf96ad95902a79e78ec5fe66589c4f2db5964e76286a1d746
locked,adult_income,pure_mavs_gc,confidence_distortion,0.4,shadow,2,0.8562653562653563,0.0,e76844a4c27ed78bac85b990be0848266622499f5d40c1503c73cea73f687cf6
locked,adult_income,single_model,confidence_distortion,0.6,primary,3,0.8632268632268633,0.0,541e81fcbf65704adeb37f04e6dbcbd411eec5f6070b8ee9ba3e20b1e62f1348
locked,adult_income,mean_ensemble,confidence_distortion,0.6,primary,3,0.8634316134316135,0.0,3e8e2130cac92ad8c50105a7496caba2ca77ae7202e289aa8ee2312314ce02e0
locked,adult_income,static_weighted_ensemble,confidence_distortion,0.6,primary,3,0.8632268632268633,0.0,49c7ea77862ca99e70e61960c1242ab75c38612f26581f85e0e10a68445aab0e
locked,adult_income,veto_mavs,confidence_distortion,0.6,primary,3,0.8634316134316135,0.0,563f00ab54a2ec0cccece445b3685b6f9d140f4170e219e146f9d35208db7031
locked,adult_income,pure_mavs_gc,confidence_distortion,0.6,primary,3,0.8523751023751024,0.0,ec4a1061160422e0d12be3648c40cf30be163111560a5dcdf3220417ff6652ff
locked,adult_income,single_model,confidence_distortion,0.6,shadow,2,0.8632268632268633,0.0,32faafcda343e27a092afc79311717ede24050aab41ea676ccb57e3fd2cdf20f
locked,adult_income,mean_ensemble,confidence_distortion,0.6,shadow,2,0.8634316134316135,0.0,fe4863788d619a218b29f24f4e2441a2a251aae1049457993c25d8f0b625272d
locked,adult_income,static_weighted_ensemble,confidence_distortion,0.6,shadow,2,0.8632268632268633,0.0,5acb584caa19ddfcb6b14325dd51d81178ee6ed22389ffc18c24828f14bcea15
locked,adult_income,veto_mavs,confidence_distortion,0.6,shadow,2,0.8634316134316135,0.0,5d6d5ed41304e93c9ee31a72597fbe00155455479a47c1f3a7304228db576e3b
locked,adult_income,pure_mavs_gc,confidence_distortion,0.6,shadow,2,0.8523751023751024,0.0,3496f09517ce329478245af36108199821bf5634d2841a7f853e38259cef5f91
locked,adult_income,single_model,confidence_distortion,0.8,primary,3,0.8632268632268633,0.0,4c14f43bc36f44aa4aee71475ceba22b668e25c4fe1408a7f3b6eb1aab5dedb1
locked,adult_income,mean_ensemble,confidence_distortion,0.8,primary,3,0.8634316134316135,0.0,d1df884bef1026a5c77381fdb5eae379ad72039a27f3ce58e3af28f8275129ad
locked,adult_income,static_weighted_ensemble,confidence_distortion,0.8,primary,3,0.8632268632268633,0.0,87fa88691f67e9afca7c9d60a4ba97b8587bf2dddfcf746366930963e4c97c40
locked,adult_income,veto_mavs,confidence_distortion,0.8,primary,3,0.8634316134316135,0.0,66a5a522b3b3fe631c3cc7ed80f882c089b86513635087ce3aaacd657866b1e6
locked,adult_income,pure_mavs_gc,confidence_distortion,0.8,primary,3,0.8497133497133497,0.0,722fbd646954e5e6372d6c96c9dea3f1fd611456020c5bd19a427954873b0267
locked,adult_income,single_model,confidence_distortion,0.8,shadow,2,0.8632268632268633,0.0,40dd2e6b773b485c23cc1734df5db9b855a65dadcef952a7d18cfae11ba682ed
locked,adult_income,mean_ensemble,confidence_distortion,0.8,shadow,2,0.8634316134316135,0.0,d30a7075b5b7fba0a526283709e1e3b61a281454106d39fa5b4af0769594ba04
locked,adult_income,static_weighted_ensemble,confidence_distortion,0.8,shadow,2,0.8632268632268633,0.0,355bef4596e5b9dd02bed55c953892ee672c5e665db5a2af20ea8cb29621efec
locked,adult_income,veto_mavs,confidence_distortion,0.8,shadow,2,0.8634316134316135,0.0,c58bf50f44f7d38c5b17d890b8107ef8fbbed16ca04fa37552a1efb4fc4c9c5e
locked,adult_income,pure_mavs_gc,confidence_distortion,0.8,shadow,2,0.8497133497133497,0.0,4824344b59fa99034ed282bea95bd38a56ebe13faf04959cae616e4f73862021
locked,adult_income,single_model,confidence_distortion,1.0,primary,3,0.8632268632268633,0.0,0f5d42c66d0bd604aaa86d1c5d5aff6d7174b996e4556ef751b886a7c842f636
locked,adult_income,mean_ensemble,confidence_distortion,1.0,primary,3,0.8634316134316135,0.0,aec1e9c1b43e0a6066d3fa6f0034a35457a4827c0b0ed6756bc33f7f6d4645c8
locked,adult_income,static_weighted_ensemble,confidence_distortion,1.0,primary,3,0.8632268632268633,0.0,c31981943d154a640b9d07217026fbcc43fefa073ab9114fd14aec6dcac0cbb9
locked,adult_income,veto_mavs,confidence_distortion,1.0,primary,3,0.8634316134316135,0.0,905e99ae09f3f7610a32abdcac0a51843064706fa7fdc791730068584d33de26
locked,adult_income,pure_mavs_gc,confidence_distortion,1.0,primary,3,0.8433660933660934,1.232595164407831e-32,5a81e99b821df7f8028cf7eac85b564904ddee5c555cdc11ae2c5efb023fca9f
locked,adult_income,single_model,confidence_distortion,1.0,shadow,2,0.8632268632268633,0.0,0b1367f6397e3f0f6e0b3579b60f47fe2ceae722354baa02997df2b8b994f808
locked,adult_income,mean_ensemble,confidence_distortion,1.0,shadow,2,0.8634316134316135,0.0,1396ee5dec1b62699ae2c73f91a94e7105186115e2794f9102f9494651955a86
locked,adult_income,static_weighted_ensemble,confidence_distortion,1.0,shadow,2,0.8632268632268633,0.0,618294c25f6556349e07866e15de394ec8971c264331d7a9a27cde9f5f80b56e
locked,adult_income,veto_mavs,confidence_distortion,1.0,shadow,2,0.8634316134316135,0.0,862023eb600745b9a5637e40f843b886c17ce3f2a57df75a9a604477b825ea30
locked,adult_income,pure_mavs_gc,confidence_distortion,1.0,shadow,2,0.8433660933660934,0.0,cbbbe1980d40996c1c7e769dab87f891e5535a7e2ca55ede771208e5d549b821
locked,adult_income,single_model,adversarial_confidence_inflation,0.0,primary,3,0.8632268632268633,0.0,2ff33b51644c766331c125a075a6ea5a5de03f986ef18a2f11250c52ff138947
locked,adult_income,mean_ensemble,adversarial_confidence_inflation,0.0,primary,3,0.8634316134316135,0.0,cba50e281d92eac83ff03e5d577d6dfad8ab59ff8b4722af4567ac83e95b996c
locked,adult_income,static_weighted_ensemble,adversarial_confidence_inflation,0.0,primary,3,0.8632268632268633,0.0,c96fca8faf3b1b6d2f027d069a52f47867e9f2ae91890740ab0fa62c205ad471
locked,adult_income,veto_mavs,adversarial_confidence_inflation,0.0,primary,3,0.8634316134316135,0.0,5a6178cca5586cad5032ac0ad30ab22b5674bc8a9a19ba57ca8aa363cde7826d
locked,adult_income,pure_mavs_gc,adversarial_confidence_inflation,0.0,primary,3,0.8607698607698607,0.0,e2d6b256f4f0b68dd9b25460fd8d89024becf8c1256265e847ecf6eff34adaac
locked,adult_income,single_model,adversarial_confidence_inflation,0.0,shadow,2,0.8632268632268633,0.0,13437ab36325e78bf580c3c9244822a957a2494667d020381181eb89f61971df
locked,adult_income,mean_ensemble,adversarial_confidence_inflation,0.0,shadow,2,0.8634316134316135,0.0,d7f4c9e236a978573095b7e31fb382c20d9d216533b716042d34b6b11db8fb89
locked,adult_income,static_weighted_ensemble,adversarial_confidence_inflation,0.0,shadow,2,0.8632268632268633,0.0,3b726121cb1dddc1318ddbacf8c7c86221cb1617952bc3ec3a9bbbd5ec8cc2db
locked,adult_income,veto_mavs,adversarial_confidence_inflation,0.0,shadow,2,0.8634316134316135,0.0,a2d70982bdaab190957f43eb57f88351985e2278a730a7c6e31bc9ff54f13063
locked,adult_income,pure_mavs_gc,adversarial_confidence_inflation,0.0,shadow,2,0.8607698607698607,0.0,c6688078580180f02cf8bdb789ca9f099ea833fa7b37d65a05b8bc3df5c11c73
locked,adult_income,single_model,adversarial_confidence_inflation,0.05,primary,3,0.8632268632268633,0.0,ad7068eb707cd36d3edc0e547f84a5d3377fdc73b2a4001175c49a75e7f52135
locked,adult_income,mean_ensemble,adversarial_confidence_inflation,0.05,primary,3,0.8632268632268633,2.794843089683052e-08,f3fac526ce4c5e59198bca114e777275f1b730db94477e4e5b46cb55324c0fdf
locked,adult_income,static_weighted_ensemble,adversarial_confidence_inflation,0.05,primary,3,0.862953862953863,9.316143632286944e-09,1eb992c1c76bc12ec3b16743e6ce867af09739263e8c9d5cbe904e4aaa21440c
locked,adult_income,veto_mavs,adversarial_confidence_inflation,0.05,primary,3,0.8632268632268633,2.794843089683052e-08,bd5dfe5c5fb7f7d792923bc30aa4e458ce6562c51b60783a9ccf6f363a24f990
locked,adult_income,pure_mavs_gc,adversarial_confidence_inflation,0.05,primary,3,0.8607016107016107,9.316143632276839e-09,328cf2fb623658796a4f9797781add508b8758472d9193dace587e4f370bbe72
locked,adult_income,single_model,adversarial_confidence_inflation,0.05,shadow,2,0.8632268632268633,0.0,496438ca7a641083c73f622d49c95bdb88715a3ce2bf9e2f910d58e7a2f0b615
locked,adult_income,mean_ensemble,adversarial_confidence_inflation,0.05,shadow,2,0.862919737919738,1.0480661586322811e-08,1bac05b81c30ee61272d4b2d3e6bcb591b720add719c3ac917edfe2a113fbecf
locked,adult_income,static_weighted_ensemble,adversarial_confidence_inflation,0.05,shadow,2,0.8626126126126126,0.0,f0fa4c34a81bb341f74779858ccb3891fd7384239194ac708f00bc873ca9767c
locked,adult_income,veto_mavs,adversarial_confidence_inflation,0.05,shadow,2,0.862919737919738,1.0480661586322811e-08,3d41bc972c8385b74dca21621f9a47959ecf8d9c63cb6a5df03b761556c63225
locked,adult_income,pure_mavs_gc,adversarial_confidence_inflation,0.05,shadow,2,0.8606674856674856,1.0480661586311444e-08,0976e425f5a21e35eec21ba607a51e9ca08f455e81fffd18f800b308599c599a
locked,adult_income,single_model,adversarial_confidence_inflation,0.1,primary,3,0.8632268632268633,0.0,969d93bb58bab47852b65ebd4d5891ec5757c294c50abc90e993fbe25b345e55
locked,adult_income,mean_ensemble,adversarial_confidence_inflation,0.1,primary,3,0.8629538629538629,1.211098672196343e-07,d550a3192b9e1d81e708d1161834bddf0773c34bdd29b1541c47ff767a5d383a
locked,adult_income,static_weighted_ensemble,adversarial_confidence_inflation,0.1,primary,3,0.8623396123396123,6.521300542593787e-08,f47d604e2fe2be828032ade873a3fbcd3faadf99d1f3adcc277d803cebf0fd27
locked,adult_income,veto_mavs,adversarial_confidence_inflation,0.1,primary,3,0.8629538629538629,1.211098672196343e-07,7cd8eddaca65b550a576972ab63a731ea47c19b36e88faf199807b38ba3a212e
locked,adult_income,pure_mavs_gc,adversarial_confidence_inflation,0.1,primary,3,0.8598826098826099,1.2110986721959893e-07,91a660f91212e77103476b7c9492729de45e489d888f1f5389d574dfb72aa1bd
locked,adult_income,single_model,adversarial_confidence_inflation,0.1,shadow,2,0.8632268632268633,0.0,00f7a0557e4a1c244015cd0cfd355ad8a21626f883929cd68a90a059e9345396
locked,adult_income,mean_ensemble,adversarial_confidence_inflation,0.1,shadow,2,0.862919737919738,1.0480661586322811e-08,5b9c5695f070fbadab5be840fac587b813ffdb5b60cede7ef9a2d24f900edc32
locked,adult_income,static_weighted_ensemble,adversarial_confidence_inflation,0.1,shadow,2,0.8624078624078624,4.1922646345245776e-08,e133b02f68f1aeb5bcc788c7a5fcaee309b24fbf796b953b57c9ffdeb1e49955
locked,adult_income,veto_mavs,adversarial_confidence_inflation,0.1,shadow,2,0.862919737919738,1.0480661586322811e-08,338542c785c90b6f0a96106a2b6f28dffe943ea652e7a117380e606b020fb930
locked,adult_income,pure_mavs_gc,adversarial_confidence_inflation,0.1,shadow,2,0.860053235053235,2.620165396577861e-07,4c44a08fff8b65e40fea5aca9132c3988f51bbbf25ed19c9b26abc37545af8d1
locked,adult_income,single_model,adversarial_confidence_inflation,0.2,primary,3,0.8632268632268633,0.0,ee1f1a93d7486a543b47f0b43bdd3cff4f993d38a1d6cb924e75048e263450f2
locked,adult_income,mean_ensemble,adversarial_confidence_inflation,0.2,primary,3,0.8603603603603603,2.794843089683052e-08,ca1399bbba1bacc89163fd4bac34dda427dbb0322d2e8e1a88d9674577f1a2b7
locked,adult_income,static_weighted_ensemble,adversarial_confidence_inflation,0.2,primary,3,0.8607698607698607,5.310201870398557e-07,5d8b2863214ba7531e884665bc0f34b377cda756b453d95ab7cde85bd27edf3a
locked,adult_income,veto_mavs,adversarial_confidence_inflation,0.2,primary,3,0.8603603603603603,2.794843089683052e-08,972033115bb94478bc4fb8c14668984320a10f27457c6132d62927af397cc45f
locked,adult_income,pure_mavs_gc,adversarial_confidence_inflation,0.2,primary,3,0.8575621075621076,6.521300542593787e-08,e4a3607844d9d53344dbcf55bdbd54e61f2751e311e152dabdc0a44b8c7ea71a
locked,adult_income,single_model,adversarial_confidence_inflation,0.2,shadow,2,0.8632268632268633,0.0,236c87cf67f6f74d440b5cca4cdb991402821108ba4acc270a97cd0015663c6f
locked,adult_income,mean_ensemble,adversarial_confidence_inflation,0.2,shadow,2,0.8605651105651105,4.1922646345245776e-08,e05f4765ee52c74f2ab27e680a35be18332b1d45955a39309beb8fe94d72cf1d
locked,adult_income,static_weighted_ensemble,adversarial_confidence_inflation,0.2,shadow,2,0.8611793611793612,4.192264634526851e-08,b7eddb444f5535b5522bf520869c78efd94629a91b33310f679bf8f3f6e55d41
locked,adult_income,veto_mavs,adversarial_confidence_inflation,0.2,shadow,2,0.8605651105651105,4.1922646345245776e-08,b1d7b4765b10fe787238530e8df7b2beab76731edf26d0a22422a41bbda11a86
locked,adult_income,pure_mavs_gc,adversarial_confidence_inflation,0.2,shadow,2,0.8582104832104832,1.0480661586311444e-08,eaedb4e7c8b88b68ab7bf81032fd8781dcc360be9a372e1d638fe400b47bf081
locked,adult_income,single_model,adversarial_confidence_inflation,0.4,primary,3,0.8632268632268633,0.0,47f550c31e34da76af1e5064b6623ee0a9714d0f0bdaa3df89054b39a7f3273e
locked,adult_income,mean_ensemble,adversarial_confidence_inflation,0.4,primary,3,0.8544908544908545,1.8259641519265433e-06,26c9fe2d81c99c19bb2f9dc0fdd3f68a01dd8db2f9b8bc47fcd1f6e6e41c3536
locked,adult_income,static_weighted_ensemble,adversarial_confidence_inflation,0.4,primary,3,0.8569478569478569,1.6303251356486996e-06,972cda9982150a68bb42dff9cf8e48a8509c6c235453553eec5eb9932bd702ba
locked,adult_income,veto_mavs,adversarial_confidence_inflation,0.4,primary,3,0.8544908544908545,1.8259641519265433e-06,d9c043c3cab4e7f6e3b0e73c212b64d79b931b82d00edc16a2f0e2254ea254e7
locked,adult_income,pure_mavs_gc,adversarial_confidence_inflation,0.4,primary,3,0.8529211029211029,1.2110986721959893e-07,221515f5c9c79ab3c32eb263870352cc86f6d53f033df4ec15fcaa7a9d0e95dd
locked,adult_income,single_model,adversarial_confidence_inflation,0.4,shadow,2,0.8632268632268633,0.0,7d37439c56c26f0ba63b453684ae7c4774d8cd6e9994397622cae658f7b40430
locked,adult_income,mean_ensemble,adversarial_confidence_inflation,0.4,shadow,2,0.8541154791154791,2.358148856920416e-06,8bca4199e46981677520c3f3deb0c37a14ca96e9c8e965354ad61f2d03626106
locked,adult_income,static_weighted_ensemble,adversarial_confidence_inflation,0.4,shadow,2,0.8574938574938575,3.773038171072802e-07,105a46a3a2f24fd5adbe66a86a2f7fbc6b8558da3259d4b76d7e630c79f540a2
locked,adult_income,veto_mavs,adversarial_confidence_inflation,0.4,shadow,2,0.8541154791154791,2.358148856920416e-06,744489a7fcc9a778e6c8cf72e8d199b5685e310b326bcd4fcf815458c504abf6
locked,adult_income,pure_mavs_gc,adversarial_confidence_inflation,0.4,shadow,2,0.8533988533988535,4.192264634526851e-08,592847359eccfc8618aeca34b60afc1d92e3d5a44b77f5bb37b0df38c8c4639d
locked,adult_income,single_model,adversarial_confidence_inflation,0.6,primary,3,0.8632268632268633,0.0,68b60456f7040b385ab8ba95df3a67acb152bc9fee164b722410dedee0b23d5e
locked,adult_income,mean_ensemble,adversarial_confidence_inflation,0.6,primary,3,0.8469150969150969,5.962331924657986e-07,1b4024f6e2737b5e0b4ecbb3e7415c3ee9a4c7e8567d3729b321f899119b0046
locked,adult_income,static_weighted_ensemble,adversarial_confidence_inflation,0.6,primary,3,0.8534671034671034,1.574428273854902e-06,9e9963e4fa3d4c2bce1c1aae63d95d6d0ea6523c160c9cb0cddda4eb8949fe7d
locked,adult_income,veto_mavs,adversarial_confidence_inflation,0.6,primary,3,0.8469150969150969,5.962331924657986e-07,c56d20ef6f87b094adc46c5ce40061d8f2e17e9e5565d09784f515eda08cd053
locked,adult_income,pure_mavs_gc,adversarial_confidence_inflation,0.6,primary,3,0.8463690963690964,4.844394688784664e-07,83f4df6311f6b339f374a7d035affaa1ad4b51cd2071d67b14da948998a861a6
locked,adult_income,single_model,adversarial_confidence_inflation,0.6,shadow,2,0.8632268632268633,0.0,f661a5637defb4644cb9068612525afa6303b364f30111d0d856da643372496a
locked,adult_income,mean_ensemble,adversarial_confidence_inflation,0.6,shadow,2,0.847051597051597,4.1922646345245776e-08,4161b1ebafbd97dc6b6a669ea423ff979b7e4ec195cbec708aab8d8689fc182b
locked,adult_income,static_weighted_ensemble,adversarial_confidence_inflation,0.6,shadow,2,0.8542178542178542,3.7730381710721203e-07,135d5895ba7a3477a3c91e3e7628280eb25526ba269cde9d015c55cab97cbae3
locked,adult_income,veto_mavs,adversarial_confidence_inflation,0.6,shadow,2,0.847051597051597,4.1922646345245776e-08,ab72445d28d0267ace211ba21125f6549b6f844e5ab9e45d2193c871fbbbdc33
locked,adult_income,pure_mavs_gc,adversarial_confidence_inflation,0.6,shadow,2,0.8474610974610974,4.1922646345245776e-08,fa54d7f8c4a62c3f21cf240888169d77b59330117dbe5086cf371f1b397caddb
locked,adult_income,single_model,adversarial_confidence_inflation,0.8,primary,3,0.8632268632268633,0.0,0864069985e159b4dcc721ae4bc339afbb380ea66e78724374359c3791591076
locked,adult_income,mean_ensemble,adversarial_confidence_inflation,0.8,primary,3,0.8404995904995906,1.1179372358735238e-07,67a747c33415adab60a40839cc0acc22ec0084e84427797a1d63cd0ac60d065f
locked,adult_income,static_weighted_ensemble,adversarial_confidence_inflation,0.8,primary,3,0.8506688506688507,6.521300542593787e-08,3545605e1132ac1d50b8bbdd89f7088dcfb07aa606ef07bd2286257bc0850812
locked,adult_income,veto_mavs,adversarial_confidence_inflation,0.8,primary,3,0.8404995904995906,1.1179372358735238e-07,ac8e01819e58d8f7d1d0a4a68f5d36e6f2dcf7b0d0344d1a8d9cf2d6ebe13897
locked,adult_income,pure_mavs_gc,adversarial_confidence_inflation,0.8,primary,3,0.8413868413868414,1.2110986721959893e-07,d7d9f48d60473d468e847c2d94cf1832143a64b459f935aa6b93a42a3e31d88b
locked,adult_income,single_model,adversarial_confidence_inflation,0.8,shadow,2,0.8632268632268633,0.0,bff7d6c6b316856fb3e59df837f2e87a4787b78c2106f6266168dd6a86fb355e
locked,adult_income,mean_ensemble,adversarial_confidence_inflation,0.8,shadow,2,0.8395782145782146,2.620165396577861e-07,a04328ad0c04ef8206ebd20a5934ac6af44442eb7ff8d7b54967985231938fa2
locked,adult_income,static_weighted_ensemble,adversarial_confidence_inflation,0.8,shadow,2,0.8503276003276004,3.773038171072802e-07,f27bf77870b7c8a66785280b986194d8cb36f7fad92bd3d0c363761e06538e5b
locked,adult_income,veto_mavs,adversarial_confidence_inflation,0.8,shadow,2,0.8395782145782146,2.620165396577861e-07,5d7e9009f6cf27f73d3b260434ca7e0135a83363b0820cde30a115c51006fba9
locked,adult_income,pure_mavs_gc,adversarial_confidence_inflation,0.8,shadow,2,0.8406019656019657,9.43259542768371e-08,2808b3c53797837195e6a75eb43be0191504635a3c5e70f57039d5d70685f34c
locked,adult_income,single_model,adversarial_confidence_inflation,1.0,primary,3,0.8632268632268633,0.0,6d474e83da0600515ce0cf8143662e1d4bf853da80917dbb15b5e71bf9f8de88
locked,adult_income,mean_ensemble,adversarial_confidence_inflation,1.0,primary,3,0.833947583947584,0.0,1a94c408a7d9b813a5ebd4f19ab220b8cbc2aaf18b3427e9b9d6dc4deba74de9
locked,adult_income,static_weighted_ensemble,adversarial_confidence_inflation,1.0,primary,3,0.847051597051597,0.0,268f5bda6f9ee67f4a345957353e6b713ea3bf8ed5733051347be20ee3d919a9
locked,adult_income,veto_mavs,adversarial_confidence_inflation,1.0,primary,3,0.833947583947584,0.0,8c9defc1f90cdd88e01810bda0b202fdece8454b05b2380ac72ba87f5e6a87b0
locked,adult_income,pure_mavs_gc,adversarial_confidence_inflation,1.0,primary,3,0.8376330876330876,0.0,73f23e3f7276625b2e75fe33f30ad658d1162a1cc0be768eefbc1475c17e7b9a
locked,adult_income,single_model,adversarial_confidence_inflation,1.0,shadow,2,0.8632268632268633,0.0,6a8020d8eecc0085a8538c259c75c11f6d4d58cc99b72637953c15ae09a075b7
locked,adult_income,mean_ensemble,adversarial_confidence_inflation,1.0,shadow,2,0.833947583947584,0.0,b8360b75c9bae1928aa5f7be092724b47c12c114870b2ddcb7aaa4a2a1a0e2e4
locked,adult_income,static_weighted_ensemble,adversarial_confidence_inflation,1.0,shadow,2,0.847051597051597,0.0,27452f14de6ddbf47b1a0d6cece1652530784c1e18ab75d48ddce8bb7db13c73
locked,adult_income,veto_mavs,adversarial_confidence_inflation,1.0,shadow,2,0.833947583947584,0.0,0d5cff825c70120edbe4f71f445dfcbb77003dac6c8ca4a3127f32833eae5ad1
locked,adult_income,pure_mavs_gc,adversarial_confidence_inflation,1.0,shadow,2,0.8376330876330876,0.0,d4ca5a242f35ae34539a5540fa751502326b0b58329b047b4c71b58d1a754ef1
locked,adult_income,single_model,distribution_shift,0.0,primary,3,0.8632268632268633,0.0,9fc522683587b85715d7725509001e39b465ec1c8421eb168c9d42fd8176ca86
locked,adult_income,mean_ensemble,distribution_shift,0.0,primary,3,0.8634316134316135,0.0,b477ecfa28f859f413170016fe13efb4917f41a50b366780dcb8484c9ab7958a
locked,adult_income,static_weighted_ensemble,distribution_shift,0.0,primary,3,0.8632268632268633,0.0,0a0eb5518b6758f611a1bea160b822e2583c704a71d7f30f8c579b2b8787a035
locked,adult_income,veto_mavs,distribution_shift,0.0,primary,3,0.8634316134316135,0.0,74e9d23f4487dfffa1603fe8a96859bdc156d3bd602028bdbdf5b84de215aebe
locked,adult_income,pure_mavs_gc,distribution_shift,0.0,primary,3,0.8607698607698607,0.0,3a560a493cd512ca71732644af0dd2039fd4f850fee90f5a3b0ad5bf5c8b9f42
locked,adult_income,single_model,distribution_shift,0.0,shadow,2,0.8632268632268633,0.0,9fd7c87ae49e7a1adc63a8783783a25bc337ea21e14dc0273713dccd3165620a
locked,adult_income,mean_ensemble,distribution_shift,0.0,shadow,2,0.8634316134316135,0.0,d041436810b7fc09e6f67f393cf70ffc3559b8a2f77ac13dfdfec4b444a09bec
locked,adult_income,static_weighted_ensemble,distribution_shift,0.0,shadow,2,0.8632268632268633,0.0,19b48bd041a6da2d2b42376f46c782868c3649928b69641bc29cf993b293a882
locked,adult_income,veto_mavs,distribution_shift,0.0,shadow,2,0.8634316134316135,0.0,02c6b77eab6ce170a008a3ff6e3807c922a265323fae61762bac20a38ddfd043
locked,adult_income,pure_mavs_gc,distribution_shift,0.0,shadow,2,0.8607698607698607,0.0,8f5259b7ffe41657526f998d2b5dc3bdecaece7419003968b489ad5f49704af5
locked,adult_income,single_model,distribution_shift,0.05,primary,3,0.8647905205247567,0.0,179d7a9480e6f85c7afa885a46a0ce2d2a690a84e4dc48635e00988641a7abf2
locked,adult_income,mean_ensemble,distribution_shift,0.05,primary,3,0.8650021159542954,0.0,5233b80f9ad754a811b31300347cf8fbee9a929010486af08dfa7193f73af637
locked,adult_income,static_weighted_ensemble,distribution_shift,0.05,primary,3,0.8652137113838341,1.232595164407831e-32,e1e9dfa8c3edf03320e689b87490abea9467e65e01c6773654f7613e1796f8bb
locked,adult_income,veto_mavs,distribution_shift,0.05,primary,3,0.8650021159542954,0.0,7a3e509a16f87b7443e0f988b63b511d581f534368027ab9a36f300d1ab6446e
locked,adult_income,pure_mavs_gc,distribution_shift,0.05,primary,3,0.8639441388066018,0.0,5651da0d59110b583f14cd3fa1a422ac78cabba292251db342ecd96bc0a4a016
locked,adult_income,single_model,distribution_shift,0.05,shadow,2,0.8647905205247567,0.0,e8d8a057ea22e6b2577f7362920e484961709fb7b313c8ba19a93c2f7719a5ec
locked,adult_income,mean_ensemble,distribution_shift,0.05,shadow,2,0.8650021159542954,0.0,1d0088729234cf06157b84e395f890717ad71e9c9df43ee3718717d973bcaa56
locked,adult_income,static_weighted_ensemble,distribution_shift,0.05,shadow,2,0.8652137113838341,0.0,663f5b5ebd02a3a9a9c91b38ab7a061863e7b1a32072c1dd4c94f3b06ff8acb3
locked,adult_income,veto_mavs,distribution_shift,0.05,shadow,2,0.8650021159542954,0.0,f0a457da836f9fcf4bd56157a38a08f8454fa5c681c924e5e84c2071f29a2cc3
locked,adult_income,pure_mavs_gc,distribution_shift,0.05,shadow,2,0.8639441388066018,0.0,ed20b16e01c46ada568a17a0685ba5164b7032ca7b54eb6920280884c928d743
locked,adult_income,single_model,distribution_shift,0.1,primary,3,0.8646814101160499,0.0,38e6e6e3e6708fddfdac57e745b3543b315d52a56f40b928735105dc39b93ea1
locked,adult_income,mean_ensemble,distribution_shift,0.1,primary,3,0.8655572585942632,0.0,7ab97b89e163e7e08b6780f2bda313ae41c89756a438d24f0b352a048ea1cce1
locked,adult_income,static_weighted_ensemble,distribution_shift,0.1,primary,3,0.8655572585942632,0.0,29bc98eb5817b0f87a7ab8c58c1e3bcd20fdf1b1192fca18728bd378438ac7f7
locked,adult_income,veto_mavs,distribution_shift,0.1,primary,3,0.8655572585942632,0.0,d728030b3b913a61eb9eca37a603d7ae9b79150fcbe80138b0dad57d75df4167
locked,adult_income,pure_mavs_gc,distribution_shift,0.1,primary,3,0.8644624479964966,1.232595164407831e-32,e24ff1e91f347992f0638e97da374699a6a02ec474ece4b43acacb6760a1c0d2
locked,adult_income,single_model,distribution_shift,0.1,shadow,2,0.8646814101160499,0.0,60f6f58a75b3398cd4331ece3c2b1e67392df034da2c4a8decdb75f22ee039a2
locked,adult_income,mean_ensemble,distribution_shift,0.1,shadow,2,0.8655572585942632,0.0,8e7dc04f9cebc3079058cd7e27c77d46554da8bc0fdc204f223d7e9a3af97806
locked,adult_income,static_weighted_ensemble,distribution_shift,0.1,shadow,2,0.8655572585942632,0.0,167529b4f94df5e927ac454989c6d0f9a284683eee784b7c528bce90ea61c4a7
locked,adult_income,veto_mavs,distribution_shift,0.1,shadow,2,0.8655572585942632,0.0,2f245328be2dfa5c345a60091dec3048e8c6ed966f59855d2e583bb91fc041c4
locked,adult_income,pure_mavs_gc,distribution_shift,0.1,shadow,2,0.8644624479964966,0.0,11c14263ac93628e0d0ee3054966a9e78abb91a1fd3df305dfa9c3c7c711f92d
locked,adult_income,single_model,distribution_shift,0.2,primary,3,0.8654117647058823,1.232595164407831e-32,0d5c4b95b7b0a1acc8ac197519fce1466166d3cf9478010f4a9d55045a190362
locked,adult_income,mean_ensemble,distribution_shift,0.2,primary,3,0.8658823529411764,0.0,c4a0c7881ca40e1affbb33f8d37d1e8a8f5768199b3ff728633b99fa68bff262
locked,adult_income,static_weighted_ensemble,distribution_shift,0.2,primary,3,0.8661176470588235,0.0,0d02b27a83444f285e0364195074b12975b8e12f3fa65b167706f5b0856ba4e2
locked,adult_income,veto_mavs,distribution_shift,0.2,primary,3,0.8658823529411764,0.0,bc138af44946647574517dd8fd2c7537c010ee7b04943a99f0dcafc1d091ee39
locked,adult_income,pure_mavs_gc,distribution_shift,0.2,primary,3,0.8654117647058823,1.232595164407831e-32,233a65c1b75c8e86e16a36efdc81189c8dfaec26c66a314da5101171fbd5da5b
locked,adult_income,single_model,distribution_shift,0.2,shadow,2,0.8654117647058823,0.0,d2f742fed000236819d99ae1a9522d33c8ea92b4200dd1bb6b8b788d7eaa7e65
locked,adult_income,mean_ensemble,distribution_shift,0.2,shadow,2,0.8658823529411764,0.0,02b7edf14bfbf33d9f1cb58b5862044b2e0eddd569177f24913f72fa6b94a855
locked,adult_income,static_weighted_ensemble,distribution_shift,0.2,shadow,2,0.8661176470588235,0.0,f97dbe43cef1447387dfe6802005992c98dd244e0ff6c22658e1b72d4ee024d1
locked,adult_income,veto_mavs,distribution_shift,0.2,shadow,2,0.8658823529411764,0.0,defa4d5c7950e37f938af8430335f73bbfcf97390e2e430f4642e0998f951a0e
locked,adult_income,pure_mavs_gc,distribution_shift,0.2,shadow,2,0.8654117647058823,0.0,fb40df89c519290ab3b4c34b4d673d9a28abdbcddda05668b25c0caae41a1fb5
locked,adult_income,single_model,distribution_shift,0.4,primary,3,0.8702627939142462,0.0,f1a955ab34db8223b1628bdd100d4b8c381113dcaf025550ce0e07ad4cfd78b0
locked,adult_income,mean_ensemble,distribution_shift,0.4,primary,3,0.8719225449515906,0.0,70bc3bffecee865bf85982cf521f5d2b7024ee03e43b0d2d01fb7e8c0b425724
locked,adult_income,static_weighted_ensemble,distribution_shift,0.4,primary,3,0.8710926694329184,0.0,8fcd07558b00e4fd61e8bf6c2b4d7f8b5e50154ab97c1d8f8440e5920c00a940
locked,adult_income,veto_mavs,distribution_shift,0.4,primary,3,0.8719225449515906,0.0,304d40337ebfa756cab2239a4a3a8a09f31e4995f94b9e181fcb799daef45229
locked,adult_income,pure_mavs_gc,distribution_shift,0.4,primary,3,0.8699861687413555,0.0,c956d8214b9ca030d51bf292e7fcd60aa68799f5cbeebd24ee103c5cdc6068da
locked,adult_income,single_model,distribution_shift,0.4,shadow,2,0.8702627939142462,0.0,1485703de20babb932465037c476be4281c29d4bfc1ebeb7991dedcad6773fa0
locked,adult_income,mean_ensemble,distribution_shift,0.4,shadow,2,0.8719225449515906,0.0,718d266647e081797c5e32d02d76afdc2a9ef1f535c2f41fb2c37140b27ab032
locked,adult_income,static_weighted_ensemble,distribution_shift,0.4,shadow,2,0.8710926694329184,0.0,8eb8e263f5a5744412581527f6edb3df769513124067ad91ae50ea9e61c1e5e0
locked,adult_income,veto_mavs,distribution_shift,0.4,shadow,2,0.8719225449515906,0.0,1f159783635c1fd5f80086ac931d0690cf446e8fd484d785d7176b15dca1953b
locked,adult_income,pure_mavs_gc,distribution_shift,0.4,shadow,2,0.8699861687413555,0.0,e91ea67184fcef3b8d684fcfa451c7d21e17f00cf6b2ba8ce9fcd7fa1bde9ec6
locked,adult_income,single_model,distribution_shift,0.6,primary,3,0.8661073825503356,1.232595164407831e-32,48e2771dd57bc38b685f5f4de226fe84a839aa8c46a50cd00d26781b999200a1
locked,adult_income,mean_ensemble,distribution_shift,0.6,primary,3,0.8687919463087248,1.232595164407831e-32,a7891d2b9e407f3e24e0dad69cce317cd85c64e1a345243767e0da7802a39a62
locked,adult_income,static_weighted_ensemble,distribution_shift,0.6,primary,3,0.8674496644295302,0.0,c6d94de3129e1af442a1b904573cdc6fd70708ddf69966330024b5ae768905d0
locked,adult_income,veto_mavs,distribution_shift,0.6,primary,3,0.8687919463087248,1.232595164407831e-32,3e051de214e26caa4137d15a6f6b368a8c4f367fab5e578a0e08e141d3c0fbcf
locked,adult_income,pure_mavs_gc,distribution_shift,0.6,primary,3,0.8657718120805369,1.232595164407831e-32,881f648858b23ee99afed441db77fdce688bfd728f4ec6ea92aa4f128cd621f2
locked,adult_income,single_model,distribution_shift,0.6,shadow,2,0.8661073825503356,0.0,216d9731653fbc281f6a49f94b9d9fc6fde48bfb717e04d1453905bfe47ad524
locked,adult_income,mean_ensemble,distribution_shift,0.6,shadow,2,0.8687919463087248,0.0,d025c6e05a248649bfe793c025df95fff4a475c311acc34d6a5ba6818fbce40c
locked,adult_income,static_weighted_ensemble,distribution_shift,0.6,shadow,2,0.8674496644295302,0.0,68ac22cddb90a0d0ed9e305b10cf52afcaaf2f367a91a230f6246384c9704e17
locked,adult_income,veto_mavs,distribution_shift,0.6,shadow,2,0.8687919463087248,0.0,793e810c9176e554fab8c9a3cedd74b4e38483a0afab10fde997ac39e2e0aa0f
locked,adult_income,pure_mavs_gc,distribution_shift,0.6,shadow,2,0.8657718120805369,0.0,ced82279e71f0e8bc096d55a0fc28502292023470f765912aa1e72df3b7b73fc
locked,adult_income,single_model,distribution_shift,0.8,primary,3,0.8742004264392325,0.0,9de68c3905dd3755c2076f345a51e693c2f95bcf529407e0f65a2d2d8925ed14
locked,adult_income,mean_ensemble,distribution_shift,0.8,primary,3,0.8780383795309168,1.232595164407831e-32,ae4a3b3562d84a0b617d8c79797cbd89768950433eb42bc00190c23f951caa32
locked,adult_income,static_weighted_ensemble,distribution_shift,0.8,primary,3,0.8754797441364606,1.232595164407831e-32,274607544509da0fd4c3c330301c5f2b659a8ffb24b5f2618c74df9f59c0fe75
locked,adult_income,veto_mavs,distribution_shift,0.8,primary,3,0.8780383795309168,1.232595164407831e-32,b57750fbc104c8723ccfaeb4b8b0f568f67c5a4d415d21bff86484f07428e7ec
locked,adult_income,pure_mavs_gc,distribution_shift,0.8,primary,3,0.873773987206823,0.0,643e208a9f9ba1881fa3fe280481345a36d746fa7eb77f5d50888261d0e57b00
locked,adult_income,single_model,distribution_shift,0.8,shadow,2,0.8742004264392325,0.0,0ac0d6a2088e815c10374f6b47711cc91c0316847e750623db1b5fd66312e3d4
locked,adult_income,mean_ensemble,distribution_shift,0.8,shadow,2,0.8780383795309168,0.0,6b3bb7b333276ddaee2f30092ed3aa1067e889980b2b296a84fd6b8c8fdfa2ca
locked,adult_income,static_weighted_ensemble,distribution_shift,0.8,shadow,2,0.8754797441364606,0.0,07ab7ccb4e401b363c174c0bf0826e88b75004f71f235ed5d3675ab1b96fb0fa
locked,adult_income,veto_mavs,distribution_shift,0.8,shadow,2,0.8780383795309168,0.0,7a3b94f06e8bcfa7c19d007535c358bdb20da5395c672a19139b6d67036bd1d2
locked,adult_income,pure_mavs_gc,distribution_shift,0.8,shadow,2,0.873773987206823,0.0,51e3d287282b2d523a274e85ace44ff381cc04350fcbf7a798ed21fb4f4c14e2
locked,adult_income,single_model,distribution_shift,1.0,primary,3,0.8859649122807017,0.0,b9c586c1b9fae7799cefed585dc86a9383693166269e8169214f33fc10589986
locked,adult_income,mean_ensemble,distribution_shift,1.0,primary,3,0.8888888888888888,0.0,2f1bd39f45023864357b016df894a5d1be335ea90cb4c1f20579bc6219ef63e3
locked,adult_income,static_weighted_ensemble,distribution_shift,1.0,primary,3,0.8871345029239766,1.232595164407831e-32,fcb1a5c3159db61e1dbd038416c2d4965f3383dfbf86683bcfb38553aaadc86d
locked,adult_income,veto_mavs,distribution_shift,1.0,primary,3,0.8888888888888888,0.0,c461c8317ebc950ef2e524409afba2d84270df6f77a320c55ade4cdd3ae1d4cd
locked,adult_income,pure_mavs_gc,distribution_shift,1.0,primary,3,0.8859649122807017,0.0,9c4edf88f90b9824063328e61768bf2f1de085ff40576438ec31998086ddc4df
locked,adult_income,single_model,distribution_shift,1.0,shadow,2,0.8859649122807017,0.0,4b8690072c29886200b61992d5c3696502f3af564e00b4364de8700fcf561046
locked,adult_income,mean_ensemble,distribution_shift,1.0,shadow,2,0.8888888888888888,0.0,573928a0c2e146d8f802a7d1f61e979108421abaec6cbb1df6e4fe5e8d6649b3
locked,adult_income,static_weighted_ensemble,distribution_shift,1.0,shadow,2,0.8871345029239766,0.0,02b26e5fe0f414dfd410c5b440f47f1a19e10cb038ac204ab22f17c311468c3a
locked,adult_income,veto_mavs,distribution_shift,1.0,shadow,2,0.8888888888888888,0.0,f7009d3aa724596c758b15b6041e4b263e1e8152ea9b416f23271c9058b02035
locked,adult_income,pure_mavs_gc,distribution_shift,1.0,shadow,2,0.8859649122807017,0.0,b1c3514f3f0f50e4aa0aeac090d36de2486298ae34a1fd4fede6e659f16a50fb
locked,adult_income,single_model,synthetic_sensor_failure,0.0,primary,3,0.8632268632268633,0.0,9774e74507180b1549d89af71b21e23f1c591d538b6c9586fd41f055ea692051
locked,adult_income,mean_ensemble,synthetic_sensor_failure,0.0,primary,3,0.8634316134316135,0.0,6dca2f60a939e4772f6475eb928d5397fe62cef2fa9017531135fead62b18896
locked,adult_income,static_weighted_ensemble,synthetic_sensor_failure,0.0,primary,3,0.8632268632268633,0.0,f4ec27d3e6363458f9d18fa9f04a22e4b0ade69171dd1a62a3aa871b075c49fe
locked,adult_income,veto_mavs,synthetic_sensor_failure,0.0,primary,3,0.8634316134316135,0.0,96597d5bf6ecf715d8cad273b06ba727552f9d7291882f592994648e3a515cc8
locked,adult_income,pure_mavs_gc,synthetic_sensor_failure,0.0,primary,3,0.8607698607698607,0.0,f39abffa8f4e3dcfc9f6e74707288b1d04b01469c2d3c7dd31bb4be553af8e91
locked,adult_income,single_model,synthetic_sensor_failure,0.0,shadow,2,0.8632268632268633,0.0,850f79271584f300da48dfe7c50c5311eafdede544725feeb5fb88a4edbeed39
locked,adult_income,mean_ensemble,synthetic_sensor_failure,0.0,shadow,2,0.8634316134316135,0.0,cfc1b520bc48a5fa9490e5682a952121911c2c3cdd2a0a0e18aa23fc254caaf6
locked,adult_income,static_weighted_ensemble,synthetic_sensor_failure,0.0,shadow,2,0.8632268632268633,0.0,3f9178cf1ef6bf95e02f8c1c328bd9d67ccdc7234ae299f6d2c7e40dfe5623a5
locked,adult_income,veto_mavs,synthetic_sensor_failure,0.0,shadow,2,0.8634316134316135,0.0,543372846ba23457e0c9487c50064b1092c613cc207f12e6d213bf6b61f18bd5
locked,adult_income,pure_mavs_gc,synthetic_sensor_failure,0.0,shadow,2,0.8607698607698607,0.0,ded366897541453eaa945c7d865ee684e8542f7e84a83d54d4d3083c2f8c5a20
locked,adult_income,single_model,synthetic_sensor_failure,0.05,primary,3,0.8028255528255528,0.0,e85bc897710788aacf6221ffd8c893d24cd1dac61f22c8a61bcd928bd414f11f
locked,adult_income,mean_ensemble,synthetic_sensor_failure,0.05,primary,3,0.8235053235053235,0.0,4ad13bddca4ca967c0f88d711e2c9c1d7ae8c15eefbbea70bb6fb7771b82af6d
locked,adult_income,static_weighted_ensemble,synthetic_sensor_failure,0.05,primary,3,0.8091728091728092,1.232595164407831e-32,04cbf55f91816977f91470e8407b689258c222682c19d2b3b758d3e6bcc079a3
locked,adult_income,veto_mavs,synthetic_sensor_failure,0.05,primary,3,0.8235053235053235,0.0,2a2ae3c683052629f9b152e161ea4da19b30a44d1b1c8fda3767bf85443c6d0f
locked,adult_income,pure_mavs_gc,synthetic_sensor_failure,0.05,primary,3,0.8097870597870598,0.0,f0d8996ef5be910dc20fe40ef41ac833b9e505d510a1f12d77fd89dab6361213
locked,adult_income,single_model,synthetic_sensor_failure,0.05,shadow,2,0.8028255528255528,0.0,c3be55b3404a2ad2f13a7bd02604f2965222c9f1dda50b084d3927784a999fe9
locked,adult_income,mean_ensemble,synthetic_sensor_failure,0.05,shadow,2,0.8235053235053235,0.0,0deb01e8da356ed3a5629041a49ba3feccb333b63b56ccd15c47c99336265a6e
locked,adult_income,static_weighted_ensemble,synthetic_sensor_failure,0.05,shadow,2,0.8091728091728092,0.0,9040c3486ff4469a51a922cb72fb2200673046b0334e518500568778e253392c
locked,adult_income,veto_mavs,synthetic_sensor_failure,0.05,shadow,2,0.8235053235053235,0.0,e5a477d691bc970fe399d7b4bf461f2d271aaeda6d8056a4b456bd0a29ebbf48
locked,adult_income,pure_mavs_gc,synthetic_sensor_failure,0.05,shadow,2,0.8097870597870598,0.0,94ab0d627024ba620771f5318f844638bf6312a8124d01f13edc6992d7536598
locked,adult_income,single_model,synthetic_sensor_failure,0.1,primary,3,0.8028255528255528,0.0,f425ad9b154062a27e6d80c9b3e543ae2cfa90cc0f51bccb9a6351504ef4e99d
locked,adult_income,mean_ensemble,synthetic_sensor_failure,0.1,primary,3,0.8235053235053235,0.0,b811a4024b63d378b9f1f0074c5b48f5a0b30ac86d9bcdd750772d93bd69d61b
locked,adult_income,static_weighted_ensemble,synthetic_sensor_failure,0.1,primary,3,0.8091728091728092,1.232595164407831e-32,a85fae0600ecaec1d0f14f33fa98498aa3e7532beb94da694540d87b8211bf08
locked,adult_income,veto_mavs,synthetic_sensor_failure,0.1,primary,3,0.8235053235053235,0.0,436ce37c797d1bcc62d869a23b4ce7ec77c19393e2f35c7be782e4cc70a29f06
locked,adult_income,pure_mavs_gc,synthetic_sensor_failure,0.1,primary,3,0.8097870597870598,0.0,1cfb7307b9f843ea207f0caef55b93f9bbb14c92eaab917b466fa6d1f20a4d4c
locked,adult_income,single_model,synthetic_sensor_failure,0.1,shadow,2,0.8028255528255528,0.0,ea5b3ab33a67b956b1c5dee1ccc4f8ad14ea4872c82551c9e1b8a1b0efb72301
locked,adult_income,mean_ensemble,synthetic_sensor_failure,0.1,shadow,2,0.8235053235053235,0.0,d2d42bdb088f14453fdbd19dbbc830d3c588f11605f77d99d54120dce69874ce
locked,adult_income,static_weighted_ensemble,synthetic_sensor_failure,0.1,shadow,2,0.8091728091728092,0.0,6b57a79a7ac622481aba7ca59a2cb3c8fd3ce38691ba8e28d65f8215b3c9d4b2
locked,adult_income,veto_mavs,synthetic_sensor_failure,0.1,shadow,2,0.8235053235053235,0.0,330078b4ccbae484804445e7c92389494ea836efe03cbec7cedf57cc1b3a5e61
locked,adult_income,pure_mavs_gc,synthetic_sensor_failure,0.1,shadow,2,0.8097870597870598,0.0,e5c37d2422e71658d2b9506f1e29c6d61d98fe07deff5ca3c5383ca7e7f20b5c
locked,adult_income,single_model,synthetic_sensor_failure,0.2,primary,3,0.8028255528255528,0.0,5b0ef1fdb5841433cbb3d14d93e85ee7cd15e67668ccf4f846ad8b5a041bcb49
locked,adult_income,mean_ensemble,synthetic_sensor_failure,0.2,primary,3,0.8235053235053235,0.0,74b4281cd628003d904efa32d83cee9f68ca5d578631e6e304e1e9257d66f10e
locked,adult_income,static_weighted_ensemble,synthetic_sensor_failure,0.2,primary,3,0.8091728091728092,1.232595164407831e-32,3ea669941da783facf62c6a80c7d612a74bee2e6885699c9f1f7a083990c5a4f
locked,adult_income,veto_mavs,synthetic_sensor_failure,0.2,primary,3,0.8235053235053235,0.0,9422b0d691e3c474299077b2fb8066380a6fb5e09ebf3f6bf9d81483592e4e7a
locked,adult_income,pure_mavs_gc,synthetic_sensor_failure,0.2,primary,3,0.8097870597870598,0.0,256ce28b35e35531edd2b44363aa366d76012be32bd15e68d766da69811c24a7
locked,adult_income,single_model,synthetic_sensor_failure,0.2,shadow,2,0.8028255528255528,0.0,d60eb1f764517e58e89d813ec6d87edf1a6e405c4f3a9f6c8196d378e33371cb
locked,adult_income,mean_ensemble,synthetic_sensor_failure,0.2,shadow,2,0.8235053235053235,0.0,ee073007f15e136a637ea45b4972e0c4feabd1531a296f635aeab20b079312cf
locked,adult_income,static_weighted_ensemble,synthetic_sensor_failure,0.2,shadow,2,0.8091728091728092,0.0,cdf2f530767933462dedd2a4968a9fe2c55bd341e8abd23736082e2ad7e6bd76
locked,adult_income,veto_mavs,synthetic_sensor_failure,0.2,shadow,2,0.8235053235053235,0.0,0d893f502db040736b1b0d2690df977abfb2cff9b0c271115b87140db91ba85f
locked,adult_income,pure_mavs_gc,synthetic_sensor_failure,0.2,shadow,2,0.8097870597870598,0.0,a48e983f16d81eacb2aa489f92a98960e17701fbd8769fc8947a005cab6be070
locked,adult_income,single_model,synthetic_sensor_failure,0.4,primary,3,0.7606470106470107,1.232595164407831e-32,b4a1816d90eccc31c205b086fe90c76ca8c1e6afd0bb32894e8a468c5324d37f
locked,adult_income,mean_ensemble,synthetic_sensor_failure,0.4,primary,3,0.7606470106470107,1.232595164407831e-32,3e1ac6d1ca4fe10c2eaf5c25bbbb67177c4cb509666406c7638bab82ef44699e
locked,adult_income,static_weighted_ensemble,synthetic_sensor_failure,0.4,primary,3,0.7606470106470107,1.232595164407831e-32,e69d76bf88d9f9b624610f36504a4d08a5aecc9ad7496a3cf46fe0cd689e24ff
locked,adult_income,veto_mavs,synthetic_sensor_failure,0.4,primary,3,0.7606470106470107,1.232595164407831e-32,ea7e8cb372af2a3c972cea7680c597f27a2d4b14701570775f370ec444e4bd41
locked,adult_income,pure_mavs_gc,synthetic_sensor_failure,0.4,primary,3,0.7606470106470107,1.232595164407831e-32,80de5c5761a0ddb0b082e25604fd99839f265e894833f627703bb5c449d0df5b
locked,adult_income,single_model,synthetic_sensor_failure,0.4,shadow,2,0.7606470106470107,0.0,9e360fe812729a712fcedd35ce03ffff59aa535bf26f45a7e655cf661d8963f5
locked,adult_income,mean_ensemble,synthetic_sensor_failure,0.4,shadow,2,0.7606470106470107,0.0,0df716d9093a4f28a3ee972c7d5e2917b08713e438427ed01670a6b9594bc493
locked,adult_income,static_weighted_ensemble,synthetic_sensor_failure,0.4,shadow,2,0.7606470106470107,0.0,1f18b0f3760b335aff8fed90264190c36a814314cf00087d4f4512c6bf413318
locked,adult_income,veto_mavs,synthetic_sensor_failure,0.4,shadow,2,0.7606470106470107,0.0,60910201e65265dc756b3d90b8ec7f404f89c7cd46d4791ee4dbf6e7f4c4ccac
locked,adult_income,pure_mavs_gc,synthetic_sensor_failure,0.4,shadow,2,0.7606470106470107,0.0,7f1b80cf69463b316dce6b4963570edec0e699654946909a6b602205f163c483
locked,adult_income,single_model,synthetic_sensor_failure,0.6,primary,3,0.7606470106470107,1.232595164407831e-32,d439fa5bf55b32a65cde242be15f70bcb378b0709b60a3b2a03a01525a2c9ee6
locked,adult_income,mean_ensemble,synthetic_sensor_failure,0.6,primary,3,0.7606470106470107,1.232595164407831e-32,cc40cd7c8e83d6da3cb733a46aac89eed3ff7fb9377a9215a0a072709c369875
locked,adult_income,static_weighted_ensemble,synthetic_sensor_failure,0.6,primary,3,0.7606470106470107,1.232595164407831e-32,8efae2f8161d1df6f30ab6ed65d984d786feb2b2db54f5ba272ce25998126542
locked,adult_income,veto_mavs,synthetic_sensor_failure,0.6,primary,3,0.7606470106470107,1.232595164407831e-32,a6d3508b1b9b07fca19f5c01113e3707d63c39b42d6b7b4652b2957c06a26aeb
locked,adult_income,pure_mavs_gc,synthetic_sensor_failure,0.6,primary,3,0.7606470106470107,1.232595164407831e-32,403b8df9ce0ae9448c2e3a7cb33bd2f2ae39d49ea1cae010d714047891183509
locked,adult_income,single_model,synthetic_sensor_failure,0.6,shadow,2,0.7606470106470107,0.0,47ebeecc792c10c958109bd5d69bbb2489a5834413ff8b4af121e88b5655f07d
locked,adult_income,mean_ensemble,synthetic_sensor_failure,0.6,shadow,2,0.7606470106470107,0.0,02d82575a397b181aa97b4f2b1292f70607aab6e54939a91cd5408a5fb3f7938
locked,adult_income,static_weighted_ensemble,synthetic_sensor_failure,0.6,shadow,2,0.7606470106470107,0.0,c04cc08894b7abd0506980bd5ab0c9739b2e276e9fa18cf7bab786b07bd87682
locked,adult_income,veto_mavs,synthetic_sensor_failure,0.6,shadow,2,0.7606470106470107,0.0,c33b8bd2346ff888f75a5b74ad6535bef6ae7a6c3d987b41d81a6bde5e1bdeb5
locked,adult_income,pure_mavs_gc,synthetic_sensor_failure,0.6,shadow,2,0.7606470106470107,0.0,642feabcc9cdb7544ac480d411f9813f67944e85a101a15a124b682bcd7cce83
locked,adult_income,single_model,synthetic_sensor_failure,0.8,primary,3,0.7606470106470107,1.232595164407831e-32,4314d6ace387a78182b0778071ea816ad51f50c602c69afa4152b61a5f25aa4c
locked,adult_income,mean_ensemble,synthetic_sensor_failure,0.8,primary,3,0.7606470106470107,1.232595164407831e-32,42a7bc410b676b2946d13912733463a09e5b84680c9311a7b616beffae32989a
locked,adult_income,static_weighted_ensemble,synthetic_sensor_failure,0.8,primary,3,0.7606470106470107,1.232595164407831e-32,721f7cd103f3e7453594f8e73ac196453e4d6d66b08d130001199f8cd4905927
locked,adult_income,veto_mavs,synthetic_sensor_failure,0.8,primary,3,0.7606470106470107,1.232595164407831e-32,ba6d8bc53c106e3b3c906d72b3707aaa54a0fab26e65ea3c084dff52b5e72a35
locked,adult_income,pure_mavs_gc,synthetic_sensor_failure,0.8,primary,3,0.7606470106470107,1.232595164407831e-32,2a046a0f4eddc106f82b833f7b7fedc91a9ef0c6abf6b15694006c04824ecebc
locked,adult_income,single_model,synthetic_sensor_failure,0.8,shadow,2,0.7606470106470107,0.0,966973243664b4b4b078d14f812aab08445ef78d2e9572bc23d3f20eb28d99d2
locked,adult_income,mean_ensemble,synthetic_sensor_failure,0.8,shadow,2,0.7606470106470107,0.0,a33956cffa561bc71853ab22beff5b5911c7264e55f97a223258cf9256c9e62d
locked,adult_income,static_weighted_ensemble,synthetic_sensor_failure,0.8,shadow,2,0.7606470106470107,0.0,3c30a91517ffb64f86b71a07d05a977d8f04230fbe724ae41b796c234802ddf7
locked,adult_income,veto_mavs,synthetic_sensor_failure,0.8,shadow,2,0.7606470106470107,0.0,63e23051eb2e60e7a822adc0f9d74be1dfa939e68b2be4d9db4c2b7013bd1693
locked,adult_income,pure_mavs_gc,synthetic_sensor_failure,0.8,shadow,2,0.7606470106470107,0.0,d1832cc14936936d2191b5105316dda1406c30b3db06efb84a11f20987207ad4
locked,adult_income,single_model,synthetic_sensor_failure,1.0,primary,3,0.7606470106470107,1.232595164407831e-32,41bac8062d8a7aca1aa8c6ab491610dce6365f768145f7048e2ac1692296159c
locked,adult_income,mean_ensemble,synthetic_sensor_failure,1.0,primary,3,0.7606470106470107,1.232595164407831e-32,e5fe057a6df74c1e37ad87a4dd12d567584efdd9f8ca1abeaff46cf6b2c71430
locked,adult_income,static_weighted_ensemble,synthetic_sensor_failure,1.0,primary,3,0.7606470106470107,1.232595164407831e-32,b23d2aebdee39b21dff526d17f5a4e358e3e597db5c6799e2efc17d8e67174f0
locked,adult_income,veto_mavs,synthetic_sensor_failure,1.0,primary,3,0.7606470106470107,1.232595164407831e-32,8fd6a45184681f523eb4a60c56c144817d3a9463fff4b6e7eb46856aa0903be8
locked,adult_income,pure_mavs_gc,synthetic_sensor_failure,1.0,primary,3,0.7606470106470107,1.232595164407831e-32,5e4b7b37a461468533cd21590d23a351133210679b361f8d59f8ea50c6f7c27f
locked,adult_income,single_model,synthetic_sensor_failure,1.0,shadow,2,0.7606470106470107,0.0,760ca5ed1c43bb8a73ae22b8f28272365a53c492f58c0642aabd46d6a4353441
locked,adult_income,mean_ensemble,synthetic_sensor_failure,1.0,shadow,2,0.7606470106470107,0.0,d747de2c2405fe17f40df0d6db1086e3dc4064d889ac25f199bf12c571f68894
locked,adult_income,static_weighted_ensemble,synthetic_sensor_failure,1.0,shadow,2,0.7606470106470107,0.0,db5526566e0cb4cb5196bc0f5b4c8a0fa813fa42431939ecbd250c6879a935a6
locked,adult_income,veto_mavs,synthetic_sensor_failure,1.0,shadow,2,0.7606470106470107,0.0,f307a4c0405d87e8e8e314e11443fe1c4feadf516deae34f345067779cb0de03
locked,adult_income,pure_mavs_gc,synthetic_sensor_failure,1.0,shadow,2,0.7606470106470107,0.0,4f7d2047e42186e8fc07eb6e1cf6c93352c3ce7b356bca1dcbb4da1824dd2cf1
locked,adult_income,single_model,specialist_failure,0.0,primary,3,0.8632268632268633,0.0,16e2ea8a600bf1dc75ab4cc9b5e21077f0fbb3c19fe261b03c2a960b18df7911
locked,adult_income,mean_ensemble,specialist_failure,0.0,primary,3,0.8634316134316135,0.0,1aec3bcad6f4f8df2359fcfb524b120f79bfdf4c6c4cdcbe79ee7fd97a6ead3a
locked,adult_income,static_weighted_ensemble,specialist_failure,0.0,primary,3,0.8632268632268633,0.0,27ccbc590acc32eff4df595c713108bdb6147199470e82991372436de2ea81a0
locked,adult_income,veto_mavs,specialist_failure,0.0,primary,3,0.8634316134316135,0.0,ce394b925b3d64a924b8eb8392e30de2514845bd90adc856c8c50ee44db24c91
locked,adult_income,pure_mavs_gc,specialist_failure,0.0,primary,3,0.8607698607698607,0.0,075380e1c9a4650095d297a65ea22095f8db497b18ae7836ad201f8b37b2d279
locked,adult_income,single_model,specialist_failure,0.0,shadow,2,0.8632268632268633,0.0,40f771c400c28a1b9b2f52d91df5bf3777ab0a88ff64494d73a2d0b0aca0a4e0
locked,adult_income,mean_ensemble,specialist_failure,0.0,shadow,2,0.8634316134316135,0.0,470f74b39aff43e9724a7022bb8f9eeeb107d92dc8a60dfa063c7e614f3d83e0
locked,adult_income,static_weighted_ensemble,specialist_failure,0.0,shadow,2,0.8632268632268633,0.0,c992551bfcfc600fe29aabb2f8ad3f09b3c66d28313ee81c7d79416b5e7dba65
locked,adult_income,veto_mavs,specialist_failure,0.0,shadow,2,0.8634316134316135,0.0,3ab14af8d1d209d0a599af56249cf4e31f6a7c8850015970368f699e6e20870c
locked,adult_income,pure_mavs_gc,specialist_failure,0.0,shadow,2,0.8607698607698607,0.0,cde30cb500046fa897d35431dcea1ef1a27e528a37d820cff3faecb9262de972
locked,adult_income,single_model,specialist_failure,0.05,primary,3,0.8632268632268633,0.0,d2d69d0738c86f498e4b06da82ecae6efeefe91ca8f8debeb3c910114550c25a
locked,adult_income,mean_ensemble,specialist_failure,0.05,primary,3,0.861998361998362,1.232595164407831e-32,adf378407e9285ab42601ef05b33279d2ac0b42059fc5a1c748c839fc7fc082d
locked,adult_income,static_weighted_ensemble,specialist_failure,0.05,primary,3,0.8632268632268633,0.0,566fed21a7272e2e01f11b4911d5aaa1fffa56b960b3a6ca3d71d563a3df7d76
locked,adult_income,veto_mavs,specialist_failure,0.05,primary,3,0.861998361998362,1.232595164407831e-32,5ea2acd3d17c4b00410e9cda3b32e54c9ec8e673d235861b1f07b7556022dad4
locked,adult_income,pure_mavs_gc,specialist_failure,0.05,primary,3,0.85995085995086,0.0,c830afa85055f84a86755e6c6fb33c9bbaac04e0c625a00a2941aaf0b575579d
locked,adult_income,single_model,specialist_failure,0.05,shadow,2,0.8632268632268633,0.0,ab462013d2224e763b03688e51181b6c36bd59ccd5a5452ada49bd08a6678b22
locked,adult_income,mean_ensemble,specialist_failure,0.05,shadow,2,0.861998361998362,0.0,b51921f3cba88ca2dec6252ba7c29430ae12b2666cf25659e79a9dc1c9848d46
locked,adult_income,static_weighted_ensemble,specialist_failure,0.05,shadow,2,0.8632268632268633,0.0,2b6b15e1b30c50d184fe80e4bc80a72a961d3f56fc5a7b17088e9ae85338f2b0
locked,adult_income,veto_mavs,specialist_failure,0.05,shadow,2,0.861998361998362,0.0,918205273c67dc044a5eab3a689d6717e393c2fb40fa98e16febc94bfa77b071
locked,adult_income,pure_mavs_gc,specialist_failure,0.05,shadow,2,0.85995085995086,0.0,60ba9a34edb68576deb9aa2c8cdd6aa50b2e4f5a329e0c2a605f0d97dca7215b
locked,adult_income,single_model,specialist_failure,0.1,primary,3,0.8632268632268633,0.0,006156efbeb448e48fd5a301f7651dedd51345b3d5b408feefebf30781b35391
locked,adult_income,mean_ensemble,specialist_failure,0.1,primary,3,0.861998361998362,1.232595164407831e-32,f0cd8f508fe3047edaabec8b534ab9638be6d9f1963b12172fd43fee39dd7624
locked,adult_income,static_weighted_ensemble,specialist_failure,0.1,primary,3,0.8632268632268633,0.0,d2ffb82e2d6577a18662a0de1b638546604314b34afcef3fc7a7e4e045619ebe
locked,adult_income,veto_mavs,specialist_failure,0.1,primary,3,0.861998361998362,1.232595164407831e-32,0dda6f716c590235c701cb0375f9a48b38fbc992509994a3ad685977615480b4
locked,adult_income,pure_mavs_gc,specialist_failure,0.1,primary,3,0.85995085995086,0.0,ba76911d6aaf21e81e6e5844ae18236d882bde67164213cb145e5b8085146437
locked,adult_income,single_model,specialist_failure,0.1,shadow,2,0.8632268632268633,0.0,607fde55529d97903fff7f06e0b9169ed7eae5925d7f59d3a1d98d09ab2ef6d7
locked,adult_income,mean_ensemble,specialist_failure,0.1,shadow,2,0.861998361998362,0.0,fb3fa7ed2949c8fa8f58443cd50b7b1f4882bf29ece4dd5539a54308ba737c59
locked,adult_income,static_weighted_ensemble,specialist_failure,0.1,shadow,2,0.8632268632268633,0.0,8bc41d15e4016cb9926abf14f78949b94cfcf8a083e1a46045cb352ac5ec2431
locked,adult_income,veto_mavs,specialist_failure,0.1,shadow,2,0.861998361998362,0.0,64c45eac9d303a0f8b44b12fa6a511e0a6262df87420117059131891adc65b89
locked,adult_income,pure_mavs_gc,specialist_failure,0.1,shadow,2,0.85995085995086,0.0,c190710332c4459bba9a1ea9b4d90d4a419b36393d53f19439bfee13d1b825bf
locked,adult_income,single_model,specialist_failure,0.2,primary,3,0.8632268632268633,0.0,901341f4e89c7b3a438f5973e1124b5468d08dc2de6bcb6eaaf032918e2afd3c
locked,adult_income,mean_ensemble,specialist_failure,0.2,primary,3,0.861998361998362,1.232595164407831e-32,98509e6c07305a003647dbf1eabd2b473725f91ec2b912324fa22245109419a2
locked,adult_income,static_weighted_ensemble,specialist_failure,0.2,primary,3,0.8632268632268633,0.0,653c852b4ef707d70684484f8308be21f92f368f90c34156ce0d71e65c739221
locked,adult_income,veto_mavs,specialist_failure,0.2,primary,3,0.861998361998362,1.232595164407831e-32,0e04145c406d81edfb535d1de8761dfbfa7402bceb467f5c3a2371f41e6543ed
locked,adult_income,pure_mavs_gc,specialist_failure,0.2,primary,3,0.85995085995086,0.0,74600eb8d5d7701506caa90147af48a8097449ec2eec5bb16f3c94ce815d5577
locked,adult_income,single_model,specialist_failure,0.2,shadow,2,0.8632268632268633,0.0,ddab66ae2721abdf1496967cb2bb23cac24e021e5cd55ed348a2d0ff9cd09079
locked,adult_income,mean_ensemble,specialist_failure,0.2,shadow,2,0.861998361998362,0.0,6b7ccd9a41a19eacd3924fff95b1a99eaab85415387468161d88f4ab92571656
locked,adult_income,static_weighted_ensemble,specialist_failure,0.2,shadow,2,0.8632268632268633,0.0,50229b46a4123ded3b6ffbe2dc16b9cb102c9ddfd28fbf74681fb16b830c9a14
locked,adult_income,veto_mavs,specialist_failure,0.2,shadow,2,0.861998361998362,0.0,0c6524816cc9a46211993875f5a03bc7928ed112666f630fc9a322590178bd81
locked,adult_income,pure_mavs_gc,specialist_failure,0.2,shadow,2,0.85995085995086,0.0,664a0a16f5994277fa9f8209ae54311cf6693e9cdbe4f03e007b005b2eace1b8
locked,adult_income,single_model,specialist_failure,0.4,primary,3,0.23935298935298935,0.0,1397df7c660039e5286b2ab428e6d8f59a01c08fc1afefd60fba9e846218d4d9
locked,adult_income,mean_ensemble,specialist_failure,0.4,primary,3,0.8589271089271089,1.232595164407831e-32,eebbe662283b8e50363db75ed29239da087cf99695353d7f81d1b6df025a06e7
locked,adult_income,static_weighted_ensemble,specialist_failure,0.4,primary,3,0.8589271089271089,1.232595164407831e-32,2189158ac0776939efce3f24b3c824814077a59136e84b2861ccd90e23a818cb
locked,adult_income,veto_mavs,specialist_failure,0.4,primary,3,0.8589271089271089,1.232595164407831e-32,ac33b4e4dd7c6b2b8177e0c542490393db8465c99f3fed71dde8f3b36720939c
locked,adult_income,pure_mavs_gc,specialist_failure,0.4,primary,3,0.8476658476658476,1.232595164407831e-32,77c479af37444279c0780db24025c99cc58814ecd1144630b2cd992041bb40dd
locked,adult_income,single_model,specialist_failure,0.4,shadow,2,0.23935298935298935,0.0,bd785d7766c42fcc12f8b5e8e66e25b5ac48058efec99914c0663afae5de0d71
locked,adult_income,mean_ensemble,specialist_failure,0.4,shadow,2,0.8589271089271089,0.0,2f1d89bb76cfb5633b78f65bb67a9db218cfbe549044ca94ae2c9edf40b654c5
locked,adult_income,static_weighted_ensemble,specialist_failure,0.4,shadow,2,0.8589271089271089,0.0,3b6699da816327e8f5eb014eea4be1a98df7e6520889de425285ef168e3d3061
locked,adult_income,veto_mavs,specialist_failure,0.4,shadow,2,0.8589271089271089,0.0,eb74bf8662331e6d19899a660407b07e1ead8fff4b1903f605511e5cc8c92ab4
locked,adult_income,pure_mavs_gc,specialist_failure,0.4,shadow,2,0.8476658476658476,0.0,a8b237dea50cf59064917c17aac31146e0c7499f031642d7495e7400a23ec694
locked,adult_income,single_model,specialist_failure,0.6,primary,3,0.23935298935298935,0.0,aae74c10f5fe9252d95f3f480a47e4864971c8242aab7e2b19fbdec603ad77fe
locked,adult_income,mean_ensemble,specialist_failure,0.6,primary,3,0.8589271089271089,1.232595164407831e-32,1808b4ae4d5b780d9a08911f7636e890a165dc7394c4a4e2256f46aaaaec8bc7
locked,adult_income,static_weighted_ensemble,specialist_failure,0.6,primary,3,0.8589271089271089,1.232595164407831e-32,123997a8258356207bbc1eda26a51883a910e5ebad76d1d15ccdbb0c8ac662ab
locked,adult_income,veto_mavs,specialist_failure,0.6,primary,3,0.8589271089271089,1.232595164407831e-32,7f7677e770a65738f4097f5655a783a8f1b0187f834b9f21fe3d2f5e4c726de8
locked,adult_income,pure_mavs_gc,specialist_failure,0.6,primary,3,0.8476658476658476,1.232595164407831e-32,e59a1e2a52c77237eddb3a9aa2270e95bd2fc63a2a32a203262280f84be6b926
locked,adult_income,single_model,specialist_failure,0.6,shadow,2,0.23935298935298935,0.0,da73bf135c732318a92705be7b5b1ce656c1ca4e4bf6ec873f88ae700a7000ec
locked,adult_income,mean_ensemble,specialist_failure,0.6,shadow,2,0.8589271089271089,0.0,a49d3704a486521654ebef038c156fa6ff8f37920dcdea06c10df183311b5f25
locked,adult_income,static_weighted_ensemble,specialist_failure,0.6,shadow,2,0.8589271089271089,0.0,d6468e2a37b40b240bb828acc84622f6844e3d8491ef383d084198e3eddb560f
locked,adult_income,veto_mavs,specialist_failure,0.6,shadow,2,0.8589271089271089,0.0,c3dc723f754a92dd1bab1ac6e6eedebeb9b04b9c96811f987c24edeb40cd6e05
locked,adult_income,pure_mavs_gc,specialist_failure,0.6,shadow,2,0.8476658476658476,0.0,07a962b1f202f04f155563e760538b49a784728b20252eb7bdb4a6bf290c05bf
locked,adult_income,single_model,specialist_failure,0.8,primary,3,0.23935298935298935,0.0,7871696f2528cb8c108f7ea04bffffc527b5b3c534a6854eb8d281ac6e6c4f86
locked,adult_income,mean_ensemble,specialist_failure,0.8,primary,3,0.23935298935298935,0.0,e30dd5995a4c2da2fe6f856bc4de0801c8585f56f534864805de9f3f93142434
locked,adult_income,static_weighted_ensemble,specialist_failure,0.8,primary,3,0.23935298935298935,0.0,b529ee0ecdebe4737496b1a4a677ae4d3a28e1855fc05ff978293f7dbf29fd39
locked,adult_income,veto_mavs,specialist_failure,0.8,primary,3,0.23935298935298935,0.0,bb3d51df15f9a60d4e52111fd3525f009f17f9be2659b777e162545a0900bf30
locked,adult_income,pure_mavs_gc,specialist_failure,0.8,primary,3,0.7606470106470107,1.232595164407831e-32,8c5fa92c17aa051226a63b0883c0a91961d6770a896d4d4d66ee6f5eb2c6376a
locked,adult_income,single_model,specialist_failure,0.8,shadow,2,0.23935298935298935,0.0,3dab641fc3aa32db88df311cbb84080e4fef2b299f151f03f933a46939a14334
locked,adult_income,mean_ensemble,specialist_failure,0.8,shadow,2,0.23935298935298935,0.0,a055244311db58dcc4c48fcd6f5614759d4dc04c5772ab931a30b9c9be1fe936
locked,adult_income,static_weighted_ensemble,specialist_failure,0.8,shadow,2,0.23935298935298935,0.0,fd4580d4c7b5cb97b2ac83cd4d215ad36c900edb47ebb4a2ff92c86d8d0a2782
locked,adult_income,veto_mavs,specialist_failure,0.8,shadow,2,0.23935298935298935,0.0,dd2f8cc4c252a2df866af4caeaec3733884334b6fb87b19365cf2db9f81ded85
locked,adult_income,pure_mavs_gc,specialist_failure,0.8,shadow,2,0.7606470106470107,0.0,a93f21681fe3e420b6ac563fb905bd3a0136be06954b814f6cffc308eb615864
locked,adult_income,single_model,specialist_failure,1.0,primary,3,0.23935298935298935,0.0,d189b119ad5219c398f2c826feea380d905efada20d956ec9abb72780ec0a272
locked,adult_income,mean_ensemble,specialist_failure,1.0,primary,3,0.23935298935298935,0.0,3f08f896d19f72fc2a336cee387292fbe26385a03bc013b20655d6e304b9f521
locked,adult_income,static_weighted_ensemble,specialist_failure,1.0,primary,3,0.23935298935298935,0.0,03628c7fcc72cb5f2e25ad154a1747b106b748c49afdd53b7d87881d37f14ec7
locked,adult_income,veto_mavs,specialist_failure,1.0,primary,3,0.23935298935298935,0.0,56c95cded3dfece290aced5689a525aaa42b0e48ebd1add1a57c89a6a442a17f
locked,adult_income,pure_mavs_gc,specialist_failure,1.0,primary,3,0.7606470106470107,1.232595164407831e-32,29243833e07d220fbe616a124ad152bef7735743d4dd186ac6ee1d4c405c1556
locked,adult_income,single_model,specialist_failure,1.0,shadow,2,0.23935298935298935,0.0,1c67633d3e70fbff0b4be6007a326f634e1e62d4c4a116a1acf9bf2a3c20d89a
locked,adult_income,mean_ensemble,specialist_failure,1.0,shadow,2,0.23935298935298935,0.0,6a550e89580a5810233a7a27b5d7e01e7a5abcd649efb8fbba149252c5989f4d
locked,adult_income,static_weighted_ensemble,specialist_failure,1.0,shadow,2,0.23935298935298935,0.0,a09f7c340933eb154b92b73e7c5df92fd2544383eac31166659b83610e6d0eb4
locked,adult_income,veto_mavs,specialist_failure,1.0,shadow,2,0.23935298935298935,0.0,87d90bd7dcbfb7f348ce7bfb3b42da3a28ab9155eb57fa3b48acf81c02f36a08
locked,adult_income,pure_mavs_gc,specialist_failure,1.0,shadow,2,0.7606470106470107,0.0,79e84645d77b90a88461570f7fd63232e22f30bb916bde229d1e50cc17f107cb
locked,credit_card_fraud,single_model,feature_noise,0.0,primary,3,0.999403110845827,1.232595164407831e-32,cbcd96b8a0e6b91fde4a9d9056a07f30aca171fb5ca8fa470a120ef17f6fbb52
locked,credit_card_fraud,mean_ensemble,feature_noise,0.0,primary,3,0.9993328885923949,1.232595164407831e-32,ed2f1653ae210dc565708dd6c30ae3497ff8f210856bddbb27eea31d49d656e8
locked,credit_card_fraud,static_weighted_ensemble,feature_noise,0.0,primary,3,0.999403110845827,1.232595164407831e-32,e1d434ce8f3fa7da617b549c5cae6afc583974a16397eebd915904d3263bf7fa
locked,credit_card_fraud,veto_mavs,feature_noise,0.0,primary,3,0.9993328885923949,1.232595164407831e-32,6341adca30b69372a446452e5724e2bcf5d9edfb125d574f2ca2f3db3d52ae8f
locked,credit_card_fraud,pure_mavs_gc,feature_noise,0.0,primary,3,0.9993679997191109,0.0,1ccbf5a9c5959f474f69ccfc5829ef563e3301665a7f8175e83b642d76124fe0
locked,credit_card_fraud,single_model,feature_noise,0.0,shadow,2,0.999403110845827,0.0,f31a920871c89b4f5bc9241cc55e1eb1225c0daa4d2afa8153717c5df48ded93
locked,credit_card_fraud,mean_ensemble,feature_noise,0.0,shadow,2,0.9993328885923949,0.0,2cc7f0d96b153d603700b5045927f9477b6627511b02386afa90be14f5edb748
locked,credit_card_fraud,static_weighted_ensemble,feature_noise,0.0,shadow,2,0.999403110845827,0.0,7ce4dfe278019dd70913710c4dfc4c21494672879f4a2b5bb069654d6e4ccb49
locked,credit_card_fraud,veto_mavs,feature_noise,0.0,shadow,2,0.9993328885923949,0.0,1c40be623e240ca9c99cdfdcacc1a411562caf23506ab48da02de20066d0c778
locked,credit_card_fraud,pure_mavs_gc,feature_noise,0.0,shadow,2,0.9993679997191109,0.0,220abbdaa0f669d8551c65fcdee6a5c991289032edca51ac167ec97a0c91a066
locked,credit_card_fraud,single_model,feature_noise,0.05,primary,3,0.9993562960102056,2.739536042824728e-10,e4228943cdc7c899ac586ae770b436c77c88500524f2d0de61118b55d214ddfc
locked,credit_card_fraud,mean_ensemble,feature_noise,0.05,primary,3,0.9993328885923949,1.232595164407831e-32,a27c6c9f700b323ad5d1888b18f3e044b98d64c24941a2443edc556ab67805ae
locked,credit_card_fraud,static_weighted_ensemble,feature_noise,0.05,primary,3,0.9993914071369217,2.739536042824728e-10,2c2e00020df0a459ee370591a856c5c67d1cb0ef46aa44d63d24178606264b6b
locked,credit_card_fraud,veto_mavs,feature_noise,0.05,primary,3,0.9993328885923949,1.232595164407831e-32,9e32bccfdf60c72cb56e447c0dcbcd4b8ecd10cf6b2b5b7499c896203448a9ab
locked,credit_card_fraud,pure_mavs_gc,feature_noise,0.05,primary,3,0.9993679997191109,0.0,4788a9fa4bb2e60e7b28d46c8e4c8ec309cb12dd697d93f19df2e74192047dad
locked,credit_card_fraud,single_model,feature_noise,0.05,shadow,2,0.9993679997191109,1.2327912192711274e-09,c41f05fe15619f78c079d699e1250997682b06a4d9a350ed3d442acac462c053
locked,credit_card_fraud,mean_ensemble,feature_noise,0.05,shadow,2,0.9993504441557529,3.0819780481778186e-10,59c6f02e7325ac92431ab142814e508fde5ee3eec6e173f5348d726cd84011df
locked,credit_card_fraud,static_weighted_ensemble,feature_noise,0.05,shadow,2,0.999385555282469,3.0819780481778186e-10,cae80d988a8e488cd42efb16d4316a901d661e7f9a7a8c8d0be5f47f775f999b
locked,credit_card_fraud,veto_mavs,feature_noise,0.05,shadow,2,0.9993504441557529,3.0819780481778186e-10,41af33f30dea25be047967783955ff29f678ac8fc51bfd17cdffb4489eb987ff
locked,credit_card_fraud,pure_mavs_gc,feature_noise,0.05,shadow,2,0.9993679997191109,0.0,c69bc3736df3e2957803ddbf875168f06483b3d04a5dd197b3529937b540926e
locked,credit_card_fraud,single_model,feature_noise,0.1,primary,3,0.9993679997191109,8.218608128474183e-10,79328da51d06e3739efdf8bc23c313a97b0f25fc3e55558bba76043a69054f85
locked,credit_card_fraud,mean_ensemble,feature_noise,0.1,primary,3,0.9993679997191109,8.218608128474183e-10,c24e7ac8564069e2af680cf47bd88fd2fff9fdca6350fdd973689649ca7a2cab
locked,credit_card_fraud,static_weighted_ensemble,feature_noise,0.1,primary,3,0.9993679997191109,8.218608128474183e-10,7a4e4d4f0e946de44eb656c1e71e63f22a11b63487d57df0390e84ea785a9776
locked,credit_card_fraud,veto_mavs,feature_noise,0.1,primary,3,0.9993679997191109,8.218608128474183e-10,7471894f3f431953fb80a78dc485a8289bf4a55184ca2bc05f8c75cecebaab9b
locked,credit_card_fraud,pure_mavs_gc,feature_noise,0.1,primary,3,0.9993679997191109,0.0,6fe352792da4075b44dab5d5248da460c8ec71869e349d8ace3b714307005fff
locked,credit_card_fraud,single_model,feature_noise,0.1,shadow,2,0.9992802219023208,2.7737802433600367e-09,233392eda1726845386c35eeab056c2947c78ea279c51dac939c81810e074d6a
locked,credit_card_fraud,mean_ensemble,feature_noise,0.1,shadow,2,0.9993679997191109,0.0,017c4eff189d38ae62b84ae27fde8a405ce514f4cf1854eff418f3983336d2e9
locked,credit_card_fraud,static_weighted_ensemble,feature_noise,0.1,shadow,2,0.9992802219023208,7.704945120444547e-09,ce3b10ed48013a8dfb56f2f8bc8d37240a8b1ff33d4094e6aaaf8e2a7dd686bf
locked,credit_card_fraud,veto_mavs,feature_noise,0.1,shadow,2,0.9993679997191109,0.0,2aa9053cbb1fa0a5311eb629b6254aa71a7abb722cd55cf6c02d3d624c8ef00d
locked,credit_card_fraud,pure_mavs_gc,feature_noise,0.1,shadow,2,0.9993679997191109,0.0,840e0b3099faa6f8d47b2441ed81e7ad6f528e55a1b75967f6bb700b7f161974
locked,credit_card_fraud,single_model,feature_noise,0.2,primary,3,0.9992509626300574,2.739536042824728e-10,e4e5bf3f43b4a60a8112bb2b4a9764f5b8f288d7a4c8fd4f29a36d4c7094bd05
locked,credit_card_fraud,mean_ensemble,feature_noise,0.2,primary,3,0.9993328885923949,2.465582438542255e-09,edfd5a953d96ab1c0b720053ccabfb817a6548497cc1d6cca167b5d5ea52abb3
locked,credit_card_fraud,static_weighted_ensemble,feature_noise,0.2,primary,3,0.9992509626300574,2.739536042824728e-10,4ebdacc9fd41c11970a269167b4826cf7e22d8dc08d311b0451386d5c0be692d
locked,credit_card_fraud,veto_mavs,feature_noise,0.2,primary,3,0.9993328885923949,2.465582438542255e-09,3c3469f26eff786d98a8e1fc07a4ee99c7415a2242048e5bc5347a38daf6c2a5
locked,credit_card_fraud,pure_mavs_gc,feature_noise,0.2,primary,3,0.9993562960102056,2.739536042824728e-10,da4ccc173434831c35d4b23469d28188d352d1746de45f82eb01f5b99d578b82
locked,credit_card_fraud,single_model,feature_noise,0.2,shadow,2,0.9993153330290369,3.0819780481778186e-10,1824ef880c857458a7b2a513c49e3988f52a0c52a90f255ada6bf219a635090d
locked,credit_card_fraud,mean_ensemble,feature_noise,0.2,shadow,2,0.9993153330290369,3.0819780481778186e-10,1c587251bc88e9a97fdc767fedb667faf229a3667a29ecd4213377a0627845cf
locked,credit_card_fraud,static_weighted_ensemble,feature_noise,0.2,shadow,2,0.9993153330290369,3.0819780481778186e-10,2511b36bf9786da825d60d74d1747a78d7a552929492768b3c1e656f635a15aa
locked,credit_card_fraud,veto_mavs,feature_noise,0.2,shadow,2,0.9993153330290369,3.0819780481778186e-10,bb9a811229d3020106a191fcd1bc6127785be1d83e3e24ce16539bec77dde69d
locked,credit_card_fraud,pure_mavs_gc,feature_noise,0.2,shadow,2,0.9993504441557529,3.0819780481778186e-10,2cf845a52528c7b03a7b8733d705d5a31cbc41a532c09941877cc10506fec451
locked,credit_card_fraud,single_model,feature_noise,0.4,primary,3,0.9992158515033414,2.739536042824728e-10,60d6bb92b227caa6307f4fd9f33d43c99b49283381c8b6c590161ec52f20f0dc
locked,credit_card_fraud,mean_ensemble,feature_noise,0.4,primary,3,0.9993328885923949,3.287443251389673e-09,bb7c74766bfdeb5677cd62acd0782b551ed895407d999eab59cdc89bda0dd760
locked,credit_card_fraud,static_weighted_ensemble,feature_noise,0.4,primary,3,0.9992158515033414,2.739536042824728e-10,47e86c964b34ccab58db5f242bacc648a94fb002a577aefdd4db2281bcf7941d
locked,credit_card_fraud,veto_mavs,feature_noise,0.4,primary,3,0.9993328885923949,3.287443251389673e-09,b6e634293d05a8a52824f87eacd0f7969c1ef5a1790b85738aa47847e862592e
locked,credit_card_fraud,pure_mavs_gc,feature_noise,0.4,primary,3,0.9993211848834895,1.0958144171298911e-09,19702abab37a40198e57eeb79ef86943872ce9eb44406d1fa71216a0d447b6fc
locked,credit_card_fraud,single_model,feature_noise,0.4,shadow,2,0.9991748885221727,2.7737802433541894e-09,570784f31260aee707eb2b32a733fcf12ea15b0b8d47b54f550167803c8a0300
locked,credit_card_fraud,mean_ensemble,feature_noise,0.4,shadow,2,0.9992451107756047,3.0819780481778186e-10,d80127070a09e7c0b1a2cadc9c227c5e3f62e2046210d30018dba4ebb8ee6f06
locked,credit_card_fraud,static_weighted_ensemble,feature_noise,0.4,shadow,2,0.9991748885221727,2.7737802433541894e-09,7dbe12bd394a834535c0656db80185449203bc536b9cc6aee53b7b7c76d901df
locked,credit_card_fraud,veto_mavs,feature_noise,0.4,shadow,2,0.9992451107756047,3.0819780481778186e-10,49d632101e97056012e28f71edddfb106a96fe99285fa3107bd2f37a2163b552
locked,credit_card_fraud,pure_mavs_gc,feature_noise,0.4,shadow,2,0.9993328885923949,0.0,a8569bc96818690ff0b0463723068114f6e3092ca8473c468af26f9db3098b8c
locked,credit_card_fraud,single_model,feature_noise,0.6,primary,3,0.9991456292499094,2.739536042824728e-10,3dbbe5a58b6abdb5afdf73746ac18259651d493e597204bfd176bbdbbbaef2e7
locked,credit_card_fraud,mean_ensemble,feature_noise,0.6,primary,3,0.9992275552122467,8.218608128474183e-10,a69f96bfc0d7b00c6629422bb294c38f75aa999e20e6f760ac39cb0d85381fb3
locked,credit_card_fraud,static_weighted_ensemble,feature_noise,0.6,primary,3,0.9991456292499094,2.739536042824728e-10,fe728cb458df7d1c8ec3c6612829332b6be174fe1756a61a5613cc79e0d66c57
locked,credit_card_fraud,veto_mavs,feature_noise,0.6,primary,3,0.9992275552122467,8.218608128474183e-10,4b965b73340865ba80415c272d1d30d70c8d2ec291e37cc3873e933e587aaf6b
locked,credit_card_fraud,pure_mavs_gc,feature_noise,0.6,primary,3,0.9992275552122467,5.753025689926731e-09,e03ddbfd954ced0b1db378e87dae54d03340c38dd38a5941bef3df2161087c4c
locked,credit_card_fraud,single_model,feature_noise,0.6,shadow,2,0.9991748885221727,3.0819780481583276e-10,b78cad3451be59ff56a8499748416fa2b45ef0097930179b05f916d9fccbddf9
locked,credit_card_fraud,mean_ensemble,feature_noise,0.6,shadow,2,0.9992275552122467,4.9311648770767135e-09,3a7008be8ff8c5ea4850131b43a35dce0c20b17f1ec0126d7c28937e9ab6e968
locked,credit_card_fraud,static_weighted_ensemble,feature_noise,0.6,shadow,2,0.9991748885221727,3.0819780481583276e-10,8299baefb40c35421e8a081e0d3a00afc9ad9c557d71b108fc3faa57d1778e66
locked,credit_card_fraud,veto_mavs,feature_noise,0.6,shadow,2,0.9992275552122467,4.9311648770767135e-09,f87a6751050d9f4e82d05577a2e863863cf1f3c9e8dd3ea4dda2a8bc5216c9ba
locked,credit_card_fraud,pure_mavs_gc,feature_noise,0.6,shadow,2,0.9992977774656788,1.2327912192711274e-09,dbb75d4baf066e01e029c931bf8e7dc900ee428c653b42f3f0fe6bfa0d75e599
locked,credit_card_fraud,single_model,feature_noise,0.8,primary,3,0.9991339255410039,6.8488401070531575e-09,acb39f105a40853a0b04eac1e8272379478ed5ee03a9233bc7dc3551f29972b7
locked,credit_card_fraud,mean_ensemble,feature_noise,0.8,primary,3,0.9991924440855307,8.218608128448196e-10,00184e549e031ea50d48579b196397b80acdcb8845bff326073311341fd5283a
locked,credit_card_fraud,static_weighted_ensemble,feature_noise,0.8,primary,3,0.9991573329588146,1.0684190567006043e-08,3667bd795041d3c5365c0a6ab53b2858874b0389634260b71937fe722e1ca60b
locked,credit_card_fraud,veto_mavs,feature_noise,0.8,primary,3,0.9991924440855307,8.218608128448196e-10,f65ddc1a392ab0398dbf64d056091f1cf3e4acd11b6ac1d0a1ae1913f7d766a6
locked,credit_card_fraud,pure_mavs_gc,feature_noise,0.8,primary,3,0.9991924440855308,5.753025689924131e-09,d17f4248317f9543eb235dcb7633b81d381313194b2b6b296614e8189763ef13
locked,credit_card_fraud,single_model,feature_noise,0.8,shadow,2,0.9991748885221727,3.0819780481583276e-10,e4a9fc7a30846369c4f34c5b3968df2e831759171a2bb834c2ac371d55eb045e
locked,credit_card_fraud,mean_ensemble,feature_noise,0.8,shadow,2,0.9992977774656788,0.0,7541c812678e6ee005d3edcc80f8eaf4e0a25d36913805fcfd6b4304b15d325f
locked,credit_card_fraud,static_weighted_ensemble,feature_noise,0.8,shadow,2,0.9992275552122467,1.2327912192711274e-09,e50817c05802cce0abe2758ba1e0e2f26ec68b555b7d3f248edebd4b834451d4
locked,credit_card_fraud,veto_mavs,feature_noise,0.8,shadow,2,0.9992977774656788,0.0,2a09c655e08e3faabd2cca32424fcb366022407f93aa124b5756042e87755699
locked,credit_card_fraud,pure_mavs_gc,feature_noise,0.8,shadow,2,0.9992099996488888,2.7737802433541894e-09,f1850f274436153e497a6f0858486f594bce925e177fb17416a4c769145a2434
locked,credit_card_fraud,single_model,feature_noise,1.0,primary,3,0.9990637032875719,1.0958144171298911e-09,f44bf48780527c13dd2efc41686b948a283f4dc29683f0755cc88b4e08779b4a
locked,credit_card_fraud,mean_ensemble,feature_noise,1.0,primary,3,0.9991105181231933,3.561396855666082e-09,ecffe427ccfbb81d52632258019c65b313c16faffe520b582ec46a1337856742
locked,credit_card_fraud,static_weighted_ensemble,feature_noise,1.0,primary,3,0.9990519995786665,2.465582438542255e-09,db97135651d7329c16ed1566b543134c5a45555c502f155f3f833d1425bc184c
locked,credit_card_fraud,veto_mavs,feature_noise,1.0,primary,3,0.9991105181231933,3.561396855666082e-09,552c0b502f0a2f9de2e96fe43ed84bf7fdc56ca2a2d1618f9608a3c8ed957dad
locked,credit_card_fraud,pure_mavs_gc,feature_noise,1.0,primary,3,0.9991456292499094,1.9176752299738445e-09,e5f95de9d62ec90b87a18651a53f28b4c6a0c0bca50c32ba49618dc93d53f104
locked,credit_card_fraud,single_model,feature_noise,1.0,shadow,2,0.9990519995786665,0.0,47329f4ec1b0772e218d6babfaed862e3b28d9a8a9ee1d496837af6f686eac59
locked,credit_card_fraud,mean_ensemble,feature_noise,1.0,shadow,2,0.9991924440855307,1.2327912192672293e-09,7e2d908bdf33be803853b6170fc410c48162dd4b7d9af9a7ab2edcc84384d51f
locked,credit_card_fraud,static_weighted_ensemble,feature_noise,1.0,shadow,2,0.9990695551420246,2.7737802433600367e-09,4dcf33d824b7d5dff59c99e34b096b636a7ecc2e456ff7c2b7f62ab2eb03518b
locked,credit_card_fraud,veto_mavs,feature_noise,1.0,shadow,2,0.9991924440855307,1.2327912192672293e-09,bcfeeadf68cc0d87d9ab5297278eb0f7e0e3b6595aadf2ce229b2c1e8a91c131
locked,credit_card_fraud,pure_mavs_gc,feature_noise,1.0,shadow,2,0.9990871107053826,1.2327912192711274e-09,1669155ec1879a96089b5aab379adc54a52b659ccf4df1c7aef5b6e8e0965023
locked,credit_card_fraud,single_model,missing_features,0.0,primary,3,0.999403110845827,1.232595164407831e-32,287187b1b85f7217f2b4e0641e3b1b9968cd3cb3fbfc82568f66362953770cbb
locked,credit_card_fraud,mean_ensemble,missing_features,0.0,primary,3,0.9993328885923949,1.232595164407831e-32,bc8b1478957810f722170980a397855eb1f9a85ae8e3f36679066d56919da9f8
locked,credit_card_fraud,static_weighted_ensemble,missing_features,0.0,primary,3,0.999403110845827,1.232595164407831e-32,566ef453ad4aa18562730d0d7b680c8ca146a74b608a88d715cdff19647bbbe3
locked,credit_card_fraud,veto_mavs,missing_features,0.0,primary,3,0.9993328885923949,1.232595164407831e-32,70dfed3c11b84f716bbe5ae2a05f639a059cec04bb7bdc4667c1a76ceee24e47
locked,credit_card_fraud,pure_mavs_gc,missing_features,0.0,primary,3,0.9993679997191109,0.0,cff6ecb2259485fd7edc51e4036dab6de65317a5496888bf6873bb50979726a1
locked,credit_card_fraud,single_model,missing_features,0.0,shadow,2,0.999403110845827,0.0,98773709708d0210f871f66db1e3601458868c5faf7ba557ba4126f51cc61e52
locked,credit_card_fraud,mean_ensemble,missing_features,0.0,shadow,2,0.9993328885923949,0.0,78a141baa829fd972d7b76b878deba306750a6cb6e81703e5a5536ab0bfd4981
locked,credit_card_fraud,static_weighted_ensemble,missing_features,0.0,shadow,2,0.999403110845827,0.0,ec69c976dc0b57e9b07dc9ab84b5f940755bdfe0a492fd631b010538c9ee0f1a
locked,credit_card_fraud,veto_mavs,missing_features,0.0,shadow,2,0.9993328885923949,0.0,848a2f714ae95a2fc33f3acf7f6d62eb18d39c2604d78395e8e0e27bdf28269e
locked,credit_card_fraud,pure_mavs_gc,missing_features,0.0,shadow,2,0.9993679997191109,0.0,3779c09a402728c56067a749cc226aac9b7b749d8b6465652b2ab8f7784eb2a9
locked,credit_card_fraud,single_model,missing_features,0.05,primary,3,0.9992977774656788,3.287443251389673e-09,4a4e279685b1f96934017c7d9594fb31bcafdbaeeb39b291e1fd36d55e4c6d20
locked,credit_card_fraud,mean_ensemble,missing_features,0.05,primary,3,0.999204147794436,1.917675229973844e-09,72f9025b4f7579c2d2351bce42dbe418800ea845dca3eeb8c195bb664f2f6dd8
locked,credit_card_fraud,static_weighted_ensemble,missing_features,0.05,primary,3,0.9992860737567735,1.9176752299773096e-09,9532755112cb89e16721348135eaab79aa535f96a4cd4c1d09336b678c61da9d
locked,credit_card_fraud,veto_mavs,missing_features,0.05,primary,3,0.999204147794436,1.917675229973844e-09,9f374b7b4791fca1dc25ae5c77d44f1bf2dbb8d3d68468b55dc714681e103ac1
locked,credit_card_fraud,pure_mavs_gc,missing_features,0.05,primary,3,0.999204147794436,1.095814417126426e-09,7eb2a7824a9a84b11f1a50f1f0a6b8e28c034cb4ed73e5c0310a85e2a6ca01e5
locked,credit_card_fraud,single_model,missing_features,0.05,shadow,2,0.9992451107756047,3.0819780481778186e-10,74d85b946923f6909ad6b0e197e5f49307c50b9b05bb842a9a20840bbbb6154e
locked,credit_card_fraud,mean_ensemble,missing_features,0.05,shadow,2,0.9992802219023208,3.0819780481778186e-10,87ead05af634b1a7f087ad9f925ab7126111397ff7ec335647a8fdd8a4b4deb6
locked,credit_card_fraud,static_weighted_ensemble,missing_features,0.05,shadow,2,0.9992451107756047,3.0819780481778186e-10,3bbea3e47e67b58b27a73aca69b538735ccd20ea955235d940bb99a790af2583
locked,credit_card_fraud,veto_mavs,missing_features,0.05,shadow,2,0.9992802219023208,3.0819780481778186e-10,280fddee34234d5b7521a903db5266f9f8a238bdbf0e6abd0a02e8452f4fad21
locked,credit_card_fraud,pure_mavs_gc,missing_features,0.05,shadow,2,0.9992275552122467,0.0,816c08724ec6b1388d7526f08358942e4c07e3a60a8855543ff6f989e5ed71da
locked,credit_card_fraud,single_model,missing_features,0.1,primary,3,0.9991690366677201,8.492561732747125e-09,4f5429c854a417100a1ab0d304f82cc0c6524667c9da88e2b9bef61aec5f43c7
locked,credit_card_fraud,mean_ensemble,missing_features,0.1,primary,3,0.999133925541004,8.492561732747127e-09,bb6a8b164b557756ecb4956f84ec43e91015c1489fd097b00f56a8345b58443f
locked,credit_card_fraud,static_weighted_ensemble,missing_features,0.1,primary,3,0.9991573329588147,9.862329754158623e-09,c3dec6983e339ad22d670467ad9bf4704626b01d176d606f6db91098c7bcf2e9
locked,credit_card_fraud,veto_mavs,missing_features,0.1,primary,3,0.999133925541004,8.492561732747127e-09,bc8bf8ba9a11550ffec8e52497fffb8d60af0080b88f68b007fb1c8f93ab264d
locked,credit_card_fraud,pure_mavs_gc,missing_features,0.1,primary,3,0.9990754069964772,1.8354891486911814e-08,06c795420b4a8d33b92ea0d83d84e3d8099f7f4af3343b5b4069c1e611be8601
locked,credit_card_fraud,single_model,missing_features,0.1,shadow,2,0.9992099996488888,2.7737802433541894e-09,3e92141abc0fa06d0d8dd3f8a301554f74842a2416ce30c0a2dc87e59341f984
locked,credit_card_fraud,mean_ensemble,missing_features,0.1,shadow,2,0.9991222218320985,4.9311648770767135e-09,711da7ec7b93a1de1cc2f7da57223c413d43dd705e8f1842221972fc54a5b490
locked,credit_card_fraud,static_weighted_ensemble,missing_features,0.1,shadow,2,0.9991924440855307,4.9311648770767135e-09,78f12666df9d3c23db9d13fbcc0d1cbc46c5f8d9ef1019b42c26f3a2892f2502
locked,credit_card_fraud,veto_mavs,missing_features,0.1,shadow,2,0.9991222218320985,4.9311648770767135e-09,8e680299b9b740542ce9fe57d75e398999c2ef2ae089c17ba923469dea954b2c
locked,credit_card_fraud,pure_mavs_gc,missing_features,0.1,shadow,2,0.9991222218320986,1.2327912192711274e-09,3a34ca845679105c5182706463385fe9803cc403cda649623ded296fb9c886a2
locked,credit_card_fraud,single_model,missing_features,0.2,primary,3,0.9989466661985184,2.958698926250706e-08,efa0771309328f39a8a78f0cb0bea628d047a8af2f1cf3cbe70413cc502b9cc7
locked,credit_card_fraud,mean_ensemble,missing_features,0.2,primary,3,0.9989466661985184,2.547768519826997e-08,02d0c38e43686fd814328ac1df9c3f6480c975bebfe859cc8ef90ed329e15bb4
locked,credit_card_fraud,static_weighted_ensemble,missing_features,0.2,primary,3,0.9989466661985184,2.547768519826997e-08,ca4c438b87af00ed4096199d4614a98b2c26c9eb19e84ca2e000309a61a32d38
locked,credit_card_fraud,veto_mavs,missing_features,0.2,primary,3,0.9989466661985184,2.547768519826997e-08,21c0b02bcd2034e707974bf5452afbae68bfbbe81033533a59cca1c6a5b31bc6
locked,credit_card_fraud,pure_mavs_gc,missing_features,0.2,primary,3,0.9988764439450862,1.5615355444100948e-08,fa14fd58e03051066bc49ca44fa587da2e41955570d7652631121912f5461a62
locked,credit_card_fraud,single_model,missing_features,0.2,shadow,2,0.9988939995084443,2.7737802433600367e-09,7bc0b56a59bb2c68305ebbfcdc1e2d997ded6cd3f2c8011341bfd44063c9fe60
locked,credit_card_fraud,mean_ensemble,missing_features,0.2,shadow,2,0.9988939995084443,2.7737802433600367e-09,303144925daacd5393aecf9085d2da9c546696353a37bbc67a071c02b09d4ed9
locked,credit_card_fraud,static_weighted_ensemble,missing_features,0.2,shadow,2,0.9989115550718023,4.93116487708451e-09,9b7d5004df7d97639339e426f0824106559548c06e99620f00048df0b78d5ba5
locked,credit_card_fraud,veto_mavs,missing_features,0.2,shadow,2,0.9988939995084443,2.7737802433600367e-09,abb271cc2f09ca151b4d305c3dea41f348f82d4a018d5242725d87c72bf3c624
locked,credit_card_fraud,pure_mavs_gc,missing_features,0.2,shadow,2,0.9988588883817282,3.0819780481778186e-10,3d979b18be36272cb3c993ff5577360099b680dd38d60f549b92ed5d44153713
locked,credit_card_fraud,single_model,missing_features,0.4,primary,3,0.9985955549313578,3.287443251389673e-09,20304542a493234e644765ed88fc6fc4b7205c313bc2edaef22dbe632d9446c6
locked,credit_card_fraud,mean_ensemble,missing_features,0.4,primary,3,0.9985838512224524,4.3832576685195644e-09,d0e1da0a9897b2c41ae43c71427b6e30c683b8a29669ca0fb152769c612cf89f
locked,credit_card_fraud,static_weighted_ensemble,missing_features,0.4,primary,3,0.9985721475135471,1.917675229977309e-09,edd3c034d743a454624f0bd02dfa5694eac183106993bd6bc38575855f4edf7a
locked,credit_card_fraud,veto_mavs,missing_features,0.4,primary,3,0.9985838512224524,4.3832576685195644e-09,3950248db3bd73ccf16a1278e52d703adb758d90373375a263210eab6a53b8c5
locked,credit_card_fraud,pure_mavs_gc,missing_features,0.4,primary,3,0.9984785178423042,1.9176752299773096e-09,1c8147ae9ae1e055e42261e00a3340751a8bf43c26804e20ad03371868384f20
locked,credit_card_fraud,single_model,missing_features,0.4,shadow,2,0.99875355500158,7.704945120444547e-09,7ed25c59f90b66fc5c6fc11ed5f5a2e59e470bf3d89625cb7b1188e8e9c249f4
locked,credit_card_fraud,mean_ensemble,missing_features,0.4,shadow,2,0.9986657771847899,1.1095120973440147e-08,1f51dc8e20d6dbda664819dc05f533be34a352dd250bc9543e313392afc91576
locked,credit_card_fraud,static_weighted_ensemble,missing_features,0.4,shadow,2,0.99875355500158,7.704945120444547e-09,828cccad85ceb4e4b6beb336fe36bbc695ec87dec0fb61562d1be4b7a9bd4c1d
locked,credit_card_fraud,veto_mavs,missing_features,0.4,shadow,2,0.9986657771847899,1.1095120973440147e-08,ddbd1ae72c99b831abfa0c26140ca71b041a492acae557c26ff09b74fb4b7ecb
locked,credit_card_fraud,pure_mavs_gc,missing_features,0.4,shadow,2,0.9984551104244935,1.2327912192711274e-09,b9cd1049fce6989e598462ea084d4b0d463ca1920b470db4b56b2367666b9fb2
locked,credit_card_fraud,single_model,missing_features,0.6,primary,3,0.9984668141333989,2.739536042824728e-10,22ef2080ca942afb455b01db2610b89cf65bb588af99b64df018901ac21f6285
locked,credit_card_fraud,mean_ensemble,missing_features,0.6,primary,3,0.9984199992977775,2.465582438542255e-09,5eab47f2aa228c2a3782b6a187d5be43118b8f87d0fa042e5c440ed04db3b48d
locked,credit_card_fraud,static_weighted_ensemble,missing_features,0.6,primary,3,0.9984551104244935,0.0,804097356b4e1e444aa192cc1cdc9cff8c8ac00b267ca3c3b91d8b21fefe4cb0
locked,credit_card_fraud,veto_mavs,missing_features,0.6,primary,3,0.9984199992977775,2.465582438542255e-09,bd5222a71dde896a8e82dbd62a5c229becd24f6261c9f00200e736ec6e0a8320
locked,credit_card_fraud,pure_mavs_gc,missing_features,0.6,primary,3,0.9983614807532507,2.739536042824728e-10,ed5f89fc056e7773d99402f0a4f905c92b1cd87c5ef8c64bc5c5592aad5fad58
locked,credit_card_fraud,single_model,missing_features,0.6,shadow,2,0.9984024437344194,1.510169243607131e-08,98f4113ca26f48a968ead59fef3b87a782502e47abfd409089259f2a99114e3a
locked,credit_card_fraud,mean_ensemble,missing_features,0.6,shadow,2,0.9984024437344194,2.496402219024033e-08,7fa58e0d506b3e23c235508dfde4f0ac81f8838cc93af62f5e60c94b2193bf0e
locked,credit_card_fraud,static_weighted_ensemble,missing_features,0.6,shadow,2,0.9984024437344194,1.510169243607131e-08,ac079b245858bf4ec4edfa1a4920583d541001528dd36967b043f7da5f2b3162
locked,credit_card_fraud,veto_mavs,missing_features,0.6,shadow,2,0.9984024437344194,2.496402219024033e-08,65d800667a37d98d0d4a92910f586fb68a8b5c593ab26222646f60bd0c4e60d8
locked,credit_card_fraud,pure_mavs_gc,missing_features,0.6,shadow,2,0.9984199992977775,4.93116487708451e-09,6342e52425cead0957bf04a84149f6a83ec56bc9bf95d39aad7f8700d145c957
locked,credit_card_fraud,single_model,missing_features,0.8,primary,3,0.9983146659176293,5.7530256899319276e-09,fd6d3c20fd16ad0c88977ba6d0ece5f3ea2074d462f6500634d74f33f7e2162a
locked,credit_card_fraud,mean_ensemble,missing_features,0.8,primary,3,0.9983146659176293,5.7530256899319276e-09,0d4dc562097ce49751b1437e530538a2239f1a80003b22c8a6b4ee9820803a1a
locked,credit_card_fraud,static_weighted_ensemble,missing_features,0.8,primary,3,0.9983263696265346,4.3832576685195644e-09,960d074793bb0c081fd0503a34f0f50dbd74b00671ae6d15b405a93b11b92f18
locked,credit_card_fraud,veto_mavs,missing_features,0.8,primary,3,0.9983146659176293,5.7530256899319276e-09,2f6b55a1beb1d25ac3faf72043109d44ac2c70d918ef64433ef8231d7c08aa4f
locked,credit_card_fraud,pure_mavs_gc,missing_features,0.8,primary,3,0.9983029622087239,1.0958144171298911e-09,a3ea988bc0fb3a593e64d03eb36a31de6fd05012aa00652490e60fdc454f67e5
locked,credit_card_fraud,single_model,missing_features,0.8,shadow,2,0.9982971103542713,3.0819780481778186e-10,ee0acb723f0fd086e99fb2e3edf611b59faf3a3d86e80b29f36066ef6b063aa8
locked,credit_card_fraud,mean_ensemble,missing_features,0.8,shadow,2,0.9982795547909132,0.0,20da84e7cd32c38fd9e84a8018a6dbf7554766adb0afff055362620be6718398
locked,credit_card_fraud,static_weighted_ensemble,missing_features,0.8,shadow,2,0.9982795547909132,0.0,bfb3635e27129e0efc0c0c6583b8b7b329fc9df00e6c2b27f24f90c50ee11b05
locked,credit_card_fraud,veto_mavs,missing_features,0.8,shadow,2,0.9982795547909132,0.0,ee813f6ba7b81c327b5dd9fe2cc0834a4604249579c317cdfc94fe0aaaa2860b
locked,credit_card_fraud,pure_mavs_gc,missing_features,0.8,shadow,2,0.9982971103542713,3.0819780481778186e-10,83453c51caaf2a61403aaf8274632a128da957956b90f8292decd90ce834e7ec
locked,credit_card_fraud,single_model,missing_features,1.0,primary,3,0.9982795547909132,0.0,b11a12cbf1cbf79bfa8ba1e7f0703b2cd54bdfc2bcfdf5536ce84887169a9022
locked,credit_card_fraud,mean_ensemble,missing_features,1.0,primary,3,0.9982795547909132,0.0,5719a661e4ab3072f4988c84ac3e44fbda28a627a5f1abc155e1b4a7e80b7042
locked,credit_card_fraud,static_weighted_ensemble,missing_features,1.0,primary,3,0.9982795547909132,0.0,8d4aa9862dea99bbe0eddb09d17a887f9bc0caf3aca7a6ddcd6eac53267b7347
locked,credit_card_fraud,veto_mavs,missing_features,1.0,primary,3,0.9982795547909132,0.0,f06a5f6533dadfc0dfb20f8cd0a194063e3e1dbbd97329afc501e10fc9a399e9
locked,credit_card_fraud,pure_mavs_gc,missing_features,1.0,primary,3,0.9982795547909132,0.0,3b6cfee4c3334b7077464ef0f5847338a5740fcf352372d9e41230d7ae7fdce1
locked,credit_card_fraud,single_model,missing_features,1.0,shadow,2,0.9982795547909132,0.0,59e8204aba450c4350771f975f21247b67516e5439f986aa0cf0d344448a75b2
locked,credit_card_fraud,mean_ensemble,missing_features,1.0,shadow,2,0.9982795547909132,0.0,38c1f4a7f59554d3e1ed4b1651b01cab614135b423e4283e582a49a2bf785ec6
locked,credit_card_fraud,static_weighted_ensemble,missing_features,1.0,shadow,2,0.9982795547909132,0.0,09f2dcecf7a369582c849303e1d7b3a7019605bcd48aa43693ad065f482ec9b7
locked,credit_card_fraud,veto_mavs,missing_features,1.0,shadow,2,0.9982795547909132,0.0,653a48848531f26ded5b1a1698ee036f05c066467a5ffde2513ca91e4eb27285
locked,credit_card_fraud,pure_mavs_gc,missing_features,1.0,shadow,2,0.9982795547909132,0.0,8069d4de3ba855ba6a7047cca1ae867f461f3dc7da7a634d2d9f32a4927ff044
locked,credit_card_fraud,single_model,random_feature_deletion,0.0,primary,3,0.999403110845827,1.232595164407831e-32,f23d5303912eb9913e04549ed96330bdd5b8f9a2cc163e546e2e3dee4068554f
locked,credit_card_fraud,mean_ensemble,random_feature_deletion,0.0,primary,3,0.9993328885923949,1.232595164407831e-32,02028f4ac5fef287baa84eb8a2dbe3c365048ddd581cbb580c15ce935bc35cc8
locked,credit_card_fraud,static_weighted_ensemble,random_feature_deletion,0.0,primary,3,0.999403110845827,1.232595164407831e-32,cb7d8fe0e40679cae7d39d555903cd11c4c39dbd363e9aa332423307bded7675
locked,credit_card_fraud,veto_mavs,random_feature_deletion,0.0,primary,3,0.9993328885923949,1.232595164407831e-32,d17549a46a3ba0356b7f408f99ea414643c64f619c6a5bf3fc91e2734141a2ae
locked,credit_card_fraud,pure_mavs_gc,random_feature_deletion,0.0,primary,3,0.9993679997191109,0.0,a2ff1717a4c1c0d1c483e2d57ff2ce48832ae8749f54f65d39592236d8a1bccd
locked,credit_card_fraud,single_model,random_feature_deletion,0.0,shadow,2,0.999403110845827,0.0,d1fb40a4e992b150c0e08cc115ef38381f510d3b9173f442df2629e1011b72c9
locked,credit_card_fraud,mean_ensemble,random_feature_deletion,0.0,shadow,2,0.9993328885923949,0.0,d5c6aaa0a425e7c2b15d3895c8a4a138f15eea26a3509e5fee471b79d72783fd
locked,credit_card_fraud,static_weighted_ensemble,random_feature_deletion,0.0,shadow,2,0.999403110845827,0.0,609e1356f29cc4a73799f399e6c07475bce0596de61fce987c15b1bea93d2ad4
locked,credit_card_fraud,veto_mavs,random_feature_deletion,0.0,shadow,2,0.9993328885923949,0.0,7cb856d93bcc0220e15423188151405d7892111592f70c77196c367f205839ea
locked,credit_card_fraud,pure_mavs_gc,random_feature_deletion,0.0,shadow,2,0.9993679997191109,0.0,0f8f6f09be2dba872d56a586af59bf64c8cda2fde9e890d4cd2bf23083435a24
locked,credit_card_fraud,single_model,random_feature_deletion,0.05,primary,3,0.9992275552122468,9.862329754158625e-09,3c589f9c364f05d9f06b925a820542bcf83126fff33f6165fe271012d0bdf59c
locked,credit_card_fraud,mean_ensemble,random_feature_deletion,0.05,primary,3,0.9992743700478681,7.670700919900576e-09,411fbaa21c57d5427a235d19265efcdd805a28639f3feeb4738888afb0cda03c
locked,credit_card_fraud,static_weighted_ensemble,random_feature_deletion,0.05,primary,3,0.9992275552122468,9.862329754158625e-09,fef5bab4888338e9520b4e4f8dd6abcfa3b9addaa919bf35be76d40442382b13
locked,credit_card_fraud,veto_mavs,random_feature_deletion,0.05,primary,3,0.9992743700478681,7.670700919900576e-09,709698c0922cb77987ae44ea9f7ca4c42fc3da61b495de636c3eef37e3379976
locked,credit_card_fraud,pure_mavs_gc,random_feature_deletion,0.05,primary,3,0.9991573329588147,2.21902419468647e-08,e1621d15b9b986d68a263159451f2e2bb20266f38acc2374a5d7acebe94929c1
locked,credit_card_fraud,single_model,random_feature_deletion,0.05,shadow,2,0.9992626663389628,1.1095120973428452e-08,be5dd6e42afd6e7de6464fc1b29c7f2f4301e7ed4962fa21456d23a9a9f5b56f
locked,credit_card_fraud,mean_ensemble,random_feature_deletion,0.05,shadow,2,0.9992626663389628,4.93116487708451e-09,2022c27712411ed3dfcd4ba30679ededb7a06c4d0631f5694826d5ba483b33d9
locked,credit_card_fraud,static_weighted_ensemble,random_feature_deletion,0.05,shadow,2,0.9992802219023208,7.704945120444547e-09,23588f85eb701851afd70fbec9462a19d63522c571bdd8b9ebed90aed69503c3
locked,credit_card_fraud,veto_mavs,random_feature_deletion,0.05,shadow,2,0.9992626663389628,4.93116487708451e-09,e286de9552df0bdd2a3459a5d1c72b0d3648a01e8a631a0d6c8e1f51586e44b2
locked,credit_card_fraud,pure_mavs_gc,random_feature_deletion,0.05,shadow,2,0.9992099996488888,2.4964022190222786e-08,1d5188cfa5f1e382874a6e3b7eaba1efe6b9d774c22a46905e74122ff8f3a611
locked,credit_card_fraud,single_model,random_feature_deletion,0.1,primary,3,0.9992626663389628,1.0684190567008644e-08,488b36d00ea0692eed606522b437dadee15a25877232376400ff1a71651334a1
locked,credit_card_fraud,mean_ensemble,random_feature_deletion,0.1,primary,3,0.999204147794436,1.013628335844283e-08,0efbb1323045d53e0ceb6cd59dc4e7589b51ff42edf350adf755e001b94fce35
locked,credit_card_fraud,static_weighted_ensemble,random_feature_deletion,0.1,primary,3,0.9992626663389628,1.0684190567008644e-08,9bafc597425c35e29ad01db3612bb1c9972fae3b5352b4a7022f1f92fed77011
locked,credit_card_fraud,veto_mavs,random_feature_deletion,0.1,primary,3,0.999204147794436,1.013628335844283e-08,d8cc7e140e06ce543f00d79f5a7c58197e17f4f44c31a5b72a1aedde4ed7c300
locked,credit_card_fraud,pure_mavs_gc,random_feature_deletion,0.1,primary,3,0.999133925541004,1.9998613112605783e-08,d8c7ad265fbeefabad5ba79d4977141d5d014b7a06140f1a6af6af3ac628d0f3
locked,credit_card_fraud,single_model,random_feature_deletion,0.1,shadow,2,0.9991222218320986,1.2327912192711274e-09,6321cb192b17b899186f66ed58e3534b463992db31105a89a3042d44e6b43cf2
locked,credit_card_fraud,mean_ensemble,random_feature_deletion,0.1,shadow,2,0.9989817773252344,4.93116487708451e-09,e9e63787301367ea148e01651a44e6abe551fd0ccf596a43c493a4561a60edde
locked,credit_card_fraud,static_weighted_ensemble,random_feature_deletion,0.1,shadow,2,0.9991046662687406,2.7737802433600367e-09,9c61b4c8af444ab9e9c70756fd1e28a1fa1e0047ca1c7b9f3d2161d6420473a7
locked,credit_card_fraud,veto_mavs,random_feature_deletion,0.1,shadow,2,0.9989817773252344,4.93116487708451e-09,4d3ac7c1008130c828d0e60789fa500baabfed17024d20ff2898ac1a8fa2d6e6
locked,credit_card_fraud,pure_mavs_gc,random_feature_deletion,0.1,shadow,2,0.9986833327481479,6.934450608400092e-08,88fe4779dbf524039500c11b039ad154209fa3f526e2f447e303e871ab56a909
locked,credit_card_fraud,single_model,random_feature_deletion,0.2,primary,3,0.9988530365272755,1.6464611617376614e-07,acd166c41044819507275a167efca75b702409e1e4c8bc530322ece3c716a7ca
locked,credit_card_fraud,mean_ensemble,random_feature_deletion,0.2,primary,3,0.998934962489613,2.2217637307305336e-07,ff41d05b2c15a4f4224387a3a3a6c42608e891a3d80723d47c1c9facbc96a19e
locked,credit_card_fraud,static_weighted_ensemble,random_feature_deletion,0.2,primary,3,0.9988647402361809,1.7122100267654547e-07,9ff45d84f9f64fe0b5a6e9778c7ad8b150ab10ec6b1169db3a73571264999418
locked,credit_card_fraud,veto_mavs,random_feature_deletion,0.2,primary,3,0.998934962489613,2.2217637307305336e-07,3fadce34db64ec82d426d3f323f903ae513b0a2f82ac5a0416b1a00d81dad140
locked,credit_card_fraud,pure_mavs_gc,random_feature_deletion,0.2,primary,3,0.9988296291094648,1.5149634316820742e-07,6b9f767fbcb62b77d2728b301b4421e0374d5a75679bdb42a34fed727cfd5348
locked,credit_card_fraud,single_model,random_feature_deletion,0.2,shadow,2,0.9990168884519505,1.1095120973440147e-08,57c97b7419818ea677054b0545dc58a454b453fb94c44c6d5e7db7514f1c51b4
locked,credit_card_fraud,mean_ensemble,random_feature_deletion,0.2,shadow,2,0.9990344440153085,2.7737802433600367e-09,129257c385bf3df9179fbd0d1a4fe6fea1cfc8d5cf0321685806ca4eb17c4ff8
locked,credit_card_fraud,static_weighted_ensemble,random_feature_deletion,0.2,shadow,2,0.9990695551420246,7.704945120444547e-09,bfa7be3618536d516fd460880b7caeac6540d295ccfc8bf0567eeef537ff7926
locked,credit_card_fraud,veto_mavs,random_feature_deletion,0.2,shadow,2,0.9990344440153085,2.7737802433600367e-09,d3a57a8bd0adfae87549a85c55c48ee35cf0f89917b0273d41f1efb7e22787f9
locked,credit_card_fraud,pure_mavs_gc,random_feature_deletion,0.2,shadow,2,0.9987711105649381,6.040676974428525e-08,b81f4bd925d8df0aab8e2b5ed07546b494dfcbfe60397b2f6476f05719adca6a
locked,credit_card_fraud,single_model,random_feature_deletion,0.4,primary,3,0.9982795547909132,0.0,9cf8ba858a53b06ea4848e452f7edb688e1ebe2cf3a3682b48855868a3306765
locked,credit_card_fraud,mean_ensemble,random_feature_deletion,0.4,primary,3,0.9982795547909132,0.0,baab423f49b5266c6822cb361d11163dd97e93583fbfd2ed84ad783957cad73f
locked,credit_card_fraud,static_weighted_ensemble,random_feature_deletion,0.4,primary,3,0.9982795547909132,0.0,92254db21c844a1ca88a444dbdd94c20c131722a4ac3464485e9f95e95b577a5
locked,credit_card_fraud,veto_mavs,random_feature_deletion,0.4,primary,3,0.9982795547909132,0.0,550c7f83480d3368269b909df5e546930a1d4414d971e463aa8a8b3b8953455f
locked,credit_card_fraud,pure_mavs_gc,random_feature_deletion,0.4,primary,3,0.9982795547909132,0.0,f107b1c3350a81605c763d28f04cb4e3d8c0e253cfc2c732259b80c957ba38e8
locked,credit_card_fraud,single_model,random_feature_deletion,0.4,shadow,2,0.9990344440153085,2.4964022190222786e-08,f36f4fa3932ec0760081824ac2154bad2598abe36e12151bc1896171b008c924
locked,credit_card_fraud,mean_ensemble,random_feature_deletion,0.4,shadow,2,0.9989642217618764,3.72919343829516e-08,5633ff6cefa553faa24660ae13db2969565030c70ad22e4f1a73e307c96a0599
locked,credit_card_fraud,static_weighted_ensemble,random_feature_deletion,0.4,shadow,2,0.9989993328885924,3.729193438293016e-08,e75b95985340e2a871ba20507f8ba1110ea074c552efd9e513f6d122a0da0df8
locked,credit_card_fraud,veto_mavs,random_feature_deletion,0.4,shadow,2,0.9989642217618764,3.72919343829516e-08,44013341087873a9602f4d4769e465ffe3e768bc07bee0aac0688b26de494e4c
locked,credit_card_fraud,pure_mavs_gc,random_feature_deletion,0.4,shadow,2,0.998718443874864,1.630366387486066e-07,a5d64abca3d92b97a753a1835273eafb3e098cd93e32fae174a0320ded88a085
locked,credit_card_fraud,single_model,random_feature_deletion,0.6,primary,3,0.9982795547909132,0.0,b6aa1fe7f13469b1ee4e14538b55f9ffcfcf333305ff20b601fd210d0573d949
locked,credit_card_fraud,mean_ensemble,random_feature_deletion,0.6,primary,3,0.9982795547909132,0.0,12e14276827177b8c5adf3216e43a60cca8932fb403aed4bc5a91266e3e6cbe9
locked,credit_card_fraud,static_weighted_ensemble,random_feature_deletion,0.6,primary,3,0.9982795547909132,0.0,ebe9756fc439789dfadad9ce8d9f97af4a4428a0d683da645511f8b04dcd38f2
locked,credit_card_fraud,veto_mavs,random_feature_deletion,0.6,primary,3,0.9982795547909132,0.0,31a4ae6157112df02b203989848e61faef845bce813709465b48e4314272c4e3
locked,credit_card_fraud,pure_mavs_gc,random_feature_deletion,0.6,primary,3,0.9982795547909132,0.0,6ceee7656a3987a19200d4146086941b905836fa8abad458da8dede27e487208
locked,credit_card_fraud,single_model,random_feature_deletion,0.6,shadow,2,0.9982795547909132,0.0,59137d6104be685dd0da980cd6cc60467afdb137ea5af5ce50565b58f48e63e5
locked,credit_card_fraud,mean_ensemble,random_feature_deletion,0.6,shadow,2,0.9982795547909132,0.0,2e285b1ae68752a7d6aca3551fabd29e75c5ffb4fab3fb382fdc30122b343904
locked,credit_card_fraud,static_weighted_ensemble,random_feature_deletion,0.6,shadow,2,0.9982795547909132,0.0,089c96acb7537b9fc56406d824a100df631a8703273ed8a81afe36c94b7b676c
locked,credit_card_fraud,veto_mavs,random_feature_deletion,0.6,shadow,2,0.9982795547909132,0.0,f91fec0f98bfe5a587d4305ddaf3cc1903c733c53d898707d52c2c67eef0c498
locked,credit_card_fraud,pure_mavs_gc,random_feature_deletion,0.6,shadow,2,0.9982795547909132,0.0,e088cb0ae4ff613e9ab56c4c03138514971eb85acbfbd522061dd187e3a6b33e
locked,credit_card_fraud,single_model,random_feature_deletion,0.8,primary,3,0.9982795547909132,0.0,f23122566feb7ff5e379b770563ac4cca37d75a28dc4a432661c089174649186
locked,credit_card_fraud,mean_ensemble,random_feature_deletion,0.8,primary,3,0.9982795547909132,0.0,1a4ea264ea782b4782a76ceda5f9cc62609b93c36d83d85f63e0e640894e7236
locked,credit_card_fraud,static_weighted_ensemble,random_feature_deletion,0.8,primary,3,0.9982795547909132,0.0,f1478483c0d794214ab665def0b3de6d894e80dcf40e2caf3805dd22b408be13
locked,credit_card_fraud,veto_mavs,random_feature_deletion,0.8,primary,3,0.9982795547909132,0.0,c80da66c1679241ec6472947cb6155222914affe858d3855103761f99e681c18
locked,credit_card_fraud,pure_mavs_gc,random_feature_deletion,0.8,primary,3,0.9982795547909132,0.0,da6e4703f513d5caa581dc655d218a9c9250b26bbcc330ea8f951bc43fab449b
locked,credit_card_fraud,single_model,random_feature_deletion,0.8,shadow,2,0.9982795547909132,0.0,b54ed4278259e08c1a69c87d1fe54c3ca8b03218f199d76acf1e532881715add
locked,credit_card_fraud,mean_ensemble,random_feature_deletion,0.8,shadow,2,0.9982795547909132,0.0,0257cdd5c13f02d759cb327a565c2eca0f27716248c43aa3612fe77b0b926b71
locked,credit_card_fraud,static_weighted_ensemble,random_feature_deletion,0.8,shadow,2,0.9982795547909132,0.0,d3762a40b5441fd8133c3faf71c46e6a2c6b62adef3f97a5b98de50f2d438789
locked,credit_card_fraud,veto_mavs,random_feature_deletion,0.8,shadow,2,0.9982795547909132,0.0,6763a9a60460d3a5d13ee9ec251c53a42b2c41edf0f2b5fa05f418eb033e59b4
locked,credit_card_fraud,pure_mavs_gc,random_feature_deletion,0.8,shadow,2,0.9982795547909132,0.0,fdb825ba224dfd97e604547f2534e80172395c79c709d678230d48f3f446737e
locked,credit_card_fraud,single_model,random_feature_deletion,1.0,primary,3,0.9982795547909132,0.0,4913ffc35ae412cdd70d4b53ed4b994f73f2b45cf39f67e9fdd599102d6c42a0
locked,credit_card_fraud,mean_ensemble,random_feature_deletion,1.0,primary,3,0.9982795547909132,0.0,ddea640c6b3b042184aaf03305e849417182d698b6bc9ea7fb3fffbbba0055ee
locked,credit_card_fraud,static_weighted_ensemble,random_feature_deletion,1.0,primary,3,0.9982795547909132,0.0,592ea3e2c8713383ec80d978b2616404fd9aa42b2775b06f6ed9def03a01b918
locked,credit_card_fraud,veto_mavs,random_feature_deletion,1.0,primary,3,0.9982795547909132,0.0,10cc5eaf461cb89d365d80928d2f4170c3a534d6d794dd65a47f9cf0f8a2b5b6
locked,credit_card_fraud,pure_mavs_gc,random_feature_deletion,1.0,primary,3,0.9982795547909132,0.0,83657b9df0aeb1684d6c01effefde504af2daa5396132ec767c776a94b14589b
locked,credit_card_fraud,single_model,random_feature_deletion,1.0,shadow,2,0.9982795547909132,0.0,78d18a5245aa352be4e289858b0f56db58a8f6fe1bbec0328978f1c56b8ae2c0
locked,credit_card_fraud,mean_ensemble,random_feature_deletion,1.0,shadow,2,0.9982795547909132,0.0,774036608cd58cb122f5fa181027784543c1a959690d6f76927c5b9bda5cafab
locked,credit_card_fraud,static_weighted_ensemble,random_feature_deletion,1.0,shadow,2,0.9982795547909132,0.0,09ac7e402a964d1bb0dce33a386d9d260d096a0fcedd95a4cde18905b53982ca
locked,credit_card_fraud,veto_mavs,random_feature_deletion,1.0,shadow,2,0.9982795547909132,0.0,425e6b0c8c7acfd05ca472d30b530ce7813ae3df28e73e0ace2a27bc686a489d
locked,credit_card_fraud,pure_mavs_gc,random_feature_deletion,1.0,shadow,2,0.9982795547909132,0.0,6e9eaa005e4edccac76f86c1b67403196614b0d4f67136e48bcd785ec92404f2
locked,credit_card_fraud,single_model,label_noise,0.0,primary,3,0.999403110845827,1.232595164407831e-32,f1057b05c90793a7f6055fd855c8d9ecfa3a43bc6a73d078bd0eac801fe6c150
locked,credit_card_fraud,mean_ensemble,label_noise,0.0,primary,3,0.9993328885923949,1.232595164407831e-32,8300547ae357042760f0d259d9210813cc50ace2d18714ddf92446f57d2d25d6
locked,credit_card_fraud,static_weighted_ensemble,label_noise,0.0,primary,3,0.999403110845827,1.232595164407831e-32,ee67a82f2d3940e817b279e420eeee0a76ee758255518c25f5c0439f29c96286
locked,credit_card_fraud,veto_mavs,label_noise,0.0,primary,3,0.9993328885923949,1.232595164407831e-32,210fdf1ea92636ae0a425679a00a927722b66e446e9c0dc80739c09eab13a473
locked,credit_card_fraud,pure_mavs_gc,label_noise,0.0,primary,3,0.9993679997191109,0.0,026c532d0f55033d0fad6bb4219cc8a6c1ca3df73b1b465d6be02c86af17ebaf
locked,credit_card_fraud,single_model,label_noise,0.0,shadow,2,0.999403110845827,0.0,05a34914923a93d656fd52fafcbc6eca8b4ffa8d08d1179a63e9a660c376bb49
locked,credit_card_fraud,mean_ensemble,label_noise,0.0,shadow,2,0.9993328885923949,0.0,57321f1eb46b87959558b41f9d2973cc58c1212f376f05b56721309eea6aeda9
locked,credit_card_fraud,static_weighted_ensemble,label_noise,0.0,shadow,2,0.999403110845827,0.0,d10b5d50cf06339c99aeb0da8e786052447965c2aa72460e8a478cf638dfd7b6
locked,credit_card_fraud,veto_mavs,label_noise,0.0,shadow,2,0.9993328885923949,0.0,3e2f091173a66a5d0a973a009bf505a1a8d5d74a9a0472969b35757d30406f0a
locked,credit_card_fraud,pure_mavs_gc,label_noise,0.0,shadow,2,0.9993679997191109,0.0,be381348db8d85b0734ce2c992214b6fdca56c4b2db9c5485a6e74c41a1a5707
locked,credit_card_fraud,single_model,label_noise,0.05,primary,3,0.999403110845827,1.232595164407831e-32,64084f24984ba12232104b99037956ada965a4fa09fb36bbd330b5125e7a4d32
locked,credit_card_fraud,mean_ensemble,label_noise,0.05,primary,3,0.9993328885923949,1.232595164407831e-32,1e360df4beb2b57d00de081df34fe37fee255c71f8a113b158774ce2c552765e
locked,credit_card_fraud,static_weighted_ensemble,label_noise,0.05,primary,3,0.999403110845827,1.232595164407831e-32,0186485996d468dd0c3f3ad1d2d904618d51c81961ee3ce2d23ef1266828bbcd
locked,credit_card_fraud,veto_mavs,label_noise,0.05,primary,3,0.9993328885923949,1.232595164407831e-32,af665012f0ded5645f26b3eaa91797cb60752ce4750fab4a5e1a238886fa948d
locked,credit_card_fraud,pure_mavs_gc,label_noise,0.05,primary,3,0.9993679997191109,0.0,ee53eb709104e60235cafb7d1121420d80133e6b5371ccd6fc71e959bdd1cb75
locked,credit_card_fraud,single_model,label_noise,0.05,shadow,2,0.999403110845827,0.0,3cbdfd5fe16f71c4c6e179e8e2cbdd9c748dcc622e89c0fecb043b13356b76b7
locked,credit_card_fraud,mean_ensemble,label_noise,0.05,shadow,2,0.9993328885923949,0.0,b6b6a9dfa415a082eac6ebf2c6be23c9ffdb3edccac64fe01a57a2189b2f3343
locked,credit_card_fraud,static_weighted_ensemble,label_noise,0.05,shadow,2,0.999403110845827,0.0,8565272767074b82b3fd955144aff2a48b942f0747d0b6118a0e4ab41f948f6a
locked,credit_card_fraud,veto_mavs,label_noise,0.05,shadow,2,0.9993328885923949,0.0,ef8cbf9e94e6be52ab10a8598ef150f480424908f8e7a04303ea4ad04964897c
locked,credit_card_fraud,pure_mavs_gc,label_noise,0.05,shadow,2,0.9993679997191109,0.0,5a45ba8917cbafead808f354693e12af86b8a46433d4ed88d2b42e2a48dacc7d
locked,credit_card_fraud,single_model,label_noise,0.1,primary,3,0.999403110845827,1.232595164407831e-32,9d3b5adaf4cc09bd34e4f49d55660434ed7c5ce834e8108fb3c7fb3c5715d708
locked,credit_card_fraud,mean_ensemble,label_noise,0.1,primary,3,0.9993328885923949,1.232595164407831e-32,f390934d4486d974b984128098ccaa9082f426f7709e6a619e176e8cf5bfa971
locked,credit_card_fraud,static_weighted_ensemble,label_noise,0.1,primary,3,0.999403110845827,1.232595164407831e-32,c9f1bc7e20cbb1dabfe4b458dff523ba3b12e18d220ec453e2d897760a5513cf
locked,credit_card_fraud,veto_mavs,label_noise,0.1,primary,3,0.9993328885923949,1.232595164407831e-32,bac2df71fd30178468e369ebb8a6db7baac8b699adc509adb5ea8e6634797996
locked,credit_card_fraud,pure_mavs_gc,label_noise,0.1,primary,3,0.9993679997191109,0.0,216393e99a53372799bba72434cfd93c4562f59ead11223997320d944ac86d35
locked,credit_card_fraud,single_model,label_noise,0.1,shadow,2,0.999403110845827,0.0,772b3c887d89e7a4a360994572bb61dca4a90308842fcd7c63b5cc138f3f511c
locked,credit_card_fraud,mean_ensemble,label_noise,0.1,shadow,2,0.9993328885923949,0.0,5bd6bc0793b95ab669c99bac0fd575838c66325af74bac17386e27ff6359c09d
locked,credit_card_fraud,static_weighted_ensemble,label_noise,0.1,shadow,2,0.999403110845827,0.0,b6d74956f9c229be0800160d4a998e2808912d5d7f8f318ac1dd074c38546cf0
locked,credit_card_fraud,veto_mavs,label_noise,0.1,shadow,2,0.9993328885923949,0.0,ac723754e40f7a73886a72bd7cd428441bc0e76ac21755cf0e7b966da0c34ae8
locked,credit_card_fraud,pure_mavs_gc,label_noise,0.1,shadow,2,0.9993679997191109,0.0,d7101e7a4e6b3b1497de1c59038998cd57ca89f888ce2dcc620a9acd80c822b8
locked,credit_card_fraud,single_model,label_noise,0.2,primary,3,0.999403110845827,1.232595164407831e-32,1563ea5600c94610c8d07eece65ee058bdceb8132205cfd6c465ae20899f1b03
locked,credit_card_fraud,mean_ensemble,label_noise,0.2,primary,3,0.9993328885923949,1.232595164407831e-32,eb5bc25e8b19d6f392cd430786d959145866436f369f81ba11a4d56d149de9ad
locked,credit_card_fraud,static_weighted_ensemble,label_noise,0.2,primary,3,0.999403110845827,1.232595164407831e-32,2b1c37581a049d94fb97ab148d3cca518487a0203c2c36f5292d09b49b28b0ae
locked,credit_card_fraud,veto_mavs,label_noise,0.2,primary,3,0.9993328885923949,1.232595164407831e-32,b0a2544b7c1a01543dccf9cef42f50dad851a6f081456b412ac69a8abd6bfc91
locked,credit_card_fraud,pure_mavs_gc,label_noise,0.2,primary,3,0.9993679997191109,0.0,ed1e7d3c7236f31d8edc856126105e65888b9b6b5176e5aef07d961466f0c2ed
locked,credit_card_fraud,single_model,label_noise,0.2,shadow,2,0.999403110845827,0.0,c1111a88b39650d4f4703641a90dbf11917d0c3d965c2a7c7e20ef6d6b6229d9
locked,credit_card_fraud,mean_ensemble,label_noise,0.2,shadow,2,0.9993328885923949,0.0,0b3e5f2986de94c1525f6be9cc17c0596c55cd0466e95e9c2df1565881f74ded
locked,credit_card_fraud,static_weighted_ensemble,label_noise,0.2,shadow,2,0.999403110845827,0.0,950a3617b89604f96b0c0401c791c63dec9ba64523a72dc7db2ef0ee61462688
locked,credit_card_fraud,veto_mavs,label_noise,0.2,shadow,2,0.9993328885923949,0.0,5c9063b56c27665e9cf56dac0b0e2ef2f4cf22025e386e9d145b734101b6866b
locked,credit_card_fraud,pure_mavs_gc,label_noise,0.2,shadow,2,0.9993679997191109,0.0,0071f87f4ed0ee29bcdb5d5a3695450633a15966f35d09d7357be7e34ae5f662
locked,credit_card_fraud,single_model,label_noise,0.4,primary,3,0.999403110845827,1.232595164407831e-32,573112b16e722e32fb4258b501c02c2b093f3d19e70ecdd2e206006f52080ef3
locked,credit_card_fraud,mean_ensemble,label_noise,0.4,primary,3,0.9993328885923949,1.232595164407831e-32,c0ebe62abaafb29cf6eaf998d0b63dc1d7c897ecf879bc4d94210ce23dd0fa38
locked,credit_card_fraud,static_weighted_ensemble,label_noise,0.4,primary,3,0.999403110845827,1.232595164407831e-32,9d75a17e17d88ef0c078bfd0c5cfb10ac1f1e73788c0bcda09a6fcc7c9b173c1
locked,credit_card_fraud,veto_mavs,label_noise,0.4,primary,3,0.9993328885923949,1.232595164407831e-32,6f6b3f23f165fc07495abdfa03c2bb6856655bbdf863fc2488d88bd39fbd143c
locked,credit_card_fraud,pure_mavs_gc,label_noise,0.4,primary,3,0.9993679997191109,0.0,3687523cb031ee0acbbdbfb28dc4fac1dd65f40a474dd3f9b8fa3fee13242483
locked,credit_card_fraud,single_model,label_noise,0.4,shadow,2,0.999403110845827,0.0,3deb95bc629acddbf755f4640e4d194819bb58a89ebc9f297805797490101e1f
locked,credit_card_fraud,mean_ensemble,label_noise,0.4,shadow,2,0.9993328885923949,0.0,203776c6ae07dbfc168ee6cd4f0887ceda2069424909fe6c9e95061de860a096
locked,credit_card_fraud,static_weighted_ensemble,label_noise,0.4,shadow,2,0.999403110845827,0.0,2cab2b4c2c747df153ef0e007e74d26f50301c091546cf133c9ea833a426abdb
locked,credit_card_fraud,veto_mavs,label_noise,0.4,shadow,2,0.9993328885923949,0.0,827ef62d856fe5ce48c614e1735b91ee7b5cab4004d97d777235e59b7658add7
locked,credit_card_fraud,pure_mavs_gc,label_noise,0.4,shadow,2,0.9993679997191109,0.0,a1617d4920ca98816bacee726c8e7270c9d9083af20bf6e8cddef9638166d550
locked,credit_card_fraud,single_model,label_noise,0.6,primary,3,0.999403110845827,1.232595164407831e-32,1527669d2c9a341a2bd441aaca92a42940cbf64389b1ec5437f101963c438697
locked,credit_card_fraud,mean_ensemble,label_noise,0.6,primary,3,0.9993328885923949,1.232595164407831e-32,75218de6f7d232b734dabfd11a71e023066467eec5ea38aad1ed5f65f0c85e3c
locked,credit_card_fraud,static_weighted_ensemble,label_noise,0.6,primary,3,0.999403110845827,1.232595164407831e-32,f5b1229d5dacdea44c1d8ca3e137e7f966d7fc18cbdecfb6bb512dfb234552fc
locked,credit_card_fraud,veto_mavs,label_noise,0.6,primary,3,0.9993328885923949,1.232595164407831e-32,874bf65cd2ca7dadb8a4a418357acd07db8bd71e165f4aa8995e788d1b2c563c
locked,credit_card_fraud,pure_mavs_gc,label_noise,0.6,primary,3,0.9993679997191109,0.0,be8187ed8616cb7e239ff5c14ee3ad8bc4b7999f6707e031963c19d81d7b075b
locked,credit_card_fraud,single_model,label_noise,0.6,shadow,2,0.999403110845827,0.0,888b4832af8411a9819e7a999575761de990b7ce5d72ff7344746d54c4177445
locked,credit_card_fraud,mean_ensemble,label_noise,0.6,shadow,2,0.9993328885923949,0.0,1ccde3ea2f1ee7831d9e765e79d00444519f91ecabeb3e8bf2b05acc24818f53
locked,credit_card_fraud,static_weighted_ensemble,label_noise,0.6,shadow,2,0.999403110845827,0.0,d42000b043caae178022fe6df73c02725127ab584dbc568b5197383e46a1f517
locked,credit_card_fraud,veto_mavs,label_noise,0.6,shadow,2,0.9993328885923949,0.0,9a3fac2560d46eb0866bec3e55b0bcb094d030a5de7232b1df494dd43284cf99
locked,credit_card_fraud,pure_mavs_gc,label_noise,0.6,shadow,2,0.9993679997191109,0.0,b794f5518f0b40396690863018f1c3afccb54cac89fb92c83cd187e024a3c2eb
locked,credit_card_fraud,single_model,label_noise,0.8,primary,3,0.999403110845827,1.232595164407831e-32,71f3de1f0b5247480456af9ad07431f571b0b2288cc834fae40af9e0acbb5b89
locked,credit_card_fraud,mean_ensemble,label_noise,0.8,primary,3,0.9993328885923949,1.232595164407831e-32,8b3fed89c6d0e300438e350065a4d4b7083521c87cfb96278158016566d0f83a
locked,credit_card_fraud,static_weighted_ensemble,label_noise,0.8,primary,3,0.999403110845827,1.232595164407831e-32,8d7490b0d58b8a4895bd42d476625ee809770d1a5a6828dc68a606c64dcb6f69
locked,credit_card_fraud,veto_mavs,label_noise,0.8,primary,3,0.9993328885923949,1.232595164407831e-32,f2253145afc2a7946b4b9fc70ce600c866a79a9ca1f81e32166e41e8f2c30d54
locked,credit_card_fraud,pure_mavs_gc,label_noise,0.8,primary,3,0.9993679997191109,0.0,390df8edb901d7362d140980656c59deb97831c37290c92464cd7672825050e7
locked,credit_card_fraud,single_model,label_noise,0.8,shadow,2,0.999403110845827,0.0,6df4ad950a8e036425897b3282c22dedce0eb1392d3d3f52475c655ddd8e47e4
locked,credit_card_fraud,mean_ensemble,label_noise,0.8,shadow,2,0.9993328885923949,0.0,152603503ea6fa9b80bd5da025edf9c97dd2b8dfadde6662f22991e0fe0256d0
locked,credit_card_fraud,static_weighted_ensemble,label_noise,0.8,shadow,2,0.999403110845827,0.0,9ee9ce10b2c0e2989fae25eff07635d6980f36bb3729970125784321884e0b81
locked,credit_card_fraud,veto_mavs,label_noise,0.8,shadow,2,0.9993328885923949,0.0,dc1aead8abe2a38e0fcac354833e941a70df3084cf6d97518d14eda85f530e6c
locked,credit_card_fraud,pure_mavs_gc,label_noise,0.8,shadow,2,0.9993679997191109,0.0,5b3130130ff7abfe6c76935c394c046bbe56ae3132e5966019d23bfb7f99f9ce
locked,credit_card_fraud,single_model,label_noise,1.0,primary,3,0.999403110845827,1.232595164407831e-32,1ed7ccf6966a19d9c0b30ece834c93992856e242853adb46928092abe87a16ad
locked,credit_card_fraud,mean_ensemble,label_noise,1.0,primary,3,0.9993328885923949,1.232595164407831e-32,fbcd5924734e685bc2a2461bffc56aed0a4b2ab82cb08c8cb948c088e6a71858
locked,credit_card_fraud,static_weighted_ensemble,label_noise,1.0,primary,3,0.999403110845827,1.232595164407831e-32,48fe10cae081245a11dc3710728acb40e96ff0170c8359064629abdf5c05e8b9
locked,credit_card_fraud,veto_mavs,label_noise,1.0,primary,3,0.9993328885923949,1.232595164407831e-32,a73d08144dfdaf15debfe340d2f9bce26fd855fce89946e3fb203720967e7bf3
locked,credit_card_fraud,pure_mavs_gc,label_noise,1.0,primary,3,0.9993679997191109,0.0,dd89bbb0b549b27f3f84913aaedf4bb68b4f9f06e17ba69f6de7942c59fc0a5f
locked,credit_card_fraud,single_model,label_noise,1.0,shadow,2,0.999403110845827,0.0,d38a55c874249b62b22c6ed1c5f43e58ddf050463935c5530dfacecc840e7bc4
locked,credit_card_fraud,mean_ensemble,label_noise,1.0,shadow,2,0.9993328885923949,0.0,d5a15346a313e9503397e826367acfb74a8ec3646f56adf230399465f09234d6
locked,credit_card_fraud,static_weighted_ensemble,label_noise,1.0,shadow,2,0.999403110845827,0.0,ffd5ef999c82626263cd3cb6c8518ffc243f8b11217a45e49490680c134f0aea
locked,credit_card_fraud,veto_mavs,label_noise,1.0,shadow,2,0.9993328885923949,0.0,62af7c9ec30caf678bceac8de9b7dc5b666f289751f04c85cd86f4485e1f9cbd
locked,credit_card_fraud,pure_mavs_gc,label_noise,1.0,shadow,2,0.9993679997191109,0.0,1e35c470cdfabcf252e028a4037482063aabc446608e3027574d78a21efaacbe
locked,credit_card_fraud,single_model,confidence_distortion,0.0,primary,3,0.999403110845827,1.232595164407831e-32,c5433f4fffef2fe17d6780ec32a32563a8fb0ed62842226b9cb39e47890352b9
locked,credit_card_fraud,mean_ensemble,confidence_distortion,0.0,primary,3,0.9993328885923949,1.232595164407831e-32,adceab01d3094e74cf70dee6a1a4aa12d55088c756d8fe35c808f157cf1a6654
locked,credit_card_fraud,static_weighted_ensemble,confidence_distortion,0.0,primary,3,0.999403110845827,1.232595164407831e-32,0adb91f121742b12f8922a6a0379e42fe215320f87cc426375c57a6b68150795
locked,credit_card_fraud,veto_mavs,confidence_distortion,0.0,primary,3,0.9993328885923949,1.232595164407831e-32,bb6d044bee97f8a8e24f0f6e6296691cdca0eb6cb5b9d0dee152b1d69105e6dc
locked,credit_card_fraud,pure_mavs_gc,confidence_distortion,0.0,primary,3,0.9993679997191109,0.0,f2389eff0d06ee1bb4422f92ffbaf29a16119aff4589c1c2f70e15c30bf91feb
locked,credit_card_fraud,single_model,confidence_distortion,0.0,shadow,2,0.999403110845827,0.0,5edd03933461c2ee5f62355e24bfab68024bf39a754db86409a6bd8b600888e9
locked,credit_card_fraud,mean_ensemble,confidence_distortion,0.0,shadow,2,0.9993328885923949,0.0,2c19956be82d409d12579aab353ef22ac3eab1bb58ff69ba0ece66fb8391b6ae
locked,credit_card_fraud,static_weighted_ensemble,confidence_distortion,0.0,shadow,2,0.999403110845827,0.0,47626493b117596994d1f005370bb8908128457770b3d99bfb07831a9fa22760
locked,credit_card_fraud,veto_mavs,confidence_distortion,0.0,shadow,2,0.9993328885923949,0.0,0ac5df75a58fb7df3c05f6eea1787e325f02c4d1fac5003c7da0aa75d05dbccd
locked,credit_card_fraud,pure_mavs_gc,confidence_distortion,0.0,shadow,2,0.9993679997191109,0.0,af35a1d00cfb9cdd195a3ba27c214187f3914f1beee0b036f3f38db60cb1fa76
locked,credit_card_fraud,single_model,confidence_distortion,0.05,primary,3,0.999403110845827,1.232595164407831e-32,59c6a0b67802cb5053df89c3b4dbb6756dffa79e346c640b20679bcaeeaec2af
locked,credit_card_fraud,mean_ensemble,confidence_distortion,0.05,primary,3,0.9993328885923949,1.232595164407831e-32,e6d85f89b79b9d47441b6dbe9dbc42aa30e2494acf6a7cfaf4562ec889343a6f
locked,credit_card_fraud,static_weighted_ensemble,confidence_distortion,0.05,primary,3,0.999403110845827,1.232595164407831e-32,8148a3e6c1543f911621d4e72d72e2615653a1fbec9f5b0e4559dc6214c35392
locked,credit_card_fraud,veto_mavs,confidence_distortion,0.05,primary,3,0.9993328885923949,1.232595164407831e-32,b921492c978b583a70e7671e89989644eac31979d690f55e11b4afc44e51f0d7
locked,credit_card_fraud,pure_mavs_gc,confidence_distortion,0.05,primary,3,0.9993679997191109,0.0,9b3478ecdff14b8bfcb4281fcece347506b4aea5333c5c60e0efe2c65818d722
locked,credit_card_fraud,single_model,confidence_distortion,0.05,shadow,2,0.999403110845827,0.0,d1fe917506472c1f389f73821ec187cbbe48cb6224bb4fe40a22b534a903e9dd
locked,credit_card_fraud,mean_ensemble,confidence_distortion,0.05,shadow,2,0.9993328885923949,0.0,9d8ba12fa3a52da2ccd32ddd0fd16a56890ea62d5a86f44a60db3b933b6c5765
locked,credit_card_fraud,static_weighted_ensemble,confidence_distortion,0.05,shadow,2,0.999403110845827,0.0,1f2762d231ef3629f9b87fc18181a3b2a89c689be719b63beb3d16e335ff4aa7
locked,credit_card_fraud,veto_mavs,confidence_distortion,0.05,shadow,2,0.9993328885923949,0.0,8af4284b7f4012e5fa8b5ce58640c87bf89f10dcf57b60805e37e3b055e72663
locked,credit_card_fraud,pure_mavs_gc,confidence_distortion,0.05,shadow,2,0.9993679997191109,0.0,60a7b4c2ec55fd376f70fc8cff526e5d4c5afcc93ba398201520f8afcd11c064
locked,credit_card_fraud,single_model,confidence_distortion,0.1,primary,3,0.999403110845827,1.232595164407831e-32,0cd5f705b6a141f5ba3ee0c1885222af8a9f4d134c887ae8fce3c6389d7b51bb
locked,credit_card_fraud,mean_ensemble,confidence_distortion,0.1,primary,3,0.9993328885923949,1.232595164407831e-32,24f626f8fbfc85d9b23150770cc721355867b60ef2cbca710178bfa3da975de7
locked,credit_card_fraud,static_weighted_ensemble,confidence_distortion,0.1,primary,3,0.999403110845827,1.232595164407831e-32,390a40fae9863644f337c8cac813d93a64658b48578c737e97987600ceac5d16
locked,credit_card_fraud,veto_mavs,confidence_distortion,0.1,primary,3,0.9993328885923949,1.232595164407831e-32,ad04b20641272113c890a8837c2611770ded686dbd81b03ea0612c0012b1cf6a
locked,credit_card_fraud,pure_mavs_gc,confidence_distortion,0.1,primary,3,0.9993679997191109,0.0,cdb2eb17f5bfac1a6d4e152c454e41842cd9d62f12ddb56d0cb8061a3f4bd853
locked,credit_card_fraud,single_model,confidence_distortion,0.1,shadow,2,0.999403110845827,0.0,95f4eb489d6cc5e34d31301742001facea5b4a04fd161ec572d9b70bc9bf189f
locked,credit_card_fraud,mean_ensemble,confidence_distortion,0.1,shadow,2,0.9993328885923949,0.0,e74556d3d39d0961b5e6e3453263e03f27090f319c2b65be705c9246dd996e2f
locked,credit_card_fraud,static_weighted_ensemble,confidence_distortion,0.1,shadow,2,0.999403110845827,0.0,b09c182afe45707eda2c4c446b1ca692f3996e0b4565cc37eac6b7b3e6abba14
locked,credit_card_fraud,veto_mavs,confidence_distortion,0.1,shadow,2,0.9993328885923949,0.0,00caf82ef4ca6f34e64dbb982596ffd8881d56c8b2f9b6fe9302af5d7ab9cdc5
locked,credit_card_fraud,pure_mavs_gc,confidence_distortion,0.1,shadow,2,0.9993679997191109,0.0,bdf3cc00ce8c00f6028d529a2400832f93023fdec14aed729f4c63d41d2a44c9
locked,credit_card_fraud,single_model,confidence_distortion,0.2,primary,3,0.999403110845827,1.232595164407831e-32,e429b8deba4a55b9385c3279255d0d787261481cc864dd226ef3e3e10ea664e3
locked,credit_card_fraud,mean_ensemble,confidence_distortion,0.2,primary,3,0.9993328885923949,1.232595164407831e-32,cf8319c958c313a35c2718a5eac693df4a5d52f9e7bd1c381035377e4c982a3c
locked,credit_card_fraud,static_weighted_ensemble,confidence_distortion,0.2,primary,3,0.999403110845827,1.232595164407831e-32,fe0971499155321886f95c36a10dd9bc08ed5c41500a83cd35d8af4afc955c6d
locked,credit_card_fraud,veto_mavs,confidence_distortion,0.2,primary,3,0.9993328885923949,1.232595164407831e-32,d0a6bc7b0021e7ec041d56fa8a072a80441a21cff99b999d3e1cea5a0e323585
locked,credit_card_fraud,pure_mavs_gc,confidence_distortion,0.2,primary,3,0.9993679997191109,0.0,74a3d07f8b860bd38b5b0bd62f349bebe5ea8c2e1a1e56ccf49c559bd6ba22e1
locked,credit_card_fraud,single_model,confidence_distortion,0.2,shadow,2,0.999403110845827,0.0,7821507f45cae69ad0c997482fd7755f013e47c0eabcc650d03a3e44d27deae2
locked,credit_card_fraud,mean_ensemble,confidence_distortion,0.2,shadow,2,0.9993328885923949,0.0,b28e689d02fbc5377ec044b69e9166e5e1406bb757562572fb06e16104aeb5d2
locked,credit_card_fraud,static_weighted_ensemble,confidence_distortion,0.2,shadow,2,0.999403110845827,0.0,6eaa25b25f917e63df7b38867fab66584c0ff879c7ab4c19d27a3884412b687c
locked,credit_card_fraud,veto_mavs,confidence_distortion,0.2,shadow,2,0.9993328885923949,0.0,e70d25a16619e0db64f30c0c34bc15eda47c2996482ea7202cb86828dc44f6e1
locked,credit_card_fraud,pure_mavs_gc,confidence_distortion,0.2,shadow,2,0.9993679997191109,0.0,a1be743599ec6f1f257ec8f9b78780706b1d7d8fe9de8460d48bc09e30335bde
locked,credit_card_fraud,single_model,confidence_distortion,0.4,primary,3,0.999403110845827,1.232595164407831e-32,c275b09ceba7d241f4165421b2f89810989bdb49ef30aace0a09e914dac30435
locked,credit_card_fraud,mean_ensemble,confidence_distortion,0.4,primary,3,0.9993328885923949,1.232595164407831e-32,a8e3a4432c2cb32f6f90390175329801152d75e924150d0bca2d2928b168c666
locked,credit_card_fraud,static_weighted_ensemble,confidence_distortion,0.4,primary,3,0.999403110845827,1.232595164407831e-32,4e45bd47ae975ba26edb97cfe17b54dee9eee0d955515c150f26845d4f1fad70
locked,credit_card_fraud,veto_mavs,confidence_distortion,0.4,primary,3,0.9993328885923949,1.232595164407831e-32,9cf6bad7bd433f23c11fa848f62a8578c4407b20d241bdea538d8e66751e1a4a
locked,credit_card_fraud,pure_mavs_gc,confidence_distortion,0.4,primary,3,0.9993679997191109,0.0,1ab4c2012277c4aa6356578a31e1ff6d6a6923c67010714f8db25166d188eba9
locked,credit_card_fraud,single_model,confidence_distortion,0.4,shadow,2,0.999403110845827,0.0,1e728971aa988adf82f84384aec536dcea12c4120ebbe203eae80028eb79be78
locked,credit_card_fraud,mean_ensemble,confidence_distortion,0.4,shadow,2,0.9993328885923949,0.0,4835b93a7ccc4ffb99250bc1803caf8ad0e7d103e271bd0e8cc16f684f8a9eb6
locked,credit_card_fraud,static_weighted_ensemble,confidence_distortion,0.4,shadow,2,0.999403110845827,0.0,63c5862fd2c570f1a383103ae4ae2c5d266115e58b9203838f20660256d152e8
locked,credit_card_fraud,veto_mavs,confidence_distortion,0.4,shadow,2,0.9993328885923949,0.0,2bcbb4dc372fb934116a4ac67d45d372557b05a177beefabb3ac6dbc30fbbba7
locked,credit_card_fraud,pure_mavs_gc,confidence_distortion,0.4,shadow,2,0.9993679997191109,0.0,cabc0da3191113b3a641250980b8f6543872c3df37a154e1f53ed6737a0acd08
locked,credit_card_fraud,single_model,confidence_distortion,0.6,primary,3,0.999403110845827,1.232595164407831e-32,eda2557b274890f6f45568df62ad2455c43bd121d8ed4822977aafda28ac376d
locked,credit_card_fraud,mean_ensemble,confidence_distortion,0.6,primary,3,0.9993328885923949,1.232595164407831e-32,ccbf13df07bc5b2f3a384b7fd2baa1deadbf83d80369fe8734056bb34955d3db
locked,credit_card_fraud,static_weighted_ensemble,confidence_distortion,0.6,primary,3,0.999403110845827,1.232595164407831e-32,11176ebb381ae77c638f3c16275a6e16c4af062c5b1aac4b9ffcf3d648f146fd
locked,credit_card_fraud,veto_mavs,confidence_distortion,0.6,primary,3,0.9993328885923949,1.232595164407831e-32,56c3e258413b6441ccbd396b0952898aff78c7b4146dc7c7d14c9dfdab0235e9
locked,credit_card_fraud,pure_mavs_gc,confidence_distortion,0.6,primary,3,0.9993679997191109,0.0,66e72bd29b1ef26558425242109c8a4f4b939ee76125311e8e4b86a3783e485a
locked,credit_card_fraud,single_model,confidence_distortion,0.6,shadow,2,0.999403110845827,0.0,648563123c85f12691f045761033ce9eb9bfcd33debcb31def737fc8ba349ed4
locked,credit_card_fraud,mean_ensemble,confidence_distortion,0.6,shadow,2,0.9993328885923949,0.0,22fbff55fc7d9d1de3929619e8005fa137c6faecb8d6bc0b86ef6c365d9a8b8e
locked,credit_card_fraud,static_weighted_ensemble,confidence_distortion,0.6,shadow,2,0.999403110845827,0.0,9b9ea1b588b6447c99da087e408a9e83a457d86a5c88c51fc574a2bacaa6e4b8
locked,credit_card_fraud,veto_mavs,confidence_distortion,0.6,shadow,2,0.9993328885923949,0.0,dc63378641e2bde304c3c8cec840798e7e1af08837631bb511162bae31bbe849
locked,credit_card_fraud,pure_mavs_gc,confidence_distortion,0.6,shadow,2,0.9993679997191109,0.0,006d7576e1047093bfc0ec8e143b0450eb81ccd5588551e24e1f6fdafeb7b8ce
locked,credit_card_fraud,single_model,confidence_distortion,0.8,primary,3,0.999403110845827,1.232595164407831e-32,da1b4f84e7e4aa80109e2718ffdf9cccac7b2751990d6d6d3c9792cd359ac265
locked,credit_card_fraud,mean_ensemble,confidence_distortion,0.8,primary,3,0.9993328885923949,1.232595164407831e-32,aa72dc8bc8ec7f041fcf9f20f7b3c3d81406c30d150a987aca9eeb4af920adc9
locked,credit_card_fraud,static_weighted_ensemble,confidence_distortion,0.8,primary,3,0.999403110845827,1.232595164407831e-32,a669ca471418633b805cfba4720c38022060bb51cefd278d5616a828bda30f54
locked,credit_card_fraud,veto_mavs,confidence_distortion,0.8,primary,3,0.9993328885923949,1.232595164407831e-32,743e5300e7c8a59ddd05c40e50a40ff2d513450248926008b975de562299bb68
locked,credit_card_fraud,pure_mavs_gc,confidence_distortion,0.8,primary,3,0.9993679997191109,0.0,f3de17e48b777e1d9e69c8baf61fd8d74e62d4588fd431cd250238cf907c8245
locked,credit_card_fraud,single_model,confidence_distortion,0.8,shadow,2,0.999403110845827,0.0,525c61f213c6d5f4a4f03f7140ab8057f6df0dec35467657ee9097fc44f97cba
locked,credit_card_fraud,mean_ensemble,confidence_distortion,0.8,shadow,2,0.9993328885923949,0.0,bab5979b61759749b98151b27c205335fce23f1bb6421642a99e2f7fb9024dcf
locked,credit_card_fraud,static_weighted_ensemble,confidence_distortion,0.8,shadow,2,0.999403110845827,0.0,4d7722c0ed3989702e73758e9ff2adf8e358a659672e5b57c450944ae10ee954
locked,credit_card_fraud,veto_mavs,confidence_distortion,0.8,shadow,2,0.9993328885923949,0.0,a4ab3ed428fbe3a26ae6207364b87899789ccbcd3104b03f494ad7402397857d
locked,credit_card_fraud,pure_mavs_gc,confidence_distortion,0.8,shadow,2,0.9993679997191109,0.0,24d4a4d8fd1e3b66f0b0999b405ca9d9311c378203c4fa9e3500c5fe6883338c
locked,credit_card_fraud,single_model,confidence_distortion,1.0,primary,3,0.999403110845827,1.232595164407831e-32,6e4d2f633f279f6efc81f58f50caa81c25e3cf06814397f9fac2a406ed28786e
locked,credit_card_fraud,mean_ensemble,confidence_distortion,1.0,primary,3,0.9993328885923949,1.232595164407831e-32,e326e01c40fa682c65f8b262b1a724313a84648671d4788360df1389ac77cd79
locked,credit_card_fraud,static_weighted_ensemble,confidence_distortion,1.0,primary,3,0.999403110845827,1.232595164407831e-32,3c5c203b1b630cfa14c2d5583ab47c735e1d0593e370ceea4e95a60e09224a0e
locked,credit_card_fraud,veto_mavs,confidence_distortion,1.0,primary,3,0.9993328885923949,1.232595164407831e-32,28e41f0f3204427036f55025cbf4704c5e49bb1aacf39cceb1d1107389c9c439
locked,credit_card_fraud,pure_mavs_gc,confidence_distortion,1.0,primary,3,0.9993679997191109,0.0,72a585540024634a518399f4b799ba009b221bd2b2cc6cc0b43515f3c426d3a3
locked,credit_card_fraud,single_model,confidence_distortion,1.0,shadow,2,0.999403110845827,0.0,6ca4b4e234d1ab0b23f3a1b8ebdf6e57103425e1cb4226bddd1a1681093dab83
locked,credit_card_fraud,mean_ensemble,confidence_distortion,1.0,shadow,2,0.9993328885923949,0.0,ccf77c086d8eba147f586db6712c09a73e3fd0382845f5c6bc33e9bf40c092ee
locked,credit_card_fraud,static_weighted_ensemble,confidence_distortion,1.0,shadow,2,0.999403110845827,0.0,8a8262270b1145a14383d2aa3bc80ada871c447a6d73b3ad53cac13aafec260a
locked,credit_card_fraud,veto_mavs,confidence_distortion,1.0,shadow,2,0.9993328885923949,0.0,e1dbda70bc9dc7b44acb5ba54d3c6c8580b14f1b1679cb399c9239acd6af3962
locked,credit_card_fraud,pure_mavs_gc,confidence_distortion,1.0,shadow,2,0.9993679997191109,0.0,e48c63faed3fee0fc03ffc421714f0f8175083df61e73a8fc82b7342f7758aa9
locked,credit_card_fraud,single_model,adversarial_confidence_inflation,0.0,primary,3,0.999403110845827,1.232595164407831e-32,732449732852a4d5b17935d666bd81c7c23b1f293f0f40f12efdb15b2685603e
locked,credit_card_fraud,mean_ensemble,adversarial_confidence_inflation,0.0,primary,3,0.9993328885923949,1.232595164407831e-32,96c051b8b646264fd5f1cf6b0c44ede82d4412488d48e9b69013d5aacdeae98e
locked,credit_card_fraud,static_weighted_ensemble,adversarial_confidence_inflation,0.0,primary,3,0.999403110845827,1.232595164407831e-32,8623edef9b1529722f40f9808b02c0bd59966c444e27e302e6f347d3365d0463
locked,credit_card_fraud,veto_mavs,adversarial_confidence_inflation,0.0,primary,3,0.9993328885923949,1.232595164407831e-32,285b05f5138ae18ca5a53a31d5153d24e06dcad25e0802bcbbea5f742a3e022d
locked,credit_card_fraud,pure_mavs_gc,adversarial_confidence_inflation,0.0,primary,3,0.9993679997191109,0.0,7f1c907407918a21ceea51faa463cdbdbb8377f8d5361db6e69595f578f3c5a8
locked,credit_card_fraud,single_model,adversarial_confidence_inflation,0.0,shadow,2,0.999403110845827,0.0,79ddadf9ce542f95063f69845e7a2f6ebfdb8245fb265a0871c5fd0bded5dd33
locked,credit_card_fraud,mean_ensemble,adversarial_confidence_inflation,0.0,shadow,2,0.9993328885923949,0.0,8bc8a1ed17c709fe4430a1d05905d36c6c4593fe8a2109780846758f6480f132
locked,credit_card_fraud,static_weighted_ensemble,adversarial_confidence_inflation,0.0,shadow,2,0.999403110845827,0.0,06035d49d01d20fe5fc3f57e41e13dda3ed6d016aa23e5a315c70706435592bf
locked,credit_card_fraud,veto_mavs,adversarial_confidence_inflation,0.0,shadow,2,0.9993328885923949,0.0,70c57c56afc5ffbefaf09d28bf1c732b450845d36c82003457c6ea5b6d7f3a81
locked,credit_card_fraud,pure_mavs_gc,adversarial_confidence_inflation,0.0,shadow,2,0.9993679997191109,0.0,0b799bae1ee5d8a368ec05ac356b1f2ed973eeb4100ec584609a0e48f69bd7ff
locked,credit_card_fraud,single_model,adversarial_confidence_inflation,0.05,primary,3,0.999403110845827,1.232595164407831e-32,b03b291bd5b47c05382dfca2b71cc6299342d06c7e7d275414c51d8edaf95573
locked,credit_card_fraud,mean_ensemble,adversarial_confidence_inflation,0.05,primary,3,0.9993328885923949,1.232595164407831e-32,198a9930e861b9330c11c47dc3ba6dd53515036bba9ee1668b82a27fabb915f7
locked,credit_card_fraud,static_weighted_ensemble,adversarial_confidence_inflation,0.05,primary,3,0.999403110845827,1.232595164407831e-32,3abee17f20e286da6e281656b9489d5c9fe0bcaaa303dab50c25ae14f1d5b220
locked,credit_card_fraud,veto_mavs,adversarial_confidence_inflation,0.05,primary,3,0.9993328885923949,1.232595164407831e-32,0351d7675c72c0915cd1cf98787ee422dcd4fe7a5cd3b87cbcb7f759df09e0e7
locked,credit_card_fraud,pure_mavs_gc,adversarial_confidence_inflation,0.05,primary,3,0.9993679997191109,0.0,60e175aa92fc9b6878cc132ee1124c246fc3634429e0894fbdc54f70bec4fd36
locked,credit_card_fraud,single_model,adversarial_confidence_inflation,0.05,shadow,2,0.999403110845827,0.0,e69ec5051549cb399124ab2ad5d9ff3d69ba9235968cbfe1d1f0cf5f564170b4
locked,credit_card_fraud,mean_ensemble,adversarial_confidence_inflation,0.05,shadow,2,0.9993328885923949,0.0,ea7eb52d4441686e844bdda38e2f20169650a4e6ba06c9e763c61cc0343577da
locked,credit_card_fraud,static_weighted_ensemble,adversarial_confidence_inflation,0.05,shadow,2,0.999403110845827,0.0,00730537ad4edc7684421de674867a9b46d06973308fa72379746f32008c4c50
locked,credit_card_fraud,veto_mavs,adversarial_confidence_inflation,0.05,shadow,2,0.9993328885923949,0.0,de1cedc410746cd9798f0d19864614577882869955212d6027595322347d4e3e
locked,credit_card_fraud,pure_mavs_gc,adversarial_confidence_inflation,0.05,shadow,2,0.9993679997191109,0.0,3856b0d48c3c21738547b9718bbb722599cb8f6f4c8f2ea1c94cd035121f4453
locked,credit_card_fraud,single_model,adversarial_confidence_inflation,0.1,primary,3,0.999403110845827,1.232595164407831e-32,4f1f5f84b01102d001efe1301870f99ee5ddde45c370de74d51492b74af8fe23
locked,credit_card_fraud,mean_ensemble,adversarial_confidence_inflation,0.1,primary,3,0.9993328885923949,1.232595164407831e-32,6e5a256a1659029663d37ae8a14598cf0f1f67f81f07d21373dc649a760d12d8
locked,credit_card_fraud,static_weighted_ensemble,adversarial_confidence_inflation,0.1,primary,3,0.999403110845827,1.232595164407831e-32,20a522eaa95a93775dd75e395f13cf3cd7a6786ab6031c79123ea8dafbf1c234
locked,credit_card_fraud,veto_mavs,adversarial_confidence_inflation,0.1,primary,3,0.9993328885923949,1.232595164407831e-32,a52ce4d56fb799250141c88392fb048be72849c02e127e49f45555573f8b4778
locked,credit_card_fraud,pure_mavs_gc,adversarial_confidence_inflation,0.1,primary,3,0.9993679997191109,0.0,ff20807279f7b89d38f4974c788c601c81c11657b2a4bc4d869af41a7c8f20f0
locked,credit_card_fraud,single_model,adversarial_confidence_inflation,0.1,shadow,2,0.999403110845827,0.0,3bdac6403fd5fa8ef27fdfd235665f175be7a771d6c7a546af9d7cee04d680b8
locked,credit_card_fraud,mean_ensemble,adversarial_confidence_inflation,0.1,shadow,2,0.9993328885923949,0.0,06b5702152ad1ed65a7b0ebd48c7ab7849cd70cdae597cb8ec4fd3648803aad2
locked,credit_card_fraud,static_weighted_ensemble,adversarial_confidence_inflation,0.1,shadow,2,0.999403110845827,0.0,a276d83aaf26ad1884bb6127f0dc2e7f642a888649c8e2fc739139a414746028
locked,credit_card_fraud,veto_mavs,adversarial_confidence_inflation,0.1,shadow,2,0.9993328885923949,0.0,2abea27523bd0d649a82fb90e3a6813b08125abb3dd0ad26ce60673f23b1e7f4
locked,credit_card_fraud,pure_mavs_gc,adversarial_confidence_inflation,0.1,shadow,2,0.9993679997191109,0.0,6846ae06a92dc058c2d082669518264ec41387cc5a37f6074dfab1bd8d22f064
locked,credit_card_fraud,single_model,adversarial_confidence_inflation,0.2,primary,3,0.999403110845827,1.232595164407831e-32,93e0d20c96e5a499b924c21bbe23d1271ab2c1fd86fbdaa0c0cd71cc5c2affff
locked,credit_card_fraud,mean_ensemble,adversarial_confidence_inflation,0.2,primary,3,0.9993328885923949,1.232595164407831e-32,1c79dd010d7ea54e8cc92bf9ab0c0fad6f41de40e14f62e182150510a3550035
locked,credit_card_fraud,static_weighted_ensemble,adversarial_confidence_inflation,0.2,primary,3,0.999403110845827,1.232595164407831e-32,e88818a35be9a043a7a4e426d333ee4477184e222ffd51e3094042ba1c5ef04b
locked,credit_card_fraud,veto_mavs,adversarial_confidence_inflation,0.2,primary,3,0.9993328885923949,1.232595164407831e-32,6155cfa6264903f37767514e1c4d67ba6c36e451be8f71e0777ca612eb35d7c4
locked,credit_card_fraud,pure_mavs_gc,adversarial_confidence_inflation,0.2,primary,3,0.9993679997191109,0.0,1c0906f6e44babf66e70a84a0b2274ce3142ba4723e4a76a16a93ad30fc76e6f
locked,credit_card_fraud,single_model,adversarial_confidence_inflation,0.2,shadow,2,0.999403110845827,0.0,3c6b14df86d4cf9c29babab61df7993b057f83190f61c2a1883c3be12e8127a6
locked,credit_card_fraud,mean_ensemble,adversarial_confidence_inflation,0.2,shadow,2,0.9993328885923949,0.0,767b9aa61d20bc538630a53b06f76a14264881ddad882ff43f4f5a8cfa8f60b1
locked,credit_card_fraud,static_weighted_ensemble,adversarial_confidence_inflation,0.2,shadow,2,0.999403110845827,0.0,503c4a5c579b6500cb6b5dc5e5b9f264e09c23323ff791651e81136513cd4c1c
locked,credit_card_fraud,veto_mavs,adversarial_confidence_inflation,0.2,shadow,2,0.9993328885923949,0.0,2271b61aa0fdf83c8ce4fdb8c69922582252b6a929f4d36aff297b05b160832a
locked,credit_card_fraud,pure_mavs_gc,adversarial_confidence_inflation,0.2,shadow,2,0.9993679997191109,0.0,5492bc146c8476cd4efd45f09dbc2b217b545dc03d1b10aeec85242461c83f71
locked,credit_card_fraud,single_model,adversarial_confidence_inflation,0.4,primary,3,0.999403110845827,1.232595164407831e-32,c7d5cd670e74f56b00154a7fc3bf0ec0058b6af254ad337a5b0e4fba2461857c
locked,credit_card_fraud,mean_ensemble,adversarial_confidence_inflation,0.4,primary,3,0.9993328885923949,1.232595164407831e-32,756ceb20daaf8bec2a91fcd7935482abb32f5aa47892e1ed63df479f64cdb1f2
locked,credit_card_fraud,static_weighted_ensemble,adversarial_confidence_inflation,0.4,primary,3,0.999403110845827,1.232595164407831e-32,7d1fa8e35536711c8f3773caa5d9023a35e7d91180a0b40c5a8af39a2eef240e
locked,credit_card_fraud,veto_mavs,adversarial_confidence_inflation,0.4,primary,3,0.9993328885923949,1.232595164407831e-32,af4a512fae408fc948a66303c5ea7f8a8e6805413c6a5d7d962945fb82df2bcb
locked,credit_card_fraud,pure_mavs_gc,adversarial_confidence_inflation,0.4,primary,3,0.9993679997191109,0.0,7ee0ffa06f9985fe404937f33f8a1acee552e00d2b88df5404acd5702efc5c83
locked,credit_card_fraud,single_model,adversarial_confidence_inflation,0.4,shadow,2,0.999403110845827,0.0,79af15988709befe4e7e19c9d2e3edd8a3d7ba8864518aae7ec884aea3366016
locked,credit_card_fraud,mean_ensemble,adversarial_confidence_inflation,0.4,shadow,2,0.9993328885923949,0.0,25e4fd669f3c090f54ffe98b89484d3591155916f61af5927b5cc58ecb5f9913
locked,credit_card_fraud,static_weighted_ensemble,adversarial_confidence_inflation,0.4,shadow,2,0.999403110845827,0.0,89742aaf07edf73a3fc41a31110a94f363590e64fcd1c6485af0fb8bfa7000ca
locked,credit_card_fraud,veto_mavs,adversarial_confidence_inflation,0.4,shadow,2,0.9993328885923949,0.0,466c438a2d15f3f32ddc45e9923e8871f28d83076bb76c22062f04ee231afc58
locked,credit_card_fraud,pure_mavs_gc,adversarial_confidence_inflation,0.4,shadow,2,0.9993679997191109,0.0,4be5b9d5cf85f6301ca3c693a9ba27c1c84e8a576f6c0cc66374860501560636
locked,credit_card_fraud,single_model,adversarial_confidence_inflation,0.6,primary,3,0.999403110845827,1.232595164407831e-32,87e4299f6969563bcf42ad4decb48ce7546f7af283420dd6a8c2f39957a7af04
locked,credit_card_fraud,mean_ensemble,adversarial_confidence_inflation,0.6,primary,3,0.9993328885923949,1.232595164407831e-32,6367bb3036f673b2941e7af661b799467cc837faee41105102748e9ddee981cc
locked,credit_card_fraud,static_weighted_ensemble,adversarial_confidence_inflation,0.6,primary,3,0.999403110845827,1.232595164407831e-32,4da6a7a567f87f9be71da45ae146f665d18455a0bd3529d8590c8186e5134c7e
locked,credit_card_fraud,veto_mavs,adversarial_confidence_inflation,0.6,primary,3,0.9993328885923949,1.232595164407831e-32,570321da6fbf860d8a9afc94a31fa5ce41d5a8826db0f1f88e771cbf28e84034
locked,credit_card_fraud,pure_mavs_gc,adversarial_confidence_inflation,0.6,primary,3,0.9993679997191109,0.0,179dacccca7a6103e16b1b5750f835df878547dee1f9ea5a6689bd3e08de30ed
locked,credit_card_fraud,single_model,adversarial_confidence_inflation,0.6,shadow,2,0.999403110845827,0.0,9d57a1fb8fc27e17e3b20c5890f409afd26a19fb19d6685f4d2abaa57523bb6d
locked,credit_card_fraud,mean_ensemble,adversarial_confidence_inflation,0.6,shadow,2,0.9993328885923949,0.0,83ad597315b823ce99ab294d4a786586e1afa1ad27be60a39bb5ee07d202c2e5
locked,credit_card_fraud,static_weighted_ensemble,adversarial_confidence_inflation,0.6,shadow,2,0.999403110845827,0.0,0c788fbb71529c9150d3efc214282a767317b5c362e7dd8a25daf4e1c411b17a
locked,credit_card_fraud,veto_mavs,adversarial_confidence_inflation,0.6,shadow,2,0.9993328885923949,0.0,16a986145c854989d5fd4e6c3e4684b5ec1ed18925cd87ea4fd156510093648b
locked,credit_card_fraud,pure_mavs_gc,adversarial_confidence_inflation,0.6,shadow,2,0.9993679997191109,0.0,0b85366d6d7bb77dd1779dd048d7946c2925e3a04c37a6975a8259ae680c6473
locked,credit_card_fraud,single_model,adversarial_confidence_inflation,0.8,primary,3,0.999403110845827,1.232595164407831e-32,5de8703753bce3a1f040f738745e829db80d16ae8ae9c4ff0951837acf22c27a
locked,credit_card_fraud,mean_ensemble,adversarial_confidence_inflation,0.8,primary,3,0.9993328885923949,1.232595164407831e-32,02f249be7dbe71899a4cd5475599b5fa2a8fd16d54a63976c791ab4cb322190c
locked,credit_card_fraud,static_weighted_ensemble,adversarial_confidence_inflation,0.8,primary,3,0.999403110845827,1.232595164407831e-32,e357339aa6bee975742ea25782f5a059516790a895adebca26114e315cef4652
locked,credit_card_fraud,veto_mavs,adversarial_confidence_inflation,0.8,primary,3,0.9993328885923949,1.232595164407831e-32,03798198a00a7b612b932c98ca40658c7f7f4f58ea8af453d510b3fc990f5d42
locked,credit_card_fraud,pure_mavs_gc,adversarial_confidence_inflation,0.8,primary,3,0.9993679997191109,0.0,fa78de06ccabcb80f42a6cc6dcedfbcc3c9bfed0e59ab009f9c17dcd6f9c24fe
locked,credit_card_fraud,single_model,adversarial_confidence_inflation,0.8,shadow,2,0.999403110845827,0.0,e4ddefdc8b2806de8bb28800d391f1d59a5aaabdd8661e17c4c9107be48b2881
locked,credit_card_fraud,mean_ensemble,adversarial_confidence_inflation,0.8,shadow,2,0.9993328885923949,0.0,f945abf1b1764a987b7db701e0237ea15524049401edd66a64af5adb786e586b
locked,credit_card_fraud,static_weighted_ensemble,adversarial_confidence_inflation,0.8,shadow,2,0.999403110845827,0.0,91a22f4551123d8d33f0b2050b9ad450672cca6049277e56bf9d74ee09d6fcf5
locked,credit_card_fraud,veto_mavs,adversarial_confidence_inflation,0.8,shadow,2,0.9993328885923949,0.0,aa74cfa68d93a88e763261c46eaa957c1640c076eab79b27c5da4f5711463c19
locked,credit_card_fraud,pure_mavs_gc,adversarial_confidence_inflation,0.8,shadow,2,0.9993679997191109,0.0,844cb35c9b6bb8766e54ac1539e6e300e1490b3b69fd7e59a77dac4df64ecbd6
locked,credit_card_fraud,single_model,adversarial_confidence_inflation,1.0,primary,3,0.999403110845827,1.232595164407831e-32,8d55fed82c4b1bca2a60dc3167a1703a9ddc6f7caffff19795c826b4382cc3d0
locked,credit_card_fraud,mean_ensemble,adversarial_confidence_inflation,1.0,primary,3,0.9993328885923949,1.232595164407831e-32,8587cc252451da9c7fee50d0bd06ad59225190cd21e28d2afbf7d90e576d2f23
locked,credit_card_fraud,static_weighted_ensemble,adversarial_confidence_inflation,1.0,primary,3,0.999403110845827,1.232595164407831e-32,6910e97bb3e18891c8ba220e36e59a2d2c1f7278efb5e412b16405a54143bb4f
locked,credit_card_fraud,veto_mavs,adversarial_confidence_inflation,1.0,primary,3,0.9993328885923949,1.232595164407831e-32,cc2900c751426bd922565cd8acce0fd9d9f10b95e1d86a1bf548eb124bd380e0
locked,credit_card_fraud,pure_mavs_gc,adversarial_confidence_inflation,1.0,primary,3,0.9993679997191109,0.0,d981c45c9e60515b1f2543e8a6cab861a44a29b611315388c47f7f66e1bbf6d3
locked,credit_card_fraud,single_model,adversarial_confidence_inflation,1.0,shadow,2,0.999403110845827,0.0,9d720ea4065798cbf73e6710ec777a6bc26dae6f398e780fc854356593f8780a
locked,credit_card_fraud,mean_ensemble,adversarial_confidence_inflation,1.0,shadow,2,0.9993328885923949,0.0,6161f2d17ab2237189e6c93bb9a3ccd3c118fa0657a30b544616c0c601b7e702
locked,credit_card_fraud,static_weighted_ensemble,adversarial_confidence_inflation,1.0,shadow,2,0.999403110845827,0.0,1c33aaeda8587d7843e171e69f98363c96113f3119f3a068700cbb7562414575
locked,credit_card_fraud,veto_mavs,adversarial_confidence_inflation,1.0,shadow,2,0.9993328885923949,0.0,7fa964821a5c90c83776f8355db6f4db77bc5bb87a8d6a3672f930ce5afc6906
locked,credit_card_fraud,pure_mavs_gc,adversarial_confidence_inflation,1.0,shadow,2,0.9993679997191109,0.0,15c678384bb0eb43e1d536e9c506487e44475df4e4f9afdfd143db9aab4986a7
locked,credit_card_fraud,single_model,distribution_shift,0.0,primary,3,0.999403110845827,1.232595164407831e-32,87d743ccf36807609b6dca0d8c280efe59e982a1f3946c416d7cd342a87bf7d7
locked,credit_card_fraud,mean_ensemble,distribution_shift,0.0,primary,3,0.9993328885923949,1.232595164407831e-32,018e0e3475dd6f01d99137739c2d6a389d305b0332acdf5e584811a29f2625b2
locked,credit_card_fraud,static_weighted_ensemble,distribution_shift,0.0,primary,3,0.999403110845827,1.232595164407831e-32,c90b6caed2fb5cc63ff269e9b82960135a40ddddeee590269b5fede6ab82a1a1
locked,credit_card_fraud,veto_mavs,distribution_shift,0.0,primary,3,0.9993328885923949,1.232595164407831e-32,9b265fc8ff1b0a410d262fe3e55ad1a8d8c3b5bc3db0536847cadebbed465ae9
locked,credit_card_fraud,pure_mavs_gc,distribution_shift,0.0,primary,3,0.9993679997191109,0.0,85d97ee50e94c26eb26c9eb387a7818a4e0889823b6fdff386281a349b59e394
locked,credit_card_fraud,single_model,distribution_shift,0.0,shadow,2,0.999403110845827,0.0,c837b983af5339fd395eb0c79b98fed5e045b311357dba2c385c41e06616be6a
locked,credit_card_fraud,mean_ensemble,distribution_shift,0.0,shadow,2,0.9993328885923949,0.0,57656b7722e1a975ef732006adbc31bf4497dc93ec91328373eb0a0cf2eaf770
locked,credit_card_fraud,static_weighted_ensemble,distribution_shift,0.0,shadow,2,0.999403110845827,0.0,17945d6a1e638dd253638919d9cfc1968e67340d8962499e54afb61e101f5a07
locked,credit_card_fraud,veto_mavs,distribution_shift,0.0,shadow,2,0.9993328885923949,0.0,ea72be176e52d32d14d4eb5971b32aa39e0699e3ad2690b5868a4571f01f0afe
locked,credit_card_fraud,pure_mavs_gc,distribution_shift,0.0,shadow,2,0.9993679997191109,0.0,97275263b2a16e8a40bfeed7060428db0b2d27bdae0a200ca75ca6f88cbbe73b
locked,credit_card_fraud,single_model,distribution_shift,0.05,primary,3,0.9993830744665408,0.0,2489354d3ca2e99d0c485d252850b0546b27e65845c3d2c3ea095be9ed6324dc
locked,credit_card_fraud,mean_ensemble,distribution_shift,0.05,primary,3,0.9993104949920163,0.0,b44508181a0294d640b79ca69196aafe8386cf2373cc62c41eefaf437201a484
locked,credit_card_fraud,static_weighted_ensemble,distribution_shift,0.05,primary,3,0.9993830744665408,0.0,2e6216c30762af5a27bf6c1cace936ddff8c7ce46ce6b941691cdc40f384f1f6
locked,credit_card_fraud,veto_mavs,distribution_shift,0.05,primary,3,0.9993104949920163,0.0,6a3e13e525d122c4f8c4f6c04145d4e8605682a1fb39639b59e1ded41f1db796
locked,credit_card_fraud,pure_mavs_gc,distribution_shift,0.05,primary,3,0.9993467847292785,0.0,c4801e04729303b46364665ed2c7d987a7c50ef2122e59670fd28c16b30b2025
locked,credit_card_fraud,single_model,distribution_shift,0.05,shadow,2,0.9993830744665408,0.0,e38c5bc20ad0757817f2d47a6b3342dd0b59be584fadf2b1ce63852ec21b80a0
locked,credit_card_fraud,mean_ensemble,distribution_shift,0.05,shadow,2,0.9993104949920163,0.0,0127edb39b85cba268fe149e9a04de8fba6661e5f463ee76958f82c3484c2b41
locked,credit_card_fraud,static_weighted_ensemble,distribution_shift,0.05,shadow,2,0.9993830744665408,0.0,7e518884e7466d4c78bd31eaae75a31dbe16a786927ec514eb1f854c88e409a9
locked,credit_card_fraud,veto_mavs,distribution_shift,0.05,shadow,2,0.9993104949920163,0.0,bf7f4ff8e23733997a41df9c51140379dbab79183ed182fe850c7148339a2d4a
locked,credit_card_fraud,pure_mavs_gc,distribution_shift,0.05,shadow,2,0.9993467847292785,0.0,ec4ee3e99c75305fba4b6ba659b27045e607b9bc2956bca815a122c0104cab28
locked,credit_card_fraud,single_model,distribution_shift,0.1,primary,3,0.999361622230567,0.0,adc9d720be8d8d3c8892bbe88563fd59f5941826bca10ad624bd6a11b3852b93
locked,credit_card_fraud,mean_ensemble,distribution_shift,0.1,primary,3,0.9992865189635749,0.0,ff20168846ae0a1b4291f351b9c6e570311625e46c0a67918aaa4e1c141df8fd
locked,credit_card_fraud,static_weighted_ensemble,distribution_shift,0.1,primary,3,0.999361622230567,0.0,a441b4f758f9b1b9d1399b6d5ceda31f76adda6ccd4632e4698b72d84476de8d
locked,credit_card_fraud,veto_mavs,distribution_shift,0.1,primary,3,0.9992865189635749,0.0,e89b3cc7757988e2d47ee4123d2e9061e60c5743807a85a831ab2ae6dbb7f150
locked,credit_card_fraud,pure_mavs_gc,distribution_shift,0.1,primary,3,0.999324070597071,0.0,b76704f4723a1e73bd8fbf8f452545cbbdd453d7a2b8443f52298385e4b975ff
locked,credit_card_fraud,single_model,distribution_shift,0.1,shadow,2,0.999361622230567,0.0,f79ec6d09fa3c149b380b36f4c6f54edaebc6c47349fac48d75ad3a221a1d96b
locked,credit_card_fraud,mean_ensemble,distribution_shift,0.1,shadow,2,0.9992865189635749,0.0,8a58493a1c2bc1461a5cb12bda9b3746a9950f720bb228f58d0523fdaf8c6fb3
locked,credit_card_fraud,static_weighted_ensemble,distribution_shift,0.1,shadow,2,0.999361622230567,0.0,7c5827285858df3c094c443b381f6c46c30db344b64816b60eb20b6d34371c0d
locked,credit_card_fraud,veto_mavs,distribution_shift,0.1,shadow,2,0.9992865189635749,0.0,952a1b75f6f83f00b5c53970f41b32108740172248823be3e1730979edeb3a63
locked,credit_card_fraud,pure_mavs_gc,distribution_shift,0.1,shadow,2,0.999324070597071,0.0,1ed12f59c32e07d9cc898629ba68343a7ca4feff9096d220ce41e11120fd2810
locked,credit_card_fraud,single_model,distribution_shift,0.2,primary,3,0.9993139351870536,0.0,a011bd08b725de9433e34e52a9e024fd7af97772bca87ee45fbfee9e5ccab22d
locked,credit_card_fraud,mean_ensemble,distribution_shift,0.2,primary,3,0.9992332216796481,0.0,69215535b66bee7eb0ed358506e95838d6e634f9b17a2a54487d0f1a4715d6a9
locked,credit_card_fraud,static_weighted_ensemble,distribution_shift,0.2,primary,3,0.9993139351870536,0.0,f8e542d40121d92582da3ab6340cafb1a9cf1a4dc14dd10bc1f145ca09946f22
locked,credit_card_fraud,veto_mavs,distribution_shift,0.2,primary,3,0.9992332216796481,0.0,2bd6ff17b33f67774898ccf0ed11e957c6d7ceed846c1bc3d2ff61c4706d3d60
locked,credit_card_fraud,pure_mavs_gc,distribution_shift,0.2,primary,3,0.9992735784333509,1.232595164407831e-32,5aecafa538b84c77ff8c57ed11c58c822daa501835888c6d05387101daaf119f
locked,credit_card_fraud,single_model,distribution_shift,0.2,shadow,2,0.9993139351870536,0.0,11dbf80a3fce036bdd019bb374789400e02c737e83caa23af43435bcf4c321ca
locked,credit_card_fraud,mean_ensemble,distribution_shift,0.2,shadow,2,0.9992332216796481,0.0,8eb085e521cbe57cadbb3760e1631a8dcd6332e216d77521a3f952b3bce5f520
locked,credit_card_fraud,static_weighted_ensemble,distribution_shift,0.2,shadow,2,0.9993139351870536,0.0,2559d687c13fada62ae01fd2fd8352fa74a5e7c98630d632387fe278667f2687
locked,credit_card_fraud,veto_mavs,distribution_shift,0.2,shadow,2,0.9992332216796481,0.0,5fc7b2db6f894443d025dc0d8ac8727ca12a438785344e4fb60b31ffb8ad4a10
locked,credit_card_fraud,pure_mavs_gc,distribution_shift,0.2,shadow,2,0.9992735784333509,0.0,8672da2d0f3b169581e5b008a7c5b48574e9a1b39a8d3a22bdfa5e22e8882e30
locked,credit_card_fraud,single_model,distribution_shift,0.4,primary,3,0.9992408426646422,1.232595164407831e-32,5362a9a438de33fe0453ab88b2664bb97ab40a733ae2a423b4946e479df8d3fe
locked,credit_card_fraud,mean_ensemble,distribution_shift,0.4,primary,3,0.9991459479977225,0.0,80434b25fc7a1c83d52f7841d64d7401fc46ff7447ade85155658654c2956851
locked,credit_card_fraud,static_weighted_ensemble,distribution_shift,0.4,primary,3,0.9992408426646422,1.232595164407831e-32,57da34702aa5076633ee7c70cac299d9588515cfc6216aa54e82904f7eac020a
locked,credit_card_fraud,veto_mavs,distribution_shift,0.4,primary,3,0.9991459479977225,0.0,6ee4cf8e3c997b1dcf42792c6c0afbaf2b4ef6325062292d5d9d39682b79c3e4
locked,credit_card_fraud,pure_mavs_gc,distribution_shift,0.4,primary,3,0.9991933953311823,0.0,2c53a5844fd015e0e7972a133f74a44cef22346a9cdf0185dd6de9d36200f4d2
locked,credit_card_fraud,single_model,distribution_shift,0.4,shadow,2,0.9992408426646422,0.0,4831636879d960da43c30993eb5e35ec427dc421c4369f36b013b0825a63e34e
locked,credit_card_fraud,mean_ensemble,distribution_shift,0.4,shadow,2,0.9991459479977225,0.0,4859b15ec2c0bba01f50640d745206a7bd28913658ab555f28daf7c8f3a3fc7f
locked,credit_card_fraud,static_weighted_ensemble,distribution_shift,0.4,shadow,2,0.9992408426646422,0.0,0768f7b7241b1b5ede3e6d1043fa416f391055bf3fec76c67831e020910b5811
locked,credit_card_fraud,veto_mavs,distribution_shift,0.4,shadow,2,0.9991459479977225,0.0,d48f08d7a6cfa79ca3ced40b21fb2dfcde99ba9e35da4daed8978f6d294a4eed
locked,credit_card_fraud,pure_mavs_gc,distribution_shift,0.4,shadow,2,0.9991933953311823,0.0,3cca8d7262cead7794ee04d05f84de50d571c037ed53a5fe4e0a87871525a3b6
locked,credit_card_fraud,single_model,distribution_shift,0.6,primary,3,0.9991941982272361,0.0,82cb33e0372838e4bd674f24d4261ba322d36ab3d2e8d0ece559bb6dfad40521
locked,credit_card_fraud,mean_ensemble,distribution_shift,0.6,primary,3,0.9990790836882698,0.0,268c0a3b7b2d9d351655aeebd1629e06b37c472a3d00d976b1bd9ba5af2e2760
locked,credit_card_fraud,static_weighted_ensemble,distribution_shift,0.6,primary,3,0.9991941982272361,0.0,8a2cd9c264237cb4cb400b8afa49c2b955b53e1972d41186c0e1e08ca9151b02
locked,credit_card_fraud,veto_mavs,distribution_shift,0.6,primary,3,0.9990790836882698,0.0,2918b54b5b67ddecb883fbef02e3a0918925127d06b3588d298a1ceb4bca38d9
locked,credit_card_fraud,pure_mavs_gc,distribution_shift,0.6,primary,3,0.999136640957753,0.0,f7df3c32365ba8ea09e3b2aea1084d96b292d8f3b3ae82640d28b036c0021e87
locked,credit_card_fraud,single_model,distribution_shift,0.6,shadow,2,0.9991941982272361,0.0,b77a0b28450235af41569940ade7b6c6a2c892749fd4cc77e61c5a47795b8595
locked,credit_card_fraud,mean_ensemble,distribution_shift,0.6,shadow,2,0.9990790836882698,0.0,d94b261fae033ca66955c0d816335b1d6c898db6741ad77be2b898e31b553902
locked,credit_card_fraud,static_weighted_ensemble,distribution_shift,0.6,shadow,2,0.9991941982272361,0.0,ad0ef6c239c1366126e287183008004264d40c99771970b2bf0a558ebe29b757
locked,credit_card_fraud,veto_mavs,distribution_shift,0.6,shadow,2,0.9990790836882698,0.0,95be4874405027fd8676e6251eaf7da96f4d77ab3562d97934dba5267163f706
locked,credit_card_fraud,pure_mavs_gc,distribution_shift,0.6,shadow,2,0.999136640957753,0.0,ef50726545fd1bc9e9f0334c96392731d176f90faff28b798f10aa825c3239e0
locked,credit_card_fraud,single_model,distribution_shift,0.8,primary,3,0.999122229536976,0.0,987958a61d577db2a54ffac83c4a6ba71ebf2478903f4115b3d5cfb5b09d6494
locked,credit_card_fraud,mean_ensemble,distribution_shift,0.8,primary,3,0.9989759344598055,1.232595164407831e-32,ab9a08ec7012d4aa2fc2d31f39103fb08a7d0ab409bf103ca181aa8d1290ec98
locked,credit_card_fraud,static_weighted_ensemble,distribution_shift,0.8,primary,3,0.999122229536976,0.0,2416dc46d3f16b2bc41d5a9c0c9f8cd4ee7ea98c2a412924653b07da45b09445
locked,credit_card_fraud,veto_mavs,distribution_shift,0.8,primary,3,0.9989759344598055,1.232595164407831e-32,22743fe2ef245d5b5353541596b6c588513c6d865ec3c5cd59214eeded491525
locked,credit_card_fraud,pure_mavs_gc,distribution_shift,0.8,primary,3,0.9990490819983907,0.0,aaf57002527dd1f1d99180c294fa6017ab6b23de8052b9c8fedc8fee1ffdcac4
locked,credit_card_fraud,single_model,distribution_shift,0.8,shadow,2,0.999122229536976,0.0,606ad68034672dd3f6c48faa8c22040b07e2bdf054c685d8147f7c64f9f6d4b6
locked,credit_card_fraud,mean_ensemble,distribution_shift,0.8,shadow,2,0.9989759344598055,0.0,a765b5308e58c369db1f9a8e98a277a8bc9ec4846cc06fd93a93c3ebdc468298
locked,credit_card_fraud,static_weighted_ensemble,distribution_shift,0.8,shadow,2,0.999122229536976,0.0,55907aad6ddb062898f269c559072a79ff16235a4146af7f0df2c9a7bec2f6fb
locked,credit_card_fraud,veto_mavs,distribution_shift,0.8,shadow,2,0.9989759344598055,0.0,4c57c99950d6a81b2a2cd069317a677def3ceb1e3fff29d96b222c23094d3c40
locked,credit_card_fraud,pure_mavs_gc,distribution_shift,0.8,shadow,2,0.9990490819983907,0.0,e1e1a8968139fabe1ba455fbf0eae24b92d88edd991049cee15803fd2e6462c6
locked,credit_card_fraud,single_model,distribution_shift,1.0,primary,3,0.9989968903601164,0.0,288d08999853476ec05e39f59d15a57ff581972279f98d8a1b350d8d3ee56d23
locked,credit_card_fraud,mean_ensemble,distribution_shift,1.0,primary,3,0.9987962684321396,0.0,73cf1f0a3bb92bad633929ebec7fd3dfbefac936a5a653126172dec729aa7cd5
locked,credit_card_fraud,static_weighted_ensemble,distribution_shift,1.0,primary,3,0.9989968903601164,0.0,1bb7fc37468cb635822cbf8a5fc4db3733b10138f3ec2f42802258a929f6b703
locked,credit_card_fraud,veto_mavs,distribution_shift,1.0,primary,3,0.9987962684321396,0.0,efe508cd73bd93d18f15ea4d0bdf0f8be3cd608497baa6337568ef57fae3e44e
locked,credit_card_fraud,pure_mavs_gc,distribution_shift,1.0,primary,3,0.998896579396128,1.232595164407831e-32,886e762b043445d11e77af849182f9c26a00890d65dbd8d2ae34186685dd5c71
locked,credit_card_fraud,single_model,distribution_shift,1.0,shadow,2,0.9989968903601164,0.0,3a02b28c61e0533368625d7e5812f9c96bd4b68bf9a81a6066ade70178bcf389
locked,credit_card_fraud,mean_ensemble,distribution_shift,1.0,shadow,2,0.9987962684321396,0.0,2e7ef85e2b6ed82681a6c2e08c6781657c0a0ab64e9d10165449f73331f602d3
locked,credit_card_fraud,static_weighted_ensemble,distribution_shift,1.0,shadow,2,0.9989968903601164,0.0,b43b5c64af5f616b2c4c67636acd0d735d1c0a4f6bda6c1eb8f4a5e0e4f3c0f3
locked,credit_card_fraud,veto_mavs,distribution_shift,1.0,shadow,2,0.9987962684321396,0.0,05f50010fc403b37d2620731c00f8ad43bb6451335747a1ab300afec731ef01e
locked,credit_card_fraud,pure_mavs_gc,distribution_shift,1.0,shadow,2,0.998896579396128,0.0,376b51d03589364341950b20de300959d1ab74c15a091ab3b6d9922fb2114d12
locked,credit_card_fraud,single_model,synthetic_sensor_failure,0.0,primary,3,0.999403110845827,1.232595164407831e-32,ed7cde0fc4099fe489594992a7d219ae78d57ae14eca587085cdf3c626c96194
locked,credit_card_fraud,mean_ensemble,synthetic_sensor_failure,0.0,primary,3,0.9993328885923949,1.232595164407831e-32,038bcc6749d1917c56ce9840de620a756ecba77a7a37482fef29b59b1f9ee1d0
locked,credit_card_fraud,static_weighted_ensemble,synthetic_sensor_failure,0.0,primary,3,0.999403110845827,1.232595164407831e-32,3a3b587606f91fc8e76e158b07c847c02174b267f752867b1b5d90a727703464
locked,credit_card_fraud,veto_mavs,synthetic_sensor_failure,0.0,primary,3,0.9993328885923949,1.232595164407831e-32,96e5edc4f395037d3b3b08b3e7ee61f670b78200f4c3391a7857aae7338d6af0
locked,credit_card_fraud,pure_mavs_gc,synthetic_sensor_failure,0.0,primary,3,0.9993679997191109,0.0,ad6e7655e10efbc5a8360799ca16bc48a3ceb31d567da321bda7a18ddb26eaf7
locked,credit_card_fraud,single_model,synthetic_sensor_failure,0.0,shadow,2,0.999403110845827,0.0,c3fd20abe7cb26c1050db206b3dc9c2cf66a88b0d307596b3fbc3d9c91772d41
locked,credit_card_fraud,mean_ensemble,synthetic_sensor_failure,0.0,shadow,2,0.9993328885923949,0.0,f37d7cb84b981ee0fc89d9538935a8d6b1998c5594920f88155cc3560b049bc5
locked,credit_card_fraud,static_weighted_ensemble,synthetic_sensor_failure,0.0,shadow,2,0.999403110845827,0.0,55c44f7fcdc030148764b49760db93fab8c623d5ad5b99c074b9452b6045f08d
locked,credit_card_fraud,veto_mavs,synthetic_sensor_failure,0.0,shadow,2,0.9993328885923949,0.0,a1fb6179989756e052bb487f234e139c698b73cb0fa3e815ba177f7c004a4a76
locked,credit_card_fraud,pure_mavs_gc,synthetic_sensor_failure,0.0,shadow,2,0.9993679997191109,0.0,91f8e59520aaa728f1bfe28dc58659162da015ae8d651b938468fb65cb95873d
locked,credit_card_fraud,single_model,synthetic_sensor_failure,0.05,primary,3,0.9991573329588147,0.0,efafe58e934d54e6d12d0abf143aaf441c66a2ed153b0bb54500964364177c5f
locked,credit_card_fraud,mean_ensemble,synthetic_sensor_failure,0.05,primary,3,0.9991222218320986,0.0,c4964e4c5efe730f4f2e30c614a6da5ab730e96bb41574a13364e5a2394962b7
locked,credit_card_fraud,static_weighted_ensemble,synthetic_sensor_failure,0.05,primary,3,0.9991573329588147,0.0,14a1769c9679db561623dd246042d9739efa8afe0266b33cf2394edc2bd790fa
locked,credit_card_fraud,veto_mavs,synthetic_sensor_failure,0.05,primary,3,0.9991222218320986,0.0,c0ab411e0ae9a6e34298e3c25c0ccc3d36742ec15c9871f7c843250c6bf3309e
locked,credit_card_fraud,pure_mavs_gc,synthetic_sensor_failure,0.05,primary,3,0.9990871107053826,0.0,29653d56744e258da565ba4b00599dae3be8d4d49fe191454217f8af88cf6514
locked,credit_card_fraud,single_model,synthetic_sensor_failure,0.05,shadow,2,0.9991573329588147,0.0,a74484b85953c5901de22d9ea0eac51346705f7953f09759772d045a344c6717
locked,credit_card_fraud,mean_ensemble,synthetic_sensor_failure,0.05,shadow,2,0.9991222218320986,0.0,5e509786a1a82048770d57ecbbc0585acf7a98ff1a5842beed6a4334eb693bf5
locked,credit_card_fraud,static_weighted_ensemble,synthetic_sensor_failure,0.05,shadow,2,0.9991573329588147,0.0,89f71cce613d72bf8df5067f9af53c720099b9b746ca9c04323002df2b7e8901
locked,credit_card_fraud,veto_mavs,synthetic_sensor_failure,0.05,shadow,2,0.9991222218320986,0.0,b283facc5186ef5fdee8f3bbff394a38b3acdabfa7f2bcabb80e0da1ab466743
locked,credit_card_fraud,pure_mavs_gc,synthetic_sensor_failure,0.05,shadow,2,0.9990871107053826,0.0,e0f20557298254c64c1a506ca5ad962810801053ce8c354f2dd4aa705f6a96bd
locked,credit_card_fraud,single_model,synthetic_sensor_failure,0.1,primary,3,0.9991573329588147,0.0,e0591536a51258d655df2afe6ac671430456448347226b9bc7f15913a8dbd56b
locked,credit_card_fraud,mean_ensemble,synthetic_sensor_failure,0.1,primary,3,0.9991222218320986,0.0,012b5f0c170ce287611abbaa98f8a7cd9d313b0df5856dbf14002b4a0ca65fac
locked,credit_card_fraud,static_weighted_ensemble,synthetic_sensor_failure,0.1,primary,3,0.9991573329588147,0.0,79728ff2a5ac2c608f5bd2ed39e62d240813d9b3845a3e4ff0f269f3064fde5d
locked,credit_card_fraud,veto_mavs,synthetic_sensor_failure,0.1,primary,3,0.9991222218320986,0.0,12bafc09c8b0e0304124b4b307820c77cc996f5eed959bf924febaee65eeea4b
locked,credit_card_fraud,pure_mavs_gc,synthetic_sensor_failure,0.1,primary,3,0.9990871107053826,0.0,10fd2634cf9fe5872a73420cbfabf59edd2b675dba09291f77b4ba1693ff6cc2
locked,credit_card_fraud,single_model,synthetic_sensor_failure,0.1,shadow,2,0.9991573329588147,0.0,6904242ca1d32c74e4586a9d2225d9338cebb4aa60ca8e60551cfcdcec8c3f14
locked,credit_card_fraud,mean_ensemble,synthetic_sensor_failure,0.1,shadow,2,0.9991222218320986,0.0,7b40fe06c9e161d25f2fac38fdabaf11f3f6400a9c287638724cf44244480d44
locked,credit_card_fraud,static_weighted_ensemble,synthetic_sensor_failure,0.1,shadow,2,0.9991573329588147,0.0,3aa3cf253f2be5140a146d2c772acf8480d7ab54f981da4c6536508c9b014a61
locked,credit_card_fraud,veto_mavs,synthetic_sensor_failure,0.1,shadow,2,0.9991222218320986,0.0,be4194b5a9746f8a018572b7729276198e614adfd4eba096357b80ca3941c2a7
locked,credit_card_fraud,pure_mavs_gc,synthetic_sensor_failure,0.1,shadow,2,0.9990871107053826,0.0,fdcfe3dd7e103c492abc018cdd75f2f9bb27309af7c9a434a40c6d46e1822b70
locked,credit_card_fraud,single_model,synthetic_sensor_failure,0.2,primary,3,0.9991573329588147,0.0,817fccd7627d11bed0eac1aa030162292ba45d7bbea115554019367e43c075a1
locked,credit_card_fraud,mean_ensemble,synthetic_sensor_failure,0.2,primary,3,0.9991222218320986,0.0,6695152c0539bd5c0a4cbcc5d6191ca668516049a9598e71638fd2f64c17621c
locked,credit_card_fraud,static_weighted_ensemble,synthetic_sensor_failure,0.2,primary,3,0.9991573329588147,0.0,5888f01319ec7306859106f70454065aeaa6883a834f298a0c02365c22ecdfa4
locked,credit_card_fraud,veto_mavs,synthetic_sensor_failure,0.2,primary,3,0.9991222218320986,0.0,1105d4ec9f9a712f16fbefc48a74eb12a1c9e1031966e27f03b00f6afd6f003b
locked,credit_card_fraud,pure_mavs_gc,synthetic_sensor_failure,0.2,primary,3,0.9990871107053826,0.0,3b6e2e340e884f0b03d2ad8de335e18d12a05ef7bb367bbaac88f0de9ad08219
locked,credit_card_fraud,single_model,synthetic_sensor_failure,0.2,shadow,2,0.9991573329588147,0.0,bf018b8867bc9fdb26cf94499f48f32e554609d99d9f5f20ba8cef0713fb19fb
locked,credit_card_fraud,mean_ensemble,synthetic_sensor_failure,0.2,shadow,2,0.9991222218320986,0.0,9d52e4c0e30d2766020518f1a7a3ba641404c737657eef52212ce1a08606b08a
locked,credit_card_fraud,static_weighted_ensemble,synthetic_sensor_failure,0.2,shadow,2,0.9991573329588147,0.0,532a47a4a8b052d400911e91a7ce5d645b4eafab873b4211c0fb2bdc2efde3ae
locked,credit_card_fraud,veto_mavs,synthetic_sensor_failure,0.2,shadow,2,0.9991222218320986,0.0,c07e713e986b5f3e0a71555af7980838e9edf3b08a914a3671aa75d5570190c9
locked,credit_card_fraud,pure_mavs_gc,synthetic_sensor_failure,0.2,shadow,2,0.9990871107053826,0.0,fa9d5632c3c9dcae82cf04bbe61dfcd1266f22fdaad9412655b3be4b8fd80eba
locked,credit_card_fraud,single_model,synthetic_sensor_failure,0.4,primary,3,0.9982795547909132,0.0,606a475d86be2897220a93110bfea377e1c7bc5a070a8902b415a85c553af68f
locked,credit_card_fraud,mean_ensemble,synthetic_sensor_failure,0.4,primary,3,0.9982795547909132,0.0,6e51befd69b6d952ba5c46d667f24f649adba5dbce1831b069de317bb79aa1f3
locked,credit_card_fraud,static_weighted_ensemble,synthetic_sensor_failure,0.4,primary,3,0.9982795547909132,0.0,e47cf9b45843126bc95c5c79fd7afccf777119c684a145588125d2f7ec2f1e5e
locked,credit_card_fraud,veto_mavs,synthetic_sensor_failure,0.4,primary,3,0.9982795547909132,0.0,953fa9332b27fc2ef21b08321a473d4145221b799cef977f1531d28fc3fe7adb
locked,credit_card_fraud,pure_mavs_gc,synthetic_sensor_failure,0.4,primary,3,0.9982795547909132,0.0,5f430d89bae34f7d28639b00b74baafea5d6f481c80833c9d576582fe610ddf9
locked,credit_card_fraud,single_model,synthetic_sensor_failure,0.4,shadow,2,0.9982795547909132,0.0,193666b36b14abf60c31af3a37656440634c48ba12c86299db13af3aa1836560
locked,credit_card_fraud,mean_ensemble,synthetic_sensor_failure,0.4,shadow,2,0.9982795547909132,0.0,76271cc272d2fcfa9a2fc5b7b9bf2df30a69abb3b08f677cec9dd4074bbf905f
locked,credit_card_fraud,static_weighted_ensemble,synthetic_sensor_failure,0.4,shadow,2,0.9982795547909132,0.0,e7d3574f685c7a23bc96f0d470f9055d1ca459a068e3e9413c573f9b0e09f027
locked,credit_card_fraud,veto_mavs,synthetic_sensor_failure,0.4,shadow,2,0.9982795547909132,0.0,4be1b6e49b7a1a688d9f31badbd623701235b1d09d871caa3a201c559bccf80e
locked,credit_card_fraud,pure_mavs_gc,synthetic_sensor_failure,0.4,shadow,2,0.9982795547909132,0.0,835a011b1b28d9f6f9f26f3e98d6736e248f5c9eebb941044e12b6f60f489656
locked,credit_card_fraud,single_model,synthetic_sensor_failure,0.6,primary,3,0.9982795547909132,0.0,4bcea7e1d3cf094cf946aa49ba9afe68af8804a39b53fa4a1c01e6d7d7f6129f
locked,credit_card_fraud,mean_ensemble,synthetic_sensor_failure,0.6,primary,3,0.9982795547909132,0.0,3c457b43c4f21b1cc9e230b69060e00161002045d2f4336e1ee1a0623cd8baf3
locked,credit_card_fraud,static_weighted_ensemble,synthetic_sensor_failure,0.6,primary,3,0.9982795547909132,0.0,3facdfda730dc05847633719544698a0c40a47d0bbeee2f71f4b7f229262f136
locked,credit_card_fraud,veto_mavs,synthetic_sensor_failure,0.6,primary,3,0.9982795547909132,0.0,0250b73bb77d62dea7dcb9585953bb260088d48abcf66a298126bf9afb1a82ff
locked,credit_card_fraud,pure_mavs_gc,synthetic_sensor_failure,0.6,primary,3,0.9982795547909132,0.0,1ff46ff7499a3376b5129e8a22597e0cb05a58aa1cbeec3d162aad50be710523
locked,credit_card_fraud,single_model,synthetic_sensor_failure,0.6,shadow,2,0.9982795547909132,0.0,ac603b0dcf6a479fcf63e014f7c6b5a6d55e1fbb452d7e1494728cea1e9a0904
locked,credit_card_fraud,mean_ensemble,synthetic_sensor_failure,0.6,shadow,2,0.9982795547909132,0.0,c9f496a8428f02bc1669f8ab5ff580f8b4d8b8b530302c2007af4bde6b424fe6
locked,credit_card_fraud,static_weighted_ensemble,synthetic_sensor_failure,0.6,shadow,2,0.9982795547909132,0.0,a5c131d74270bdb51119f45650d063484d1a6c8b8a77f198930e052e6f3c97b9
locked,credit_card_fraud,veto_mavs,synthetic_sensor_failure,0.6,shadow,2,0.9982795547909132,0.0,8aafebd9c7275ae3028579c5dc84ecf544829db2ea7a3fcbf1f1ceb5beec9bdf
locked,credit_card_fraud,pure_mavs_gc,synthetic_sensor_failure,0.6,shadow,2,0.9982795547909132,0.0,09a994784afaaac0fa9f8b16723ba8b1703c075ed9df0088d161dce8e6575d2a
locked,credit_card_fraud,single_model,synthetic_sensor_failure,0.8,primary,3,0.9982795547909132,0.0,a50c11b0e7dd83bbd41fbb855fd902ee81c0ef13ee53a8c493b7155422acfc92
locked,credit_card_fraud,mean_ensemble,synthetic_sensor_failure,0.8,primary,3,0.9982795547909132,0.0,e32f2cae0719057f63b9b5cae3a5e030811cab252702d49038d7cdb21be2d2f5
locked,credit_card_fraud,static_weighted_ensemble,synthetic_sensor_failure,0.8,primary,3,0.9982795547909132,0.0,3f1d65ac264cf21f1f770b79cf5e2a675c8e7c428bff828d5d0e021c3473a1f1
locked,credit_card_fraud,veto_mavs,synthetic_sensor_failure,0.8,primary,3,0.9982795547909132,0.0,8cc06188784fabd73b68f55eaff8443d5c41690d7efacb4029260d9989fabd2d
locked,credit_card_fraud,pure_mavs_gc,synthetic_sensor_failure,0.8,primary,3,0.9982795547909132,0.0,9196685351385a4d5c7639397b1115b480bc2e43ac83844e4d19fa64d6cb4f27
locked,credit_card_fraud,single_model,synthetic_sensor_failure,0.8,shadow,2,0.9982795547909132,0.0,86f48c32741d8a9c9ce5896254d14c1c755c0a3a26cfcf88009d7bad6ffd1701
locked,credit_card_fraud,mean_ensemble,synthetic_sensor_failure,0.8,shadow,2,0.9982795547909132,0.0,21096c700a11015638133708af614ead43bdb5b1bfe53b469f1d52ac1e6683e5
locked,credit_card_fraud,static_weighted_ensemble,synthetic_sensor_failure,0.8,shadow,2,0.9982795547909132,0.0,75c6aec04a5fc17a436aa8426780e1dd4beddc3a7951ffb660a061316db0537a
locked,credit_card_fraud,veto_mavs,synthetic_sensor_failure,0.8,shadow,2,0.9982795547909132,0.0,d099d5e78dfffe6193172a0b081878c4b6ab48431e1e4cb553d3234d435a0e71
locked,credit_card_fraud,pure_mavs_gc,synthetic_sensor_failure,0.8,shadow,2,0.9982795547909132,0.0,0cb68cda9a3a1045b79155b61c1856925c9159bceb41aa0c58a2efa1d684c9b3
locked,credit_card_fraud,single_model,synthetic_sensor_failure,1.0,primary,3,0.9982795547909132,0.0,983e629a817e9c2d2f21f59a3efd0375dc7f5f7a943540b12dd1a4cc33248767
locked,credit_card_fraud,mean_ensemble,synthetic_sensor_failure,1.0,primary,3,0.9982795547909132,0.0,23518b0eb8015fa4557c4e2ef0af6221c68b98abb65c8763e8669c384ebc72d8
locked,credit_card_fraud,static_weighted_ensemble,synthetic_sensor_failure,1.0,primary,3,0.9982795547909132,0.0,bf953334c19ec3114197a227d6b0e8fd36c3ff36cc768a7f3a7ec788b94cd7de
locked,credit_card_fraud,veto_mavs,synthetic_sensor_failure,1.0,primary,3,0.9982795547909132,0.0,d67afbb1773e09282359453501cb82997d8e0502a909a27fdd2797122ad4f599
locked,credit_card_fraud,pure_mavs_gc,synthetic_sensor_failure,1.0,primary,3,0.9982795547909132,0.0,081dd42b74a9e74cfd5b1100d56f19c88ba327972417c0572ddeaf6d16fc37bb
locked,credit_card_fraud,single_model,synthetic_sensor_failure,1.0,shadow,2,0.9982795547909132,0.0,595289566a8ec667627c413c4a4cfd1609cfad7bfda8b57757fd75116d0971b2
locked,credit_card_fraud,mean_ensemble,synthetic_sensor_failure,1.0,shadow,2,0.9982795547909132,0.0,5f0176f14bb0f2cabba7421c8cb2ba735ed39f5dcccf661d2c75d54195feb9a0
locked,credit_card_fraud,static_weighted_ensemble,synthetic_sensor_failure,1.0,shadow,2,0.9982795547909132,0.0,02c30a808e29a0582367ba6e9aa2702f3bfea19913aac8639fc656938411a08a
locked,credit_card_fraud,veto_mavs,synthetic_sensor_failure,1.0,shadow,2,0.9982795547909132,0.0,3c5d5cda3ded9f71fe4df36c2a6e293647fb068c50e7ded77b995e9dd9d34cc9
locked,credit_card_fraud,pure_mavs_gc,synthetic_sensor_failure,1.0,shadow,2,0.9982795547909132,0.0,684cccbb9ae7c46343f1c7865eb7c6682dd0650603b2cd76fd93b0437cf6e18e
locked,credit_card_fraud,single_model,specialist_failure,0.0,primary,3,0.999403110845827,1.232595164407831e-32,236128347bb1ae44c6f6c459dadf85e48bc2f464bdba55fa41f5217c66a61200
locked,credit_card_fraud,mean_ensemble,specialist_failure,0.0,primary,3,0.9993328885923949,1.232595164407831e-32,88bfbadb2537d4134401ea9d7c340717065b25fd26a7fb820e73f3696b6de4ef
locked,credit_card_fraud,static_weighted_ensemble,specialist_failure,0.0,primary,3,0.999403110845827,1.232595164407831e-32,dfa48d7dead82dbf3732e35ed8d82640761ba825fc35c0c5c521afc403f0334d
locked,credit_card_fraud,veto_mavs,specialist_failure,0.0,primary,3,0.9993328885923949,1.232595164407831e-32,b2ecc9a218914a4a78a1ca36022bd3674b2d326c64c9124b2df892c831a0950a
locked,credit_card_fraud,pure_mavs_gc,specialist_failure,0.0,primary,3,0.9993679997191109,0.0,38f6bf4fa21331a98ac4fd0aba64bbaee7cc19a325ac6cc7d7e04aad86c4262d
locked,credit_card_fraud,single_model,specialist_failure,0.0,shadow,2,0.999403110845827,0.0,eea287ed693634336b491494bc8d04e52311d4b0faae82ed7af86931455a03a2
locked,credit_card_fraud,mean_ensemble,specialist_failure,0.0,shadow,2,0.9993328885923949,0.0,4d2f6b3f1166f806a7e935b71144b39201842cf1fb121ae9f12b952fe9e32ca2
locked,credit_card_fraud,static_weighted_ensemble,specialist_failure,0.0,shadow,2,0.999403110845827,0.0,cf372ca74bbbc7711ae6a71d1f494fb80c1566e341f8288961988dbdb64929e0
locked,credit_card_fraud,veto_mavs,specialist_failure,0.0,shadow,2,0.9993328885923949,0.0,9a5f84a9dad0851b1e5f8e32993730021359bbd4cfa7c1eeda9b4c4412bae55c
locked,credit_card_fraud,pure_mavs_gc,specialist_failure,0.0,shadow,2,0.9993679997191109,0.0,3f56447ecba30cbfbf4d3450e1336456fb1eb9de6005f799965ba51bd4e0821e
locked,credit_card_fraud,single_model,specialist_failure,0.05,primary,3,0.999403110845827,1.232595164407831e-32,90d6a34a0ce7e6dca628987c7357c90e6991af23f22128374bb3b8acdd2f55b3
locked,credit_card_fraud,mean_ensemble,specialist_failure,0.05,primary,3,0.9993328885923949,1.232595164407831e-32,ff841580d060a8f51cfc4cb7ab1158575b47438ca587d581bc077a809bd7f982
locked,credit_card_fraud,static_weighted_ensemble,specialist_failure,0.05,primary,3,0.999403110845827,1.232595164407831e-32,47e6089ca6c05fe0cd3265115e19eedad3caebfc33dc1c3c7588c23bea5a4e2f
locked,credit_card_fraud,veto_mavs,specialist_failure,0.05,primary,3,0.9993328885923949,1.232595164407831e-32,6e475889343495b784fc2bd52b6225155046347a8977f0fffd587e20dce6d80c
locked,credit_card_fraud,pure_mavs_gc,specialist_failure,0.05,primary,3,0.9993679997191109,0.0,3ca6019609fa80fa8b89dac1f34857bf80b5f4eecc896de798d374b6c5366dfa
locked,credit_card_fraud,single_model,specialist_failure,0.05,shadow,2,0.999403110845827,0.0,dae26be312a5738cb4f9d73b9099e607c4001f9e2fa25e6cd48cadc28fa7eb48
locked,credit_card_fraud,mean_ensemble,specialist_failure,0.05,shadow,2,0.9993328885923949,0.0,0d0468fd0711b51ea97b6c2a7e628660b2939d07119f00af2f40be4650dfd3a5
locked,credit_card_fraud,static_weighted_ensemble,specialist_failure,0.05,shadow,2,0.999403110845827,0.0,e451fb525767f29b8304c41c2875cfb4351549b0fb9849b06f8c10cc333cc303
locked,credit_card_fraud,veto_mavs,specialist_failure,0.05,shadow,2,0.9993328885923949,0.0,f434deb6d782b2e72ee19461d31b3b71bb573cb12084afdb2f12c219acb1bad3
locked,credit_card_fraud,pure_mavs_gc,specialist_failure,0.05,shadow,2,0.9993679997191109,0.0,0dd0e64d53243f327ae52938e1ebe03816b549f08c1b48170f60defe6b3fc042
locked,credit_card_fraud,single_model,specialist_failure,0.1,primary,3,0.999403110845827,1.232595164407831e-32,ecaf6c1ae790f1680a83265efd45cb0a28a40e96427566b8dad28f091fd57f97
locked,credit_card_fraud,mean_ensemble,specialist_failure,0.1,primary,3,0.9993328885923949,1.232595164407831e-32,9419af00b21e2ea6c6bfdfac9e815098b976f4a02cc1396973ce79060ec91af7
locked,credit_card_fraud,static_weighted_ensemble,specialist_failure,0.1,primary,3,0.999403110845827,1.232595164407831e-32,30e2e4e1a0fef7a3972bceeffa2346b8bb8023356c2413f1e5c38159b764967f
locked,credit_card_fraud,veto_mavs,specialist_failure,0.1,primary,3,0.9993328885923949,1.232595164407831e-32,f0c525379483211b3422561ecd58546d58633c330024ff104c5447f565168f92
locked,credit_card_fraud,pure_mavs_gc,specialist_failure,0.1,primary,3,0.9993679997191109,0.0,bc10ee6ee9114bcde4bb0c66a7d5a21ecb4de6ce01ee3cb9793394be126a8b2a
locked,credit_card_fraud,single_model,specialist_failure,0.1,shadow,2,0.999403110845827,0.0,74397f2b4e5c366d5fd2dec8621fe663b0111a2771f14ea50fe0cde7184dc78d
locked,credit_card_fraud,mean_ensemble,specialist_failure,0.1,shadow,2,0.9993328885923949,0.0,6f9fe1ce5ac95c2d2295aa3a80921e371bdaf60e040aaeedf6102a1ede373636
locked,credit_card_fraud,static_weighted_ensemble,specialist_failure,0.1,shadow,2,0.999403110845827,0.0,1a2c2148992a94775a70ad8297ac61154f858413bf95d32f5f558997b96b2a6c
locked,credit_card_fraud,veto_mavs,specialist_failure,0.1,shadow,2,0.9993328885923949,0.0,d7366e1f30991f58d134f1aeb1c5887fdb506696d97441b0ad749a48776f092a
locked,credit_card_fraud,pure_mavs_gc,specialist_failure,0.1,shadow,2,0.9993679997191109,0.0,77b8bd9a116e00aecaa722adfce388a1c1da7a5a1a02360eaa26e80e4252c6e0
locked,credit_card_fraud,single_model,specialist_failure,0.2,primary,3,0.999403110845827,1.232595164407831e-32,755d0d568090ed068a2b8b6f411b500c7ea7c6db4f056e94a2dbb4f1516282b6
locked,credit_card_fraud,mean_ensemble,specialist_failure,0.2,primary,3,0.9993328885923949,1.232595164407831e-32,1d6c249abd1db3f5c54899c1bd2ffa37c75cdb805e27af2c09d75d8aa1df3cb0
locked,credit_card_fraud,static_weighted_ensemble,specialist_failure,0.2,primary,3,0.999403110845827,1.232595164407831e-32,d03dfbb770f35dd336a89c78ea3eddeff833020e9db5c129aaef71ff6e066219
locked,credit_card_fraud,veto_mavs,specialist_failure,0.2,primary,3,0.9993328885923949,1.232595164407831e-32,47ed796dbf0c14ce25ba4731af4147adb1755262daf43963a8aae66e5f75b456
locked,credit_card_fraud,pure_mavs_gc,specialist_failure,0.2,primary,3,0.9993679997191109,0.0,2525dedf5b82443dca0661de2288b96e070b826a6fefea943035c2284b44c8be
locked,credit_card_fraud,single_model,specialist_failure,0.2,shadow,2,0.999403110845827,0.0,db61395098293e190f8fab7c48dcce4d7f7beaab000b2a0b82c39aeac9a14c06
locked,credit_card_fraud,mean_ensemble,specialist_failure,0.2,shadow,2,0.9993328885923949,0.0,381cd7d1d9f79ef09ae585323e6d30b49c7688178a30d57f568c618d9c12f524
locked,credit_card_fraud,static_weighted_ensemble,specialist_failure,0.2,shadow,2,0.999403110845827,0.0,26d32e6d403f7b8c295c4abb0d7ff75ee69396579c1516fefede2202c796cf67
locked,credit_card_fraud,veto_mavs,specialist_failure,0.2,shadow,2,0.9993328885923949,0.0,974f1c9f43e2f6b7367f90fa29a67d9215d91fef748c57486d5fb5705fe0669d
locked,credit_card_fraud,pure_mavs_gc,specialist_failure,0.2,shadow,2,0.9993679997191109,0.0,5dae865dbe77a33dd82c9da119c199698f53082b766cebcc3790f07951b0d41c
locked,credit_card_fraud,single_model,specialist_failure,0.4,primary,3,0.0017204452090867595,0.0,97767795ba0538376d40f78f287dd2fa6a055f45296a2b6844715dd25d23369b
locked,credit_card_fraud,mean_ensemble,specialist_failure,0.4,primary,3,0.9993328885923949,1.232595164407831e-32,df5d824e27cea7f06fdf9c2283489ed4fa6976897d51a0b40dd8d3518cbb79ab
locked,credit_card_fraud,static_weighted_ensemble,specialist_failure,0.4,primary,3,0.9993328885923949,1.232595164407831e-32,52d43aca8ef0bec08746acd569a2f65d830b6777bf9118e45949593037315c3a
locked,credit_card_fraud,veto_mavs,specialist_failure,0.4,primary,3,0.9993328885923949,1.232595164407831e-32,65e4f6cfa1c94de0da066842f8306997aaa1223b9361f1409b4fba984c3db173
locked,credit_card_fraud,pure_mavs_gc,specialist_failure,0.4,primary,3,0.9992275552122467,0.0,949983f92e2fa70749ed2f643f4e3a27b58dca7cef2f352bbb70adff6d617c83
locked,credit_card_fraud,single_model,specialist_failure,0.4,shadow,2,0.0017204452090867595,0.0,2c7b4782738b715094683f9536d92a6a844f9fbc06db384614722ff14341cec2
locked,credit_card_fraud,mean_ensemble,specialist_failure,0.4,shadow,2,0.9993328885923949,0.0,ef4d963c52e3b700455891565d5dee674840dc0838f3418a2fa46674d41b8b0d
locked,credit_card_fraud,static_weighted_ensemble,specialist_failure,0.4,shadow,2,0.9993328885923949,0.0,f52b75ec617c069d312cef5e163c9bf0bbc5448f7c38b9b18325b67c1852c227
locked,credit_card_fraud,veto_mavs,specialist_failure,0.4,shadow,2,0.9993328885923949,0.0,84d721cb6551d5d0399012b8b8d4d922c4395333e4613534c52c627c0add8359
locked,credit_card_fraud,pure_mavs_gc,specialist_failure,0.4,shadow,2,0.9992275552122467,0.0,136a1ac6e9f9f8b427b5ab5bfde79d79c30280f882670f0b6c7abf27bbee1444
locked,credit_card_fraud,single_model,specialist_failure,0.6,primary,3,0.0017204452090867595,0.0,daa1020f4bc18c542d3680c6b53c0b1d1a05158d6257a50d1b19e768cd8da89a
locked,credit_card_fraud,mean_ensemble,specialist_failure,0.6,primary,3,0.9993328885923949,1.232595164407831e-32,e83e06071194b1d91aa90ac8152846869a95de9eb4a21e931265797a192815a9
locked,credit_card_fraud,static_weighted_ensemble,specialist_failure,0.6,primary,3,0.9993328885923949,1.232595164407831e-32,1fb5ddce59c65691ed185b6cad5015cad622cafe2249ca266370a6cbb611440c
locked,credit_card_fraud,veto_mavs,specialist_failure,0.6,primary,3,0.9993328885923949,1.232595164407831e-32,ea719d0f202c9feede5913751a792f9a4011e23b97e01fcf81df6d35e4e17c76
locked,credit_card_fraud,pure_mavs_gc,specialist_failure,0.6,primary,3,0.9992275552122467,0.0,eb64022d56ace6a77040c030d7f34f91fe815de77126baaf2cf7f045d3df8eac
locked,credit_card_fraud,single_model,specialist_failure,0.6,shadow,2,0.0017204452090867595,0.0,34ab8991aa5079f9a3ba44e07dec30de786529bffea2e8a33c8cbb24175fb389
locked,credit_card_fraud,mean_ensemble,specialist_failure,0.6,shadow,2,0.9993328885923949,0.0,99b8f8b84d0a99da33deeeec2a37da453dcfa4cc070864a2dff36bee92de3859
locked,credit_card_fraud,static_weighted_ensemble,specialist_failure,0.6,shadow,2,0.9993328885923949,0.0,29e341d6a67aab0d4681737c844f6078db178b8cfeb10da0c3814bf25bcb7748
locked,credit_card_fraud,veto_mavs,specialist_failure,0.6,shadow,2,0.9993328885923949,0.0,b5a62e8b8a0e45954d5dba5bdd8ebd30c2433f0d3cc341a3bc4c5eb821876d09
locked,credit_card_fraud,pure_mavs_gc,specialist_failure,0.6,shadow,2,0.9992275552122467,0.0,903c1c758bed413ed9d0ae1f71a75e13da0aaf92249809dd03d6a9a388c0e3de
locked,credit_card_fraud,single_model,specialist_failure,0.8,primary,3,0.0017204452090867595,0.0,f5ca21fc2d30bfe0b03c447e9ed8e7d77fb4b9f58b683109ff9d19fd558d8e6d
locked,credit_card_fraud,mean_ensemble,specialist_failure,0.8,primary,3,0.0017204452090867595,0.0,1dfaaac31b98948da793c6e4dcfe778a755609a10b3c595d00591c560caca68d
locked,credit_card_fraud,static_weighted_ensemble,specialist_failure,0.8,primary,3,0.0017204452090867595,0.0,d4bd0b74b08fa84a8bb73b410709a02533d30da1dcaa2b38c57686fd55d1a6e1
locked,credit_card_fraud,veto_mavs,specialist_failure,0.8,primary,3,0.0017204452090867595,0.0,4b1f667b0be053dcc292b8a5942e3bdabaa295db3ae44fce20ca4a87465f676b
locked,credit_card_fraud,pure_mavs_gc,specialist_failure,0.8,primary,3,0.9982795547909132,0.0,052f1646d94e5fe7a37f548db98b6353194e48bafe69033b77367281154578dd
locked,credit_card_fraud,single_model,specialist_failure,0.8,shadow,2,0.0017204452090867595,0.0,265dfb533d417180c6c9d9262997cc12ed7baba6ca4e9f04f25dd264d538f60c
locked,credit_card_fraud,mean_ensemble,specialist_failure,0.8,shadow,2,0.0017204452090867595,0.0,b2ff63be483d29db369af6e17b4c42083d2dcdd979c6d04262cf992129b485df
locked,credit_card_fraud,static_weighted_ensemble,specialist_failure,0.8,shadow,2,0.0017204452090867595,0.0,88ea7cd49ce1bc772b5b748575e045be4f675cc438180f6826982af18dbba400
locked,credit_card_fraud,veto_mavs,specialist_failure,0.8,shadow,2,0.0017204452090867595,0.0,6dec5bc6d78faa899089c1f7425df8bd89ce35ee08c39481810e3bec91ab86b8
locked,credit_card_fraud,pure_mavs_gc,specialist_failure,0.8,shadow,2,0.9982795547909132,0.0,01e50b6d1f4f8d5a4b67ecf2df557c1fcc86ff0a70197b0b8d51c7da1dfee4b1
locked,credit_card_fraud,single_model,specialist_failure,1.0,primary,3,0.0017204452090867595,0.0,02f57ca25f2b0da311a70f16574ffceca1d53a5b1ed6744194706136622d903a
locked,credit_card_fraud,mean_ensemble,specialist_failure,1.0,primary,3,0.0017204452090867595,0.0,c94f1d0c01441e5934cd1ee0283d955458da0042ef73dc8f1dc3492bcb70a679
locked,credit_card_fraud,static_weighted_ensemble,specialist_failure,1.0,primary,3,0.0017204452090867595,0.0,f45daa7762cfd1418514379025c90370f400b3980112516514e85a2665fb1892
locked,credit_card_fraud,veto_mavs,specialist_failure,1.0,primary,3,0.0017204452090867595,0.0,4b38929d6d4079f14eba4bb52fb5de37db2161b30b31c9a6beb95a6ed61f5dc1
locked,credit_card_fraud,pure_mavs_gc,specialist_failure,1.0,primary,3,0.9982795547909132,0.0,07043c949bf6e506e9132ab0dd45c4cd18310c7064fb9280209f3e87231f253b
locked,credit_card_fraud,single_model,specialist_failure,1.0,shadow,2,0.0017204452090867595,0.0,c7d82ea21359fbe66c8b38372196ae94e801394e64e5ce7d01d1093d9932dfdc
locked,credit_card_fraud,mean_ensemble,specialist_failure,1.0,shadow,2,0.0017204452090867595,0.0,a8a36eaa5272fcd0c7ce67b9c89f9db33538aed6f3eed3ea86383b25004a78bf
locked,credit_card_fraud,static_weighted_ensemble,specialist_failure,1.0,shadow,2,0.0017204452090867595,0.0,cb7f0bc196e4d76ed3709de49a8ef866ee1cbe44326b896a02f7358a22383a9a
locked,credit_card_fraud,veto_mavs,specialist_failure,1.0,shadow,2,0.0017204452090867595,0.0,40e889625b1def163ac42b0b528d9edc09d4c8b80fa241a80bd77e4a029536cb
locked,credit_card_fraud,pure_mavs_gc,specialist_failure,1.0,shadow,2,0.9982795547909132,0.0,73ac6b952dcb94c60d43a6ad27d04f1dd7305d72b93b2ad5c42fc2ce152e3b98
locked,bank_marketing,single_model,feature_noise,0.0,primary,3,0.9044459190444591,0.0,c89bf5213d5cc50e6e888748f3c2250cb767a3edc03eb9eae745c1241d1ce963
locked,bank_marketing,mean_ensemble,feature_noise,0.0,primary,3,0.9082061490820615,0.0,248fb9701beb359c5579078de57586a1d728a91910815fdb5bffabedc16dd301
locked,bank_marketing,static_weighted_ensemble,feature_noise,0.0,primary,3,0.9066578190665782,0.0,b09258d72f86b052e4feb477eb1fed6e99561a7f44168f625663389db06f53b3
locked,bank_marketing,veto_mavs,feature_noise,0.0,primary,3,0.9082061490820615,0.0,867a66eebe091d5064a6c0a4db777f0b39de70965bd45d3146f6d79232b378db
locked,bank_marketing,pure_mavs_gc,feature_noise,0.0,primary,3,0.9059942490599425,0.0,e05381865589137636c43883bd88d0d1a0d6c177d313b10543ddc5fcfc1b7efd
locked,bank_marketing,single_model,feature_noise,0.0,shadow,2,0.9044459190444591,0.0,e78b87b1ed081d404c14b742745f4ce1a1661af9629aab41c8a0e123fe92829e
locked,bank_marketing,mean_ensemble,feature_noise,0.0,shadow,2,0.9082061490820615,0.0,833cd58af7fd9b4f01fdeb6681ab3c4281be82f81d9a79e810176bfd561c2021
locked,bank_marketing,static_weighted_ensemble,feature_noise,0.0,shadow,2,0.9066578190665782,0.0,f49ab86a971ab410976e1a31ff0bada31add46c89e366302d781c0b3abee546f
locked,bank_marketing,veto_mavs,feature_noise,0.0,shadow,2,0.9082061490820615,0.0,b91fced1ed33cb320650f2c3c66d4bbb40da3917c025fde49b85082d38b07ba4
locked,bank_marketing,pure_mavs_gc,feature_noise,0.0,shadow,2,0.9059942490599425,0.0,f71fe3d49c03663b19f381745226b0ee6bb655d11c39dd6bbfd7c062db0fa37a
locked,bank_marketing,single_model,feature_noise,0.05,primary,3,0.9054781390547814,3.729173523983588e-06,4831462e6f8de3eab75cff543356bf7412b5c7d22b562dbb35570d6c2049ec68
locked,bank_marketing,mean_ensemble,feature_noise,0.05,primary,3,0.9090171790901718,4.6750571875009883e-07,d863d6cd3ac14e36a93ae78b2d5aa618312bc732551789edf7eb2d48f836b23c
locked,bank_marketing,static_weighted_ensemble,feature_noise,0.05,primary,3,0.9081324190813241,3.0442232848844483e-07,858295135865d0d8ab6b38b4ea3769aa1aa38dac17b1b9fe43a4b9aa990010c1
locked,bank_marketing,veto_mavs,feature_noise,0.05,primary,3,0.9090171790901718,4.6750571875009883e-07,2d60ad5e65341cbda2d61b75788222555367bed35ea3ddecb92d884eaa16f607
locked,bank_marketing,pure_mavs_gc,feature_noise,0.05,primary,3,0.9059942490599425,2.9355010247099683e-07,70a76ef82b7130d8d852a2f25fd8d212b8fd33d94672c7e9452746bbad8b55f3
locked,bank_marketing,single_model,feature_noise,0.05,shadow,2,0.9045565140455651,5.993314592116042e-07,7c8810d93d52065c3a17f91c43b80f297cea8fee5d6f7c6d9d3a5e5ef593efdf
locked,bank_marketing,mean_ensemble,feature_noise,0.05,shadow,2,0.9079849590798496,1.761300614825981e-06,5f9cb01f7710bf72209e655483f4f5f4b94f96b2f4ae615159a7d39f319a9b4c
locked,bank_marketing,static_weighted_ensemble,feature_noise,0.05,shadow,2,0.9082061490820614,1.9570006831401425e-07,b5f610ea4834868825b3e3a444574d8aa2690b415f44d873c72af8914669967b
locked,bank_marketing,veto_mavs,feature_noise,0.05,shadow,2,0.9079849590798496,1.761300614825981e-06,0153af37beb7cf31d358ccaac3dc7d7efcc7b89db9a455df1bdb044e24c87c98
locked,bank_marketing,pure_mavs_gc,feature_noise,0.05,shadow,2,0.9059942490599424,4.4032515370649527e-07,d1fe06bba2305e76e988ae4cc223686d9b84c903fb9c9342ba1369a041c3e4c9
locked,bank_marketing,single_model,feature_noise,0.1,primary,3,0.9050357590503576,1.1198392797967585e-06,c6b2acf373535e4448ae604e0957ebff93a0d2dfeb6dc9c639790d9e9b76397c
locked,bank_marketing,mean_ensemble,feature_noise,0.1,primary,3,0.9067315490673155,2.3592730457854447e-06,e1437858bdd420e4796db1c71b4a51fd1841af9ad1ed67ef9d4671b27cb7eb64
locked,bank_marketing,static_weighted_ensemble,feature_noise,0.1,primary,3,0.9075425790754258,4.240168146803724e-07,81be9cd43f10da8b8a7de057e5d2e4c37a86a7e741362382360485a73f742d70
locked,bank_marketing,veto_mavs,feature_noise,0.1,primary,3,0.9067315490673155,2.3592730457854447e-06,cbe4b8b25b76e2519f17f8641e5b3e2c0571ba18ed1383b5689bd7638fe9e544
locked,bank_marketing,pure_mavs_gc,feature_noise,0.1,primary,3,0.9049620290496203,5.327390748548139e-07,b6a4bc1f984964573261b8ba1a68dbdbb80e999decde1a2e91c49d7d30f3f3cb
locked,bank_marketing,single_model,feature_noise,0.1,shadow,2,0.9019022340190224,5.393983132904695e-06,3ce298210bdff499968a4650d156cd6cf436fd37d233a7f330ada73f354a8138
locked,bank_marketing,mean_ensemble,feature_noise,0.1,shadow,2,0.9056624640566246,1.4799817666246317e-06,f92317d7b46b98ef9f613324cbfa6fc34639a988113f5269763b822bc25a900e
locked,bank_marketing,static_weighted_ensemble,feature_noise,0.1,shadow,2,0.9038929440389294,3.5348324839218304e-06,5197bbd3ecad956fa773d049086b68d3ff52820bdea707073205a852f4feba33
locked,bank_marketing,veto_mavs,feature_noise,0.1,shadow,2,0.9056624640566246,1.4799817666246317e-06,b2fcdebd792e4907c44ea990e7a6e07f130218bdf2e808641a42ce8fa52a9fd4
locked,bank_marketing,pure_mavs_gc,feature_noise,0.1,shadow,2,0.9048882990488829,1.9570006831401425e-07,a931e842c0ddffc14708b984e14ddbaa0368941ef8b3ec35ebf203d928afab31
locked,bank_marketing,single_model,feature_noise,0.2,primary,3,0.8986949789869498,3.3595178393902427e-06,3e46b754f2f06d9cba2bae01652f3e200b402df7c927f36f3eefbab42a23256e
locked,bank_marketing,mean_ensemble,feature_noise,0.2,primary,3,0.9044459190444591,2.0874673953493544e-06,cae5b8c34a453803b06bc280e11d8048af8f2965723015ba3da93e97d7576318
locked,bank_marketing,static_weighted_ensemble,feature_noise,0.2,primary,3,0.9020865590208657,5.327390748547538e-07,7798f4deb690e35d2404a5cee8a76da01eef1efba689b5791fada2c0c70ce40a
locked,bank_marketing,veto_mavs,feature_noise,0.2,primary,3,0.9044459190444591,2.0874673953493544e-06,c5e83069b89a438a663dff6364975127c9384fd2ef70a431867913e17d20cc1e
locked,bank_marketing,pure_mavs_gc,feature_noise,0.2,primary,3,0.9014967190149672,7.186541397530774e-06,f7b102a24ec83b0eeb02e1f3490860ff9f77a3cb63ae0971f8bcec475822f420
locked,bank_marketing,single_model,feature_noise,0.2,shadow,2,0.8973678389736783,5.919927066498796e-06,766b145df66cefb42722f58bcda11c0c31e5025155a11e96dc207740542bb00d
locked,bank_marketing,mean_ensemble,feature_noise,0.2,shadow,2,0.902676399026764,4.892501707850111e-06,823afd3f3eca799b1dc8d00c1e15f97fced9802043e5da0b5e730c4b968430b6
locked,bank_marketing,static_weighted_ensemble,feature_noise,0.2,shadow,2,0.9021234240212342,6.470333508631885e-06,33400efa9419dcb469066b6d79a4b71aeb04b0fc57dbe49d3732bedca55d2917
locked,bank_marketing,veto_mavs,feature_noise,0.2,shadow,2,0.902676399026764,4.892501707850111e-06,b6d533f79a4b502de7aa587c2e55525f21286016db56fbdf143bfa489881f42f
locked,bank_marketing,pure_mavs_gc,feature_noise,0.2,shadow,2,0.9033399690333996,7.828002732559588e-07,0d4f5653d591c5edc07c1f3366ccba24095a9a67b2071e145e5edcffb7e15a50
locked,bank_marketing,single_model,feature_noise,0.4,primary,3,0.8988424389884244,9.469708861194383e-06,f23f962d0c8167a8115c6835f188eacd2fc8516d81ee2112f8e8007c42c4c1b4
locked,bank_marketing,mean_ensemble,feature_noise,0.4,primary,3,0.9033399690333997,9.132669854653672e-07,58f1c0f3b83effc61e7bddf555225d4e12120ea1f5cec4cd613f39302d69afc4
locked,bank_marketing,static_weighted_ensemble,feature_noise,0.4,primary,3,0.9016441790164418,1.9678729091574813e-06,c0c312bdcc05a586b64839d49278e864dffc254675003f606d0ccf21bca61cbf
locked,bank_marketing,veto_mavs,feature_noise,0.4,primary,3,0.9033399690333997,9.132669854653672e-07,72788ce8688855b6ca5ba7d4fe60559ae1a8e7fe1d69afa9ee6160c62f9474de
locked,bank_marketing,pure_mavs_gc,feature_noise,0.4,primary,3,0.9005382290053823,2.424506401890236e-06,918e4e30e2de06106615c1c9b0119d4c2e91a753f53c52b9086176388af015dd
locked,bank_marketing,single_model,feature_noise,0.4,shadow,2,0.8927228489272285,0.0,493950d4faca5f57de6ecbe5cddae921988e92a7c5c185aca3d4067c31a13578
locked,bank_marketing,mean_ensemble,feature_noise,0.4,shadow,2,0.8991373589913736,4.403251537065689e-07,1bc75fd30bd4b947b86349937ad39bfc7d7ecfee3c5c0f61351601986bdfe22f
locked,bank_marketing,static_weighted_ensemble,feature_noise,0.4,shadow,2,0.8960406989604071,1.9570006831401425e-07,bcb8fd238d0fa87329fca65463156e01a08ea060e7df72b21c5ede30c0c814b2
locked,bank_marketing,veto_mavs,feature_noise,0.4,shadow,2,0.8991373589913736,4.403251537065689e-07,048bfbb1d00b422f2adf78c9e474b2474cf7947ea24083660518299fd1172b3d
locked,bank_marketing,pure_mavs_gc,feature_noise,0.4,shadow,2,0.8996903339969033,1.4799817666246317e-06,f28f6a4adc0cb175f98a2dbc5a253f01d9d2fa097f20ce5abffed36c364e1aa5
locked,bank_marketing,single_model,feature_noise,0.6,primary,3,0.8873405588734056,7.512708178054023e-06,ec3dc60295df38636e8d6f14f57d58580da4c026dbb12d6295c2dfe8969218fe
locked,bank_marketing,mean_ensemble,feature_noise,0.6,primary,3,0.8961144289611442,4.870757255815073e-06,3d125a2e9f1b093374cbb4db814468a26023b8929158092c0dd0de79b37c538f
locked,bank_marketing,static_weighted_ensemble,feature_noise,0.6,primary,3,0.8912482489124826,5.555707494914011e-06,7bfad0bbb3c9fa8038b7e96867c06ba9092a32474a12b1a8fcd02ca00c7d7437
locked,bank_marketing,veto_mavs,feature_noise,0.6,primary,3,0.8961144289611442,4.870757255815073e-06,61041a3fa83e1604f803793b9c017d1ee881b3a679901fb91cda68f3eb1a8333
locked,bank_marketing,pure_mavs_gc,feature_noise,0.6,primary,3,0.8955245889552459,1.7395561627912378e-07,72be0338036b98260f3c530dab927e295df494521b67bf3dc91197163e2fc22b
locked,bank_marketing,single_model,feature_noise,0.6,shadow,2,0.8819951338199513,2.7520322106656872e-06,16af52ef006d83160981607242f70e2afb8c2a10e7d827707c5cc02cade1e7f5
locked,bank_marketing,mean_ensemble,feature_noise,0.6,shadow,2,0.8898473788984738,4.4032515370649527e-07,6b101137dda55c3aeee4bf12bf386436b5947bbed6785134019e41e8f3593d87
locked,bank_marketing,static_weighted_ensemble,feature_noise,0.6,shadow,2,0.8865295288652952,1.223125426962405e-06,fe2b05a3da79638bb3e5725a41a86bab2c936818d4b15b90649ae28ae9b9feca
locked,bank_marketing,veto_mavs,feature_noise,0.6,shadow,2,0.8898473788984738,4.4032515370649527e-07,98c0ff615ef29d951e6be5a35a3928dbf5698c690ee31c46d7f2f3d0422d775e
locked,bank_marketing,pure_mavs_gc,feature_noise,0.6,shadow,2,0.893939393939394,1.4799817666246317e-06,ad2227da177112720365bdd06f0b410e2d6f7225baf67d355b597153c4051144
locked,bank_marketing,single_model,feature_noise,0.8,primary,3,0.8745852687458526,8.904353108287052e-06,26b7e61d16a0765c2d19658598a3502eed73706cfadb1b40a7e2ba0a5b14f016
locked,bank_marketing,mean_ensemble,feature_noise,0.8,primary,3,0.8839489788394898,4.348890406977003e-08,45f631c4cd491b2b566542d9874bec95e9fcda7214d85191d613024afd98cdff
locked,bank_marketing,static_weighted_ensemble,feature_noise,0.8,primary,3,0.8773132787731328,1.129624283212462e-05,4a5a5559d35b3ba653b786acde26fa87f5cbf54ea630b0d982623b37de7429ed
locked,bank_marketing,veto_mavs,feature_noise,0.8,primary,3,0.8839489788394898,4.348890406977003e-08,f1f9d020c2be8458688c22b334386474f4f682471988812e29ecdf65d8f4316c
locked,bank_marketing,pure_mavs_gc,feature_noise,0.8,primary,3,0.8907321389073214,6.849502390990253e-07,2d5a4ca15fcfcbf1cf318f89e865f5c4efd178ac2d75ad5e9d5decce3983b0aa
locked,bank_marketing,single_model,feature_noise,0.8,shadow,2,0.8711568237115682,1.6744587095116823e-05,f01ee417ddcf8ff792a086a1f84ca06a6dc1aaeeaad71a1717e80f5f784da16b
locked,bank_marketing,mean_ensemble,feature_noise,0.8,shadow,2,0.8839858438398585,6.4703335086316025e-06,e138eebd37bf8072db2b89c5903ce3ddd6c94af3e21d112da8cd8de63fcd0d35
locked,bank_marketing,static_weighted_ensemble,feature_noise,0.8,shadow,2,0.8773501437735014,1.3319835899621684e-05,5b7afa848f825bbeb5428c25e793e45d730a9d025f1b6d09b19fbd802562f3b1
locked,bank_marketing,veto_mavs,feature_noise,0.8,shadow,2,0.8839858438398585,6.4703335086316025e-06,ea80f0c27713b3d27e6940600bceb2433904eb69be5989b3b1262e1a3c247027
locked,bank_marketing,pure_mavs_gc,feature_noise,0.8,shadow,2,0.8878566688785667,1.7613006148261285e-06,c7f4659b082bb8d0a544a3b91b6a67c425b121fb069375676431b0c7ac931ae3
locked,bank_marketing,single_model,feature_noise,1.0,primary,3,0.8579960185799602,4.794651673693145e-06,163834bd0b4f59350249df786be2d3e811f21b48b011c668ca4d307f29c5381e
locked,bank_marketing,mean_ensemble,feature_noise,1.0,primary,3,0.8745852687458527,2.73980095639597e-06,21d056339e08908b9864debb0188f286b5a857f2b24d663420dc0558ade5ea3e
locked,bank_marketing,static_weighted_ensemble,feature_noise,1.0,primary,3,0.8666224286662243,9.785003415700222e-06,9bfaea3964710120b90e00b9b762041af0ab22875087a83c0bdf435424a1a152
locked,bank_marketing,veto_mavs,feature_noise,1.0,primary,3,0.8745852687458527,2.73980095639597e-06,98b11d8d23a54229af29d17f5ebff507200ed948f5e1822c97494feb565979aa
locked,bank_marketing,pure_mavs_gc,feature_noise,1.0,primary,3,0.8846862788468628,8.262891773257943e-07,b11dd6bfad056c07f6881c0a96b84a40667eecf5fe29b86cf529939e152a5936
locked,bank_marketing,single_model,feature_noise,1.0,shadow,2,0.8595443485954435,3.962926383358678e-06,d07a628cfefcf66bdf7f908698a4b87a960cff3455f01ce93ea1ac74b91ad56e
locked,bank_marketing,mean_ensemble,feature_noise,1.0,shadow,2,0.8731475337314754,1.2231254269622821e-08,3b0597244bd289d4cc90b457cdb8f5244b79afb9db16f487ef22f74e94ea94bb
locked,bank_marketing,static_weighted_ensemble,feature_noise,1.0,shadow,2,0.8638575536385755,1.1008128842664223e-07,c06bc795bd5d8aa45a10cb00364853c2acaed4b135d981c5ee902aad59d58289
locked,bank_marketing,veto_mavs,feature_noise,1.0,shadow,2,0.8731475337314754,1.2231254269622821e-08,a5ce52d1ee0a3e8b1c01ec8768213ff1dd2933f2f60686496808b4deb23baee1
locked,bank_marketing,pure_mavs_gc,feature_noise,1.0,shadow,2,0.8857553638575536,5.993314592116042e-07,b03ce0fbbd9e5555cdab6097db648ba81695d57572738f88cbba76915aa23b81
locked,bank_marketing,single_model,missing_features,0.0,primary,3,0.9044459190444591,0.0,71e224cdd76809371016d6e67682915338e529bbf32c7804c52a4f1becada026
locked,bank_marketing,mean_ensemble,missing_features,0.0,primary,3,0.9082061490820615,0.0,95b1f7092a66661f49a2b27ec49049388ce43a58969526c925a99cb924dad137
locked,bank_marketing,static_weighted_ensemble,missing_features,0.0,primary,3,0.9066578190665782,0.0,8e394ef36288ddadc1fb56f37f74b2c7d73235b8d85565ca71e97b359b3deef4
locked,bank_marketing,veto_mavs,missing_features,0.0,primary,3,0.9082061490820615,0.0,f0e232ece6a3569afb53d83b1464a6e24bb238f913dda5041d54c605dfd3bb5c
locked,bank_marketing,pure_mavs_gc,missing_features,0.0,primary,3,0.9059942490599425,0.0,30fcb386b997e57ce2877454ecca710ae8b7c5a8bbdac3f53c4d0edd1e34a4f0
locked,bank_marketing,single_model,missing_features,0.0,shadow,2,0.9044459190444591,0.0,d67f586f9cb58035fc1996c4a237f0efa4d5371e26f4c6225ffa2a882848139b
locked,bank_marketing,mean_ensemble,missing_features,0.0,shadow,2,0.9082061490820615,0.0,97e1b8a47934862fca7b4b1a92e6e24eeb11b483a14e8f4499ed34650f058443
locked,bank_marketing,static_weighted_ensemble,missing_features,0.0,shadow,2,0.9066578190665782,0.0,ad4f0f36ef66009467d28457935dfc5fdae69781ee09fbf2aedab227a1e2620a
locked,bank_marketing,veto_mavs,missing_features,0.0,shadow,2,0.9082061490820615,0.0,4360a6310e918c7d53f8b799a0e51d8098f9d2cfd830e5a0a9e7d5eb6579e414
locked,bank_marketing,pure_mavs_gc,missing_features,0.0,shadow,2,0.9059942490599425,0.0,3e3cdf8f989cfb1c52ab89ea561213e01c18e5783a0fdf0103c38739ce1903fb
locked,bank_marketing,single_model,missing_features,0.05,primary,3,0.9003907690039077,5.523090816861645e-06,d8caf3b5b65bbc34bd11b4fcd43a15c2cffa8da23a255ac6c55dfb067ca9c5a6
locked,bank_marketing,mean_ensemble,missing_features,0.05,primary,3,0.9042984590429846,3.729173523983495e-06,fd6580aca48d32d119cb1f620b398e27fbb6cd2bb0f90c65c42621cbd376ef1f
locked,bank_marketing,static_weighted_ensemble,missing_features,0.05,primary,3,0.9028238590282386,1.8374061969480296e-06,17007e3cdb466c3077ae6d12e276f2d415d6e07b233f8001ac20e0a8977b61a4
locked,bank_marketing,veto_mavs,missing_features,0.05,primary,3,0.9042984590429846,3.729173523983495e-06,6ae24d1a0efe580734bf298bba0f029d577426d22c31e6c32a466d5919f6b10f
locked,bank_marketing,pure_mavs_gc,missing_features,0.05,primary,3,0.9023077490230775,3.0442232848844483e-07,dd754ed2a4ef044422e6674b5f10b41b381475658bbcb3ccd560488c2464c402
locked,bank_marketing,single_model,missing_features,0.05,shadow,2,0.904777704047777,2.7520322106656872e-06,2f04e44cb16d46f0f329ca7e9c7e6eba7bb92437dbca6a8a0420e17ded154948
locked,bank_marketing,mean_ensemble,missing_features,0.05,shadow,2,0.9057730590577306,2.3973258368465887e-06,b7156595d100dbd62f529ee4e76f02a02cea6ae4eca885d651351c63f72ec551
locked,bank_marketing,static_weighted_ensemble,missing_features,0.05,shadow,2,0.9056624640566246,8.916584362556695e-06,2a56f026889522416011b4145b33d1dea178ab44890a21fa4fcec75d22bfaa27
locked,bank_marketing,veto_mavs,missing_features,0.05,shadow,2,0.9057730590577306,2.3973258368465887e-06,78e59afff8d485e9f251a42ac0dafe88c6172784d6ef50ce37f4c0ee2b53ab95
locked,bank_marketing,pure_mavs_gc,missing_features,0.05,shadow,2,0.9036717540367176,2.067081971566576e-06,3bd3a39790af093402a5b0a95f475802aecc7494427ab72ebb4abb14b5efc0b0
locked,bank_marketing,single_model,missing_features,0.1,primary,3,0.8995797389957975,3.816151332123058e-06,76bb4598b11198cade6deaf0dacc76da3975de8aa9041eef1464930606935d38
locked,bank_marketing,mean_ensemble,missing_features,0.1,primary,3,0.902676399026764,1.598217224564278e-06,e970741f1de146ef78fb10820bb7a93c06c5a9b0797983b6f8fefcaa06028251
locked,bank_marketing,static_weighted_ensemble,missing_features,0.1,primary,3,0.9017179090171791,1.3807727042154113e-06,0d59bbb0e21ee427dbc5b77f6d89fc083eaf9dc12ad68fa5473a3c0dc2f7627d
locked,bank_marketing,veto_mavs,missing_features,0.1,primary,3,0.902676399026764,1.598217224564278e-06,970383959409bf5bc4afc221bc14d310960d690446f75828b6444c1d5c9caf1d
locked,bank_marketing,pure_mavs_gc,missing_features,0.1,primary,3,0.9011280690112807,9.785003415701531e-08,aa14ccb1929f0e8c56ba60e21c34fe26128ca3812ef0b903de53d1c7b73ca3c3
locked,bank_marketing,single_model,missing_features,0.1,shadow,2,0.8995797389957974,0.0,6d04299142c72c4bd54c943efa89fd8b9c7a39122854f4a9d3e08e0abc8fc3f0
locked,bank_marketing,mean_ensemble,missing_features,0.1,shadow,2,0.9045565140455651,9.90731595839559e-07,02492bed6aaf7e4165d0b6706fbc75239ac017524d8b351a412edcc781093b14
locked,bank_marketing,static_weighted_ensemble,missing_features,0.1,shadow,2,0.9026763990267639,3.131201093024032e-06,df92e33c285216c8c438adbe5fe3b08d4c98c5aaf2d086135912ac5d033698ba
locked,bank_marketing,veto_mavs,missing_features,0.1,shadow,2,0.9045565140455651,9.90731595839559e-07,98c797be6d44fa67a058b6d36be2a669318c961b4e02115748361dce4bbf3f28
locked,bank_marketing,pure_mavs_gc,missing_features,0.1,shadow,2,0.9012386640123866,1.4799817666246317e-06,206c95b1babe5319996ef8bf9f0f0ccc7efb3fc7be35cdf7f5301f6ba88a838a
locked,bank_marketing,single_model,missing_features,0.2,primary,3,0.8970729189707292,1.3057543446950749e-05,f78613b05cb5c7b4131831bb48eee9f2eee1f797bf9849917632682cb15e5abf
locked,bank_marketing,mean_ensemble,missing_features,0.2,primary,3,0.8995060089950601,4.348890406977876e-06,14f1858f364d55d4ebbe315133f2202fc1d7cb67a4aa8e9c763ed702e528cc45
locked,bank_marketing,static_weighted_ensemble,missing_features,0.2,primary,3,0.898473788984738,5.088201776163945e-06,557a269df6f40497a4d9a759f94ebc18449ea5d8aa9d1dc1019b489898b99d28
locked,bank_marketing,veto_mavs,missing_features,0.2,primary,3,0.8995060089950601,4.348890406977876e-06,2cb0bdf661f05d12a8fd2a6cce589d5f244a3b8a6e407d180aa15793a5e397c0
locked,bank_marketing,pure_mavs_gc,missing_features,0.2,primary,3,0.8981788689817887,1.2176893139537575e-06,dcff2a244cc8cb2eda7e0520b7f45267da7e4fc9b173d8a70e4acbe6ee26ff12
locked,bank_marketing,single_model,missing_features,0.2,shadow,2,0.8981420039814201,3.057813567406319e-07,0b99cb514507316724378dc018aa64b706e68ac9467d69fafce477bb31ed47fa
locked,bank_marketing,mean_ensemble,missing_features,0.2,shadow,2,0.8983631939836318,1.2231254269622821e-08,21ffa5657b79243e0442ddab1c36b656a5addbdf890bd25a10fd08d4db0ead4c
locked,bank_marketing,static_weighted_ensemble,missing_features,0.2,shadow,2,0.8972572439725724,9.90731595839559e-07,791b4e41704a4b2d04c88f8c0f72a1ddb3ac5ef6c046a3f3428f8d9c8f1fd39a
locked,bank_marketing,veto_mavs,missing_features,0.2,shadow,2,0.8983631939836318,1.2231254269622821e-08,590f9b9760167b78bcaa756fa21ea3129d8a70db1b510f2ff7efac12466618a8
locked,bank_marketing,pure_mavs_gc,missing_features,0.2,shadow,2,0.8965936739659368,1.2231254269622821e-08,84a6d06d2c1339057791b46f128a28c0431778af4cce0a6dfa3bad6b4a3201c4
locked,bank_marketing,single_model,missing_features,0.4,primary,3,0.8913219789132197,3.5334734556695246e-06,e2b695dcb90617917735c52481cb36e1d82cc56d97ccbf561d6a88fb57e407b1
locked,bank_marketing,mean_ensemble,missing_features,0.4,primary,3,0.8921330089213301,3.1420733190414418e-06,85a9e821377c34f59434151e33fee77c2aca70062f0f0495fa540ee249ad66e7
locked,bank_marketing,static_weighted_ensemble,missing_features,0.4,primary,3,0.8909533289095333,2.478867531977383e-06,3dc57bf33a58aa4676c6bfd0c828189389df556b159e73b50338184d35bec78f
locked,bank_marketing,veto_mavs,missing_features,0.4,primary,3,0.8921330089213301,3.1420733190414418e-06,2e7839f0f3535fa2ce494b3839953002ed7cb58e875d0307f4ac2fcb83d5959f
locked,bank_marketing,pure_mavs_gc,missing_features,0.4,primary,3,0.8902897589028976,1.0111170196223333e-06,b0e8987e9e90634d1bb35d6f29323d92f81a7c52186b1614fe3f954cad726407
locked,bank_marketing,single_model,missing_features,0.4,shadow,2,0.8921698739216988,2.067081971566576e-06,33e16835ce5ab5a224e0f1a24f399deec84bb5ec4584fa6540de1a8a62915ff1
locked,bank_marketing,mean_ensemble,missing_features,0.4,shadow,2,0.8940499889404999,1.2231254269625277e-06,a3685796fa88bc8acc542cd7aad56447824a1bff74ce8bc55eeae688c183a376
locked,bank_marketing,static_weighted_ensemble,missing_features,0.4,shadow,2,0.8948241539482416,2.0670819715667358e-06,78ff47de9884de9aa6f326b5069ea2b1a53962b3a9e881ac281ce41e7c109a1e
locked,bank_marketing,veto_mavs,missing_features,0.4,shadow,2,0.8940499889404999,1.2231254269625277e-06,39d3cfccc18346d4228be8335722d4e98e14d532b259c5a6eb9a42665320cd62
locked,bank_marketing,pure_mavs_gc,missing_features,0.4,shadow,2,0.8912851139128511,1.1008128842664223e-07,a43caeb4b327f5777f32522df21f426e6dfb5b7d11ceb630a9f51af69d167900
locked,bank_marketing,single_model,missing_features,0.6,primary,3,0.8860134188601342,4.772907221658085e-06,0b8209848584fc3104026e3f918a854a036093cb1f39417d33cbd5376cbf4c3a
locked,bank_marketing,mean_ensemble,missing_features,0.6,primary,3,0.8876354788763547,2.283167463663418e-07,0efd73fbe7789b209e2dd5c24fe22af740edb0e41b626307b9df80a128129036
locked,bank_marketing,static_weighted_ensemble,missing_features,0.6,primary,3,0.8872668288726683,1.7721728408434014e-06,f3db2eeeb6e90910bd2d0875e633ed58caf557f97df56c9511d5257e9233aae0
locked,bank_marketing,veto_mavs,missing_features,0.6,primary,3,0.8876354788763547,2.283167463663418e-07,93fbf21309fa419a4dd60e3e751a9c7347f2a2b93a6667ba1e308abe61dca0f0
locked,bank_marketing,pure_mavs_gc,missing_features,0.6,primary,3,0.8872668288726683,2.0657229433145134e-07,99d0b0d40c1a8eeb14801b4272de3bf59c14c229bc198429a3664a129d028f62
locked,bank_marketing,single_model,missing_features,0.6,shadow,2,0.884981198849812,7.045202459303924e-06,1b509f490f8dd847d685f1fc9d24fc21926f07b0ec527527d27c50275c1a1a5b
locked,bank_marketing,mean_ensemble,missing_features,0.6,shadow,2,0.8860871488608715,2.3973258368464168e-06,8efea333a26fcf235ad522b1b0b64114485a0e782b1208b864523cab24b5daa0
locked,bank_marketing,static_weighted_ensemble,missing_features,0.6,shadow,2,0.8863083388630834,1.761300614825981e-06,3e30c9796af71418a7224967a19c8a122549321304096c80f7c83a8a89772058
locked,bank_marketing,veto_mavs,missing_features,0.6,shadow,2,0.8860871488608715,2.3973258368464168e-06,6923829d0716f235b3df0fbf1f4061cbc1b93850fdaffda87c9bbd0c5eac9706
locked,bank_marketing,pure_mavs_gc,missing_features,0.6,shadow,2,0.8843176288431762,4.4032515370649527e-07,736ca34e92e57570204709bf414f7e609b657bb4ec3fcf8f66f6747afc4592cd
locked,bank_marketing,single_model,missing_features,0.8,primary,3,0.8852761188527611,9.893725675874482e-07,6ef8ff426d407aa500be17888ac909d61fbfbcb8357063555e825792f8cd589c
locked,bank_marketing,mean_ensemble,missing_features,0.8,primary,3,0.8854235788542358,3.261667805234389e-08,4fae938a0763291cdbe4f29e0bbd20a86fe10d11e22c2dbb263a2315e1467ba9
locked,bank_marketing,static_weighted_ensemble,missing_features,0.8,primary,3,0.8850549288505493,9.893725675874755e-07,37e521e6164a0da19841576dbd3c548ecc2b9638325ed30883a3ae4b2d80a9d9
locked,bank_marketing,veto_mavs,missing_features,0.8,primary,3,0.8854235788542358,3.261667805234389e-08,9348ad990a35daef09d0bf59b19221562cd06d7c9c5515c7aed880b7070f7cf7
locked,bank_marketing,pure_mavs_gc,missing_features,0.8,primary,3,0.8836540588365406,3.261667805232752e-08,2205c20977a58b7a9ba10ae2195cb3a7b75c711dbc39e449bb826a985a782ec3
locked,bank_marketing,single_model,missing_features,0.8,shadow,2,0.8855341738553417,1.1008128842664223e-07,d2cf013cc08a3578663056e103413b3352a0aed0f6cf03c301c0eeb8743389cf
locked,bank_marketing,mean_ensemble,missing_features,0.8,shadow,2,0.8846494138464942,1.100812884266054e-07,f5cdcf16715380c886fe7502e2d1d61ca86ae3eb66a9e8f6910a9cc5ee929540
locked,bank_marketing,static_weighted_ensemble,missing_features,0.8,shadow,2,0.8854235788542358,0.0,59467ea907573b3ca85d87a26c494aaca6ece7ff3cf41d6ff9f69e3faff9c0af
locked,bank_marketing,veto_mavs,missing_features,0.8,shadow,2,0.8846494138464942,1.100812884266054e-07,349cda3a9bcf976b43a530fbd600ca16d30ea3f261dcf06adc73ff27fc947e68
locked,bank_marketing,pure_mavs_gc,missing_features,0.8,shadow,2,0.8844282238442822,1.1008128842664223e-07,7b9e4716ea5973f3bce85e98301b27793defa4037265d841e70b77b61928381d
locked,bank_marketing,single_model,missing_features,1.0,primary,3,0.8829904888299049,0.0,ff924096c505a8b0834cdce8e16ef2dea73d2ea8c09e59f1dc173ebe57212f28
locked,bank_marketing,mean_ensemble,missing_features,1.0,primary,3,0.8829904888299049,0.0,c1ec943a4b60f1aa2eaec24ddf1d6637740f61269d542f29cb953b60a327d5bd
locked,bank_marketing,static_weighted_ensemble,missing_features,1.0,primary,3,0.8829904888299049,0.0,7a6cbaa357d1a288c843df60381f16891d6e884cc2b59b71c5b8adc8bf33ab0a
locked,bank_marketing,veto_mavs,missing_features,1.0,primary,3,0.8829904888299049,0.0,868a134935b625567f666baeb1aa61bf77247d02ca41e4179ccaf8554b2dc642
locked,bank_marketing,pure_mavs_gc,missing_features,1.0,primary,3,0.8829904888299049,0.0,09085889b2413d3c1175728d41117445b2d9a4a064c69d2c8e503c99f33ff4cb
locked,bank_marketing,single_model,missing_features,1.0,shadow,2,0.8829904888299049,0.0,5d14ea48f83935abbe6e7a267abfdfb5d23b35b2fb39a2c9206cb6004701bd49
locked,bank_marketing,mean_ensemble,missing_features,1.0,shadow,2,0.8829904888299049,0.0,41ed87392bff5453191dcd9aafa20adc5aebcd9defd2ab34470204294ff10b20
locked,bank_marketing,static_weighted_ensemble,missing_features,1.0,shadow,2,0.8829904888299049,0.0,44852781006f632040ea83bf80b5b7e9eb8ded54ffddcba18a87114c8369224a
locked,bank_marketing,veto_mavs,missing_features,1.0,shadow,2,0.8829904888299049,0.0,c1727bce79c2f500a99bf3eda12ffa5a918fe89e0ea97d447ba646bf593f4d9b
locked,bank_marketing,pure_mavs_gc,missing_features,1.0,shadow,2,0.8829904888299049,0.0,7fda1a539275e5621eb837bc25808583fc79c9b9a1daba61259bb208dbedba53
locked,bank_marketing,single_model,random_feature_deletion,0.0,primary,3,0.9044459190444591,0.0,9e5cbbb97fb0cee6bc45dd1eeafeba4c6d2e885f48f88d0dd15d987c63b0c754
locked,bank_marketing,mean_ensemble,random_feature_deletion,0.0,primary,3,0.9082061490820615,0.0,ed205eaaf735f9fa489b92a2085f5e1a1fedabd99733071e42c46007cf161ec9
locked,bank_marketing,static_weighted_ensemble,random_feature_deletion,0.0,primary,3,0.9066578190665782,0.0,b7525623850d2879592fe1fdccaf0f20ca7fd468e2fa34affeaca1b8ebb6bb6b
locked,bank_marketing,veto_mavs,random_feature_deletion,0.0,primary,3,0.9082061490820615,0.0,1eb50f94a27d7d4540a1e3c1b1d39827ddcd56c6a7fd956afb1f1ed5d595e6bb
locked,bank_marketing,pure_mavs_gc,random_feature_deletion,0.0,primary,3,0.9059942490599425,0.0,69316763d53414b73cb67bee5712d327a51e5ef0c35cdd65d4fcc100c3fbd57b
locked,bank_marketing,single_model,random_feature_deletion,0.0,shadow,2,0.9044459190444591,0.0,249a8c65734d9f088a3e1a27876797b6cad8544ec831b1b5ff670d081d92a973
locked,bank_marketing,mean_ensemble,random_feature_deletion,0.0,shadow,2,0.9082061490820615,0.0,553065a00271946272555bf319609b01aaae6294a30b43a61dc0b28b9ac8b4e6
locked,bank_marketing,static_weighted_ensemble,random_feature_deletion,0.0,shadow,2,0.9066578190665782,0.0,7e2e4166f1cebdbd12f0c95da1ef7cdcfdb805bc0ffb2a2226671b3ad0ba2972
locked,bank_marketing,veto_mavs,random_feature_deletion,0.0,shadow,2,0.9082061490820615,0.0,49d480eb91db04245f93f240991194e3141f74da293ea8468c344d88474e08e4
locked,bank_marketing,pure_mavs_gc,random_feature_deletion,0.0,shadow,2,0.9059942490599425,0.0,cb1ad10e676aea8c206cb72dd803d081dbfd1204440baabdccce8de721516fe9
locked,bank_marketing,single_model,random_feature_deletion,0.05,primary,3,0.9017916390179164,4.533718249274492e-06,880515a23944aa054b30c89b0c1a359008f42491936d89cb92287c01876313ca
locked,bank_marketing,mean_ensemble,random_feature_deletion,0.05,primary,3,0.9054044090540441,3.7944068800881664e-06,4328d92135150693614aadb56dea6b147b648998a45d33aaad052afb77ad8009
locked,bank_marketing,static_weighted_ensemble,random_feature_deletion,0.05,primary,3,0.9049620290496203,5.653557529071414e-07,6d8ef27c917b35a58ce7f68b3f57e0dd2891fd1900e08fe7ee6bcd0817b24623
locked,bank_marketing,veto_mavs,random_feature_deletion,0.05,primary,3,0.9054044090540441,3.7944068800881664e-06,2d37df6aefac4c390c6b23677a23a6d7bcbad22ff8afcee0961f0c61dfd0126b
locked,bank_marketing,pure_mavs_gc,random_feature_deletion,0.05,primary,3,0.9034874290348743,1.7689111730382284e-05,0f3653439133ef282458460002ad3456fb53354f0b91b2ca7f9ca1b3e87a3ff7
locked,bank_marketing,single_model,random_feature_deletion,0.05,shadow,2,0.9033399690333996,4.4032515370649527e-07,548df4c037283427474f453531c40c739a3126f5b663352f1ad27e1f4a2797f7
locked,bank_marketing,mean_ensemble,random_feature_deletion,0.05,shadow,2,0.9057730590577306,0.0,baa710149f1fe3e1262500de5227375d5310d57d1c2cc3242dc5538046785e9b
locked,bank_marketing,static_weighted_ensemble,random_feature_deletion,0.05,shadow,2,0.906989604069896,4.4154827913345385e-06,a44d9e2c3c45ee3f50cb5725eea813b934c54b7c1c2ce0ad438c76a7e495ce05
locked,bank_marketing,veto_mavs,random_feature_deletion,0.05,shadow,2,0.9057730590577306,0.0,ddafbf26b365ae56cadcbf7bbc64ec4853c14d7b807a31ecbfcd22a82dfc57db
locked,bank_marketing,pure_mavs_gc,random_feature_deletion,0.05,shadow,2,0.9031187790311879,1.9570006831401425e-07,6992392c455661fd7c60649e8029d4c0d52186c02b699dceba2bcc96836c84a8
locked,bank_marketing,single_model,random_feature_deletion,0.1,primary,3,0.8964830789648308,1.7254222689684273e-05,262fe50b17ced51d111c98b00b5d81e61710b66ced4c359cb3e34675b7f01f6d
locked,bank_marketing,mean_ensemble,random_feature_deletion,0.1,primary,3,0.8987687089876871,2.0624612755092324e-05,f0c92493cf621fb52810dc34baa4dcece8b0d5fa69163e5cf156eb0148d66897
locked,bank_marketing,static_weighted_ensemble,random_feature_deletion,0.1,primary,3,0.898989898989899,3.7650518698410355e-05,a9938da0889f7e7c549893032246ad5e097f2798a2f3b4f2d116ec60b0660d84
locked,bank_marketing,veto_mavs,random_feature_deletion,0.1,primary,3,0.8987687089876871,2.0624612755092324e-05,799991a6ceb22f8c01a342640313bf55fe009e5ee71e1ed3df8325da10d7f132
locked,bank_marketing,pure_mavs_gc,random_feature_deletion,0.1,primary,3,0.8965568089655681,1.4916694095933763e-05,900f56ab873ed959fa2ed0e19f1ff24a50fce9f330f0a35abcfaf294a17710cb
locked,bank_marketing,single_model,random_feature_deletion,0.1,shadow,2,0.9023446140234461,5.993314592116042e-07,3efeffa336101c762664c54670b3bbe1e1e17278a50d215582aa9e735ef027b0
locked,bank_marketing,mean_ensemble,random_feature_deletion,0.1,shadow,2,0.9049988940499889,1.2231254269622821e-08,2897d2f3e39788d3fa6d3c1c76707dbeb4c5e65c6ea4b1b8dc606ce161b5d6dc
locked,bank_marketing,static_weighted_ensemble,random_feature_deletion,0.1,shadow,2,0.9065472240654722,2.067081971566576e-06,bfd65b69b37b487e3dfd3ef6c554dab7f215d650a724487ed8969126aef22a90
locked,bank_marketing,veto_mavs,random_feature_deletion,0.1,shadow,2,0.9049988940499889,1.2231254269622821e-08,3a32c0e52be321d743f3707e038d36019c601957adab457f146bb911f891d0db
locked,bank_marketing,pure_mavs_gc,random_feature_deletion,0.1,shadow,2,0.9024552090245521,1.9570006831401425e-07,17d315c7285f8919137073996264d9b08e9ad78d67f9a4a73ded440d7a8cf3bf
locked,bank_marketing,single_model,random_feature_deletion,0.2,primary,3,0.8952296689522967,2.160311309666215e-05,37af228d76240f42504be12cd5a4d430f97bc6987862c23ec42077a9edeb66cd
locked,bank_marketing,mean_ensemble,random_feature_deletion,0.2,primary,3,0.8975890289758903,3.6139279281985905e-05,60759cdfa1d814c7b6daff8592940d9d955dbff61b47889e7341ca7541beff9b
locked,bank_marketing,static_weighted_ensemble,random_feature_deletion,0.2,primary,3,0.8963356189633562,1.4166510500730343e-05,3803c76378866d32820d93ec87fa90508517e074d33eac4c9976a68b6bc98697
locked,bank_marketing,veto_mavs,random_feature_deletion,0.2,primary,3,0.8975890289758903,3.6139279281985905e-05,345d7f9fe34a0957662162d76eca22f252f32edb2bb79f4f91e072c0a991b073
locked,bank_marketing,pure_mavs_gc,random_feature_deletion,0.2,primary,3,0.8961881589618815,5.751407563228091e-06,edbc579714c2ebc6e31fe31655f4c1ae0b653e4ff115029f1bae473daef4cf22
locked,bank_marketing,single_model,random_feature_deletion,0.2,shadow,2,0.8995797389957974,0.0,a8c0fb4c949cc2a6c8bf101f7bdef5bf2275f9ec9eedbcc15d2da6a0c0b3014a
locked,bank_marketing,mean_ensemble,random_feature_deletion,0.2,shadow,2,0.8988055739880557,8.916584362556695e-06,7e14488ab94dd3b2f9ad7c8eeb9c619e3cdbacf307f106b06ecac45cf50348c3
locked,bank_marketing,static_weighted_ensemble,random_feature_deletion,0.2,shadow,2,0.8988055739880557,3.057813567406319e-07,9fbfe3d6fc8bd677d03e493aff01bcc286f73c7961e1517592c7b7fb85f95c28
locked,bank_marketing,veto_mavs,random_feature_deletion,0.2,shadow,2,0.8988055739880557,8.916584362556695e-06,6dee6ab1ddabf57113e022d242124a48b7f3386183fbf8e9dad1567f73a9aa22
locked,bank_marketing,pure_mavs_gc,random_feature_deletion,0.2,shadow,2,0.8985843839858438,3.057813567406319e-07,9eed08da880945a324e8ff78cd6667177703de8708baac90675fc9facc038c26
locked,bank_marketing,single_model,random_feature_deletion,0.4,primary,3,0.8873405588734056,3.523688452253774e-05,16b9d1473ed14679183097dc51b810a5b87098535aa197efc5775b3c34a4a78a
locked,bank_marketing,mean_ensemble,random_feature_deletion,0.4,primary,3,0.8918380889183809,1.9994023646080603e-05,ba25c499dae5ed3015281b5ad8f67058b12327e933805c322aad9c4dcd0fb5ba
locked,bank_marketing,static_weighted_ensemble,random_feature_deletion,0.4,primary,3,0.8896999188969992,2.992036600000759e-05,ee0a3bfc0489144a8216ef748d12e84f5035758d7d5ac42811a51ee8cb17762e
locked,bank_marketing,veto_mavs,random_feature_deletion,0.4,primary,3,0.8918380889183809,1.9994023646080603e-05,8438007df34d6ed4519b5bfe5f8512d573b4debb1b299eea5892fb18e7341478
locked,bank_marketing,pure_mavs_gc,random_feature_deletion,0.4,primary,3,0.8903634889036349,3.1192416444048126e-05,c8e85932e36d4c3c1ef1468aae135f98464441c54779849cc2a30bf390de296e
locked,bank_marketing,single_model,random_feature_deletion,0.4,shadow,2,0.8929440389294404,5.919927066498526e-06,462af09c8db37b7cd83ff288988651311331c80ec6c540e4623cab4fc551638d
locked,bank_marketing,mean_ensemble,random_feature_deletion,0.4,shadow,2,0.8985843839858438,2.0670819715667358e-06,c27bca104a1536191b6fe7203642d4aff2a8ace6d4446e9b53b8189432f405b7
locked,bank_marketing,static_weighted_ensemble,random_feature_deletion,0.4,shadow,2,0.8967042689670427,4.8925017078491286e-08,e77dd5b488c2bb49937b4f60b5275184a77f133ba362dcc69736568fad883b53
locked,bank_marketing,veto_mavs,random_feature_deletion,0.4,shadow,2,0.8985843839858438,2.0670819715667358e-06,d4c1a0c205b2819f9b9c298223fce2d9efae97f9da34e2932230fb6186329bdf
locked,bank_marketing,pure_mavs_gc,random_feature_deletion,0.4,shadow,2,0.8964830789648308,9.589303347386011e-06,2525673a16cb62900c7659870aa1acf1f9b1342aa9a308f194088e4b3b5b1804
locked,bank_marketing,single_model,random_feature_deletion,0.6,primary,3,0.8858659588586596,3.062706069114085e-05,95bbd5a1fb42cdf8a3a14f21b6bd85ec28a2e56ab5dd722133bd7fbe11aabaad
locked,bank_marketing,mean_ensemble,random_feature_deletion,0.6,primary,3,0.886455798864558,3.067054959521084e-05,03bddb8e7c817838c34df45acbb906f189aa5bfaf343b39928bb9a0dfbba4789
locked,bank_marketing,static_weighted_ensemble,random_feature_deletion,0.6,primary,3,0.8857922288579223,2.7702431892448552e-05,989c0b04752b10c15390d3f328f5bb5091a0f084e9ae2e44fdc2df05083875d9
locked,bank_marketing,veto_mavs,random_feature_deletion,0.6,primary,3,0.886455798864558,3.067054959521084e-05,529bb7d6733fa4ef4a1a30f7fa0b38553607b7d67ddd24dabe170a5a4bd7f4e7
locked,bank_marketing,pure_mavs_gc,random_feature_deletion,0.6,primary,3,0.8852761188527613,8.556441875728782e-06,48a5f3b278a6cfa261a66396890587aaa4fb8f0b7e2995bffc2bf3def4fc0883
locked,bank_marketing,single_model,random_feature_deletion,0.6,shadow,2,0.8950453439504534,9.90731595839559e-07,d94746252c47bc2edbfea4fdf957e2075383c1ea3272a9a74640aa9b09c9b505
locked,bank_marketing,mean_ensemble,random_feature_deletion,0.6,shadow,2,0.8959301039593011,5.393983132904695e-06,646f6ba35a69f9b10c1e329f36d8af890ee0e9db7f50255be159404fd8ba5b4c
locked,bank_marketing,static_weighted_ensemble,random_feature_deletion,0.6,shadow,2,0.8949347489493475,2.3973258368465887e-06,4880b3ff4fce8dc044f9900a7a2af4bf067151e36cb119a2e4fd6c02c24796c7
locked,bank_marketing,veto_mavs,random_feature_deletion,0.6,shadow,2,0.8959301039593011,5.393983132904695e-06,e7a8de986c3b369b35e6e0efdcd99a68b4146e48cd65d0ecae573a05caa0f778
locked,bank_marketing,pure_mavs_gc,random_feature_deletion,0.6,shadow,2,0.89349701393497,1.4799817666246317e-06,8b40b6ecb99b6b5b0821d2cb68240b7dbe0caec1a24e517fd17b7e801356d384
locked,bank_marketing,single_model,random_feature_deletion,0.8,primary,3,0.8829167588291676,1.0872226017453422e-08,5e3db53e0b0634cb98da15d47602d1d336490ed00e665371f00b2d9180b61d2d
locked,bank_marketing,mean_ensemble,random_feature_deletion,0.8,primary,3,0.884243898842439,3.142073319041442e-06,aea3ff4c3f5f589c998a53836da6f19839e6e23c25fad4dede1e8b8561948e03
locked,bank_marketing,static_weighted_ensemble,random_feature_deletion,0.8,primary,3,0.883506598835066,5.327390748547593e-07,e5e3caf63879606060e8aa0bccc0baa2c3456b0b0536cbe101b2a4595738e7c7
locked,bank_marketing,veto_mavs,random_feature_deletion,0.8,primary,3,0.884243898842439,3.142073319041442e-06,65cc0104b604dbc0203f98d1d8e07d9b96bfd2e4bfd24a28c68c994bcee4c257
locked,bank_marketing,pure_mavs_gc,random_feature_deletion,0.8,primary,3,0.8827692988276931,9.785003415701531e-08,3f43c68b8e1dc40cd384377830d5000663c6d666c9b38bf8c1b261e3818cfc1c
locked,bank_marketing,single_model,random_feature_deletion,0.8,shadow,2,0.8822163238221632,1.2231254269622821e-08,3c54000d45c94bcabe104d354542161224031f4087e6c50045ebced65571b319
locked,bank_marketing,mean_ensemble,random_feature_deletion,0.8,shadow,2,0.885091793850918,3.057813567406319e-07,5565360aade1f55919164e14b1e3b3e0ddef9df6b3d8e1342491f35eff5bbb14
locked,bank_marketing,static_weighted_ensemble,random_feature_deletion,0.8,shadow,2,0.8833222738332227,1.4799817666246317e-06,c9a074de531bfc4357bd753973763b40b4810678e32efae538203a17278db191
locked,bank_marketing,veto_mavs,random_feature_deletion,0.8,shadow,2,0.885091793850918,3.057813567406319e-07,5cad16ccc29ab55605b1b16f8c22ec5ac9ae60107c98c2346cea04a7310fc8dc
locked,bank_marketing,pure_mavs_gc,random_feature_deletion,0.8,shadow,2,0.8846494138464942,4.415482791334772e-06,db4069e7b62bf24b7ae9ad331cd56d7dc05a996273b4aac4ef3dc875ca3a1b94
locked,bank_marketing,single_model,random_feature_deletion,1.0,primary,3,0.8829904888299049,0.0,f8ec301f4996eba43ecf40fa9dc2649f69afa520ab59cb1f49e10627d91b0e1b
locked,bank_marketing,mean_ensemble,random_feature_deletion,1.0,primary,3,0.8829904888299049,0.0,a6a01f2c28a6343646f0af6d0a218be5d133695eddaceb5c2d0256dfc951759e
locked,bank_marketing,static_weighted_ensemble,random_feature_deletion,1.0,primary,3,0.8829904888299049,0.0,48704d444882e44722ab9550b999d2e068def167da3a27fd058053dc40b0313f
locked,bank_marketing,veto_mavs,random_feature_deletion,1.0,primary,3,0.8829904888299049,0.0,6c42cc874636abd7ab05f79eae37c1b338eb674a779535cc08b146f3fbe94392
locked,bank_marketing,pure_mavs_gc,random_feature_deletion,1.0,primary,3,0.8829904888299049,0.0,2a82415f9cfbe2ce20c88a8ce874b57b4bfc53ae30733dfcf957fa24a432ac8b
locked,bank_marketing,single_model,random_feature_deletion,1.0,shadow,2,0.8829904888299049,0.0,e12ec6064d89cc0618b0d5c20497af4716fb064bf196cec0dbd458de37e068c0
locked,bank_marketing,mean_ensemble,random_feature_deletion,1.0,shadow,2,0.8829904888299049,0.0,297f26b4e7eb5b6ea61c140d699ba3e138a6b187a160b82c43a0c33f2f5ba306
locked,bank_marketing,static_weighted_ensemble,random_feature_deletion,1.0,shadow,2,0.8829904888299049,0.0,e284866ac7d8193a240c9fb7ab46a4127694837d3e047f42656062bf81574e51
locked,bank_marketing,veto_mavs,random_feature_deletion,1.0,shadow,2,0.8829904888299049,0.0,afc111dbd22039f5204870dfce30c4c010d78bbc21f4a20a8ec0b3732f91abec
locked,bank_marketing,pure_mavs_gc,random_feature_deletion,1.0,shadow,2,0.8829904888299049,0.0,884dc6c45fa53121aed4f288173659eb17fd24efafb726b974853ecd13935dca
locked,bank_marketing,single_model,label_noise,0.0,primary,3,0.9044459190444591,0.0,ce1deede241986b78af445e91cacd289f29ad5b2c48b909136ed9f0a5b3fa849
locked,bank_marketing,mean_ensemble,label_noise,0.0,primary,3,0.9082061490820615,0.0,795b69067a05040bddad98a7a72cd65a4b91d2714363ab7af128abbd248ef67e
locked,bank_marketing,static_weighted_ensemble,label_noise,0.0,primary,3,0.9066578190665782,0.0,22e79ded9db6e51e1815e1f8968fd58049e2cc85890f1a108eafc99837dffce2
locked,bank_marketing,veto_mavs,label_noise,0.0,primary,3,0.9082061490820615,0.0,b8f85161a247bf4aae2a177f67315a374e59389ad083c87c0666d6eea6e9d6f2
locked,bank_marketing,pure_mavs_gc,label_noise,0.0,primary,3,0.9059942490599425,0.0,39e01b72f53d3d02bcd42273d01bfbe929e3d37617a5fab8be5a43869dfcb030
locked,bank_marketing,single_model,label_noise,0.0,shadow,2,0.9044459190444591,0.0,f8273e1ad41165c31f3683a601a9c96764c4c3dd1d04a072dbdac95aefe6cd69
locked,bank_marketing,mean_ensemble,label_noise,0.0,shadow,2,0.9082061490820615,0.0,1a7526aa4aa742c4a417fcfc54c6cd1899f5b473e914e3604f7d12cc2d6b4e21
locked,bank_marketing,static_weighted_ensemble,label_noise,0.0,shadow,2,0.9066578190665782,0.0,8519830409fa46d3cc503dee5dd30fb1cb9260ab1d0ee078aed211865ee92ff7
locked,bank_marketing,veto_mavs,label_noise,0.0,shadow,2,0.9082061490820615,0.0,abd7dc6f4fb412731eb4f2e534044bac66bff58ba12969a429921ea1fd887391
locked,bank_marketing,pure_mavs_gc,label_noise,0.0,shadow,2,0.9059942490599425,0.0,2bc523d1efb7a91a6f3384fe768e2032963d31a5eab6f83ca5700e6c63d41e83
locked,bank_marketing,single_model,label_noise,0.05,primary,3,0.9044459190444591,0.0,cb9ad69b4478b504166f2fed84d15eff1f5cbc9c235b45b37f7a276f12dc67b7
locked,bank_marketing,mean_ensemble,label_noise,0.05,primary,3,0.9082061490820615,0.0,63ff9174b18561e451d25839283a7264f3bbdbaf74b0878857a117158bb7b6bb
locked,bank_marketing,static_weighted_ensemble,label_noise,0.05,primary,3,0.9066578190665782,0.0,80d9e1cd085c17887adb5cc5f339a2b7a599d6e2df951535a41ea7b689c83efa
locked,bank_marketing,veto_mavs,label_noise,0.05,primary,3,0.9082061490820615,0.0,a63a1f15bd1746cebe98a5958336f178d4963179b2b5289d99ad400103274f54
locked,bank_marketing,pure_mavs_gc,label_noise,0.05,primary,3,0.9059942490599425,0.0,95db355a006d20b91dcaf289d40282fe511e389dac70c792227aea789b87ad34
locked,bank_marketing,single_model,label_noise,0.05,shadow,2,0.9044459190444591,0.0,77f698f99a121b5dca11e34c1e0f0fea97f8cf3342d1ae628809c11f98814d98
locked,bank_marketing,mean_ensemble,label_noise,0.05,shadow,2,0.9082061490820615,0.0,69da398453d099675c3d370f6044829eb8d1672e5d3683127428a605b6ba5836
locked,bank_marketing,static_weighted_ensemble,label_noise,0.05,shadow,2,0.9066578190665782,0.0,c680ca0bfd8ec0fc7fe3e2e7b61ed6fbe229e73a9cb6c5f55a55748509f8d89f
locked,bank_marketing,veto_mavs,label_noise,0.05,shadow,2,0.9082061490820615,0.0,1692fae58dee3ba222af661db1f910399667a5bfd25b1b1725c597f4ce437443
locked,bank_marketing,pure_mavs_gc,label_noise,0.05,shadow,2,0.9059942490599425,0.0,8e13ceee63acee5a6e015329f1f24bdb152970371b9da11a6e0df61f0329a75d
locked,bank_marketing,single_model,label_noise,0.1,primary,3,0.9044459190444591,0.0,6340eeeb6f9a4ba714ccc7fde3abe16a798a788fe26cc691b17028b08c6d7ef3
locked,bank_marketing,mean_ensemble,label_noise,0.1,primary,3,0.9082061490820615,0.0,563ef643b1b80c25e27283db86de6a826e932f7b965fa5f3bcc699a3fb10204b
locked,bank_marketing,static_weighted_ensemble,label_noise,0.1,primary,3,0.9066578190665782,0.0,b10a3294a6219be6bd9409ef0868719d2aed588421b5b89d130e87330976d3ae
locked,bank_marketing,veto_mavs,label_noise,0.1,primary,3,0.9082061490820615,0.0,12e5365b925877ac75ebcca0e6179149b3d02686a5acfacfea6bff3d9ad4fbd4
locked,bank_marketing,pure_mavs_gc,label_noise,0.1,primary,3,0.9059942490599425,0.0,ea5112a3443d3f937088b6bf55d3c78965e4a3ccbfa558ab33412b2c8373a884
locked,bank_marketing,single_model,label_noise,0.1,shadow,2,0.9044459190444591,0.0,ece45784ae8678c9858f48c41f18e2baeee9137f5608f4fac6d70f790f89b4eb
locked,bank_marketing,mean_ensemble,label_noise,0.1,shadow,2,0.9082061490820615,0.0,4dd980b86e72acbc85c6c9ee804ca97269a84aa3ff9d604830a7a452c0bc3780
locked,bank_marketing,static_weighted_ensemble,label_noise,0.1,shadow,2,0.9066578190665782,0.0,24dfcecfaa4612932681c901f2b1e207c355e5acd8232d025bff64e2a0acb4d6
locked,bank_marketing,veto_mavs,label_noise,0.1,shadow,2,0.9082061490820615,0.0,c6daae40148c43b2ef1e84b93363e85cbb51ea04b5042d0195dfe4062b2e032c
locked,bank_marketing,pure_mavs_gc,label_noise,0.1,shadow,2,0.9059942490599425,0.0,7548f8f57a082074065ac4dd43f0a4cd1499d7050ea9558f30a7b81211ca1664
locked,bank_marketing,single_model,label_noise,0.2,primary,3,0.9044459190444591,0.0,4ec083cc1c45ca2d1d155a785c377f552346e3db5460677ee2605a1a6ef14dd0
locked,bank_marketing,mean_ensemble,label_noise,0.2,primary,3,0.9082061490820615,0.0,478965496d616687b3a37fa4f933f6a71694a7fabbea43fded768aac282f2a1b
locked,bank_marketing,static_weighted_ensemble,label_noise,0.2,primary,3,0.9066578190665782,0.0,3e274c4dca0e5b071dade16bef7d2f7235e841a9c0046d6f82061693d948a3fd
locked,bank_marketing,veto_mavs,label_noise,0.2,primary,3,0.9082061490820615,0.0,fde1ab2f8d292d1531b16cdc5e9fb6c0fdb610505136d76ec5f9782d304e61bd
locked,bank_marketing,pure_mavs_gc,label_noise,0.2,primary,3,0.9059942490599425,0.0,994fb434b3c517da3b2aafbfbb3d9fbbee5f06e8bdcbd67a2acca77217a309fd
locked,bank_marketing,single_model,label_noise,0.2,shadow,2,0.9044459190444591,0.0,3e97280f313fddd4a833466908ad71ba76e69feb85b7ea6aa1999d57bae67f6f
locked,bank_marketing,mean_ensemble,label_noise,0.2,shadow,2,0.9082061490820615,0.0,7d83ec6c0b56d3e2e48a53805edda21ddd7bdf66e8686d668d0c4fd1ba05c354
locked,bank_marketing,static_weighted_ensemble,label_noise,0.2,shadow,2,0.9066578190665782,0.0,0758a8af3c317a72a687df16e7338881c97a59011ef68dcfc68dc6e1a1dc104a
locked,bank_marketing,veto_mavs,label_noise,0.2,shadow,2,0.9082061490820615,0.0,f9000ec0355b543f313dd1f36a00a5a0b40dfc58fee5b2e7cf21fa90be756c13
locked,bank_marketing,pure_mavs_gc,label_noise,0.2,shadow,2,0.9059942490599425,0.0,14ba62bca135eb42169196ef24b783309254b95965c3e15d266d3000fd557132
locked,bank_marketing,single_model,label_noise,0.4,primary,3,0.9044459190444591,0.0,b23acfd18199740a9e61f6b7e54aab1fcd52b916c5921a8e23a94cae683be667
locked,bank_marketing,mean_ensemble,label_noise,0.4,primary,3,0.9082061490820615,0.0,c39941848f60e05a517d5e98f1557ceea6fdecc485f130da0a76438ad2f07bf5
locked,bank_marketing,static_weighted_ensemble,label_noise,0.4,primary,3,0.9066578190665782,0.0,a5064422d13d7f84b585292d2a294d3f7e202276f1953b58e9a30083a6d26fd5
locked,bank_marketing,veto_mavs,label_noise,0.4,primary,3,0.9082061490820615,0.0,94e6520a59e55aa75fbf2b718e1f48e7efb407f372e28bd911c3fb0ca81a420c
locked,bank_marketing,pure_mavs_gc,label_noise,0.4,primary,3,0.9059942490599425,0.0,6da680fa207d045de32c733fe87a61b5f7621acbfebece4ca466b804b7dc9a5e
locked,bank_marketing,single_model,label_noise,0.4,shadow,2,0.9044459190444591,0.0,445c11c16b3f00828df9cf21c7c25424dfc371756acaa3a4877707b41560d04c
locked,bank_marketing,mean_ensemble,label_noise,0.4,shadow,2,0.9082061490820615,0.0,230bcf4f02756114b42496a9793ab6aca14dd520cddfaf5753b11f98e4af0dc0
locked,bank_marketing,static_weighted_ensemble,label_noise,0.4,shadow,2,0.9066578190665782,0.0,99e95ad5d05c6311a3668347ebd7a767eda1b2c9914e78c08d3b5199246ebbc7
locked,bank_marketing,veto_mavs,label_noise,0.4,shadow,2,0.9082061490820615,0.0,679c057fbc5f36fb0bedba6220c08a0b60a5b5706f51f307ac9b77409dc64285
locked,bank_marketing,pure_mavs_gc,label_noise,0.4,shadow,2,0.9059942490599425,0.0,5ae1f71c9a3580590073ff0ad9513ffdeed0d5cd354d12d40104c033b46e8b5f
locked,bank_marketing,single_model,label_noise,0.6,primary,3,0.9044459190444591,0.0,ea72741148aa051f9a29aaa17fc48fdd72bb0bc439f6f1a697cae94650fa8608
locked,bank_marketing,mean_ensemble,label_noise,0.6,primary,3,0.9082061490820615,0.0,1cdca5bbb1ec2b1c851f36493932c02c8267579b4652991f0f3a5e7374e73f9b
locked,bank_marketing,static_weighted_ensemble,label_noise,0.6,primary,3,0.9066578190665782,0.0,c9d1870c658625da316cf3d8b1dbb316babaa86731d44e459f60aab16602dcbf
locked,bank_marketing,veto_mavs,label_noise,0.6,primary,3,0.9082061490820615,0.0,95b01fb8da7654e924b68457f0ddcfd0023335dcf348fce96d9c30039663b045
locked,bank_marketing,pure_mavs_gc,label_noise,0.6,primary,3,0.9059942490599425,0.0,e50fb5cabbd29a9b68b654ea5048d83c8f17303b20e0e7792beef23585260102
locked,bank_marketing,single_model,label_noise,0.6,shadow,2,0.9044459190444591,0.0,9b53b0e22b4a0191bf17e237189722b80016369e130feffab53ea6ddaaf93591
locked,bank_marketing,mean_ensemble,label_noise,0.6,shadow,2,0.9082061490820615,0.0,3af09923b226ffea1aacf3b5bf2a6ad5104463bb7821cd3a4ac756789d50441c
locked,bank_marketing,static_weighted_ensemble,label_noise,0.6,shadow,2,0.9066578190665782,0.0,9711d7bb18859201ac001f67138ab6d499e4d93f008216fdee557fbe4ea071b8
locked,bank_marketing,veto_mavs,label_noise,0.6,shadow,2,0.9082061490820615,0.0,7608db0e0f1e100fb29b0a9569dc43a263d624a28d8f9c7c57839e4cf7c0fde4
locked,bank_marketing,pure_mavs_gc,label_noise,0.6,shadow,2,0.9059942490599425,0.0,1bf6d67695ece455948df81a299439768bd0147c4fcc70c8cb041f43b36615c8
locked,bank_marketing,single_model,label_noise,0.8,primary,3,0.9044459190444591,0.0,f3bcebef33c5cf03dea831730227a09dabc4f7ca4aa7488c144cc3c60fc444f4
locked,bank_marketing,mean_ensemble,label_noise,0.8,primary,3,0.9082061490820615,0.0,fdceb14fe2d155a6f748ab812546f70344b1a38939d5d701696073c1b84e81d3
locked,bank_marketing,static_weighted_ensemble,label_noise,0.8,primary,3,0.9066578190665782,0.0,2af6b1fef7c97897ac4e928ff9d3216ee333c8af165224074e0e62d062b22640
locked,bank_marketing,veto_mavs,label_noise,0.8,primary,3,0.9082061490820615,0.0,7727a96dafcfea1c92925e0daf243582aa32df3dc40bac3224851f8da25ca2b2
locked,bank_marketing,pure_mavs_gc,label_noise,0.8,primary,3,0.9059942490599425,0.0,e34018e5b3a0471c9e92483103919bcef77bfd1bcb2e8ffd54c1a63edbc9ffbd
locked,bank_marketing,single_model,label_noise,0.8,shadow,2,0.9044459190444591,0.0,98a5653a1a898e7d393d26e58410ed92e7bed2ba14b2e4c1b626966564c8000d
locked,bank_marketing,mean_ensemble,label_noise,0.8,shadow,2,0.9082061490820615,0.0,86f562b94ac3eca17a4eab9a9f62bac8c6d14e69e9e2ee38bfb183022df65829
locked,bank_marketing,static_weighted_ensemble,label_noise,0.8,shadow,2,0.9066578190665782,0.0,2031d7113c2c90156273295d7b0efc784f8ca99b04bbe1965a922d9febd7aa36
locked,bank_marketing,veto_mavs,label_noise,0.8,shadow,2,0.9082061490820615,0.0,590502f5e7e4ac37ee373e3087cb8a76d8ac4efe8c7b44b372eb056cf099fe97
locked,bank_marketing,pure_mavs_gc,label_noise,0.8,shadow,2,0.9059942490599425,0.0,7e20f9f230bd1c2a649f7e0fb0bae3f75f9a20a6044e5517bdcb325d9de4c005
locked,bank_marketing,single_model,label_noise,1.0,primary,3,0.9044459190444591,0.0,7f7a0346e3700a2f9d5f4f4cd515a53db7dbbd24fe7fdf6dbf60bebc08e126a9
locked,bank_marketing,mean_ensemble,label_noise,1.0,primary,3,0.9082061490820615,0.0,e57423491905fabc9a60903ec29bd7ee5940d8cdf4ebe20c65dd637999bba440
locked,bank_marketing,static_weighted_ensemble,label_noise,1.0,primary,3,0.9066578190665782,0.0,fec7131901aca46ba5f489226e7818c58222c20ab6ab721dde71c7a1369b6d37
locked,bank_marketing,veto_mavs,label_noise,1.0,primary,3,0.9082061490820615,0.0,34349a9889df8350bdd77ed0bf83ff601c18be19d9fd53553eb9870a7a6b1c34
locked,bank_marketing,pure_mavs_gc,label_noise,1.0,primary,3,0.9059942490599425,0.0,1ef46135e12f5e7fadb9516038ed268566fee8375a4a6bc4c5b008cada98d969
locked,bank_marketing,single_model,label_noise,1.0,shadow,2,0.9044459190444591,0.0,42bf507b16fadb7df01b122b09e5256b673766950967891da13e2ac2adf4717b
locked,bank_marketing,mean_ensemble,label_noise,1.0,shadow,2,0.9082061490820615,0.0,877209b9b97e4d08e90be4836c3de2056d251f3aa39f06f62f0996701ed41e80
locked,bank_marketing,static_weighted_ensemble,label_noise,1.0,shadow,2,0.9066578190665782,0.0,977177fe159eb6f235f6aca1dca8fec06dd72b81f7401c1b6baddbfad2cc911b
locked,bank_marketing,veto_mavs,label_noise,1.0,shadow,2,0.9082061490820615,0.0,2c90652fa4c47ed2b10798c07161f8b7dbbf0a1af208d8ce3e5ab5bad2a0e3da
locked,bank_marketing,pure_mavs_gc,label_noise,1.0,shadow,2,0.9059942490599425,0.0,be0dc704f9ab7c088671ef323e567b5b05b6555363d7b5d499eab3c42457b517
locked,bank_marketing,single_model,confidence_distortion,0.0,primary,3,0.9044459190444591,0.0,eb79ad79cdb3a7899ff5e0ae7798a7abb8fe92edbc1992d3f5340fe09d7d9e37
locked,bank_marketing,mean_ensemble,confidence_distortion,0.0,primary,3,0.9082061490820615,0.0,f683b94a7263b06edcc1f93d67bb9a7b1f56a902d5ec91b923ed4b58f0cfc584
locked,bank_marketing,static_weighted_ensemble,confidence_distortion,0.0,primary,3,0.9066578190665782,0.0,d38ffe8c607926af655c83875e0dc91a203150c621eb6345788ffa7fea98bb20
locked,bank_marketing,veto_mavs,confidence_distortion,0.0,primary,3,0.9082061490820615,0.0,69c21b33885d8fd2d3ab64786f0d1f8e88243eadea8eb532e9fb0e7123ab3368
locked,bank_marketing,pure_mavs_gc,confidence_distortion,0.0,primary,3,0.9059942490599425,0.0,2a6d5839ea1330543a3654b15c721ab4cc2e9209a7ef1370db92c511919b0c58
locked,bank_marketing,single_model,confidence_distortion,0.0,shadow,2,0.9044459190444591,0.0,b79f6132a791e560c710844879dda2a93c84ed0129fe12433c3662a2ab8a0215
locked,bank_marketing,mean_ensemble,confidence_distortion,0.0,shadow,2,0.9082061490820615,0.0,4dc1acf05d5b125b6eaa5dee97956b60c99a43470ecadd5038f7387424aa0b7a
locked,bank_marketing,static_weighted_ensemble,confidence_distortion,0.0,shadow,2,0.9066578190665782,0.0,2b96b9a22ebaffcde23354c93cc7896e1c3b8d679c4967f030a98d4f6b33a5c9
locked,bank_marketing,veto_mavs,confidence_distortion,0.0,shadow,2,0.9082061490820615,0.0,d1eb0ee2258215790a45bce41abbd0d50f6d0abf5dbe996ecc54543c604fb51e
locked,bank_marketing,pure_mavs_gc,confidence_distortion,0.0,shadow,2,0.9059942490599425,0.0,83a5c235178a390800fe730a776d063778a1d4553662cd8ac637636be0359921
locked,bank_marketing,single_model,confidence_distortion,0.05,primary,3,0.9044459190444591,0.0,2e63508feead2592dc7028623c8da5dd48f91c60354ced68135b383b8010b3a3
locked,bank_marketing,mean_ensemble,confidence_distortion,0.05,primary,3,0.9082061490820615,0.0,103c2cefa36bf4aa0a5e768609f32e12c0cf5230e4256853e72934da2c28bcb9
locked,bank_marketing,static_weighted_ensemble,confidence_distortion,0.05,primary,3,0.907100199071002,0.0,2fc43b3c7d43f3bdd9b86e99c5a955796360adcf9123d119c3ac39db3ed24244
locked,bank_marketing,veto_mavs,confidence_distortion,0.05,primary,3,0.9082061490820615,0.0,eb870e53bfdad822e4e267d4c0fefdccf4505978492ab467bb05c732214d8378
locked,bank_marketing,pure_mavs_gc,confidence_distortion,0.05,primary,3,0.9042247290422473,0.0,7d169fcd70747cb6ea8b9e5716fcd5fcb2f2345b7f4ff2e63bccce6cdeec45ba
locked,bank_marketing,single_model,confidence_distortion,0.05,shadow,2,0.9044459190444591,0.0,e61ee353b816a9f52fc161f05e901f3f98317048623a83d6df5fc9a57689edec
locked,bank_marketing,mean_ensemble,confidence_distortion,0.05,shadow,2,0.9082061490820615,0.0,fc805bba02fecba3502c3e772c2789499d870238d29a78d77d7987e65de40b3b
locked,bank_marketing,static_weighted_ensemble,confidence_distortion,0.05,shadow,2,0.907100199071002,0.0,723de59681a2f91043c28f529c4f7954a64e014ef666188666db15662976a30b
locked,bank_marketing,veto_mavs,confidence_distortion,0.05,shadow,2,0.9082061490820615,0.0,5790cd9fcdd61a820d975260e574d451d7875ba32ef579b7055b74a4092d9a0d
locked,bank_marketing,pure_mavs_gc,confidence_distortion,0.05,shadow,2,0.9042247290422473,0.0,5b8d18fbb04db7b4e1434726695ff329354c1e77c805aa22da002ff6f50cb203
locked,bank_marketing,single_model,confidence_distortion,0.1,primary,3,0.9044459190444591,0.0,7744d6a8f93b6ac0d48d358c9dad33017766069fee387fec6c1263d1431c2f12
locked,bank_marketing,mean_ensemble,confidence_distortion,0.1,primary,3,0.9079849590798496,0.0,ea47928c13fc17c1fe4dd9f52db36e87da0ee8071e81ec07ed557679facc05d6
locked,bank_marketing,static_weighted_ensemble,confidence_distortion,0.1,primary,3,0.907100199071002,0.0,ecebf670f4d2350c6bdae4e5ad5f758c0671d5bb64255bf05eaf9d1381b9b9ab
locked,bank_marketing,veto_mavs,confidence_distortion,0.1,primary,3,0.9079849590798496,0.0,8dc4a937313abfe74e0b8734a0b6b9abbe67a849f9c1a78e9225f1161869c981
locked,bank_marketing,pure_mavs_gc,confidence_distortion,0.1,primary,3,0.9042247290422473,0.0,743f93d30e0cd78cc26520fadd5852cddf967df21ee5ba768927f573df3cb686
locked,bank_marketing,single_model,confidence_distortion,0.1,shadow,2,0.9044459190444591,0.0,17fa75434a6a38b45101bd96db00b790a16271ab9c8cf6865b8b23dd7f2a69e7
locked,bank_marketing,mean_ensemble,confidence_distortion,0.1,shadow,2,0.9079849590798496,0.0,5785cc4799a984ece72871ec15a5f82da8685776900e8443ba779950e64d1f07
locked,bank_marketing,static_weighted_ensemble,confidence_distortion,0.1,shadow,2,0.907100199071002,0.0,2310efdfaf9459ace3f5deac2767b698889b121ea41efffd4ae9d877d59be69c
locked,bank_marketing,veto_mavs,confidence_distortion,0.1,shadow,2,0.9079849590798496,0.0,573e4f3a7c721725f3c317a5428781e9c7057a81c71d3d6c919cd9099ecf282e
locked,bank_marketing,pure_mavs_gc,confidence_distortion,0.1,shadow,2,0.9042247290422473,0.0,d0edb488e27d74336a7b94b0cc2ab788ea979af58b58469f12e2c618d7dcbc6a
locked,bank_marketing,single_model,confidence_distortion,0.2,primary,3,0.9044459190444591,0.0,1736d96f49ce2b11efa0af904df1fecd2522afef1bcd569ccb8cefce04bde302
locked,bank_marketing,mean_ensemble,confidence_distortion,0.2,primary,3,0.9079849590798496,0.0,85b084eefeb652fac93bdad5ce3baedf2d6bf1972bcbed6ce7b493be8c24f3c5
locked,bank_marketing,static_weighted_ensemble,confidence_distortion,0.2,primary,3,0.90687900906879,0.0,94918a32e182ac2ebaba5cdde56bf77fe37a6c8fdfb48349851377c1189efba1
locked,bank_marketing,veto_mavs,confidence_distortion,0.2,primary,3,0.9079849590798496,0.0,e6ddb3adc6cc1730d32ea83b753fad9f19bf2dc40b4a8420abc621651fe7115c
locked,bank_marketing,pure_mavs_gc,confidence_distortion,0.2,primary,3,0.9033399690333996,0.0,6f60805340ad7f027ed21379d140443affdee3807cfe024fd4e92aeb044f7a13
locked,bank_marketing,single_model,confidence_distortion,0.2,shadow,2,0.9044459190444591,0.0,f62b39e7acee64e37586bba988af882ac6242f5e9fa12a267ec5d0dcbb96a1bb
locked,bank_marketing,mean_ensemble,confidence_distortion,0.2,shadow,2,0.9079849590798496,0.0,9bec8ef417f236523bed37beec12e95c39c38d8c2a2e62625ef6aca3286ed456
locked,bank_marketing,static_weighted_ensemble,confidence_distortion,0.2,shadow,2,0.90687900906879,0.0,7438a8fdd4ad3b703ea5ae680fe96ba02c1acdbd60e583302a360cd6b8d4c19f
locked,bank_marketing,veto_mavs,confidence_distortion,0.2,shadow,2,0.9079849590798496,0.0,a9f33d23db73ef56a9d677774d1f68a1f6d0dc31350c742730a9a89b31f65ea7
locked,bank_marketing,pure_mavs_gc,confidence_distortion,0.2,shadow,2,0.9033399690333996,0.0,52b05319432ad751b6afbb2ac395bd43088e760559336a96be77a5c899f917b9
locked,bank_marketing,single_model,confidence_distortion,0.4,primary,3,0.9044459190444591,0.0,5a80550fb14a48c465af46d46379826237d02dc9babedc0ec6c9011d13eb9c8f
locked,bank_marketing,mean_ensemble,confidence_distortion,0.4,primary,3,0.9079849590798496,0.0,8f35ecd6c2e03306d0caaa2bf20cfec7e3d4ec8b5e0f97f23618acf00cea70df
locked,bank_marketing,static_weighted_ensemble,confidence_distortion,0.4,primary,3,0.907100199071002,0.0,028a6d2ab17be6aed8325a45c43f5ed073692195edbd1ee04685d517d330000e
locked,bank_marketing,veto_mavs,confidence_distortion,0.4,primary,3,0.9079849590798496,0.0,79b923ee35c1ab103c785815a04cac7aad3989f31af5971177499eea164cf4c6
locked,bank_marketing,pure_mavs_gc,confidence_distortion,0.4,primary,3,0.9020128290201282,0.0,8b17231654fe5d15453c07754b645e4a5ce50f13e485af4dacaa2ffc11584714
locked,bank_marketing,single_model,confidence_distortion,0.4,shadow,2,0.9044459190444591,0.0,36b569bb2bdede210283f54542f8241505248e5fbaaca5b0cf1cc1e9799e395f
locked,bank_marketing,mean_ensemble,confidence_distortion,0.4,shadow,2,0.9079849590798496,0.0,b8ef0c3d391ddd6770e7b377f75fe266624425c5fafd824ea2a23541e85bac99
locked,bank_marketing,static_weighted_ensemble,confidence_distortion,0.4,shadow,2,0.907100199071002,0.0,1fcb19c249763f7822c94c415f9dfa555e8ad08d3f280bc99e74654d0d38e9d5
locked,bank_marketing,veto_mavs,confidence_distortion,0.4,shadow,2,0.9079849590798496,0.0,6e3ad354c34ad624a81f52681ec5367018ffcc7e46970609ba82b8d6e8960471
locked,bank_marketing,pure_mavs_gc,confidence_distortion,0.4,shadow,2,0.9020128290201282,0.0,3300050ea0b11c9c8d3e2e8e79992fa82b260446f5a42b550b082b4450163781
locked,bank_marketing,single_model,confidence_distortion,0.6,primary,3,0.9044459190444591,0.0,dc8ed5774658546b2f2e8dbd6bc4af389a884d659d09b6e0fb41fff74cbefbc4
locked,bank_marketing,mean_ensemble,confidence_distortion,0.6,primary,3,0.9079849590798496,0.0,d6199d8c8ea0e4a7ee20fd42f5ce9205c6331434d8ca0794262986b85bb1e5f7
locked,bank_marketing,static_weighted_ensemble,confidence_distortion,0.6,primary,3,0.907100199071002,0.0,3a4f3074a3c263a85c246040e6540e08a44b8fb7fc4fd875a6318dde5a7ed07d
locked,bank_marketing,veto_mavs,confidence_distortion,0.6,primary,3,0.9079849590798496,0.0,670835d444a47b75ef5ebf897fb8d49222effe0af105c71fe2bc8b703e1ddfa6
locked,bank_marketing,pure_mavs_gc,confidence_distortion,0.6,primary,3,0.900464499004645,0.0,47d816d5f722ab396d0131e6a39bc7222b50417a846d645800ac79af60c73ee1
locked,bank_marketing,single_model,confidence_distortion,0.6,shadow,2,0.9044459190444591,0.0,b11990d10481c3cef89545a0e8913605d8193024f6ddbcb73387cc5103ed6d58
locked,bank_marketing,mean_ensemble,confidence_distortion,0.6,shadow,2,0.9079849590798496,0.0,eb52eee2ab2cacf402579da09e2d3acf4c2189084be347dfec21567959380305
locked,bank_marketing,static_weighted_ensemble,confidence_distortion,0.6,shadow,2,0.907100199071002,0.0,731d01cc2be9f4225f3e79f571d50d0af999f4f725a2efbf384ae8058de0eade
locked,bank_marketing,veto_mavs,confidence_distortion,0.6,shadow,2,0.9079849590798496,0.0,6f3a8e2a6305d14d329150defe778b68ead592d2fbfd6c3c2f3320552540a16f
locked,bank_marketing,pure_mavs_gc,confidence_distortion,0.6,shadow,2,0.900464499004645,0.0,707b4b1ca67deb26d8f73facb6bc067742e7b3bb1328a3676352baaba5652847
locked,bank_marketing,single_model,confidence_distortion,0.8,primary,3,0.9044459190444591,0.0,416f616e51f7095623465d7cfcd024fe7f91922723b20f23af26fca03ef36c3c
locked,bank_marketing,mean_ensemble,confidence_distortion,0.8,primary,3,0.9079849590798496,0.0,6fb78146e4dac456c1393b9f3494eea9468589fea6e2839d3728de604ea4ca96
locked,bank_marketing,static_weighted_ensemble,confidence_distortion,0.8,primary,3,0.907100199071002,0.0,a5128048e471e125efc1e5dff974066ab2e8715faf9c8dd91e10f55eb1a5e1fd
locked,bank_marketing,veto_mavs,confidence_distortion,0.8,primary,3,0.9079849590798496,0.0,ac6a1a4406ba02ad194262b01ce4d90333d8372e53b30a2c60c68173c9a0abfc
locked,bank_marketing,pure_mavs_gc,confidence_distortion,0.8,primary,3,0.8984737889847378,1.232595164407831e-32,13c06b217da6dedf0cf8e11c0cd384606da28f18ccfe8d1a8a0a8f3418df93cd
locked,bank_marketing,single_model,confidence_distortion,0.8,shadow,2,0.9044459190444591,0.0,a68333d308f19b95e510c56430b1ca2392b76c43a80a2e7ebdf4b0f2b52d7f75
locked,bank_marketing,mean_ensemble,confidence_distortion,0.8,shadow,2,0.9079849590798496,0.0,a9b086cbc0226f840fd5e04267d110c9c82bc31c85757ace4181a8c5e9037ba9
locked,bank_marketing,static_weighted_ensemble,confidence_distortion,0.8,shadow,2,0.907100199071002,0.0,1e50ddfc56e0f71cc159ad5c6342fb1f0f57df0dd3e9f97cb714b93413da83fd
locked,bank_marketing,veto_mavs,confidence_distortion,0.8,shadow,2,0.9079849590798496,0.0,ebb81774c7325dd954e5e915fa4931f8e18ec9433486a5dd060d474d37cf656d
locked,bank_marketing,pure_mavs_gc,confidence_distortion,0.8,shadow,2,0.8984737889847378,0.0,1b7d54e9b1c7fac233fa30c376744073bb9286862c3f0c0253077d11b039ab03
locked,bank_marketing,single_model,confidence_distortion,1.0,primary,3,0.9044459190444591,0.0,b5fcb774667d8e10986afcdcd68d7f4ca13e8f2fcb6cfe6a4a09edd9314b59ce
locked,bank_marketing,mean_ensemble,confidence_distortion,1.0,primary,3,0.9079849590798496,0.0,64078e8b93144f638195197fe88e0a4f14ebe07a4f078bd2076a699b9e09007f
locked,bank_marketing,static_weighted_ensemble,confidence_distortion,1.0,primary,3,0.907100199071002,0.0,a00d860978c13535a8303995cc1f7017138077a15f1b75517aa4f0e07ea65a82
locked,bank_marketing,veto_mavs,confidence_distortion,1.0,primary,3,0.9079849590798496,0.0,734dbb7d5803d0315ddd502bff6f5976ed316fb1a20e3359d624213204e3935f
locked,bank_marketing,pure_mavs_gc,confidence_distortion,1.0,primary,3,0.8964830789648308,1.232595164407831e-32,ee973c8f78401c952485d0d35f118f289bdbcdfbee76729efe6ed1be52e0caba
locked,bank_marketing,single_model,confidence_distortion,1.0,shadow,2,0.9044459190444591,0.0,390b311386d0dd881609ad404763e627f31d9f33716582ed7a7a5d0f8b7c8719
locked,bank_marketing,mean_ensemble,confidence_distortion,1.0,shadow,2,0.9079849590798496,0.0,9a5acde376d59fae1bc8e4add2bdecf0063d279ccc06ce45491b6372985c03d7
locked,bank_marketing,static_weighted_ensemble,confidence_distortion,1.0,shadow,2,0.907100199071002,0.0,6ae8085554f479b05e010f821ce829961df3540f3908d4b37359cfbf1d1595d1
locked,bank_marketing,veto_mavs,confidence_distortion,1.0,shadow,2,0.9079849590798496,0.0,f6971623309efa3726138b41083562b011d98b4768f6f544b33fd5b81b6bb980
locked,bank_marketing,pure_mavs_gc,confidence_distortion,1.0,shadow,2,0.8964830789648308,0.0,94f1bb641d71195e737fe1c1d73ecd1e90771d6f1ab117cf79ada54789c41c7a
locked,bank_marketing,single_model,adversarial_confidence_inflation,0.0,primary,3,0.9044459190444591,0.0,954b89b722a250e3a60134c79ca28f3bf2fc4827aad0cea2c43c6d4252d6c343
locked,bank_marketing,mean_ensemble,adversarial_confidence_inflation,0.0,primary,3,0.9082061490820615,0.0,3c1ae4759d2b4bf9d4ec78be96811df67743ca1c7d18f3b9437973561fd2bdfa
locked,bank_marketing,static_weighted_ensemble,adversarial_confidence_inflation,0.0,primary,3,0.9066578190665782,0.0,e9a8a8c3355dc8a710396d7e2f73fd2f999ce658fd78bd54d7dcba699e6f29bd
locked,bank_marketing,veto_mavs,adversarial_confidence_inflation,0.0,primary,3,0.9082061490820615,0.0,90332177c647856fbd6dda21ed3fc65d586148092e99a69f3990501865bc2c00
locked,bank_marketing,pure_mavs_gc,adversarial_confidence_inflation,0.0,primary,3,0.9059942490599425,0.0,89968b2e5f6a9b30152837cd8fb47c78f3e461e436e78626adc7a6a90bb25915
locked,bank_marketing,single_model,adversarial_confidence_inflation,0.0,shadow,2,0.9044459190444591,0.0,3fa2af1f149638c01c854c0b9589a8872ebd13fd400ddada75833d082dc76213
locked,bank_marketing,mean_ensemble,adversarial_confidence_inflation,0.0,shadow,2,0.9082061490820615,0.0,d754716b89711674fc1977dc92cba2d84bb4753072d13c314dfee098216167b1
locked,bank_marketing,static_weighted_ensemble,adversarial_confidence_inflation,0.0,shadow,2,0.9066578190665782,0.0,8fbf20bd93dc4fd450e3575a70ebdcdb91de026698ebfa6c79c4d016cf19e9b6
locked,bank_marketing,veto_mavs,adversarial_confidence_inflation,0.0,shadow,2,0.9082061490820615,0.0,f92c0dc2d719badfe91504ba287d5b18ad9f4dacf165b94099866ec8cb4771da
locked,bank_marketing,pure_mavs_gc,adversarial_confidence_inflation,0.0,shadow,2,0.9059942490599425,0.0,cf74b41ad1c5132f1f02b1116933fe1818cb5ec4ae6f9d72d76f9e47bf816ad5
locked,bank_marketing,single_model,adversarial_confidence_inflation,0.05,primary,3,0.9044459190444591,0.0,5be0ca4056bd40c65d566fb05672e45bdfc11e1faca42f68145591ff6d1ca125
locked,bank_marketing,mean_ensemble,adversarial_confidence_inflation,0.05,primary,3,0.9076163090761631,1.0872226017442507e-08,c239a15606f7a4c479a1646a8ed012344fbbccb390640a66249195096dc133bc
locked,bank_marketing,static_weighted_ensemble,adversarial_confidence_inflation,0.05,primary,3,0.9065103590651036,4.348890406977003e-08,2221ebb2e3d1dbaf8fea1a8f3dc0f4196a48faefc2e9af516edb2f5ee9fbddce
locked,bank_marketing,veto_mavs,adversarial_confidence_inflation,0.05,primary,3,0.9076163090761631,1.0872226017442507e-08,4cf32e972f04359ae8f48da8ee2522dbb688ea458b71be03dd75557bc50dd89b
locked,bank_marketing,pure_mavs_gc,adversarial_confidence_inflation,0.05,primary,3,0.9056993290569934,1.0872226017453422e-08,66960fb0ab14c4aceb3f926a14824daab5a47351bfd88c73c32c7cff2317b84a
locked,bank_marketing,single_model,adversarial_confidence_inflation,0.05,shadow,2,0.9044459190444591,0.0,2eb23018e266c3a9741b99d23cb12bef3c2bd2912cc5ac5df75733bc8cb5f05b
locked,bank_marketing,mean_ensemble,adversarial_confidence_inflation,0.05,shadow,2,0.9080955540809555,1.22312542696351e-08,f1d301902b17f5b36113daad2e53669d8e14a1fc8e5cfc1c4ee509170cecca46
locked,bank_marketing,static_weighted_ensemble,adversarial_confidence_inflation,0.05,shadow,2,0.9063260340632604,1.2231254269622821e-08,9c56f63ceae4c300c545e3da4e2ca6d8045b219893dc6c3070ddc9bf75655a36
locked,bank_marketing,veto_mavs,adversarial_confidence_inflation,0.05,shadow,2,0.9080955540809555,1.22312542696351e-08,6ca048f2fdb595aed21ff4c3a5dc3b6422bf7db1cdbb6ff4e479b9febe0b0a0a
locked,bank_marketing,pure_mavs_gc,adversarial_confidence_inflation,0.05,shadow,2,0.9057730590577306,0.0,6c93401684e0e0c577f29558f56b98169207d6429e7fe076904b00cfc806e692
locked,bank_marketing,single_model,adversarial_confidence_inflation,0.1,primary,3,0.9044459190444591,0.0,c5d75e7eb3640824dffac4a4ce0a9e671fc900abb0c1dcb001cdf5dac01b63f8
locked,bank_marketing,mean_ensemble,adversarial_confidence_inflation,0.1,primary,3,0.9071739290717393,4.348890406979186e-08,b44d8cf3e9e29242c2d41539d7308d3fa7d3b4653dfc423a7cb72ebffa240971
locked,bank_marketing,static_weighted_ensemble,adversarial_confidence_inflation,0.1,primary,3,0.9056993290569934,7.610558212212485e-08,7018aec06e52667792a95ddab213c64284705a5de65dd966027790db179d704a
locked,bank_marketing,veto_mavs,adversarial_confidence_inflation,0.1,primary,3,0.9071739290717393,4.348890406979186e-08,f8231cf001b6c39e5106f013b40a45202f98c5a3f8c69bc3926315057790a928
locked,bank_marketing,pure_mavs_gc,adversarial_confidence_inflation,0.1,primary,3,0.9056993290569934,1.7395561627912378e-07,7e1168bcb789a7c42993299943ddffe78e7921a802eb969971f2e5a129d8273d
locked,bank_marketing,single_model,adversarial_confidence_inflation,0.1,shadow,2,0.9044459190444591,0.0,0527d7466624d60281d2dfb36e464c0b7c0032ae2a722247610c906f58e36ae7
locked,bank_marketing,mean_ensemble,adversarial_confidence_inflation,0.1,shadow,2,0.9075425790754258,4.8925017078491286e-08,0e4853a02b98e16d2d8e4364161470f12869aeffe9f774b3ca496dca1c706aca
locked,bank_marketing,static_weighted_ensemble,adversarial_confidence_inflation,0.1,shadow,2,0.9053306790533068,0.0,a60008c136ecc5c4661a7d99610c8a170894dcd6af92502267300fbb8149e40e
locked,bank_marketing,veto_mavs,adversarial_confidence_inflation,0.1,shadow,2,0.9075425790754258,4.8925017078491286e-08,4e276fe13fe1bc3d412b91deb1f5e202c81f63a842af708c6af98dab0775c74e
locked,bank_marketing,pure_mavs_gc,adversarial_confidence_inflation,0.1,shadow,2,0.9054412740544127,1.2231254269622821e-08,c52feb351a48429cf39796b975193f2716578d97d1a9dabfa9a911c39a5bdad5
locked,bank_marketing,single_model,adversarial_confidence_inflation,0.2,primary,3,0.9044459190444591,0.0,ad4fcc9eeb5ab55003f7a46bf7808600ccb0047fee7707efce4cab79c22d47f7
locked,bank_marketing,mean_ensemble,adversarial_confidence_inflation,0.2,primary,3,0.9042984590429846,7.610558212212485e-08,9d77814150ed84beb8c2e2945a3fd41b2a6f79325b3bbf4ee4348cd4b5e1161c
locked,bank_marketing,static_weighted_ensemble,adversarial_confidence_inflation,0.2,primary,3,0.90415099904151,4.6750571875009883e-07,4823af96605bce92b6126d0b80d3a32bd97b9e514be2d6771a2a55f70ed015d9
locked,bank_marketing,veto_mavs,adversarial_confidence_inflation,0.2,primary,3,0.9042984590429846,7.610558212212485e-08,d304f8d62d30e4eaec039fed4829b90889b907e43cca0d31568f9b0851ac5af7
locked,bank_marketing,pure_mavs_gc,adversarial_confidence_inflation,0.2,primary,3,0.9045196490451964,2.0657229433145134e-07,dbeb4018292bbd5b1f8df0940237d920cf1a2e0473ceebc1726fe82ce3856114
locked,bank_marketing,single_model,adversarial_confidence_inflation,0.2,shadow,2,0.9044459190444591,0.0,3f7bba06bee516b4bc5b7a6c45bdbefff73f21c1ba643e73d16029f6ba9dce5a
locked,bank_marketing,mean_ensemble,adversarial_confidence_inflation,0.2,shadow,2,0.904888299048883,0.0,e32de2a7148200d2c67cfbaf7e8a3c8c2f3444c39525d6a9575da5ebc0945726
locked,bank_marketing,static_weighted_ensemble,adversarial_confidence_inflation,0.2,shadow,2,0.9034505640345056,5.993314592116042e-07,10edb131f1685fb71063f02747776cd38ec24285fb82393edce11b019a008450
locked,bank_marketing,veto_mavs,adversarial_confidence_inflation,0.2,shadow,2,0.904888299048883,0.0,0a3113d058cbc749dac63bb0b7c69a97463f5102e32c068205bdcf7c9665bed1
locked,bank_marketing,pure_mavs_gc,adversarial_confidence_inflation,0.2,shadow,2,0.9041141340411414,3.057813567406319e-07,e3d6c70f45d360771b625cd66accf5e6599c7943e97736de63c66958a278a571
locked,bank_marketing,single_model,adversarial_confidence_inflation,0.4,primary,3,0.9044459190444591,0.0,23e13632bfd5489876d6c5306ac1db994be59780a4f17f121fb82c439ef6cf1f
locked,bank_marketing,mean_ensemble,adversarial_confidence_inflation,0.4,primary,3,0.8964830789648308,4.2401681468032325e-07,c2b8921543dece40636423a5a8274c567faaa0b18fb3e83d954b73757cfb5f7b
locked,bank_marketing,static_weighted_ensemble,adversarial_confidence_inflation,0.4,primary,3,0.8997271989972719,4.6750571875009883e-07,96511b8dd8c2ffc6f07a1a3acfdc9fc4a55c09af0b5b78370c8d572a8e0c0ceb
locked,bank_marketing,veto_mavs,adversarial_confidence_inflation,0.4,primary,3,0.8964830789648308,4.2401681468032325e-07,5e1f2e7ba320ddb42c5bb42e519f436f44d6ba69f79b42743436825c32871a6f
locked,bank_marketing,pure_mavs_gc,adversarial_confidence_inflation,0.4,primary,3,0.8997271989972719,4.6750571875009883e-07,1908816f66a81deb1fcf6117b694f74ecd6b4484eb01b0d914ef7547ca7acf14
locked,bank_marketing,single_model,adversarial_confidence_inflation,0.4,shadow,2,0.9044459190444591,0.0,241894f1f56d74d502aff13b27668c921aac53813f47e6f98c0863aef75ee8d9
locked,bank_marketing,mean_ensemble,adversarial_confidence_inflation,0.4,shadow,2,0.8962618889626189,0.0,74ab06e1d5dc5bcf63da923bce5f2293fca801373a7d4f1bfe7b1e0e70e2e819
locked,bank_marketing,static_weighted_ensemble,adversarial_confidence_inflation,0.4,shadow,2,0.8989161689891616,4.4032515370649527e-07,1020ae5a3e4310d7123fee9362bcbcebc376fae42ac7715d351ddb4d325136f0
locked,bank_marketing,veto_mavs,adversarial_confidence_inflation,0.4,shadow,2,0.8962618889626189,0.0,9429ce405743989031f03fba9d26d7d64ddab9f5561b71b0fa1d69610cda5642
locked,bank_marketing,pure_mavs_gc,adversarial_confidence_inflation,0.4,shadow,2,0.8992479539924796,3.057813567406319e-07,e637d5b1d70dfdeff0fb0838bb39b7b03ba6f3380692b53aaae81a9601287cb4
locked,bank_marketing,single_model,adversarial_confidence_inflation,0.6,primary,3,0.9044459190444591,0.0,169665509bfc93104a87897c4714d1ab647c594259a4232d0d073fe7fe86c573
locked,bank_marketing,mean_ensemble,adversarial_confidence_inflation,0.6,primary,3,0.8873405588734056,1.0546059236921034e-06,342412c3acef62346d3f8a3aab847b1792902ed3b5ac3a6c5b06e1a6573b4b11
locked,bank_marketing,static_weighted_ensemble,adversarial_confidence_inflation,0.6,primary,3,0.8927965789279658,3.0442232848844483e-07,139fb6ff930434eb8724556cfbb2787ad311fd0ddd076ed62381662535810d37
locked,bank_marketing,veto_mavs,adversarial_confidence_inflation,0.6,primary,3,0.8873405588734056,1.0546059236921034e-06,8240ce83444453af587268f91d8a5021b802f61fd1da54d89f8975151b4f17d3
locked,bank_marketing,pure_mavs_gc,adversarial_confidence_inflation,0.6,primary,3,0.8940499889404999,2.9355010247099683e-07,87f43482e523b053c3ebd49ff9b7994fee01183dc1f1294a4c7c21b67d499679
locked,bank_marketing,single_model,adversarial_confidence_inflation,0.6,shadow,2,0.9044459190444591,0.0,a0a8bfd921144952d128037439f5866fcef3bb2f9e899ee2dc51525ca7223512
locked,bank_marketing,mean_ensemble,adversarial_confidence_inflation,0.6,shadow,2,0.8876354788763547,1.9570006831401425e-07,3c2ff83ecc86917301759a8a4b3889d19b9c601c5b9d256aacfab6c642b35f88
locked,bank_marketing,static_weighted_ensemble,adversarial_confidence_inflation,0.6,shadow,2,0.893718203937182,1.1008128842664223e-07,a34473d62f33d19a698e8be748071594b48471effc6227804edca145b959a7e6
locked,bank_marketing,veto_mavs,adversarial_confidence_inflation,0.6,shadow,2,0.8876354788763547,1.9570006831401425e-07,202da31ffed13cb326b27b374a8993238ee4b86693c50e80de0fa8aaeb1eed01
locked,bank_marketing,pure_mavs_gc,adversarial_confidence_inflation,0.6,shadow,2,0.8946029639460296,9.907315958396695e-07,d3afc9b50bb433a52c4398eccd0cd5f35680ed02bfe141fee02980905e80719e
locked,bank_marketing,single_model,adversarial_confidence_inflation,0.8,primary,3,0.9044459190444591,0.0,49d8de4c273b19f05bfe1e386cad39cef81c8d7e2412f55a160b537431c9a8c2
locked,bank_marketing,mean_ensemble,adversarial_confidence_inflation,0.8,primary,3,0.8779768487797684,7.284391431688228e-07,98d49f78613a54b0e47d24c858da0936e092e9fe58374420c9112f0154848190
locked,bank_marketing,static_weighted_ensemble,adversarial_confidence_inflation,0.8,primary,3,0.8874880188748802,1.413389382267799e-07,46349919241b37a8856801179f0cbe0e406ba3f431a30cc56a745eb2bcc49f58
locked,bank_marketing,veto_mavs,adversarial_confidence_inflation,0.8,primary,3,0.8779768487797684,7.284391431688228e-07,dbebfd8be2eaa02e7a8530feb20abcedf15a21ad930ba60e45c70f6b2de56778
locked,bank_marketing,pure_mavs_gc,adversarial_confidence_inflation,0.8,primary,3,0.8868981788689818,3.0442232848843387e-07,bc4f39cbb81bc8d5a9bc40fbd362bb40e51d8711f1ef4a66114e12ddc55c8bc1
locked,bank_marketing,single_model,adversarial_confidence_inflation,0.8,shadow,2,0.9044459190444591,0.0,23a4cafe64080ed2bf19384797a8b1f6f02afd88f40ff83da4225788bd9c758e
locked,bank_marketing,mean_ensemble,adversarial_confidence_inflation,0.8,shadow,2,0.8753594337535944,1.4799817666246317e-06,66728b12a1a48361342b18f4e87b2da98a7fd7a0d4815e2df58a29bf487d657c
locked,bank_marketing,static_weighted_ensemble,adversarial_confidence_inflation,0.8,shadow,2,0.8876354788763547,0.0,f05dce6643997fd168ff0a0d684b5dcad73812c36079ce14f83f93af61c5c0a6
locked,bank_marketing,veto_mavs,adversarial_confidence_inflation,0.8,shadow,2,0.8753594337535944,1.4799817666246317e-06,5d95e563e600b8300206847260b6ecc7f66c9c9cc4993c1767d59d2686d28a57
locked,bank_marketing,pure_mavs_gc,adversarial_confidence_inflation,0.8,shadow,2,0.8856447688564477,4.8925017078491286e-08,38231534657c2a588b84ddc7f8290afbd0c01646a573f98d2b7c34e9945b21a6
locked,bank_marketing,single_model,adversarial_confidence_inflation,1.0,primary,3,0.9044459190444591,0.0,449912f34f4dc87c779951eda347b8a95ca48a0c3acd9d0922a7409965124f56
locked,bank_marketing,mean_ensemble,adversarial_confidence_inflation,1.0,primary,3,0.8683919486839194,0.0,ac1319d9e9f3ad221546a752712c0cfb235ea821e4ff62e5ec183fd1a58bc1ec
locked,bank_marketing,static_weighted_ensemble,adversarial_confidence_inflation,1.0,primary,3,0.882769298827693,0.0,703d71c25a04ef424448b5663bac4ab7880e075b54f71f17e8cd7ee0462a3077
locked,bank_marketing,veto_mavs,adversarial_confidence_inflation,1.0,primary,3,0.8683919486839194,0.0,459bb84af218ef4516563ead2f3db7f27136889a65bd74bc7b62fb89601ad987
locked,bank_marketing,pure_mavs_gc,adversarial_confidence_inflation,1.0,primary,3,0.8814421588144216,0.0,d670d61f36b48fc63b472e1692c8d3a8c461a8c04a81e6424db4dffa40ed4eaf
locked,bank_marketing,single_model,adversarial_confidence_inflation,1.0,shadow,2,0.9044459190444591,0.0,97eab10eee58bfa8e46a05c18681ba25eb872d7e59cfae84207b542f37248558
locked,bank_marketing,mean_ensemble,adversarial_confidence_inflation,1.0,shadow,2,0.8683919486839194,0.0,0728d9297702171463fc33b90f72a2853a67a48d09d62c0418622a0d357fa1f8
locked,bank_marketing,static_weighted_ensemble,adversarial_confidence_inflation,1.0,shadow,2,0.882769298827693,0.0,fa6147ddbce7ee60076437c5d4bb1b4498b65bd49cbb778e0d569fe35ec96a30
locked,bank_marketing,veto_mavs,adversarial_confidence_inflation,1.0,shadow,2,0.8683919486839194,0.0,260bfa350e85d056113a956e11917d7e9f209d0a7eb8e57b9239c95561e6dd44
locked,bank_marketing,pure_mavs_gc,adversarial_confidence_inflation,1.0,shadow,2,0.8814421588144216,0.0,abd34c9ca9e373b1d36d87735eaa0a85ef539fc875a0c921337b8cd75fcdc0a3
locked,bank_marketing,single_model,distribution_shift,0.0,primary,3,0.9044459190444591,0.0,8d3144e9d76fc15fc3347c3cacd64d88ef27254739f37ec9276caa124f982a4d
locked,bank_marketing,mean_ensemble,distribution_shift,0.0,primary,3,0.9082061490820615,0.0,0f3750e38b7c237c5e03856ed2efcea25aecea1b3ce122da730283ab5189bb73
locked,bank_marketing,static_weighted_ensemble,distribution_shift,0.0,primary,3,0.9066578190665782,0.0,cff59f73bedc1ff587de5584b188c1d22cae3cb1117c615b606736ec1f07a1db
locked,bank_marketing,veto_mavs,distribution_shift,0.0,primary,3,0.9082061490820615,0.0,d577b231b40691430ad8dce11333b001256941b34db6b9af596c336426582073
locked,bank_marketing,pure_mavs_gc,distribution_shift,0.0,primary,3,0.9059942490599425,0.0,57be63efff0ffc01ec60bd744e311c3bc26fe55a4d43ebeb74d49ff589566bae
locked,bank_marketing,single_model,distribution_shift,0.0,shadow,2,0.9044459190444591,0.0,13f959289a9ca7391e7e951851dbf12f9d37ba0960e8a24ff47640949d42bf8a
locked,bank_marketing,mean_ensemble,distribution_shift,0.0,shadow,2,0.9082061490820615,0.0,b6790ec7c67685935974e363e0749cf4c2a4143029074b38ba7869b8f3f9450b
locked,bank_marketing,static_weighted_ensemble,distribution_shift,0.0,shadow,2,0.9066578190665782,0.0,bebdcecd6b05738b2f33c8e384cab8ce415359ad541832c816cb8987b7e74f7e
locked,bank_marketing,veto_mavs,distribution_shift,0.0,shadow,2,0.9082061490820615,0.0,eb78edfc8f2fc189f448be8736ce478111a9614a4408ecb309f52ceb8bbf1c63
locked,bank_marketing,pure_mavs_gc,distribution_shift,0.0,shadow,2,0.9059942490599425,0.0,3104e47fac41b959c150884c6acc0330e5b019d976967441c13893cdbe91e22f
locked,bank_marketing,single_model,distribution_shift,0.05,primary,3,0.9021714285714286,0.0,3467641fc9b1162043a21e7154242d18d8d9f89ff6548c46db5d43eeb26d49e0
locked,bank_marketing,mean_ensemble,distribution_shift,0.05,primary,3,0.9058285714285714,1.232595164407831e-32,81712f61075657f07d5ab859b11c4173c77f14737a39644fe4338f8b08caf70c
locked,bank_marketing,static_weighted_ensemble,distribution_shift,0.05,primary,3,0.9042285714285714,0.0,87915b4d701492686de6913065ac2ced42ae9fdfe495e1f6c78e41071c828d91
locked,bank_marketing,veto_mavs,distribution_shift,0.05,primary,3,0.9058285714285714,1.232595164407831e-32,eeebd65e258585dc56fc4e409ecdcdca97748c0877ae8a35040b28138eadf685
locked,bank_marketing,pure_mavs_gc,distribution_shift,0.05,primary,3,0.9037714285714286,0.0,217f3a8972caa4b9a8a63eee38f949fe178ddcc42f8bd21e070f4811200c81ee
locked,bank_marketing,single_model,distribution_shift,0.05,shadow,2,0.9021714285714286,0.0,88af144e6a3299401f27518c332e1175e0f7c9f9e35a02e5134f8d6d90ef57e5
locked,bank_marketing,mean_ensemble,distribution_shift,0.05,shadow,2,0.9058285714285714,0.0,e2ab5d73dffccbdb1021ccd4b9cc92c90236623db10fc1ad093ff5e48da45a14
locked,bank_marketing,static_weighted_ensemble,distribution_shift,0.05,shadow,2,0.9042285714285714,0.0,97f4af9d7b639435cc3987bc18854d3b02c605d0bbe19713fa0ef052c939cbbf
locked,bank_marketing,veto_mavs,distribution_shift,0.05,shadow,2,0.9058285714285714,0.0,feaf74b86f161d6830fb866ffc54a1b6f8f2b30f7b4075362ce98085a8d81d81
locked,bank_marketing,pure_mavs_gc,distribution_shift,0.05,shadow,2,0.9037714285714286,0.0,7e27fba3048cfb0141b5c22f7c9aa0873ce24a189f01e2470b7e19e3a90141c7
locked,bank_marketing,single_model,distribution_shift,0.1,primary,3,0.9008987701040682,0.0,a5ca50ce99602dc6c45329db7d77289547c75a657e65f1b1b21c53fee389967c
locked,bank_marketing,mean_ensemble,distribution_shift,0.1,primary,3,0.9046830652790918,0.0,a2f92018f28a46d85f7efb8c4e2ec771b9278430ad8da1fb4e32bd2eb763d3fc
locked,bank_marketing,static_weighted_ensemble,distribution_shift,0.1,primary,3,0.9030274361400189,0.0,0e7461fd5d591fedc4a2160c93e82ac3451dc54761b4e87ad2cbf05296798db5
locked,bank_marketing,veto_mavs,distribution_shift,0.1,primary,3,0.9046830652790918,0.0,e4a94f27515e41df08fac1f281512c55728cc2c92d49c8a566dd0b7f8f440663
locked,bank_marketing,pure_mavs_gc,distribution_shift,0.1,primary,3,0.902554399243141,0.0,1a3c39ccb07119d87a58c903b1e5450e20866ae97b639920ac2d1a1cfccf3260
locked,bank_marketing,single_model,distribution_shift,0.1,shadow,2,0.9008987701040682,0.0,0d3cb24d03f72485596dc1ce7107d769260abcf7f39349b50ad84c8b098f0e20
locked,bank_marketing,mean_ensemble,distribution_shift,0.1,shadow,2,0.9046830652790918,0.0,19f6fd242dcabbf528fbcf5f77e765b7bda1b7c2f204655caf303bada792393c
locked,bank_marketing,static_weighted_ensemble,distribution_shift,0.1,shadow,2,0.9030274361400189,0.0,00cb04cd91bf80fab4a794af57970a8f270721cb87cafc99489042002fec9dce
locked,bank_marketing,veto_mavs,distribution_shift,0.1,shadow,2,0.9046830652790918,0.0,39e25d377e04daa14c425c34fb616147a83b5749a458653deeabbce052f7c45e
locked,bank_marketing,pure_mavs_gc,distribution_shift,0.1,shadow,2,0.902554399243141,0.0,868c6f7edd0af43861c253fdddff324084f8ffacf3d41c0781895f9041a0573c
locked,bank_marketing,single_model,distribution_shift,0.2,primary,3,0.8960345704117946,0.0,49c56aead7fd16c8854ecf3148403da145f943fb596fc5a659a03506ed642f71
locked,bank_marketing,mean_ensemble,distribution_shift,0.2,primary,3,0.900355871886121,0.0,90629f09de99f9cd178373bf3af6a80ab438ac50bd688eb5d016ea6ce45dd5b0
locked,bank_marketing,static_weighted_ensemble,distribution_shift,0.2,primary,3,0.8983223182511438,0.0,e4957aaa35aa598e8f0e2fe08c78e31d7369b4703f69e50adf8753bded0d1c85
locked,bank_marketing,veto_mavs,distribution_shift,0.2,primary,3,0.900355871886121,0.0,338e20ffc99f3ca9dfc76ad04cdf09b7c24db3b5b6b1ba410bfffd025a9832b3
locked,bank_marketing,pure_mavs_gc,distribution_shift,0.2,primary,3,0.8978139298423996,0.0,e1a85a21d31da62a4a8e1e346d037c26b5e4d6c2540c9506a5e4886a94805e97
locked,bank_marketing,single_model,distribution_shift,0.2,shadow,2,0.8960345704117946,0.0,eef571035b116894f9d694719b688deccf6a798a027dafab80de395b63e90829
locked,bank_marketing,mean_ensemble,distribution_shift,0.2,shadow,2,0.900355871886121,0.0,89ea0d4a75ccab7c5804c9ce736809c30dd3c6cbd2f1d382b4c1332aaa5bdd5e
locked,bank_marketing,static_weighted_ensemble,distribution_shift,0.2,shadow,2,0.8983223182511438,0.0,7f6ea3323df7ea8c5d1cbfca95607b45f010f52a3cfb229ec64f83d68019a17f
locked,bank_marketing,veto_mavs,distribution_shift,0.2,shadow,2,0.900355871886121,0.0,a5ca70ce6bf2d0e288fcf6af4cd83ad01180660ccf84c118aa45747b7b7f8378
locked,bank_marketing,pure_mavs_gc,distribution_shift,0.2,shadow,2,0.8978139298423996,0.0,e68e0a4aad20bd6ef1d0354948c9ce30675360e28234a680a2188d18253abd7f
locked,bank_marketing,single_model,distribution_shift,0.4,primary,3,0.8879258816497311,0.0,0abc7a74d601f3697c8aa856ef4d34f1e58cf38f16a12d2ceb51b9f7c79efe7e
locked,bank_marketing,mean_ensemble,distribution_shift,0.4,primary,3,0.8927077106993425,0.0,ddaa88bf20e36a9eeec980b99c2b811ac7e179aa1fbfaa516ead76524ad8705f
locked,bank_marketing,static_weighted_ensemble,distribution_shift,0.4,primary,3,0.8900179318589361,0.0,b61114cfb96ca9dc3c1bc8fb6573a04a71bd010f9ec9f003dfdd2f44bbf50f9e
locked,bank_marketing,veto_mavs,distribution_shift,0.4,primary,3,0.8927077106993425,0.0,e9840c4a3d741ebdca578744951d27e0f4c1659d059f9860a3d0f07f43095cfc
locked,bank_marketing,pure_mavs_gc,distribution_shift,0.4,primary,3,0.8894202032277346,0.0,169c18d25b34236a2c05de42bb062b7d910617a906942254e54a9a1319a4b844
locked,bank_marketing,single_model,distribution_shift,0.4,shadow,2,0.8879258816497311,0.0,166afca94b02fd81810e39cc1effdee313559bfecd7a1b0306d114d470c5eca0
locked,bank_marketing,mean_ensemble,distribution_shift,0.4,shadow,2,0.8927077106993425,0.0,d39f1697c74e5b3c343ae1298c37beecba36bfd808e9a1a28c48bda0e3349097
locked,bank_marketing,static_weighted_ensemble,distribution_shift,0.4,shadow,2,0.8900179318589361,0.0,31fed117f57e4550aa4e8d65cad90ffa75a725448a4f3b63d6e014ee04a317b1
locked,bank_marketing,veto_mavs,distribution_shift,0.4,shadow,2,0.8927077106993425,0.0,48b9e6511cc079b7cbf7eadebfc6ffe7fbc2a075eec0bdd510363528ecf926ec
locked,bank_marketing,pure_mavs_gc,distribution_shift,0.4,shadow,2,0.8894202032277346,0.0,5d2f046937b3f74aa725e40169b4f9d849242d6b0963b85cfb759730da7065d5
locked,bank_marketing,single_model,distribution_shift,0.6,primary,3,0.8720087019579406,1.232595164407831e-32,e38fc3f1e52d59a8e53a1fcc88830287f854b2789b23632b275f4d15cee32ced
locked,bank_marketing,mean_ensemble,distribution_shift,0.6,primary,3,0.8781725888324873,0.0,a44a1e4c32f012c51f058f43287d9a60f3cfee8d9cf2b9dcd6dc453630417cdb
locked,bank_marketing,static_weighted_ensemble,distribution_shift,0.6,primary,3,0.8745467730239304,0.0,a102a9a14a25246a7df03c1fbf8c0edf6dde390fbf8434e50b4bc496171becba
locked,bank_marketing,veto_mavs,distribution_shift,0.6,primary,3,0.8781725888324873,0.0,e590962f39de0284f57b89b409758930b76f1d501f9dcdad5d55f6f4ef533ca3
locked,bank_marketing,pure_mavs_gc,distribution_shift,0.6,primary,3,0.874909354604786,0.0,881b447d415a2d4672cb5728682eeac856e7eea62dd1d5665a090583294bb2b7
locked,bank_marketing,single_model,distribution_shift,0.6,shadow,2,0.8720087019579406,0.0,046b2b072cc4f34280f95e5a3781e8dc21ffd854272f8ee262c8a7168dea6771
locked,bank_marketing,mean_ensemble,distribution_shift,0.6,shadow,2,0.8781725888324873,0.0,11032c23ca83fc4ddd5d636ed9309148e30f388671a1f98de06ab69201ce84cf
locked,bank_marketing,static_weighted_ensemble,distribution_shift,0.6,shadow,2,0.8745467730239304,0.0,a3f98b7fc87e1af82fe3485d5935d4dc00bf06a6282b5b17be4dde815daa7015
locked,bank_marketing,veto_mavs,distribution_shift,0.6,shadow,2,0.8781725888324873,0.0,de7fcc12f9d1134a323b125d828bc5bcf1fe6f4c74518541ac7ad5333d9bfc6c
locked,bank_marketing,pure_mavs_gc,distribution_shift,0.6,shadow,2,0.874909354604786,0.0,ac5a0f4ebf9944f71057e54604a2c0d107d23f052c94c95f8bb7f49e73f91077
locked,bank_marketing,single_model,distribution_shift,0.8,primary,3,0.8576692768309535,1.232595164407831e-32,3b6b2b9d1c5d5cd9dc9ebeba99e69ab895187ce872120db4569b547ea24739b8
locked,bank_marketing,mean_ensemble,distribution_shift,0.8,primary,3,0.8650391524643022,1.232595164407831e-32,bde4aa45619637eea86d657a20a0f88d940896700f132faac14c242999f7d311
locked,bank_marketing,static_weighted_ensemble,distribution_shift,0.8,primary,3,0.8599723629663749,1.232595164407831e-32,d249e7345fe129b13fa9059c0656d8e08d8f59aaba084ae518f608899c56ae74
locked,bank_marketing,veto_mavs,distribution_shift,0.8,primary,3,0.8650391524643022,1.232595164407831e-32,8e787bf7535509ace4adc217def7814c7d4831da46900566f5a49c38f7cd1ba9
locked,bank_marketing,pure_mavs_gc,distribution_shift,0.8,primary,3,0.8618148318747121,0.0,fef3f073e634603e25b89bfd7f111c85b1f4f326efa66533fb398297fa6c7e72
locked,bank_marketing,single_model,distribution_shift,0.8,shadow,2,0.8576692768309535,0.0,a2823960e4d22edaa7929355a220fde02b282bbd535febcc6887c9a021afe921
locked,bank_marketing,mean_ensemble,distribution_shift,0.8,shadow,2,0.8650391524643022,0.0,e1dd9cd87d175343bc2adb5ac27831b2a23f98d75941aef4506b34225db37fb1
locked,bank_marketing,static_weighted_ensemble,distribution_shift,0.8,shadow,2,0.8599723629663749,0.0,3e22ecb0cc37cc8c354800f363485d1cbc7ced83f1e4414d769d36435b33e262
locked,bank_marketing,veto_mavs,distribution_shift,0.8,shadow,2,0.8650391524643022,0.0,b23b552a939a35cc58c2f985d6d6f2ddd5999545a90076ff5d2051de28e97523
locked,bank_marketing,pure_mavs_gc,distribution_shift,0.8,shadow,2,0.8618148318747121,0.0,0d0d1c7a628a4e93e0561b13d758c82e059f1a478273e362ef693f9e17a530b2
locked,bank_marketing,single_model,distribution_shift,1.0,primary,3,0.8300694883133292,0.0,284054d23d0ca399c8594634c9030823fa98c063bc2f3ddba47cc7cd963134b7
locked,bank_marketing,mean_ensemble,distribution_shift,1.0,primary,3,0.8420720151610865,0.0,7714b668382b47bd9cab83ebf467c6b3697c97fbe55156e40368b10b059fc9f7
locked,bank_marketing,static_weighted_ensemble,distribution_shift,1.0,primary,3,0.83575489576753,0.0,25e6f3c7eec94e1fb78c86ff4dac4125f78e38a27fc767977d31417cb83080d7
locked,bank_marketing,veto_mavs,distribution_shift,1.0,primary,3,0.8420720151610865,0.0,b4647ba0f699b9900a8be9714e0856476817b6307821869206d4ffa09e23801e
locked,bank_marketing,pure_mavs_gc,distribution_shift,1.0,primary,3,0.8382817435249527,0.0,333a54d7495206056c89b87a6b47ebe830fd974d90edecf974ef568cd821a29a
locked,bank_marketing,single_model,distribution_shift,1.0,shadow,2,0.8300694883133292,0.0,9dc0e230ebc4ebc0a31f0fea3ccfe81aec8b25728bedfec03d2bbbe4dd73bc11
locked,bank_marketing,mean_ensemble,distribution_shift,1.0,shadow,2,0.8420720151610865,0.0,28f1270f3c435e1ca4269820a4a57b5101e6af5c20e0833b62defce34f292ce0
locked,bank_marketing,static_weighted_ensemble,distribution_shift,1.0,shadow,2,0.83575489576753,0.0,8985f840f5f487ecfc19959adf8f1d629d4e230a68e76c9e4d501bba9fc70468
locked,bank_marketing,veto_mavs,distribution_shift,1.0,shadow,2,0.8420720151610865,0.0,74d10d4f8e54471fb5fe52415d091e4036a3a0e241f5627d2605c5baac3a3414
locked,bank_marketing,pure_mavs_gc,distribution_shift,1.0,shadow,2,0.8382817435249527,0.0,ed1f4b2217ebb64e361537da4a894b73b0003eeda7704eb2e218759574137407
locked,bank_marketing,single_model,synthetic_sensor_failure,0.0,primary,3,0.9044459190444591,0.0,e972e220b11a755342833d1f0d7a5c3fd83aad13d75c38ee1a630e806382e5b0
locked,bank_marketing,mean_ensemble,synthetic_sensor_failure,0.0,primary,3,0.9082061490820615,0.0,48e8aa66eb392eed445f6001a696c75078e6d296b7f1dbff27d419d30d18f9e1
locked,bank_marketing,static_weighted_ensemble,synthetic_sensor_failure,0.0,primary,3,0.9066578190665782,0.0,c557fcac10f0f8179c2b069a256f0bf6934012f0ba3a96cfd4afcb8b18f924b5
locked,bank_marketing,veto_mavs,synthetic_sensor_failure,0.0,primary,3,0.9082061490820615,0.0,c8488a64683f2d4e78b82148543f823b4f82675c2942dd76014b9cab400af193
locked,bank_marketing,pure_mavs_gc,synthetic_sensor_failure,0.0,primary,3,0.9059942490599425,0.0,01448f283cdd1ede0f7dabc700887a70ce30a23888bcc7dccb501a97c00f2c10
locked,bank_marketing,single_model,synthetic_sensor_failure,0.0,shadow,2,0.9044459190444591,0.0,e977ffbdd3eba238c3be993892c01cf777c81ca1761c164a2fabf3e08e1d5256
locked,bank_marketing,mean_ensemble,synthetic_sensor_failure,0.0,shadow,2,0.9082061490820615,0.0,bf1edb31bac02c8322e7613137c7868f669ae8a81989f8cb342f7c02400db213
locked,bank_marketing,static_weighted_ensemble,synthetic_sensor_failure,0.0,shadow,2,0.9066578190665782,0.0,d7a8a2a9c30efa94c0954c85d9a1b016537733993e4a69e2a4b1d1edcad9d12f
locked,bank_marketing,veto_mavs,synthetic_sensor_failure,0.0,shadow,2,0.9082061490820615,0.0,8cf366ee8e5dd39a8fca9dff49e5ccba35e69cbf0967f3a73d4f727461f5f439
locked,bank_marketing,pure_mavs_gc,synthetic_sensor_failure,0.0,shadow,2,0.9059942490599425,0.0,13fecd32235ee7a836ef01b7cd73332696998943e53de69071456e2a81fe4434
locked,bank_marketing,single_model,synthetic_sensor_failure,0.05,primary,3,0.8874142888741429,0.0,68620e92338aea6713e45965a6c997ddd3ef7c3548ee26724a8aed97462cc89e
locked,bank_marketing,mean_ensemble,synthetic_sensor_failure,0.05,primary,3,0.891616898916169,0.0,07ebc6deb102b476ed46a13b345fc87dac47807cddebccf4c08e0bc95bbc4f2f
locked,bank_marketing,static_weighted_ensemble,synthetic_sensor_failure,0.05,primary,3,0.8889626188896262,1.232595164407831e-32,f48f075df55da4e2e0a3e6df550a94cbd9ebae17f84f8fbf5b1f844ffc317bb8
locked,bank_marketing,veto_mavs,synthetic_sensor_failure,0.05,primary,3,0.891616898916169,0.0,2ffd9478d3cc2c8cee38f3cf20e61f495de1f6507889b0c27b414e4ffb8f82ce
locked,bank_marketing,pure_mavs_gc,synthetic_sensor_failure,0.05,primary,3,0.8933864189338642,0.0,816a069526af636f2d359817bee196ab0b16d58445dc1b4ce9a112568b6372e3
locked,bank_marketing,single_model,synthetic_sensor_failure,0.05,shadow,2,0.8874142888741429,0.0,2b344bbd7e9f42d459e81a69fd3295cde010a46250e7a0b7087d61e825408a46
locked,bank_marketing,mean_ensemble,synthetic_sensor_failure,0.05,shadow,2,0.891616898916169,0.0,fdf1841c9216955617a409dad723f80e3a19bf467c56a354fa2d126bf9c99c5f
locked,bank_marketing,static_weighted_ensemble,synthetic_sensor_failure,0.05,shadow,2,0.8889626188896262,0.0,d5d53e5f1f84db98c3945dc7b41d08c84fab6777a837051e8f10496851dd2510
locked,bank_marketing,veto_mavs,synthetic_sensor_failure,0.05,shadow,2,0.891616898916169,0.0,7e0a38a1b3dbe7c5525d4c01b5513c268aa4a381656785391e786bfb93d7b854
locked,bank_marketing,pure_mavs_gc,synthetic_sensor_failure,0.05,shadow,2,0.8933864189338642,0.0,c656cb55ce7d1c9c5f5fe4f6f591dd12a9149ff084f276913d48010c66d379ce
locked,bank_marketing,single_model,synthetic_sensor_failure,0.1,primary,3,0.8874142888741429,0.0,67ea27d58560f213b616e8e28fa807d7e282b911312a438c3dcc5374abcf5333
locked,bank_marketing,mean_ensemble,synthetic_sensor_failure,0.1,primary,3,0.891616898916169,0.0,558dc92080993e1ac3dfa2534a8a3813797453636cdaec422897b632396365be
locked,bank_marketing,static_weighted_ensemble,synthetic_sensor_failure,0.1,primary,3,0.8889626188896262,1.232595164407831e-32,5eb7f503f50bc075d305fc1c426ec8eecca7dea917f44a60301aa85e4c679ab6
locked,bank_marketing,veto_mavs,synthetic_sensor_failure,0.1,primary,3,0.891616898916169,0.0,5d770b95c9aa2151daed986102c85efe058d2bccc10f580aa43c46c85d3df4c1
locked,bank_marketing,pure_mavs_gc,synthetic_sensor_failure,0.1,primary,3,0.8933864189338642,0.0,3c668d4834e95a654d9e6a930fc3a72773ba90bd28561883e3cf8d6b48cff7be
locked,bank_marketing,single_model,synthetic_sensor_failure,0.1,shadow,2,0.8874142888741429,0.0,3c9a1855d244bbbca017efe13923c2befbb9a52bd876d06e5fc6d53f48821bf1
locked,bank_marketing,mean_ensemble,synthetic_sensor_failure,0.1,shadow,2,0.891616898916169,0.0,e506c2f9f20692a591402b3a8d21c1b669e7e89569a53a9b882b5181737ef65f
locked,bank_marketing,static_weighted_ensemble,synthetic_sensor_failure,0.1,shadow,2,0.8889626188896262,0.0,74803efd319c4c6fc83af8f3bc67b26e238b71f017234156a531319ed33a4e93
locked,bank_marketing,veto_mavs,synthetic_sensor_failure,0.1,shadow,2,0.891616898916169,0.0,b9e9fad000a04f57dda5413b0685e4b79730e4c887c7452b250a5f3fccce854b
locked,bank_marketing,pure_mavs_gc,synthetic_sensor_failure,0.1,shadow,2,0.8933864189338642,0.0,7e9095eeeb8d72ac5fe5851230ffe8a1e0df85849b31c9bf49737c58a90dcc46
locked,bank_marketing,single_model,synthetic_sensor_failure,0.2,primary,3,0.8874142888741429,0.0,28e9ebd0404ea3f5eba2d407ac904742021390390425c20c984b62ec739223d2
locked,bank_marketing,mean_ensemble,synthetic_sensor_failure,0.2,primary,3,0.891616898916169,0.0,c0da2b37cf3c12829817cc61416d65b17e2384626ef09eb1d030260d4437f675
locked,bank_marketing,static_weighted_ensemble,synthetic_sensor_failure,0.2,primary,3,0.8889626188896262,1.232595164407831e-32,833a9c37d021e01008c0b1b065269dd496205c9ac9f533b4bb8afa10082bc3ad
locked,bank_marketing,veto_mavs,synthetic_sensor_failure,0.2,primary,3,0.891616898916169,0.0,113867ecdcec456079805af7f8575bd28b35822d9494c5368b448ac73d92db96
locked,bank_marketing,pure_mavs_gc,synthetic_sensor_failure,0.2,primary,3,0.8933864189338642,0.0,906732bd66d80c7dd213d3b70b37df3ffea80b7ee8d27b02d5d1f553b3722de5
locked,bank_marketing,single_model,synthetic_sensor_failure,0.2,shadow,2,0.8874142888741429,0.0,b9fe4226a60505bd86859bb34879d64f29046166be0d07e77608744a189e4745
locked,bank_marketing,mean_ensemble,synthetic_sensor_failure,0.2,shadow,2,0.891616898916169,0.0,918258643e67b238287a6fc58330a872f75f65723131fc6e745efefb2bd1f38a
locked,bank_marketing,static_weighted_ensemble,synthetic_sensor_failure,0.2,shadow,2,0.8889626188896262,0.0,19ea32896e46c289f8020fae52fc7a532815a0e8f5af4a84b663ce5fee9207a8
locked,bank_marketing,veto_mavs,synthetic_sensor_failure,0.2,shadow,2,0.891616898916169,0.0,8af55bdd85ab9c51738032c1535c7cea82fd0d644d384110907173a00e17f863
locked,bank_marketing,pure_mavs_gc,synthetic_sensor_failure,0.2,shadow,2,0.8933864189338642,0.0,6846e96a9208732283296df7e66775cfc02df7bfc60c1f0c84875ed634f6a52b
locked,bank_marketing,single_model,synthetic_sensor_failure,0.4,primary,3,0.887193098871931,0.0,eee7d40aa3a3414aaa8a1e233e4a9dd2670f2e1f4183a2ea75c7ae20744bbbb9
locked,bank_marketing,mean_ensemble,synthetic_sensor_failure,0.4,primary,3,0.8880778588807786,0.0,df60f0db8b4edd8507f687a2e42f03212cd15fadf89bc6b217f44c2b0237c70c
locked,bank_marketing,static_weighted_ensemble,synthetic_sensor_failure,0.4,primary,3,0.8860871488608715,0.0,d452213cb0b0f4e31a73db4105f08f7012b6dbd55dc596d91c3cb3158a82ce61
locked,bank_marketing,veto_mavs,synthetic_sensor_failure,0.4,primary,3,0.8880778588807786,0.0,21b65a855f250fc222d307efb9382723ca6f6a31aae491fd45a6331873793cfc
locked,bank_marketing,pure_mavs_gc,synthetic_sensor_failure,0.4,primary,3,0.8933864189338642,0.0,b9939616c87ed96f5de734d6e7d7493baade54e2a557a4ab430fed2dc3328f65
locked,bank_marketing,single_model,synthetic_sensor_failure,0.4,shadow,2,0.887193098871931,0.0,1ebc1506fc48cc5d11c66ef29caa3407841e5e2046177eab496d279c4c528fc3
locked,bank_marketing,mean_ensemble,synthetic_sensor_failure,0.4,shadow,2,0.8880778588807786,0.0,57396a63d8655006125f966ccbb63a46b029f03c1a9db85c85ceba670c2e167a
locked,bank_marketing,static_weighted_ensemble,synthetic_sensor_failure,0.4,shadow,2,0.8860871488608715,0.0,32bf5d5122eae0825696bf7b147798a2b2516a472c838cf78f4b8e45ac76f671
locked,bank_marketing,veto_mavs,synthetic_sensor_failure,0.4,shadow,2,0.8880778588807786,0.0,d00a0d047120f326c1beccfef0b390342fac0c12beaccac948bd688c031585ad
locked,bank_marketing,pure_mavs_gc,synthetic_sensor_failure,0.4,shadow,2,0.8933864189338642,0.0,f6c75bee5fab9f8ca7612ee4fa1e8e950986f2b8e4c64ffd02f9d7c6aeed29de
locked,bank_marketing,single_model,synthetic_sensor_failure,0.6,primary,3,0.8900685689006856,0.0,aa8e386c6efb55ec539d3aac50a8752975dafe137d7f9119b64acd98f59aafe0
locked,bank_marketing,mean_ensemble,synthetic_sensor_failure,0.6,primary,3,0.8907321389073214,0.0,be7b7a45eeaee7f57951527ae09fd728f89f683de2132e9c09b7fc08bac1a45b
locked,bank_marketing,static_weighted_ensemble,synthetic_sensor_failure,0.6,primary,3,0.8905109489051095,0.0,b6b89ab098d6f3886cfb0cb5df1acfb657f7e59cf25e1f598c62e54412584983
locked,bank_marketing,veto_mavs,synthetic_sensor_failure,0.6,primary,3,0.8907321389073214,0.0,9f8c444e92c2f48a208046b99e561ae7b3576060fbffcce6d192945cee356ecd
locked,bank_marketing,pure_mavs_gc,synthetic_sensor_failure,0.6,primary,3,0.8891838088918381,0.0,f23b195da683fa6ee74a228edf6d3333ec445bf45db810b0b632dfc5bca88ff7
locked,bank_marketing,single_model,synthetic_sensor_failure,0.6,shadow,2,0.8900685689006856,0.0,760e74d4a2a8c78236fe5c2324f5e936770741f943940d4312ec14803e5c5cb9
locked,bank_marketing,mean_ensemble,synthetic_sensor_failure,0.6,shadow,2,0.8907321389073214,0.0,adba5c7f1ed89d7e17a0a40b82127295bee50ef221408fbe296687a046250ac4
locked,bank_marketing,static_weighted_ensemble,synthetic_sensor_failure,0.6,shadow,2,0.8905109489051095,0.0,5bc8d30e247f012b1af4292e4e9fe0dc9349fbecde395d9b1d4465b8d83d819c
locked,bank_marketing,veto_mavs,synthetic_sensor_failure,0.6,shadow,2,0.8907321389073214,0.0,71f095cd627f1ae4aef260db6396dc4b7976f0dfdf22bcffd4a63594f5db4af1
locked,bank_marketing,pure_mavs_gc,synthetic_sensor_failure,0.6,shadow,2,0.8891838088918381,0.0,d64a50b70b9101b33f6f24465fe7cd8486607c027e85f0d791f29413c3449457
locked,bank_marketing,single_model,synthetic_sensor_failure,0.8,primary,3,0.887193098871931,0.0,1d4d28ce4a38a48997de8011952a6c1c25ceb6766a86af3699d3be7ef564ee73
locked,bank_marketing,mean_ensemble,synthetic_sensor_failure,0.8,primary,3,0.887193098871931,0.0,ea51614dc91d51e678041c51df2dfc3c6f2ca11c3580c413dcb76b87aa420234
locked,bank_marketing,static_weighted_ensemble,synthetic_sensor_failure,0.8,primary,3,0.887193098871931,0.0,d231bb262cc2028d2f343e2b62a8258a1260216e1d9d82b586e1f00b311ff462
locked,bank_marketing,veto_mavs,synthetic_sensor_failure,0.8,primary,3,0.887193098871931,0.0,62329d8102cf16028926423e4c7657e098ada45a846468174876d1284f2ad708
locked,bank_marketing,pure_mavs_gc,synthetic_sensor_failure,0.8,primary,3,0.8843176288431763,0.0,9b90f5ae8886ba55186251c033fd85cd4b80332d4ed15e26f3bea143748e8925
locked,bank_marketing,single_model,synthetic_sensor_failure,0.8,shadow,2,0.887193098871931,0.0,f8a06d87a06ece1dfa5f6dc5252688b89bd5537f2d3eb8c2af39905adce7a0b0
locked,bank_marketing,mean_ensemble,synthetic_sensor_failure,0.8,shadow,2,0.887193098871931,0.0,4c33adedcef50a6bd5b42ebd06854768d0e529efbdad073c643e6b264fbe5ecb
locked,bank_marketing,static_weighted_ensemble,synthetic_sensor_failure,0.8,shadow,2,0.887193098871931,0.0,5ad48a195b62a8179acc56ebecca045ecf833cbb8db3d3daab20141a054a64ae
locked,bank_marketing,veto_mavs,synthetic_sensor_failure,0.8,shadow,2,0.887193098871931,0.0,7285ff18780ad296d5a3ed4ca5ce6c483ee94beb8dcf5357477150ea739f7201
locked,bank_marketing,pure_mavs_gc,synthetic_sensor_failure,0.8,shadow,2,0.8843176288431763,0.0,9f51c3e047c29b3e7296e761a05726546b4c9d1c2c6558f65c9044d6cadc1152
locked,bank_marketing,single_model,synthetic_sensor_failure,1.0,primary,3,0.8829904888299049,0.0,6d2436638c0d9ce56413c992ece770884bb009c35091df60f07fdd0ad2ea4a06
locked,bank_marketing,mean_ensemble,synthetic_sensor_failure,1.0,primary,3,0.8829904888299049,0.0,319c55523c3d352733f8c8367a5f46fd6eac19d8998ef2031b555d4226423e4b
locked,bank_marketing,static_weighted_ensemble,synthetic_sensor_failure,1.0,primary,3,0.8829904888299049,0.0,a5c36b1cfff7626a184b6cf80753a21405f9da8a26e4dd5792b9e1e4a997349a
locked,bank_marketing,veto_mavs,synthetic_sensor_failure,1.0,primary,3,0.8829904888299049,0.0,40d242534a688e4a35fd7dfe9c83389294fb87d08f68baf305cef9bbca1716fd
locked,bank_marketing,pure_mavs_gc,synthetic_sensor_failure,1.0,primary,3,0.8829904888299049,0.0,02f569ecda0d580fc6420a9b6d1cb6868df2d0c82af24120986554080453769f
locked,bank_marketing,single_model,synthetic_sensor_failure,1.0,shadow,2,0.8829904888299049,0.0,46e04e7d2df3195e787a8aeb6aeab28a183d5aedcb96e563c61ad2c6b5dfe495
locked,bank_marketing,mean_ensemble,synthetic_sensor_failure,1.0,shadow,2,0.8829904888299049,0.0,1f3fff0e98aa5d331581c43636e9f6d5d5afeaac4b9dd1c3046a532a73c7ad83
locked,bank_marketing,static_weighted_ensemble,synthetic_sensor_failure,1.0,shadow,2,0.8829904888299049,0.0,6e4b18a892a94bea6084a9f6d63fbc887dc022e86d30b7add3382dd63723791e
locked,bank_marketing,veto_mavs,synthetic_sensor_failure,1.0,shadow,2,0.8829904888299049,0.0,009ff3741b41aa19898dc98230f2c42cd7653ec1e16c2dcbf14ca9bcfddeac75
locked,bank_marketing,pure_mavs_gc,synthetic_sensor_failure,1.0,shadow,2,0.8829904888299049,0.0,0ddeb6591f560e6c96ba2f4f8e51539601992196d4c3c91f5d9f42c90eb06eab
locked,bank_marketing,single_model,specialist_failure,0.0,primary,3,0.9044459190444591,0.0,6a87515ddbed52d5d96e01cc9f57317efce233e3de50d0e66214b85f4624ec6a
locked,bank_marketing,mean_ensemble,specialist_failure,0.0,primary,3,0.9082061490820615,0.0,6f5b596d2e2978120db84f597b0f05f20b49d33ae8f11015c750996394ff782d
locked,bank_marketing,static_weighted_ensemble,specialist_failure,0.0,primary,3,0.9066578190665782,0.0,f2fd046660a4ccd88525cc2aa2331f88825268ca82c3541e06449e338bf63a81
locked,bank_marketing,veto_mavs,specialist_failure,0.0,primary,3,0.9082061490820615,0.0,ea64e9d5ce7123e3c8d6cecf80fd062112321df5e235f32fcf035df07ee919da
locked,bank_marketing,pure_mavs_gc,specialist_failure,0.0,primary,3,0.9059942490599425,0.0,129289736a5e60a242d3b023fd02227ee12b978d52fd4ea3c9d9f583030725f8
locked,bank_marketing,single_model,specialist_failure,0.0,shadow,2,0.9044459190444591,0.0,9a480b84a997afdac5217db98660293f199603dddc608479f8232d50b5216063
locked,bank_marketing,mean_ensemble,specialist_failure,0.0,shadow,2,0.9082061490820615,0.0,796ba56331ca6a800c788e0da7219a8e4c9c81d8e953255ef2928e8ff3b283b5
locked,bank_marketing,static_weighted_ensemble,specialist_failure,0.0,shadow,2,0.9066578190665782,0.0,d61c5fafc2c9bfa8bde362ae3157ead3f99cade721f4ca022a7e9d60f2ec3277
locked,bank_marketing,veto_mavs,specialist_failure,0.0,shadow,2,0.9082061490820615,0.0,be3a3c484c95ef8e1b432c9eaad6ec9a79c2902d5f5c4fbd7f0b7876713ec934
locked,bank_marketing,pure_mavs_gc,specialist_failure,0.0,shadow,2,0.9059942490599425,0.0,ed2f4deaca3a8809495db95efef37ec71548eebc0fabfe5e7346325665a375e8
locked,bank_marketing,single_model,specialist_failure,0.05,primary,3,0.9044459190444591,0.0,9252fea32d3cc34626a4f6950eb9ddf77778632877f54510a3fa43bbbfcee8af
locked,bank_marketing,mean_ensemble,specialist_failure,0.05,primary,3,0.9084273390842734,1.232595164407831e-32,ac9702cbb5acd83a135c4e10c1c93bafdf41bb7737947a59ab671ee934f19356
locked,bank_marketing,static_weighted_ensemble,specialist_failure,0.05,primary,3,0.9066578190665782,0.0,ee691c5538a240f85f1f0d49c8d5a3aa5842f8b88517ff1a2bff609eb75ef6a4
locked,bank_marketing,veto_mavs,specialist_failure,0.05,primary,3,0.9084273390842734,1.232595164407831e-32,c8666b39f27a91ebca583f455752b451e5ec9bf670eb728a00ba8ccbe57f1525
locked,bank_marketing,pure_mavs_gc,specialist_failure,0.05,primary,3,0.9044459190444591,0.0,68c4e3285c2c92eb43fd865b961a314dc45f6a1092453416723ad18464bae77c
locked,bank_marketing,single_model,specialist_failure,0.05,shadow,2,0.9044459190444591,0.0,2f4d9ac30678bd9cab8c27b81535a1f97e7046afa133ae5b8521689a742a64e6
locked,bank_marketing,mean_ensemble,specialist_failure,0.05,shadow,2,0.9084273390842734,0.0,a610a9e9c1175e7c2766f4648c09538a3c59422332e43fb66ae362121f294585
locked,bank_marketing,static_weighted_ensemble,specialist_failure,0.05,shadow,2,0.9066578190665782,0.0,24a9fad232f198934ea2b0a82cc88a7aa474809e53055417b0928fdbd4a1dbc5
locked,bank_marketing,veto_mavs,specialist_failure,0.05,shadow,2,0.9084273390842734,0.0,cf47ff3c6be6101a5ca6c452a6229d4c26b16493ecbaa70ca136e1e52d6a2cca
locked,bank_marketing,pure_mavs_gc,specialist_failure,0.05,shadow,2,0.9044459190444591,0.0,ea0b3af4ef99a59ff3e4047883365fe7171eb5e6daa2db828802eec1492c2973
locked,bank_marketing,single_model,specialist_failure,0.1,primary,3,0.9044459190444591,0.0,3cc014ae54a97ce1fceaab21a011ff723dd4055eb15b6092b2083cd53c9d6252
locked,bank_marketing,mean_ensemble,specialist_failure,0.1,primary,3,0.9084273390842734,1.232595164407831e-32,3a2bf613604de01d1d1282f3581edc5dd296443ec053affbd480cc8814f0264b
locked,bank_marketing,static_weighted_ensemble,specialist_failure,0.1,primary,3,0.9066578190665782,0.0,2bc374d8ea76d4311e0719ae88b3a45c5eb698991b4d2350ad35c1a81ca55cce
locked,bank_marketing,veto_mavs,specialist_failure,0.1,primary,3,0.9084273390842734,1.232595164407831e-32,d387b9a3127a892b2e19f8266f0f322cea51706e5a32146c5ff65eb4dff93764
locked,bank_marketing,pure_mavs_gc,specialist_failure,0.1,primary,3,0.9044459190444591,0.0,50d5ffc25108f981a64047e6f7a94153b1f5a3b2ed612a9d76b15cd2efdf1980
locked,bank_marketing,single_model,specialist_failure,0.1,shadow,2,0.9044459190444591,0.0,05906a5315acc1bcd1191440ebba54c5335dc0cf3ba1db98a90c70c59c2c26c9
locked,bank_marketing,mean_ensemble,specialist_failure,0.1,shadow,2,0.9084273390842734,0.0,669ae8de7de57e276b89c8a8c419d9cf24994fb01ec713096b0ceb80ee83b0a5
locked,bank_marketing,static_weighted_ensemble,specialist_failure,0.1,shadow,2,0.9066578190665782,0.0,4e47127db5cdb75f0c9b3cf1dcf55854bd9ed17578062edd39996e61d99dfa88
locked,bank_marketing,veto_mavs,specialist_failure,0.1,shadow,2,0.9084273390842734,0.0,edb60c36a2e3f28e4ee54047176f2235feff33ee995a9754d9f9dbe29955ae6b
locked,bank_marketing,pure_mavs_gc,specialist_failure,0.1,shadow,2,0.9044459190444591,0.0,dc73d945b3187e2ee3f56f3cb15fdc73a5b04ce01cd632ed3b576761ab17f7e5
locked,bank_marketing,single_model,specialist_failure,0.2,primary,3,0.9044459190444591,0.0,843c945d1acef878f382f5283aa73071cc6df65b71da38d94473314c1d47625d
locked,bank_marketing,mean_ensemble,specialist_failure,0.2,primary,3,0.9084273390842734,1.232595164407831e-32,d59def69d3ea2d2ee42fb2ceca0a0c0527aeff6ecf2985b50f874c17ba07077c
locked,bank_marketing,static_weighted_ensemble,specialist_failure,0.2,primary,3,0.9066578190665782,0.0,1f74c27378cf4a5f176cefd96a895ec15ca611f41ddc1fb6441fdf7bb8a8e1a0
locked,bank_marketing,veto_mavs,specialist_failure,0.2,primary,3,0.9084273390842734,1.232595164407831e-32,e10fc7726d442a7d692791d8f91a6c3a1faeafa9697259df9475005fc12d213b
locked,bank_marketing,pure_mavs_gc,specialist_failure,0.2,primary,3,0.9044459190444591,0.0,c429e794e5ce1a32afaeb1e693fb46a577712580fcb0cdf2d3d001be8c7e6164
locked,bank_marketing,single_model,specialist_failure,0.2,shadow,2,0.9044459190444591,0.0,c5e72e538d7df3fd4a64dbcc20c758bbf11647094c3833e3139d4fc7e118ec95
locked,bank_marketing,mean_ensemble,specialist_failure,0.2,shadow,2,0.9084273390842734,0.0,d9c4162f63932e8f6fc0e60af249c5d25b0a7c8cbe73907aa47d6994c70abddf
locked,bank_marketing,static_weighted_ensemble,specialist_failure,0.2,shadow,2,0.9066578190665782,0.0,ca5a823883191f8b4ba63aa001adc3fbcc4266949f69d85212f998f922b85165
locked,bank_marketing,veto_mavs,specialist_failure,0.2,shadow,2,0.9084273390842734,0.0,b2ae66d2222a4730c40069d070b99db9add912d32fc9cc2d14ef5a5b69ea8ab9
locked,bank_marketing,pure_mavs_gc,specialist_failure,0.2,shadow,2,0.9044459190444591,0.0,324da77f0b318c5f2a0513a70f66ffcdda738d92f85d3c5f604d70c9ff039f9d
locked,bank_marketing,single_model,specialist_failure,0.4,primary,3,0.11700951117009512,0.0,37a2f2d8bad9d9defb5402e78c8cd6960cd9d09d2a1b274a639ae332eadecff4
locked,bank_marketing,mean_ensemble,specialist_failure,0.4,primary,3,0.9053306790533068,0.0,8e61808256e7b0d1308c0e809db101feb8f877f425a72ae119f5b6bf8d91ec81
locked,bank_marketing,static_weighted_ensemble,specialist_failure,0.4,primary,3,0.9053306790533068,0.0,2145b09569a70ba64857bfd2cd964c7aa19b7484b2cf7d524ca3b05fc6d97855
locked,bank_marketing,veto_mavs,specialist_failure,0.4,primary,3,0.9053306790533068,0.0,d6ea6d3fbb46ff14743f4371025b31e385e9c8ad30d856f9802bae0451679d8d
locked,bank_marketing,pure_mavs_gc,specialist_failure,0.4,primary,3,0.8975890289758903,1.232595164407831e-32,8a9995b97f920e9e94e23cd2f4d3970637f537ba4efc81b9a0cff29a99c44343
locked,bank_marketing,single_model,specialist_failure,0.4,shadow,2,0.11700951117009512,0.0,b575ae988176354a8e19862fccf01493f08361733b47f96cde614896b8b910fa
locked,bank_marketing,mean_ensemble,specialist_failure,0.4,shadow,2,0.9053306790533068,0.0,49676ff8c0e5175536399a78eb2a2eeffbb8eb88f56d3a6c7eef70d348eb4ea6
locked,bank_marketing,static_weighted_ensemble,specialist_failure,0.4,shadow,2,0.9053306790533068,0.0,80427b9027f335fb93163459b0ba5163b1df7260d9f35c24aa24fcc55a413a57
locked,bank_marketing,veto_mavs,specialist_failure,0.4,shadow,2,0.9053306790533068,0.0,cd04db54f7bbfb245f01d64ea10c6469c7819473e123381b2790b8836f9d90a2
locked,bank_marketing,pure_mavs_gc,specialist_failure,0.4,shadow,2,0.8975890289758903,0.0,84454323d5b63e756dcd47cab4ed4d52bd6c9bdfc6bcc8f5ee02cc587bfc9221
locked,bank_marketing,single_model,specialist_failure,0.6,primary,3,0.11700951117009512,0.0,234df40517c561d009e903d49a4cc4499e2759a87595f266208843b6a57d4407
locked,bank_marketing,mean_ensemble,specialist_failure,0.6,primary,3,0.9053306790533068,0.0,8c6843634fb6630ddc7c785acf0e3813167f7eea576f6c5fdaa9f4a035a054fe
locked,bank_marketing,static_weighted_ensemble,specialist_failure,0.6,primary,3,0.9053306790533068,0.0,98e6c2eb2b85011b1a6799ae7ac5c005f9793e78bdd9feb20a24d87da0a211f9
locked,bank_marketing,veto_mavs,specialist_failure,0.6,primary,3,0.9053306790533068,0.0,3ae47aa6b40a7dea9768908838faedc5fe4e49669bc8c92274536b59e46757c0
locked,bank_marketing,pure_mavs_gc,specialist_failure,0.6,primary,3,0.8975890289758903,1.232595164407831e-32,86b2df143c99431c18c507a40a8a55f3a0fc4196ef8ecf098c00e9482582ad4e
locked,bank_marketing,single_model,specialist_failure,0.6,shadow,2,0.11700951117009512,0.0,e9670bab2f4f598307acd0b67a08a7e644c5b9ec73ee7e78b03694e53fb82592
locked,bank_marketing,mean_ensemble,specialist_failure,0.6,shadow,2,0.9053306790533068,0.0,02e01d9b5283c8de54460db4eb9b7bb368178e5c34c53ad5384a3780ac0c6be7
locked,bank_marketing,static_weighted_ensemble,specialist_failure,0.6,shadow,2,0.9053306790533068,0.0,13f81bf7122790438e956f30af805fa74e0997d90a63b095094c15625aa2f3d5
locked,bank_marketing,veto_mavs,specialist_failure,0.6,shadow,2,0.9053306790533068,0.0,403975a28b5eebf6efdd0bb409602bc627ddebc7f52161b9c2c48b6e0c4ab627
locked,bank_marketing,pure_mavs_gc,specialist_failure,0.6,shadow,2,0.8975890289758903,0.0,892fc0d82cc7b6756e2d93dfd6e24b735f7c3e096a28afbc5b448dbc0b810890
locked,bank_marketing,single_model,specialist_failure,0.8,primary,3,0.11700951117009512,0.0,a3ffecb312775d80231af8780fa02918c030a50e0eb3d8ca787141f16cbf36e9
locked,bank_marketing,mean_ensemble,specialist_failure,0.8,primary,3,0.11700951117009512,0.0,02812a7fb05ac8889a1dfed4a91680c3e7865fd5a38517d659c701992a3f215b
locked,bank_marketing,static_weighted_ensemble,specialist_failure,0.8,primary,3,0.11700951117009512,0.0,2ea20a4b216df42586d5a212ce63d01a61e6d38230dd7739b4ef35dae7f9281b
locked,bank_marketing,veto_mavs,specialist_failure,0.8,primary,3,0.11700951117009512,0.0,02191ae43157704976fb382a4301d6370119655145226a70d22d8011fef1b11e
locked,bank_marketing,pure_mavs_gc,specialist_failure,0.8,primary,3,0.8829904888299049,0.0,c7fd1954c0c68750f33c242988974856d27870b7c761e531b95f91b4b9f7d6da
locked,bank_marketing,single_model,specialist_failure,0.8,shadow,2,0.11700951117009512,0.0,b0fcab5ab607ef4ab9ddfb636f6273680a4ed88e173b4fd03a438ceb48854bee
locked,bank_marketing,mean_ensemble,specialist_failure,0.8,shadow,2,0.11700951117009512,0.0,0354e7ed6d7b1a4c5b83a1861cdc0fe46324c739501b387346c049a98beb72bd
locked,bank_marketing,static_weighted_ensemble,specialist_failure,0.8,shadow,2,0.11700951117009512,0.0,b86c8714743e9b09d1fb829140813b8b428aa17dcc9f84b39d79abd2d9fe507b
locked,bank_marketing,veto_mavs,specialist_failure,0.8,shadow,2,0.11700951117009512,0.0,5c7c38b3dbfb43870b2794be0db5a24fdc4c8bfa0584807308fcc2c89f737233
locked,bank_marketing,pure_mavs_gc,specialist_failure,0.8,shadow,2,0.8829904888299049,0.0,0fb9fd0f4378ab68274ad502dd00bf01f50c7d33ba368b496872cac5230432a4
locked,bank_marketing,single_model,specialist_failure,1.0,primary,3,0.11700951117009512,0.0,d9a1315da16fca2bc0c7e8e403ec48d9edcedfe049a500469b3ced7a188141b8
locked,bank_marketing,mean_ensemble,specialist_failure,1.0,primary,3,0.11700951117009512,0.0,3869813c6941f58d0d895eefbc3de79fe4fe7a7fb71cc25a56714d52dc3bea57
locked,bank_marketing,static_weighted_ensemble,specialist_failure,1.0,primary,3,0.11700951117009512,0.0,82875c542059c1993624e7796eea2aba1d5161f1102a188969ad73b7a6eca6c6
locked,bank_marketing,veto_mavs,specialist_failure,1.0,primary,3,0.11700951117009512,0.0,0f4b6c320c98744af60fe8c1cec684748f78fad4fbe5902bcee6f296bb360766
locked,bank_marketing,pure_mavs_gc,specialist_failure,1.0,primary,3,0.8829904888299049,0.0,fbf8deed0d4d4722899d3f08c296b3300fb55970b1f8e33f7932985c894ab16a
locked,bank_marketing,single_model,specialist_failure,1.0,shadow,2,0.11700951117009512,0.0,dcb99517d9bfd17bfaaf42f7aee959be9b62b8617b947e347b0f5c1194da0026
locked,bank_marketing,mean_ensemble,specialist_failure,1.0,shadow,2,0.11700951117009512,0.0,11ff8009fa49898d0dcd6213d0ab2659e8da58af483015d4dff96b4b338ae47d
locked,bank_marketing,static_weighted_ensemble,specialist_failure,1.0,shadow,2,0.11700951117009512,0.0,2f1e94595bc9ff437677e2b21d28a0b72e3a69b74ac4bfd7dc261ca2f865262d
locked,bank_marketing,veto_mavs,specialist_failure,1.0,shadow,2,0.11700951117009512,0.0,90b370ef7bf57533abc752e92b557572f20d87bd1c5096668409111a0fcdcb8e
locked,bank_marketing,pure_mavs_gc,specialist_failure,1.0,shadow,2,0.8829904888299049,0.0,54af862b3814a207a3a6652337c30618761407717825b74bf5fcdbc328781e6e
