split_label,dataset_id,system_id,corruption_family,run_count,evaluated_rows,accuracy_mean,accuracy_std,error_rate_mean,error_rate_std,precision_mean,precision_std,recall_mean,recall_std,f1_mean,f1_std,observed_label_accuracy_mean,observed_label_accuracy_std,observed_label_f1_mean,observed_label_f1_std,unsafe_acceptance_rate_mean,unsafe_acceptance_rate_std,false_positive_rate_mean,false_positive_rate_std,false_negative_rate_mean,false_negative_rate_std,technical_failure_rate_mean,technical_failure_rate_std,rejection_rate_mean,rejection_rate_std,high_corruption_unsafe_acceptance_rate_mean,high_corruption_unsafe_acceptance_rate_std,summary_hash
locked,adult_income,mean_ensemble,adversarial_confidence_inflation,40,195360,0.8531633906633906,0.010808847473607877,0.14683660933660933,0.010808847473607877,0.7342044085826914,0.02676835379439021,0.6057313943541488,0.02376022995024613,0.663806239495555,0.02518982042383719,0.8531633906633906,0.010808847473607877,0.663806239495555,0.02518982042383719,0.0689771197846568,0.006753590706465977,0.0689771197846568,0.006753590706465977,0.39426860564585114,0.023760229950246126,0.0,0.0,0.80254914004914,0.000796357226744246,0.07900403768506056,0.002050889652629928,bfc4bee47197fe2de7ffe25c8d0ac0ffa6515e19c26db9887ef0073ba65b8977
locked,adult_income,mean_ensemble,confidence_distortion,40,195360,0.8634316134316135,0.0,0.13656838656838655,0.0,0.7592975206611571,0.0,0.6287425149700598,0.0,0.6878802058961161,0.0,0.8634316134316135,0.0,0.6878802058961161,0.0,0.06271870794078062,0.0,0.06271870794078062,0.0,0.3712574850299401,0.0,0.0,0.0,0.8018018018018018,0.0,0.06271870794078062,0.0,e3ea10cc24df69435f6741bd81027d7dd5d4a64b9a8e5c62687e2b1500443387
locked,adult_income,mean_ensemble,distribution_shift,40,145385,0.8709393875751837,0.008095655973775531,0.1290606124248163,0.008095655973775531,0.7856616969312546,0.029982826597324704,0.6893104637183807,0.05283090648434596,0.7340620734066169,0.042855706851561565,0.8709393875751837,0.008095655973775531,0.7340620734066169,0.042855706851561565,0.06606979582948694,0.002357261520391458,0.06606979582948694,0.002357261520391458,0.31068953628161927,0.05283090648434594,0.0,0.0,0.7686036740328521,0.03185181612627072,0.0666014472260476,0.00010528354318315586,d1767cd9e3c62a7a6c8ac89fb3cbdebe6c6b602fb9cf56379ad92c19edcbf5ea
locked,adult_income,mean_ensemble,feature_noise,40,195360,0.8517864455364456,0.014167041413177896,0.14821355446355447,0.014167041413177896,0.7504925299432179,0.017875932932260977,0.5682848588537212,0.06745160936826908,0.6451428120436673,0.05078263458528426,0.8517864455364456,0.014167041413177896,0.6451428120436673,0.05078263458528426,0.059004037685060566,0.0037805997066227043,0.059004037685060566,0.0037805997066227043,0.43171514114627885,0.06745160936826909,0.0,0.0,0.8190980753480753,0.0183613670399166,0.05477792732166891,0.0038432314511841056,7092f5a6c09bdcc174516d6d1ac3847945475d1130db4cbd4364643a9c61be29
locked,adult_income,mean_ensemble,label_noise,40,195360,0.8634316134316135,0.0,0.13656838656838655,0.0,0.7592975206611571,0.0,0.6287425149700598,0.0,0.6878802058961161,0.0,0.5764025389025389,0.2537172576038748,0.3984992019333319,0.20945899148430547,0.06271870794078062,0.0,0.06271870794078062,0.0,0.3712574850299401,0.0,0.0,0.0,0.8018018018018018,0.0,0.06271870794078062,0.0,21ddcc01816b94e8c33ccab3ec20420a53a93de2698a859425e1995c8df83465
locked,adult_income,mean_ensemble,missing_features,40,195360,0.8191543816543817,0.03839535188405899,0.18084561834561833,0.03839535188405899,0.6848955075791395,0.2606953691202613,0.34854576561163386,0.23569402052692764,0.4261665618980481,0.2542127287159053,0.8191543816543817,0.03839535188405899,0.4261665618980481,0.2542127287159053,0.03275908479138627,0.023885992935787706,0.03275908479138627,0.023885992935787706,0.6514542343883661,0.23569402052692764,0.0,0.0,0.8916564291564292,0.07450572076863728,0.0017496635262449528,0.0019789691817725763,445edf0960a259aa684add329fa5ec0987f94208ff7628cd391d096c4bfe03cc
locked,adult_income,mean_ensemble,random_feature_deletion,40,195360,0.8225993038493039,0.043905813129351226,0.17740069615069615,0.043905813129351226,0.5851151211706186,0.31668648866940535,0.37874251497005984,0.2672842915383395,0.4376301397135231,0.2912535330421543,0.8225993038493039,0.043905813129351226,0.4376301397135231,0.2912535330421543,0.03773216689098251,0.027036943196857878,0.03773216689098251,0.027036943196857878,0.6212574850299402,0.26728429153833955,0.0,0.0,0.8806459868959869,0.08428428944054349,0.0008075370121130552,0.002166849184118235,009f543436b592f7ab603fb3395843aa7103741d796e2e02126f1fa3c6a0280b
locked,adult_income,mean_ensemble,specialist_failure,40,195360,0.705748361998362,0.26927749152916497,0.294251638001638,0.269277491529165,0.6282660885292801,0.2245446646427965,0.7130025662959795,0.16583139947815184,0.6068777589812933,0.12746119405475614,0.705748361998362,0.26927749152916497,0.6068777589812933,0.12746119405475614,0.2965343203230148,0.4061461831531683,0.2965343203230148,0.4061461831531683,0.28699743370402053,0.16583139947815184,0.0,0.0,0.60378276003276,0.34859842960980225,1.0,0.0,9f7487b2fe4714647a12a9191930aa9c6da007dd17e1411c4d79cb926c672873
locked,adult_income,mean_ensemble,synthetic_sensor_failure,40,195360,0.7970669533169533,0.03841692215533718,0.20293304668304668,0.03841692215533718,0.3464416672795301,0.3475010352694717,0.272027373823781,0.2742156604423023,0.3046745808627399,0.30635674363989657,0.7970669533169533,0.03841692215533718,0.3046745808627399,0.30635674363989657,0.03771870794078062,0.038074425152181256,0.03771870794078062,0.038074425152181256,0.7279726261762189,0.2742156604423023,0.0,0.0,0.9061988124488124,0.09390087697776164,0.0,0.0,6972084c354af0f9a906cab5d03ab44390a161334138f2027aa854ad679445bb
locked,adult_income,pure_mavs_gc,adversarial_confidence_inflation,40,195360,0.8522317772317772,0.00869214659735294,0.14776822276822277,0.00869214659735294,0.7629366376593996,0.032685917056416894,0.5565654405474765,0.0067212340161752525,0.6434582377304803,0.016125213307239386,0.8522317772317772,0.00869214659735294,0.6434582377304803,0.016125213307239386,0.05473082099596231,0.009354384316490093,0.05473082099596231,0.009354384316490093,0.4434345594525235,0.006721234016175247,0.0,0.0,0.8251535626535627,0.0055569880773037195,0.06847913862718708,0.0015612382234185696,ab1f80ca223a01ef7c6a8c112d009452a39700e45db30ced770438dd0d27f111
locked,adult_income,pure_mavs_gc,confidence_distortion,40,195360,0.8552160114660114,0.0058617569012521294,0.14478398853398855,0.0058617569012521294,0.8245840636695054,0.027500166187698856,0.505453378956373,0.054649715761392784,0.6237426052849635,0.03617830817005979,0.8552160114660114,0.0058617569012521294,0.6237426052849635,0.03617830817005979,0.03472409152086137,0.00958046609774267,0.03472409152086137,0.00958046609774267,0.494546621043627,0.0546497157613928,0.0,0.0,0.8526054463554463,0.020348307102024822,0.020457604306864066,0.0018842530282637947,b82308f7eb71833f0e338039437d8e848bd171c6f0707cc319762b20174d8f8e
locked,adult_income,pure_mavs_gc,distribution_shift,40,145385,0.8687606365735323,0.007485789075291276,0.1312393634264677,0.007485789075291276,0.8172160008111782,0.0259580002151225,0.6351031076519026,0.058372626516282396,0.714081520439966,0.04645873001037919,0.8687606365735323,0.007485789075291276,0.714081520439966,0.04645873001037919,0.04986750648437572,0.0032115515364607443,0.04986750648437572,0.0032115515364607443,0.3648968923480974,0.0583726265162824,0.0,0.0,0.7946887840606649,0.032784269993010096,0.05116524034362909,0.001719375040986293,c25cf93027961621e314e9e2c020fa71fd9bc16f0981b5a99048caeeb662c24f
locked,adult_income,pure_mavs_gc,feature_noise,40,195360,0.8490120802620802,0.014111871283389709,0.15098791973791975,0.014111871283389709,0.791366165124391,0.012180630192838635,0.5005346449957229,0.07415716895195013,0.610142862813388,0.060438588822146956,0.8490120802620802,0.014111871283389709,0.610142862813388,0.060438588822146956,0.041332436069986545,0.005382553737968185,0.041332436069986545,0.005382553737968185,0.49946535500427713,0.07415716895195013,0.0,0.0,0.8487561425061425,0.02155195964867495,0.03362045760430687,0.0021683534183737636,b6a71f79e9284a426971484d722184f6b96a0510c22ed3592d28dc9f3760276f
locked,adult_income,pure_mavs_gc,label_noise,40,195360,0.8607698607698607,0.0,0.13923013923013927,0.0,0.7956469165659008,0.0,0.562874251497006,0.0,0.6593186372745491,0.0,0.5761261261261261,0.251870883449082,0.3692803257093765,0.20817818390460754,0.045491251682368776,0.0,0.045491251682368776,0.0,0.437125748502994,0.0,0.0,0.0,0.8306715806715806,0.0,0.045491251682368776,0.0,d7cb5b511e0af889a6697e4f221c64abfc431d368f3358417ac4a3b67655ff87
locked,adult_income,pure_mavs_gc,missing_features,40,195360,0.8154381654381654,0.0375127520982263,0.18456183456183456,0.0375127520982263,0.72447397148372,0.2768883123802544,0.3001710863986313,0.212066818870734,0.3901883795789414,0.24649100337353091,0.8154381654381654,0.0375127520982263,0.3901883795789414,0.24649100337353091,0.022422611036339166,0.017573410600134832,0.022422611036339166,0.017573410600134832,0.6998289136013687,0.212066818870734,0.0,0.0,0.9110974610974611,0.06405523029011528,0.0007267833109017496,0.000978346263547039,31c18e56fb619eddea933e972c5b33d1ad30205d0aadc18106c7d43db023736e
locked,adult_income,pure_mavs_gc,random_feature_deletion,40,195360,0.81747542997543,0.043924143556561664,0.18252457002457,0.043924143556561664,0.6004142561427557,0.3500856249610425,0.317814371257485,0.24599285166202062,0.39121667891342526,0.2891462945132576,0.81747542997543,0.043924143556561664,0.39121667891342526,0.2891462945132576,0.025296096904441453,0.020278889955670995,0.025296096904441453,0.020278889955670995,0.682185628742515,0.24599285166202062,0.0,0.0,0.9046887796887797,0.07402728008350394,0.0004845222072678331,0.0014535666218034992,73f7fef1cd5b349b6f3d06a8c0774f646f39f85bf1e312d9d8e594959bebe201
locked,adult_income,pure_mavs_gc,specialist_failure,40,195360,0.8321560196560196,0.04160017670188601,0.16784398034398035,0.04160017670188601,0.6130232054211066,0.3543321611343208,0.3864414029084688,0.22720406996501827,0.47240414565447364,0.27423340475122826,0.8321560196560196,0.04160017670188601,0.47240414565447364,0.27423340475122826,0.02759084791386272,0.017332807916788415,0.02759084791386272,0.017332807916788415,0.6135585970915313,0.22720406996501827,0.0,0.0,0.8865171990171989,0.06731914209005468,0.0,0.0,cd1f1d163f7948eaf70afb3d45082c0bc1949c2dbabb498cb73b2ac44c2937e5
locked,adult_income,pure_mavs_gc,synthetic_sensor_failure,40,195360,0.7915898853398854,0.03465747836165823,0.20841011466011466,0.03465747836165823,0.3731627611224618,0.3737056055393073,0.19257912745936698,0.2057924915369343,0.25139768004370655,0.259391691427446,0.7915898853398854,0.03465747836165823,0.25139768004370655,0.259391691427446,0.019919246298788697,0.020052480827159245,0.019919246298788697,0.020052480827159245,0.807420872540633,0.20579249153693432,0.0,0.0,0.938754095004095,0.06416129836429783,0.0,0.0,71720fc8e449b5a3db0bbd72d9692cc88e74113cbc4bc814ee2aabe1c706c2da
locked,adult_income,single_model,adversarial_confidence_inflation,40,195360,0.8632268632268633,0.0,0.13677313677313674,0.0,0.7574511819116135,0.0,0.630453378956373,0.0,0.6881419234360411,0.0,0.8632268632268633,0.0,0.6881419234360411,0.0,0.06352624495289368,0.0,0.06352624495289368,0.0,0.369546621043627,0.0,0.0,0.0,0.8007780507780508,0.0,0.06352624495289368,0.0,35858c37e13c81bfd8b3ab1907c19717acdc9352d2577025aaa65bd6a1918c8c
locked,adult_income,single_model,confidence_distortion,40,195360,0.8632268632268633,0.0,0.13677313677313674,0.0,0.7574511819116135,0.0,0.630453378956373,0.0,0.6881419234360411,0.0,0.8632268632268633,0.0,0.6881419234360411,0.0,0.06352624495289368,0.0,0.06352624495289368,0.0,0.369546621043627,0.0,0.0,0.0,0.8007780507780508,0.0,0.06352624495289368,0.0,30e82bd93feec9eb28f282c603b0f48abf9fa8bbc43893f92a2f2b9dd94ac0fe
locked,adult_income,single_model,distribution_shift,40,145385,0.8693307592197586,0.007128409986592703,0.13066924078024147,0.007128409986592703,0.7823147496606976,0.02859529255562804,0.6867079486709813,0.0499999284927341,0.7311582400395534,0.04062374186987391,0.8693307592197586,0.007128409986592703,0.7311582400395534,0.04062374186987391,0.06724016706217706,0.0023839993002489745,0.06724016706217706,0.0023839993002489745,0.3132920513290187,0.049999928492734096,0.0,0.0,0.768513646571531,0.03135312693323361,0.06878166191225654,0.000272046527641151,6bdccafd1fc33b27d74cf64b65cab3fcaf740de8bf4a36c3fddf31e051811237
locked,adult_income,single_model,feature_noise,40,195360,0.8479166666666667,0.01750617169200263,0.15208333333333335,0.01750617169200263,0.7308429878645089,0.03217450157076558,0.5733746792130026,0.0658012911778293,0.6416947117428582,0.054131578732875905,0.8479166666666667,0.01750617169200263,0.6416947117428582,0.054131578732875905,0.06569313593539704,0.0034069758024173904,0.06569313593539704,0.0034069758024173904,0.42662532078699744,0.0658012911778293,0.0,0.0,0.8127917690417691,0.014250407402866332,0.06907133243606998,0.00505626804174797,61f8be0274219ccb278a762517b9e8702ff6e869cdeedd952bfef2f24a23ffcf
locked,adult_income,single_model,label_noise,40,195360,0.8632268632268633,0.0,0.13677313677313674,0.0,0.7574511819116135,0.0,0.630453378956373,0.0,0.6881419234360411,0.0,0.5763513513513514,0.25361937182164035,0.3993093076184985,0.20919236708956762,0.06352624495289368,0.0,0.06352624495289368,0.0,0.369546621043627,0.0,0.0,0.0,0.8007780507780508,0.0,0.06352624495289368,0.0,94d8d8b7475b55e3df2697222921ea0d24f79608b7de23f0bdec0908d2c054b9
locked,adult_income,single_model,missing_features,40,195360,0.818499180999181,0.03756566324642815,0.181500819000819,0.03756566324642815,0.6560586386564135,0.24899494569448244,0.3604148845166809,0.23199927471833642,0.43634753887370564,0.24797142771593905,0.818499180999181,0.03756566324642815,0.43634753887370564,0.24797142771593905,0.037355316285329745,0.023693906540273625,0.037355316285329745,0.023693906540273625,0.6395851154833191,0.23199927471833642,0.0,0.0,0.8853194103194103,0.07352248572855644,0.003849259757738896,0.004161493473343463,67e7be1cd29da95071d14c27ac9320bf0ab7b4a295bfc8848087903e01315f66
locked,adult_income,single_model,random_feature_deletion,40,195360,0.821739352989353,0.04355421617052482,0.178260647010647,0.04355421617052482,0.5970605156780087,0.28421882692835027,0.40742087254063303,0.26380432466442677,0.459122549076899,0.2822196221206736,0.821739352989353,0.04355421617052482,0.459122549076899,0.2822196221206736,0.047886944818304175,0.030265872433934277,0.047886944818304175,0.030265872433934277,0.592579127459367,0.26380432466442677,0.0,0.0,0.8660575348075348,0.08448038962734733,0.009044414535666219,0.02139361839959172,193da076aab3b8881b2457d4c64f1b5b09084b370549c28e70bcfa36732d6442
locked,adult_income,single_model,specialist_failure,40,195360,0.5512899262899263,0.31193693693693697,0.4487100737100737,0.31193693693693697,0.49840208563230143,0.2590490962793121,0.8152266894781866,0.1847733105218135,0.5371983365734642,0.15094358686257695,0.5512899262899263,0.31193693693693697,0.5371983365734642,0.15094358686257695,0.5317631224764469,0.46823687752355314,0.5317631224764469,0.46823687752355314,0.1847733105218135,0.1847733105218135,0.0,0.0,0.4003890253890254,0.4003890253890254,1.0,0.0,a4ca71c20fa304f23ff67b2f7e577fff44eba437a51ad8f48a708dedae24e98c
locked,adult_income,single_model,synthetic_sensor_failure,40,195360,0.7892864455364456,0.03409174491342447,0.21071355446355444,0.03409174491342447,0.3186889591756247,0.3224369459870396,0.28154405474764754,0.28288407758657425,0.29886012929344763,0.301131294388862,0.7892864455364456,0.03409174491342447,0.29886012929344763,0.301131294388862,0.050942126514131894,0.05329468126402027,0.050942126514131894,0.05329468126402027,0.7184559452523525,0.28288407758657425,0.0,0.0,0.8938626126126126,0.10627107341090404,0.0,0.0,cb7291a8889cecd432b7d3dc88661daf0ff0f8a5466673231812231a0ef2214f
locked,adult_income,static_weighted_ensemble,adversarial_confidence_inflation,40,195360,0.857232800982801,0.005818651303074501,0.14276719901719903,0.005818651303074501,0.746549736635808,0.014720140515764148,0.6109281437125749,0.012462454434178084,0.6719627748293064,0.013469332845788403,0.857232800982801,0.005818651303074501,0.6719627748293064,0.013469332845788403,0.06526244952893674,0.0037627094430763264,0.06526244952893674,0.0037627094430763264,0.38907185628742513,0.012462454434178084,0.0,0.0,0.8041308353808354,0.0005675820077392116,0.07065948855989232,0.0012408538973476275,b4b473e330a20936a843a7dfe28ed2b7d626ef1ce9b7a893e40c79ecd5df9245
locked,adult_income,static_weighted_ensemble,confidence_distortion,40,195360,0.8632268632268633,0.0,0.13677313677313674,0.0,0.7617554858934169,0.0,0.6236099230111206,0.0,0.6857949200376293,0.0,0.8632268632268633,0.0,0.6857949200376293,0.0,0.06137281292059219,0.0,0.06137281292059219,0.0,0.3763900769888794,0.0,0.0,0.0,0.8040540540540541,0.0,0.06137281292059219,0.0,a38c9cfa356f6bd296863a5efe3caeee63e3c7cb2b23bff5dcb106dce65159cc
locked,adult_income,static_weighted_ensemble,distribution_shift,40,145385,0.8701590076483338,0.0073714755377537015,0.12984099235166627,0.0073714755377537015,0.7845725426257458,0.02616913765004544,0.6871814973169561,0.05480906563522523,0.7322619857257445,0.042269177443501144,0.8701590076483338,0.0073714755377537015,0.7322619857257445,0.042269177443501144,0.06650307770383589,0.0035390248713999253,0.06650307770383589,0.0035390248713999253,0.31281850268304395,0.05480906563522524,0.0,0.0,0.7688443435130707,0.03372642724992816,0.07023513836972917,0.0005235999081907028,cd92e181e02cc88b49654f3889581489b3cf548d6100c5cd63499a93087ac47e
locked,adult_income,static_weighted_ensemble,feature_noise,40,195360,0.8501228501228502,0.015201099775686889,0.14987714987714987,0.015201099775686889,0.7381790572002054,0.029392023787922775,0.5767964071856287,0.05322134183847264,0.6470892339960901,0.044950879701367186,0.8501228501228502,0.015201099775686889,0.6470892339960901,0.044950879701367186,0.06386944818304172,0.003762727496181616,0.06386944818304172,0.003762727496181616,0.42320359281437125,0.053221341838472644,0.0,0.0,0.8133599508599508,0.010481325772110783,0.06885598923283984,0.004282907801496378,dfdf0b1e99bf18fbff0f8466255aa1b79b95fc5bb553455998266a4c656ec6da
locked,adult_income,static_weighted_ensemble,label_noise,40,195360,0.8632268632268633,0.0,0.13677313677313674,0.0,0.7617554858934169,0.0,0.6236099230111206,0.0,0.6857949200376293,0.0,0.5762796887796888,0.25357488698481223,0.39615217165603905,0.20934764968593703,0.06137281292059219,0.0,0.06137281292059219,0.0,0.3763900769888794,0.0,0.0,0.0,0.8040540540540541,0.0,0.06137281292059219,0.0,f64d23ae68d255c5a815e5c4132aeb2f6e9a7ede3a7fb68698092a26f2aac4ff
locked,adult_income,static_weighted_ensemble,missing_features,40,195360,0.8193540131040131,0.03783925564827489,0.18064598689598688,0.03783925564827489,0.6692776941117616,0.25345028210760034,0.3563088109495295,0.23146225595957406,0.4344642889715962,0.2491196130502906,0.8193540131040131,0.03783925564827489,0.4344642889715962,0.2491196130502906,0.03493943472409152,0.023141975085770268,0.03493943472409152,0.023141975085770268,0.6436911890504705,0.23146225595957406,0.0,0.0,0.8881398443898444,0.07298284195919622,0.0029878869448183043,0.003151694182765196,03031c8325d99bf51c32c94c53c0c92c81d0b9e5ecef943ee36673a0544374ac
locked,adult_income,static_weighted_ensemble,random_feature_deletion,40,195360,0.8218622031122031,0.04389453512275573,0.17813779688779688,0.04389453512275573,0.6014265916119529,0.28675056761614276,0.38543627031650984,0.2660462872728096,0.442823368286079,0.28712667112160906,0.8218622031122031,0.04389453512275573,0.442823368286079,0.28712667112160906,0.04080753701211306,0.027009453993682875,0.04080753701211306,0.027009453993682875,0.6145637296834902,0.2660462872728096,0.0,0.0,0.8767045454545455,0.08382994353405246,0.0018842530282637954,0.004274779549094012,a74052c367ebaaa497bdcb7602efc8f7c372ff3dbc73b42df0123dcb6e234c5c
locked,adult_income,static_weighted_ensemble,specialist_failure,40,195360,0.7061834561834562,0.26953041183057047,0.2938165438165438,0.26953041183057047,0.6295457775189983,0.2252932349579673,0.7136441402908469,0.16546073227284722,0.6077873684043363,0.12800351772170965,0.7061834561834562,0.26953041183057047,0.6077873684043363,0.12800351772170965,0.296164199192463,0.4063598484976337,0.296164199192463,0.4063598484976337,0.2863558597091531,0.16546073227284724,0.0,0.0,0.6039107289107289,0.34867091758843555,1.0,0.0,277b62eacb1cda34bcfb4017a02233652defeb36b21a73e3202ee9b483d0f0e4
locked,adult_income,static_weighted_ensemble,synthetic_sensor_failure,40,195360,0.7916666666666667,0.03515880587843749,0.20833333333333331,0.03515880587843749,0.3466582846575404,0.3477824231787901,0.22743798118049616,0.23764096208967475,0.2732243650047037,0.27908382327081194,0.7916666666666667,0.03515880587843749,0.2732243650047037,0.27908382327081194,0.030787348586810228,0.030787458905876527,0.030787348586810228,0.030787458905876527,0.7725620188195038,0.23764096208967475,0.0,0.0,0.9221437346437347,0.07957000694639452,0.0,0.0,6e87ba9c011ae9b3699f419361897b439fc4b15baeef271eff648048c826795a
locked,adult_income,veto_mavs,adversarial_confidence_inflation,40,195360,0.8531633906633906,0.010808847473607877,0.14683660933660933,0.010808847473607877,0.7342044085826914,0.02676835379439021,0.6057313943541488,0.02376022995024613,0.663806239495555,0.02518982042383719,0.8531633906633906,0.010808847473607877,0.663806239495555,0.02518982042383719,0.0689771197846568,0.006753590706465977,0.0689771197846568,0.006753590706465977,0.39426860564585114,0.023760229950246126,0.0,0.0,0.80254914004914,0.000796357226744246,0.07900403768506056,0.002050889652629928,5e71daf7e545ce173c8f37fb54086c3d1704a9673aad897d53ca02597ae647c6
locked,adult_income,veto_mavs,confidence_distortion,40,195360,0.8634316134316135,0.0,0.13656838656838655,0.0,0.7592975206611571,0.0,0.6287425149700598,0.0,0.6878802058961161,0.0,0.8634316134316135,0.0,0.6878802058961161,0.0,0.06271870794078062,0.0,0.06271870794078062,0.0,0.3712574850299401,0.0,0.0,0.0,0.8018018018018018,0.0,0.06271870794078062,0.0,8372f02c1eb2fa2b67e34a6c967b899215418d0f20591c84e17552943c93e247
locked,adult_income,veto_mavs,distribution_shift,40,145385,0.8709393875751837,0.008095655973775531,0.1290606124248163,0.008095655973775531,0.7856616969312546,0.029982826597324704,0.6893104637183807,0.05283090648434596,0.7340620734066169,0.042855706851561565,0.8709393875751837,0.008095655973775531,0.7340620734066169,0.042855706851561565,0.06606979582948694,0.002357261520391458,0.06606979582948694,0.002357261520391458,0.31068953628161927,0.05283090648434594,0.0,0.0,0.7686036740328521,0.03185181612627072,0.0666014472260476,0.00010528354318315586,0cb163599fbde2e736dce30c65e2295f7eb3c09610588d6fd8b210eee8940fc8
locked,adult_income,veto_mavs,feature_noise,40,195360,0.8517864455364456,0.014167041413177896,0.14821355446355447,0.014167041413177896,0.7504925299432179,0.017875932932260977,0.5682848588537212,0.06745160936826908,0.6451428120436673,0.05078263458528426,0.8517864455364456,0.014167041413177896,0.6451428120436673,0.05078263458528426,0.059004037685060566,0.0037805997066227043,0.059004037685060566,0.0037805997066227043,0.43171514114627885,0.06745160936826909,0.0,0.0,0.8190980753480753,0.0183613670399166,0.05477792732166891,0.0038432314511841056,15a384393449c06ba5bf6cb6e2d960f6b8c03f6bb3ed46efd90f21b3fa26a5ab
locked,adult_income,veto_mavs,label_noise,40,195360,0.8634316134316135,0.0,0.13656838656838655,0.0,0.7592975206611571,0.0,0.6287425149700598,0.0,0.6878802058961161,0.0,0.5764025389025389,0.2537172576038748,0.3984992019333319,0.20945899148430547,0.06271870794078062,0.0,0.06271870794078062,0.0,0.3712574850299401,0.0,0.0,0.0,0.8018018018018018,0.0,0.06271870794078062,0.0,6775552b73f834907c1e7b9488da282fa8590fc8720d34541a43b85b1203e232
locked,adult_income,veto_mavs,missing_features,40,195360,0.8191543816543817,0.03839535188405899,0.18084561834561833,0.03839535188405899,0.6848955075791395,0.2606953691202613,0.34854576561163386,0.23569402052692764,0.4261665618980481,0.2542127287159053,0.8191543816543817,0.03839535188405899,0.4261665618980481,0.2542127287159053,0.03275908479138627,0.023885992935787706,0.03275908479138627,0.023885992935787706,0.6514542343883661,0.23569402052692764,0.0,0.0,0.8916564291564292,0.07450572076863728,0.0017496635262449528,0.0019789691817725763,ffb318aaa64e68a25d1a196dbc3420191c929a6283297dab9e9f0aa63daba4b5
locked,adult_income,veto_mavs,random_feature_deletion,40,195360,0.8225993038493039,0.043905813129351226,0.17740069615069615,0.043905813129351226,0.5851151211706186,0.31668648866940535,0.37874251497005984,0.2672842915383395,0.4376301397135231,0.2912535330421543,0.8225993038493039,0.043905813129351226,0.4376301397135231,0.2912535330421543,0.03773216689098251,0.027036943196857878,0.03773216689098251,0.027036943196857878,0.6212574850299402,0.26728429153833955,0.0,0.0,0.8806459868959869,0.08428428944054349,0.0008075370121130552,0.002166849184118235,32a178cca4a4d7741ade017d8dbc0bf4af52bb25110c7d55fbc4093951185f62
locked,adult_income,veto_mavs,specialist_failure,40,195360,0.705748361998362,0.26927749152916497,0.294251638001638,0.269277491529165,0.6282660885292801,0.2245446646427965,0.7130025662959795,0.16583139947815184,0.6068777589812933,0.12746119405475614,0.705748361998362,0.26927749152916497,0.6068777589812933,0.12746119405475614,0.2965343203230148,0.4061461831531683,0.2965343203230148,0.4061461831531683,0.28699743370402053,0.16583139947815184,0.0,0.0,0.60378276003276,0.34859842960980225,1.0,0.0,5ceabf2c9bd2b01252ad91a0e14f4e1fc34657b216acdf5ecac9a98a342b8e1a
locked,adult_income,veto_mavs,synthetic_sensor_failure,40,195360,0.7970669533169533,0.03841692215533718,0.20293304668304668,0.03841692215533718,0.3464416672795301,0.3475010352694717,0.272027373823781,0.2742156604423023,0.3046745808627399,0.30635674363989657,0.7970669533169533,0.03841692215533718,0.3046745808627399,0.30635674363989657,0.03771870794078062,0.038074425152181256,0.03771870794078062,0.038074425152181256,0.7279726261762189,0.2742156604423023,0.0,0.0,0.9061988124488124,0.09390087697776164,0.0,0.0,a08407e444231322200fd5a6cf67970493aa0ce0106443345a09231b7feb99df
locked,bank_marketing,mean_ensemble,adversarial_confidence_inflation,40,180840,0.8946306126963062,0.014479980748860677,0.10536938730369387,0.014479980748860677,0.5752727626524632,0.09189557068305233,0.3872873345935728,0.05612677802524477,0.46288463180389466,0.06984174370970211,0.8946306126963062,0.014479980748860677,0.46288463180389466,0.06984174370970211,0.03813877755511022,0.008986101536998659,0.03813877755511022,0.008986101536998659,0.6127126654064272,0.05612677802524477,0.0,0.0,0.9210075204600752,0.0015836242601413556,0.05182865731462926,0.0026043672521788752,638f7b8e77c33119b39cba53858bb32f633008d4aa564649f80e4fd8272cd096
locked,bank_marketing,mean_ensemble,confidence_distortion,40,180840,0.9080402565804025,9.577808048936001e-05,0.09195974341959745,9.577808048936001e-05,0.6612094502719502,0.0004170593072162302,0.4390359168241966,0.0008185495309871658,0.527690640800743,0.0007238474636934669,0.9080402565804025,9.577808048936001e-05,0.527690640800743,0.0007238474636934669,0.029809619238476952,0.0,0.029809619238476952,0.0,0.5609640831758034,0.0008185495309871899,0.0,0.0,0.9223070117230701,9.577808048931194e-05,0.029809619238476952,0.0,fd192d98304a00846bc1d8106e7f4caa49340131c2b6fe51551a24db8464ad8a
locked,bank_marketing,mean_ensemble,distribution_shift,40,134580,0.8871331406041331,0.022097646810775758,0.11286685939586696,0.022097646810775758,0.6591118795767237,0.006032410747503872,0.4849261294278507,0.04559884851388635,0.5574196615995519,0.028030060359281888,0.8871331406041331,0.022097646810775758,0.5574196615995519,0.028030060359281888,0.04541400854610721,0.018057721509497634,0.04541400854610721,0.018057721509497634,0.5150738705721494,0.045598848513886354,0.0,0.0,0.8886701566978223,0.03682816795579951,0.07363438773740352,0.010500227647211868,958f3a2fcc6c2f8382cb46d18dcd13cbb4c8f2b511ad022dad677fc078450fc1
locked,bank_marketing,mean_ensemble,feature_noise,40,180840,0.8975116124751161,0.011997549413683271,0.10248838752488387,0.011997549413683271,0.5942434712098185,0.07564959695759395,0.4058601134215501,0.034319781766489976,0.48196656108199387,0.049006096533862106,0.8975116124751161,0.011997549413683271,0.48196656108199387,0.049006096533862106,0.03733717434869739,0.009279861940632428,0.03733717434869739,0.009279861940632428,0.5941398865784498,0.03431978176648998,0.0,0.0,0.9195421366954214,0.0047534626931313795,0.05165330661322645,0.004839015459594059,eed1b5cc2d6b5451b18b0d9664b14d02e747a5fea25ede63ccfac1c4344b04fc
locked,bank_marketing,mean_ensemble,label_noise,40,180840,0.9082061490820615,0.0,0.09179385091793846,0.0,0.6619318181818182,0.0,0.44045368620037806,0.0,0.5289443813847899,0.0,0.5873645211236452,0.28451810640710745,0.24893634865831296,0.16402273746498586,0.029809619238476952,0.0,0.029809619238476952,0.0,0.5595463137996219,0.0,0.0,0.0,0.9221411192214112,0.0,0.029809619238476952,0.0,09db17983b6a2f6bcc6fe38b919873ea67ae6c0545cf5aa089dd09291a3e3982
locked,bank_marketing,mean_ensemble,missing_features,40,180840,0.8954490157044902,0.00923377361564103,0.10455098429550982,0.00923377361564103,0.5501397566104502,0.21003145110906304,0.24546313799621927,0.16127519781660138,0.32122171515097825,0.1893208752754597,0.8954490157044902,0.00923377361564103,0.32122171515097825,0.1893208752754597,0.01841808617234469,0.011189712855743026,0.01841808617234469,0.011189712855743026,0.7545368620037807,0.16127519781660138,0.0,0.0,0.9550154833001548,0.028673881605101325,0.0020791583166332667,0.0022068271031299627,532760786971c771ca44bd4e404b638c234a6cd0400aaa4f63bf46a251c2101b
locked,bank_marketing,mean_ensemble,random_feature_deletion,40,180840,0.8956812652068127,0.009512415814780939,0.10431873479318733,0.009512415814780939,0.5026006123282794,0.2581958527223083,0.25137051039697544,0.16753770713576538,0.3242329074534368,0.19851807971830104,0.8956812652068127,0.009512415814780939,0.3242329074534368,0.19851807971830104,0.018937875751503006,0.01233279298212,0.018937875751503006,0.01233279298212,0.7486294896030246,0.16753770713576538,0.0,0.0,0.9538652952886529,0.030253621362554294,0.006688376753507014,0.010609567684600096,07be20fcfa7f22f9fb1df35b62597f78b40307f5a4b8b5794326f3fd85dbac11
locked,bank_marketing,mean_ensemble,specialist_failure,40,180840,0.7097710683477108,0.342233303644757,0.2902289316522893,0.34223330364475707,0.520391722426714,0.2329204628454367,0.5801039697542533,0.24301123602971408,0.4470535162283126,0.13775423009675763,0.7097710683477108,0.342233303644757,0.4470535162283126,0.13775423009675763,0.27304609218436876,0.4197080933995982,0.27304609218436876,0.4197080933995982,0.4198960302457467,0.24301123602971408,0.0,0.0,0.6910252156602521,0.39897312483646663,1.0,0.0,a96d223f21d5f8ea37951404718ccf1ee7a8eb08c8057874d387ac2a1d86ae70
locked,bank_marketing,mean_ensemble,synthetic_sensor_failure,40,180840,0.891506303915063,0.0069137357257632375,0.10849369608493693,0.0069137357257632375,0.5948189576644005,0.2546978231006182,0.1850189035916824,0.13245820173411382,0.25881175902873216,0.1605534047586874,0.891506303915063,0.0069137357257632375,0.25881175902873216,0.1605534047586874,0.014873496993987975,0.011488234793650479,0.014873496993987975,0.011488234793650479,0.8149810964083176,0.13245820173411385,0.0,0.0,0.9652178721521787,0.02526720644032602,0.000375751503006012,0.000375751503006012,35b250d14a8f90cdfc268cf7dc27c9d4c92d10d59561eb189da1181742918f45
locked,bank_marketing,pure_mavs_gc,adversarial_confidence_inflation,40,180840,0.8979152842291529,0.009005990380552406,0.10208471577084716,0.009005990380552406,0.636708585984664,0.08404070436375151,0.30831758034026463,0.020314985591543523,0.414994782436285,0.03663529074558671,0.8979152842291529,0.009005990380552406,0.414994782436285,0.03663529074558671,0.023954158316633268,0.0075522391086654305,0.023954158316633268,0.0075522391086654305,0.6916824196597353,0.020314985591543547,0.0,0.0,0.9427726166777262,0.0043740253029002875,0.03584669338677355,0.0023161523673775196,5caa109153a812d56801da501bc924aab00e1e9733c268eec5bd562786804504
locked,bank_marketing,pure_mavs_gc,confidence_distortion,40,180840,0.9019022340190224,0.003016629439722595,0.09809776598097768,0.003016629439722595,0.7557892566492164,0.04562199731401354,0.2478733459357278,0.0642126760565135,0.3662246914546614,0.06978882311602908,0.9019022340190224,0.003016629439722595,0.3662246914546614,0.06978882311602908,0.011429108216432865,0.005167152455427703,0.011429108216432865,0.005167152455427703,0.7521266540642721,0.06421267605651351,0.0,0.0,0.9609046671090467,0.012059800442235528,0.004634268537074148,0.00037575150300601197,5b23fb4a46a76b96af2ca22dca3fa860c6a19fe0cc9ab2b0f1979735a8fef34c
locked,bank_marketing,pure_mavs_gc,distribution_shift,40,134580,0.8843200174936371,0.022647534566309836,0.11567998250636287,0.022647534566309836,0.7082114853524271,0.008061980386472207,0.36586029534111886,0.037795372197450834,0.48113590274097845,0.030606940416820508,0.8843200174936371,0.022647534566309836,0.48113590274097845,0.030606940416820508,0.027504580629822882,0.011676689961057052,0.027504580629822882,0.011676689961057052,0.6341397046588811,0.037795372197450834,0.0,0.0,0.9215918567067228,0.026959567030093917,0.045608034862544444,0.00727658052207094,a839fc1568a789e82cdcb1baad6275348358f981188d4cceda73fb7f7a8a5fda
locked,bank_marketing,pure_mavs_gc,feature_noise,40,180840,0.8986175624861756,0.007549767568238286,0.10138243751382438,0.007549767568238286,0.6445406451267442,0.07006063994122609,0.2987240075614367,0.032028864485105606,0.40811928397746094,0.043480065308590984,0.8986175624861756,0.007549767568238286,0.40811928397746094,0.043480065308590984,0.0218875250501002,0.004617205595725921,0.0218875250501002,0.004617205595725921,0.7012759924385633,0.032028864485105626,0.0,0.0,0.9457199734571997,0.0020818903100270096,0.028657314629258517,0.0022100946893900577,854991cf0e7e89161f210da8322b9206b734137792518b3c76d0d43ee7ab3f91
locked,bank_marketing,pure_mavs_gc,label_noise,40,180840,0.9059942490599425,0.0,0.09400575094005748,0.0,0.7131147540983607,0.0,0.32892249527410206,0.0,0.4501940491591203,0.0,0.5871212121212122,0.2831620971451693,0.19922016330851086,0.14429985390811523,0.01753507014028056,0.0,0.01753507014028056,0.0,0.6710775047258979,0.0,0.0,0.0,0.9460296394602964,0.0,0.01753507014028056,0.0,d43959bc7cc9ca4586f472b2cd358f34ef287511ddc658b4f34b1992dee81675
locked,bank_marketing,pure_mavs_gc,missing_features,40,180840,0.8939117451891174,0.008577879398885178,0.10608825481088253,0.008577879398885178,0.5900607255262537,0.22837878808280998,0.17121928166351608,0.12336595126914178,0.2507977719191669,0.16785736475716892,0.8939117451891174,0.008577879398885178,0.2507977719191669,0.16785736475716892,0.01032064128256513,0.00679527544477839,0.01032064128256513,0.00679527544477839,0.8287807183364839,0.1233659512691418,0.0,0.0,0.9708526874585269,0.020375518734978695,0.0006012024048096192,0.0007014028056112224,97a0b970a1e7ddb90684051ae6291cdbee063c636ac057753b3f454f2e61752b
locked,bank_marketing,pure_mavs_gc,random_feature_deletion,40,180840,0.8941605839416058,0.0087759764063593,0.10583941605839414,0.0087759764063593,0.5442179907558456,0.2891263491052059,0.1727788279773157,0.1301418589689383,0.25011058100475353,0.1773687489999651,0.8941605839416058,0.0087759764063593,0.25011058100475353,0.1773687489999651,0.010245490981963928,0.007637569741504108,0.010245490981963928,0.007637569741504108,0.8272211720226843,0.1301418589689383,0.0,0.0,0.9707365627073656,0.021856728649523878,0.002004008016032064,0.005122730179161892,f141b20995b8399f070b7ba1b4f41765e871eea9a75fcf6ab959bdfbbc44379f
locked,bank_marketing,pure_mavs_gc,specialist_failure,40,180840,0.8975613802256138,0.008929775907458616,0.10243861977438619,0.008929775907458616,0.5276709321962735,0.3047825692241069,0.2164461247637051,0.13437183046657786,0.30410903483618407,0.1828536221905914,0.8975613802256138,0.008929775907458616,0.30410903483618407,0.1828536221905914,0.01218061122244489,0.007743214000677555,0.01218061122244489,0.007743214000677555,0.7835538752362949,0.13437183046657786,0.0,0.0,0.9639183808891838,0.02254251629831032,0.0,0.0,8f71c972850a7c3c785215f3573077196716e326d28c1a2d4803f25803fe7a03
locked,bank_marketing,pure_mavs_gc,synthetic_sensor_failure,40,180840,0.8920039814200398,0.006629937407808992,0.10799601857996018,0.006629937407808992,0.6620218759576675,0.27583923601712257,0.13728733459357279,0.10248090844010477,0.21138569833674817,0.14377208268965358,0.8920039814200398,0.006629937407808992,0.21138569833674817,0.14377208268965358,0.007984719438877755,0.0064530603064612705,0.007984719438877755,0.0064530603064612705,0.8627126654064272,0.10248090844010478,0.0,0.0,0.9768856447688564,0.0175658148532834,0.0,0.0,b63efde86aa79d0c1eb091ec12d53654a8042040bab8ddf9e763e5b0f36c5356
locked,bank_marketing,single_model,adversarial_confidence_inflation,40,180840,0.9044459190444591,0.0,0.09555408095554085,0.0,0.6109839816933639,0.0,0.504725897920605,0.0,0.5527950310559007,0.0,0.9044459190444591,0.0,0.5527950310559007,0.0,0.042585170340681364,0.0,0.042585170340681364,0.0,0.4952741020793951,0.0,0.0,0.0,0.9033399690333996,0.0,0.042585170340681364,0.0,6976c28f9dd4d345568635a5e974531f7f15fec23651bad26323685de79cdd6a
locked,bank_marketing,single_model,confidence_distortion,40,180840,0.9044459190444591,0.0,0.09555408095554085,0.0,0.6109839816933639,0.0,0.504725897920605,0.0,0.5527950310559007,0.0,0.9044459190444591,0.0,0.5527950310559007,0.0,0.042585170340681364,0.0,0.042585170340681364,0.0,0.4952741020793951,0.0,0.0,0.0,0.9033399690333996,0.0,0.042585170340681364,0.0,7ce6232eb490ce4ab02c152a4f63e4cdecc7dcd8ea16c0495136588dbd260635
locked,bank_marketing,single_model,distribution_shift,40,134580,0.8814030046104631,0.024712576520750994,0.1185969953895369,0.024712576520750994,0.6085299359004546,0.006517479063247148,0.5529449377807049,0.04797303788563103,0.5781582158322861,0.02385756501625188,0.8814030046104631,0.024712576520750994,0.5781582158322861,0.02385756501625188,0.06429681543512317,0.02502168378635683,0.06429681543512317,0.02502168378635683,0.4470550622192952,0.047973037885631044,0.0,0.0,0.862671437746485,0.044442568570962446,0.10314451261815974,0.014643948920301797,b3f0a11599ae3fc3d974f4d1afa47d361a21d73e3639c31038ab60b931abf159
locked,bank_marketing,single_model,feature_noise,40,180840,0.8906160141561601,0.0161281481104395,0.10938398584383986,0.0161281481104395,0.5424231859940079,0.0743591592682493,0.48185255198487714,0.03407578865769289,0.5095216356879788,0.051895236299874886,0.8906160141561601,0.0161281481104395,0.5095216356879788,0.051895236299874886,0.055216683366733466,0.014247417911693091,0.055216683366733466,0.014247417911693091,0.5181474480151229,0.03407578865769289,0.0,0.0,0.8948628621986287,0.009391904024905392,0.07710420841683367,0.008342698849525803,4cae4917781ecf87485b1818cd8d8be0e3526383c8eea1872428460c9258a783
locked,bank_marketing,single_model,label_noise,40,180840,0.9044459190444591,0.0,0.09555408095554085,0.0,0.6109839816933639,0.0,0.504725897920605,0.0,0.5527950310559007,0.0,0.586468701614687,0.2820378916401974,0.27602790778325775,0.1657865131820862,0.042585170340681364,0.0,0.042585170340681364,0.0,0.4952741020793951,0.0,0.0,0.0,0.9033399690333996,0.0,0.042585170340681364,0.0,0dfccab27a3ec0839439c61cbd38256dfba981faf640dfd052f68a510be64c10
locked,bank_marketing,single_model,missing_features,40,180840,0.893662906436629,0.008052614859356596,0.10633709356337094,0.008052614859356596,0.5118424799594719,0.19543656386043087,0.2919187145557656,0.18268191160018435,0.352675616944129,0.19322915395222426,0.893662906436629,0.008052614859356596,0.352675616944129,0.19322915395222426,0.026596943887775552,0.01556596048253923,0.026596943887775552,0.01556596048253923,0.7080812854442344,0.18268191160018432,0.0,0.0,0.9423578854235789,0.03502583320205744,0.0036322645290581164,0.003712573592253882,2f94b325c2e8b0fd2fb077c80ad5b81199e3da90a3986d668c41310bae0adb3e
locked,bank_marketing,single_model,random_feature_deletion,40,180840,0.8934251271842513,0.008725642461981856,0.10657487281574872,0.008725642461981856,0.4655003970756329,0.23821603608129566,0.3046313799621928,0.19033417612825254,0.35821010170162715,0.20675220222914872,0.8934251271842513,0.008725642461981856,0.35821010170162715,0.20675220222914872,0.028550851703406814,0.017273991083308255,0.028550851703406814,0.017273991083308255,0.6953686200378072,0.19033417612825254,0.0,0.0,0.939145100641451,0.037163744507176404,0.010621242484969939,0.016285339674199706,125414011b8745ab23fe2ed0f50e4f46dbe2d792d112e9195a4c7862e3ef8670
locked,bank_marketing,single_model,specialist_failure,40,180840,0.5107277151072771,0.39371820393718204,0.4892722848927229,0.39371820393718204,0.3639967464317295,0.24698723526163438,0.7523629489603025,0.24763705103969752,0.38114999077547507,0.17164504028042557,0.5107277151072771,0.39371820393718204,0.38114999077547507,0.17164504028042557,0.5212925851703407,0.47870741482965934,0.5212925851703407,0.47870741482965934,0.24763705103969755,0.24763705103969755,0.0,0.0,0.4516699845166998,0.4516699845166998,1.0,0.0,dc34186ad5653e43fa6c86cf78bb2a70dd025c9e1d714f1ad3885fbd2eb2c178
locked,bank_marketing,single_model,synthetic_sensor_failure,40,180840,0.8892667551426675,0.00601390508919864,0.11073324485733246,0.00601390508919864,0.5682217193241716,0.2587178042779402,0.20675803402646503,0.15385519782158782,0.270169438325937,0.17168207939714283,0.8892667551426675,0.00601390508919864,0.270169438325937,0.17168207939714283,0.02029058116232465,0.01581929198782259,0.02029058116232465,0.01581929198782259,0.793241965973535,0.15385519782158782,0.0,0.0,0.9578909533289095,0.03165818127520844,0.000375751503006012,0.000375751503006012,73a3a607a9c5fd00ce08dcf7103c58f3f4634e9c977d5be87c56917903e19fac
locked,bank_marketing,static_weighted_ensemble,adversarial_confidence_inflation,40,180840,0.8981751824817518,0.008702435255362746,0.10182481751824819,0.008702435255362746,0.5861177603774588,0.04948258348943771,0.44054820415879015,0.039333441425235545,0.5029952039742699,0.0437975699838888,0.8981751824817518,0.008702435255362746,0.5029952039742699,0.0437975699838888,0.041182364729458916,0.0047084193925191805,0.041182364729458916,0.0047084193925191805,0.5594517958412099,0.03933344142523556,0.0,0.0,0.9120880336208803,0.001095895458852931,0.047895791583166335,0.0010070015652425752,78247bcd5a35f10d4cd5f7cc64a5e0a3c2e0da4e6ceb1f7994b9835183f6cd40
locked,bank_marketing,static_weighted_ensemble,confidence_distortion,40,180840,0.9070172528201725,0.00015394172646624447,0.09298274717982745,0.00015394172646624447,0.6373715553648914,0.0011188733414225697,0.4763705103969754,0.0,0.5452335744344383,0.0004100286559174995,0.9070172528201725,0.00015394172646624447,0.5452335744344383,0.0004100286559174995,0.03591558116232465,0.00017434131897639115,0.03591558116232465,0.00017434131897639115,0.5236294896030246,0.0,0.0,0.0,0.91254700287547,0.00015394172646619958,0.03582164328657315,0.0,8750ff2f1765db4e9edcc36b096725bd8ad48c4f47125bbe652e5d78cf0a8f63
locked,bank_marketing,static_weighted_ensemble,distribution_shift,40,134580,0.8840660135628855,0.023770269136732775,0.11593398643711454,0.023770269136732775,0.6290562976194412,0.006990224377075721,0.5242727894252401,0.048291030934623794,0.5704619115373153,0.025354934605385265,0.8840660135628855,0.023770269136732775,0.5704619115373153,0.025354934605385265,0.05612331391726376,0.022604679409186493,0.05612331391726376,0.022604679409186493,0.4757272105747598,0.048291030934623794,0.0,0.0,0.8737825210704123,0.04196541180787596,0.09126033446072905,0.01290633220593762,70449ae9a77c52c469556fe68c4b8019ef279606950f93151b5fbc92af403884
locked,bank_marketing,static_weighted_ensemble,feature_noise,40,180840,0.8943264764432648,0.014821360096824885,0.10567352355673523,0.014821360096824885,0.5662681224720042,0.07750224068041407,0.45382797731568997,0.0310254748573266,0.5030372318955749,0.049849109345330225,0.8943264764432648,0.014821360096824885,0.5030372318955749,0.049849109345330225,0.04730085170340682,0.01305491055015823,0.04730085170340682,0.01305491055015823,0.54617202268431,0.031025474857326603,0.0,0.0,0.9051316080513161,0.008511476357766523,0.06751002004008017,0.007275102870656015,96f5aa2fe01ee2583a510f24751f10221d17949494c8b81116eb5c57a798ebc8
locked,bank_marketing,static_weighted_ensemble,label_noise,40,180840,0.9066578190665782,0.0,0.09334218093342184,0.0,0.6347607052896725,0.0,0.4763705103969754,0.0,0.5442764578833694,0.0,0.5871433311214334,0.2835463315241197,0.26463306252742963,0.16612436069251849,0.036322645290581164,0.0,0.036322645290581164,0.0,0.5236294896030246,0.0,0.0,0.0,0.9121875691218757,0.0,0.036322645290581164,0.0,eaa0780f4089342dd0a1caa49fa82e30ee6feed0884626f37a220cf2a3cfa556
locked,bank_marketing,static_weighted_ensemble,missing_features,40,180840,0.8947854456978545,0.00872304882099964,0.10521455430214553,0.00872304882099964,0.5289142984867637,0.20174812158409422,0.2723062381852552,0.17324394073734534,0.3409208807544519,0.1922291386000655,0.8947854456978545,0.00872304882099964,0.3409208807544519,0.1922291386000655,0.02272670340681363,0.013451692431156485,0.02272670340681363,0.013451692431156485,0.7276937618147448,0.17324394073734534,0.0,0.0,0.9480701172307012,0.032061049715579736,0.002880761523046092,0.0029411207326274294,ba4e946b9a43f314bdcf070ff440fe8879a82312390b4dbde0c73400fe76b851
locked,bank_marketing,static_weighted_ensemble,random_feature_deletion,40,180840,0.8950176952001769,0.009619182610613106,0.10498230479982304,0.009619182610613106,0.4811020048186727,0.24861882145340394,0.2832703213610586,0.18219059145818117,0.34657590533066124,0.20645626611265266,0.8950176952001769,0.009619182610613106,0.34657590533066124,0.20645626611265266,0.023916583166332665,0.014715093636279554,0.023916583166332665,0.014715093636279554,0.7167296786389414,0.18219059145818117,0.0,0.0,0.9457365627073656,0.03397115479738898,0.008892785571142285,0.013648627034968717,429fc9d41d3cd151bd13c22fb09970d749068c8fe8549dcf37c18cd1cd8cea7e
locked,bank_marketing,static_weighted_ensemble,specialist_failure,40,180840,0.7089139570891395,0.3417366206837455,0.2910860429108605,0.3417366206837455,0.5090956384492294,0.2264548514531129,0.5916824196597353,0.2371138925909075,0.4509578845793039,0.14028631631554028,0.7089139570891395,0.3417366206837455,0.4509578845793039,0.14028631631554028,0.2755511022044088,0.41826988024733214,0.2755511022044088,0.41826988024733214,0.40831758034026466,0.2371138925909075,0.0,0.0,0.6874585268745853,0.3969413437790342,1.0,0.0,c1802a6f2a8810c46a845b9a45f049074540e063979df21244810ed6d9bc9acf
locked,bank_marketing,static_weighted_ensemble,synthetic_sensor_failure,40,180840,0.8900409201504093,0.006645312565040811,0.10995907984959077,0.006645312565040811,0.5737078870650442,0.25421729355384415,0.19659735349716445,0.1436797328216247,0.26475510186995554,0.1659763635047492,0.8900409201504093,0.006645312565040811,0.26475510186995554,0.1659763635047492,0.018067384769539077,0.013886116684908753,0.018067384769539077,0.013886116684908753,0.8034026465028355,0.1436797328216247,0.0,0.0,0.9610429108604291,0.028667034430532104,0.000375751503006012,0.000375751503006012,11e8f301387e1e2e13c9b0ab08b867b0edc3ac77e4bd6e38ac00f17b72e9dc99
locked,bank_marketing,veto_mavs,adversarial_confidence_inflation,40,180840,0.8946306126963062,0.014479980748860677,0.10536938730369387,0.014479980748860677,0.5752727626524632,0.09189557068305233,0.3872873345935728,0.05612677802524477,0.46288463180389466,0.06984174370970211,0.8946306126963062,0.014479980748860677,0.46288463180389466,0.06984174370970211,0.03813877755511022,0.008986101536998659,0.03813877755511022,0.008986101536998659,0.6127126654064272,0.05612677802524477,0.0,0.0,0.9210075204600752,0.0015836242601413556,0.05182865731462926,0.0026043672521788752,9fe41c78fc44254eb404cb86b1f80ec2aadd99fc44b01a1b988043678b26b15d
locked,bank_marketing,veto_mavs,confidence_distortion,40,180840,0.9080402565804025,9.577808048936001e-05,0.09195974341959745,9.577808048936001e-05,0.6612094502719502,0.0004170593072162302,0.4390359168241966,0.0008185495309871658,0.527690640800743,0.0007238474636934669,0.9080402565804025,9.577808048936001e-05,0.527690640800743,0.0007238474636934669,0.029809619238476952,0.0,0.029809619238476952,0.0,0.5609640831758034,0.0008185495309871899,0.0,0.0,0.9223070117230701,9.577808048931194e-05,0.029809619238476952,0.0,b3d6f5003217f2c3c65b194e75917be4860c19aa55b3c22ab1d4f93045a7e9b9
locked,bank_marketing,veto_mavs,distribution_shift,40,134580,0.8871331406041331,0.022097646810775758,0.11286685939586696,0.022097646810775758,0.6591118795767237,0.006032410747503872,0.4849261294278507,0.04559884851388635,0.5574196615995519,0.028030060359281888,0.8871331406041331,0.022097646810775758,0.5574196615995519,0.028030060359281888,0.04541400854610721,0.018057721509497634,0.04541400854610721,0.018057721509497634,0.5150738705721494,0.045598848513886354,0.0,0.0,0.8886701566978223,0.03682816795579951,0.07363438773740352,0.010500227647211868,165c9576a21296a2234903546be10de654bfe8c2d3244c51173522913f73479d
locked,bank_marketing,veto_mavs,feature_noise,40,180840,0.8975116124751161,0.011997549413683271,0.10248838752488387,0.011997549413683271,0.5942434712098185,0.07564959695759395,0.4058601134215501,0.034319781766489976,0.48196656108199387,0.049006096533862106,0.8975116124751161,0.011997549413683271,0.48196656108199387,0.049006096533862106,0.03733717434869739,0.009279861940632428,0.03733717434869739,0.009279861940632428,0.5941398865784498,0.03431978176648998,0.0,0.0,0.9195421366954214,0.0047534626931313795,0.05165330661322645,0.004839015459594059,41b5ce2a5a2d15117f6b5c1349c4b2835cc57ddb7ad71a42a4f8af49320a4b99
locked,bank_marketing,veto_mavs,label_noise,40,180840,0.9082061490820615,0.0,0.09179385091793846,0.0,0.6619318181818182,0.0,0.44045368620037806,0.0,0.5289443813847899,0.0,0.5873645211236452,0.28451810640710745,0.24893634865831296,0.16402273746498586,0.029809619238476952,0.0,0.029809619238476952,0.0,0.5595463137996219,0.0,0.0,0.0,0.9221411192214112,0.0,0.029809619238476952,0.0,f8c153c21f7c14992bebcd15d23ddbe7c682e5410b585533b9e97e872c0eeff2
locked,bank_marketing,veto_mavs,missing_features,40,180840,0.8954490157044902,0.00923377361564103,0.10455098429550982,0.00923377361564103,0.5501397566104502,0.21003145110906304,0.24546313799621927,0.16127519781660138,0.32122171515097825,0.1893208752754597,0.8954490157044902,0.00923377361564103,0.32122171515097825,0.1893208752754597,0.01841808617234469,0.011189712855743026,0.01841808617234469,0.011189712855743026,0.7545368620037807,0.16127519781660138,0.0,0.0,0.9550154833001548,0.028673881605101325,0.0020791583166332667,0.0022068271031299627,e4f1026bcf5f432962854fbc61f4d4f4a5f6ab2fa672eff6ae75f14a2c5ce012
locked,bank_marketing,veto_mavs,random_feature_deletion,40,180840,0.8956812652068127,0.009512415814780939,0.10431873479318733,0.009512415814780939,0.5026006123282794,0.2581958527223083,0.25137051039697544,0.16753770713576538,0.3242329074534368,0.19851807971830104,0.8956812652068127,0.009512415814780939,0.3242329074534368,0.19851807971830104,0.018937875751503006,0.01233279298212,0.018937875751503006,0.01233279298212,0.7486294896030246,0.16753770713576538,0.0,0.0,0.9538652952886529,0.030253621362554294,0.006688376753507014,0.010609567684600096,f9931cd18fbf6fcd14dd2038d30f1c2e66e1de1af79aa080d2d5fefdd8c0da5c
locked,bank_marketing,veto_mavs,specialist_failure,40,180840,0.7097710683477108,0.342233303644757,0.2902289316522893,0.34223330364475707,0.520391722426714,0.2329204628454367,0.5801039697542533,0.24301123602971408,0.4470535162283126,0.13775423009675763,0.7097710683477108,0.342233303644757,0.4470535162283126,0.13775423009675763,0.27304609218436876,0.4197080933995982,0.27304609218436876,0.4197080933995982,0.4198960302457467,0.24301123602971408,0.0,0.0,0.6910252156602521,0.39897312483646663,1.0,0.0,b5b2ef283ebe1c25fe5d98f3c35ba970c49454841809bf045399bf32131eeb74
locked,bank_marketing,veto_mavs,synthetic_sensor_failure,40,180840,0.891506303915063,0.0069137357257632375,0.10849369608493693,0.0069137357257632375,0.5948189576644005,0.2546978231006182,0.1850189035916824,0.13245820173411382,0.25881175902873216,0.1605534047586874,0.891506303915063,0.0069137357257632375,0.25881175902873216,0.1605534047586874,0.014873496993987975,0.011488234793650479,0.014873496993987975,0.011488234793650479,0.8149810964083176,0.13245820173411385,0.0,0.0,0.9652178721521787,0.02526720644032602,0.000375751503006012,0.000375751503006012,f88abbbbcc582f6ffe57db8598a85fb7726c01c1c14623b6572149bb7dee607d
locked,breast_cancer_wisconsin,mean_ensemble,adversarial_confidence_inflation,40,2280,0.9473684210526315,0.0,0.052631578947368474,0.0,0.95,0.0,0.9047619047619048,0.0,0.9268292682926829,0.0,0.9473684210526315,0.0,0.9268292682926829,0.0,0.027777777777777776,0.0,0.027777777777777776,0.0,0.09523809523809523,0.0,0.0,0.0,0.6491228070175439,0.0,0.027777777777777776,0.0,a729d9a8652d9ca3581cd0f7c58584d831d84ef68d84d9424c3371ebb105ea84
locked,breast_cancer_wisconsin,mean_ensemble,confidence_distortion,40,2280,0.9473684210526315,0.0,0.052631578947368474,0.0,0.95,0.0,0.9047619047619048,0.0,0.9268292682926829,0.0,0.9473684210526315,0.0,0.9268292682926829,0.0,0.027777777777777776,0.0,0.027777777777777776,0.0,0.09523809523809523,0.0,0.0,0.0,0.6491228070175439,0.0,0.027777777777777776,0.0,4f74cc68180f098debff229949cca250ec495c8503110f91d1f56153f99cccf6
locked,breast_cancer_wisconsin,mean_ensemble,distribution_shift,40,1715,0.9686523034006204,0.01651880797302998,0.03134769659937961,0.01651880797302998,0.9809210526315789,0.02464252736885271,0.938187917710944,0.027897946112476545,0.9589039934136325,0.022918255665549336,0.9686523034006204,0.01651880797302998,0.9589039934136325,0.022918255665549336,0.010615079365079366,0.013705923537291389,0.010615079365079366,0.013705923537291389,0.06181208228905597,0.02789794611247655,0.0,0.0,0.5814113610900636,0.11727177847474562,0.0,0.0,7f28380e67bd683ec2ab6a3ce46ebb13ad8338613c4a17de5f3604f032f79cd5
locked,breast_cancer_wisconsin,mean_ensemble,feature_noise,40,2280,0.9399122807017544,0.03086111523202154,0.06008771929824565,0.03086111523202154,0.9389795016196618,0.05497412712435799,0.8976190476190476,0.04460712855998855,0.916971028908068,0.04196754493848676,0.9399122807017544,0.03086111523202154,0.916971028908068,0.04196754493848676,0.035416666666666666,0.034013602489606824,0.035416666666666666,0.034013602489606824,0.10238095238095238,0.04460712855998856,0.0,0.0,0.6469298245614035,0.022599426364891668,0.07777777777777778,0.03685138655950444,a325f59e390372804c85c36b24d22383ff35e28471e1720e2d8cc180a967d75f
locked,breast_cancer_wisconsin,mean_ensemble,label_noise,40,2280,0.9473684210526315,0.0,0.052631578947368474,0.0,0.95,0.0,0.9047619047619048,0.0,0.9268292682926829,0.0,0.6,0.3132745863475296,0.5467304832459801,0.31638064563359297,0.027777777777777776,0.0,0.027777777777777776,0.0,0.09523809523809523,0.0,0.0,0.0,0.6491228070175439,0.0,0.027777777777777776,0.0,149d4408647dff0f52d778e25a7240bc3e57f888a19bcbbb2542db56004f73f1
locked,breast_cancer_wisconsin,mean_ensemble,missing_features,40,2280,0.8798245614035087,0.10143249145700978,0.12017543859649125,0.10143249145700978,0.8373198775124084,0.31805239854208306,0.7083333333333334,0.2914479257501008,0.761212724106651,0.297307306999076,0.8798245614035087,0.10143249145700978,0.761212724106651,0.297307306999076,0.020138888888888887,0.018620955108044335,0.020138888888888887,0.018620955108044335,0.2916666666666667,0.2914479257501008,0.0,0.0,0.7263157894736842,0.11422386533795108,0.0,0.0,773cad0f17cd9f2843bfb9c3afd7419e6043334fb9ea1c44ff5e5ad0638c05ad
locked,breast_cancer_wisconsin,mean_ensemble,random_feature_deletion,40,2280,0.8859649122807017,0.10445596944985401,0.11403508771929828,0.10445596944985401,0.833260810504425,0.31606575454791774,0.7285714285714285,0.29950828940031216,0.7714713912231527,0.30216541163598787,0.8859649122807017,0.10445596944985401,0.7714713912231527,0.30216541163598787,0.02222222222222222,0.016666666666666666,0.02222222222222222,0.016666666666666666,0.2714285714285714,0.29950828940031216,0.0,0.0,0.7175438596491228,0.11688740494817489,0.008333333333333333,0.017786456215091246,bc4ce224b6650da12ac56b7ef5d9f9570f2ca47094dc0f1647bcabe8f942989b
locked,breast_cancer_wisconsin,mean_ensemble,specialist_failure,40,2280,0.8004385964912281,0.24979793311172188,0.19956140350877194,0.24979793311172185,0.7882362155388472,0.2432279697088619,0.9404761904761905,0.039483628456611894,0.8278499955329224,0.16809614004308554,0.8004385964912281,0.24979793311172188,0.8278499955329224,0.16809614004308554,0.28125,0.4151447901145566,0.28125,0.4151447901145566,0.05952380952380952,0.0394836284566119,0.0,0.0,0.4758771929824561,0.2748061657738175,1.0,0.0,e0239d5219868e016b5302264582201682c315a718879665ed37579a549165c6
locked,breast_cancer_wisconsin,mean_ensemble,synthetic_sensor_failure,40,2280,0.9013157894736842,0.10264938367077588,0.09868421052631583,0.10264938367077588,0.8380952380952381,0.3190542820910494,0.7678571428571428,0.29105864710470597,0.8007124988832306,0.3030424312619584,0.9013157894736842,0.10264938367077588,0.8007124988832306,0.3030424312619584,0.020833333333333332,0.023032116599690275,0.020833333333333332,0.023032116599690275,0.23214285714285715,0.29105864710470597,0.0,0.0,0.7039473684210527,0.11350670433866257,0.027777777777777776,0.027777777777777776,34e2aae8ebc7668ad312c41d3ec693d80f237cb954689ab223b76a630e3e12fc
locked,breast_cancer_wisconsin,pure_mavs_gc,adversarial_confidence_inflation,40,2280,0.9394736842105262,0.012374329806724451,0.06052631578947373,0.012374329806724451,0.9487792397660818,0.001937217255211377,0.8833333333333333,0.03358746661825211,0.91458411507192,0.01930327044205139,0.9394736842105262,0.012374329806724451,0.91458411507192,0.01930327044205139,0.027777777777777776,0.0,0.027777777777777776,0.0,0.11666666666666665,0.033587466618252106,0.0,0.0,0.6570175438596492,0.012374329806724451,0.027777777777777776,0.0,2480b3bbd097ed38a841fe0932aa4216b02422b651253548d4a53dab06e09f72
locked,breast_cancer_wisconsin,pure_mavs_gc,confidence_distortion,40,2280,0.9495614035087718,0.005802086208474997,0.050438596491228116,0.005802086208474997,0.98125,0.024206145913796377,0.8809523809523809,0.023809523809523836,0.9278494371482175,0.00855041834045997,0.9495614035087718,0.005802086208474997,0.9278494371482175,0.00855041834045997,0.010416666666666666,0.013447858840997974,0.010416666666666666,0.013447858840997974,0.11904761904761904,0.023809523809523808,0.0,0.0,0.668859649122807,0.016263593173455403,0.0,0.0,4f102e94d501c3575dd6bc90413596335d4e5cca27001b25519a7187f358a0af
locked,breast_cancer_wisconsin,pure_mavs_gc,distribution_shift,40,1715,0.9686523034006204,0.01651880797302998,0.03134769659937961,0.01651880797302998,0.9809210526315789,0.02464252736885271,0.938187917710944,0.027897946112476545,0.9589039934136325,0.022918255665549336,0.9686523034006204,0.01651880797302998,0.9589039934136325,0.022918255665549336,0.010615079365079366,0.013705923537291389,0.010615079365079366,0.013705923537291389,0.06181208228905597,0.02789794611247655,0.0,0.0,0.5814113610900636,0.11727177847474562,0.0,0.0,31bf431b29c39438864907b1fd8ab3e3809888426f898d0f6b1aa49aa4c897f9
locked,breast_cancer_wisconsin,pure_mavs_gc,feature_noise,40,2280,0.9368421052631579,0.030081452981547793,0.06315789473684214,0.030081452981547793,0.9580579358936557,0.0466974841484433,0.8678571428571429,0.0568319917251429,0.9096463742516374,0.043893124088597114,0.9368421052631579,0.030081452981547793,0.9096463742516374,0.043893124088597114,0.022916666666666665,0.026269833776913522,0.022916666666666665,0.026269833776913522,0.13214285714285715,0.0568319917251429,0.0,0.0,0.6657894736842105,0.022857568808412946,0.049999999999999996,0.032394177193585,d51dcc62981f2ea978cf63c3820f5704bffd42110027c44ac8383eb00c706eec
locked,breast_cancer_wisconsin,pure_mavs_gc,label_noise,40,2280,0.9473684210526315,0.0,0.052631578947368474,0.0,0.95,0.0,0.9047619047619048,0.0,0.9268292682926829,0.0,0.6,0.3132745863475296,0.5467304832459801,0.31638064563359297,0.027777777777777776,0.0,0.027777777777777776,0.0,0.09523809523809523,0.0,0.0,0.0,0.6491228070175439,0.0,0.027777777777777776,0.0,91c1c116ff1d7dd21e5aea34c505c62ec7157c1f871513f156f64d70a4f83c65
locked,breast_cancer_wisconsin,pure_mavs_gc,missing_features,40,2280,0.8684210526315789,0.10438227916241065,0.13157894736842107,0.10438227916241065,0.8537259816207184,0.3236441689543879,0.6619047619047619,0.29504602046970796,0.7338738198636361,0.30007867125152543,0.8684210526315789,0.10438227916241065,0.7338738198636361,0.30007867125152543,0.01111111111111111,0.013608276348795433,0.01111111111111111,0.013608276348795433,0.33809523809523806,0.29504602046970796,0.0,0.0,0.7491228070175439,0.1135075517166443,0.0,0.0,4907e2ce981d2763daf3d9ef08673dc96490065eae82f92ca0129dad48dcbba9
locked,breast_cancer_wisconsin,pure_mavs_gc,random_feature_deletion,40,2280,0.8728070175438596,0.10770201015621644,0.12719298245614039,0.10770201015621644,0.8191944014447884,0.34492122931032165,0.6821428571428572,0.3064661241650877,0.7392076102011387,0.3180939240253967,0.8728070175438596,0.10770201015621644,0.7392076102011387,0.3180939240253967,0.01597222222222222,0.01373174995367027,0.01597222222222222,0.01373174995367027,0.31785714285714284,0.3064661241650877,0.0,0.0,0.7385964912280701,0.1185217245898564,0.0027777777777777775,0.008333333333333333,b08271546e78370f00b541719630241cd01b703e402b279c7e541ba0bd41cc39
locked,breast_cancer_wisconsin,pure_mavs_gc,specialist_failure,40,2280,0.8618421052631579,0.13315936827421285,0.13815789473684215,0.13315936827421285,0.7115131578947368,0.4107938936931364,0.6607142857142857,0.38202045213619146,0.6850609756097561,0.3956907181222355,0.8618421052631579,0.13315936827421285,0.6850609756097561,0.3956907181222355,0.020833333333333332,0.012028130608117202,0.020833333333333332,0.012028130608117202,0.3392857142857143,0.38202045213619146,0.0,0.0,0.743421052631579,0.14833058397443732,0.0,0.0,5712526cdf9e6b47821b20dc94cfbdd8c6cfa6d4ea8da185156389d7907e6e57
locked,breast_cancer_wisconsin,pure_mavs_gc,synthetic_sensor_failure,40,2280,0.8947368421052632,0.10078180081645664,0.10526315789473686,0.10078180081645664,0.8488970588235294,0.32177309881246624,0.7380952380952381,0.2837232211384044,0.7883504492939666,0.29913821106964517,0.8947368421052632,0.10078180081645664,0.7883504492939666,0.29913821106964517,0.013888888888888888,0.013888888888888888,0.013888888888888888,0.013888888888888888,0.2619047619047619,0.2837232211384044,0.0,0.0,0.7192982456140351,0.10885678636834084,0.013888888888888888,0.013888888888888888,8bbb0b5aaf18094749d1b10875a46fe00ebffe6cb8ecdea301f54a7fa34ed7a0
locked,breast_cancer_wisconsin,single_model,adversarial_confidence_inflation,40,2280,0.9649122807017544,0.0,0.03508771929824561,0.0,0.9523809523809523,0.0,0.9523809523809523,0.0,0.9523809523809523,0.0,0.9649122807017544,0.0,0.9523809523809523,0.0,0.027777777777777776,0.0,0.027777777777777776,0.0,0.047619047619047616,0.0,0.0,0.0,0.631578947368421,0.0,0.027777777777777776,0.0,572d955c2c05bb2c7c179e4a33340ce4d0f35e5d878779668c24374b52621f96
locked,breast_cancer_wisconsin,single_model,confidence_distortion,40,2280,0.9649122807017544,0.0,0.03508771929824561,0.0,0.9523809523809523,0.0,0.9523809523809523,0.0,0.9523809523809523,0.0,0.9649122807017544,0.0,0.9523809523809523,0.0,0.027777777777777776,0.0,0.027777777777777776,0.0,0.047619047619047616,0.0,0.0,0.0,0.631578947368421,0.0,0.027777777777777776,0.0,5e752a8a94b563f4a50f9d8395baba3b4ba147b36cb6f0255932e34587f45acf
locked,breast_cancer_wisconsin,single_model,distribution_shift,40,1715,0.9865201197438039,0.017409562703963495,0.01347988025619605,0.017409562703963495,0.981516290726817,0.023906198011234808,0.981516290726817,0.023906198011234808,0.981516290726817,0.023906198011234808,0.9865201197438039,0.017409562703963495,0.981516290726817,0.023906198011234808,0.010615079365079366,0.013705923537291389,0.010615079365079366,0.013705923537291389,0.018483709273182956,0.02390619801123478,0.0,0.0,0.5635435447468801,0.1145214948593512,0.0,0.0,e01774c18fdc48535b65282e4feaec06a120005da5a9f4d89eb26f616889ad3a
locked,breast_cancer_wisconsin,single_model,feature_noise,40,2280,0.943859649122807,0.030938933488681396,0.05614035087719299,0.030938933488681396,0.9181235904319428,0.051386703707009485,0.9333333333333333,0.047380354147934275,0.9247373695514988,0.0411114682577883,0.943859649122807,0.030938933488681396,0.9247373695514988,0.0411114682577883,0.049999999999999996,0.03524604872347089,0.049999999999999996,0.03524604872347089,0.06666666666666667,0.04738035414793428,0.0,0.0,0.6245614035087719,0.025362863675089404,0.08611111111111111,0.043832593994609724,a1bd2a8203e39e2567aa8806a06cd19207e62b4f7b3379ea031ad66edb79451a
locked,breast_cancer_wisconsin,single_model,label_noise,40,2280,0.9649122807017544,0.0,0.03508771929824561,0.0,0.9523809523809523,0.0,0.9523809523809523,0.0,0.9523809523809523,0.0,0.6035087719298246,0.329123929224137,0.5617687880012463,0.33030343205787077,0.027777777777777776,0.0,0.027777777777777776,0.0,0.047619047619047616,0.0,0.0,0.0,0.631578947368421,0.0,0.027777777777777776,0.0,de748e635f6aaeb0d2c1b7cc5efede3c542cde1b00bd9456844f2989ba6c15ba
locked,breast_cancer_wisconsin,single_model,missing_features,40,2280,0.8921052631578947,0.10523025801648529,0.10789473684210528,0.10523025801648529,0.8025618669994175,0.3064681615410089,0.7773809523809524,0.30236923486858136,0.7887768824995293,0.3028728530491451,0.8921052631578947,0.10523025801648529,0.7887768824995293,0.3028728530491451,0.04097222222222222,0.030421105713624316,0.04097222222222222,0.030421105713624316,0.2226190476190476,0.3023692348685814,0.0,0.0,0.6877192982456141,0.12035138867468419,0.030555555555555555,0.03390709893259362,49d4690fd22018aa3e774e20c6c86d15898f7cd2a83f74768dd61174d5dbcbfb
locked,breast_cancer_wisconsin,single_model,random_feature_deletion,40,2280,0.8951754385964912,0.10588177143838373,0.10482456140350879,0.10588177143838373,0.8063690919905164,0.3095620270770606,0.7857142857142857,0.3036064405580015,0.7942118087037461,0.30399557753945805,0.8951754385964912,0.10588177143838373,0.7942118087037461,0.30399557753945805,0.04097222222222222,0.043473553405248715,0.04097222222222222,0.043473553405248715,0.21428571428571427,0.3036064405580015,0.0,0.0,0.6846491228070175,0.12377360835396828,0.05555555555555555,0.07856742013183861,48099e185ab6c3a14c35c1e8b39a67c738158415eb8d056de2e413b2755805af
locked,breast_cancer_wisconsin,single_model,specialist_failure,40,2280,0.8157894736842105,0.25828827832167467,0.18421052631578946,0.25828827832167467,0.806390977443609,0.2528620539871857,0.9642857142857142,0.020619652471058087,0.8489010989010989,0.1792323637868893,0.8157894736842105,0.25828827832167467,0.8489010989010989,0.1792323637868893,0.2708333333333333,0.4209845712841021,0.2708333333333333,0.4209845712841021,0.03571428571428571,0.020619652471058063,0.0,0.0,0.47368421052631576,0.27348170645824377,1.0,0.0,5387fccd7722e602c731bc276f5f04c0fc1a7e31441a8130ea5a4c9a8862261d
locked,breast_cancer_wisconsin,single_model,synthetic_sensor_failure,40,2280,0.9057017543859649,0.1109354374556293,0.0942982456140351,0.1109354374556293,0.8026244588744589,0.31033157618381374,0.8214285714285714,0.31203196243050374,0.8115171650055371,0.31064431664768943,0.9057017543859649,0.1109354374556293,0.8115171650055371,0.31064431664768943,0.04513888888888889,0.04798706583710157,0.04513888888888889,0.04798706583710157,0.17857142857142858,0.31203196243050374,0.0,0.0,0.668859649122807,0.12633939228801822,0.08333333333333333,0.08333333333333333,acf688974c67e09a4236ba53afad37e0fab71d2730dd6550a0fbfd0f58f37b7d
locked,breast_cancer_wisconsin,static_weighted_ensemble,adversarial_confidence_inflation,40,2280,0.9649122807017544,0.0,0.03508771929824561,0.0,0.9523809523809523,0.0,0.9523809523809523,0.0,0.9523809523809523,0.0,0.9649122807017544,0.0,0.9523809523809523,0.0,0.027777777777777776,0.0,0.027777777777777776,0.0,0.047619047619047616,0.0,0.0,0.0,0.631578947368421,0.0,0.027777777777777776,0.0,3c87abe79acae912787e83f656c3d126f6525de707c6b22fca43383577baf738
locked,breast_cancer_wisconsin,static_weighted_ensemble,confidence_distortion,40,2280,0.9649122807017544,0.0,0.03508771929824561,0.0,0.9523809523809523,0.0,0.9523809523809523,0.0,0.9523809523809523,0.0,0.9649122807017544,0.0,0.9523809523809523,0.0,0.027777777777777776,0.0,0.027777777777777776,0.0,0.047619047619047616,0.0,0.0,0.0,0.631578947368421,0.0,0.027777777777777776,0.0,45cdef560d8275d7eea326c681209c4a44882237533a40b879465a7917f86d43
locked,breast_cancer_wisconsin,static_weighted_ensemble,distribution_shift,40,1715,0.9865201197438039,0.017409562703963495,0.01347988025619605,0.017409562703963495,0.981516290726817,0.023906198011234808,0.981516290726817,0.023906198011234808,0.981516290726817,0.023906198011234808,0.9865201197438039,0.017409562703963495,0.981516290726817,0.023906198011234808,0.010615079365079366,0.013705923537291389,0.010615079365079366,0.013705923537291389,0.018483709273182956,0.02390619801123478,0.0,0.0,0.5635435447468801,0.1145214948593512,0.0,0.0,8fc2837b1aae25d4d3f6e3015b953dd3896a18a9788d98071eb72f252d060795
locked,breast_cancer_wisconsin,static_weighted_ensemble,feature_noise,40,2280,0.9451754385964912,0.028609807468948124,0.05482456140350878,0.028609807468948124,0.9212439159492934,0.04807806516185084,0.9333333333333333,0.04492371967646001,0.9263510562523948,0.03777584301826572,0.9451754385964912,0.028609807468948124,0.9263510562523948,0.03777584301826572,0.04791666666666666,0.03344166424398474,0.04791666666666666,0.03344166424398474,0.06666666666666667,0.044923719676460014,0.0,0.0,0.6258771929824561,0.024930651738811073,0.08333333333333333,0.04479032082388083,79a033f3fa1350286102a18d3eb817b890c0dd3800e7d1ab4f26ed7ab7c5bb2d
locked,breast_cancer_wisconsin,static_weighted_ensemble,label_noise,40,2280,0.9649122807017544,0.0,0.03508771929824561,0.0,0.9523809523809523,0.0,0.9523809523809523,0.0,0.9523809523809523,0.0,0.6035087719298246,0.329123929224137,0.5617687880012463,0.33030343205787077,0.027777777777777776,0.0,0.027777777777777776,0.0,0.047619047619047616,0.0,0.0,0.0,0.631578947368421,0.0,0.027777777777777776,0.0,3bac53887f06b8917aa062746549f58bdc70b047d62ab7af39602aafbf1101e2
locked,breast_cancer_wisconsin,static_weighted_ensemble,missing_features,40,2280,0.8934210526315789,0.10477867306533378,0.10657894736842108,0.10477867306533378,0.8119577101175398,0.308773252205883,0.7702380952380952,0.3009598213365979,0.7892326745253126,0.30273803267121513,0.8934210526315789,0.10477867306533378,0.7892326745253126,0.30273803267121513,0.034722222222222224,0.023032116599690275,0.034722222222222224,0.023032116599690275,0.22976190476190475,0.3009598213365979,0.0,0.0,0.6942982456140351,0.11846246839129762,0.02222222222222222,0.027216552697590865,26718f5f43e27eda752aaee719ff1f1ccb5a7f15095261c735b9408551b54c56
locked,breast_cancer_wisconsin,static_weighted_ensemble,random_feature_deletion,40,2280,0.8947368421052632,0.10628162267270849,0.10526315789473686,0.10628162267270849,0.8104440258351451,0.3110181181142623,0.7797619047619048,0.30336127179402744,0.7927127498217127,0.30401482504972993,0.8947368421052632,0.10628162267270849,0.7927127498217127,0.30401482504972993,0.03819444444444444,0.042892837685228495,0.03819444444444444,0.042892837685228495,0.22023809523809523,0.30336127179402744,0.0,0.0,0.6885964912280702,0.12310427682750316,0.05277777777777778,0.07802539947326743,4d506771632a10f5aa878e3f80ed51b30900a957ef5c53311026bfe88dc9d834
locked,breast_cancer_wisconsin,static_weighted_ensemble,specialist_failure,40,2280,0.8157894736842105,0.25828827832167467,0.18421052631578946,0.25828827832167467,0.806390977443609,0.2528620539871857,0.9642857142857142,0.020619652471058087,0.8489010989010989,0.1792323637868893,0.8157894736842105,0.25828827832167467,0.8489010989010989,0.1792323637868893,0.2708333333333333,0.4209845712841021,0.2708333333333333,0.4209845712841021,0.03571428571428571,0.020619652471058063,0.0,0.0,0.47368421052631576,0.27348170645824377,1.0,0.0,2f5beffa4cdf62dfbb48999ba00188c51a5a8947d8cd54e9719c73a10b98328e
locked,breast_cancer_wisconsin,static_weighted_ensemble,synthetic_sensor_failure,40,2280,0.9057017543859649,0.1109354374556293,0.0942982456140351,0.1109354374556293,0.8026244588744589,0.31033157618381374,0.8214285714285714,0.31203196243050374,0.8115171650055371,0.31064431664768943,0.9057017543859649,0.1109354374556293,0.8115171650055371,0.31064431664768943,0.04513888888888889,0.04798706583710157,0.04513888888888889,0.04798706583710157,0.17857142857142858,0.31203196243050374,0.0,0.0,0.668859649122807,0.12633939228801822,0.08333333333333333,0.08333333333333333,c8f763f5cb7d5ca07c526b581e85cde7bd6dbd74482c0ddb4bffea57014c2475
locked,breast_cancer_wisconsin,veto_mavs,adversarial_confidence_inflation,40,2280,0.9473684210526315,0.0,0.052631578947368474,0.0,0.95,0.0,0.9047619047619048,0.0,0.9268292682926829,0.0,0.9473684210526315,0.0,0.9268292682926829,0.0,0.027777777777777776,0.0,0.027777777777777776,0.0,0.09523809523809523,0.0,0.0,0.0,0.6491228070175439,0.0,0.027777777777777776,0.0,144c0249ae1ed5f77943595e34aa5e2b53291c29392153c1c5ec77e588066fb3
locked,breast_cancer_wisconsin,veto_mavs,confidence_distortion,40,2280,0.9473684210526315,0.0,0.052631578947368474,0.0,0.95,0.0,0.9047619047619048,0.0,0.9268292682926829,0.0,0.9473684210526315,0.0,0.9268292682926829,0.0,0.027777777777777776,0.0,0.027777777777777776,0.0,0.09523809523809523,0.0,0.0,0.0,0.6491228070175439,0.0,0.027777777777777776,0.0,325601cce169879b576b012178abfe2d7d9b7205874aff8c29c718fb00072c0e
locked,breast_cancer_wisconsin,veto_mavs,distribution_shift,40,1715,0.9686523034006204,0.01651880797302998,0.03134769659937961,0.01651880797302998,0.9809210526315789,0.02464252736885271,0.938187917710944,0.027897946112476545,0.9589039934136325,0.022918255665549336,0.9686523034006204,0.01651880797302998,0.9589039934136325,0.022918255665549336,0.010615079365079366,0.013705923537291389,0.010615079365079366,0.013705923537291389,0.06181208228905597,0.02789794611247655,0.0,0.0,0.5814113610900636,0.11727177847474562,0.0,0.0,8828caf0ad29f2aa26436a592a78727d09ecc5f9048edce22864896880acf46d
locked,breast_cancer_wisconsin,veto_mavs,feature_noise,40,2280,0.9399122807017544,0.03086111523202154,0.06008771929824565,0.03086111523202154,0.9389795016196618,0.05497412712435799,0.8976190476190476,0.04460712855998855,0.916971028908068,0.04196754493848676,0.9399122807017544,0.03086111523202154,0.916971028908068,0.04196754493848676,0.035416666666666666,0.034013602489606824,0.035416666666666666,0.034013602489606824,0.10238095238095238,0.04460712855998856,0.0,0.0,0.6469298245614035,0.022599426364891668,0.07777777777777778,0.03685138655950444,9a993ed72f33858a6c4eb1fc543321ad17f7dc94d9f73084f253c67508a2bd01
locked,breast_cancer_wisconsin,veto_mavs,label_noise,40,2280,0.9473684210526315,0.0,0.052631578947368474,0.0,0.95,0.0,0.9047619047619048,0.0,0.9268292682926829,0.0,0.6,0.3132745863475296,0.5467304832459801,0.31638064563359297,0.027777777777777776,0.0,0.027777777777777776,0.0,0.09523809523809523,0.0,0.0,0.0,0.6491228070175439,0.0,0.027777777777777776,0.0,886c30da3bfb84c99c66d4c5c154b17bf634a66b0fd1fb7efbbd3f17b32e262d
locked,breast_cancer_wisconsin,veto_mavs,missing_features,40,2280,0.8798245614035087,0.10143249145700978,0.12017543859649125,0.10143249145700978,0.8373198775124084,0.31805239854208306,0.7083333333333334,0.2914479257501008,0.761212724106651,0.297307306999076,0.8798245614035087,0.10143249145700978,0.761212724106651,0.297307306999076,0.020138888888888887,0.018620955108044335,0.020138888888888887,0.018620955108044335,0.2916666666666667,0.2914479257501008,0.0,0.0,0.7263157894736842,0.11422386533795108,0.0,0.0,9a97b227c28b0d01df9625a452bd3ca3cea268f4752ea34b74dd2847de782338
locked,breast_cancer_wisconsin,veto_mavs,random_feature_deletion,40,2280,0.8859649122807017,0.10445596944985401,0.11403508771929828,0.10445596944985401,0.833260810504425,0.31606575454791774,0.7285714285714285,0.29950828940031216,0.7714713912231527,0.30216541163598787,0.8859649122807017,0.10445596944985401,0.7714713912231527,0.30216541163598787,0.02222222222222222,0.016666666666666666,0.02222222222222222,0.016666666666666666,0.2714285714285714,0.29950828940031216,0.0,0.0,0.7175438596491228,0.11688740494817489,0.008333333333333333,0.017786456215091246,ca4858b16ca159a11542db8c36848c29ad7c7e9000998a619279e296e4b3e204
locked,breast_cancer_wisconsin,veto_mavs,specialist_failure,40,2280,0.8004385964912281,0.24979793311172188,0.19956140350877194,0.24979793311172185,0.7882362155388472,0.2432279697088619,0.9404761904761905,0.039483628456611894,0.8278499955329224,0.16809614004308554,0.8004385964912281,0.24979793311172188,0.8278499955329224,0.16809614004308554,0.28125,0.4151447901145566,0.28125,0.4151447901145566,0.05952380952380952,0.0394836284566119,0.0,0.0,0.4758771929824561,0.2748061657738175,1.0,0.0,8af1269eae6afa2b29d193edffc5b5ad2b3fc56ddd3eb2fcb65ff7d8acb314c1
locked,breast_cancer_wisconsin,veto_mavs,synthetic_sensor_failure,40,2280,0.9013157894736842,0.10264938367077588,0.09868421052631583,0.10264938367077588,0.8380952380952381,0.3190542820910494,0.7678571428571428,0.29105864710470597,0.8007124988832306,0.3030424312619584,0.9013157894736842,0.10264938367077588,0.8007124988832306,0.3030424312619584,0.020833333333333332,0.023032116599690275,0.020833333333333332,0.023032116599690275,0.23214285714285715,0.29105864710470597,0.0,0.0,0.7039473684210527,0.11350670433866257,0.027777777777777776,0.027777777777777776,6c4b72e88c351fd4c714150c66954541602f2d0543558904f61c9ee0308fb0c9
locked,credit_card_fraud,mean_ensemble,adversarial_confidence_inflation,40,1139240,0.9993328885923949,0.0,0.0006671114076051143,0.0,0.9411764705882353,0.0,0.6530612244897959,0.0,0.7710843373493975,0.0,0.9993328885923949,0.0,0.7710843373493975,0.0,7.034327518289252e-05,0.0,7.034327518289252e-05,0.0,0.3469387755102041,0.0,0.0,0.0,0.9988062216916541,0.0,7.034327518289252e-05,0.0,0b14e6bd57992e769349a12ecb465048b35ec048f5022c3d78b1e2e67b94687e
locked,credit_card_fraud,mean_ensemble,confidence_distortion,40,1139240,0.9993328885923949,0.0,0.0006671114076051143,0.0,0.9411764705882353,0.0,0.6530612244897959,0.0,0.7710843373493975,0.0,0.9993328885923949,0.0,0.7710843373493975,0.0,7.034327518289252e-05,0.0,7.034327518289252e-05,0.0,0.3469387755102041,0.0,0.0,0.0,0.9988062216916541,0.0,7.034327518289252e-05,0.0,4c163275bc2890b9bf08729ace16a661e6eeba799f86469889f4d020f8961cca
locked,credit_card_fraud,mean_ensemble,distribution_shift,40,847680,0.9991450448506964,0.00017501575050855227,0.0008549551493035462,0.00017501575050855227,0.9411764705882353,0.0,0.6829676534645478,0.03904837362127083,0.7909304047432942,0.025643606587690538,0.9991450448506964,0.00017501575050855227,0.7909304047432942,0.025643606587690538,0.00010724209751652186,4.319828080229351e-05,0.00010724209751652186,4.319828080229351e-05,0.3170323465354521,0.03904837362127082,0.0,0.0,0.9981819674840512,0.0007303890269603443,0.0001741190916779006,2.735164469764083e-05,234f15fc5f08f45320ec6238c2d9dee95946a75f3251b914ca2b1c6cab22ee09
locked,credit_card_fraud,mean_ensemble,feature_noise,40,1139240,0.9992837330149924,8.375310165986829e-05,0.0007162669850075826,8.375310165986829e-05,0.9190222954928837,0.038425251012769286,0.6408163265306122,0.03220353844501937,0.7545889345453138,0.030848324716917813,0.9992837330149924,8.375310165986829e-05,0.7545889345453138,0.030848324716917813,9.848058525604952e-05,4.924029262802476e-05,9.848058525604952e-05,4.924029262802476e-05,0.35918367346938773,0.03220353844501939,0.0,0.0,0.9987991994663109,6.290675491439945e-05,0.00014420371412492966,3.672026768750193e-05,308c9b2ff43fe00fba4580aba9f1562c2877211fe59bcb557d9d223ab25ff7e8
locked,credit_card_fraud,mean_ensemble,label_noise,40,1139240,0.9993328885923949,0.0,0.0006671114076051143,0.0,0.9411764705882353,0.0,0.6530612244897959,0.0,0.7710843373493975,0.0,0.6061523471788209,0.348099495245526,0.10569813955028914,0.25182386754417546,7.034327518289252e-05,0.0,7.034327518289252e-05,0.0,0.3469387755102041,0.0,0.0,0.0,0.9988062216916541,0.0,7.034327518289252e-05,0.0,a0bb4e0ec03299baabf2055cb8081ad63597a9108217397f9c52d2a28a3ca097
locked,credit_card_fraud,mean_ensemble,missing_features,40,1139240,0.9987790105684491,0.00041047651503994527,0.001220989431550859,0.00041047651503994527,0.7117747979886138,0.3729054805719691,0.32040816326530613,0.25194784701929746,0.41592913238399265,0.29859568630718225,0.9987790105684491,0.00041047651503994527,0.41592913238399265,0.29859568630718225,5.187816544738323e-05,4.085628923568143e-05,5.187816544738323e-05,4.085628923568143e-05,0.6795918367346939,0.25194784701929746,0.0,0.0,0.9993969663986517,0.00045892858416296084,7.034327518289252e-06,1.4068655036578504e-05,976ae7d40bb5901acdd0c4db3b7476f6bf2ec8463948c76a5df329fb5551b826
locked,credit_card_fraud,mean_ensemble,random_feature_deletion,40,1139240,0.9987605772269232,0.00047251541532753946,0.0012394227730767927,0.00047251541532753946,0.49571476713601953,0.47193249284878724,0.2974489795918367,0.2920538474538181,0.36879223550820783,0.3560413544301838,0.9987605772269232,0.00047251541532753946,0.36879223550820783,0.3560413544301838,3.077518289251548e-05,3.6200740099604146e-05,3.077518289251548e-05,3.6200740099604146e-05,0.7025510204081633,0.2920538474538182,0.0,0.0,0.999457533092237,0.0005331778063515199,0.0,0.0,24322824f8a365ebd816cf3d8aadd9656d375d66f709c9b2738f5793fe48a234
locked,credit_card_fraud,mean_ensemble,specialist_failure,40,1139240,0.7499297777465679,0.4319788595507049,0.2500702222534321,0.4319788595507049,0.6909938367924677,0.39803079303928335,0.7525510204081632,0.1430164927592835,0.5825384049962453,0.33435003721744294,0.7499297777465679,0.4319788595507049,0.5825384049962453,0.33435003721744294,0.2500747397298818,0.432969551037861,0.2500747397298818,0.432969551037861,0.2474489795918367,0.14301649275928346,0.0,0.0,0.7490607773603455,0.4324704420422565,1.0,0.0,e201ca5acf24efa819eb3df0e292c4bff727b0af7515645e7cdeab6fc3c1d5e2
locked,credit_card_fraud,mean_ensemble,synthetic_sensor_failure,40,1139240,0.9987272216565429,0.0004522900540005118,0.001272778343457029,0.0004522900540005118,0.4782239819004525,0.47826461986597796,0.2729591836734694,0.27644164168556307,0.34638554216867473,0.34785788011251795,0.9987272216565429,0.0004522900540005118,0.34638554216867473,0.34785788011251795,2.1982273494653913e-05,2.4478423795503405e-05,2.1982273494653913e-05,2.4478423795503405e-05,0.7270408163265306,0.27644164168556307,0.0,0.0,0.9995084442259752,0.0004990228715126324,0.0,0.0,a9866150f0738170fc90b37168a289174765d449469ddb53b42bd7c7fdffeca7
locked,credit_card_fraud,pure_mavs_gc,adversarial_confidence_inflation,40,1139240,0.9993679997191109,0.0,0.0006320002808890557,0.0,0.9696969696969697,0.0,0.6530612244897959,0.0,0.7804878048780488,0.0,0.9993679997191109,0.0,0.7804878048780488,0.0,3.517163759144626e-05,0.0,3.517163759144626e-05,0.0,0.3469387755102041,0.0,0.0,0.0,0.9988413328183702,0.0,3.517163759144626e-05,0.0,5d615d94addd9383ec666c3ee17e0d44d446256934c2eae5df46189bb024fe91
locked,credit_card_fraud,pure_mavs_gc,confidence_distortion,40,1139240,0.9993679997191109,0.0,0.0006320002808890557,0.0,0.9696969696969697,0.0,0.6530612244897959,0.0,0.7804878048780488,0.0,0.9993679997191109,0.0,0.7804878048780488,0.0,3.517163759144626e-05,0.0,3.517163759144626e-05,0.0,0.3469387755102041,0.0,0.0,0.0,0.9988413328183702,0.0,3.517163759144626e-05,0.0,adea2e25dbce1395204137797ea53fbf22cb2e2e792f83bda207914f24e3e091
locked,credit_card_fraud,pure_mavs_gc,distribution_shift,40,847680,0.9991985163952831,0.0001538902403368395,0.0008014836047168378,0.0001538902403368395,0.9696969696969697,0.0,0.6829676534645478,0.03904837362127083,0.8008379278853706,0.026299525433158225,0.9991985163952831,0.0001538902403368395,0.8008379278853706,0.026299525433158225,5.362104875826093e-05,2.1599140401146754e-05,5.362104875826093e-05,2.1599140401146754e-05,0.3170323465354521,0.03904837362127082,0.0,0.0,0.998235439028638,0.0007089069967556166,8.70595458389503e-05,1.3675822348820415e-05,1ab01d21f7c44c3dba60e2e1d958eb9733a6fea172c9e31c68c080115822e9b1
locked,credit_card_fraud,pure_mavs_gc,feature_noise,40,1139240,0.9992951441311752,9.62799017157753e-05,0.0007048558688248552,9.62799017157753e-05,0.9598163720102639,0.01662460951605065,0.6158163265306122,0.05220811444268959,0.7491309465964423,0.04285749690399802,0.9992951441311752,9.62799017157753e-05,0.7491309465964423,0.04285749690399802,4.3964546989307826e-05,1.7140535918698937e-05,4.3964546989307826e-05,1.7140535918698937e-05,0.38418367346938775,0.05220811444268961,0.0,0.0,0.9988966328429479,8.632179577593322e-05,5.979178390545864e-05,2.252083651319938e-05,0a26e4df3b172d6e4c9703c9f93c56538eabc22330e965532f5edb61e8cafbde
locked,credit_card_fraud,pure_mavs_gc,label_noise,40,1139240,0.9993679997191109,0.0,0.0006320002808890557,0.0,0.9696969696969697,0.0,0.6530612244897959,0.0,0.7804878048780488,0.0,0.6061628805168358,0.348124613364471,0.1068302109924787,0.2549470624630938,3.517163759144626e-05,0.0,3.517163759144626e-05,0.0,0.3469387755102041,0.0,0.0,0.0,0.9988413328183702,0.0,3.517163759144626e-05,0.0,3afaff260c35a36b8dbb78afd7bb5f024f8120a36ba2c8f714a013cf4acce8e6
locked,credit_card_fraud,pure_mavs_gc,missing_features,40,1139240,0.9987474105544047,0.00041724573753476,0.001252589445595309,0.00041724573753476,0.7491552584706674,0.37993798893652453,0.288265306122449,0.2508290086629511,0.38175757124832366,0.30360943814707414,0.9987474105544047,0.00041724573753476,0.38175757124832366,0.30360943814707414,2.813731007315701e-05,2.8573573454684724e-05,2.813731007315701e-05,2.8573573454684724e-05,0.7117346938775511,0.25082900866295116,0.0,0.0,0.9994759664337629,0.0004471941648720468,0.0,0.0,4aec7035dbc6e83105440176cb08d6ce844878540231571dc7dbdf19e670687b
locked,credit_card_fraud,pure_mavs_gc,random_feature_deletion,40,1139240,0.998700010533338,0.00045836412714101045,0.0012999894666619826,0.00045836412714101045,0.5060962209619498,0.48159400538453445,0.25510204081632654,0.27791842429437047,0.3247381796352969,0.34360064287711345,0.998700010533338,0.00045836412714101045,0.3247381796352969,0.34360064287711345,1.8465109735509288e-05,2.222711145850545e-05,1.8465109735509288e-05,2.222711145850545e-05,0.7448979591836735,0.27791842429437047,0.0,0.0,0.9995426775745234,0.000498125769423984,0.0,0.0,f6cb83403d70ea42742b4b5fb93a927693fca38a0851e3d4e26519b4f6ed26c5
locked,credit_card_fraud,pure_mavs_gc,specialist_failure,40,1139240,0.9990607773603455,0.0004546687558888161,0.0009392226396545411,0.0004546687558888161,0.7121212121212122,0.4118871884566117,0.47959183673469385,0.2773934126340446,0.5731707317073171,0.33151895656263874,0.9990607773603455,0.0004546687558888161,0.5731707317073171,0.33151895656263874,4.3964546989307826e-05,3.832740348498763e-05,4.3964546989307826e-05,3.832740348498763e-05,0.5204081632653061,0.27739341263404466,0.0,0.0,0.9991309996137776,0.0005017176069113731,0.0,0.0,8efaf4df0280823fc59982fd99b28b20fb75190696840e92f163c99231e44ea3
locked,credit_card_fraud,pure_mavs_gc,synthetic_sensor_failure,40,1139240,0.998718443874864,0.00044723637522759975,0.0012815561251360436,0.00044723637522759975,0.4812121212121212,0.4812212807310858,0.26530612244897955,0.26997462357801943,0.34080421885299933,0.34318659229355186,0.998718443874864,0.00044723637522759975,0.34080421885299933,0.34318659229355186,1.758581879572313e-05,1.758581879572313e-05,1.758581879572313e-05,1.758581879572313e-05,0.7346938775510204,0.26997462357801943,0.0,0.0,0.9995259997893333,0.00048173950121174113,0.0,0.0,e56388e69ee00edf4ad7ad13c2e17d8af2efdf79ca06e6546ba608da9ea533f9
locked,credit_card_fraud,single_model,adversarial_confidence_inflation,40,1139240,0.999403110845827,0.0,0.000596889154172997,0.0,0.9444444444444444,0.0,0.6938775510204082,0.0,0.7999999999999999,0.0,0.999403110845827,0.0,0.7999999999999999,0.0,7.034327518289252e-05,0.0,7.034327518289252e-05,0.0,0.30612244897959184,0.0,0.0,0.0,0.998735999438222,0.0,7.034327518289252e-05,0.0,b51df33d3572c1036c6acdc5fdc6b3ed15d9117697f11251a5358dc8e19197b9
locked,credit_card_fraud,single_model,confidence_distortion,40,1139240,0.999403110845827,0.0,0.000596889154172997,0.0,0.9444444444444444,0.0,0.6938775510204082,0.0,0.7999999999999999,0.0,0.999403110845827,0.0,0.7999999999999999,0.0,7.034327518289252e-05,0.0,7.034327518289252e-05,0.0,0.30612244897959184,0.0,0.0,0.0,0.998735999438222,0.0,7.034327518289252e-05,0.0,c3219bb23392d9116e365e164b224cf65691fd4a133bbc14d0fe1206064ae924
locked,credit_card_fraud,single_model,distribution_shift,40,847680,0.9992519879398699,0.00013287909714930658,0.0007480120601301016,0.00013287909714930658,0.9444444444444444,0.0,0.7256531318060822,0.04148889697260024,0.820073371750201,0.025928549643894502,0.9992519879398699,0.00013287909714930658,0.820073371750201,0.025928549643894502,0.00010724209751652186,4.319828080229351e-05,0.00010724209751652186,4.319828080229351e-05,0.2743468681939179,0.04148889697260025,0.0,0.0,0.9980750243948777,0.000773353087369762,0.0001741190916779006,2.735164469764083e-05,27dd2192b75e8ffefe7d8645fb9b042c645bbfdb63bdccfed208143e0d185453
locked,credit_card_fraud,single_model,feature_noise,40,1139240,0.9992424774411011,0.00011903850037277854,0.0007575225588989321,0.00011903850037277854,0.8670393645322854,0.05588595193019213,0.6632653061224489,0.032268139389473253,0.7510344005447233,0.037206081087023606,0.9992424774411011,0.00011903850037277854,0.7510344005447233,0.037206081087023606,0.00017849606077658975,8.225483587284996e-05,0.00017849606077658975,8.225483587284996e-05,0.336734693877551,0.03226813938947326,0.0,0.0,0.9986806994136442,7.402017613561938e-05,0.00027785593697242546,4.29324550356419e-05,e3efad12347439958d2268178b35b7d928a5cd854992062f77669e46817fee5c
locked,credit_card_fraud,single_model,label_noise,40,1139240,0.999403110845827,0.0,0.000596889154172997,0.0,0.9444444444444444,0.0,0.6938775510204082,0.0,0.7999999999999999,0.0,0.6061611249605,0.3481499486718972,0.10983095166588419,0.26121354729586305,7.034327518289252e-05,0.0,7.034327518289252e-05,0.0,0.30612244897959184,0.0,0.0,0.0,0.998735999438222,0.0,7.034327518289252e-05,0.0,ec0db87cf7beb49f0ab10dee5c3809bf0b469b41405abe36a4f89b12329ed6ca
locked,credit_card_fraud,single_model,missing_features,40,1139240,0.9988097328043257,0.00042828379086222305,0.0011902671956743106,0.00042828379086222305,0.7004309728728718,0.34472621394509184,0.3556122448979592,0.26784062145355164,0.4446167317856303,0.30363005821409916,0.9988097328043257,0.00042828379086222305,0.4446167317856303,0.30363005821409916,8.177405740011256e-05,6.16194142003622e-05,8.177405740011256e-05,6.16194142003622e-05,0.6443877551020408,0.26784062145355164,0.0,0.0,0.9993065552473579,0.0004988221102954296,1.0551491277433878e-05,2.2520836513199385e-05,436cb0f0b0bf4ba7aed66f5b4cbb3a4d29bc349ae0a4af517618a959a3e58514
locked,credit_card_fraud,single_model,random_feature_deletion,40,1139240,0.9987737438994417,0.00048367966588077423,0.001226256100558265,0.00048367966588077423,0.45393546321191264,0.4342921850933482,0.34183673469387754,0.32881059871792123,0.38888931706367086,0.372386225679925,0.9987737438994417,0.00048367966588077423,0.38888931706367086,0.372386225679925,9.408413055711873e-05,0.00011160762000170081,9.408413055711873e-05,0.00011160762000170081,0.6581632653061225,0.32881059871792123,0.0,0.0,0.9993179663635406,0.0006564413425779506,0.0,0.0,340959efadb2be1a9c5c3057410eea7b23a3ab2d2ae3b242db462baccdf25fb5
locked,credit_card_fraud,single_model,specialist_failure,40,1139240,0.5005617780274568,0.4988413328183701,0.4994382219725431,0.4988413328183701,0.4730824448267656,0.47136199961767883,0.846938775510204,0.15306122448979592,0.40171749036102344,0.3982825096389765,0.5005617780274568,0.4988413328183701,0.40171749036102344,0.3982825096389765,0.5000351716375915,0.4999648283624086,0.5000351716375915,0.4999648283624086,0.15306122448979592,0.15306122448979592,0.0,0.0,0.499367999719111,0.499367999719111,1.0,0.0,5fdaf6c4e999238d2c6f3b4391eca1743a2b6c38b8c76e303929b56695a37dd9
locked,credit_card_fraud,single_model,synthetic_sensor_failure,40,1139240,0.9987491661107405,0.00047560269803001816,0.0012508338892594922,0.00047560269803001816,0.42574786324786323,0.4274355550896996,0.33163265306122447,0.33186804832549827,0.3727272727272727,0.3733918686893245,0.9987491661107405,0.00047560269803001816,0.3727272727272727,0.3733918686893245,0.00010111845807540799,0.0001145611830050241,0.00010111845807540799,0.0001145611830050241,0.6683673469387755,0.33186804832549827,0.0,0.0,0.9993284997015555,0.0006722743624461679,0.0,0.0,1b9ad5828d14cac31832dbc71be0f893e642c9eba7142830f0b46f676e6a8667
locked,credit_card_fraud,static_weighted_ensemble,adversarial_confidence_inflation,40,1139240,0.999403110845827,0.0,0.000596889154172997,0.0,0.9444444444444444,0.0,0.6938775510204082,0.0,0.7999999999999999,0.0,0.999403110845827,0.0,0.7999999999999999,0.0,7.034327518289252e-05,0.0,7.034327518289252e-05,0.0,0.30612244897959184,0.0,0.0,0.0,0.998735999438222,0.0,7.034327518289252e-05,0.0,34d89416868c63e0d9d7fc64f52e3fb74dbe73d1d56ed9cf0a545be8abd0b60e
locked,credit_card_fraud,static_weighted_ensemble,confidence_distortion,40,1139240,0.999403110845827,0.0,0.000596889154172997,0.0,0.9444444444444444,0.0,0.6938775510204082,0.0,0.7999999999999999,0.0,0.999403110845827,0.0,0.7999999999999999,0.0,7.034327518289252e-05,0.0,7.034327518289252e-05,0.0,0.30612244897959184,0.0,0.0,0.0,0.998735999438222,0.0,7.034327518289252e-05,0.0,d939fb8bf86a873f7c23ca3cfed48cd73a707bb298778eb16564e2274af1bab6
locked,credit_card_fraud,static_weighted_ensemble,distribution_shift,40,847680,0.9992519879398699,0.00013287909714930658,0.0007480120601301016,0.00013287909714930658,0.9444444444444444,0.0,0.7256531318060822,0.04148889697260024,0.820073371750201,0.025928549643894502,0.9992519879398699,0.00013287909714930658,0.820073371750201,0.025928549643894502,0.00010724209751652186,4.319828080229351e-05,0.00010724209751652186,4.319828080229351e-05,0.2743468681939179,0.04148889697260025,0.0,0.0,0.9980750243948777,0.000773353087369762,0.0001741190916779006,2.735164469764083e-05,2e030101f09b1b14f13bdc4f5b71052c218af22c77571ca6fbd0ec6aef32e2bc
locked,credit_card_fraud,static_weighted_ensemble,feature_noise,40,1139240,0.9992503774446122,0.0001235268121361464,0.0007496225553878216,0.0001235268121361464,0.8732025636889055,0.05782727517596182,0.6622448979591836,0.033518505521748655,0.7527044932224539,0.038998455536434364,0.9992503774446122,0.0001235268121361464,0.7527044932224539,0.038998455536434364,0.00016882386043894204,8.293349832971015e-05,0.00016882386043894204,8.293349832971015e-05,0.3377551020408163,0.03351850552174866,0.0,0.0,0.998692110529827,7.141900076124204e-05,0.0002602701181767023,4.7709130438416355e-05,16ecf12116ed465d5006f3c0d0c0d1878d759956bf27345c941be0237cde59a0
locked,credit_card_fraud,static_weighted_ensemble,label_noise,40,1139240,0.999403110845827,0.0,0.000596889154172997,0.0,0.9444444444444444,0.0,0.6938775510204082,0.0,0.7999999999999999,0.0,0.6061611249605,0.3481499486718972,0.10983095166588419,0.26121354729586305,7.034327518289252e-05,0.0,7.034327518289252e-05,0.0,0.30612244897959184,0.0,0.0,0.0,0.998735999438222,0.0,7.034327518289252e-05,0.0,f55b95fadc96ef94d0757cd48ba24f09f8019e5b2c265e6626f1b1c1175da756
locked,credit_card_fraud,static_weighted_ensemble,missing_features,40,1139240,0.9988053439134862,0.00042725260595931466,0.001194656086513818,0.00042725260595931466,0.7040145680800329,0.3443945351923133,0.35,0.26743844827391655,0.43929223805905065,0.3044531832633914,0.9988053439134862,0.00042725260595931466,0.43929223805905065,0.3044531832633914,7.649831176139561e-05,5.9317933931918016e-05,7.649831176139561e-05,5.9317933931918016e-05,0.65,0.26743844827391655,0.0,0.0,0.9993214774762122,0.000497872031715262,7.034327518289252e-06,1.4068655036578504e-05,186a3dc8b25df1ed21fa189978803d0115b6cffb8b8e850d66ac6bc61b3c0b3c
locked,credit_card_fraud,static_weighted_ensemble,random_feature_deletion,40,1139240,0.9987754994557775,0.00048557479146188096,0.001224500544222465,0.00048557479146188096,0.4574838127618872,0.4374058055238334,0.3397959183673469,0.328550829624297,0.3880396409192332,0.3723039786141598,0.9987754994557775,0.00048557479146188096,0.3880396409192332,0.3723039786141598,8.880838491840179e-05,0.00010667723507568209,8.880838491840179e-05,0.00010667723507568209,0.6602040816326531,0.328550829624297,0.0,0.0,0.9993267441452196,0.0006526273299575308,0.0,0.0,5d51d443b18c573b949962f7e4ad0a17f6ff125c7ea893afa76ab366d4f0b8b5
locked,credit_card_fraud,static_weighted_ensemble,specialist_failure,40,1139240,0.7499648888732839,0.4319991319203957,0.25003511112671606,0.4319991319203957,0.7018190001911605,0.4043611377457547,0.7653061224489796,0.1357564764862252,0.5949763922393353,0.34166165434479295,0.7499648888732839,0.4319991319203957,0.5949763922393353,0.34166165434479295,0.25006155036578503,0.4329771660100534,0.25006155036578503,0.4329771660100534,0.2346938775510204,0.1357564764862252,0.0,0.0,0.7490519995786665,0.4324653735937706,1.0,0.0,2816b7ac2b078a2dcfcd222b7c93aca3f2834f5a40867f4de0bab4e83e3ea193
locked,credit_card_fraud,static_weighted_ensemble,synthetic_sensor_failure,40,1139240,0.9987491661107405,0.00047560269803001816,0.0012508338892594922,0.00047560269803001816,0.42574786324786323,0.4274355550896996,0.33163265306122447,0.33186804832549827,0.3727272727272727,0.3733918686893245,0.9987491661107405,0.00047560269803001816,0.3727272727272727,0.3733918686893245,0.00010111845807540799,0.0001145611830050241,0.00010111845807540799,0.0001145611830050241,0.6683673469387755,0.33186804832549827,0.0,0.0,0.9993284997015555,0.0006722743624461679,0.0,0.0,e49cb5dfbca353bc29cdfc2576afe65303a0f21a8c587891a1bbb55edcd31f27
locked,credit_card_fraud,veto_mavs,adversarial_confidence_inflation,40,1139240,0.9993328885923949,0.0,0.0006671114076051143,0.0,0.9411764705882353,0.0,0.6530612244897959,0.0,0.7710843373493975,0.0,0.9993328885923949,0.0,0.7710843373493975,0.0,7.034327518289252e-05,0.0,7.034327518289252e-05,0.0,0.3469387755102041,0.0,0.0,0.0,0.9988062216916541,0.0,7.034327518289252e-05,0.0,2f94bc8c7eaebe65b9739ff13db96439dd87b6b9b7579ecbe205f2c708203592
locked,credit_card_fraud,veto_mavs,confidence_distortion,40,1139240,0.9993328885923949,0.0,0.0006671114076051143,0.0,0.9411764705882353,0.0,0.6530612244897959,0.0,0.7710843373493975,0.0,0.9993328885923949,0.0,0.7710843373493975,0.0,7.034327518289252e-05,0.0,7.034327518289252e-05,0.0,0.3469387755102041,0.0,0.0,0.0,0.9988062216916541,0.0,7.034327518289252e-05,0.0,2b5244d771dd8b956e41dc93de3e4f21f2763b9b105e3eafe770398c1f036463
locked,credit_card_fraud,veto_mavs,distribution_shift,40,847680,0.9991450448506964,0.00017501575050855227,0.0008549551493035462,0.00017501575050855227,0.9411764705882353,0.0,0.6829676534645478,0.03904837362127083,0.7909304047432942,0.025643606587690538,0.9991450448506964,0.00017501575050855227,0.7909304047432942,0.025643606587690538,0.00010724209751652186,4.319828080229351e-05,0.00010724209751652186,4.319828080229351e-05,0.3170323465354521,0.03904837362127082,0.0,0.0,0.9981819674840512,0.0007303890269603443,0.0001741190916779006,2.735164469764083e-05,8abeebfa964fdbdca939d09e03a204861157120cc795078cf1fbbafe5b2bf8cc
locked,credit_card_fraud,veto_mavs,feature_noise,40,1139240,0.9992837330149924,8.375310165986829e-05,0.0007162669850075826,8.375310165986829e-05,0.9190222954928837,0.038425251012769286,0.6408163265306122,0.03220353844501937,0.7545889345453138,0.030848324716917813,0.9992837330149924,8.375310165986829e-05,0.7545889345453138,0.030848324716917813,9.848058525604952e-05,4.924029262802476e-05,9.848058525604952e-05,4.924029262802476e-05,0.35918367346938773,0.03220353844501939,0.0,0.0,0.9987991994663109,6.290675491439945e-05,0.00014420371412492966,3.672026768750193e-05,13d8d464ff8849729f053d95bc9785ddf3ed413b3dca90d93fd033a8215adc13
locked,credit_card_fraud,veto_mavs,label_noise,40,1139240,0.9993328885923949,0.0,0.0006671114076051143,0.0,0.9411764705882353,0.0,0.6530612244897959,0.0,0.7710843373493975,0.0,0.6061523471788209,0.348099495245526,0.10569813955028914,0.25182386754417546,7.034327518289252e-05,0.0,7.034327518289252e-05,0.0,0.3469387755102041,0.0,0.0,0.0,0.9988062216916541,0.0,7.034327518289252e-05,0.0,66160aac01f6c0f80375d50a296675861d6e1b803891edaeda46788311313f9c
locked,credit_card_fraud,veto_mavs,missing_features,40,1139240,0.9987790105684491,0.00041047651503994527,0.001220989431550859,0.00041047651503994527,0.7117747979886138,0.3729054805719691,0.32040816326530613,0.25194784701929746,0.41592913238399265,0.29859568630718225,0.9987790105684491,0.00041047651503994527,0.41592913238399265,0.29859568630718225,5.187816544738323e-05,4.085628923568143e-05,5.187816544738323e-05,4.085628923568143e-05,0.6795918367346939,0.25194784701929746,0.0,0.0,0.9993969663986517,0.00045892858416296084,7.034327518289252e-06,1.4068655036578504e-05,ff230211260be4d8decf3c3a9117e512dfccfba5d2bb18d39dca07f932d9c831
locked,credit_card_fraud,veto_mavs,random_feature_deletion,40,1139240,0.9987605772269232,0.00047251541532753946,0.0012394227730767927,0.00047251541532753946,0.49571476713601953,0.47193249284878724,0.2974489795918367,0.2920538474538181,0.36879223550820783,0.3560413544301838,0.9987605772269232,0.00047251541532753946,0.36879223550820783,0.3560413544301838,3.077518289251548e-05,3.6200740099604146e-05,3.077518289251548e-05,3.6200740099604146e-05,0.7025510204081633,0.2920538474538182,0.0,0.0,0.999457533092237,0.0005331778063515199,0.0,0.0,a11d879987fee22d93dd92863a0ae9fde08cbe31b404bef0d02a620cfab94b95
locked,credit_card_fraud,veto_mavs,specialist_failure,40,1139240,0.7499297777465679,0.4319788595507049,0.2500702222534321,0.4319788595507049,0.6909938367924677,0.39803079303928335,0.7525510204081632,0.1430164927592835,0.5825384049962453,0.33435003721744294,0.7499297777465679,0.4319788595507049,0.5825384049962453,0.33435003721744294,0.2500747397298818,0.432969551037861,0.2500747397298818,0.432969551037861,0.2474489795918367,0.14301649275928346,0.0,0.0,0.7490607773603455,0.4324704420422565,1.0,0.0,9a8e060cd8b75628551cf19171e1a261e9274af67b4299af66b6134e7a5c66a1
locked,credit_card_fraud,veto_mavs,synthetic_sensor_failure,40,1139240,0.9987272216565429,0.0004522900540005118,0.001272778343457029,0.0004522900540005118,0.4782239819004525,0.47826461986597796,0.2729591836734694,0.27644164168556307,0.34638554216867473,0.34785788011251795,0.9987272216565429,0.0004522900540005118,0.34638554216867473,0.34785788011251795,2.1982273494653913e-05,2.4478423795503405e-05,2.1982273494653913e-05,2.4478423795503405e-05,0.7270408163265306,0.27644164168556307,0.0,0.0,0.9995084442259752,0.0004990228715126324,0.0,0.0,2bd8eec66696363190c1e560551cc54f01474ecf11767f73e7883ba6f5f79bfe
